model,epoch,training_loss
dapi_channel,1,1.50439453125
dapi_channel,2,0.0015683174133300781
dapi_channel,3,1.2900390625
dapi_channel,4,0.66943359375
dapi_channel,5,0.1622314453125
dapi_channel,6,0.0296630859375
dapi_channel,7,1.150390625
dapi_channel,8,0.826171875
dapi_channel,9,0.20086669921875
dapi_channel,10,0.74609375
dapi_channel,11,0.888671875
dapi_channel,12,0.010575056076049805
dapi_channel,13,0.775390625
dapi_channel,14,0.826171875
dapi_channel,15,0.8203125
dapi_channel,16,0.552734375
dapi_channel,17,1.7880859375
dapi_channel,18,0.17230224609375
dapi_channel,19,0.00290679931640625
dapi_channel,20,1.357421875
dapi_channel,21,0.86328125
dapi_channel,22,0.644287109375
dapi_channel,23,0.146240234375
dapi_channel,24,1.05078125
dapi_channel,25,0.43145751953125
dapi_channel,26,0.58740234375
dapi_channel,27,0.88543701171875
dapi_channel,28,0.262939453125
dapi_channel,29,0.15040141344070435
dapi_channel,30,0.33251953125
dapi_channel,31,1.447265625
dapi_channel,32,1.24609375
dapi_channel,33,0.6298828125
dapi_channel,34,0.00019502639770507812
dapi_channel,35,0.5537109375
dapi_channel,36,0.22969722747802734
dapi_channel,37,0.5547909736633301
dapi_channel,38,0.896484375
dapi_channel,39,0.693359375
dapi_channel,40,0.4221172332763672
dapi_channel,41,0.320343017578125
dapi_channel,42,0.6447038650512695
dapi_channel,43,0.5400390625
dapi_channel,44,0.49609375
dapi_channel,45,0.0002803802490234375
dapi_channel,46,0.02508068084716797
dapi_channel,47,0.8439521789550781
dapi_channel,48,0.8134765625
dapi_channel,49,0.794921875
dapi_channel,50,0.36359214782714844
dapi_channel,51,0.2891364097595215
dapi_channel,52,0.7111377716064453
dapi_channel,53,0.19586181640625
dapi_channel,54,0.14046859741210938
dapi_channel,55,0.8505859375
dapi_channel,56,1.3906490802764893
dapi_channel,57,0.890625
dapi_channel,58,0.4649991989135742
dapi_channel,59,0.5392837524414062
dapi_channel,60,0.3732786178588867
dapi_channel,61,0.09587383270263672
dapi_channel,62,0.998046875
dapi_channel,63,0.83154296875
dapi_channel,64,0.3946099281311035
dapi_channel,65,0.5312724113464355
dapi_channel,66,0.5048828125
dapi_channel,67,0.578125
dapi_channel,68,0.74609375
dapi_channel,69,0.57421875
dapi_channel,70,0.13478147983551025
dapi_channel,71,0.14654922485351562
dapi_channel,72,0.45900917053222656
dapi_channel,73,0.5742936134338379
dapi_channel,74,0.8750274181365967
dapi_channel,75,0.6455078125
dapi_channel,76,0.9814453125
dapi_channel,77,0.15640830993652344
dapi_channel,78,0.62890625
dapi_channel,79,1.69921875
dapi_channel,80,0.25394487380981445
dapi_channel,81,0.16606998443603516
dapi_channel,82,0.010209083557128906
dapi_channel,83,0.181610107421875
dapi_channel,84,0.3672201633453369
dapi_channel,85,0.50921630859375
dapi_channel,86,0.2851775884628296
dapi_channel,87,0.30080676078796387
dapi_channel,88,1.640625
dapi_channel,89,0.5118446350097656
dapi_channel,90,0.4677734375
dapi_channel,91,0.65234375
dapi_channel,92,0.560546875
dapi_channel,93,0.2773776054382324
dapi_channel,94,0.8907346725463867
dapi_channel,95,0.759521484375
dapi_channel,96,1.08203125
dapi_channel,97,0.861328125
dapi_channel,98,0.400390625
dapi_channel,99,0.7939453125
dapi_channel,100,0.751953125
dapi_channel,101,0.00030517578125
dapi_channel,102,0.11107921600341797
dapi_channel,103,0.4515380859375
dapi_channel,104,0.8632949590682983
dapi_channel,105,0.3984375
dapi_channel,106,0.2353729009628296
dapi_channel,107,0.1845703125
dapi_channel,108,0.63427734375
dapi_channel,109,1.228515625
dapi_channel,110,0.8046875
dapi_channel,111,0.70751953125
dapi_channel,112,1.82421875
dapi_channel,113,0.2357330322265625
dapi_channel,114,0.9921875
dapi_channel,115,0.2540922164916992
dapi_channel,116,0.572265625
dapi_channel,117,0.207763671875
dapi_channel,118,0.14278411865234375
dapi_channel,119,0.765625
dapi_channel,120,0.0006587505340576172
dapi_channel,121,0.4818115234375
dapi_channel,122,0.775390625
dapi_channel,123,0.59765625
dapi_channel,124,0.80859375
dapi_channel,125,0.63623046875
dapi_channel,126,0.24221789836883545
dapi_channel,127,0.91015625
dapi_channel,128,0.6446337699890137
dapi_channel,129,0.009566068649291992
dapi_channel,130,0.4140735864639282
dapi_channel,131,1.10938960313797
dapi_channel,132,0.74609375
dapi_channel,133,0.20705437660217285
dapi_channel,134,0.27931058406829834
dapi_channel,135,0.3320586681365967
dapi_channel,136,0.16409289836883545
dapi_channel,137,0.14064228534698486
dapi_channel,138,0.7587890625
dapi_channel,139,0.62890625
dapi_channel,140,0.5859622955322266
dapi_channel,141,0.48046875
dapi_channel,142,1.287109375
dapi_channel,143,0.681640625
dapi_channel,144,0.4023700952529907
dapi_channel,145,1.0107421875
dapi_channel,146,0.4443359375
dapi_channel,147,0.0938720703125
dapi_channel,148,0.69921875
dapi_channel,149,0.60784912109375
dapi_channel,150,0.4181632995605469
dapi_channel,151,0.47463059425354004
dapi_channel,152,0.50390625
dapi_channel,153,0.09893798828125
dapi_channel,154,0.6718955039978027
dapi_channel,155,0.656262218952179
dapi_channel,156,0.32470703125
dapi_channel,157,0.861328125
dapi_channel,158,0.18380165100097656
dapi_channel,159,0.62109375
dapi_channel,160,3.546476364135742e-05
dapi_channel,161,0.419677734375
dapi_channel,162,0.62890625
dapi_channel,163,0.2734493613243103
dapi_channel,164,0.00012481212615966797
dapi_channel,165,0.607421875
dapi_channel,166,0.515625
dapi_channel,167,0.593761682510376
dapi_channel,168,5.459785461425781e-05
dapi_channel,169,0.6953125
dapi_channel,170,0.7500405311584473
dapi_channel,171,0.3602294921875
dapi_channel,172,0.609375
dapi_channel,173,0.54638671875
dapi_channel,174,0.2392578125
dapi_channel,175,1.07421875
dapi_channel,176,0.8516125679016113
dapi_channel,177,0.304706335067749
dapi_channel,178,0.947265625
dapi_channel,179,0.517578125
dapi_channel,180,0.7900390625
dapi_channel,181,0.21193921566009521
dapi_channel,182,0.0002512931823730469
dapi_channel,183,0.857421875
dapi_channel,184,0.91796875
dapi_channel,185,0.6132967472076416
dapi_channel,186,1.1875290870666504
dapi_channel,187,0.613297700881958
dapi_channel,188,1.09765625
dapi_channel,189,1.52734375
dapi_channel,190,6.99758529663086e-05
dapi_channel,191,0.744140625
dapi_channel,192,0.4912109375
dapi_channel,193,0.4199385643005371
dapi_channel,194,0.2773638963699341
dapi_channel,195,1.3984375
dapi_channel,196,1.013671875
dapi_channel,197,3.439188003540039e-05
dapi_channel,198,0.3984562158584595
dapi_channel,199,0.7568359375
dapi_channel,200,0.6220703125
dapi_channel,201,0.5937850475311279
dapi_channel,202,0.339111328125
dapi_channel,203,0.6494140625
dapi_channel,204,0.306640625
dapi_channel,205,0.2656443119049072
dapi_channel,206,0.1396602988243103
dapi_channel,207,0.65576171875
dapi_channel,208,1.17919921875
dapi_channel,209,0.6259765625
dapi_channel,210,0.3896484375
dapi_channel,211,0.5547177791595459
dapi_channel,212,4.2378902435302734e-05
dapi_channel,213,0.41797906160354614
dapi_channel,214,0.07911449670791626
dapi_channel,215,0.4853515625
dapi_channel,216,0.294952392578125
dapi_channel,217,5.8650970458984375e-05
dapi_channel,218,0.72265625
dapi_channel,219,1.0547194480895996
dapi_channel,220,0.517578125
dapi_channel,221,1.0625174045562744
dapi_channel,222,0.40626776218414307
dapi_channel,223,0.029531478881835938
dapi_channel,224,0.5478515625
dapi_channel,225,0.4941573143005371
dapi_channel,226,1.3515625
dapi_channel,227,4.1425228118896484e-05
dapi_channel,228,1.11328125
dapi_channel,229,0.5302734375
dapi_channel,230,0.2294921875
dapi_channel,231,0.578125
dapi_channel,232,1.12890625
dapi_channel,233,0.98046875
dapi_channel,234,0.3486328125
dapi_channel,235,0.5576171875
dapi_channel,236,0.7227106094360352
dapi_channel,237,0.1992795467376709
dapi_channel,238,0.64453125
dapi_channel,239,0.07374429702758789
dapi_channel,240,1.3671875
dapi_channel,241,6.324052810668945e-05
dapi_channel,242,0.8281355500221252
dapi_channel,243,0.5703125
dapi_channel,244,0.236328125
dapi_channel,245,0.10939717292785645
dapi_channel,246,0.97265625
dapi_channel,247,0.3857421875
dapi_channel,248,0.3437618613243103
dapi_channel,249,0.39892578125
dapi_channel,250,0.3945430517196655
dapi_channel,251,0.5400390625
dapi_channel,252,0.19142436981201172
dapi_channel,253,0.20751953125
dapi_channel,254,0.5312660932540894
dapi_channel,255,0.2324446439743042
dapi_channel,256,0.4141268730163574
dapi_channel,257,0.3974609375
dapi_channel,258,0.822265625
dapi_channel,259,0.515625
dapi_channel,260,0.19534265995025635
dapi_channel,261,0.4453125
dapi_channel,262,0.177734375
dapi_channel,263,1.375
dapi_channel,264,0.136962890625
dapi_channel,265,0.43380069732666016
dapi_channel,266,0.012192010879516602
dapi_channel,267,0.48829424381256104
dapi_channel,268,1.013671875
dapi_channel,269,0.490234375
dapi_channel,270,0.5664206743240356
dapi_channel,271,0.31298828125
dapi_channel,272,0.31839728355407715
dapi_channel,273,0.13380801677703857
dapi_channel,274,0.2617356777191162
dapi_channel,275,0.27930718660354614
dapi_channel,276,0.5859514474868774
dapi_channel,277,0.3857421875
dapi_channel,278,1.1328125
dapi_channel,279,0.484375
dapi_channel,280,0.48832225799560547
dapi_channel,281,0.08917236328125
dapi_channel,282,1.18359375
dapi_channel,283,0.3398878574371338
dapi_channel,284,0.6767578125
dapi_channel,285,0.6093870401382446
dapi_channel,286,0.833984375
dapi_channel,287,0.37501055002212524
dapi_channel,288,0.5908203125
dapi_channel,289,0.1485118865966797
dapi_channel,290,0.17384207248687744
dapi_channel,291,0.11627864837646484
dapi_channel,292,0.09148788452148438
dapi_channel,293,0.146881103515625
dapi_channel,294,0.5312727689743042
dapi_channel,295,0.3857421875
dapi_channel,296,0.763671875
dapi_channel,297,0.822265625
dapi_channel,298,9.655952453613281e-05
dapi_channel,299,1.0781407356262207
dapi_channel,300,1.18359375
dapi_channel,301,0.7314453125
dapi_channel,302,1.0302734375
dapi_channel,303,1.0331573486328125
dapi_channel,304,0.47072267532348633
dapi_channel,305,0.1309814453125
dapi_channel,306,1.2500495910644531
dapi_channel,307,0.32815515995025635
dapi_channel,308,0.1484527587890625
dapi_channel,309,0.37697839736938477
dapi_channel,310,0.669921875
dapi_channel,311,0.31057071685791016
dapi_channel,312,0.98828125
dapi_channel,313,0.34378862380981445
dapi_channel,314,1.26953125
dapi_channel,315,0.37114906311035156
dapi_channel,316,0.572265625
dapi_channel,317,0.7412109375
dapi_channel,318,3.135204315185547e-05
dapi_channel,319,1.2109375
dapi_channel,320,0.17970263957977295
dapi_channel,321,1.79296875
dapi_channel,322,0.703157901763916
dapi_channel,323,0.26953125
dapi_channel,324,0.20947265625
dapi_channel,325,0.6455078125
dapi_channel,326,0.7744140625
dapi_channel,327,0.6494140625
dapi_channel,328,0.04824066162109375
dapi_channel,329,0.572265625
dapi_channel,330,3.075599670410156e-05
dapi_channel,331,0.04840087890625
dapi_channel,332,0.4863497018814087
dapi_channel,333,0.82080078125
dapi_channel,334,0.3935546875
dapi_channel,335,0.75390625
dapi_channel,336,0.6064453125
dapi_channel,337,0.37451171875
dapi_channel,338,0.395751953125
dapi_channel,339,0.3525390625
dapi_channel,340,0.9453237056732178
dapi_channel,341,0.5078125
dapi_channel,342,0.1888427734375
dapi_channel,343,0.5273573398590088
dapi_channel,344,0.5391130447387695
dapi_channel,345,0.4961109161376953
dapi_channel,346,0.30224609375
dapi_channel,347,0.4990234375
dapi_channel,348,0.11183810234069824
dapi_channel,349,0.24755859375
dapi_channel,350,0.88037109375
dapi_channel,351,0.03468042612075806
dapi_channel,352,0.18167924880981445
dapi_channel,353,0.5781688690185547
dapi_channel,354,0.3164280652999878
dapi_channel,355,0.14066004753112793
dapi_channel,356,0.861328125
dapi_channel,357,0.32424092292785645
dapi_channel,358,0.37353515625
dapi_channel,359,0.35159194469451904
dapi_channel,360,0.609375
dapi_channel,361,0.375
dapi_channel,362,0.6787109375
dapi_channel,363,0.552734375
dapi_channel,364,0.5703792572021484
dapi_channel,365,0.009810447692871094
dapi_channel,366,0.1256103515625
dapi_channel,367,0.710950493812561
dapi_channel,368,0.3603515625
dapi_channel,369,0.3427734375
dapi_channel,370,0.4531416893005371
dapi_channel,371,0.08929252624511719
dapi_channel,372,0.007613062858581543
dapi_channel,373,0.9140625
dapi_channel,374,3.612041473388672e-05
dapi_channel,375,0.21877586841583252
dapi_channel,376,0.5547263622283936
dapi_channel,377,0.66015625
dapi_channel,378,0.06105458736419678
dapi_channel,379,0.5976723432540894
dapi_channel,380,0.19928550720214844
dapi_channel,381,0.8046875
dapi_channel,382,0.5322265625
dapi_channel,383,0.970703125
dapi_channel,384,0.31103515625
dapi_channel,385,0.08060765266418457
dapi_channel,386,0.59765625
dapi_channel,387,0.291015625
dapi_channel,388,0.4453444480895996
dapi_channel,389,0.720703125
dapi_channel,390,0.7315673828125
dapi_channel,391,0.7187744379043579
dapi_channel,392,0.896484375
dapi_channel,393,0.755859375
dapi_channel,394,0.26759129762649536
dapi_channel,395,0.853515625
dapi_channel,396,0.11428213119506836
dapi_channel,397,0.000725865364074707
dapi_channel,398,1.783203125
dapi_channel,399,0.13603973388671875
dapi_channel,400,0.14259850978851318
dapi_channel,401,0.728515625
dapi_channel,402,0.03126823902130127
dapi_channel,403,0.35939204692840576
dapi_channel,404,0.83203125
dapi_channel,405,0.3730957508087158
dapi_channel,406,0.427734375
dapi_channel,407,3.993511199951172e-05
dapi_channel,408,6.556510925292969e-05
dapi_channel,409,0.548828125
dapi_channel,410,0.333984375
dapi_channel,411,0.5810546875
dapi_channel,412,0.1465073823928833
dapi_channel,413,0.1054997444152832
dapi_channel,414,0.88671875
dapi_channel,415,0.3369140625
dapi_channel,416,1.2177734375
dapi_channel,417,0.6259765625
dapi_channel,418,0.14066815376281738
dapi_channel,419,0.5234851837158203
dapi_channel,420,0.26025390625
dapi_channel,421,0.033242225646972656
dapi_channel,422,0.0851287841796875
dapi_channel,423,0.74853515625
dapi_channel,424,0.9638671875
dapi_channel,425,0.4043174982070923
dapi_channel,426,0.45703125
dapi_channel,427,0.3828434944152832
dapi_channel,428,0.49609375
dapi_channel,429,0.755859375
dapi_channel,430,0.6015810966491699
dapi_channel,431,0.4345703125
dapi_channel,432,0.69384765625
dapi_channel,433,0.34375
dapi_channel,434,0.90411376953125
dapi_channel,435,0.6328525543212891
dapi_channel,436,0.5615234375
dapi_channel,437,0.7109375
dapi_channel,438,0.6289608478546143
dapi_channel,439,3.30805778503418e-05
dapi_channel,440,0.1235806941986084
dapi_channel,441,0.44337570667266846
dapi_channel,442,0.40283203125
dapi_channel,443,0.3917236328125
dapi_channel,444,0.37891995906829834
dapi_channel,445,0.42189347743988037
dapi_channel,446,0.191619873046875
dapi_channel,447,0.5078305006027222
dapi_channel,448,0.0754241943359375
dapi_channel,449,0.91552734375
dapi_channel,450,0.4687739610671997
dapi_channel,451,0.474609375
dapi_channel,452,0.5400390625
dapi_channel,453,0.685546875
dapi_channel,454,0.5976698994636536
dapi_channel,455,0.7003173828125
dapi_channel,456,0.65234375
dapi_channel,457,0.9462890625
dapi_channel,458,0.6396484375
dapi_channel,459,0.3359593152999878
dapi_channel,460,0.343017578125
dapi_channel,461,0.365234375
dapi_channel,462,1.15625
dapi_channel,463,0.423828125
dapi_channel,464,0.31058740615844727
dapi_channel,465,0.62353515625
dapi_channel,466,0.6875886917114258
dapi_channel,467,0.5312787294387817
dapi_channel,468,0.81640625
dapi_channel,469,0.269775390625
dapi_channel,470,0.611328125
dapi_channel,471,0.2900390625
dapi_channel,472,0.3574526309967041
dapi_channel,473,0.6523675918579102
dapi_channel,474,1.1005859375
dapi_channel,475,0.008332967758178711
dapi_channel,476,0.662109375
dapi_channel,477,0.65478515625
dapi_channel,478,0.48828125
dapi_channel,479,0.9130859375
dapi_channel,480,0.5234375
dapi_channel,481,0.472900390625
dapi_channel,482,0.31447136402130127
dapi_channel,483,0.91015625
dapi_channel,484,0.298844575881958
dapi_channel,485,0.44923877716064453
dapi_channel,486,0.28322064876556396
dapi_channel,487,0.27347755432128906
dapi_channel,488,0.23537945747375488
dapi_channel,489,0.98828125
dapi_channel,490,0.927734375
dapi_channel,491,0.75
dapi_channel,492,0.2111835479736328
dapi_channel,493,0.458984375
dapi_channel,494,0.49267578125
dapi_channel,495,0.3564453125
dapi_channel,496,0.7109739780426025
dapi_channel,497,0.4423828125
dapi_channel,498,0.04274880886077881
dapi_channel,499,0.552734375
dapi_channel,500,0.44338059425354004
dapi_Keyence4,1,1.1080729166666667
dapi_Keyence4,2,0.8277994791666666
dapi_Keyence4,3,1.6673177083333333
dapi_Keyence4,4,0.578125
dapi_Keyence4,5,1.599609375
dapi_Keyence4,6,0.8743489583333334
dapi_Keyence4,7,0.9765625
dapi_Keyence4,8,0.986328125
dapi_Keyence4,9,0.810546875
dapi_Keyence4,10,0.5559895833333334
dapi_Keyence4,11,0.5443328221638998
dapi_Keyence4,12,0.9225260416666666
dapi_Keyence4,13,1.2545572916666667
dapi_Keyence4,14,0.7545572916666666
dapi_Keyence4,15,0.62109375
dapi_Keyence4,16,0.6341145833333334
dapi_Keyence4,17,0.6510416666666666
dapi_Keyence4,18,0.6881510416666666
dapi_Keyence4,19,0.4521484375
dapi_Keyence4,20,0.7421875
dapi_Keyence4,21,0.5138727823893229
dapi_Keyence4,22,0.5891927083333334
dapi_Keyence4,23,0.6279296875
dapi_Keyence4,24,1.0432942708333333
dapi_Keyence4,25,0.60546875
dapi_Keyence4,26,0.5615234375
dapi_Keyence4,27,0.5953776041666666
dapi_Keyence4,28,0.6608072916666666
dapi_Keyence4,29,0.5458984375
dapi_Keyence4,30,0.84765625
dapi_Keyence4,31,0.4856770833333333
dapi_Keyence4,32,0.513671875
dapi_Keyence4,33,0.4817708333333333
dapi_Keyence4,34,0.4602864583333333
dapi_Keyence4,35,0.4753011067708333
dapi_Keyence4,36,0.45654296875
dapi_Keyence4,37,0.7626953125
dapi_Keyence4,38,0.3776041666666667
dapi_Keyence4,39,0.8522135416666666
dapi_Keyence4,40,0.568359375
dapi_Keyence4,41,0.6647135416666666
dapi_Keyence4,42,0.5436197916666666
dapi_Keyence4,43,0.5751953125
dapi_Keyence4,44,0.5589192708333334
dapi_Keyence4,45,0.6622721354166666
dapi_Keyence4,46,0.4606119791666667
dapi_Keyence4,47,0.6904296875
dapi_Keyence4,48,0.5882161458333334
dapi_Keyence4,49,0.5735677083333334
dapi_Keyence4,50,0.5774739583333334
dapi_Keyence4,51,0.5930989583333334
dapi_Keyence4,52,0.5849609375
dapi_Keyence4,53,0.7389322916666666
dapi_Keyence4,54,0.5152994791666666
dapi_Keyence4,55,0.58251953125
dapi_Keyence4,56,0.5537109375
dapi_Keyence4,57,0.7239583333333334
dapi_Keyence4,58,0.4104817708333333
dapi_Keyence4,59,0.5966796875
dapi_Keyence4,60,0.4462890625
dapi_Keyence4,61,0.583984375
dapi_Keyence4,62,0.525390625
dapi_Keyence4,63,0.5406901041666666
dapi_Keyence4,64,0.4444580078125
dapi_Keyence4,65,0.5071614583333334
dapi_Keyence4,66,0.4661458333333333
dapi_Keyence4,67,0.5393880208333334
dapi_Keyence4,68,0.599609375
dapi_Keyence4,69,0.5524088541666666
dapi_Keyence4,70,0.5520833333333334
dapi_Keyence4,71,0.4684244791666667
dapi_Keyence4,72,0.39652268091837567
dapi_Keyence4,73,0.5960286458333334
dapi_Keyence4,74,0.406494140625
dapi_Keyence4,75,0.6097005208333334
dapi_Keyence4,76,0.5413411458333334
dapi_Keyence4,77,0.5078125
dapi_Keyence4,78,0.3313802083333333
dapi_Keyence4,79,0.3846028645833333
dapi_Keyence4,80,0.5345052083333334
dapi_Keyence4,81,0.7727864583333334
dapi_Keyence4,82,0.4212239583333333
dapi_Keyence4,83,0.4407552083333333
dapi_Keyence4,84,0.39794921875
dapi_Keyence4,85,0.5113932291666666
dapi_Keyence4,86,0.59375
dapi_Keyence4,87,0.447265625
dapi_Keyence4,88,0.5501302083333334
dapi_Keyence4,89,0.6044921875
dapi_Keyence4,90,0.5771484375
dapi_Keyence4,91,0.3609619140625
dapi_Keyence4,92,0.5296223958333334
dapi_Keyence4,93,0.5501302083333334
dapi_Keyence4,94,0.5099690755208334
dapi_Keyence4,95,0.6708984375
dapi_Keyence4,96,0.5283203125
dapi_Keyence4,97,0.5826822916666666
dapi_Keyence4,98,0.5628255208333334
dapi_Keyence4,99,0.5299479166666666
dapi_Keyence4,100,0.5305989583333334
dapi_Keyence4,101,0.5403645833333334
dapi_Keyence4,102,0.4541015625
dapi_Keyence4,103,0.4326171875
dapi_Keyence4,104,0.5045572916666666
dapi_Keyence4,105,0.5266927083333334
dapi_Keyence4,106,0.5826822916666666
dapi_Keyence4,107,0.478515625
dapi_Keyence4,108,0.5657552083333334
dapi_Keyence4,109,0.4733072916666667
dapi_Keyence4,110,0.5305989583333334
dapi_Keyence4,111,0.5651041666666666
dapi_Keyence4,112,0.5390625
dapi_Keyence4,113,0.5289713541666666
dapi_Keyence4,114,0.43438720703125
dapi_Keyence4,115,0.5647786458333334
dapi_Keyence4,116,0.53515625
dapi_Keyence4,117,0.6165364583333334
dapi_Keyence4,118,0.689453125
dapi_Keyence4,119,0.3688151041666667
dapi_Keyence4,120,0.47265625
dapi_Keyence4,121,0.5162760416666666
dapi_Keyence4,122,0.4615885416666667
dapi_Keyence4,123,0.5123697916666666
dapi_Keyence4,124,0.39233843485514325
dapi_Keyence4,125,0.5458984375
dapi_Keyence4,126,0.4977213541666667
dapi_Keyence4,127,0.4401041666666667
dapi_Keyence4,128,0.5084635416666666
dapi_Keyence4,129,0.4063049952189128
dapi_Keyence4,130,0.5849609375
dapi_Keyence4,131,0.4254557291666667
dapi_Keyence4,132,0.4488932291666667
dapi_Keyence4,133,0.5615234375
dapi_Keyence4,134,0.4219563802083333
dapi_Keyence4,135,0.6292317708333334
dapi_Keyence4,136,0.4075988133748372
dapi_Keyence4,137,0.5576171875
dapi_Keyence4,138,0.419921875
dapi_Keyence4,139,0.4928385416666667
dapi_Keyence4,140,0.6067708333333334
dapi_Keyence4,141,0.5657552083333334
dapi_Keyence4,142,0.5100911458333334
dapi_Keyence4,143,0.4912109375
dapi_Keyence4,144,0.701171875
dapi_Keyence4,145,0.4361979166666667
dapi_Keyence4,146,0.5348307291666666
dapi_Keyence4,147,0.4615885416666667
dapi_Keyence4,148,0.5550130208333334
dapi_Keyence4,149,0.5263671875
dapi_Keyence4,150,0.5143229166666666
dapi_Keyence4,151,0.5423177083333334
dapi_Keyence4,152,0.5794270833333334
dapi_Keyence4,153,0.46484375
dapi_Keyence4,154,0.4599609375
dapi_Keyence4,155,0.4593098958333333
dapi_Keyence4,156,0.4202473958333333
dapi_Keyence4,157,0.6731770833333334
dapi_Keyence4,158,0.5472005208333334
dapi_Keyence4,159,0.447265625
dapi_Keyence4,160,0.486328125
dapi_Keyence4,161,0.6744791666666666
dapi_Keyence4,162,0.4964192708333333
dapi_Keyence4,163,0.4015057881673177
dapi_Keyence4,164,0.5362955729166666
dapi_Keyence4,165,0.5250651041666666
dapi_Keyence4,166,0.451171875
dapi_Keyence4,167,0.4742838541666667
dapi_Keyence4,168,0.5003255208333334
dapi_Keyence4,169,0.427490234375
dapi_Keyence4,170,0.443359375
dapi_Keyence4,171,0.38037109375
dapi_Keyence4,172,0.5149739583333334
dapi_Keyence4,173,0.45458984375
dapi_Keyence4,174,0.4835611979166667
dapi_Keyence4,175,0.55078125
dapi_Keyence4,176,0.4228719075520833
dapi_Keyence4,177,0.3203125
dapi_Keyence4,178,0.40625
dapi_Keyence4,179,0.6236979166666666
dapi_Keyence4,180,0.6002604166666666
dapi_Keyence4,181,0.4957682291666667
dapi_Keyence4,182,0.4558919270833333
dapi_Keyence4,183,0.4671223958333333
dapi_Keyence4,184,0.396484375
dapi_Keyence4,185,0.5026041666666666
dapi_Keyence4,186,0.5146484375
dapi_Keyence4,187,0.4954427083333333
dapi_Keyence4,188,0.5533854166666666
dapi_Keyence4,189,0.6236979166666666
dapi_Keyence4,190,0.5712890625
dapi_Keyence4,191,0.5764973958333334
dapi_Keyence4,192,0.5442708333333334
dapi_Keyence4,193,0.5335286458333334
dapi_Keyence4,194,0.4429524739583333
dapi_Keyence4,195,0.57421875
dapi_Keyence4,196,0.6048177083333334
dapi_Keyence4,197,0.4518229166666667
dapi_Keyence4,198,0.55078125
dapi_Keyence4,199,0.5654296875
dapi_Keyence4,200,0.5205078125
dapi_Keyence4,201,0.494140625
dapi_Keyence4,202,0.33837890625
dapi_Keyence4,203,0.4729817708333333
dapi_Keyence4,204,0.3903643290201823
dapi_Keyence4,205,0.3658854166666667
dapi_Keyence4,206,0.4716796875
dapi_Keyence4,207,0.5286458333333334
dapi_Keyence4,208,0.5498046875
dapi_Keyence4,209,0.4680989583333333
dapi_Keyence4,210,0.499359130859375
dapi_Keyence4,211,0.44580078125
dapi_Keyence4,212,0.546875
dapi_Keyence4,213,0.55859375
dapi_Keyence4,214,0.4925130208333333
dapi_Keyence4,215,0.48828125
dapi_Keyence4,216,0.4873046875
dapi_Keyence4,217,0.4977213541666667
dapi_Keyence4,218,0.5403645833333334
dapi_Keyence4,219,0.4716796875
dapi_Keyence4,220,0.4586588541666667
dapi_Keyence4,221,0.5091145833333334
dapi_Keyence4,222,0.525390625
dapi_Keyence4,223,0.5403645833333334
dapi_Keyence4,224,0.4580078125
dapi_Keyence4,225,0.5354817708333334
dapi_Keyence4,226,0.4501953125
dapi_Keyence4,227,0.29330233732859295
dapi_Keyence4,228,0.4117838541666667
dapi_Keyence4,229,0.5120442708333334
dapi_Keyence4,230,0.4423828125
dapi_Keyence4,231,0.3438313802083333
dapi_Keyence4,232,0.4147135416666667
dapi_Keyence4,233,0.5540364583333334
dapi_Keyence4,234,0.50390625
dapi_Keyence4,235,0.4033203125
dapi_Keyence4,236,0.5693359375
dapi_Keyence4,237,0.3401692708333333
dapi_Keyence4,238,0.4248046875
dapi_Keyence4,239,0.3995361328125
dapi_Keyence4,240,0.4983723958333333
dapi_Keyence4,241,0.3956705729166667
dapi_Keyence4,242,0.5162760416666666
dapi_Keyence4,243,0.3564453125
dapi_Keyence4,244,0.3527018229166667
dapi_Keyence4,245,0.6959635416666666
dapi_Keyence4,246,0.3697916666666667
dapi_Keyence4,247,0.46875
dapi_Keyence4,248,0.51953125
dapi_Keyence4,249,0.3763020833333333
dapi_Keyence4,250,0.4951171875
dapi_Keyence4,251,0.5947265625
dapi_Keyence4,252,0.431640625
dapi_Keyence4,253,0.4236653645833333
dapi_Keyence4,254,0.5201822916666666
dapi_Keyence4,255,0.404296875
dapi_Keyence4,256,0.5299479166666666
dapi_Keyence4,257,0.515625
dapi_Keyence4,258,0.4563802083333333
dapi_Keyence4,259,0.48828125
dapi_Keyence4,260,0.6067708333333334
dapi_Keyence4,261,0.5680338541666666
dapi_Keyence4,262,0.4122721354166667
dapi_Keyence4,263,0.6259765625
dapi_Keyence4,264,0.375
dapi_Keyence4,265,0.5709635416666666
dapi_Keyence4,266,0.5657552083333334
dapi_Keyence4,267,0.5631510416666666
dapi_Keyence4,268,0.3474934895833333
dapi_Keyence4,269,0.40691391626993817
dapi_Keyence4,270,0.5185546875
dapi_Keyence4,271,0.4495442708333333
dapi_Keyence4,272,0.541015625
dapi_Keyence4,273,0.5244140625
dapi_Keyence4,274,0.5517578125
dapi_Keyence4,275,0.5983072916666666
dapi_Keyence4,276,0.4596354166666667
dapi_Keyence4,277,0.4117838541666667
dapi_Keyence4,278,0.7141927083333334
dapi_Keyence4,279,0.485107421875
dapi_Keyence4,280,0.4430338541666667
dapi_Keyence4,281,0.4524739583333333
dapi_Keyence4,282,0.4908854166666667
dapi_Keyence4,283,0.4798177083333333
dapi_Keyence4,284,0.4850260416666667
dapi_Keyence4,285,0.5123697916666666
dapi_Keyence4,286,0.4768880208333333
dapi_Keyence4,287,0.3291015625
dapi_Keyence4,288,0.4329427083333333
dapi_Keyence4,289,0.3889973958333333
dapi_Keyence4,290,0.572265625
dapi_Keyence4,291,0.5182291666666666
dapi_Keyence4,292,0.4296875
dapi_Keyence4,293,0.4342447916666667
dapi_Keyence4,294,0.4928385416666667
dapi_Keyence4,295,0.5904947916666666
dapi_Keyence4,296,0.419921875
dapi_Keyence4,297,0.4563802083333333
dapi_Keyence4,298,0.564453125
dapi_Keyence4,299,0.38671875
dapi_Keyence4,300,0.4297281901041667
dapi_Keyence4,301,0.5390625
dapi_Keyence4,302,0.4951171875
dapi_Keyence4,303,0.5244140625
dapi_Keyence4,304,0.537109375
dapi_Keyence4,305,0.4680989583333333
dapi_Keyence4,306,0.3532692591349284
dapi_Keyence4,307,0.41162109375
dapi_Keyence4,308,0.4720052083333333
dapi_Keyence4,309,0.5472005208333334
dapi_Keyence4,310,0.6171875
dapi_Keyence4,311,0.4290364583333333
dapi_Keyence4,312,0.6311848958333334
dapi_Keyence4,313,0.411789337793986
dapi_Keyence4,314,0.70703125
dapi_Keyence4,315,0.4921875
dapi_Keyence4,316,0.3281453450520833
dapi_Keyence4,317,0.5397135416666666
dapi_Keyence4,318,0.4186197916666667
dapi_Keyence4,319,0.5647786458333334
dapi_Keyence4,320,0.4547526041666667
dapi_Keyence4,321,0.501953125
dapi_Keyence4,322,0.482421875
dapi_Keyence4,323,0.4541015625
dapi_Keyence4,324,0.42486572265625
dapi_Keyence4,325,0.5345052083333334
dapi_Keyence4,326,0.4075520833333333
dapi_Keyence4,327,0.3496907552083333
dapi_Keyence4,328,0.3837890625
dapi_Keyence4,329,0.4324544270833333
dapi_Keyence4,330,0.4427083333333333
dapi_Keyence4,331,0.3492838541666667
dapi_Keyence4,332,0.3889973958333333
dapi_Keyence4,333,0.4866536458333333
dapi_Keyence4,334,0.5247395833333334
dapi_Keyence4,335,0.3785807291666667
dapi_Keyence4,336,0.5305989583333334
dapi_Keyence4,337,0.4079793294270833
dapi_Keyence4,338,0.4352213541666667
dapi_Keyence4,339,0.3772786458333333
dapi_Keyence4,340,0.5162760416666666
dapi_Keyence4,341,0.4612630208333333
dapi_Keyence4,342,0.3986002604166667
dapi_Keyence4,343,0.4817708333333333
dapi_Keyence4,344,0.28713130950927734
dapi_Keyence4,345,0.4560546875
dapi_Keyence4,346,0.4703776041666667
dapi_Keyence4,347,0.5169270833333334
dapi_Keyence4,348,0.4718424479166667
dapi_Keyence4,349,0.4860026041666667
dapi_Keyence4,350,0.5403645833333334
dapi_Keyence4,351,0.537109375
dapi_Keyence4,352,0.4833984375
dapi_Keyence4,353,0.3883631229400635
dapi_Keyence4,354,0.3984375
dapi_Keyence4,355,0.4977213541666667
dapi_Keyence4,356,0.4697265625
dapi_Keyence4,357,0.5328776041666666
dapi_Keyence4,358,0.4407552083333333
dapi_Keyence4,359,0.5602213541666666
dapi_Keyence4,360,0.5231119791666666
dapi_Keyence4,361,0.552734375
dapi_Keyence4,362,0.5146484375
dapi_Keyence4,363,0.3955078125
dapi_Keyence4,364,0.45849609375
dapi_Keyence4,365,0.4541015625
dapi_Keyence4,366,0.4554036458333333
dapi_Keyence4,367,0.5091145833333334
dapi_Keyence4,368,0.4814453125
dapi_Keyence4,369,0.4244791666666667
dapi_Keyence4,370,0.4694010416666667
dapi_Keyence4,371,0.5013020833333334
dapi_Keyence4,372,0.4567057291666667
dapi_Keyence4,373,0.4407552083333333
dapi_Keyence4,374,0.5309244791666666
dapi_Keyence4,375,0.41064453125
dapi_Keyence4,376,0.48681640625
dapi_Keyence4,377,0.4375
dapi_Keyence4,378,0.4160607655843099
dapi_Keyence4,379,0.4586588541666667
dapi_Keyence4,380,0.4541015625
dapi_Keyence4,381,0.4768880208333333
dapi_Keyence4,382,0.4329427083333333
dapi_Keyence4,383,0.4073893229166667
dapi_Keyence4,384,0.3740234375
dapi_Keyence4,385,0.32959747314453125
dapi_Keyence4,386,0.548828125
dapi_Keyence4,387,0.521484375
dapi_Keyence4,388,0.638671875
dapi_Keyence4,389,0.4658203125
dapi_Keyence4,390,0.4912109375
dapi_Keyence4,391,0.3916015625
dapi_Keyence4,392,0.4270833333333333
dapi_Keyence4,393,0.4840494791666667
dapi_Keyence4,394,0.5872395833333334
dapi_Keyence4,395,0.4677734375
dapi_Keyence4,396,0.44921875
dapi_Keyence4,397,0.4934895833333333
dapi_Keyence4,398,0.4951171875
dapi_Keyence4,399,0.4567057291666667
dapi_Keyence4,400,0.48046875
dapi_Keyence4,401,0.5068359375
dapi_Keyence4,402,0.4873046875
dapi_Keyence4,403,0.3717507521311442
dapi_Keyence4,404,0.4645182291666667
dapi_Keyence4,405,0.4153645833333333
dapi_Keyence4,406,0.4557291666666667
dapi_Keyence4,407,0.4583333333333333
dapi_Keyence4,408,0.3942057291666667
dapi_Keyence4,409,0.4599609375
dapi_Keyence4,410,0.5110677083333334
dapi_Keyence4,411,0.5914713541666666
dapi_Keyence4,412,0.5397135416666666
dapi_Keyence4,413,0.5065104166666666
dapi_Keyence4,414,0.4127604166666667
dapi_Keyence4,415,0.4456380208333333
dapi_Keyence4,416,0.4912109375
dapi_Keyence4,417,0.4973958333333333
dapi_Keyence4,418,0.4635416666666667
dapi_Keyence4,419,0.6236979166666666
dapi_Keyence4,420,0.5201822916666666
dapi_Keyence4,421,0.5
dapi_Keyence4,422,0.44921875
dapi_Keyence4,423,0.5262044270833334
dapi_Keyence4,424,0.5166015625
dapi_Keyence4,425,0.4876302083333333
dapi_Keyence4,426,0.4912109375
dapi_Keyence4,427,0.4772135416666667
dapi_Keyence4,428,0.5198567708333334
dapi_Keyence4,429,0.4283854166666667
dapi_Keyence4,430,0.52734375
dapi_Keyence4,431,0.4322916666666667
dapi_Keyence4,432,0.4873046875
dapi_Keyence4,433,0.6328125
dapi_Keyence4,434,0.4866536458333333
dapi_Keyence4,435,0.4664713541666667
dapi_Keyence4,436,0.41162109375
dapi_Keyence4,437,0.5231119791666666
dapi_Keyence4,438,0.4641927083333333
dapi_Keyence4,439,0.5139973958333334
dapi_Keyence4,440,0.4010302225748698
dapi_Keyence4,441,0.4099934895833333
dapi_Keyence4,442,0.5094401041666666
dapi_Keyence4,443,0.5100911458333334
dapi_Keyence4,444,0.3961588541666667
dapi_Keyence4,445,0.5494791666666666
dapi_Keyence4,446,0.34773000081380206
dapi_Keyence4,447,0.4033203125
dapi_Keyence4,448,0.5260416666666666
dapi_Keyence4,449,0.4152018229166667
dapi_Keyence4,450,0.4293619791666667
dapi_Keyence4,451,0.4453125
dapi_Keyence4,452,0.5260416666666666
dapi_Keyence4,453,0.5201822916666666
dapi_Keyence4,454,0.4384765625
dapi_Keyence4,455,0.3335682551066081
dapi_Keyence4,456,0.3447265625
dapi_Keyence4,457,0.578125
dapi_Keyence4,458,0.4137369791666667
dapi_Keyence4,459,0.44189453125
dapi_Keyence4,460,0.478515625
dapi_Keyence4,461,0.4524739583333333
dapi_Keyence4,462,0.5543619791666666
dapi_Keyence4,463,0.4417317708333333
dapi_Keyence4,464,0.5533854166666666
dapi_Keyence4,465,0.4847005208333333
dapi_Keyence4,466,0.5003255208333334
dapi_Keyence4,467,0.42236328125
dapi_Keyence4,468,0.49609375
dapi_Keyence4,469,0.4876302083333333
dapi_Keyence4,470,0.5325520833333334
dapi_Keyence4,471,0.6165364583333334
dapi_Keyence4,472,0.4353841145833333
dapi_Keyence4,473,0.498046875
dapi_Keyence4,474,0.4720052083333333
dapi_Keyence4,475,0.5159505208333334
dapi_Keyence4,476,0.3406168619791667
dapi_Keyence4,477,0.4254557291666667
dapi_Keyence4,478,0.4078776041666667
dapi_Keyence4,479,0.4449869791666667
dapi_Keyence4,480,0.4983723958333333
dapi_Keyence4,481,0.5387369791666666
dapi_Keyence4,482,0.3528645833333333
dapi_Keyence4,483,0.4931640625
dapi_Keyence4,484,0.5328776041666666
dapi_Keyence4,485,0.4729817708333333
dapi_Keyence4,486,0.4353841145833333
dapi_Keyence4,487,0.4251302083333333
dapi_Keyence4,488,0.4602864583333333
dapi_Keyence4,489,0.39599609375
dapi_Keyence4,490,0.431640625
dapi_Keyence4,491,0.4329497416814168
dapi_Keyence4,492,0.4820963541666667
dapi_Keyence4,493,0.4287109375
dapi_Keyence4,494,0.41357421875
dapi_Keyence4,495,0.5400390625
dapi_Keyence4,496,0.5188802083333334
dapi_Keyence4,497,0.4108072916666667
dapi_Keyence4,498,0.45703125
dapi_Keyence4,499,0.4430338541666667
dapi_Keyence4,500,0.4150390625
dapi_Keyence4,501,0.46484375
dapi_Keyence4,502,0.35302734375
dapi_Keyence4,503,0.4876302083333333
dapi_Keyence4,504,0.6028645833333334
dapi_Keyence4,505,0.6005859375
dapi_Keyence4,506,0.4270833333333333
dapi_Keyence4,507,0.4690755208333333
dapi_Keyence4,508,0.5654296875
dapi_Keyence4,509,0.48046875
dapi_Keyence4,510,0.4986979166666667
dapi_Keyence4,511,0.4404296875
dapi_Keyence4,512,0.5768229166666666
dapi_Keyence4,513,0.4466145833333333
dapi_Keyence4,514,0.4599609375
dapi_Keyence4,515,0.4645182291666667
dapi_Keyence4,516,0.34147894382476807
dapi_Keyence4,517,0.5172526041666666
dapi_Keyence4,518,0.3574943542480469
dapi_Keyence4,519,0.3999226888020833
dapi_Keyence4,520,0.3212890625
dapi_Keyence4,521,0.4934895833333333
dapi_Keyence4,522,0.453125
dapi_Keyence4,523,0.41796875
dapi_Keyence4,524,0.4095052083333333
dapi_Keyence4,525,0.4934895833333333
dapi_Keyence4,526,0.4612630208333333
dapi_Keyence4,527,0.4016927083333333
dapi_Keyence4,528,0.4443359375
dapi_Keyence4,529,0.5888671875
dapi_Keyence4,530,0.5364583333333334
dapi_Keyence4,531,0.4645182291666667
dapi_Keyence4,532,0.4778645833333333
dapi_Keyence4,533,0.5113932291666666
dapi_Keyence4,534,0.5491536458333334
dapi_Keyence4,535,0.45769699414571124
dapi_Keyence4,536,0.4716796875
dapi_Keyence4,537,0.4475911458333333
dapi_Keyence4,538,0.4384765625
dapi_Keyence4,539,0.4840494791666667
dapi_Keyence4,540,0.3951822916666667
dapi_Keyence4,541,0.5901692708333334
dapi_Keyence4,542,0.4837239583333333
dapi_Keyence4,543,0.4270833333333333
dapi_Keyence4,544,0.4527994791666667
dapi_Keyence4,545,0.3400065104166667
dapi_Keyence4,546,0.3977864583333333
dapi_Keyence4,547,0.4723307291666667
dapi_Keyence4,548,0.537109375
dapi_Keyence4,549,0.4186197916666667
dapi_Keyence4,550,0.431640625
dapi_Keyence4,551,0.3971354166666667
dapi_Keyence4,552,0.3634440104166667
dapi_Keyence4,553,0.5042317708333334
dapi_Keyence4,554,0.5068359375
dapi_Keyence4,555,0.3977864583333333
dapi_Keyence4,556,0.6165364583333334
dapi_Keyence4,557,0.3479817708333333
dapi_Keyence4,558,0.43896484375
dapi_Keyence4,559,0.3889973958333333
dapi_Keyence4,560,0.4147135416666667
dapi_Keyence4,561,0.416015625
dapi_Keyence4,562,0.4427083333333333
dapi_Keyence4,563,0.3171234130859375
dapi_Keyence4,564,0.3411458333333333
dapi_Keyence4,565,0.4490559895833333
dapi_Keyence4,566,0.4178059895833333
dapi_Keyence4,567,0.4518229166666667
dapi_Keyence4,568,0.5608723958333334
dapi_Keyence4,569,0.4645182291666667
dapi_Keyence4,570,0.4086570739746094
dapi_Keyence4,571,0.4117838541666667
dapi_Keyence4,572,0.4749348958333333
dapi_Keyence4,573,0.3216959635416667
dapi_Keyence4,574,0.640625
dapi_Keyence4,575,0.34228515625
dapi_Keyence4,576,0.4036458333333333
dapi_Keyence4,577,0.501953125
dapi_Keyence4,578,0.416015625
dapi_Keyence4,579,0.5621744791666666
dapi_Keyence4,580,0.4671223958333333
dapi_Keyence4,581,0.5335286458333334
dapi_Keyence4,582,0.4342447916666667
dapi_Keyence4,583,0.4228515625
dapi_Keyence4,584,0.5071614583333334
dapi_Keyence4,585,0.4595947265625
dapi_Keyence4,586,0.4680989583333333
dapi_Keyence4,587,0.4820963541666667
dapi_Keyence4,588,0.5944010416666666
dapi_Keyence4,589,0.389656941095988
dapi_Keyence4,590,0.4586588541666667
dapi_Keyence4,591,0.4147135416666667
dapi_Keyence4,592,0.5104166666666666
dapi_Keyence4,593,0.4498697916666667
dapi_Keyence4,594,0.447265625
dapi_Keyence4,595,0.4495442708333333
dapi_Keyence4,596,0.4749348958333333
dapi_Keyence4,597,0.4807942708333333
dapi_Keyence4,598,0.4915364583333333
dapi_Keyence4,599,0.48828125
dapi_Keyence4,600,0.4759114583333333
dapi_Keyence4,601,0.4462890625
dapi_Keyence4,602,0.501953125
dapi_Keyence4,603,0.3405863444010417
dapi_Keyence4,604,0.3658854166666667
dapi_Keyence4,605,0.4947916666666667
dapi_Keyence4,606,0.4918619791666667
dapi_Keyence4,607,0.4661458333333333
dapi_Keyence4,608,0.4143880208333333
dapi_Keyence4,609,0.4046223958333333
dapi_Keyence4,610,0.40625
dapi_Keyence4,611,0.4903971354166667
dapi_Keyence4,612,0.4873046875
dapi_Keyence4,613,0.4153645833333333
dapi_Keyence4,614,0.5400390625
dapi_Keyence4,615,0.412109375
dapi_Keyence4,616,0.505859375
dapi_Keyence4,617,0.3169759114583333
dapi_Keyence4,618,0.3186442057291667
dapi_Keyence4,619,0.3250325520833333
dapi_Keyence4,620,0.4736328125
dapi_Keyence4,621,0.38165028889973956
dapi_Keyence4,622,0.4567057291666667
dapi_Keyence4,623,0.4503580729166667
dapi_Keyence4,624,0.3605550130208333
dapi_Keyence4,625,0.5055338541666666
dapi_Keyence4,626,0.537109375
dapi_Keyence4,627,0.4921875
dapi_Keyence4,628,0.3839518229166667
dapi_Keyence4,629,0.4143880208333333
dapi_Keyence4,630,0.33383973439534503
dapi_Keyence4,631,0.513671875
dapi_Keyence4,632,0.4099934895833333
dapi_Keyence4,633,0.421875
dapi_Keyence4,634,0.4534505208333333
dapi_Keyence4,635,0.3268229166666667
dapi_Keyence4,636,0.5432942708333334
dapi_Keyence4,637,0.4401041666666667
dapi_Keyence4,638,0.3844401041666667
dapi_Keyence4,639,0.4537760416666667
dapi_Keyence4,640,0.3712565104166667
dapi_Keyence4,641,0.5185546875
dapi_Keyence4,642,0.4609375
dapi_Keyence4,643,0.3116308848063151
dapi_Keyence4,644,0.5263671875
dapi_Keyence4,645,0.4881184895833333
dapi_Keyence4,646,0.4957682291666667
dapi_Keyence4,647,0.41796875
dapi_Keyence4,648,0.4661458333333333
dapi_Keyence4,649,0.546875
dapi_Keyence4,650,0.4986979166666667
dapi_Keyence4,651,0.4742838541666667
dapi_Keyence4,652,0.43986765543619794
dapi_Keyence4,653,0.376953125
dapi_Keyence4,654,0.4034830729166667
dapi_Keyence4,655,0.3699544270833333
dapi_Keyence4,656,0.42041015625
dapi_Keyence4,657,0.46875
dapi_Keyence4,658,0.32492637634277344
dapi_Keyence4,659,0.4703776041666667
dapi_Keyence4,660,0.3880208333333333
dapi_Keyence4,661,0.5345052083333334
dapi_Keyence4,662,0.4290364583333333
dapi_Keyence4,663,0.3850911458333333
dapi_Keyence4,664,0.4488932291666667
dapi_Keyence4,665,0.48828125
dapi_Keyence4,666,0.4635416666666667
dapi_Keyence4,667,0.408203125
dapi_Keyence4,668,0.5315755208333334
dapi_Keyence4,669,0.5152994791666666
dapi_Keyence4,670,0.451171875
dapi_Keyence4,671,0.3896484375
dapi_Keyence4,672,0.4798177083333333
dapi_Keyence4,673,0.4752604166666667
dapi_Keyence4,674,0.4866536458333333
dapi_Keyence4,675,0.5634765625
dapi_Keyence4,676,0.4386393229166667
dapi_Keyence4,677,0.3492838541666667
dapi_Keyence4,678,0.517578125
dapi_Keyence4,679,0.4317220052083333
dapi_Keyence4,680,0.3953450520833333
dapi_Keyence4,681,0.2932942708333333
dapi_Keyence4,682,0.4025065104166667
dapi_Keyence4,683,0.4148763020833333
dapi_Keyence4,684,0.4856770833333333
dapi_Keyence4,685,0.37890625
dapi_Keyence4,686,0.3614095052083333
dapi_Keyence4,687,0.4420572916666667
dapi_Keyence4,688,0.4661458333333333
dapi_Keyence4,689,0.4117838541666667
dapi_Keyence4,690,0.4716796875
dapi_Keyence4,691,0.4098307291666667
dapi_Keyence4,692,0.484375
dapi_Keyence4,693,0.4645182291666667
dapi_Keyence4,694,0.4210611979166667
dapi_Keyence4,695,0.4580078125
dapi_Keyence4,696,0.5009765625
dapi_Keyence4,697,0.6080729166666666
dapi_Keyence4,698,0.4827473958333333
dapi_Keyence4,699,0.3984375
dapi_Keyence4,700,0.5211588541666666
dapi_Keyence4,701,0.392578125
dapi_Keyence4,702,0.419921875
dapi_Keyence4,703,0.4098307291666667
dapi_Keyence4,704,0.5133463541666666
dapi_Keyence4,705,0.5100911458333334
dapi_Keyence4,706,0.4889322916666667
dapi_Keyence4,707,0.5198567708333334
dapi_Keyence4,708,0.3995768229166667
dapi_Keyence4,709,0.41015625
dapi_Keyence4,710,0.3607368469238281
dapi_Keyence4,711,0.5201822916666666
dapi_Keyence4,712,0.4654947916666667
dapi_Keyence4,713,0.4119466145833333
dapi_Keyence4,714,0.5667317708333334
dapi_Keyence4,715,0.4111328125
dapi_Keyence4,716,0.4765625
dapi_Keyence4,717,0.4519856770833333
dapi_Keyence4,718,0.4446614583333333
dapi_Keyence4,719,0.4602864583333333
dapi_Keyence4,720,0.439453125
dapi_Keyence4,721,0.4710286458333333
dapi_Keyence4,722,0.478515625
dapi_Keyence4,723,0.4524739583333333
dapi_Keyence4,724,0.5540364583333334
dapi_Keyence4,725,0.5162760416666666
dapi_Keyence4,726,0.4596354166666667
dapi_Keyence4,727,0.5133463541666666
dapi_Keyence4,728,0.3953450520833333
dapi_Keyence4,729,0.4469401041666667
dapi_Keyence4,730,0.5592447916666666
dapi_Keyence4,731,0.5037434895833334
dapi_Keyence4,732,0.4640299479166667
dapi_Keyence4,733,0.424560546875
dapi_Keyence4,734,0.4814453125
dapi_Keyence4,735,0.4510294596354167
dapi_Keyence4,736,0.37403615315755206
dapi_Keyence4,737,0.4482421875
dapi_Keyence4,738,0.4677734375
dapi_Keyence4,739,0.4720052083333333
dapi_Keyence4,740,0.3925374348958333
dapi_Keyence4,741,0.34130859375
dapi_Keyence4,742,0.4290364583333333
dapi_Keyence4,743,0.4166666666666667
dapi_Keyence4,744,0.3351643880208333
dapi_Keyence4,745,0.3953450520833333
dapi_Keyence4,746,0.3515625
dapi_Keyence4,747,0.5
dapi_Keyence4,748,0.396484375
dapi_Keyence4,749,0.4752604166666667
dapi_Keyence4,750,0.4763997395833333
dapi_Keyence4,751,0.3756510416666667
dapi_Keyence4,752,0.494140625
dapi_Keyence4,753,0.4016927083333333
dapi_Keyence4,754,0.4541015625
dapi_Keyence4,755,0.4225260416666667
dapi_Keyence4,756,0.4004257520039876
dapi_Keyence4,757,0.4518229166666667
dapi_Keyence4,758,0.470703125
dapi_Keyence4,759,0.4886067708333333
dapi_Keyence4,760,0.4547526041666667
dapi_Keyence4,761,0.4645182291666667
dapi_Keyence4,762,0.4505208333333333
dapi_Keyence4,763,0.5231119791666666
dapi_Keyence4,764,0.4996744791666667
dapi_Keyence4,765,0.44469579060872394
dapi_Keyence4,766,0.4694010416666667
dapi_Keyence4,767,0.4820963541666667
dapi_Keyence4,768,0.460693359375
dapi_Keyence4,769,0.4874674479166667
dapi_Keyence4,770,0.4482421875
dapi_Keyence4,771,0.30322265625
dapi_Keyence4,772,0.4093424479166667
dapi_Keyence4,773,0.4513346354166667
dapi_Keyence4,774,0.4860026041666667
dapi_Keyence4,775,0.4817708333333333
dapi_Keyence4,776,0.4664713541666667
dapi_Keyence4,777,0.4840494791666667
dapi_Keyence4,778,0.505859375
dapi_Keyence4,779,0.404296875
dapi_Keyence4,780,0.29265737533569336
dapi_Keyence4,781,0.4957682291666667
dapi_Keyence4,782,0.5244140625
dapi_Keyence4,783,0.4915364583333333
dapi_Keyence4,784,0.4215494791666667
dapi_Keyence4,785,0.517578125
dapi_Keyence4,786,0.46044921875
dapi_Keyence4,787,0.47265625
dapi_Keyence4,788,0.388671875
dapi_Keyence4,789,0.4235026041666667
dapi_Keyence4,790,0.4371744791666667
dapi_Keyence4,791,0.4501953125
dapi_Keyence4,792,0.58984375
dapi_Keyence4,793,0.421875
dapi_Keyence4,794,0.4541015625
dapi_Keyence4,795,0.35498046875
dapi_Keyence4,796,0.30751800537109375
dapi_Keyence4,797,0.3987630208333333
dapi_Keyence4,798,0.4794921875
dapi_Keyence4,799,0.4085753758748372
dapi_Keyence4,800,0.4879557291666667
dapi_Keyence4,801,0.529296875
dapi_Keyence4,802,0.5530598958333334
dapi_Keyence4,803,0.4596354166666667
dapi_Keyence4,804,0.4475911458333333
dapi_Keyence4,805,0.3566080729166667
dapi_Keyence4,806,0.5081380208333334
dapi_Keyence4,807,0.5338541666666666
dapi_Keyence4,808,0.5419921875
dapi_Keyence4,809,0.3935546875
dapi_Keyence4,810,0.525390625
dapi_Keyence4,811,0.501953125
dapi_Keyence4,812,0.5198567708333334
dapi_Keyence4,813,0.4541015625
dapi_Keyence4,814,0.5498046875
dapi_Keyence4,815,0.498046875
dapi_Keyence4,816,0.3173828125
dapi_Keyence4,817,0.4264322916666667
dapi_Keyence4,818,0.4069010416666667
dapi_Keyence4,819,0.4860026041666667
dapi_Keyence4,820,0.3826497395833333
dapi_Keyence4,821,0.33740234375
dapi_Keyence4,822,0.5052083333333334
dapi_Keyence4,823,0.4095916748046875
dapi_Keyence4,824,0.4544270833333333
dapi_Keyence4,825,0.4817708333333333
dapi_Keyence4,826,0.529296875
dapi_Keyence4,827,0.4947916666666667
dapi_Keyence4,828,0.3317057291666667
dapi_Keyence4,829,0.5231119791666666
dapi_Keyence4,830,0.4952799479166667
dapi_Keyence4,831,0.345703125
dapi_Keyence4,832,0.3924153645833333
dapi_Keyence4,833,0.5572916666666666
dapi_Keyence4,834,0.3815104166666667
dapi_Keyence4,835,0.40045801798502606
dapi_Keyence4,836,0.5299479166666666
dapi_Keyence4,837,0.4527994791666667
dapi_Keyence4,838,0.517578125
dapi_Keyence4,839,0.4876302083333333
dapi_Keyence4,840,0.4326171875
dapi_Keyence4,841,0.4495442708333333
dapi_Keyence4,842,0.376953125
dapi_Keyence4,843,0.5693359375
dapi_Keyence4,844,0.4866536458333333
dapi_Keyence4,845,0.3624674479166667
dapi_Keyence4,846,0.4869791666666667
dapi_Keyence4,847,0.5530598958333334
dapi_Keyence4,848,0.4544270833333333
dapi_Keyence4,849,0.41357421875
dapi_Keyence4,850,0.42041015625
dapi_Keyence4,851,0.4371744791666667
dapi_Keyence4,852,0.50390625
dapi_Keyence4,853,0.548828125
dapi_Keyence4,854,0.3642578125
dapi_Keyence4,855,0.4651692708333333
dapi_Keyence4,856,0.4524739583333333
dapi_Keyence4,857,0.4182942708333333
dapi_Keyence4,858,0.4912109375
dapi_Keyence4,859,0.4378255208333333
dapi_Keyence4,860,0.5660807291666666
dapi_Keyence4,861,0.4181315104166667
dapi_Keyence4,862,0.4293619791666667
dapi_Keyence4,863,0.619140625
dapi_Keyence4,864,0.5029296875
dapi_Keyence4,865,0.4189453125
dapi_Keyence4,866,0.4013671875
dapi_Keyence4,867,0.4749348958333333
dapi_Keyence4,868,0.453125
dapi_Keyence4,869,0.4065755208333333
dapi_Keyence4,870,0.44287109375
dapi_Keyence4,871,0.4996744791666667
dapi_Keyence4,872,0.5276692708333334
dapi_Keyence4,873,0.4510091145833333
dapi_Keyence4,874,0.5055338541666666
dapi_Keyence4,875,0.4524739583333333
dapi_Keyence4,876,0.4602864583333333
dapi_Keyence4,877,0.4892578125
dapi_Keyence4,878,0.42333984375
dapi_Keyence4,879,0.5205078125
dapi_Keyence4,880,0.587890625
dapi_Keyence4,881,0.4187825520833333
dapi_Keyence4,882,0.4847005208333333
dapi_Keyence4,883,0.400390625
dapi_Keyence4,884,0.4697265625
dapi_Keyence4,885,0.4479166666666667
dapi_Keyence4,886,0.4591471354166667
dapi_Keyence4,887,0.5315755208333334
dapi_Keyence4,888,0.4772135416666667
dapi_Keyence4,889,0.625
dapi_Keyence4,890,0.4091796875
dapi_Keyence4,891,0.4732259114583333
dapi_Keyence4,892,0.38671875
dapi_Keyence4,893,0.4938151041666667
dapi_Keyence4,894,0.4547526041666667
dapi_Keyence4,895,0.443359375
dapi_Keyence4,896,0.29693031311035156
dapi_Keyence4,897,0.4051106770833333
dapi_Keyence4,898,0.4768880208333333
dapi_Keyence4,899,0.4072265625
dapi_Keyence4,900,0.4033203125
dapi_Keyence4,901,0.3719075520833333
dapi_Keyence4,902,0.4593098958333333
dapi_Keyence4,903,0.4576822916666667
dapi_Keyence4,904,0.392578125
dapi_Keyence4,905,0.4378255208333333
dapi_Keyence4,906,0.5729166666666666
dapi_Keyence4,907,0.5149739583333334
dapi_Keyence4,908,0.5625
dapi_Keyence4,909,0.4534505208333333
dapi_Keyence4,910,0.5638020833333334
dapi_Keyence4,911,0.458984375
dapi_Keyence4,912,0.4508463541666667
dapi_Keyence4,913,0.5537109375
dapi_Keyence4,914,0.4375
dapi_Keyence4,915,0.4664713541666667
dapi_Keyence4,916,0.5068359375
dapi_Keyence4,917,0.4075520833333333
dapi_Keyence4,918,0.4820963541666667
dapi_Keyence4,919,0.4632161458333333
dapi_Keyence4,920,0.4261067708333333
dapi_Keyence4,921,0.3819986979166667
dapi_Keyence4,922,0.43896484375
dapi_Keyence4,923,0.4967447916666667
dapi_Keyence4,924,0.4736328125
dapi_Keyence4,925,0.44140625
dapi_Keyence4,926,0.4697265625
dapi_Keyence4,927,0.4163411458333333
dapi_Keyence4,928,0.4264322916666667
dapi_Keyence4,929,0.4827473958333333
dapi_Keyence4,930,0.29150390625
dapi_Keyence4,931,0.32455094655354816
dapi_Keyence4,932,0.4786783854166667
dapi_Keyence4,933,0.5341796875
dapi_Keyence4,934,0.3313802083333333
dapi_Keyence4,935,0.3969014485677083
dapi_Keyence4,936,0.4677734375
dapi_Keyence4,937,0.4894205729166667
dapi_Keyence4,938,0.3453776041666667
dapi_Keyence4,939,0.5003255208333334
dapi_Keyence4,940,0.473876953125
dapi_Keyence4,941,0.4814453125
dapi_Keyence4,942,0.4573567708333333
dapi_Keyence4,943,0.4612630208333333
dapi_Keyence4,944,0.4303385416666667
dapi_Keyence4,945,0.4505208333333333
dapi_Keyence4,946,0.384765625
dapi_Keyence4,947,0.3572591145833333
dapi_Keyence4,948,0.5055338541666666
dapi_Keyence4,949,0.470703125
dapi_Keyence4,950,0.4153645833333333
dapi_Keyence4,951,0.4459635416666667
dapi_Keyence4,952,0.3880208333333333
dapi_Keyence4,953,0.4235026041666667
dapi_Keyence4,954,0.5123697916666666
dapi_Keyence4,955,0.4451497395833333
dapi_Keyence4,956,0.3942057291666667
dapi_Keyence4,957,0.4479166666666667
dapi_Keyence4,958,0.5634765625
dapi_Keyence4,959,0.4925130208333333
dapi_Keyence4,960,0.5345052083333334
dapi_Keyence4,961,0.4420572916666667
dapi_Keyence4,962,0.41796875
dapi_Keyence4,963,0.45703125
dapi_Keyence4,964,0.3987630208333333
dapi_Keyence4,965,0.52734375
dapi_Keyence4,966,0.3997395833333333
dapi_Keyence4,967,0.453125
dapi_Keyence4,968,0.4912109375
dapi_Keyence4,969,0.5481770833333334
dapi_Keyence4,970,0.53515625
dapi_Keyence4,971,0.51953125
dapi_Keyence4,972,0.4762369791666667
dapi_Keyence4,973,0.5755208333333334
dapi_Keyence4,974,0.4197591145833333
dapi_Keyence4,975,0.421875
dapi_Keyence4,976,0.4270833333333333
dapi_Keyence4,977,0.5445963541666666
dapi_Keyence4,978,0.4033203125
dapi_Keyence4,979,0.4713541666666667
dapi_Keyence4,980,0.5732421875
dapi_Keyence4,981,0.3958333333333333
dapi_Keyence4,982,0.4918619791666667
dapi_Keyence4,983,0.5065104166666666
dapi_Keyence4,984,0.4095052083333333
dapi_Keyence4,985,0.3924153645833333
dapi_Keyence4,986,0.4378255208333333
dapi_Keyence4,987,0.359375
dapi_Keyence4,988,0.34020137786865234
dapi_Keyence4,989,0.3765462239583333
dapi_Keyence4,990,0.498046875
dapi_Keyence4,991,0.3788401285807292
dapi_Keyence4,992,0.4689127604166667
dapi_Keyence4,993,0.41015625
dapi_Keyence4,994,0.4847005208333333
dapi_Keyence4,995,0.4358723958333333
dapi_Keyence4,996,0.396484375
dapi_Keyence4,997,0.44580078125
dapi_Keyence4,998,0.5540364583333334
dapi_Keyence4,999,0.5182291666666666
dapi_Keyence4,1000,0.4065755208333333
cfos_channel3,1,0.02834033966064453
cfos_channel3,2,0.1507568359375
cfos_channel3,3,0.1403883993625641
cfos_channel3,4,0.1932373046875
cfos_channel3,5,0.12199896574020386
cfos_channel3,6,0.023209571838378906
cfos_channel3,7,0.02129608392715454
cfos_channel3,8,0.015294551849365234
cfos_channel3,9,0.0061757564544677734
cfos_channel3,10,0.06686115264892578
cfos_channel3,11,0.0005178451538085938
cfos_channel3,12,0.10179543495178223
cfos_channel3,13,0.022855639457702637
cfos_channel3,14,0.04380083084106445
cfos_channel3,15,0.019376635551452637
cfos_channel3,16,0.014356672763824463
cfos_channel3,17,0.06813421845436096
cfos_channel3,18,0.0032979846000671387
cfos_channel3,19,0.0775410532951355
cfos_channel3,20,0.14562773704528809
cfos_channel3,21,0.01681041717529297
cfos_channel3,22,0.020572185516357422
cfos_channel3,23,0.11276817321777344
cfos_channel3,24,0.09674835205078125
cfos_channel3,25,0.03152894973754883
cfos_channel3,26,0.005791842937469482
cfos_channel3,27,0.4219675064086914
cfos_channel3,28,0.07184749841690063
cfos_channel3,29,0.092987060546875
cfos_channel3,30,0.08607238531112671
cfos_channel3,31,0.22039794921875
cfos_channel3,32,0.02481663227081299
cfos_channel3,33,0.1901320517063141
cfos_channel3,34,0.007644712924957275
cfos_channel3,35,0.023495614528656006
cfos_channel3,36,4.3004751205444336e-05
cfos_channel3,37,5.9545040130615234e-05
cfos_channel3,38,0.0009530782699584961
cfos_channel3,39,0.06281542778015137
cfos_channel3,40,0.18900460004806519
cfos_channel3,41,0.0067059993743896484
cfos_channel3,42,0.003513336181640625
cfos_channel3,43,0.011654108762741089
cfos_channel3,44,0.15680813789367676
cfos_channel3,45,0.0015715956687927246
cfos_channel3,46,0.10030245780944824
cfos_channel3,47,0.006441354751586914
cfos_channel3,48,0.0015694499015808105
cfos_channel3,49,0.017597675323486328
cfos_channel3,50,8.225440979003906e-05
cfos_channel3,51,0.006011247634887695
cfos_channel3,52,0.001216292381286621
cfos_channel3,53,0.21227562427520752
cfos_channel3,54,0.00038558244705200195
cfos_channel3,55,0.13086426258087158
cfos_channel3,56,0.36878275871276855
cfos_channel3,57,0.175390362739563
cfos_channel3,58,0.03695952892303467
cfos_channel3,59,0.030928432941436768
cfos_channel3,60,0.0002846717834472656
cfos_channel3,61,0.030547231435775757
cfos_channel3,62,0.00034362077713012695
cfos_channel3,63,0.025373995304107666
cfos_channel3,64,0.00013080239295959473
cfos_channel3,65,0.06670299172401428
cfos_channel3,66,0.005639612674713135
cfos_channel3,67,0.0009750425815582275
cfos_channel3,68,0.01571887731552124
cfos_channel3,69,0.023013412952423096
cfos_channel3,70,0.29499635100364685
cfos_channel3,71,0.11713683605194092
cfos_channel3,72,4.1544437408447266e-05
cfos_channel3,73,0.1711139678955078
cfos_channel3,74,0.05864661931991577
cfos_channel3,75,0.00014138221740722656
cfos_channel3,76,0.04881632328033447
cfos_channel3,77,0.02308577299118042
cfos_channel3,78,0.00994729995727539
cfos_channel3,79,0.031148195266723633
cfos_channel3,80,0.00013267993927001953
cfos_channel3,81,0.0009150505065917969
cfos_channel3,82,0.028721988201141357
cfos_channel3,83,0.02738901972770691
cfos_channel3,84,6.99758529663086e-05
cfos_channel3,85,0.010433465242385864
cfos_channel3,86,4.89652156829834e-05
cfos_channel3,87,0.383817195892334
cfos_channel3,88,0.03074502944946289
cfos_channel3,89,0.011056721210479736
cfos_channel3,90,0.054033875465393066
cfos_channel3,91,0.037418365478515625
cfos_channel3,92,0.0008864402770996094
cfos_channel3,93,0.011741399765014648
cfos_channel3,94,0.048022955656051636
cfos_channel3,95,0.12726706266403198
cfos_channel3,96,4.70280647277832e-05
cfos_channel3,97,0.026276588439941406
cfos_channel3,98,0.0021151304244995117
cfos_channel3,99,0.010236620903015137
cfos_channel3,100,0.008979320526123047
cfos_channel3,101,0.0461726188659668
cfos_channel3,102,0.07496753334999084
cfos_channel3,103,0.08112239837646484
cfos_channel3,104,0.1673736572265625
cfos_channel3,105,0.006528407335281372
cfos_channel3,106,0.0025984644889831543
cfos_channel3,107,0.04693746566772461
cfos_channel3,108,0.026888906955718994
cfos_channel3,109,0.019841790199279785
cfos_channel3,110,0.031237691640853882
cfos_channel3,111,0.020950675010681152
cfos_channel3,112,0.030800700187683105
cfos_channel3,113,0.044451236724853516
cfos_channel3,114,0.08869218826293945
cfos_channel3,115,0.02847003936767578
cfos_channel3,116,0.010546386241912842
cfos_channel3,117,0.07324647903442383
cfos_channel3,118,0.0029907822608947754
cfos_channel3,119,0.059593021869659424
cfos_channel3,120,0.023667752742767334
cfos_channel3,121,0.006996840238571167
cfos_channel3,122,0.0015453100204467773
cfos_channel3,123,6.097555160522461e-05
cfos_channel3,124,0.17814022302627563
cfos_channel3,125,0.05930739641189575
cfos_channel3,126,0.07107925415039062
cfos_channel3,127,0.1608492136001587
cfos_channel3,128,0.00032520294189453125
cfos_channel3,129,0.00656205415725708
cfos_channel3,130,0.047027766704559326
cfos_channel3,131,0.0013600289821624756
cfos_channel3,132,0.16556984186172485
cfos_channel3,133,7.510185241699219e-05
cfos_channel3,134,0.007323265075683594
cfos_channel3,135,0.009843766689300537
cfos_channel3,136,0.034258902072906494
cfos_channel3,137,0.00783887505531311
cfos_channel3,138,0.09788668155670166
cfos_channel3,139,0.004551887512207031
cfos_channel3,140,0.04468965530395508
cfos_channel3,141,0.0616762638092041
cfos_channel3,142,0.0035376548767089844
cfos_channel3,143,0.015706896781921387
cfos_channel3,144,0.011387884616851807
cfos_channel3,145,0.0031555593013763428
cfos_channel3,146,0.005287051200866699
cfos_channel3,147,0.22535187005996704
cfos_channel3,148,0.08474564552307129
cfos_channel3,149,0.00019729137420654297
cfos_channel3,150,0.003302335739135742
cfos_channel3,151,0.00030940771102905273
cfos_channel3,152,0.15849995613098145
cfos_channel3,153,0.04213184118270874
cfos_channel3,154,0.10046863555908203
cfos_channel3,155,0.12600356340408325
cfos_channel3,156,0.0017588138580322266
cfos_channel3,157,0.004811763763427734
cfos_channel3,158,0.06986108422279358
cfos_channel3,159,0.044591546058654785
cfos_channel3,160,0.11238586902618408
cfos_channel3,161,0.030539333820343018
cfos_channel3,162,0.08010667562484741
cfos_channel3,163,0.006939709186553955
cfos_channel3,164,0.07727652788162231
cfos_channel3,165,0.03731060028076172
cfos_channel3,166,0.020339488983154297
cfos_channel3,167,0.07823026180267334
cfos_channel3,168,0.010608315467834473
cfos_channel3,169,0.027756989002227783
cfos_channel3,170,0.10089951753616333
cfos_channel3,171,0.0012859106063842773
cfos_channel3,172,0.10280299186706543
cfos_channel3,173,0.04241943359375
cfos_channel3,174,0.13698333501815796
cfos_channel3,175,0.001963019371032715
cfos_channel3,176,0.00016200542449951172
cfos_channel3,177,0.00028318166732788086
cfos_channel3,178,0.03949737548828125
cfos_channel3,179,0.02703857421875
cfos_channel3,180,0.1035240888595581
cfos_channel3,181,0.0004678070545196533
cfos_channel3,182,0.06332632899284363
cfos_channel3,183,0.010230004787445068
cfos_channel3,184,0.12600046396255493
cfos_channel3,185,0.042713701725006104
cfos_channel3,186,0.10159772634506226
cfos_channel3,187,0.006016194820404053
cfos_channel3,188,0.0005924105644226074
cfos_channel3,189,0.02932584285736084
cfos_channel3,190,0.10404515266418457
cfos_channel3,191,0.11290091276168823
cfos_channel3,192,0.03493547439575195
cfos_channel3,193,0.015074342489242554
cfos_channel3,194,0.000773012638092041
cfos_channel3,195,0.005353450775146484
cfos_channel3,196,0.06479811668395996
cfos_channel3,197,0.21257352828979492
cfos_channel3,198,0.011617064476013184
cfos_channel3,199,0.030348241329193115
cfos_channel3,200,0.011513769626617432
cfos_channel3,201,0.1015787422657013
cfos_channel3,202,0.06129816174507141
cfos_channel3,203,0.06080618500709534
cfos_channel3,204,0.07391661405563354
cfos_channel3,205,0.0008580684661865234
cfos_channel3,206,0.042240679264068604
cfos_channel3,207,0.10743093490600586
cfos_channel3,208,0.12133479118347168
cfos_channel3,209,0.00024962425231933594
cfos_channel3,210,0.12702685594558716
cfos_channel3,211,0.003509521484375
cfos_channel3,212,0.07236433029174805
cfos_channel3,213,0.00015491247177124023
cfos_channel3,214,0.010579943656921387
cfos_channel3,215,0.009909272193908691
cfos_channel3,216,0.0030307769775390625
cfos_channel3,217,0.067108154296875
cfos_channel3,218,0.029149800539016724
cfos_channel3,219,0.037997037172317505
cfos_channel3,220,0.00047522783279418945
cfos_channel3,221,0.027120113372802734
cfos_channel3,222,0.09085685014724731
cfos_channel3,223,0.0020846128463745117
cfos_channel3,224,0.20120689272880554
cfos_channel3,225,0.0129166841506958
cfos_channel3,226,0.028902411460876465
cfos_channel3,227,0.019432246685028076
cfos_channel3,228,0.002014636993408203
cfos_channel3,229,0.0061435699462890625
cfos_channel3,230,0.0337749719619751
cfos_channel3,231,0.02099090814590454
cfos_channel3,232,0.018538951873779297
cfos_channel3,233,0.09901952743530273
cfos_channel3,234,0.04614567756652832
cfos_channel3,235,0.0045032501220703125
cfos_channel3,236,0.1511792540550232
cfos_channel3,237,0.004609107971191406
cfos_channel3,238,0.06653308868408203
cfos_channel3,239,0.0002777278423309326
cfos_channel3,240,0.182891845703125
cfos_channel3,241,0.020634710788726807
cfos_channel3,242,0.10137733817100525
cfos_channel3,243,0.0004946291446685791
cfos_channel3,244,0.003428041934967041
cfos_channel3,245,0.0004898309707641602
cfos_channel3,246,0.025493323802947998
cfos_channel3,247,0.0002372264862060547
cfos_channel3,248,0.015857040882110596
cfos_channel3,249,0.03714412450790405
cfos_channel3,250,0.157958984375
cfos_channel3,251,0.09044831991195679
cfos_channel3,252,0.00020766258239746094
cfos_channel3,253,0.0065653324127197266
cfos_channel3,254,0.0020845234394073486
cfos_channel3,255,0.0013052821159362793
cfos_channel3,256,0.008811235427856445
cfos_channel3,257,0.003343343734741211
cfos_channel3,258,9.238719940185547e-05
cfos_channel3,259,0.023676514625549316
cfos_channel3,260,0.04548707604408264
cfos_channel3,261,0.04042011499404907
cfos_channel3,262,0.004406481981277466
cfos_channel3,263,0.0001303255558013916
cfos_channel3,264,0.034954607486724854
cfos_channel3,265,0.0008717179298400879
cfos_channel3,266,0.002012908458709717
cfos_channel3,267,0.021889179944992065
cfos_channel3,268,0.0021362900733947754
cfos_channel3,269,0.06427657604217529
cfos_channel3,270,0.0004570484161376953
cfos_channel3,271,0.001617431640625
cfos_channel3,272,0.12967419624328613
cfos_channel3,273,0.009687364101409912
cfos_channel3,274,0.03743618726730347
cfos_channel3,275,0.0023793578147888184
cfos_channel3,276,0.008011817932128906
cfos_channel3,277,0.09721040725708008
cfos_channel3,278,0.1346588134765625
cfos_channel3,279,0.008067786693572998
cfos_channel3,280,8.83638858795166e-05
cfos_channel3,281,0.00018781423568725586
cfos_channel3,282,0.021342337131500244
cfos_channel3,283,4.3958425521850586e-05
cfos_channel3,284,0.11872315406799316
cfos_channel3,285,0.05913242697715759
cfos_channel3,286,0.12767958641052246
cfos_channel3,287,0.02956569194793701
cfos_channel3,288,0.004172563552856445
cfos_channel3,289,0.05232441425323486
cfos_channel3,290,0.0002964437007904053
cfos_channel3,291,0.008053958415985107
cfos_channel3,292,0.06433689594268799
cfos_channel3,293,0.0012163519859313965
cfos_channel3,294,0.11138823628425598
cfos_channel3,295,7.739663124084473e-05
cfos_channel3,296,0.1804410219192505
cfos_channel3,297,0.042046427726745605
cfos_channel3,298,0.0014070868492126465
cfos_channel3,299,0.05312037467956543
cfos_channel3,300,0.035811781883239746
cfos_channel3,301,0.014306068420410156
cfos_channel3,302,0.06748676300048828
cfos_channel3,303,0.00035518407821655273
cfos_channel3,304,0.04336237907409668
cfos_channel3,305,0.0015459060668945312
cfos_channel3,306,0.003931224346160889
cfos_channel3,307,0.0005657672882080078
cfos_channel3,308,0.010916024446487427
cfos_channel3,309,0.003440678119659424
cfos_channel3,310,0.0019252896308898926
cfos_channel3,311,0.011864185333251953
cfos_channel3,312,0.02344489097595215
cfos_channel3,313,0.0445786714553833
cfos_channel3,314,0.046068668365478516
cfos_channel3,315,0.0019570887088775635
cfos_channel3,316,0.0005955696105957031
cfos_channel3,317,0.00018227100372314453
cfos_channel3,318,0.0011851787567138672
cfos_channel3,319,0.030361145734786987
cfos_channel3,320,0.010078668594360352
cfos_channel3,321,0.00458952784538269
cfos_channel3,322,0.12224006652832031
cfos_channel3,323,0.1368836760520935
cfos_channel3,324,0.03181040287017822
cfos_channel3,325,0.0010194778442382812
cfos_channel3,326,0.037801891565322876
cfos_channel3,327,0.04799818992614746
cfos_channel3,328,0.02590656280517578
cfos_channel3,329,0.11156424880027771
cfos_channel3,330,0.00014072656631469727
cfos_channel3,331,0.015182673931121826
cfos_channel3,332,0.007511615753173828
cfos_channel3,333,0.000850677490234375
cfos_channel3,334,0.019178032875061035
cfos_channel3,335,0.02233940362930298
cfos_channel3,336,0.009541034698486328
cfos_channel3,337,0.0005342960357666016
cfos_channel3,338,0.00019180774688720703
cfos_channel3,339,0.022501468658447266
cfos_channel3,340,0.0002593100070953369
cfos_channel3,341,0.12232327461242676
cfos_channel3,342,0.03960061073303223
cfos_channel3,343,0.13440543413162231
cfos_channel3,344,0.02231121063232422
cfos_channel3,345,0.008908390998840332
cfos_channel3,346,0.013648450374603271
cfos_channel3,347,0.07230144739151001
cfos_channel3,348,0.015907764434814453
cfos_channel3,349,0.05066537857055664
cfos_channel3,350,0.0003674030303955078
cfos_channel3,351,0.036113739013671875
cfos_channel3,352,0.0031456351280212402
cfos_channel3,353,0.28316831588745117
cfos_channel3,354,0.0011369585990905762
cfos_channel3,355,0.0004557967185974121
cfos_channel3,356,0.01237747073173523
cfos_channel3,357,0.07482516765594482
cfos_channel3,358,0.0907750129699707
cfos_channel3,359,0.01089024543762207
cfos_channel3,360,0.0018291473388671875
cfos_channel3,361,0.04202142357826233
cfos_channel3,362,0.020410776138305664
cfos_channel3,363,0.01804196834564209
cfos_channel3,364,0.05266493558883667
cfos_channel3,365,0.14560586214065552
cfos_channel3,366,0.049932003021240234
cfos_channel3,367,0.03417015075683594
cfos_channel3,368,0.04565238952636719
cfos_channel3,369,0.007440686225891113
cfos_channel3,370,0.0004258453845977783
cfos_channel3,371,0.0059465765953063965
cfos_channel3,372,3.191828727722168e-05
cfos_channel3,373,0.0984506607055664
cfos_channel3,374,0.00038367509841918945
cfos_channel3,375,0.004736065864562988
cfos_channel3,376,0.06903406977653503
cfos_channel3,377,0.003186941146850586
cfos_channel3,378,0.00897359848022461
cfos_channel3,379,0.004271745681762695
cfos_channel3,380,0.021063953638076782
cfos_channel3,381,0.00848841667175293
cfos_channel3,382,0.005066514015197754
cfos_channel3,383,0.0010641515254974365
cfos_channel3,384,0.05843997001647949
cfos_channel3,385,0.04331016540527344
cfos_channel3,386,0.003339231014251709
cfos_channel3,387,0.02798163890838623
cfos_channel3,388,0.0007454156875610352
cfos_channel3,389,0.0002499520778656006
cfos_channel3,390,5.1528215408325195e-05
cfos_channel3,391,0.045311927795410156
cfos_channel3,392,0.06730222702026367
cfos_channel3,393,0.010599762201309204
cfos_channel3,394,0.09743690490722656
cfos_channel3,395,0.10155296325683594
cfos_channel3,396,0.0034189820289611816
cfos_channel3,397,0.015703439712524414
cfos_channel3,398,0.0008684396743774414
cfos_channel3,399,0.005183875560760498
cfos_channel3,400,0.0014753341674804688
cfos_channel3,401,0.0006954669952392578
cfos_channel3,402,0.0553436279296875
cfos_channel3,403,0.0063631534576416016
cfos_channel3,404,0.05385708808898926
cfos_channel3,405,0.039549410343170166
cfos_channel3,406,0.03588747978210449
cfos_channel3,407,0.123779296875
cfos_channel3,408,4.5239925384521484e-05
cfos_channel3,409,0.01454344391822815
cfos_channel3,410,0.08388793468475342
cfos_channel3,411,0.001384347677230835
cfos_channel3,412,0.002131342887878418
cfos_channel3,413,0.0009593367576599121
cfos_channel3,414,0.056119441986083984
cfos_channel3,415,5.647540092468262e-05
cfos_channel3,416,0.002247154712677002
cfos_channel3,417,0.03188210725784302
cfos_channel3,418,0.1051984429359436
cfos_channel3,419,0.026780128479003906
cfos_channel3,420,0.0007860958576202393
cfos_channel3,421,0.010920464992523193
cfos_channel3,422,0.01158839464187622
cfos_channel3,423,0.04751268029212952
cfos_channel3,424,0.013945251703262329
cfos_channel3,425,0.029711365699768066
cfos_channel3,426,0.003483295440673828
cfos_channel3,427,0.005161702632904053
cfos_channel3,428,0.05200505256652832
cfos_channel3,429,0.048095107078552246
cfos_channel3,430,0.00039121508598327637
cfos_channel3,431,0.020788758993148804
cfos_channel3,432,0.03759068250656128
cfos_channel3,433,0.0050577521324157715
cfos_channel3,434,0.004255056381225586
cfos_channel3,435,0.013588577508926392
cfos_channel3,436,0.021902620792388916
cfos_channel3,437,0.004388749599456787
cfos_channel3,438,0.0979912281036377
cfos_channel3,439,0.00043123960494995117
cfos_channel3,440,6.085634231567383e-05
cfos_channel3,441,0.0070389509201049805
cfos_channel3,442,0.020184218883514404
cfos_channel3,443,8.526444435119629e-05
cfos_channel3,444,0.005136013031005859
cfos_channel3,445,0.07509803771972656
cfos_channel3,446,0.01189202070236206
cfos_channel3,447,0.007746994495391846
cfos_channel3,448,0.017751455307006836
cfos_channel3,449,0.0009313821792602539
cfos_channel3,450,4.9501657485961914e-05
cfos_channel3,451,0.04377853870391846
cfos_channel3,452,5.319714546203613e-05
cfos_channel3,453,0.02111130952835083
cfos_channel3,454,0.0023714303970336914
cfos_channel3,455,0.024152249097824097
cfos_channel3,456,0.0324397087097168
cfos_channel3,457,0.0067948102951049805
cfos_channel3,458,0.04131317138671875
cfos_channel3,459,0.018055856227874756
cfos_channel3,460,0.006840646266937256
cfos_channel3,461,0.0314483642578125
cfos_channel3,462,0.12356823682785034
cfos_channel3,463,0.008757919073104858
cfos_channel3,464,0.0021764039993286133
cfos_channel3,465,0.003289341926574707
cfos_channel3,466,0.040257275104522705
cfos_channel3,467,0.007233738899230957
cfos_channel3,468,0.03903818130493164
cfos_channel3,469,0.01725885272026062
cfos_channel3,470,0.09791278839111328
cfos_channel3,471,0.011076748371124268
cfos_channel3,472,0.009409070014953613
cfos_channel3,473,0.0610596239566803
cfos_channel3,474,0.0008429288864135742
cfos_channel3,475,0.0054811835289001465
cfos_channel3,476,0.05987393856048584
cfos_channel3,477,5.689263343811035e-05
cfos_channel3,478,0.061017632484436035
cfos_channel3,479,0.2980804443359375
cfos_channel3,480,0.037525177001953125
cfos_channel3,481,0.20363181829452515
cfos_channel3,482,0.0032930970191955566
cfos_channel3,483,0.004650592803955078
cfos_channel3,484,0.09568482637405396
cfos_channel3,485,0.165771484375
cfos_channel3,486,0.0067581236362457275
cfos_channel3,487,0.04174375534057617
cfos_channel3,488,0.029771804809570312
cfos_channel3,489,0.0037539303302764893
cfos_channel3,490,0.0001633763313293457
cfos_channel3,491,0.040044933557510376
cfos_channel3,492,0.00847005844116211
cfos_channel3,493,0.004601478576660156
cfos_channel3,494,0.002108544111251831
cfos_channel3,495,3.4928321838378906e-05
cfos_channel3,496,0.09774598479270935
cfos_channel3,497,0.002002030611038208
cfos_channel3,498,0.01343989372253418
cfos_channel3,499,0.13210225105285645
cfos_channel3,500,0.025236904621124268
cfos_Keyence1,1,2.54498291015625
cfos_Keyence1,2,2.02509765625
cfos_Keyence1,3,0.9933349609375
cfos_Keyence1,4,0.9611083984375
cfos_Keyence1,5,2.27674560546875
cfos_Keyence1,6,1.0041549444198608
cfos_Keyence1,7,0.3954833984375
cfos_Keyence1,8,1.075390625
cfos_Keyence1,9,0.18818359375
cfos_Keyence1,10,1.1427001953125
cfos_Keyence1,11,0.754638671875
cfos_Keyence1,12,0.5998291015625
cfos_Keyence1,13,0.6062255859375
cfos_Keyence1,14,0.15141276121139527
cfos_Keyence1,15,1.1289306640625
cfos_Keyence1,16,1.05877685546875
cfos_Keyence1,17,0.1762249708175659
cfos_Keyence1,18,0.14283447265625
cfos_Keyence1,19,0.18550410270690917
cfos_Keyence1,20,1.15927734375
cfos_Keyence1,21,0.2564453125
cfos_Keyence1,22,0.26845703125
cfos_Keyence1,23,0.13525390625
cfos_Keyence1,24,0.21796875
cfos_Keyence1,25,0.889105224609375
cfos_Keyence1,26,0.32808876037597656
cfos_Keyence1,27,0.603466796875
cfos_Keyence1,28,0.1552001953125
cfos_Keyence1,29,0.80091552734375
cfos_Keyence1,30,0.15478515625
cfos_Keyence1,31,0.8366836547851563
cfos_Keyence1,32,0.162255859375
cfos_Keyence1,33,0.118408203125
cfos_Keyence1,34,0.152001953125
cfos_Keyence1,35,0.216552734375
cfos_Keyence1,36,0.17578125
cfos_Keyence1,37,1.0337646484375
cfos_Keyence1,38,0.1473236083984375
cfos_Keyence1,39,0.1708251953125
cfos_Keyence1,40,0.15347557067871093
cfos_Keyence1,41,0.1887422561645508
cfos_Keyence1,42,0.1287353515625
cfos_Keyence1,43,0.16434326171875
cfos_Keyence1,44,0.144580078125
cfos_Keyence1,45,0.34716796875
cfos_Keyence1,46,0.13638916015625
cfos_Keyence1,47,1.126513671875
cfos_Keyence1,48,0.18414306640625
cfos_Keyence1,49,0.205517578125
cfos_Keyence1,50,0.1854877471923828
cfos_Keyence1,51,0.17978515625
cfos_Keyence1,52,0.14706802368164062
cfos_Keyence1,53,0.1527587890625
cfos_Keyence1,54,0.134149169921875
cfos_Keyence1,55,0.1771484375
cfos_Keyence1,56,0.1208984375
cfos_Keyence1,57,0.1474609375
cfos_Keyence1,58,0.1472900390625
cfos_Keyence1,59,0.1847900390625
cfos_Keyence1,60,0.12894287109375
cfos_Keyence1,61,0.16433417797088623
cfos_Keyence1,62,0.1514404296875
cfos_Keyence1,63,0.186572265625
cfos_Keyence1,64,0.1516357421875
cfos_Keyence1,65,0.170361328125
cfos_Keyence1,66,0.216650390625
cfos_Keyence1,67,0.122900390625
cfos_Keyence1,68,0.1529296875
cfos_Keyence1,69,0.14990234375
cfos_Keyence1,70,0.154638671875
cfos_Keyence1,71,0.185302734375
cfos_Keyence1,72,0.12317352294921875
cfos_Keyence1,73,0.170263671875
cfos_Keyence1,74,0.141650390625
cfos_Keyence1,75,0.13310546875
cfos_Keyence1,76,0.149560546875
cfos_Keyence1,77,0.18759765625
cfos_Keyence1,78,0.13326416015625
cfos_Keyence1,79,0.1455078125
cfos_Keyence1,80,0.288720703125
cfos_Keyence1,81,0.120068359375
cfos_Keyence1,82,0.141607666015625
cfos_Keyence1,83,0.1434326171875
cfos_Keyence1,84,0.128192138671875
cfos_Keyence1,85,0.182080078125
cfos_Keyence1,86,0.162060546875
cfos_Keyence1,87,0.1529541015625
cfos_Keyence1,88,0.320166015625
cfos_Keyence1,89,0.1453857421875
cfos_Keyence1,90,0.1679931640625
cfos_Keyence1,91,0.12821788787841798
cfos_Keyence1,92,0.147601318359375
cfos_Keyence1,93,0.177685546875
cfos_Keyence1,94,0.15015037059783937
cfos_Keyence1,95,0.18759765625
cfos_Keyence1,96,0.16533203125
cfos_Keyence1,97,0.8478759765625
cfos_Keyence1,98,0.17578125
cfos_Keyence1,99,0.14425907135009766
cfos_Keyence1,100,0.158642578125
cfos_Keyence1,101,0.17900390625
cfos_Keyence1,102,0.1918212890625
cfos_Keyence1,103,0.215625
cfos_Keyence1,104,0.210888671875
cfos_Keyence1,105,0.152392578125
cfos_Keyence1,106,0.190380859375
cfos_Keyence1,107,0.11121826171875
cfos_Keyence1,108,0.1670654296875
cfos_Keyence1,109,0.13951416015625
cfos_Keyence1,110,0.1525634765625
cfos_Keyence1,111,0.1405914306640625
cfos_Keyence1,112,0.111865234375
cfos_Keyence1,113,0.157763671875
cfos_Keyence1,114,0.17936344146728517
cfos_Keyence1,115,0.1593017578125
cfos_Keyence1,116,0.1272216796875
cfos_Keyence1,117,0.16347942352294922
cfos_Keyence1,118,0.107861328125
cfos_Keyence1,119,0.18212890625
cfos_Keyence1,120,0.146142578125
cfos_Keyence1,121,0.16181640625
cfos_Keyence1,122,0.167333984375
cfos_Keyence1,123,0.110986328125
cfos_Keyence1,124,0.1328125
cfos_Keyence1,125,0.171240234375
cfos_Keyence1,126,0.16429443359375
cfos_Keyence1,127,0.16103515625
cfos_Keyence1,128,0.14892578125
cfos_Keyence1,129,0.1862823486328125
cfos_Keyence1,130,0.14296875
cfos_Keyence1,131,0.147802734375
cfos_Keyence1,132,0.202197265625
cfos_Keyence1,133,0.168798828125
cfos_Keyence1,134,0.12890625
cfos_Keyence1,135,0.1331298828125
cfos_Keyence1,136,0.139501953125
cfos_Keyence1,137,0.15407562255859375
cfos_Keyence1,138,0.180810546875
cfos_Keyence1,139,0.08982422351837158
cfos_Keyence1,140,0.1111328125
cfos_Keyence1,141,0.16572265625
cfos_Keyence1,142,0.2084716796875
cfos_Keyence1,143,0.16923828125
cfos_Keyence1,144,0.135693359375
cfos_Keyence1,145,0.1834716796875
cfos_Keyence1,146,0.144140625
cfos_Keyence1,147,0.16640625
cfos_Keyence1,148,0.1091552734375
cfos_Keyence1,149,0.182080078125
cfos_Keyence1,150,0.1484832763671875
cfos_Keyence1,151,0.17529296875
cfos_Keyence1,152,0.16534500122070311
cfos_Keyence1,153,0.18726806640625
cfos_Keyence1,154,0.17509765625
cfos_Keyence1,155,0.1447021484375
cfos_Keyence1,156,0.1728515625
cfos_Keyence1,157,0.13507080078125
cfos_Keyence1,158,0.1119384765625
cfos_Keyence1,159,0.12227783203125
cfos_Keyence1,160,0.1714111328125
cfos_Keyence1,161,0.1182373046875
cfos_Keyence1,162,0.18103866577148436
cfos_Keyence1,163,0.1642578125
cfos_Keyence1,164,0.15684108734130858
cfos_Keyence1,165,0.1566650390625
cfos_Keyence1,166,0.184814453125
cfos_Keyence1,167,0.1413330078125
cfos_Keyence1,168,0.12744443416595458
cfos_Keyence1,169,0.211962890625
cfos_Keyence1,170,0.16943359375
cfos_Keyence1,171,0.207080078125
cfos_Keyence1,172,0.1383056640625
cfos_Keyence1,173,0.18037109375
cfos_Keyence1,174,0.173046875
cfos_Keyence1,175,0.14931640625
cfos_Keyence1,176,0.1185302734375
cfos_Keyence1,177,0.171875
cfos_Keyence1,178,0.135772705078125
cfos_Keyence1,179,0.147930908203125
cfos_Keyence1,180,0.184228515625
cfos_Keyence1,181,0.1501708984375
cfos_Keyence1,182,0.141241455078125
cfos_Keyence1,183,0.12475252151489258
cfos_Keyence1,184,0.1194580078125
cfos_Keyence1,185,0.1228515625
cfos_Keyence1,186,0.12451171875
cfos_Keyence1,187,0.155908203125
cfos_Keyence1,188,0.097930908203125
cfos_Keyence1,189,0.09944305419921876
cfos_Keyence1,190,0.163671875
cfos_Keyence1,191,0.11337890625
cfos_Keyence1,192,0.21435546875
cfos_Keyence1,193,0.12594223022460938
cfos_Keyence1,194,0.12005910873413086
cfos_Keyence1,195,0.1349609375
cfos_Keyence1,196,0.1154541015625
cfos_Keyence1,197,0.134375
cfos_Keyence1,198,0.10742509365081787
cfos_Keyence1,199,0.11962890625
cfos_Keyence1,200,0.132177734375
cfos_Keyence1,201,0.19423828125
cfos_Keyence1,202,0.17744140625
cfos_Keyence1,203,0.134619140625
cfos_Keyence1,204,0.1474609375
cfos_Keyence1,205,0.1314760208129883
cfos_Keyence1,206,0.15107421875
cfos_Keyence1,207,0.1550048828125
cfos_Keyence1,208,0.1062255859375
cfos_Keyence1,209,0.1648681640625
cfos_Keyence1,210,0.18223676681518555
cfos_Keyence1,211,0.0840087890625
cfos_Keyence1,212,0.14354248046875
cfos_Keyence1,213,0.182421875
cfos_Keyence1,214,0.1827392578125
cfos_Keyence1,215,0.9310546875
cfos_Keyence1,216,0.0925048828125
cfos_Keyence1,217,0.0995849609375
cfos_Keyence1,218,0.1299560546875
cfos_Keyence1,219,0.175
cfos_Keyence1,220,0.11273651123046875
cfos_Keyence1,221,0.16286964416503907
cfos_Keyence1,222,0.190771484375
cfos_Keyence1,223,0.12919921875
cfos_Keyence1,224,0.18677501678466796
cfos_Keyence1,225,0.14329073429107667
cfos_Keyence1,226,0.15286865234375
cfos_Keyence1,227,0.1533447265625
cfos_Keyence1,228,0.1242919921875
cfos_Keyence1,229,0.1583251953125
cfos_Keyence1,230,0.15875244140625
cfos_Keyence1,231,0.1258056640625
cfos_Keyence1,232,0.138134765625
cfos_Keyence1,233,0.140374755859375
cfos_Keyence1,234,0.11500244140625
cfos_Keyence1,235,0.184765625
cfos_Keyence1,236,0.1370361328125
cfos_Keyence1,237,0.2094970703125
cfos_Keyence1,238,0.1916015625
cfos_Keyence1,239,0.08218851089477539
cfos_Keyence1,240,0.117529296875
cfos_Keyence1,241,0.14981498718261718
cfos_Keyence1,242,0.1267087936401367
cfos_Keyence1,243,0.1047271728515625
cfos_Keyence1,244,0.1649169921875
cfos_Keyence1,245,0.14910659790039063
cfos_Keyence1,246,0.12713518142700195
cfos_Keyence1,247,0.148681640625
cfos_Keyence1,248,0.1741107940673828
cfos_Keyence1,249,0.14429931640625
cfos_Keyence1,250,0.1439453125
cfos_Keyence1,251,0.1409423828125
cfos_Keyence1,252,0.148095703125
cfos_Keyence1,253,0.14404296875
cfos_Keyence1,254,0.1287841796875
cfos_Keyence1,255,0.15488786697387696
cfos_Keyence1,256,0.1361572265625
cfos_Keyence1,257,0.1941650390625
cfos_Keyence1,258,0.1294386863708496
cfos_Keyence1,259,0.181201171875
cfos_Keyence1,260,0.1288818359375
cfos_Keyence1,261,0.1492431640625
cfos_Keyence1,262,0.172509765625
cfos_Keyence1,263,0.145086669921875
cfos_Keyence1,264,0.15126953125
cfos_Keyence1,265,0.146624755859375
cfos_Keyence1,266,0.169732666015625
cfos_Keyence1,267,0.15791015625
cfos_Keyence1,268,0.1364013671875
cfos_Keyence1,269,0.1390655517578125
cfos_Keyence1,270,0.1515380859375
cfos_Keyence1,271,0.1708984375
cfos_Keyence1,272,0.1398681640625
cfos_Keyence1,273,0.1307525634765625
cfos_Keyence1,274,0.205224609375
cfos_Keyence1,275,0.1372314453125
cfos_Keyence1,276,0.124853515625
cfos_Keyence1,277,0.120947265625
cfos_Keyence1,278,0.17255859375
cfos_Keyence1,279,0.09267897605895996
cfos_Keyence1,280,0.10291900634765624
cfos_Keyence1,281,0.14298095703125
cfos_Keyence1,282,0.12236816883087158
cfos_Keyence1,283,0.125439453125
cfos_Keyence1,284,0.138818359375
cfos_Keyence1,285,0.18050537109375
cfos_Keyence1,286,0.1435546875
cfos_Keyence1,287,0.198187255859375
cfos_Keyence1,288,0.17113418579101564
cfos_Keyence1,289,0.13662109375
cfos_Keyence1,290,0.1828369140625
cfos_Keyence1,291,0.13962655067443847
cfos_Keyence1,292,0.135986328125
cfos_Keyence1,293,0.126611328125
cfos_Keyence1,294,0.15019378662109376
cfos_Keyence1,295,0.10596923828125
cfos_Keyence1,296,0.14276123046875
cfos_Keyence1,297,0.1442209243774414
cfos_Keyence1,298,0.127264404296875
cfos_Keyence1,299,0.5494140625
cfos_Keyence1,300,0.121630859375
cfos_Keyence1,301,0.19111783504486085
cfos_Keyence1,302,0.159228515625
cfos_Keyence1,303,0.136083984375
cfos_Keyence1,304,0.1762979507446289
cfos_Keyence1,305,0.1260498046875
cfos_Keyence1,306,0.13726425170898438
cfos_Keyence1,307,0.096917724609375
cfos_Keyence1,308,0.1033203125
cfos_Keyence1,309,0.17053184509277344
cfos_Keyence1,310,0.1561767578125
cfos_Keyence1,311,0.1744873046875
cfos_Keyence1,312,0.129345703125
cfos_Keyence1,313,0.1626953125
cfos_Keyence1,314,0.10352210998535157
cfos_Keyence1,315,0.12857093811035156
cfos_Keyence1,316,0.1270751953125
cfos_Keyence1,317,0.15117111206054687
cfos_Keyence1,318,0.1805419921875
cfos_Keyence1,319,0.18991641998291015
cfos_Keyence1,320,0.11599359512329102
cfos_Keyence1,321,0.10472412109375
cfos_Keyence1,322,0.168408203125
cfos_Keyence1,323,0.145458984375
cfos_Keyence1,324,0.167529296875
cfos_Keyence1,325,0.14130859375
cfos_Keyence1,326,0.128076171875
cfos_Keyence1,327,0.1506591796875
cfos_Keyence1,328,0.14673237800598143
cfos_Keyence1,329,0.1464202880859375
cfos_Keyence1,330,0.14943196773529052
cfos_Keyence1,331,0.1659423828125
cfos_Keyence1,332,0.1485107421875
cfos_Keyence1,333,0.1794189453125
cfos_Keyence1,334,0.110882568359375
cfos_Keyence1,335,0.1420166015625
cfos_Keyence1,336,0.128173828125
cfos_Keyence1,337,0.126953125
cfos_Keyence1,338,0.11799831390380859
cfos_Keyence1,339,0.13701171875
cfos_Keyence1,340,0.1735107421875
cfos_Keyence1,341,0.1380859375
cfos_Keyence1,342,0.16080322265625
cfos_Keyence1,343,0.158154296875
cfos_Keyence1,344,0.113275146484375
cfos_Keyence1,345,0.12000370025634766
cfos_Keyence1,346,0.1145782470703125
cfos_Keyence1,347,0.0917724609375
cfos_Keyence1,348,0.11419677734375
cfos_Keyence1,349,0.158544921875
cfos_Keyence1,350,0.12310068607330323
cfos_Keyence1,351,0.1696044921875
cfos_Keyence1,352,0.1814208984375
cfos_Keyence1,353,0.177911376953125
cfos_Keyence1,354,0.11034059524536133
cfos_Keyence1,355,0.1297119140625
cfos_Keyence1,356,0.185693359375
cfos_Keyence1,357,0.1630126953125
cfos_Keyence1,358,0.155084228515625
cfos_Keyence1,359,0.15497055053710937
cfos_Keyence1,360,0.1090087890625
cfos_Keyence1,361,0.13044052124023436
cfos_Keyence1,362,0.1315673828125
cfos_Keyence1,363,0.12591304779052734
cfos_Keyence1,364,0.123748779296875
cfos_Keyence1,365,0.09586777687072753
cfos_Keyence1,366,0.114453125
cfos_Keyence1,367,0.13421630859375
cfos_Keyence1,368,0.156689453125
cfos_Keyence1,369,0.161767578125
cfos_Keyence1,370,0.150537109375
cfos_Keyence1,371,0.19296875
cfos_Keyence1,372,0.152899169921875
cfos_Keyence1,373,0.1243896484375
cfos_Keyence1,374,0.1053466796875
cfos_Keyence1,375,0.1213918924331665
cfos_Keyence1,376,0.12649993896484374
cfos_Keyence1,377,0.09724893569946289
cfos_Keyence1,378,0.1526123046875
cfos_Keyence1,379,0.167919921875
cfos_Keyence1,380,0.1010223388671875
cfos_Keyence1,381,0.149072265625
cfos_Keyence1,382,0.1320556640625
cfos_Keyence1,383,0.1457275390625
cfos_Keyence1,384,0.09903106689453126
cfos_Keyence1,385,0.1494140625
cfos_Keyence1,386,0.10379638671875
cfos_Keyence1,387,0.145361328125
cfos_Keyence1,388,0.081488037109375
cfos_Keyence1,389,0.13507080078125
cfos_Keyence1,390,0.1111083984375
cfos_Keyence1,391,0.1560546875
cfos_Keyence1,392,0.15718994140625
cfos_Keyence1,393,0.13232421875
cfos_Keyence1,394,0.168896484375
cfos_Keyence1,395,0.13193359375
cfos_Keyence1,396,0.138037109375
cfos_Keyence1,397,0.1347900390625
cfos_Keyence1,398,0.174658203125
cfos_Keyence1,399,0.153173828125
cfos_Keyence1,400,0.139111328125
cfos_Keyence1,401,0.137109375
cfos_Keyence1,402,0.1226318359375
cfos_Keyence1,403,0.13958740234375
cfos_Keyence1,404,0.120751953125
cfos_Keyence1,405,0.1354736328125
cfos_Keyence1,406,0.159228515625
cfos_Keyence1,407,0.2279296875
cfos_Keyence1,408,0.1517578125
cfos_Keyence1,409,0.11527252197265625
cfos_Keyence1,410,0.142626953125
cfos_Keyence1,411,0.1537179946899414
cfos_Keyence1,412,0.1466796875
cfos_Keyence1,413,0.1459228515625
cfos_Keyence1,414,0.139764404296875
cfos_Keyence1,415,0.17197265625
cfos_Keyence1,416,0.1478811740875244
cfos_Keyence1,417,0.17119140625
cfos_Keyence1,418,0.135009765625
cfos_Keyence1,419,0.145361328125
cfos_Keyence1,420,0.1195556640625
cfos_Keyence1,421,0.1007080078125
cfos_Keyence1,422,0.1594970703125
cfos_Keyence1,423,0.10960693359375
cfos_Keyence1,424,0.13367767333984376
cfos_Keyence1,425,0.127099609375
cfos_Keyence1,426,0.14111328125
cfos_Keyence1,427,0.154736328125
cfos_Keyence1,428,0.1249755859375
cfos_Keyence1,429,0.197265625
cfos_Keyence1,430,0.12939453125
cfos_Keyence1,431,0.1586181640625
cfos_Keyence1,432,0.12596435546875
cfos_Keyence1,433,0.1441436767578125
cfos_Keyence1,434,0.176806640625
cfos_Keyence1,435,0.14722366333007814
cfos_Keyence1,436,0.1470703125
cfos_Keyence1,437,0.206689453125
cfos_Keyence1,438,0.172711181640625
cfos_Keyence1,439,0.11993408203125
cfos_Keyence1,440,0.127850341796875
cfos_Keyence1,441,0.15021743774414062
cfos_Keyence1,442,0.1463836669921875
cfos_Keyence1,443,0.090020751953125
cfos_Keyence1,444,0.1385009765625
cfos_Keyence1,445,0.1621337890625
cfos_Keyence1,446,0.1590087890625
cfos_Keyence1,447,0.1697265625
cfos_Keyence1,448,0.17181396484375
cfos_Keyence1,449,0.12420654296875
cfos_Keyence1,450,0.193841552734375
cfos_Keyence1,451,0.1375
cfos_Keyence1,452,0.19241943359375
cfos_Keyence1,453,0.1204833984375
cfos_Keyence1,454,0.123388671875
cfos_Keyence1,455,0.182275390625
cfos_Keyence1,456,0.1185546875
cfos_Keyence1,457,0.14384765625
cfos_Keyence1,458,0.108984375
cfos_Keyence1,459,0.170068359375
cfos_Keyence1,460,0.1492919921875
cfos_Keyence1,461,0.17890625
cfos_Keyence1,462,0.159033203125
cfos_Keyence1,463,0.13344879150390626
cfos_Keyence1,464,0.16405029296875
cfos_Keyence1,465,0.15537109375
cfos_Keyence1,466,0.167724609375
cfos_Keyence1,467,0.133544921875
cfos_Keyence1,468,0.10312156677246094
cfos_Keyence1,469,0.1240234375
cfos_Keyence1,470,0.15174560546875
cfos_Keyence1,471,0.11922607421875
cfos_Keyence1,472,0.15908203125
cfos_Keyence1,473,0.13181304931640625
cfos_Keyence1,474,0.157806396484375
cfos_Keyence1,475,0.157763671875
cfos_Keyence1,476,0.1136474609375
cfos_Keyence1,477,0.14603271484375
cfos_Keyence1,478,0.1580810546875
cfos_Keyence1,479,0.1915595054626465
cfos_Keyence1,480,0.13868408203125
cfos_Keyence1,481,0.14649505615234376
cfos_Keyence1,482,0.16796875
cfos_Keyence1,483,0.173583984375
cfos_Keyence1,484,0.1494140625
cfos_Keyence1,485,0.131396484375
cfos_Keyence1,486,0.12012710571289062
cfos_Keyence1,487,0.1282562255859375
cfos_Keyence1,488,0.1307309627532959
cfos_Keyence1,489,0.19630126953125
cfos_Keyence1,490,0.13990478515625
cfos_Keyence1,491,0.1780517578125
cfos_Keyence1,492,0.1361083984375
cfos_Keyence1,493,0.1106689453125
cfos_Keyence1,494,0.15542068481445312
cfos_Keyence1,495,0.194287109375
cfos_Keyence1,496,0.1779052734375
cfos_Keyence1,497,0.167724609375
cfos_Keyence1,498,0.1268798828125
cfos_Keyence1,499,0.10153732299804688
cfos_Keyence1,500,0.162060546875
cfos_Keyence1,501,0.1302734375
cfos_Keyence1,502,0.11005859375
cfos_Keyence1,503,0.1212554931640625
cfos_Keyence1,504,0.18232421875
cfos_Keyence1,505,0.1242706298828125
cfos_Keyence1,506,0.1763671875
cfos_Keyence1,507,0.159375
cfos_Keyence1,508,0.1462646484375
cfos_Keyence1,509,0.105096435546875
cfos_Keyence1,510,0.145751953125
cfos_Keyence1,511,0.1302215576171875
cfos_Keyence1,512,0.11455078125
cfos_Keyence1,513,0.12293701171875
cfos_Keyence1,514,0.12412109375
cfos_Keyence1,515,0.178466796875
cfos_Keyence1,516,0.1497802734375
cfos_Keyence1,517,0.18818359375
cfos_Keyence1,518,0.14522991180419922
cfos_Keyence1,519,0.1485595703125
cfos_Keyence1,520,0.17451906204223633
cfos_Keyence1,521,0.192254638671875
cfos_Keyence1,522,0.13545622825622558
cfos_Keyence1,523,0.1345703125
cfos_Keyence1,524,0.15865743160247803
cfos_Keyence1,525,0.11225924491882325
cfos_Keyence1,526,0.14256591796875
cfos_Keyence1,527,0.13348388671875
cfos_Keyence1,528,0.1839111328125
cfos_Keyence1,529,0.12364501953125
cfos_Keyence1,530,0.19068603515625
cfos_Keyence1,531,0.1739990234375
cfos_Keyence1,532,0.14542236328125
cfos_Keyence1,533,0.088671875
cfos_Keyence1,534,0.14014911651611328
cfos_Keyence1,535,0.13038330078125
cfos_Keyence1,536,0.08762054443359375
cfos_Keyence1,537,0.16208305358886718
cfos_Keyence1,538,0.1914306640625
cfos_Keyence1,539,0.1445098876953125
cfos_Keyence1,540,0.1322021484375
cfos_Keyence1,541,0.1709716796875
cfos_Keyence1,542,0.12806396484375
cfos_Keyence1,543,0.118988037109375
cfos_Keyence1,544,0.157080078125
cfos_Keyence1,545,0.11806640625
cfos_Keyence1,546,0.1305370330810547
cfos_Keyence1,547,0.09545974731445313
cfos_Keyence1,548,0.096826171875
cfos_Keyence1,549,0.106591796875
cfos_Keyence1,550,0.178369140625
cfos_Keyence1,551,0.156243896484375
cfos_Keyence1,552,0.1150146484375
cfos_Keyence1,553,0.10619659423828125
cfos_Keyence1,554,0.11900634765625
cfos_Keyence1,555,0.15751953125
cfos_Keyence1,556,0.1243896484375
cfos_Keyence1,557,0.140478515625
cfos_Keyence1,558,0.11390380859375
cfos_Keyence1,559,0.14813308715820311
cfos_Keyence1,560,0.1452880859375
cfos_Keyence1,561,0.11707525253295899
cfos_Keyence1,562,0.177496337890625
cfos_Keyence1,563,0.1241455078125
cfos_Keyence1,564,0.139306640625
cfos_Keyence1,565,0.10738525390625
cfos_Keyence1,566,0.161083984375
cfos_Keyence1,567,0.10477294921875
cfos_Keyence1,568,0.164892578125
cfos_Keyence1,569,0.120849609375
cfos_Keyence1,570,0.10604248046875
cfos_Keyence1,571,0.21142578125
cfos_Keyence1,572,0.1339599609375
cfos_Keyence1,573,0.133837890625
cfos_Keyence1,574,0.12542724609375
cfos_Keyence1,575,0.098193359375
cfos_Keyence1,576,0.1038330078125
cfos_Keyence1,577,0.160986328125
cfos_Keyence1,578,0.1519775390625
cfos_Keyence1,579,0.149609375
cfos_Keyence1,580,0.1315673828125
cfos_Keyence1,581,0.1157191276550293
cfos_Keyence1,582,0.1693603515625
cfos_Keyence1,583,0.118603515625
cfos_Keyence1,584,0.1131389856338501
cfos_Keyence1,585,0.166650390625
cfos_Keyence1,586,0.152734375
cfos_Keyence1,587,0.125390625
cfos_Keyence1,588,0.1316162109375
cfos_Keyence1,589,0.1237548828125
cfos_Keyence1,590,0.15946044921875
cfos_Keyence1,591,0.15689697265625
cfos_Keyence1,592,0.1414642333984375
cfos_Keyence1,593,0.181298828125
cfos_Keyence1,594,0.15888671875
cfos_Keyence1,595,0.17328948974609376
cfos_Keyence1,596,0.13505859375
cfos_Keyence1,597,0.18164412975311278
cfos_Keyence1,598,0.175341796875
cfos_Keyence1,599,0.12018766403198242
cfos_Keyence1,600,0.17598443031311034
cfos_Keyence1,601,0.15355224609375
cfos_Keyence1,602,0.148388671875
cfos_Keyence1,603,0.16106109619140624
cfos_Keyence1,604,0.0947509765625
cfos_Keyence1,605,0.1508544921875
cfos_Keyence1,606,0.13233642578125
cfos_Keyence1,607,0.1044677734375
cfos_Keyence1,608,0.152001953125
cfos_Keyence1,609,0.130755615234375
cfos_Keyence1,610,0.1095458984375
cfos_Keyence1,611,0.1576416015625
cfos_Keyence1,612,0.1503662109375
cfos_Keyence1,613,0.134423828125
cfos_Keyence1,614,0.170751953125
cfos_Keyence1,615,0.1483642578125
cfos_Keyence1,616,0.09877134561538696
cfos_Keyence1,617,0.17548828125
cfos_Keyence1,618,0.1191162109375
cfos_Keyence1,619,0.12034912109375
cfos_Keyence1,620,0.1365753173828125
cfos_Keyence1,621,0.154736328125
cfos_Keyence1,622,0.15556640625
cfos_Keyence1,623,0.13760192394256593
cfos_Keyence1,624,0.1546630859375
cfos_Keyence1,625,0.1734375
cfos_Keyence1,626,0.119873046875
cfos_Keyence1,627,0.170654296875
cfos_Keyence1,628,0.15510196685791017
cfos_Keyence1,629,0.1393310546875
cfos_Keyence1,630,0.13175048828125
cfos_Keyence1,631,0.153173828125
cfos_Keyence1,632,0.1233154296875
cfos_Keyence1,633,0.1490234375
cfos_Keyence1,634,0.14443359375
cfos_Keyence1,635,0.194921875
cfos_Keyence1,636,0.110528564453125
cfos_Keyence1,637,0.1498568534851074
cfos_Keyence1,638,0.2018798828125
cfos_Keyence1,639,0.100872802734375
cfos_Keyence1,640,0.1210205078125
cfos_Keyence1,641,0.1493896484375
cfos_Keyence1,642,0.12444839477539063
cfos_Keyence1,643,0.1560302734375
cfos_Keyence1,644,0.13541259765625
cfos_Keyence1,645,0.1466064453125
cfos_Keyence1,646,0.17442626953125
cfos_Keyence1,647,0.12421875
cfos_Keyence1,648,0.1313323974609375
cfos_Keyence1,649,0.15859375
cfos_Keyence1,650,0.1841796875
cfos_Keyence1,651,0.1027679443359375
cfos_Keyence1,652,0.1277099609375
cfos_Keyence1,653,0.1282958984375
cfos_Keyence1,654,0.20869140625
cfos_Keyence1,655,0.099334716796875
cfos_Keyence1,656,0.141455078125
cfos_Keyence1,657,0.1634796142578125
cfos_Keyence1,658,0.10911865234375
cfos_Keyence1,659,0.122918701171875
cfos_Keyence1,660,0.127783203125
cfos_Keyence1,661,0.09306640625
cfos_Keyence1,662,0.13837890625
cfos_Keyence1,663,0.204150390625
cfos_Keyence1,664,0.09715576171875
cfos_Keyence1,665,0.127935791015625
cfos_Keyence1,666,0.1376953125
cfos_Keyence1,667,0.136865234375
cfos_Keyence1,668,0.1385528564453125
cfos_Keyence1,669,0.13419189453125
cfos_Keyence1,670,0.147509765625
cfos_Keyence1,671,0.157080078125
cfos_Keyence1,672,0.11165771484375
cfos_Keyence1,673,0.11066312789916992
cfos_Keyence1,674,0.11960067749023437
cfos_Keyence1,675,0.1388671875
cfos_Keyence1,676,0.160400390625
cfos_Keyence1,677,0.17640380859375
cfos_Keyence1,678,0.1451171875
cfos_Keyence1,679,0.14378728866577148
cfos_Keyence1,680,0.206591796875
cfos_Keyence1,681,0.147607421875
cfos_Keyence1,682,0.1382080078125
cfos_Keyence1,683,0.13125696182250976
cfos_Keyence1,684,0.1543212890625
cfos_Keyence1,685,0.1554443359375
cfos_Keyence1,686,0.16597900390625
cfos_Keyence1,687,0.1070718765258789
cfos_Keyence1,688,0.1608154296875
cfos_Keyence1,689,0.17783203125
cfos_Keyence1,690,0.18388671875
cfos_Keyence1,691,0.124322509765625
cfos_Keyence1,692,0.15626220703125
cfos_Keyence1,693,0.1274169921875
cfos_Keyence1,694,0.149853515625
cfos_Keyence1,695,0.15224609375
cfos_Keyence1,696,0.143505859375
cfos_Keyence1,697,0.165673828125
cfos_Keyence1,698,0.07930908203125
cfos_Keyence1,699,0.09437255859375
cfos_Keyence1,700,0.147216796875
cfos_Keyence1,701,0.125048828125
cfos_Keyence1,702,0.1225830078125
cfos_Keyence1,703,0.119012451171875
cfos_Keyence1,704,0.147705078125
cfos_Keyence1,705,0.1901123046875
cfos_Keyence1,706,0.1508056640625
cfos_Keyence1,707,0.139605712890625
cfos_Keyence1,708,0.15433349609375
cfos_Keyence1,709,0.1913818359375
cfos_Keyence1,710,0.162939453125
cfos_Keyence1,711,0.133056640625
cfos_Keyence1,712,0.12625961303710936
cfos_Keyence1,713,0.0944091796875
cfos_Keyence1,714,0.142767333984375
cfos_Keyence1,715,0.086572265625
cfos_Keyence1,716,0.26728515625
cfos_Keyence1,717,0.172216796875
cfos_Keyence1,718,0.140869140625
cfos_Keyence1,719,0.13773193359375
cfos_Keyence1,720,0.09453125
cfos_Keyence1,721,0.133203125
cfos_Keyence1,722,0.141143798828125
cfos_Keyence1,723,0.1420654296875
cfos_Keyence1,724,0.1162109375
cfos_Keyence1,725,0.10933129787445069
cfos_Keyence1,726,0.13443603515625
cfos_Keyence1,727,0.15634765625
cfos_Keyence1,728,0.109375
cfos_Keyence1,729,0.12902374267578126
cfos_Keyence1,730,0.1385009765625
cfos_Keyence1,731,0.160498046875
cfos_Keyence1,732,0.1267822265625
cfos_Keyence1,733,0.1111083984375
cfos_Keyence1,734,0.162225341796875
cfos_Keyence1,735,0.1354248046875
cfos_Keyence1,736,0.0901611328125
cfos_Keyence1,737,0.10767097473144531
cfos_Keyence1,738,0.174951171875
cfos_Keyence1,739,0.189404296875
cfos_Keyence1,740,0.080072021484375
cfos_Keyence1,741,0.1533741235733032
cfos_Keyence1,742,0.11910400390625
cfos_Keyence1,743,0.11578369140625
cfos_Keyence1,744,0.12685546875
cfos_Keyence1,745,0.1576416015625
cfos_Keyence1,746,0.1398193359375
cfos_Keyence1,747,0.1515380859375
cfos_Keyence1,748,0.156884765625
cfos_Keyence1,749,0.112652587890625
cfos_Keyence1,750,0.122637939453125
cfos_Keyence1,751,0.148516845703125
cfos_Keyence1,752,0.16014175415039061
cfos_Keyence1,753,0.193798828125
cfos_Keyence1,754,0.1446044921875
cfos_Keyence1,755,0.1317626953125
cfos_Keyence1,756,0.15078728199005126
cfos_Keyence1,757,0.13175077438354493
cfos_Keyence1,758,0.13131256103515626
cfos_Keyence1,759,0.125103759765625
cfos_Keyence1,760,0.144287109375
cfos_Keyence1,761,0.156494140625
cfos_Keyence1,762,0.1845458984375
cfos_Keyence1,763,0.159771728515625
cfos_Keyence1,764,0.139013671875
cfos_Keyence1,765,0.08726081848144532
cfos_Keyence1,766,0.16048583984375
cfos_Keyence1,767,0.167822265625
cfos_Keyence1,768,0.1376953125
cfos_Keyence1,769,0.1185546875
cfos_Keyence1,770,0.10489330291748047
cfos_Keyence1,771,0.155712890625
cfos_Keyence1,772,0.128662109375
cfos_Keyence1,773,0.14169921875
cfos_Keyence1,774,0.10333251953125
cfos_Keyence1,775,0.1405792236328125
cfos_Keyence1,776,0.08465576171875
cfos_Keyence1,777,0.128924560546875
cfos_Keyence1,778,0.10079500675201417
cfos_Keyence1,779,0.1755859375
cfos_Keyence1,780,0.1787109375
cfos_Keyence1,781,0.1417724609375
cfos_Keyence1,782,0.13720703125
cfos_Keyence1,783,0.125634765625
cfos_Keyence1,784,0.194482421875
cfos_Keyence1,785,0.11193552017211914
cfos_Keyence1,786,0.138519287109375
cfos_Keyence1,787,0.1348876953125
cfos_Keyence1,788,0.1087158203125
cfos_Keyence1,789,0.1451416015625
cfos_Keyence1,790,0.139990234375
cfos_Keyence1,791,0.11278076171875
cfos_Keyence1,792,0.14830322265625
cfos_Keyence1,793,0.12763671875
cfos_Keyence1,794,0.122412109375
cfos_Keyence1,795,0.160107421875
cfos_Keyence1,796,0.152490234375
cfos_Keyence1,797,0.1549346923828125
cfos_Keyence1,798,0.1642578125
cfos_Keyence1,799,0.147314453125
cfos_Keyence1,800,0.13264565467834472
cfos_Keyence1,801,0.130859375
cfos_Keyence1,802,0.1401611328125
cfos_Keyence1,803,0.159375
cfos_Keyence1,804,0.1943603515625
cfos_Keyence1,805,0.106982421875
cfos_Keyence1,806,0.11602783203125
cfos_Keyence1,807,0.1384521484375
cfos_Keyence1,808,0.16015625
cfos_Keyence1,809,0.12548828125
cfos_Keyence1,810,0.099542236328125
cfos_Keyence1,811,0.134228515625
cfos_Keyence1,812,0.12125244140625
cfos_Keyence1,813,0.1259521484375
cfos_Keyence1,814,0.118115234375
cfos_Keyence1,815,0.184228515625
cfos_Keyence1,816,0.132470703125
cfos_Keyence1,817,0.12991943359375
cfos_Keyence1,818,0.1310791015625
cfos_Keyence1,819,0.11962890625
cfos_Keyence1,820,0.22353515625
cfos_Keyence1,821,0.213671875
cfos_Keyence1,822,0.15322265625
cfos_Keyence1,823,0.12548828125
cfos_Keyence1,824,0.12879638671875
cfos_Keyence1,825,0.15588836669921874
cfos_Keyence1,826,0.13330078125
cfos_Keyence1,827,0.1266357421875
cfos_Keyence1,828,0.127044677734375
cfos_Keyence1,829,0.198992919921875
cfos_Keyence1,830,0.1416259765625
cfos_Keyence1,831,0.1053955078125
cfos_Keyence1,832,0.11293420791625977
cfos_Keyence1,833,0.11455078125
cfos_Keyence1,834,0.1506622314453125
cfos_Keyence1,835,0.1589111328125
cfos_Keyence1,836,0.11003897190093995
cfos_Keyence1,837,0.1187744140625
cfos_Keyence1,838,0.12822265625
cfos_Keyence1,839,0.187548828125
cfos_Keyence1,840,0.138427734375
cfos_Keyence1,841,0.1225830078125
cfos_Keyence1,842,0.15679931640625
cfos_Keyence1,843,0.13835983276367186
cfos_Keyence1,844,0.14150390625
cfos_Keyence1,845,0.13388671875
cfos_Keyence1,846,0.14432096481323242
cfos_Keyence1,847,0.1442903995513916
cfos_Keyence1,848,0.0993896484375
cfos_Keyence1,849,0.150732421875
cfos_Keyence1,850,0.1529541015625
cfos_Keyence1,851,0.19296875
cfos_Keyence1,852,0.112939453125
cfos_Keyence1,853,0.15908203125
cfos_Keyence1,854,0.11171875
cfos_Keyence1,855,0.188037109375
cfos_Keyence1,856,0.18505859375
cfos_Keyence1,857,0.174560546875
cfos_Keyence1,858,0.1154052734375
cfos_Keyence1,859,0.1291015625
cfos_Keyence1,860,0.109722900390625
cfos_Keyence1,861,0.11505126953125
cfos_Keyence1,862,0.087896728515625
cfos_Keyence1,863,0.1333984375
cfos_Keyence1,864,0.103662109375
cfos_Keyence1,865,0.12612662315368653
cfos_Keyence1,866,0.1241943359375
cfos_Keyence1,867,0.14459228515625
cfos_Keyence1,868,0.16488800048828126
cfos_Keyence1,869,0.1266191005706787
cfos_Keyence1,870,0.120703125
cfos_Keyence1,871,0.1453857421875
cfos_Keyence1,872,0.158154296875
cfos_Keyence1,873,0.137158203125
cfos_Keyence1,874,0.183837890625
cfos_Keyence1,875,0.1686065673828125
cfos_Keyence1,876,0.145068359375
cfos_Keyence1,877,0.09180908203125
cfos_Keyence1,878,0.130810546875
cfos_Keyence1,879,0.126544189453125
cfos_Keyence1,880,0.133843994140625
cfos_Keyence1,881,0.16416015625
cfos_Keyence1,882,0.0941741943359375
cfos_Keyence1,883,0.171795654296875
cfos_Keyence1,884,0.08922576904296875
cfos_Keyence1,885,0.1772216796875
cfos_Keyence1,886,0.12894287109375
cfos_Keyence1,887,0.1228515625
cfos_Keyence1,888,0.147760009765625
cfos_Keyence1,889,0.133837890625
cfos_Keyence1,890,0.1515625
cfos_Keyence1,891,0.14031982421875
cfos_Keyence1,892,0.1706787109375
cfos_Keyence1,893,0.11112060546875
cfos_Keyence1,894,0.160498046875
cfos_Keyence1,895,0.09282398223876953
cfos_Keyence1,896,0.0982421875
cfos_Keyence1,897,0.129443359375
cfos_Keyence1,898,0.1709716796875
cfos_Keyence1,899,0.14285888671875
cfos_Keyence1,900,0.13349609375
cfos_Keyence1,901,0.165283203125
cfos_Keyence1,902,0.1294921875
cfos_Keyence1,903,0.121044921875
cfos_Keyence1,904,0.118475341796875
cfos_Keyence1,905,0.159423828125
cfos_Keyence1,906,0.1501220703125
cfos_Keyence1,907,0.1482177734375
cfos_Keyence1,908,0.15582275390625
cfos_Keyence1,909,0.13533935546875
cfos_Keyence1,910,0.15176198482513428
cfos_Keyence1,911,0.1485107421875
cfos_Keyence1,912,0.1359130859375
cfos_Keyence1,913,0.141015625
cfos_Keyence1,914,0.158203125
cfos_Keyence1,915,0.1419921875
cfos_Keyence1,916,0.147509765625
cfos_Keyence1,917,0.11865653991699218
cfos_Keyence1,918,0.15909290313720703
cfos_Keyence1,919,0.09642677307128907
cfos_Keyence1,920,0.1246826171875
cfos_Keyence1,921,0.1461012363433838
cfos_Keyence1,922,0.152001953125
cfos_Keyence1,923,0.1103515625
cfos_Keyence1,924,0.144384765625
cfos_Keyence1,925,0.10252685546875
cfos_Keyence1,926,0.10753173828125
cfos_Keyence1,927,0.10266571044921875
cfos_Keyence1,928,0.16046142578125
cfos_Keyence1,929,0.143896484375
cfos_Keyence1,930,0.12845726013183595
cfos_Keyence1,931,0.1494873046875
cfos_Keyence1,932,0.168408203125
cfos_Keyence1,933,0.55380859375
cfos_Keyence1,934,0.1716796875
cfos_Keyence1,935,0.15062713623046875
cfos_Keyence1,936,0.1100830078125
cfos_Keyence1,937,0.157080078125
cfos_Keyence1,938,0.11772732734680176
cfos_Keyence1,939,0.131072998046875
cfos_Keyence1,940,0.161328125
cfos_Keyence1,941,0.17852783203125
cfos_Keyence1,942,0.1352235794067383
cfos_Keyence1,943,0.12227210998535157
cfos_Keyence1,944,0.17347564697265624
cfos_Keyence1,945,0.136328125
cfos_Keyence1,946,0.106610107421875
cfos_Keyence1,947,0.13246369361877441
cfos_Keyence1,948,0.12734375
cfos_Keyence1,949,0.14094550609588624
cfos_Keyence1,950,0.1400390625
cfos_Keyence1,951,0.17481689453125
cfos_Keyence1,952,0.136376953125
cfos_Keyence1,953,0.1321044921875
cfos_Keyence1,954,0.189111328125
cfos_Keyence1,955,0.09774169921875
cfos_Keyence1,956,0.17711181640625
cfos_Keyence1,957,0.1787109375
cfos_Keyence1,958,0.08666205406188965
cfos_Keyence1,959,0.156591796875
cfos_Keyence1,960,0.09654541015625
cfos_Keyence1,961,0.152362060546875
cfos_Keyence1,962,0.14515380859375
cfos_Keyence1,963,0.1434814453125
cfos_Keyence1,964,0.1314697265625
cfos_Keyence1,965,0.129345703125
cfos_Keyence1,966,0.1204010009765625
cfos_Keyence1,967,0.16767578125
cfos_Keyence1,968,0.100634765625
cfos_Keyence1,969,0.1568115234375
cfos_Keyence1,970,0.1804931640625
cfos_Keyence1,971,0.160546875
cfos_Keyence1,972,0.131201171875
cfos_Keyence1,973,0.10101203918457032
cfos_Keyence1,974,0.115771484375
cfos_Keyence1,975,0.1524730682373047
cfos_Keyence1,976,0.1156982421875
cfos_Keyence1,977,0.12691450119018555
cfos_Keyence1,978,0.1709716796875
cfos_Keyence1,979,0.151031494140625
cfos_Keyence1,980,0.168743896484375
cfos_Keyence1,981,0.1777099609375
cfos_Keyence1,982,0.10704498291015625
cfos_Keyence1,983,0.2064697265625
cfos_Keyence1,984,0.1514404296875
cfos_Keyence1,985,0.14833984375
cfos_Keyence1,986,0.1840911865234375
cfos_Keyence1,987,0.157421875
cfos_Keyence1,988,0.09512367248535156
cfos_Keyence1,989,0.115673828125
cfos_Keyence1,990,0.11259765625
cfos_Keyence1,991,0.13876953125
cfos_Keyence1,992,0.1511566162109375
cfos_Keyence1,993,0.1693359375
cfos_Keyence1,994,0.174462890625
cfos_Keyence1,995,0.09984130859375
cfos_Keyence1,996,0.1799560546875
cfos_Keyence1,997,0.1447265625
cfos_Keyence1,998,0.161492919921875
cfos_Keyence1,999,0.10086669921875
cfos_Keyence1,1000,0.11956787109375
cfos_Keyence1,1001,0.1727783203125
cfos_Keyence1,1002,0.1415283203125
cfos_Keyence1,1003,0.23386125564575194
cfos_Keyence1,1004,0.1486572265625
cfos_Keyence1,1005,0.1640869140625
cfos_Keyence1,1006,0.1238037109375
cfos_Keyence1,1007,0.12501602172851561
cfos_Keyence1,1008,0.138037109375
cfos_Keyence1,1009,0.16582298278808594
cfos_Keyence1,1010,0.1646484375
cfos_Keyence1,1011,0.188427734375
cfos_Keyence1,1012,0.17841796875
cfos_Keyence1,1013,0.14222488403320313
cfos_Keyence1,1014,0.1150726318359375
cfos_Keyence1,1015,0.1787109375
cfos_Keyence1,1016,0.14830322265625
cfos_Keyence1,1017,0.13897285461425782
cfos_Keyence1,1018,0.127490234375
cfos_Keyence1,1019,0.1791015625
cfos_Keyence1,1020,0.14388580322265626
cfos_Keyence1,1021,0.1186794638633728
cfos_Keyence1,1022,0.101678466796875
cfos_Keyence1,1023,0.1495532989501953
cfos_Keyence1,1024,0.141424560546875
cfos_Keyence1,1025,0.136572265625
cfos_Keyence1,1026,0.140289306640625
cfos_Keyence1,1027,0.1375244140625
cfos_Keyence1,1028,0.16383056640625
cfos_Keyence1,1029,0.1677001953125
cfos_Keyence1,1030,0.15302791595458984
cfos_Keyence1,1031,0.1453857421875
cfos_Keyence1,1032,0.1760009765625
cfos_Keyence1,1033,0.152978515625
cfos_Keyence1,1034,0.13486328125
cfos_Keyence1,1035,0.143017578125
cfos_Keyence1,1036,0.1910400390625
cfos_Keyence1,1037,0.156640625
cfos_Keyence1,1038,0.1839052200317383
cfos_Keyence1,1039,0.1766287088394165
cfos_Keyence1,1040,0.1035400390625
cfos_Keyence1,1041,0.1383544921875
cfos_Keyence1,1042,0.11717529296875
cfos_Keyence1,1043,0.205322265625
cfos_Keyence1,1044,0.12930908203125
cfos_Keyence1,1045,0.1612060546875
cfos_Keyence1,1046,0.1462890625
cfos_Keyence1,1047,0.09467964172363282
cfos_Keyence1,1048,0.168896484375
cfos_Keyence1,1049,0.12650146484375
cfos_Keyence1,1050,0.156640625
cfos_Keyence1,1051,0.10040578842163086
cfos_Keyence1,1052,0.1333984375
cfos_Keyence1,1053,0.160693359375
cfos_Keyence1,1054,0.1578369140625
cfos_Keyence1,1055,0.186962890625
cfos_Keyence1,1056,0.16634521484375
cfos_Keyence1,1057,0.16812505722045898
cfos_Keyence1,1058,0.1651611328125
cfos_Keyence1,1059,0.1471923828125
cfos_Keyence1,1060,0.07713623046875
cfos_Keyence1,1061,0.142034912109375
cfos_Keyence1,1062,0.139990234375
cfos_Keyence1,1063,0.148291015625
cfos_Keyence1,1064,0.169091796875
cfos_Keyence1,1065,0.1146484375
cfos_Keyence1,1066,0.16715087890625
cfos_Keyence1,1067,0.176416015625
cfos_Keyence1,1068,0.11973876953125
cfos_Keyence1,1069,0.14425048828125
cfos_Keyence1,1070,0.1224609375
cfos_Keyence1,1071,0.13260536193847655
cfos_Keyence1,1072,0.190673828125
cfos_Keyence1,1073,0.1609375
cfos_Keyence1,1074,0.13131103515625
cfos_Keyence1,1075,0.13186244964599608
cfos_Keyence1,1076,0.12418155670166016
cfos_Keyence1,1077,0.15907669067382812
cfos_Keyence1,1078,0.15422935485839845
cfos_Keyence1,1079,0.1510498046875
cfos_Keyence1,1080,0.17493700981140137
cfos_Keyence1,1081,0.11097412109375
cfos_Keyence1,1082,0.186834716796875
cfos_Keyence1,1083,0.160400390625
cfos_Keyence1,1084,0.134423828125
cfos_Keyence1,1085,0.1353515625
cfos_Keyence1,1086,0.174853515625
cfos_Keyence1,1087,0.1705902099609375
cfos_Keyence1,1088,0.1103515625
cfos_Keyence1,1089,0.167523193359375
cfos_Keyence1,1090,0.171533203125
cfos_Keyence1,1091,0.1642578125
cfos_Keyence1,1092,0.127435302734375
cfos_Keyence1,1093,0.0917388916015625
cfos_Keyence1,1094,0.138671875
cfos_Keyence1,1095,0.1240142822265625
cfos_Keyence1,1096,0.17493896484375
cfos_Keyence1,1097,0.1624267578125
cfos_Keyence1,1098,0.12362060546875
cfos_Keyence1,1099,0.1189004898071289
cfos_Keyence1,1100,0.1280517578125
cfos_Keyence1,1101,0.1783203125
cfos_Keyence1,1102,0.10234375
cfos_Keyence1,1103,0.1567626953125
cfos_Keyence1,1104,0.1486328125
cfos_Keyence1,1105,0.191162109375
cfos_Keyence1,1106,0.139007568359375
cfos_Keyence1,1107,0.1347900390625
cfos_Keyence1,1108,0.148675537109375
cfos_Keyence1,1109,0.17099947929382325
cfos_Keyence1,1110,0.09102659225463867
cfos_Keyence1,1111,0.1244781494140625
cfos_Keyence1,1112,0.1720703125
cfos_Keyence1,1113,0.1642822265625
cfos_Keyence1,1114,0.11924533843994141
cfos_Keyence1,1115,0.14736328125
cfos_Keyence1,1116,0.1420654296875
cfos_Keyence1,1117,0.136181640625
cfos_Keyence1,1118,0.1097900390625
cfos_Keyence1,1119,0.14992237091064453
cfos_Keyence1,1120,0.17783203125
cfos_Keyence1,1121,0.1479193687438965
cfos_Keyence1,1122,0.11852598190307617
cfos_Keyence1,1123,0.124676513671875
cfos_Keyence1,1124,0.07099609375
cfos_Keyence1,1125,0.1179931640625
cfos_Keyence1,1126,0.1173583984375
cfos_Keyence1,1127,0.11636962890625
cfos_Keyence1,1128,0.1421875
cfos_Keyence1,1129,0.1391632080078125
cfos_Keyence1,1130,0.13125
cfos_Keyence1,1131,0.144891357421875
cfos_Keyence1,1132,0.11706485748291015
cfos_Keyence1,1133,0.13349609375
cfos_Keyence1,1134,0.1561717987060547
cfos_Keyence1,1135,0.11114501953125
cfos_Keyence1,1136,0.2132568359375
cfos_Keyence1,1137,0.1496337890625
cfos_Keyence1,1138,0.1267333984375
cfos_Keyence1,1139,0.1866455078125
cfos_Keyence1,1140,0.1965087890625
cfos_Keyence1,1141,0.16807003021240235
cfos_Keyence1,1142,0.1412353515625
cfos_Keyence1,1143,0.0950958251953125
cfos_Keyence1,1144,0.1932861328125
cfos_Keyence1,1145,0.144921875
cfos_Keyence1,1146,0.150640869140625
cfos_Keyence1,1147,0.11588134765625
cfos_Keyence1,1148,0.1576171875
cfos_Keyence1,1149,0.103533935546875
cfos_Keyence1,1150,0.1849853515625
cfos_Keyence1,1151,0.14796142578125
cfos_Keyence1,1152,0.180029296875
cfos_Keyence1,1153,0.1357421875
cfos_Keyence1,1154,0.157568359375
cfos_Keyence1,1155,0.1628143310546875
cfos_Keyence1,1156,0.15401611328125
cfos_Keyence1,1157,0.16759033203125
cfos_Keyence1,1158,0.14747314453125
cfos_Keyence1,1159,0.08965138196945191
cfos_Keyence1,1160,0.13031692504882814
cfos_Keyence1,1161,0.158447265625
cfos_Keyence1,1162,0.134783935546875
cfos_Keyence1,1163,0.13247413635253907
cfos_Keyence1,1164,0.14563674926757814
cfos_Keyence1,1165,0.17998046875
cfos_Keyence1,1166,0.1951171875
cfos_Keyence1,1167,0.112432861328125
cfos_Keyence1,1168,0.139794921875
cfos_Keyence1,1169,0.127880859375
cfos_Keyence1,1170,0.155572509765625
cfos_Keyence1,1171,0.16396484375
cfos_Keyence1,1172,0.150897216796875
cfos_Keyence1,1173,0.16119384765625
cfos_Keyence1,1174,0.1586181640625
cfos_Keyence1,1175,0.07975845336914063
cfos_Keyence1,1176,0.15965576171875
cfos_Keyence1,1177,0.16414794921875
cfos_Keyence1,1178,0.173291015625
cfos_Keyence1,1179,0.15364990234375
cfos_Keyence1,1180,0.13466796875
cfos_Keyence1,1181,0.165625
cfos_Keyence1,1182,0.12775917053222657
cfos_Keyence1,1183,0.1436556577682495
cfos_Keyence1,1184,0.1336181640625
cfos_Keyence1,1185,0.12376708984375
cfos_Keyence1,1186,0.1134765625
cfos_Keyence1,1187,0.1228515625
cfos_Keyence1,1188,0.11123046875
cfos_Keyence1,1189,0.1370361328125
cfos_Keyence1,1190,0.158349609375
cfos_Keyence1,1191,0.13599348068237305
cfos_Keyence1,1192,0.1439697265625
cfos_Keyence1,1193,0.216943359375
cfos_Keyence1,1194,0.20535888671875
cfos_Keyence1,1195,0.18427734375
cfos_Keyence1,1196,0.15997314453125
cfos_Keyence1,1197,0.199658203125
cfos_Keyence1,1198,0.17891845703125
cfos_Keyence1,1199,0.1474884033203125
cfos_Keyence1,1200,0.163165283203125
cfos_Keyence1,1201,0.12024188041687012
cfos_Keyence1,1202,0.1640380859375
cfos_Keyence1,1203,0.11292724609375
cfos_Keyence1,1204,0.1924072265625
cfos_Keyence1,1205,0.123876953125
cfos_Keyence1,1206,0.12109375
cfos_Keyence1,1207,0.08292489051818848
cfos_Keyence1,1208,0.125439453125
cfos_Keyence1,1209,0.1181396484375
cfos_Keyence1,1210,0.13772459030151368
cfos_Keyence1,1211,0.106982421875
cfos_Keyence1,1212,0.161181640625
cfos_Keyence1,1213,0.180029296875
cfos_Keyence1,1214,0.1983154296875
cfos_Keyence1,1215,0.135400390625
cfos_Keyence1,1216,0.119281005859375
cfos_Keyence1,1217,0.1767578125
cfos_Keyence1,1218,0.10554695129394531
cfos_Keyence1,1219,0.090234375
cfos_Keyence1,1220,0.1527859091758728
cfos_Keyence1,1221,0.14608154296875
cfos_Keyence1,1222,0.1466766357421875
cfos_Keyence1,1223,0.12197265625
cfos_Keyence1,1224,0.10645904541015624
cfos_Keyence1,1225,0.16312255859375
cfos_Keyence1,1226,0.117364501953125
cfos_Keyence1,1227,0.14481201171875
cfos_Keyence1,1228,0.151904296875
cfos_Keyence1,1229,0.159130859375
cfos_Keyence1,1230,0.11861572265625
cfos_Keyence1,1231,0.1871826171875
cfos_Keyence1,1232,0.1364013671875
cfos_Keyence1,1233,0.1427734375
cfos_Keyence1,1234,0.12192268371582031
cfos_Keyence1,1235,0.1548828125
cfos_Keyence1,1236,0.1501708984375
cfos_Keyence1,1237,0.1661376953125
cfos_Keyence1,1238,0.10415334701538086
cfos_Keyence1,1239,0.1759765625
cfos_Keyence1,1240,0.14969482421875
cfos_Keyence1,1241,0.231640625
cfos_Keyence1,1242,0.133544921875
cfos_Keyence1,1243,0.1107210397720337
cfos_Keyence1,1244,0.1643798828125
cfos_Keyence1,1245,0.13748779296875
cfos_Keyence1,1246,0.1451171875
cfos_Keyence1,1247,0.10897216796875
cfos_Keyence1,1248,0.1676025390625
cfos_Keyence1,1249,0.13487548828125
cfos_Keyence1,1250,0.1504150390625
cfos_Keyence1,1251,0.14803466796875
cfos_Keyence1,1252,0.1388916015625
cfos_Keyence1,1253,0.1305419921875
cfos_Keyence1,1254,0.14568023681640624
cfos_Keyence1,1255,0.125830078125
cfos_Keyence1,1256,0.1446533203125
cfos_Keyence1,1257,0.137646484375
cfos_Keyence1,1258,0.178515625
cfos_Keyence1,1259,0.1525390625
cfos_Keyence1,1260,0.08972549438476562
cfos_Keyence1,1261,0.09927978515625
cfos_Keyence1,1262,0.10823974609375
cfos_Keyence1,1263,0.1428466796875
cfos_Keyence1,1264,0.1968017578125
cfos_Keyence1,1265,0.143212890625
cfos_Keyence1,1266,0.16376161575317383
cfos_Keyence1,1267,0.13189196586608887
cfos_Keyence1,1268,0.089990234375
cfos_Keyence1,1269,0.1512939453125
cfos_Keyence1,1270,0.15634765625
cfos_Keyence1,1271,0.1312406301498413
cfos_Keyence1,1272,0.124755859375
cfos_Keyence1,1273,0.1108154296875
cfos_Keyence1,1274,0.14462890625
cfos_Keyence1,1275,0.159033203125
cfos_Keyence1,1276,0.0985595703125
cfos_Keyence1,1277,0.12325439453125
cfos_Keyence1,1278,0.159423828125
cfos_Keyence1,1279,0.143450927734375
cfos_Keyence1,1280,0.176220703125
cfos_Keyence1,1281,0.1073486328125
cfos_Keyence1,1282,0.095245361328125
cfos_Keyence1,1283,0.1685791015625
cfos_Keyence1,1284,0.14224853515625
cfos_Keyence1,1285,0.12062492370605468
cfos_Keyence1,1286,0.1638427734375
cfos_Keyence1,1287,0.169775390625
cfos_Keyence1,1288,0.12611083984375
cfos_Keyence1,1289,0.1449951171875
cfos_Keyence1,1290,0.1781005859375
cfos_Keyence1,1291,0.182470703125
cfos_Keyence1,1292,0.149755859375
cfos_Keyence1,1293,0.1787353515625
cfos_Keyence1,1294,0.1339569091796875
cfos_Keyence1,1295,0.1423828125
cfos_Keyence1,1296,0.19609375
cfos_Keyence1,1297,0.09681396484375
cfos_Keyence1,1298,0.1411376953125
cfos_Keyence1,1299,0.172802734375
cfos_Keyence1,1300,0.1214599609375
cfos_Keyence1,1301,0.116552734375
cfos_Keyence1,1302,0.116552734375
cfos_Keyence1,1303,0.1667236328125
cfos_Keyence1,1304,0.1647216796875
cfos_Keyence1,1305,0.130029296875
cfos_Keyence1,1306,0.1327268123626709
cfos_Keyence1,1307,0.14541015625
cfos_Keyence1,1308,0.1741943359375
cfos_Keyence1,1309,0.1404560089111328
cfos_Keyence1,1310,0.1222228765487671
cfos_Keyence1,1311,0.1666259765625
cfos_Keyence1,1312,0.114398193359375
cfos_Keyence1,1313,0.1780517578125
cfos_Keyence1,1314,0.1310546875
cfos_Keyence1,1315,0.11893310546875
cfos_Keyence1,1316,0.1267578125
cfos_Keyence1,1317,0.13984375
cfos_Keyence1,1318,0.11524581909179688
cfos_Keyence1,1319,0.1812255859375
cfos_Keyence1,1320,0.204296875
cfos_Keyence1,1321,0.1240966796875
cfos_Keyence1,1322,0.15400390625
cfos_Keyence1,1323,0.12120361328125
cfos_Keyence1,1324,0.12061767578125
cfos_Keyence1,1325,0.0649169921875
cfos_Keyence1,1326,0.18291015625
cfos_Keyence1,1327,0.09101852178573608
cfos_Keyence1,1328,0.103466796875
cfos_Keyence1,1329,0.1578369140625
cfos_Keyence1,1330,0.1246826171875
cfos_Keyence1,1331,0.14853515625
cfos_Keyence1,1332,0.12114334106445312
cfos_Keyence1,1333,0.1587890625
cfos_Keyence1,1334,0.09573341608047485
cfos_Keyence1,1335,0.11329345703125
cfos_Keyence1,1336,0.13146419525146485
cfos_Keyence1,1337,0.094610595703125
cfos_Keyence1,1338,0.14586181640625
cfos_Keyence1,1339,0.1638671875
cfos_Keyence1,1340,0.223876953125
cfos_Keyence1,1341,0.1328857421875
cfos_Keyence1,1342,0.136865234375
cfos_Keyence1,1343,0.08170251846313477
cfos_Keyence1,1344,0.14598965644836426
cfos_Keyence1,1345,0.134716796875
cfos_Keyence1,1346,0.15341796875
cfos_Keyence1,1347,0.14794921875
cfos_Keyence1,1348,0.16832275390625
cfos_Keyence1,1349,0.1452880859375
cfos_Keyence1,1350,0.18714599609375
cfos_Keyence1,1351,0.09640388488769532
cfos_Keyence1,1352,0.124835205078125
cfos_Keyence1,1353,0.1648097038269043
cfos_Keyence1,1354,0.16593017578125
cfos_Keyence1,1355,0.08654544353485108
cfos_Keyence1,1356,0.1216552734375
cfos_Keyence1,1357,0.1686279296875
cfos_Keyence1,1358,0.14380302429199218
cfos_Keyence1,1359,0.1489990234375
cfos_Keyence1,1360,0.18056640625
cfos_Keyence1,1361,0.151422119140625
cfos_Keyence1,1362,0.1651611328125
cfos_Keyence1,1363,0.1181802749633789
cfos_Keyence1,1364,0.1353759765625
cfos_Keyence1,1365,0.1748779296875
cfos_Keyence1,1366,0.116455078125
cfos_Keyence1,1367,0.1570556640625
cfos_Keyence1,1368,0.14674072265625
cfos_Keyence1,1369,0.121923828125
cfos_Keyence1,1370,0.11820068359375
cfos_Keyence1,1371,0.123016357421875
cfos_Keyence1,1372,0.1697021484375
cfos_Keyence1,1373,0.1313720703125
cfos_Keyence1,1374,0.15234375
cfos_Keyence1,1375,0.13057022094726561
cfos_Keyence1,1376,0.19052734375
cfos_Keyence1,1377,0.118463134765625
cfos_Keyence1,1378,0.144525146484375
cfos_Keyence1,1379,0.09365234375
cfos_Keyence1,1380,0.1956298828125
cfos_Keyence1,1381,0.1296630859375
cfos_Keyence1,1382,0.137255859375
cfos_Keyence1,1383,0.184814453125
cfos_Keyence1,1384,0.112158203125
cfos_Keyence1,1385,0.1220458984375
cfos_Keyence1,1386,0.08876953125
cfos_Keyence1,1387,0.12650146484375
cfos_Keyence1,1388,0.176123046875
cfos_Keyence1,1389,0.11725139617919922
cfos_Keyence1,1390,0.149853515625
cfos_Keyence1,1391,0.1485595703125
cfos_Keyence1,1392,0.12626953125
cfos_Keyence1,1393,0.13315896987915038
cfos_Keyence1,1394,0.165234375
cfos_Keyence1,1395,0.10333251953125
cfos_Keyence1,1396,0.1417236328125
cfos_Keyence1,1397,0.12289266586303711
cfos_Keyence1,1398,0.118212890625
cfos_Keyence1,1399,0.13662109375
cfos_Keyence1,1400,0.08804512023925781
cfos_Keyence1,1401,0.15162353515625
cfos_Keyence1,1402,0.1716796875
cfos_Keyence1,1403,0.14058837890625
cfos_Keyence1,1404,0.17412109375
cfos_Keyence1,1405,0.15574569702148439
cfos_Keyence1,1406,0.132147216796875
cfos_Keyence1,1407,0.11316766738891601
cfos_Keyence1,1408,0.146453857421875
cfos_Keyence1,1409,0.1234619140625
cfos_Keyence1,1410,0.10296969413757324
cfos_Keyence1,1411,0.10920948982238769
cfos_Keyence1,1412,0.1234375
cfos_Keyence1,1413,0.1228687047958374
cfos_Keyence1,1414,0.1104736328125
cfos_Keyence1,1415,0.0808563232421875
cfos_Keyence1,1416,0.17059326171875
cfos_Keyence1,1417,0.14801025390625
cfos_Keyence1,1418,0.177825927734375
cfos_Keyence1,1419,0.07735989093780518
cfos_Keyence1,1420,0.09591064453125
cfos_Keyence1,1421,0.156756591796875
cfos_Keyence1,1422,0.149072265625
cfos_Keyence1,1423,0.15465087890625
cfos_Keyence1,1424,0.1850860595703125
cfos_Keyence1,1425,0.11943359375
cfos_Keyence1,1426,0.079217529296875
cfos_Keyence1,1427,0.1390625
cfos_Keyence1,1428,0.10338134765625
cfos_Keyence1,1429,0.16331787109375
cfos_Keyence1,1430,0.1280029296875
cfos_Keyence1,1431,0.1447509765625
cfos_Keyence1,1432,0.15810546875
cfos_Keyence1,1433,0.1167107105255127
cfos_Keyence1,1434,0.1917724609375
cfos_Keyence1,1435,0.16688613891601561
cfos_Keyence1,1436,0.11375732421875
cfos_Keyence1,1437,0.1509765625
cfos_Keyence1,1438,0.1431884765625
cfos_Keyence1,1439,0.12364501953125
cfos_Keyence1,1440,0.1486083984375
cfos_Keyence1,1441,0.191552734375
cfos_Keyence1,1442,0.15482177734375
cfos_Keyence1,1443,0.195263671875
cfos_Keyence1,1444,0.142730712890625
cfos_Keyence1,1445,0.17598876953125
cfos_Keyence1,1446,0.1614501953125
cfos_Keyence1,1447,0.1396484375
cfos_Keyence1,1448,0.177001953125
cfos_Keyence1,1449,0.156646728515625
cfos_Keyence1,1450,0.185595703125
cfos_Keyence1,1451,0.13641433715820311
cfos_Keyence1,1452,0.1297119140625
cfos_Keyence1,1453,0.146160888671875
cfos_Keyence1,1454,0.184716796875
cfos_Keyence1,1455,0.1253662109375
cfos_Keyence1,1456,0.1735107421875
cfos_Keyence1,1457,0.15303955078125
cfos_Keyence1,1458,0.14281005859375
cfos_Keyence1,1459,0.131396484375
cfos_Keyence1,1460,0.115625
cfos_Keyence1,1461,0.1746337890625
cfos_Keyence1,1462,0.12257080078125
cfos_Keyence1,1463,0.16103515625
cfos_Keyence1,1464,0.10908203125
cfos_Keyence1,1465,0.1592529296875
cfos_Keyence1,1466,0.10545721054077148
cfos_Keyence1,1467,0.13016128540039062
cfos_Keyence1,1468,0.14921875
cfos_Keyence1,1469,0.1281494140625
cfos_Keyence1,1470,0.14208984375
cfos_Keyence1,1471,0.82005615234375
cfos_Keyence1,1472,0.144482421875
cfos_Keyence1,1473,0.167529296875
cfos_Keyence1,1474,0.13592529296875
cfos_Keyence1,1475,0.123272705078125
cfos_Keyence1,1476,0.161883544921875
cfos_Keyence1,1477,0.135382080078125
cfos_Keyence1,1478,0.15625
cfos_Keyence1,1479,0.154296875
cfos_Keyence1,1480,0.138623046875
cfos_Keyence1,1481,0.190863037109375
cfos_Keyence1,1482,0.0858795166015625
cfos_Keyence1,1483,0.1644287109375
cfos_Keyence1,1484,0.1275146484375
cfos_Keyence1,1485,0.16146240234375
cfos_Keyence1,1486,0.08700299263000488
cfos_Keyence1,1487,0.14736328125
cfos_Keyence1,1488,0.109515380859375
cfos_Keyence1,1489,0.17314453125
cfos_Keyence1,1490,0.14423828125
cfos_Keyence1,1491,0.13295512199401854
cfos_Keyence1,1492,0.2146484375
cfos_Keyence1,1493,0.148828125
cfos_Keyence1,1494,0.15301513671875
cfos_Keyence1,1495,0.2333984375
cfos_Keyence1,1496,0.1431884765625
cfos_Keyence1,1497,0.099957275390625
cfos_Keyence1,1498,0.12890625
cfos_Keyence1,1499,0.12255859375
cfos_Keyence1,1500,0.1666259765625
cfos_Keyence1,1501,0.1482177734375
cfos_Keyence1,1502,0.11842899322509766
cfos_Keyence1,1503,0.14366455078125
cfos_Keyence1,1504,0.1122802734375
cfos_Keyence1,1505,0.1389068603515625
cfos_Keyence1,1506,0.1796630859375
cfos_Keyence1,1507,0.11167678833007813
cfos_Keyence1,1508,0.185498046875
cfos_Keyence1,1509,0.135791015625
cfos_Keyence1,1510,0.12808837890625
cfos_Keyence1,1511,0.173095703125
cfos_Keyence1,1512,0.146630859375
cfos_Keyence1,1513,0.15654296875
cfos_Keyence1,1514,0.1388671875
cfos_Keyence1,1515,0.1805908203125
cfos_Keyence1,1516,0.1646484375
cfos_Keyence1,1517,0.1208984375
cfos_Keyence1,1518,0.11319580078125
cfos_Keyence1,1519,0.13599853515625
cfos_Keyence1,1520,0.160888671875
cfos_Keyence1,1521,0.10274505615234375
cfos_Keyence1,1522,0.1474365234375
cfos_Keyence1,1523,0.132421875
cfos_Keyence1,1524,0.140771484375
cfos_Keyence1,1525,0.17239990234375
cfos_Keyence1,1526,0.14296875
cfos_Keyence1,1527,0.12516415119171143
cfos_Keyence1,1528,0.175439453125
cfos_Keyence1,1529,0.186083984375
cfos_Keyence1,1530,0.10974650382995606
cfos_Keyence1,1531,0.14889678955078126
cfos_Keyence1,1532,0.18251953125
cfos_Keyence1,1533,0.21495361328125
cfos_Keyence1,1534,0.1328369140625
cfos_Keyence1,1535,0.13737716674804687
cfos_Keyence1,1536,0.171142578125
cfos_Keyence1,1537,0.1406005859375
cfos_Keyence1,1538,0.09473915100097656
cfos_Keyence1,1539,0.18876953125
cfos_Keyence1,1540,0.180322265625
cfos_Keyence1,1541,0.1655029296875
cfos_Keyence1,1542,0.1259521484375
cfos_Keyence1,1543,0.1395751953125
cfos_Keyence1,1544,0.184033203125
cfos_Keyence1,1545,0.124993896484375
cfos_Keyence1,1546,0.11771240234375
cfos_Keyence1,1547,0.1455810546875
cfos_Keyence1,1548,0.178466796875
cfos_Keyence1,1549,0.155224609375
cfos_Keyence1,1550,0.132525634765625
cfos_Keyence1,1551,0.14862594604492188
cfos_Keyence1,1552,0.1429931640625
cfos_Keyence1,1553,0.14117112159729003
cfos_Keyence1,1554,0.1763671875
cfos_Keyence1,1555,0.16318359375
cfos_Keyence1,1556,0.119140625
cfos_Keyence1,1557,0.138134765625
cfos_Keyence1,1558,0.131591796875
cfos_Keyence1,1559,0.153076171875
cfos_Keyence1,1560,0.09786720275878906
cfos_Keyence1,1561,0.1632293701171875
cfos_Keyence1,1562,0.1333251953125
cfos_Keyence1,1563,0.157275390625
cfos_Keyence1,1564,0.11094970703125
cfos_Keyence1,1565,0.1282580852508545
cfos_Keyence1,1566,0.1098876953125
cfos_Keyence1,1567,0.168157958984375
cfos_Keyence1,1568,0.16845703125
cfos_Keyence1,1569,0.12786865234375
cfos_Keyence1,1570,0.1505615234375
cfos_Keyence1,1571,0.11610221862792969
cfos_Keyence1,1572,0.135888671875
cfos_Keyence1,1573,0.171826171875
cfos_Keyence1,1574,0.137164306640625
cfos_Keyence1,1575,0.11324310302734375
cfos_Keyence1,1576,0.148486328125
cfos_Keyence1,1577,0.10649948120117188
cfos_Keyence1,1578,0.146881103515625
cfos_Keyence1,1579,0.11907219886779785
cfos_Keyence1,1580,0.13779296875
cfos_Keyence1,1581,0.1538330078125
cfos_Keyence1,1582,0.220458984375
cfos_Keyence1,1583,0.13363037109375
cfos_Keyence1,1584,0.13623046875
cfos_Keyence1,1585,0.1103271484375
cfos_Keyence1,1586,0.1494873046875
cfos_Keyence1,1587,0.12203369140625
cfos_Keyence1,1588,0.10252685546875
cfos_Keyence1,1589,0.12520751953125
cfos_Keyence1,1590,0.137200927734375
cfos_Keyence1,1591,0.134978723526001
cfos_Keyence1,1592,0.1333251953125
cfos_Keyence1,1593,0.14892578125
cfos_Keyence1,1594,0.158984375
cfos_Keyence1,1595,0.14515380859375
cfos_Keyence1,1596,0.1475341796875
cfos_Keyence1,1597,0.1342041015625
cfos_Keyence1,1598,0.132080078125
cfos_Keyence1,1599,0.158843994140625
cfos_Keyence1,1600,0.09896392822265625
cfos_Keyence1,1601,0.14415283203125
cfos_Keyence1,1602,0.13651123046875
cfos_Keyence1,1603,0.14658203125
cfos_Keyence1,1604,0.097369384765625
cfos_Keyence1,1605,0.11357421875
cfos_Keyence1,1606,0.1306884765625
cfos_Keyence1,1607,0.1322509765625
cfos_Keyence1,1608,0.12022705078125
cfos_Keyence1,1609,0.143359375
cfos_Keyence1,1610,0.16862640380859376
cfos_Keyence1,1611,0.11873779296875
cfos_Keyence1,1612,0.15010986328125
cfos_Keyence1,1613,0.13204345703125
cfos_Keyence1,1614,0.1156245231628418
cfos_Keyence1,1615,0.121044921875
cfos_Keyence1,1616,0.193017578125
cfos_Keyence1,1617,0.164501953125
cfos_Keyence1,1618,0.17440185546875
cfos_Keyence1,1619,0.1601318359375
cfos_Keyence1,1620,0.17100830078125
cfos_Keyence1,1621,0.155706787109375
cfos_Keyence1,1622,0.15430908203125
cfos_Keyence1,1623,0.1262786865234375
cfos_Keyence1,1624,0.13908157348632813
cfos_Keyence1,1625,0.13427734375
cfos_Keyence1,1626,0.142303466796875
cfos_Keyence1,1627,0.19372291564941407
cfos_Keyence1,1628,0.147802734375
cfos_Keyence1,1629,0.116845703125
cfos_Keyence1,1630,0.14775390625
cfos_Keyence1,1631,0.12159168720245361
cfos_Keyence1,1632,0.11824095249176025
cfos_Keyence1,1633,0.188134765625
cfos_Keyence1,1634,0.1034210205078125
cfos_Keyence1,1635,0.11452255249023438
cfos_Keyence1,1636,0.202978515625
cfos_Keyence1,1637,0.10430526733398438
cfos_Keyence1,1638,0.10302734375
cfos_Keyence1,1639,0.13133544921875
cfos_Keyence1,1640,0.169091796875
cfos_Keyence1,1641,0.14805908203125
cfos_Keyence1,1642,0.15517306327819824
cfos_Keyence1,1643,0.1419921875
cfos_Keyence1,1644,0.11972503662109375
cfos_Keyence1,1645,0.10530242919921876
cfos_Keyence1,1646,0.13457794189453126
cfos_Keyence1,1647,0.170703125
cfos_Keyence1,1648,0.14755859375
cfos_Keyence1,1649,0.1620025634765625
cfos_Keyence1,1650,0.09199774265289307
cfos_Keyence1,1651,0.180029296875
cfos_Keyence1,1652,0.11636962890625
cfos_Keyence1,1653,0.11373291015625
cfos_Keyence1,1654,0.15130844116210937
cfos_Keyence1,1655,0.1300567626953125
cfos_Keyence1,1656,0.16309051513671874
cfos_Keyence1,1657,0.119256591796875
cfos_Keyence1,1658,0.1386474609375
cfos_Keyence1,1659,0.135809326171875
cfos_Keyence1,1660,0.096600341796875
cfos_Keyence1,1661,0.12999267578125
cfos_Keyence1,1662,0.11609869003295899
cfos_Keyence1,1663,0.194482421875
cfos_Keyence1,1664,0.11736862659454346
cfos_Keyence1,1665,0.15748291015625
cfos_Keyence1,1666,0.1372314453125
cfos_Keyence1,1667,0.145458984375
cfos_Keyence1,1668,0.1082427978515625
cfos_Keyence1,1669,0.1238525390625
cfos_Keyence1,1670,0.1277914047241211
cfos_Keyence1,1671,0.0757080078125
cfos_Keyence1,1672,0.164453125
cfos_Keyence1,1673,0.167449951171875
cfos_Keyence1,1674,0.12353515625
cfos_Keyence1,1675,0.125390625
cfos_Keyence1,1676,0.15106201171875
cfos_Keyence1,1677,0.181396484375
cfos_Keyence1,1678,0.153271484375
cfos_Keyence1,1679,0.1935546875
cfos_Keyence1,1680,0.160400390625
cfos_Keyence1,1681,0.12786865234375
cfos_Keyence1,1682,0.1321533203125
cfos_Keyence1,1683,0.137078857421875
cfos_Keyence1,1684,0.1857421875
cfos_Keyence1,1685,0.130908203125
cfos_Keyence1,1686,0.12984619140625
cfos_Keyence1,1687,0.144873046875
cfos_Keyence1,1688,0.156353759765625
cfos_Keyence1,1689,0.17670087814331054
cfos_Keyence1,1690,0.11114501953125
cfos_Keyence1,1691,0.18798828125
cfos_Keyence1,1692,0.09482421875
cfos_Keyence1,1693,0.1471435546875
cfos_Keyence1,1694,0.11929931640625
cfos_Keyence1,1695,0.161767578125
cfos_Keyence1,1696,0.1281982421875
cfos_Keyence1,1697,0.112548828125
cfos_Keyence1,1698,0.12403590679168701
cfos_Keyence1,1699,0.1424560546875
cfos_Keyence1,1700,0.1892578125
cfos_Keyence1,1701,0.21796875
cfos_Keyence1,1702,0.198779296875
cfos_Keyence1,1703,0.10849884748458863
cfos_Keyence1,1704,0.10745849609375
cfos_Keyence1,1705,0.080596923828125
cfos_Keyence1,1706,0.09144287109375
cfos_Keyence1,1707,0.07717132568359375
cfos_Keyence1,1708,0.16181640625
cfos_Keyence1,1709,0.141180419921875
cfos_Keyence1,1710,0.1652099609375
cfos_Keyence1,1711,0.155810546875
cfos_Keyence1,1712,0.12304534912109374
cfos_Keyence1,1713,0.13647079467773438
cfos_Keyence1,1714,0.11027793884277344
cfos_Keyence1,1715,0.14365234375
cfos_Keyence1,1716,0.134423828125
cfos_Keyence1,1717,0.1384765625
cfos_Keyence1,1718,0.13642578125
cfos_Keyence1,1719,0.1159423828125
cfos_Keyence1,1720,0.15061628818511963
cfos_Keyence1,1721,0.096588134765625
cfos_Keyence1,1722,0.1192138671875
cfos_Keyence1,1723,0.115521240234375
cfos_Keyence1,1724,0.1829833984375
cfos_Keyence1,1725,0.13154296875
cfos_Keyence1,1726,0.17373046875
cfos_Keyence1,1727,0.170703125
cfos_Keyence1,1728,0.14434814453125
cfos_Keyence1,1729,0.1598876953125
cfos_Keyence1,1730,0.13603515625
cfos_Keyence1,1731,0.0947805404663086
cfos_Keyence1,1732,0.14488325119018555
cfos_Keyence1,1733,0.13076324462890626
cfos_Keyence1,1734,0.1301483154296875
cfos_Keyence1,1735,0.1085601806640625
cfos_Keyence1,1736,0.12298774719238281
cfos_Keyence1,1737,0.1095458984375
cfos_Keyence1,1738,0.157763671875
cfos_Keyence1,1739,0.1459228515625
cfos_Keyence1,1740,0.13876953125
cfos_Keyence1,1741,0.145458984375
cfos_Keyence1,1742,0.151373291015625
cfos_Keyence1,1743,0.13871078491210936
cfos_Keyence1,1744,0.1633544921875
cfos_Keyence1,1745,0.1376708745956421
cfos_Keyence1,1746,0.1147705078125
cfos_Keyence1,1747,0.1677490234375
cfos_Keyence1,1748,0.1565673828125
cfos_Keyence1,1749,0.1299072265625
cfos_Keyence1,1750,0.149072265625
cfos_Keyence1,1751,0.20390625
cfos_Keyence1,1752,0.0913193941116333
cfos_Keyence1,1753,0.135498046875
cfos_Keyence1,1754,0.08497047424316406
cfos_Keyence1,1755,0.174267578125
cfos_Keyence1,1756,0.1347900390625
cfos_Keyence1,1757,0.10584754943847656
cfos_Keyence1,1758,0.165625
cfos_Keyence1,1759,0.1409228801727295
cfos_Keyence1,1760,0.178076171875
cfos_Keyence1,1761,0.15714111328125
cfos_Keyence1,1762,0.1302490234375
cfos_Keyence1,1763,0.1428466796875
cfos_Keyence1,1764,0.11944580078125
cfos_Keyence1,1765,0.128857421875
cfos_Keyence1,1766,0.15302734375
cfos_Keyence1,1767,0.1091278076171875
cfos_Keyence1,1768,0.1044677734375
cfos_Keyence1,1769,0.125927734375
cfos_Keyence1,1770,0.1408935546875
cfos_Keyence1,1771,0.0924072265625
cfos_Keyence1,1772,0.1764892578125
cfos_Keyence1,1773,0.1110107421875
cfos_Keyence1,1774,0.11059722900390626
cfos_Keyence1,1775,0.15999526977539064
cfos_Keyence1,1776,0.186181640625
cfos_Keyence1,1777,0.131878662109375
cfos_Keyence1,1778,0.16739869117736816
cfos_Keyence1,1779,0.120654296875
cfos_Keyence1,1780,0.1123291015625
cfos_Keyence1,1781,0.14068603515625
cfos_Keyence1,1782,0.17252826690673828
cfos_Keyence1,1783,0.150341796875
cfos_Keyence1,1784,0.12608642578125
cfos_Keyence1,1785,0.08186080455780029
cfos_Keyence1,1786,0.1244140625
cfos_Keyence1,1787,0.1107177734375
cfos_Keyence1,1788,0.148095703125
cfos_Keyence1,1789,0.1244873046875
cfos_Keyence1,1790,0.153192138671875
cfos_Keyence1,1791,0.170068359375
cfos_Keyence1,1792,0.1569091796875
cfos_Keyence1,1793,0.214892578125
cfos_Keyence1,1794,0.14122314453125
cfos_Keyence1,1795,0.1927978515625
cfos_Keyence1,1796,0.14610595703125
cfos_Keyence1,1797,0.179766845703125
cfos_Keyence1,1798,0.17763671875
cfos_Keyence1,1799,0.14326171875
cfos_Keyence1,1800,0.13194580078125
cfos_Keyence1,1801,0.14635009765625
cfos_Keyence1,1802,0.1452880859375
cfos_Keyence1,1803,0.161572265625
cfos_Keyence1,1804,0.102569580078125
cfos_Keyence1,1805,0.15570068359375
cfos_Keyence1,1806,0.13536376953125
cfos_Keyence1,1807,0.116845703125
cfos_Keyence1,1808,0.145947265625
cfos_Keyence1,1809,0.15966796875
cfos_Keyence1,1810,0.14609375
cfos_Keyence1,1811,0.149176025390625
cfos_Keyence1,1812,0.1684173583984375
cfos_Keyence1,1813,0.1263671875
cfos_Keyence1,1814,0.17958984375
cfos_Keyence1,1815,0.17174072265625
cfos_Keyence1,1816,0.15879440307617188
cfos_Keyence1,1817,0.14616241455078124
cfos_Keyence1,1818,0.117193603515625
cfos_Keyence1,1819,0.08421039581298828
cfos_Keyence1,1820,0.151806640625
cfos_Keyence1,1821,0.11650390625
cfos_Keyence1,1822,0.14970703125
cfos_Keyence1,1823,0.1740020751953125
cfos_Keyence1,1824,0.1765625
cfos_Keyence1,1825,0.193743896484375
cfos_Keyence1,1826,0.1328369140625
cfos_Keyence1,1827,0.139697265625
cfos_Keyence1,1828,0.1365478515625
cfos_Keyence1,1829,0.14144287109375
cfos_Keyence1,1830,0.11464519500732422
cfos_Keyence1,1831,0.1710205078125
cfos_Keyence1,1832,0.14532470703125
cfos_Keyence1,1833,0.106787109375
cfos_Keyence1,1834,0.153564453125
cfos_Keyence1,1835,0.1053009033203125
cfos_Keyence1,1836,0.1307373046875
cfos_Keyence1,1837,0.14031515121459961
cfos_Keyence1,1838,0.15072021484375
cfos_Keyence1,1839,0.157470703125
cfos_Keyence1,1840,0.1291015625
cfos_Keyence1,1841,0.13617899417877197
cfos_Keyence1,1842,0.150927734375
cfos_Keyence1,1843,0.1670654296875
cfos_Keyence1,1844,0.157275390625
cfos_Keyence1,1845,0.162786865234375
cfos_Keyence1,1846,0.12724609375
cfos_Keyence1,1847,0.12725830078125
cfos_Keyence1,1848,0.10760498046875
cfos_Keyence1,1849,0.1441162109375
cfos_Keyence1,1850,0.154150390625
cfos_Keyence1,1851,0.09263916015625
cfos_Keyence1,1852,0.096435546875
cfos_Keyence1,1853,0.159454345703125
cfos_Keyence1,1854,0.172265625
cfos_Keyence1,1855,0.12479248046875
cfos_Keyence1,1856,0.16455078125
cfos_Keyence1,1857,0.202392578125
cfos_Keyence1,1858,0.1675140380859375
cfos_Keyence1,1859,0.18726806640625
cfos_Keyence1,1860,0.11040735244750977
cfos_Keyence1,1861,0.13585784435272216
cfos_Keyence1,1862,0.1361724853515625
cfos_Keyence1,1863,0.1657470703125
cfos_Keyence1,1864,0.1717041015625
cfos_Keyence1,1865,0.14765625
cfos_Keyence1,1866,0.127978515625
cfos_Keyence1,1867,0.158837890625
cfos_Keyence1,1868,0.10771026611328124
cfos_Keyence1,1869,0.12750244140625
cfos_Keyence1,1870,0.14337782859802245
cfos_Keyence1,1871,0.11793212890625
cfos_Keyence1,1872,0.1105712890625
cfos_Keyence1,1873,0.15559959411621094
cfos_Keyence1,1874,0.12056427001953125
cfos_Keyence1,1875,0.14384765625
cfos_Keyence1,1876,0.17481689453125
cfos_Keyence1,1877,0.131103515625
cfos_Keyence1,1878,0.18692626953125
cfos_Keyence1,1879,0.116162109375
cfos_Keyence1,1880,0.187744140625
cfos_Keyence1,1881,0.12333984375
cfos_Keyence1,1882,0.1541015625
cfos_Keyence1,1883,0.174951171875
cfos_Keyence1,1884,0.123779296875
cfos_Keyence1,1885,0.1351318359375
cfos_Keyence1,1886,0.14482421875
cfos_Keyence1,1887,0.1423583984375
cfos_Keyence1,1888,0.112158203125
cfos_Keyence1,1889,0.1584228515625
cfos_Keyence1,1890,0.12052383422851562
cfos_Keyence1,1891,0.188623046875
cfos_Keyence1,1892,0.1840576171875
cfos_Keyence1,1893,0.14275797605514526
cfos_Keyence1,1894,0.1358856201171875
cfos_Keyence1,1895,0.145849609375
cfos_Keyence1,1896,0.15615234375
cfos_Keyence1,1897,0.1242431640625
cfos_Keyence1,1898,0.1393310546875
cfos_Keyence1,1899,0.133984375
cfos_Keyence1,1900,0.16132431030273436
cfos_Keyence1,1901,0.13017578125
cfos_Keyence1,1902,0.1393829345703125
cfos_Keyence1,1903,0.134423828125
cfos_Keyence1,1904,0.10002212524414063
cfos_Keyence1,1905,0.15341796875
cfos_Keyence1,1906,0.12213134765625
cfos_Keyence1,1907,0.14716796875
cfos_Keyence1,1908,0.1211181640625
cfos_Keyence1,1909,0.09619140625
cfos_Keyence1,1910,0.126814603805542
cfos_Keyence1,1911,0.113909912109375
cfos_Keyence1,1912,0.146630859375
cfos_Keyence1,1913,0.1244140625
cfos_Keyence1,1914,0.16083984375
cfos_Keyence1,1915,0.14306488037109374
cfos_Keyence1,1916,0.164453125
cfos_Keyence1,1917,0.107403564453125
cfos_Keyence1,1918,0.1045166015625
cfos_Keyence1,1919,0.14921875
cfos_Keyence1,1920,0.1282470703125
cfos_Keyence1,1921,0.18330078125
cfos_Keyence1,1922,0.162548828125
cfos_Keyence1,1923,0.16396484375
cfos_Keyence1,1924,0.1378173828125
cfos_Keyence1,1925,0.1760498046875
cfos_Keyence1,1926,0.152783203125
cfos_Keyence1,1927,0.16082143783569336
cfos_Keyence1,1928,0.14480652809143066
cfos_Keyence1,1929,0.116650390625
cfos_Keyence1,1930,0.1323974609375
cfos_Keyence1,1931,0.11239013671875
cfos_Keyence1,1932,0.11081926822662354
cfos_Keyence1,1933,0.1410400390625
cfos_Keyence1,1934,0.167236328125
cfos_Keyence1,1935,0.14644775390625
cfos_Keyence1,1936,0.19029541015625
cfos_Keyence1,1937,0.137158203125
cfos_Keyence1,1938,0.11680908203125
cfos_Keyence1,1939,0.13232421875
cfos_Keyence1,1940,0.12512130737304689
cfos_Keyence1,1941,0.131689453125
cfos_Keyence1,1942,0.113140869140625
cfos_Keyence1,1943,0.12024707794189453
cfos_Keyence1,1944,0.11689453125
cfos_Keyence1,1945,0.1212066650390625
cfos_Keyence1,1946,0.134942626953125
cfos_Keyence1,1947,0.160333251953125
cfos_Keyence1,1948,0.14677734375
cfos_Keyence1,1949,0.09671497344970703
cfos_Keyence1,1950,0.15615234375
cfos_Keyence1,1951,0.1763671875
cfos_Keyence1,1952,0.140625
cfos_Keyence1,1953,0.097650146484375
cfos_Keyence1,1954,0.11274127960205078
cfos_Keyence1,1955,0.14306640625
cfos_Keyence1,1956,0.119830322265625
cfos_Keyence1,1957,0.122705078125
cfos_Keyence1,1958,0.1856475830078125
cfos_Keyence1,1959,0.16162109375
cfos_Keyence1,1960,0.162451171875
cfos_Keyence1,1961,0.15927734375
cfos_Keyence1,1962,0.0988684892654419
cfos_Keyence1,1963,0.11689453125
cfos_Keyence1,1964,0.13350830078125
cfos_Keyence1,1965,0.13443603515625
cfos_Keyence1,1966,0.13429503440856932
cfos_Keyence1,1967,0.1760498046875
cfos_Keyence1,1968,0.1732666015625
cfos_Keyence1,1969,0.1452392578125
cfos_Keyence1,1970,0.1148193359375
cfos_Keyence1,1971,0.1204254150390625
cfos_Keyence1,1972,0.11611328125
cfos_Keyence1,1973,0.1694091796875
cfos_Keyence1,1974,0.1026534080505371
cfos_Keyence1,1975,0.1142547607421875
cfos_Keyence1,1976,0.12685546875
cfos_Keyence1,1977,0.1327392578125
cfos_Keyence1,1978,0.14100341796875
cfos_Keyence1,1979,0.211602783203125
cfos_Keyence1,1980,0.111370849609375
cfos_Keyence1,1981,0.1337890625
cfos_Keyence1,1982,0.1408905029296875
cfos_Keyence1,1983,0.12898101806640624
cfos_Keyence1,1984,0.14347686767578124
cfos_Keyence1,1985,0.159521484375
cfos_Keyence1,1986,0.15966796875
cfos_Keyence1,1987,0.1632568359375
cfos_Keyence1,1988,0.13377685546875
cfos_Keyence1,1989,0.144622802734375
cfos_Keyence1,1990,0.1193603515625
cfos_Keyence1,1991,0.151171875
cfos_Keyence1,1992,0.14669189453125
cfos_Keyence1,1993,0.1526123046875
cfos_Keyence1,1994,0.1043701171875
cfos_Keyence1,1995,0.1399169921875
cfos_Keyence1,1996,0.119775390625
cfos_Keyence1,1997,0.14208984375
cfos_Keyence1,1998,0.1387451171875
cfos_Keyence1,1999,0.1663330078125
cfos_Keyence1,2000,0.11097412109375
POMC_2,1,0.50654296875
POMC_2,2,0.4037109375
POMC_2,3,0.4908203125
POMC_2,4,0.4375244140625
POMC_2,5,0.4900390625
POMC_2,6,0.3703369140625
POMC_2,7,0.43642578125
POMC_2,8,0.43720703125
POMC_2,9,0.2701171875
POMC_2,10,0.24189453125
POMC_2,11,0.20224609375
POMC_2,12,0.1992919921875
POMC_2,13,0.167626953125
POMC_2,14,0.190313720703125
POMC_2,15,0.1194091796875
POMC_2,16,0.1665771484375
POMC_2,17,0.15668506622314454
POMC_2,18,0.112158203125
POMC_2,19,0.13460025787353516
POMC_2,20,0.197216796875
POMC_2,21,0.1690521240234375
POMC_2,22,0.09497203826904296
POMC_2,23,0.105621337890625
POMC_2,24,0.13212890625
POMC_2,25,0.13544921875
POMC_2,26,0.0856698989868164
POMC_2,27,0.4563720703125
POMC_2,28,0.1070068359375
POMC_2,29,0.1319580078125
POMC_2,30,0.130810546875
POMC_2,31,0.1010467529296875
POMC_2,32,0.096026611328125
POMC_2,33,0.09798240661621094
POMC_2,34,0.0994384765625
POMC_2,35,0.1129150390625
POMC_2,36,0.102777099609375
POMC_2,37,0.112548828125
POMC_2,38,0.15046443939208984
POMC_2,39,0.14072265625
POMC_2,40,0.1245574951171875
POMC_2,41,0.09219970703125
POMC_2,42,0.107861328125
POMC_2,43,0.1070343017578125
POMC_2,44,0.18411865234375
POMC_2,45,0.12071189880371094
POMC_2,46,0.0944091796875
POMC_2,47,0.113494873046875
POMC_2,48,0.14527587890625
POMC_2,49,0.1094879150390625
POMC_2,50,0.1119384765625
POMC_2,51,0.0879302978515625
POMC_2,52,0.095159912109375
POMC_2,53,0.18424072265625
POMC_2,54,0.07376861572265625
POMC_2,55,0.09952392578125
POMC_2,56,0.0823486328125
POMC_2,57,0.09444103240966797
POMC_2,58,0.129754638671875
POMC_2,59,0.10828857421875
POMC_2,60,0.09681396484375
POMC_2,61,0.11277599334716797
POMC_2,62,0.12718505859375
POMC_2,63,0.1246826171875
POMC_2,64,0.107598876953125
POMC_2,65,0.12626953125
POMC_2,66,0.1171875
POMC_2,67,0.12577219009399415
POMC_2,68,0.1094970703125
POMC_2,69,0.123046875
POMC_2,70,0.08841552734375
POMC_2,71,0.1229827880859375
POMC_2,72,0.08533847332000732
POMC_2,73,0.08275833129882812
POMC_2,74,0.0742523193359375
POMC_2,75,0.0734283447265625
POMC_2,76,0.105078125
POMC_2,77,0.11524658203125
POMC_2,78,0.1071533203125
POMC_2,79,0.10153160095214844
POMC_2,80,0.112451171875
POMC_2,81,0.08193359375
POMC_2,82,0.058123207092285155
POMC_2,83,0.059087157249450684
POMC_2,84,0.05587615966796875
POMC_2,85,0.1098052978515625
POMC_2,86,0.106982421875
POMC_2,87,0.1185302734375
POMC_2,88,0.11306123733520508
POMC_2,89,0.06626434326171875
POMC_2,90,0.090576171875
POMC_2,91,0.062615966796875
POMC_2,92,0.1370574951171875
POMC_2,93,0.09418096542358398
POMC_2,94,0.0662949562072754
POMC_2,95,0.084185791015625
POMC_2,96,0.079461669921875
POMC_2,97,0.06514892578125
POMC_2,98,0.08986053466796876
POMC_2,99,0.060082626342773435
POMC_2,100,0.079315185546875
POMC_2,101,0.07223663330078126
POMC_2,102,0.0876708984375
POMC_2,103,0.17080764770507811
POMC_2,104,0.1074462890625
POMC_2,105,0.1136474609375
POMC_2,106,0.1671630859375
POMC_2,107,0.06378021240234374
POMC_2,108,0.105224609375
POMC_2,109,0.0612030029296875
POMC_2,110,0.07191009521484375
POMC_2,111,0.15032958984375
POMC_2,112,0.080413818359375
POMC_2,113,0.0965576171875
POMC_2,114,0.12786407470703126
POMC_2,115,0.097222900390625
POMC_2,116,0.0811767578125
POMC_2,117,0.086090087890625
POMC_2,118,0.0624267578125
POMC_2,119,0.04401092529296875
POMC_2,120,0.05893707275390625
POMC_2,121,0.10529937744140624
POMC_2,122,0.148223876953125
POMC_2,123,0.0589874267578125
POMC_2,124,0.08597774505615234
POMC_2,125,0.0874267578125
POMC_2,126,0.0842041015625
POMC_2,127,0.11220703125
POMC_2,128,0.09621353149414062
POMC_2,129,0.12021713256835938
POMC_2,130,0.098828125
POMC_2,131,0.112420654296875
POMC_2,132,0.09392852783203125
POMC_2,133,0.1001953125
POMC_2,134,0.085101318359375
POMC_2,135,0.074969482421875
POMC_2,136,0.08118991851806641
POMC_2,137,0.0669921875
POMC_2,138,0.1027862548828125
POMC_2,139,0.05965354442596436
POMC_2,140,0.07589111328125
POMC_2,141,0.081414794921875
POMC_2,142,0.104364013671875
POMC_2,143,0.10673828125
POMC_2,144,0.100152587890625
POMC_2,145,0.074005126953125
POMC_2,146,0.088885498046875
POMC_2,147,0.11014404296875
POMC_2,148,0.0578094482421875
POMC_2,149,0.104522705078125
POMC_2,150,0.051947021484375
POMC_2,151,0.11748046875
POMC_2,152,0.07304229736328124
POMC_2,153,0.0657135009765625
POMC_2,154,0.124322509765625
POMC_2,155,0.099822998046875
POMC_2,156,0.06964111328125
POMC_2,157,0.0677947998046875
POMC_2,158,0.06341094970703125
POMC_2,159,0.06611785888671876
POMC_2,160,0.09520263671875
POMC_2,161,0.05977783203125
POMC_2,162,0.0607513427734375
POMC_2,163,0.082470703125
POMC_2,164,0.07729263305664062
POMC_2,165,0.0649658203125
POMC_2,166,0.0908935546875
POMC_2,167,0.12671051025390626
POMC_2,168,0.05760889053344727
POMC_2,169,0.0706298828125
POMC_2,170,0.0750701904296875
POMC_2,171,0.04861640930175781
POMC_2,172,0.079541015625
POMC_2,173,0.1258544921875
POMC_2,174,0.07410125732421875
POMC_2,175,0.0705322265625
POMC_2,176,0.036313629150390624
POMC_2,177,0.09151086807250977
POMC_2,178,0.0492889404296875
POMC_2,179,0.061654281616210935
POMC_2,180,0.07019739151000977
POMC_2,181,0.086334228515625
POMC_2,182,0.05602893829345703
POMC_2,183,0.07414736747741699
POMC_2,184,0.0771728515625
POMC_2,185,0.05096435546875
POMC_2,186,0.0692972183227539
POMC_2,187,0.0902099609375
POMC_2,188,0.059024930000305176
POMC_2,189,0.06413354873657226
POMC_2,190,0.09454345703125
POMC_2,191,0.056480026245117186
POMC_2,192,0.1110992431640625
POMC_2,193,0.03736755847930908
POMC_2,194,0.07082760334014893
POMC_2,195,0.09832000732421875
POMC_2,196,0.056675148010253903
POMC_2,197,0.085009765625
POMC_2,198,0.0769585371017456
POMC_2,199,0.0848297119140625
POMC_2,200,0.12626953125
POMC_2,201,0.09039573669433594
POMC_2,202,0.08616943359375
POMC_2,203,0.0959716796875
POMC_2,204,0.077886962890625
POMC_2,205,0.08510093688964844
POMC_2,206,0.053082275390625
POMC_2,207,0.064727783203125
POMC_2,208,0.0453338623046875
POMC_2,209,0.082012939453125
POMC_2,210,0.10464282035827636
POMC_2,211,0.0453704833984375
POMC_2,212,0.08994979858398437
POMC_2,213,0.1104156494140625
POMC_2,214,0.13565673828125
POMC_2,215,0.11346435546875
POMC_2,216,0.05823974609375
POMC_2,217,0.042254638671875
POMC_2,218,0.104248046875
POMC_2,219,0.111651611328125
POMC_2,220,0.08117523193359374
POMC_2,221,0.087701416015625
POMC_2,222,0.072216796875
POMC_2,223,0.04595947265625
POMC_2,224,0.092132568359375
POMC_2,225,0.056229591369628906
POMC_2,226,0.09918212890625
POMC_2,227,0.068914794921875
POMC_2,228,0.07237653732299805
POMC_2,229,0.08447265625
POMC_2,230,0.054986190795898435
POMC_2,231,0.0748565673828125
POMC_2,232,0.07794189453125
POMC_2,233,0.0967529296875
POMC_2,234,0.04690847396850586
POMC_2,235,0.07283697128295899
POMC_2,236,0.0659088134765625
POMC_2,237,0.10596294403076172
POMC_2,238,0.111529541015625
POMC_2,239,0.03799717426300049
POMC_2,240,0.07252197265625
POMC_2,241,0.05623970031738281
POMC_2,242,0.061696410179138184
POMC_2,243,0.08074951171875
POMC_2,244,0.0763671875
POMC_2,245,0.08352928161621094
POMC_2,246,0.07656784057617187
POMC_2,247,0.09631099700927734
POMC_2,248,0.08574676513671875
POMC_2,249,0.0784912109375
POMC_2,250,0.060009765625
POMC_2,251,0.08665218353271484
POMC_2,252,0.121771240234375
POMC_2,253,0.06536216735839843
POMC_2,254,0.04738006591796875
POMC_2,255,0.09061148166656494
POMC_2,256,0.0650146484375
POMC_2,257,0.1062164306640625
POMC_2,258,0.116998291015625
POMC_2,259,0.06215744018554688
POMC_2,260,0.07637453079223633
POMC_2,261,0.06869888305664062
POMC_2,262,0.1163330078125
POMC_2,263,0.09656906127929688
POMC_2,264,0.0745401382446289
POMC_2,265,0.070819091796875
POMC_2,266,0.07557373046875
POMC_2,267,0.09384307861328126
POMC_2,268,0.1020263671875
POMC_2,269,0.08034820556640625
POMC_2,270,0.06491127014160156
POMC_2,271,0.12271728515625
POMC_2,272,0.048919677734375
POMC_2,273,0.06925506591796875
POMC_2,274,0.103076171875
POMC_2,275,0.049840545654296874
POMC_2,276,0.06322250366210938
POMC_2,277,0.0531005859375
POMC_2,278,0.087548828125
POMC_2,279,0.05790202617645264
POMC_2,280,0.04559891223907471
POMC_2,281,0.058946990966796876
POMC_2,282,0.05710334777832031
POMC_2,283,0.1046875
POMC_2,284,0.08228225708007812
POMC_2,285,0.1298095703125
POMC_2,286,0.07147979736328125
POMC_2,287,0.08889923095703126
POMC_2,288,0.11797244548797607
POMC_2,289,0.10911865234375
POMC_2,290,0.129150390625
POMC_2,291,0.0632692813873291
POMC_2,292,0.050543212890625
POMC_2,293,0.076507568359375
POMC_2,294,0.06712150573730469
POMC_2,295,0.05555102825164795
POMC_2,296,0.0731597900390625
POMC_2,297,0.07578496932983399
POMC_2,298,0.05474929809570313
POMC_2,299,0.0838165283203125
POMC_2,300,0.07202072143554687
POMC_2,301,0.09956390857696533
POMC_2,302,0.08134307861328124
POMC_2,303,0.04268102645874024
POMC_2,304,0.0790132999420166
POMC_2,305,0.06221847534179688
POMC_2,306,0.05224356651306152
POMC_2,307,0.06941242218017578
POMC_2,308,0.05185546875
POMC_2,309,0.08030245304107667
POMC_2,310,0.100439453125
POMC_2,311,0.0561798095703125
POMC_2,312,0.08132171630859375
POMC_2,313,0.08858642578125
POMC_2,314,0.03845899105072022
POMC_2,315,0.06611809730529786
POMC_2,316,0.039507293701171876
POMC_2,317,0.10728836059570312
POMC_2,318,0.08254222869873047
POMC_2,319,0.09366912841796875
POMC_2,320,0.04685375690460205
POMC_2,321,0.0789306640625
POMC_2,322,0.08822021484375
POMC_2,323,0.0774169921875
POMC_2,324,0.1068603515625
POMC_2,325,0.077337646484375
POMC_2,326,0.057623291015625
POMC_2,327,0.0520355224609375
POMC_2,328,0.07976694107055664
POMC_2,329,0.08034353256225586
POMC_2,330,0.051108694076538085
POMC_2,331,0.114208984375
POMC_2,332,0.083740234375
POMC_2,333,0.0970703125
POMC_2,334,0.0486907958984375
POMC_2,335,0.05306863784790039
POMC_2,336,0.08372764587402344
POMC_2,337,0.0679412841796875
POMC_2,338,0.061041259765625
POMC_2,339,0.06725916862487794
POMC_2,340,0.0521026611328125
POMC_2,341,0.0533660888671875
POMC_2,342,0.05657482147216797
POMC_2,343,0.07604665756225586
POMC_2,344,0.049288177490234376
POMC_2,345,0.084375
POMC_2,346,0.020489883422851563
POMC_2,347,0.043426513671875
POMC_2,348,0.06595115661621094
POMC_2,349,0.0900146484375
POMC_2,350,0.0998535394668579
POMC_2,351,0.13409423828125
POMC_2,352,0.08350067138671875
POMC_2,353,0.08825454711914063
POMC_2,354,0.0510218620300293
POMC_2,355,0.06918638944625854
POMC_2,356,0.129388427734375
POMC_2,357,0.06475868225097656
POMC_2,358,0.088189697265625
POMC_2,359,0.1077362060546875
POMC_2,360,0.04233627319335938
POMC_2,361,0.0565185546875
POMC_2,362,0.0606201171875
POMC_2,363,0.07139294147491455
POMC_2,364,0.07935218811035157
POMC_2,365,0.03548400402069092
POMC_2,366,0.0779052734375
POMC_2,367,0.07579975128173828
POMC_2,368,0.0778731346130371
POMC_2,369,0.0693359375
POMC_2,370,0.06900138854980468
POMC_2,371,0.08953857421875
POMC_2,372,0.06020698547363281
POMC_2,373,0.061346435546875
POMC_2,374,0.06353759765625
POMC_2,375,0.05849721431732178
POMC_2,376,0.05846856832504273
POMC_2,377,0.05458049774169922
POMC_2,378,0.0903564453125
POMC_2,379,0.0577880859375
POMC_2,380,0.0477447509765625
POMC_2,381,0.08602981567382813
POMC_2,382,0.09360771179199219
POMC_2,383,0.045452880859375
POMC_2,384,0.045750784873962405
POMC_2,385,0.0794464111328125
POMC_2,386,0.04893341064453125
POMC_2,387,0.07109527587890625
POMC_2,388,0.05601806640625
POMC_2,389,0.066119384765625
POMC_2,390,0.0687744140625
POMC_2,391,0.1048095703125
POMC_2,392,0.06605777740478516
POMC_2,393,0.0894683837890625
POMC_2,394,0.07942962646484375
POMC_2,395,0.081195068359375
POMC_2,396,0.0799346923828125
POMC_2,397,0.0647216796875
POMC_2,398,0.084130859375
POMC_2,399,0.08761672973632813
POMC_2,400,0.037516021728515626
POMC_2,401,0.06878662109375
POMC_2,402,0.051064682006835935
POMC_2,403,0.08319988250732421
POMC_2,404,0.087353515625
POMC_2,405,0.08153457641601562
POMC_2,406,0.10833740234375
POMC_2,407,0.08345947265625
POMC_2,408,0.08140869140625
POMC_2,409,0.05172119140625
POMC_2,410,0.087139892578125
POMC_2,411,0.08044548034667968
POMC_2,412,0.05279083251953125
POMC_2,413,0.06037082672119141
POMC_2,414,0.06282196044921876
POMC_2,415,0.073614501953125
POMC_2,416,0.051891326904296875
POMC_2,417,0.06174468994140625
POMC_2,418,0.06977615356445313
POMC_2,419,0.075225830078125
POMC_2,420,0.11923828125
POMC_2,421,0.05552988052368164
POMC_2,422,0.11151123046875
POMC_2,423,0.04435272216796875
POMC_2,424,0.0555450439453125
POMC_2,425,0.06829376220703125
POMC_2,426,0.08505859375
POMC_2,427,0.060205078125
POMC_2,428,0.079339599609375
POMC_2,429,0.140570068359375
POMC_2,430,0.07006454467773438
POMC_2,431,0.0805694580078125
POMC_2,432,0.073114013671875
POMC_2,433,0.07262649536132812
POMC_2,434,0.111676025390625
POMC_2,435,0.09052581787109375
POMC_2,436,0.09017333984375
POMC_2,437,0.0888671875
POMC_2,438,0.07082362174987793
POMC_2,439,0.06518173217773438
POMC_2,440,0.0701526403427124
POMC_2,441,0.05871648788452148
POMC_2,442,0.079443359375
POMC_2,443,0.042046737670898435
POMC_2,444,0.0646942138671875
POMC_2,445,0.06646058559417725
POMC_2,446,0.06049537658691406
POMC_2,447,0.10622024536132812
POMC_2,448,0.0897298812866211
POMC_2,449,0.0896026611328125
POMC_2,450,0.08077850341796874
POMC_2,451,0.100048828125
POMC_2,452,0.0925933837890625
POMC_2,453,0.039729642868041995
POMC_2,454,0.04752197265625
POMC_2,455,0.10529708862304688
POMC_2,456,0.085882568359375
POMC_2,457,0.068951416015625
POMC_2,458,0.041815757751464844
POMC_2,459,0.10892333984375
POMC_2,460,0.0831573486328125
POMC_2,461,0.0881591796875
POMC_2,462,0.08279657363891602
POMC_2,463,0.06679096221923828
POMC_2,464,0.073663330078125
POMC_2,465,0.0444091796875
POMC_2,466,0.06917572021484375
POMC_2,467,0.0613616943359375
POMC_2,468,0.04276123046875
POMC_2,469,0.07387619018554688
POMC_2,470,0.07661340236663819
POMC_2,471,0.0334808349609375
POMC_2,472,0.09646854400634766
POMC_2,473,0.04930572509765625
POMC_2,474,0.09085693359375
POMC_2,475,0.0658447265625
POMC_2,476,0.08160514831542968
POMC_2,477,0.09217376708984375
POMC_2,478,0.077069091796875
POMC_2,479,0.09648797512054444
POMC_2,480,0.0562652587890625
POMC_2,481,0.08702363967895507
POMC_2,482,0.07191619873046876
POMC_2,483,0.07653656005859374
POMC_2,484,0.0906982421875
POMC_2,485,0.049505615234375
POMC_2,486,0.056121826171875
POMC_2,487,0.05902374982833862
POMC_2,488,0.05493195056915283
POMC_2,489,0.09960784912109374
POMC_2,490,0.06881446838378906
POMC_2,491,0.06570281982421874
POMC_2,492,0.092205810546875
POMC_2,493,0.05168304443359375
POMC_2,494,0.04078059196472168
POMC_2,495,0.08208770751953125
POMC_2,496,0.05293006896972656
POMC_2,497,0.0763397216796875
POMC_2,498,0.0555267333984375
POMC_2,499,0.0456298828125
POMC_2,500,0.044818115234375
POMC_2,501,0.03468017578125
POMC_2,502,0.04165019989013672
POMC_2,503,0.0400054931640625
POMC_2,504,0.06732406616210937
POMC_2,505,0.08046875
POMC_2,506,0.06783447265625
POMC_2,507,0.071575927734375
POMC_2,508,0.050185012817382815
POMC_2,509,0.03579254150390625
POMC_2,510,0.046649169921875
POMC_2,511,0.043621826171875
POMC_2,512,0.04345667362213135
POMC_2,513,0.07517623901367188
POMC_2,514,0.0631683349609375
POMC_2,515,0.08260498046875
POMC_2,516,0.08750343322753906
POMC_2,517,0.1035400390625
POMC_2,518,0.06899924278259277
POMC_2,519,0.05643463134765625
POMC_2,520,0.1143575668334961
POMC_2,521,0.10503592491149902
POMC_2,522,0.06618298292160034
POMC_2,523,0.0527587890625
POMC_2,524,0.08073612451553344
POMC_2,525,0.06416015625
POMC_2,526,0.072576904296875
POMC_2,527,0.08871850967407227
POMC_2,528,0.05784626007080078
POMC_2,529,0.056251144409179686
POMC_2,530,0.09169464111328125
POMC_2,531,0.061761474609375
POMC_2,532,0.0823486328125
POMC_2,533,0.0302337646484375
POMC_2,534,0.06445436477661133
POMC_2,535,0.062091064453125
POMC_2,536,0.04105622768402099
POMC_2,537,0.070367431640625
POMC_2,538,0.0688995361328125
POMC_2,539,0.0686981201171875
POMC_2,540,0.077642822265625
POMC_2,541,0.06439743041992188
POMC_2,542,0.069891357421875
POMC_2,543,0.05911865234375
POMC_2,544,0.08457183837890625
POMC_2,545,0.0997650146484375
POMC_2,546,0.04070038795471191
POMC_2,547,0.06285674571990967
POMC_2,548,0.0539306640625
POMC_2,549,0.05535888671875
POMC_2,550,0.07582530975341797
POMC_2,551,0.078558349609375
POMC_2,552,0.0567626953125
POMC_2,553,0.05625848770141602
POMC_2,554,0.036773681640625
POMC_2,555,0.06402587890625
POMC_2,556,0.0735595703125
POMC_2,557,0.067041015625
POMC_2,558,0.07664794921875
POMC_2,559,0.117313814163208
POMC_2,560,0.07869873046875
POMC_2,561,0.06056828498840332
POMC_2,562,0.08698414564132691
POMC_2,563,0.093603515625
POMC_2,564,0.06250746250152588
POMC_2,565,0.03891541957855225
POMC_2,566,0.08148193359375
POMC_2,567,0.05274658203125
POMC_2,568,0.07274169921875
POMC_2,569,0.05494201183319092
POMC_2,570,0.05479774475097656
POMC_2,571,0.07669830322265625
POMC_2,572,0.04484100341796875
POMC_2,573,0.06381301879882813
POMC_2,574,0.06366567611694336
POMC_2,575,0.06469192504882812
POMC_2,576,0.03158426284790039
POMC_2,577,0.09663581848144531
POMC_2,578,0.091436767578125
POMC_2,579,0.07646484375
POMC_2,580,0.0637420654296875
POMC_2,581,0.04945230484008789
POMC_2,582,0.06413116455078124
POMC_2,583,0.044540023803710936
POMC_2,584,0.05340089797973633
POMC_2,585,0.0953369140625
POMC_2,586,0.0517242431640625
POMC_2,587,0.066455078125
POMC_2,588,0.06486740112304687
POMC_2,589,0.0542510986328125
POMC_2,590,0.092919921875
POMC_2,591,0.0863037109375
POMC_2,592,0.054351806640625
POMC_2,593,0.1123779296875
POMC_2,594,0.080584716796875
POMC_2,595,0.06964950561523438
POMC_2,596,0.0662109375
POMC_2,597,0.034164810180664064
POMC_2,598,0.08399658203125
POMC_2,599,0.06192854642868042
POMC_2,600,0.09658474922180176
POMC_2,601,0.07217864990234375
POMC_2,602,0.097308349609375
POMC_2,603,0.06431884765625
POMC_2,604,0.0558502197265625
POMC_2,605,0.06404232978820801
POMC_2,606,0.08050308227539063
POMC_2,607,0.05749235153198242
POMC_2,608,0.0937744140625
POMC_2,609,0.0626220703125
POMC_2,610,0.066497802734375
POMC_2,611,0.0736114501953125
POMC_2,612,0.08236236572265625
POMC_2,613,0.068890380859375
POMC_2,614,0.082757568359375
POMC_2,615,0.08635082244873046
POMC_2,616,0.056890869140625
POMC_2,617,0.06540985107421875
POMC_2,618,0.07831344604492188
POMC_2,619,0.05401611328125
POMC_2,620,0.0614532470703125
POMC_2,621,0.05507869720458984
POMC_2,622,0.071380615234375
POMC_2,623,0.08395369052886963
POMC_2,624,0.05117378234863281
POMC_2,625,0.0796875
POMC_2,626,0.02991962432861328
POMC_2,627,0.07445068359375
POMC_2,628,0.12761526107788085
POMC_2,629,0.05603790283203125
POMC_2,630,0.0706547737121582
POMC_2,631,0.0924072265625
POMC_2,632,0.094512939453125
POMC_2,633,0.074737548828125
POMC_2,634,0.06168861389160156
POMC_2,635,0.090478515625
POMC_2,636,0.03680610656738281
POMC_2,637,0.0740078330039978
POMC_2,638,0.09122352600097657
POMC_2,639,0.07126617431640625
POMC_2,640,0.09681396484375
POMC_2,641,0.08487548828125
POMC_2,642,0.05573525428771973
POMC_2,643,0.09967041015625
POMC_2,644,0.07238388061523438
POMC_2,645,0.06870059967041016
POMC_2,646,0.0883056640625
POMC_2,647,0.060418701171875
POMC_2,648,0.08596954345703126
POMC_2,649,0.07729873657226563
POMC_2,650,0.0743255615234375
POMC_2,651,0.0330841064453125
POMC_2,652,0.0436279296875
POMC_2,653,0.0380340576171875
POMC_2,654,0.09039020538330078
POMC_2,655,0.02769775390625
POMC_2,656,0.10037994384765625
POMC_2,657,0.089031982421875
POMC_2,658,0.058294677734375
POMC_2,659,0.050981903076171876
POMC_2,660,0.0477203369140625
POMC_2,661,0.0554534912109375
POMC_2,662,0.0747802734375
POMC_2,663,0.088616943359375
POMC_2,664,0.04040603637695313
POMC_2,665,0.05066184997558594
POMC_2,666,0.06735076904296874
POMC_2,667,0.072259521484375
POMC_2,668,0.061197090148925784
POMC_2,669,0.08749542236328126
POMC_2,670,0.07124214172363282
POMC_2,671,0.10439453125
POMC_2,672,0.030490684509277343
POMC_2,673,0.09326531887054443
POMC_2,674,0.08766331672668456
POMC_2,675,0.08939208984375
POMC_2,676,0.096185302734375
POMC_2,677,0.07771148681640624
POMC_2,678,0.13236083984375
POMC_2,679,0.054193973541259766
POMC_2,680,0.1184112548828125
POMC_2,681,0.0644343376159668
POMC_2,682,0.07206306457519532
POMC_2,683,0.04879605770111084
POMC_2,684,0.09149169921875
POMC_2,685,0.08353357315063477
POMC_2,686,0.0844482421875
POMC_2,687,0.05842690467834473
POMC_2,688,0.080352783203125
POMC_2,689,0.0826446533203125
POMC_2,690,0.0854736328125
POMC_2,691,0.05884857177734375
POMC_2,692,0.074749755859375
POMC_2,693,0.07084197998046875
POMC_2,694,0.03331947326660156
POMC_2,695,0.051839590072631836
POMC_2,696,0.10400314331054687
POMC_2,697,0.07607421875
POMC_2,698,0.05160369873046875
POMC_2,699,0.0543701171875
POMC_2,700,0.0932948112487793
POMC_2,701,0.0541595458984375
POMC_2,702,0.052130126953125
POMC_2,703,0.04470682144165039
POMC_2,704,0.0537445068359375
POMC_2,705,0.0387908935546875
POMC_2,706,0.05572700500488281
POMC_2,707,0.0635986328125
POMC_2,708,0.0662506103515625
POMC_2,709,0.10988693237304688
POMC_2,710,0.07692465782165528
POMC_2,711,0.025684356689453125
POMC_2,712,0.07285041809082031
POMC_2,713,0.0536956787109375
POMC_2,714,0.04987831115722656
POMC_2,715,0.053016042709350585
POMC_2,716,0.1353515625
POMC_2,717,0.0780029296875
POMC_2,718,0.0862060546875
POMC_2,719,0.088330078125
POMC_2,720,0.124127197265625
POMC_2,721,0.10196685791015625
POMC_2,722,0.0907684326171875
POMC_2,723,0.0694488525390625
POMC_2,724,0.058381843566894534
POMC_2,725,0.0538602352142334
POMC_2,726,0.05826263427734375
POMC_2,727,0.08759765625
POMC_2,728,0.06630859375
POMC_2,729,0.052801513671875
POMC_2,730,0.08904533386230469
POMC_2,731,0.08914794921875
POMC_2,732,0.0573486328125
POMC_2,733,0.05232696533203125
POMC_2,734,0.05908966064453125
POMC_2,735,0.0812255859375
POMC_2,736,0.046031951904296875
POMC_2,737,0.05341796875
POMC_2,738,0.0714569091796875
POMC_2,739,0.09712753295898438
POMC_2,740,0.037850141525268555
POMC_2,741,0.08341355323791504
POMC_2,742,0.05828857421875
POMC_2,743,0.0443145751953125
POMC_2,744,0.05373086929321289
POMC_2,745,0.168280029296875
POMC_2,746,0.07662506103515625
POMC_2,747,0.11380615234375
POMC_2,748,0.10342864990234375
POMC_2,749,0.05479736328125
POMC_2,750,0.07742919921875
POMC_2,751,0.0831878662109375
POMC_2,752,0.034864044189453124
POMC_2,753,0.07111165523529053
POMC_2,754,0.080322265625
POMC_2,755,0.0704559326171875
POMC_2,756,0.06307125091552734
POMC_2,757,0.03910505771636963
POMC_2,758,0.06044921875
POMC_2,759,0.079559326171875
POMC_2,760,0.10320205688476562
POMC_2,761,0.076287841796875
POMC_2,762,0.10074310302734375
POMC_2,763,0.08490824699401855
POMC_2,764,0.077972412109375
POMC_2,765,0.025010442733764647
POMC_2,766,0.060064697265625
POMC_2,767,0.080963134765625
POMC_2,768,0.078411865234375
POMC_2,769,0.0645233154296875
POMC_2,770,0.03701858520507813
POMC_2,771,0.118798828125
POMC_2,772,0.0990447998046875
POMC_2,773,0.06705703735351562
POMC_2,774,0.047494125366210935
POMC_2,775,0.06425132751464843
POMC_2,776,0.0690690040588379
POMC_2,777,0.0703857421875
POMC_2,778,0.037353801727294925
POMC_2,779,0.07842559814453125
POMC_2,780,0.070751953125
POMC_2,781,0.06180419921875
POMC_2,782,0.031237030029296876
POMC_2,783,0.0918701171875
POMC_2,784,0.0948211669921875
POMC_2,785,0.06423596143722535
POMC_2,786,0.04666767120361328
POMC_2,787,0.0716888427734375
POMC_2,788,0.060629653930664065
POMC_2,789,0.060884857177734376
POMC_2,790,0.06663818359375
POMC_2,791,0.049957275390625
POMC_2,792,0.087469482421875
POMC_2,793,0.0627349853515625
POMC_2,794,0.0479339599609375
POMC_2,795,0.0611602783203125
POMC_2,796,0.078948974609375
POMC_2,797,0.07411918640136719
POMC_2,798,0.08058624267578125
POMC_2,799,0.08560791015625
POMC_2,800,0.05034306049346924
POMC_2,801,0.046630859375
POMC_2,802,0.10634803771972656
POMC_2,803,0.049969482421875
POMC_2,804,0.05767822265625
POMC_2,805,0.06863021850585938
POMC_2,806,0.051653289794921876
POMC_2,807,0.08364019393920899
POMC_2,808,0.085797119140625
POMC_2,809,0.078271484375
POMC_2,810,0.038470458984375
POMC_2,811,0.067791748046875
POMC_2,812,0.06010284423828125
POMC_2,813,0.08411903381347656
POMC_2,814,0.04422793388366699
POMC_2,815,0.0706146240234375
POMC_2,816,0.0787872314453125
POMC_2,817,0.0738525390625
POMC_2,818,0.03980331420898438
POMC_2,819,0.07916662693023682
POMC_2,820,0.11199951171875
POMC_2,821,0.090960693359375
POMC_2,822,0.06884765625
POMC_2,823,0.06565589904785156
POMC_2,824,0.068548583984375
POMC_2,825,0.0834228515625
POMC_2,826,0.063214111328125
POMC_2,827,0.070184326171875
POMC_2,828,0.04427547454833984
POMC_2,829,0.08761138916015625
POMC_2,830,0.093603515625
POMC_2,831,0.04524383544921875
POMC_2,832,0.05248935222625732
POMC_2,833,0.0876708984375
POMC_2,834,0.0665374755859375
POMC_2,835,0.07876815795898437
POMC_2,836,0.05172739028930664
POMC_2,837,0.04219970703125
POMC_2,838,0.06608238220214843
POMC_2,839,0.08843879699707032
POMC_2,840,0.06364288330078124
POMC_2,841,0.0790924072265625
POMC_2,842,0.07375564575195312
POMC_2,843,0.06204724311828613
POMC_2,844,0.0593475341796875
POMC_2,845,0.0787994384765625
POMC_2,846,0.0646143913269043
POMC_2,847,0.07322850227355956
POMC_2,848,0.05926971435546875
POMC_2,849,0.055950927734375
POMC_2,850,0.0792581558227539
POMC_2,851,0.08605232238769531
POMC_2,852,0.040740966796875
POMC_2,853,0.06270256042480468
POMC_2,854,0.02733612060546875
POMC_2,855,0.0874755859375
POMC_2,856,0.11666259765625
POMC_2,857,0.1106201171875
POMC_2,858,0.03675270080566406
POMC_2,859,0.073480224609375
POMC_2,860,0.05464630126953125
POMC_2,861,0.04323024749755859
POMC_2,862,0.051336669921875
POMC_2,863,0.09771575927734374
POMC_2,864,0.04526824951171875
POMC_2,865,0.07432680130004883
POMC_2,866,0.061829757690429685
POMC_2,867,0.05533332824707031
POMC_2,868,0.08584330081939698
POMC_2,869,0.05575103759765625
POMC_2,870,0.07747955322265625
POMC_2,871,0.06624755859375
POMC_2,872,0.0548126220703125
POMC_2,873,0.069970703125
POMC_2,874,0.061438369750976565
POMC_2,875,0.08182525634765625
POMC_2,876,0.0541778564453125
POMC_2,877,0.03525855541229248
POMC_2,878,0.05460622310638428
POMC_2,879,0.043255293369293214
POMC_2,880,0.06372222900390626
POMC_2,881,0.07920074462890625
POMC_2,882,0.05483856201171875
POMC_2,883,0.0590606689453125
POMC_2,884,0.04969768524169922
POMC_2,885,0.094134521484375
POMC_2,886,0.080126953125
POMC_2,887,0.03654689788818359
POMC_2,888,0.129150390625
POMC_2,889,0.07325439453125
POMC_2,890,0.04904861450195312
POMC_2,891,0.085736083984375
POMC_2,892,0.0717620849609375
POMC_2,893,0.05474909543991089
POMC_2,894,0.083453369140625
POMC_2,895,0.051360034942626955
POMC_2,896,0.0612701416015625
POMC_2,897,0.06906070709228515
POMC_2,898,0.04439697265625
POMC_2,899,0.07322998046875
POMC_2,900,0.0401458740234375
POMC_2,901,0.070245361328125
POMC_2,902,0.05748138427734375
POMC_2,903,0.046921920776367185
POMC_2,904,0.05121879577636719
POMC_2,905,0.0830474853515625
POMC_2,906,0.067919921875
POMC_2,907,0.09828262329101563
POMC_2,908,0.05864505767822266
POMC_2,909,0.0568603515625
POMC_2,910,0.08946785926818848
POMC_2,911,0.08060493469238281
POMC_2,912,0.048394203186035156
POMC_2,913,0.09326171875
POMC_2,914,0.0828857421875
POMC_2,915,0.06839942932128906
POMC_2,916,0.05943603515625
POMC_2,917,0.05242111682891846
POMC_2,918,0.1238555908203125
POMC_2,919,0.04099961519241333
POMC_2,920,0.0696533203125
POMC_2,921,0.10370211601257324
POMC_2,922,0.0819122314453125
POMC_2,923,0.07266044616699219
POMC_2,924,0.0823944091796875
POMC_2,925,0.03728427886962891
POMC_2,926,0.056202030181884764
POMC_2,927,0.04616223573684693
POMC_2,928,0.06934280395507812
POMC_2,929,0.044287109375
POMC_2,930,0.06029558181762695
POMC_2,931,0.06715888977050781
POMC_2,932,0.07535400390625
POMC_2,933,0.0462158203125
POMC_2,934,0.091180419921875
POMC_2,935,0.050018310546875
POMC_2,936,0.05532684326171875
POMC_2,937,0.05026702880859375
POMC_2,938,0.0933089017868042
POMC_2,939,0.08774807453155517
POMC_2,940,0.07572479248046875
POMC_2,941,0.09343433380126953
POMC_2,942,0.06921356916427612
POMC_2,943,0.055593812465667726
POMC_2,944,0.08832778930664062
POMC_2,945,0.0795135498046875
POMC_2,946,0.027866840362548828
POMC_2,947,0.05789206027984619
POMC_2,948,0.047003173828125
POMC_2,949,0.05092630386352539
POMC_2,950,0.07689208984375
POMC_2,951,0.07249374389648437
POMC_2,952,0.07255859375
POMC_2,953,0.1005615234375
POMC_2,954,0.120843505859375
POMC_2,955,0.052774810791015626
POMC_2,956,0.09779052734375
POMC_2,957,0.05562534332275391
POMC_2,958,0.05775046348571777
POMC_2,959,0.0591217041015625
POMC_2,960,0.06610107421875
POMC_2,961,0.055974388122558595
POMC_2,962,0.05515594482421875
POMC_2,963,0.041938066482543945
POMC_2,964,0.0590362548828125
POMC_2,965,0.05235214233398437
POMC_2,966,0.052752685546875
POMC_2,967,0.05107421875
POMC_2,968,0.04412276744842529
POMC_2,969,0.0609375
POMC_2,970,0.077880859375
POMC_2,971,0.05484428405761719
POMC_2,972,0.09095611572265624
POMC_2,973,0.09471282958984376
POMC_2,974,0.07713623046875
POMC_2,975,0.0982691764831543
POMC_2,976,0.0386749267578125
POMC_2,977,0.03210773468017578
POMC_2,978,0.07239990234375
POMC_2,979,0.07362060546875
POMC_2,980,0.10660057067871094
POMC_2,981,0.0677154541015625
POMC_2,982,0.037031936645507815
POMC_2,983,0.1256011962890625
POMC_2,984,0.047479248046875
POMC_2,985,0.05404586791992187
POMC_2,986,0.0864990234375
POMC_2,987,0.08962783813476563
POMC_2,988,0.04498500823974609
POMC_2,989,0.03321990966796875
POMC_2,990,0.05254058837890625
POMC_2,991,0.057476806640625
POMC_2,992,0.09757430553436279
POMC_2,993,0.0714111328125
POMC_2,994,0.10059814453125
POMC_2,995,0.03952732086181641
POMC_2,996,0.08896172046661377
POMC_2,997,0.0814453125
POMC_2,998,0.06896376609802246
POMC_2,999,0.06165637969970703
POMC_2,1000,0.04910354614257813
POMC_2,1001,0.0800872802734375
POMC_2,1002,0.037586402893066403
POMC_2,1003,0.06877732276916504
POMC_2,1004,0.07322006225585938
POMC_2,1005,0.07908935546875
POMC_2,1006,0.06887054443359375
POMC_2,1007,0.05372434854507446
POMC_2,1008,0.0706216812133789
POMC_2,1009,0.07584853172302246
POMC_2,1010,0.05368499755859375
POMC_2,1011,0.0720672607421875
POMC_2,1012,0.0897308349609375
POMC_2,1013,0.052195405960083006
POMC_2,1014,0.052016067504882815
POMC_2,1015,0.117181396484375
POMC_2,1016,0.05928955078125
POMC_2,1017,0.083905029296875
POMC_2,1018,0.06751708984375
POMC_2,1019,0.082537841796875
POMC_2,1020,0.030953693389892577
POMC_2,1021,0.03248052597045899
POMC_2,1022,0.050545120239257814
POMC_2,1023,0.05454740524291992
POMC_2,1024,0.04522024393081665
POMC_2,1025,0.08984375
POMC_2,1026,0.049310302734375
POMC_2,1027,0.07190704345703125
POMC_2,1028,0.08605575561523438
POMC_2,1029,0.11759071350097657
POMC_2,1030,0.05008554458618164
POMC_2,1031,0.06785736083984376
POMC_2,1032,0.1132080078125
POMC_2,1033,0.05068492889404297
POMC_2,1034,0.074932861328125
POMC_2,1035,0.04552001953125
POMC_2,1036,0.0767791748046875
POMC_2,1037,0.0543243408203125
POMC_2,1038,0.05239553451538086
POMC_2,1039,0.07944869995117188
POMC_2,1040,0.04205322265625
POMC_2,1041,0.12236328125
POMC_2,1042,0.06691665649414062
POMC_2,1043,0.1013671875
POMC_2,1044,0.06713600158691406
POMC_2,1045,0.09538040161132813
POMC_2,1046,0.080633544921875
POMC_2,1047,0.04170656204223633
POMC_2,1048,0.068701171875
POMC_2,1049,0.0619110107421875
POMC_2,1050,0.09517822265625
POMC_2,1051,0.02983008623123169
POMC_2,1052,0.08823165893554688
POMC_2,1053,0.117041015625
POMC_2,1054,0.04789819717407227
POMC_2,1055,0.108905029296875
POMC_2,1056,0.0717529296875
POMC_2,1057,0.08440183401107788
POMC_2,1058,0.05240478515625
POMC_2,1059,0.07533493041992187
POMC_2,1060,0.03063507080078125
POMC_2,1061,0.07404258251190185
POMC_2,1062,0.039943695068359375
POMC_2,1063,0.08302001953125
POMC_2,1064,0.0725830078125
POMC_2,1065,0.04001493453979492
POMC_2,1066,0.065155029296875
POMC_2,1067,0.0627838134765625
POMC_2,1068,0.05129451751708984
POMC_2,1069,0.08706130981445312
POMC_2,1070,0.052996826171875
POMC_2,1071,0.0540679931640625
POMC_2,1072,0.081744384765625
POMC_2,1073,0.068853759765625
POMC_2,1074,0.05127792358398438
POMC_2,1075,0.07039225101470947
POMC_2,1076,0.036715376377105716
POMC_2,1077,0.06252989768981934
POMC_2,1078,0.06034941673278808
POMC_2,1079,0.060919189453125
POMC_2,1080,0.0724651575088501
POMC_2,1081,0.06828079223632813
POMC_2,1082,0.08771467208862305
POMC_2,1083,0.0997314453125
POMC_2,1084,0.04175834655761719
POMC_2,1085,0.054583740234375
POMC_2,1086,0.08562774658203125
POMC_2,1087,0.09732680320739746
POMC_2,1088,0.04032974243164063
POMC_2,1089,0.06129913330078125
POMC_2,1090,0.069158935546875
POMC_2,1091,0.06929435729980468
POMC_2,1092,0.05194435119628906
POMC_2,1093,0.037955284118652344
POMC_2,1094,0.04521484375
POMC_2,1095,0.09165592193603515
POMC_2,1096,0.0839111328125
POMC_2,1097,0.06130373477935791
POMC_2,1098,0.0690521240234375
POMC_2,1099,0.049282264709472653
POMC_2,1100,0.0450592041015625
POMC_2,1101,0.0739501953125
POMC_2,1102,0.0437957763671875
POMC_2,1103,0.09300537109375
POMC_2,1104,0.083905029296875
POMC_2,1105,0.07556533813476562
POMC_2,1106,0.08171501159667968
POMC_2,1107,0.0650146484375
POMC_2,1108,0.10932998657226563
POMC_2,1109,0.0645086407661438
POMC_2,1110,0.045398807525634764
POMC_2,1111,0.04799973964691162
POMC_2,1112,0.093798828125
POMC_2,1113,0.05057373046875
POMC_2,1114,0.0676300048828125
POMC_2,1115,0.05793142318725586
POMC_2,1116,0.04599828720092773
POMC_2,1117,0.077252197265625
POMC_2,1118,0.06696701049804688
POMC_2,1119,0.07059326171875
POMC_2,1120,0.0775115966796875
POMC_2,1121,0.06257038116455078
POMC_2,1122,0.038334202766418454
POMC_2,1123,0.06087646484375
POMC_2,1124,0.028362607955932616
POMC_2,1125,0.076922607421875
POMC_2,1126,0.053958892822265625
POMC_2,1127,0.05964336395263672
POMC_2,1128,0.076959228515625
POMC_2,1129,0.05950107574462891
POMC_2,1130,0.06217041015625
POMC_2,1131,0.05627498626708984
POMC_2,1132,0.06052185297012329
POMC_2,1133,0.072540283203125
POMC_2,1134,0.07029266357421875
POMC_2,1135,0.046573638916015625
POMC_2,1136,0.10025634765625
POMC_2,1137,0.06768035888671875
POMC_2,1138,0.06664352416992188
POMC_2,1139,0.07227935791015624
POMC_2,1140,0.115478515625
POMC_2,1141,0.11325013637542725
POMC_2,1142,0.049855804443359374
POMC_2,1143,0.044788360595703125
POMC_2,1144,0.111865234375
POMC_2,1145,0.04713134765625
POMC_2,1146,0.04600067138671875
POMC_2,1147,0.05934219360351563
POMC_2,1148,0.05752429962158203
POMC_2,1149,0.059014892578125
POMC_2,1150,0.0719794750213623
POMC_2,1151,0.07638235092163086
POMC_2,1152,0.0818603515625
POMC_2,1153,0.0903564453125
POMC_2,1154,0.0698944091796875
POMC_2,1155,0.05847873687744141
POMC_2,1156,0.09290237426757812
POMC_2,1157,0.056744384765625
POMC_2,1158,0.082867431640625
POMC_2,1159,0.02205352783203125
POMC_2,1160,0.058232593536376956
POMC_2,1161,0.09936065673828125
POMC_2,1162,0.04976730346679688
POMC_2,1163,0.05380491018295288
POMC_2,1164,0.057071375846862796
POMC_2,1165,0.10479736328125
POMC_2,1166,0.09884033203125
POMC_2,1167,0.0563873291015625
POMC_2,1168,0.06274795532226562
POMC_2,1169,0.055956268310546876
POMC_2,1170,0.04902496337890625
POMC_2,1171,0.05453567504882813
POMC_2,1172,0.0312255859375
POMC_2,1173,0.0890106201171875
POMC_2,1174,0.06981964111328125
POMC_2,1175,0.024315452575683592
POMC_2,1176,0.0853546142578125
POMC_2,1177,0.07598800659179687
POMC_2,1178,0.05771942138671875
POMC_2,1179,0.0438995361328125
POMC_2,1180,0.0522705078125
POMC_2,1181,0.076416015625
POMC_2,1182,0.0736419677734375
POMC_2,1183,0.06585497856140136
POMC_2,1184,0.04425735473632812
POMC_2,1185,0.059711456298828125
POMC_2,1186,0.0440185546875
POMC_2,1187,0.0572723388671875
POMC_2,1188,0.04700469970703125
POMC_2,1189,0.049835205078125
POMC_2,1190,0.057163047790527347
POMC_2,1191,0.11200447082519531
POMC_2,1192,0.09195556640625
POMC_2,1193,0.10282516479492188
POMC_2,1194,0.0557586669921875
POMC_2,1195,0.12464599609375
POMC_2,1196,0.05688285827636719
POMC_2,1197,0.0597137451171875
POMC_2,1198,0.049816131591796875
POMC_2,1199,0.0582366943359375
POMC_2,1200,0.0717742919921875
POMC_2,1201,0.04671790599822998
POMC_2,1202,0.06008834838867187
POMC_2,1203,0.05095057487487793
POMC_2,1204,0.07278556823730468
POMC_2,1205,0.061289215087890626
POMC_2,1206,0.0562103271484375
POMC_2,1207,0.03925750255584717
POMC_2,1208,0.04416260719299316
POMC_2,1209,0.06451749801635742
POMC_2,1210,0.10215097665786743
POMC_2,1211,0.08531494140625
POMC_2,1212,0.07567596435546875
POMC_2,1213,0.06507797241210937
POMC_2,1214,0.0946136474609375
POMC_2,1215,0.05061798095703125
POMC_2,1216,0.0327301025390625
POMC_2,1217,0.084716796875
POMC_2,1218,0.04855668544769287
POMC_2,1219,0.044327735900878906
POMC_2,1220,0.06843600273132325
POMC_2,1221,0.06176466941833496
POMC_2,1222,0.04894132614135742
POMC_2,1223,0.05226058959960937
POMC_2,1224,0.047950363159179686
POMC_2,1225,0.0642578125
POMC_2,1226,0.056462860107421874
POMC_2,1227,0.04242868423461914
POMC_2,1228,0.08919677734375
POMC_2,1229,0.078125
POMC_2,1230,0.04477858543395996
POMC_2,1231,0.09253654479980469
POMC_2,1232,0.03585662841796875
POMC_2,1233,0.104443359375
POMC_2,1234,0.050244712829589845
POMC_2,1235,0.0653076171875
POMC_2,1236,0.061104965209960935
POMC_2,1237,0.10052490234375
POMC_2,1238,0.04449188709259033
POMC_2,1239,0.059271621704101565
POMC_2,1240,0.052150726318359375
POMC_2,1241,0.12691650390625
POMC_2,1242,0.059766197204589845
POMC_2,1243,0.05986697673797607
POMC_2,1244,0.05739288330078125
POMC_2,1245,0.054023361206054686
POMC_2,1246,0.07302398681640625
POMC_2,1247,0.046472930908203126
POMC_2,1248,0.065643310546875
POMC_2,1249,0.0988861083984375
POMC_2,1250,0.07956628799438477
POMC_2,1251,0.0739990234375
POMC_2,1252,0.04477958679199219
POMC_2,1253,0.067034912109375
POMC_2,1254,0.06489448547363282
POMC_2,1255,0.06436767578125
POMC_2,1256,0.05544590950012207
POMC_2,1257,0.06898081302642822
POMC_2,1258,0.05654973983764648
POMC_2,1259,0.06724853515625
POMC_2,1260,0.054273223876953124
POMC_2,1261,0.06037406921386719
POMC_2,1262,0.04604116678237915
POMC_2,1263,0.05822973251342774
POMC_2,1264,0.090533447265625
POMC_2,1265,0.0719482421875
POMC_2,1266,0.08554943799972534
POMC_2,1267,0.04938774108886719
POMC_2,1268,0.03210372924804687
POMC_2,1269,0.091473388671875
POMC_2,1270,0.07242431640625
POMC_2,1271,0.06742370128631592
POMC_2,1272,0.0675048828125
POMC_2,1273,0.03985271453857422
POMC_2,1274,0.07904052734375
POMC_2,1275,0.065777587890625
POMC_2,1276,0.03357620239257812
POMC_2,1277,0.050608062744140626
POMC_2,1278,0.05178642272949219
POMC_2,1279,0.10131330490112304
POMC_2,1280,0.07940673828125
POMC_2,1281,0.02971363067626953
POMC_2,1282,0.033319091796875
POMC_2,1283,0.065625
POMC_2,1284,0.064398193359375
POMC_2,1285,0.032963895797729494
POMC_2,1286,0.06968994140625
POMC_2,1287,0.10316619873046876
POMC_2,1288,0.02662506103515625
POMC_2,1289,0.053594970703125
POMC_2,1290,0.044680023193359376
POMC_2,1291,0.0892578125
POMC_2,1292,0.10381927490234374
POMC_2,1293,0.10693359375
POMC_2,1294,0.06345391273498535
POMC_2,1295,0.073480224609375
POMC_2,1296,0.0812255859375
POMC_2,1297,0.054071807861328126
POMC_2,1298,0.05550792217254639
POMC_2,1299,0.06634674072265626
POMC_2,1300,0.09350929260253907
POMC_2,1301,0.06980361938476562
POMC_2,1302,0.05709228515625
POMC_2,1303,0.0679931640625
POMC_2,1304,0.07504281997680665
POMC_2,1305,0.05384521484375
POMC_2,1306,0.0788865327835083
POMC_2,1307,0.08988037109375
POMC_2,1308,0.05758509635925293
POMC_2,1309,0.09243731498718262
POMC_2,1310,0.04637765884399414
POMC_2,1311,0.08495254516601562
POMC_2,1312,0.03394474983215332
POMC_2,1313,0.0826202392578125
POMC_2,1314,0.07262077331542968
POMC_2,1315,0.05738677978515625
POMC_2,1316,0.061126708984375
POMC_2,1317,0.05631103515625
POMC_2,1318,0.03584556579589844
POMC_2,1319,0.0616424560546875
POMC_2,1320,0.0889068603515625
POMC_2,1321,0.07762451171875
POMC_2,1322,0.08479843139648438
POMC_2,1323,0.04599761962890625
POMC_2,1324,0.04661102294921875
POMC_2,1325,0.0667917251586914
POMC_2,1326,0.0948638916015625
POMC_2,1327,0.036621618270874026
POMC_2,1328,0.04501953125
POMC_2,1329,0.050623321533203126
POMC_2,1330,0.07644691467285156
POMC_2,1331,0.06038360595703125
POMC_2,1332,0.05938551425933838
POMC_2,1333,0.0467864990234375
POMC_2,1334,0.048908448219299315
POMC_2,1335,0.03998222351074219
POMC_2,1336,0.07945199012756347
POMC_2,1337,0.035305118560791014
POMC_2,1338,0.04667816162109375
POMC_2,1339,0.07350234985351563
POMC_2,1340,0.099560546875
POMC_2,1341,0.040851593017578125
POMC_2,1342,0.0861083984375
POMC_2,1343,0.04673287868499756
POMC_2,1344,0.09885597229003906
POMC_2,1345,0.060602569580078126
POMC_2,1346,0.047589111328125
POMC_2,1347,0.05816650390625
POMC_2,1348,0.0921142578125
POMC_2,1349,0.0622344970703125
POMC_2,1350,0.05198650360107422
POMC_2,1351,0.043437957763671875
POMC_2,1352,0.065435791015625
POMC_2,1353,0.06441497802734375
POMC_2,1354,0.0605438232421875
POMC_2,1355,0.039981651306152347
POMC_2,1356,0.04217948913574219
POMC_2,1357,0.07219009399414063
POMC_2,1358,0.054196619987487794
POMC_2,1359,0.099835205078125
POMC_2,1360,0.068896484375
POMC_2,1361,0.06940765380859375
POMC_2,1362,0.1081301212310791
POMC_2,1363,0.059284508228302
POMC_2,1364,0.060302734375
POMC_2,1365,0.068243408203125
POMC_2,1366,0.06079864501953125
POMC_2,1367,0.087139892578125
POMC_2,1368,0.0757568359375
POMC_2,1369,0.051374626159667966
POMC_2,1370,0.05752596855163574
POMC_2,1371,0.0515594482421875
POMC_2,1372,0.10732421875
POMC_2,1373,0.0491668701171875
POMC_2,1374,0.087451171875
POMC_2,1375,0.04904327392578125
POMC_2,1376,0.0962890625
POMC_2,1377,0.05660104751586914
POMC_2,1378,0.06322021484375
POMC_2,1379,0.037116622924804686
POMC_2,1380,0.0930511474609375
POMC_2,1381,0.0548583984375
POMC_2,1382,0.0721435546875
POMC_2,1383,0.09229736328125
POMC_2,1384,0.0423309326171875
POMC_2,1385,0.0417694091796875
POMC_2,1386,0.0561798095703125
POMC_2,1387,0.04851531982421875
POMC_2,1388,0.067327880859375
POMC_2,1389,0.06343157291412353
POMC_2,1390,0.07053337097167969
POMC_2,1391,0.08071489334106445
POMC_2,1392,0.074810791015625
POMC_2,1393,0.0737272024154663
POMC_2,1394,0.0985809326171875
POMC_2,1395,0.054980027675628665
POMC_2,1396,0.06661758422851563
POMC_2,1397,0.0682873249053955
POMC_2,1398,0.06470947265625
POMC_2,1399,0.056109619140625
POMC_2,1400,0.05792005062103271
POMC_2,1401,0.05826802253723144
POMC_2,1402,0.094464111328125
POMC_2,1403,0.036981201171875
POMC_2,1404,0.07205514907836914
POMC_2,1405,0.05916290283203125
POMC_2,1406,0.05977554321289062
POMC_2,1407,0.06686087846755981
POMC_2,1408,0.080413818359375
POMC_2,1409,0.05691375732421875
POMC_2,1410,0.049455571174621585
POMC_2,1411,0.049914884567260745
POMC_2,1412,0.07048091888427735
POMC_2,1413,0.08919748067855834
POMC_2,1414,0.06611528396606445
POMC_2,1415,0.027955520153045654
POMC_2,1416,0.075732421875
POMC_2,1417,0.0479766845703125
POMC_2,1418,0.05538330078125
POMC_2,1419,0.05821765661239624
POMC_2,1420,0.0497772216796875
POMC_2,1421,0.05965576171875
POMC_2,1422,0.08140716552734376
POMC_2,1423,0.06660919189453125
POMC_2,1424,0.07105712890625
POMC_2,1425,0.078741455078125
POMC_2,1426,0.042462158203125
POMC_2,1427,0.05701904296875
POMC_2,1428,0.061181640625
POMC_2,1429,0.07513513565063476
POMC_2,1430,0.05106964111328125
POMC_2,1431,0.06441059112548828
POMC_2,1432,0.0803955078125
POMC_2,1433,0.03909769058227539
POMC_2,1434,0.0724853515625
POMC_2,1435,0.1123779296875
POMC_2,1436,0.0583526611328125
POMC_2,1437,0.07495040893554687
POMC_2,1438,0.05023269653320313
POMC_2,1439,0.044133663177490234
POMC_2,1440,0.0596832275390625
POMC_2,1441,0.07364444732666016
POMC_2,1442,0.04889664649963379
POMC_2,1443,0.0967254638671875
POMC_2,1444,0.071099853515625
POMC_2,1445,0.06821403503417969
POMC_2,1446,0.11278076171875
POMC_2,1447,0.06712646484375
POMC_2,1448,0.07911219596862792
POMC_2,1449,0.09775056838989257
POMC_2,1450,0.1093505859375
POMC_2,1451,0.0673065185546875
POMC_2,1452,0.06893768310546874
POMC_2,1453,0.05475139617919922
POMC_2,1454,0.1087646484375
POMC_2,1455,0.05653228759765625
POMC_2,1456,0.08014068603515626
POMC_2,1457,0.05281219482421875
POMC_2,1458,0.05003268718719482
POMC_2,1459,0.07703170776367188
POMC_2,1460,0.05849609375
POMC_2,1461,0.1008544921875
POMC_2,1462,0.07746162414550781
POMC_2,1463,0.100341796875
POMC_2,1464,0.042315673828125
POMC_2,1465,0.05037841796875
POMC_2,1466,0.04527658224105835
POMC_2,1467,0.060186564922332764
POMC_2,1468,0.0871337890625
POMC_2,1469,0.048138427734375
POMC_2,1470,0.04786548614501953
POMC_2,1471,0.05457115173339844
POMC_2,1472,0.061208343505859374
POMC_2,1473,0.073834228515625
POMC_2,1474,0.069415283203125
POMC_2,1475,0.060316848754882815
POMC_2,1476,0.040491580963134766
POMC_2,1477,0.037174224853515625
POMC_2,1478,0.085565185546875
POMC_2,1479,0.06977386474609375
POMC_2,1480,0.077630615234375
POMC_2,1481,0.07727665901184082
POMC_2,1482,0.06156463623046875
POMC_2,1483,0.07540740966796874
POMC_2,1484,0.061314964294433595
POMC_2,1485,0.060680389404296875
POMC_2,1486,0.06949471235275269
POMC_2,1487,0.10178756713867188
POMC_2,1488,0.048224258422851565
POMC_2,1489,0.1146514892578125
POMC_2,1490,0.055023193359375
POMC_2,1491,0.07134748697280884
POMC_2,1492,0.0943359375
POMC_2,1493,0.071282958984375
POMC_2,1494,0.092120361328125
POMC_2,1495,0.08701400756835938
POMC_2,1496,0.055900192260742186
POMC_2,1497,0.0908721923828125
POMC_2,1498,0.048946380615234375
POMC_2,1499,0.04588756561279297
POMC_2,1500,0.07642822265625
POMC_2,1501,0.0830535888671875
POMC_2,1502,0.05450034141540527
POMC_2,1503,0.055746936798095705
POMC_2,1504,0.0537994384765625
POMC_2,1505,0.07803573608398437
POMC_2,1506,0.0569061279296875
POMC_2,1507,0.037736034393310545
POMC_2,1508,0.0697113037109375
POMC_2,1509,0.0555511474609375
POMC_2,1510,0.0641876220703125
POMC_2,1511,0.066650390625
POMC_2,1512,0.05634307861328125
POMC_2,1513,0.053228759765625
POMC_2,1514,0.0516571044921875
POMC_2,1515,0.05349245071411133
POMC_2,1516,0.05322418212890625
POMC_2,1517,0.050054931640625
POMC_2,1518,0.04195737838745117
POMC_2,1519,0.0520416259765625
POMC_2,1520,0.058294677734375
POMC_2,1521,0.0549227237701416
POMC_2,1522,0.044420051574707034
POMC_2,1523,0.0668503999710083
POMC_2,1524,0.06932837963104248
POMC_2,1525,0.12713165283203126
POMC_2,1526,0.03530125617980957
POMC_2,1527,0.040384960174560544
POMC_2,1528,0.07149658203125
POMC_2,1529,0.06467673778533936
POMC_2,1530,0.033267974853515625
POMC_2,1531,0.05657958984375
POMC_2,1532,0.08083343505859375
POMC_2,1533,0.0794464111328125
POMC_2,1534,0.05236495733261108
POMC_2,1535,0.0821441650390625
POMC_2,1536,0.057486343383789065
POMC_2,1537,0.05090141296386719
POMC_2,1538,0.05118293762207031
POMC_2,1539,0.08912734985351563
POMC_2,1540,0.07392578125
POMC_2,1541,0.07437243461608886
POMC_2,1542,0.03027944564819336
POMC_2,1543,0.0659189224243164
POMC_2,1544,0.10189208984375
POMC_2,1545,0.092242431640625
POMC_2,1546,0.04521331787109375
POMC_2,1547,0.06798095703125
POMC_2,1548,0.06301345825195312
POMC_2,1549,0.07063026428222656
POMC_2,1550,0.06448211669921874
POMC_2,1551,0.06221771240234375
POMC_2,1552,0.02230224609375
POMC_2,1553,0.1041617751121521
POMC_2,1554,0.069500732421875
POMC_2,1555,0.0745849609375
POMC_2,1556,0.038449859619140624
POMC_2,1557,0.0471527099609375
POMC_2,1558,0.0373931884765625
POMC_2,1559,0.061923885345458986
POMC_2,1560,0.0405914306640625
POMC_2,1561,0.07877445220947266
POMC_2,1562,0.05340576171875
POMC_2,1563,0.06503362655639648
POMC_2,1564,0.03595409393310547
POMC_2,1565,0.05271897315979004
POMC_2,1566,0.05420608520507812
POMC_2,1567,0.0851776123046875
POMC_2,1568,0.034746551513671876
POMC_2,1569,0.03856253623962402
POMC_2,1570,0.0457916259765625
POMC_2,1571,0.042160415649414064
POMC_2,1572,0.0721923828125
POMC_2,1573,0.08172874450683594
POMC_2,1574,0.06063690185546875
POMC_2,1575,0.0791961669921875
POMC_2,1576,0.09802398681640626
POMC_2,1577,0.04263935089111328
POMC_2,1578,0.09404067993164063
POMC_2,1579,0.047449040412902835
POMC_2,1580,0.072265625
POMC_2,1581,0.077960205078125
POMC_2,1582,0.10006046295166016
POMC_2,1583,0.049118757247924805
POMC_2,1584,0.0406768798828125
POMC_2,1585,0.08342475891113281
POMC_2,1586,0.0721405029296875
POMC_2,1587,0.047344970703125
POMC_2,1588,0.05954055786132813
POMC_2,1589,0.05043296813964844
POMC_2,1590,0.03878173828125
POMC_2,1591,0.06354379653930664
POMC_2,1592,0.0870361328125
POMC_2,1593,0.05727176666259766
POMC_2,1594,0.0702880859375
POMC_2,1595,0.0578460693359375
POMC_2,1596,0.07237434387207031
POMC_2,1597,0.07400321960449219
POMC_2,1598,0.06217529773712158
POMC_2,1599,0.095245361328125
POMC_2,1600,0.05661468505859375
POMC_2,1601,0.05358409881591797
POMC_2,1602,0.0726348876953125
POMC_2,1603,0.078021240234375
POMC_2,1604,0.0460205078125
POMC_2,1605,0.05885581970214844
POMC_2,1606,0.038990020751953125
POMC_2,1607,0.06783428192138671
POMC_2,1608,0.08523712158203126
POMC_2,1609,0.09295425415039063
POMC_2,1610,0.0649871826171875
POMC_2,1611,0.055694580078125
POMC_2,1612,0.05410079956054688
POMC_2,1613,0.05226192474365234
POMC_2,1614,0.06651830673217773
POMC_2,1615,0.05206298828125
POMC_2,1616,0.12833251953125
POMC_2,1617,0.068896484375
POMC_2,1618,0.07429503202438355
POMC_2,1619,0.059197998046875
POMC_2,1620,0.09217395782470703
POMC_2,1621,0.05720279216766357
POMC_2,1622,0.0561431884765625
POMC_2,1623,0.0623809814453125
POMC_2,1624,0.05745849609375
POMC_2,1625,0.07126550674438477
POMC_2,1626,0.057825469970703126
POMC_2,1627,0.07945337295532226
POMC_2,1628,0.06359710693359374
POMC_2,1629,0.04893970489501953
POMC_2,1630,0.046394944190979004
POMC_2,1631,0.056838250160217284
POMC_2,1632,0.064082670211792
POMC_2,1633,0.08131103515625
POMC_2,1634,0.04768540859222412
POMC_2,1635,0.04758535623550415
POMC_2,1636,0.084417724609375
POMC_2,1637,0.053532195091247556
POMC_2,1638,0.0579254150390625
POMC_2,1639,0.06847000122070312
POMC_2,1640,0.05447998046875
POMC_2,1641,0.052862548828125
POMC_2,1642,0.07009456157684327
POMC_2,1643,0.05719451904296875
POMC_2,1644,0.0582672119140625
POMC_2,1645,0.04824752807617187
POMC_2,1646,0.060398268699646
POMC_2,1647,0.063311767578125
POMC_2,1648,0.0697021484375
POMC_2,1649,0.051824951171875
POMC_2,1650,0.036862659454345706
POMC_2,1651,0.0817138671875
POMC_2,1652,0.06652069091796875
POMC_2,1653,0.065625
POMC_2,1654,0.07305259704589843
POMC_2,1655,0.06706087589263916
POMC_2,1656,0.055326318740844725
POMC_2,1657,0.052691650390625
POMC_2,1658,0.0623779296875
POMC_2,1659,0.05992193222045898
POMC_2,1660,0.051451492309570315
POMC_2,1661,0.05395488739013672
POMC_2,1662,0.03342130184173584
POMC_2,1663,0.0959228515625
POMC_2,1664,0.04651576280593872
POMC_2,1665,0.078912353515625
POMC_2,1666,0.056121826171875
POMC_2,1667,0.05406494140625
POMC_2,1668,0.04516146183013916
POMC_2,1669,0.07217636108398437
POMC_2,1670,0.03873705863952637
POMC_2,1671,0.03364639282226563
POMC_2,1672,0.06077122688293457
POMC_2,1673,0.0458160400390625
POMC_2,1674,0.04539413452148437
POMC_2,1675,0.05323028564453125
POMC_2,1676,0.102532958984375
POMC_2,1677,0.07470855712890626
POMC_2,1678,0.07177734375
POMC_2,1679,0.07664794921875
POMC_2,1680,0.1125
POMC_2,1681,0.06472434997558593
POMC_2,1682,0.044439697265625
POMC_2,1683,0.060675048828125
POMC_2,1684,0.0963094711303711
POMC_2,1685,0.058251571655273435
POMC_2,1686,0.046367311477661134
POMC_2,1687,0.063238525390625
POMC_2,1688,0.08514404296875
POMC_2,1689,0.08907151222229004
POMC_2,1690,0.09833984375
POMC_2,1691,0.10435943603515625
POMC_2,1692,0.03677444458007813
POMC_2,1693,0.06103363037109375
POMC_2,1694,0.0562164306640625
POMC_2,1695,0.06797065734863281
POMC_2,1696,0.0507568359375
POMC_2,1697,0.05448436737060547
POMC_2,1698,0.046264052391052246
POMC_2,1699,0.05559844970703125
POMC_2,1700,0.0749542236328125
POMC_2,1701,0.104736328125
POMC_2,1702,0.1001983642578125
POMC_2,1703,0.05465397834777832
POMC_2,1704,0.040683746337890625
POMC_2,1705,0.023079848289489745
POMC_2,1706,0.05036640167236328
POMC_2,1707,0.042008829116821286
POMC_2,1708,0.0754638671875
POMC_2,1709,0.08464791774749755
POMC_2,1710,0.077874755859375
POMC_2,1711,0.0855987548828125
POMC_2,1712,0.06692249774932861
POMC_2,1713,0.06461820602416993
POMC_2,1714,0.061553239822387695
POMC_2,1715,0.06650314331054688
POMC_2,1716,0.06081314086914062
POMC_2,1717,0.0817108154296875
POMC_2,1718,0.044171142578125
POMC_2,1719,0.037249755859375
POMC_2,1720,0.09140923023223876
POMC_2,1721,0.035707283020019534
POMC_2,1722,0.0572509765625
POMC_2,1723,0.05432281494140625
POMC_2,1724,0.0737344741821289
POMC_2,1725,0.0708251953125
POMC_2,1726,0.10793209075927734
POMC_2,1727,0.0681884765625
POMC_2,1728,0.0528900146484375
POMC_2,1729,0.07979736328125
POMC_2,1730,0.02711181640625
POMC_2,1731,0.04911535978317261
POMC_2,1732,0.07227935791015624
POMC_2,1733,0.05059099197387695
POMC_2,1734,0.06579561233520508
POMC_2,1735,0.05374376773834229
POMC_2,1736,0.027059769630432128
POMC_2,1737,0.03833770751953125
POMC_2,1738,0.07554779052734376
POMC_2,1739,0.06086883544921875
POMC_2,1740,0.08046875
POMC_2,1741,0.07366943359375
POMC_2,1742,0.07112274169921876
POMC_2,1743,0.078509521484375
POMC_2,1744,0.087921142578125
POMC_2,1745,0.05092296600341797
POMC_2,1746,0.0584716796875
POMC_2,1747,0.0923309326171875
POMC_2,1748,0.0839263916015625
POMC_2,1749,0.048931884765625
POMC_2,1750,0.0791229248046875
POMC_2,1751,0.1102294921875
POMC_2,1752,0.06776103973388672
POMC_2,1753,0.065643310546875
POMC_2,1754,0.03791401386260986
POMC_2,1755,0.108172607421875
POMC_2,1756,0.0532073974609375
POMC_2,1757,0.05435824394226074
POMC_2,1758,0.1132080078125
POMC_2,1759,0.051428604125976565
POMC_2,1760,0.06868896484375
POMC_2,1761,0.086834716796875
POMC_2,1762,0.04998321533203125
POMC_2,1763,0.05570917129516602
POMC_2,1764,0.04528300762176514
POMC_2,1765,0.0456939697265625
POMC_2,1766,0.056566905975341794
POMC_2,1767,0.046929931640625
POMC_2,1768,0.0389007568359375
POMC_2,1769,0.078802490234375
POMC_2,1770,0.05007438659667969
POMC_2,1771,0.03005828857421875
POMC_2,1772,0.0744873046875
POMC_2,1773,0.05938873291015625
POMC_2,1774,0.07537832260131835
POMC_2,1775,0.07995777130126953
POMC_2,1776,0.08009033203125
POMC_2,1777,0.07198982238769532
POMC_2,1778,0.06131305694580078
POMC_2,1779,0.042828369140625
POMC_2,1780,0.062310791015625
POMC_2,1781,0.07559814453125
POMC_2,1782,0.08180084228515624
POMC_2,1783,0.0811279296875
POMC_2,1784,0.061595916748046875
POMC_2,1785,0.02971186637878418
POMC_2,1786,0.04382781982421875
POMC_2,1787,0.04046955108642578
POMC_2,1788,0.04287109375
POMC_2,1789,0.07528762817382813
POMC_2,1790,0.08037109375
POMC_2,1791,0.06163101196289063
POMC_2,1792,0.06482267379760742
POMC_2,1793,0.050897979736328126
POMC_2,1794,0.054261398315429685
POMC_2,1795,0.07948341369628906
POMC_2,1796,0.07138671875
POMC_2,1797,0.0817626953125
POMC_2,1798,0.10380859375
POMC_2,1799,0.087213134765625
POMC_2,1800,0.08321533203125
POMC_2,1801,0.06327390670776367
POMC_2,1802,0.042193603515625
POMC_2,1803,0.0790771484375
POMC_2,1804,0.04731693267822266
POMC_2,1805,0.0842041015625
POMC_2,1806,0.06872613430023193
POMC_2,1807,0.07180023193359375
POMC_2,1808,0.06054086685180664
POMC_2,1809,0.06962890625
POMC_2,1810,0.0569091796875
POMC_2,1811,0.08983583450317383
POMC_2,1812,0.11445770263671876
POMC_2,1813,0.067340087890625
POMC_2,1814,0.0638702392578125
POMC_2,1815,0.1195068359375
POMC_2,1816,0.07551835775375366
POMC_2,1817,0.0694427490234375
POMC_2,1818,0.04521942138671875
POMC_2,1819,0.04145231246948242
POMC_2,1820,0.07517242431640625
POMC_2,1821,0.0356719970703125
POMC_2,1822,0.070343017578125
POMC_2,1823,0.0624267578125
POMC_2,1824,0.0918548583984375
POMC_2,1825,0.096685791015625
POMC_2,1826,0.0759765625
POMC_2,1827,0.07098388671875
POMC_2,1828,0.05856475830078125
POMC_2,1829,0.06814422607421874
POMC_2,1830,0.05246732234954834
POMC_2,1831,0.07327880859375
POMC_2,1832,0.03879241943359375
POMC_2,1833,0.06507172584533691
POMC_2,1834,0.068572998046875
POMC_2,1835,0.04908499717712402
POMC_2,1836,0.057861328125
POMC_2,1837,0.07695393562316895
POMC_2,1838,0.08253173828125
POMC_2,1839,0.0685302734375
POMC_2,1840,0.055340576171875
POMC_2,1841,0.08010907173156738
POMC_2,1842,0.09099655151367188
POMC_2,1843,0.1238311767578125
POMC_2,1844,0.06913871765136718
POMC_2,1845,0.07457733154296875
POMC_2,1846,0.0549835205078125
POMC_2,1847,0.072747802734375
POMC_2,1848,0.065570068359375
POMC_2,1849,0.052602386474609374
POMC_2,1850,0.0659912109375
POMC_2,1851,0.04153306484222412
POMC_2,1852,0.03263092041015625
POMC_2,1853,0.0759206771850586
POMC_2,1854,0.09008636474609374
POMC_2,1855,0.05989885330200195
POMC_2,1856,0.078271484375
POMC_2,1857,0.098797607421875
POMC_2,1858,0.07380905151367187
POMC_2,1859,0.06703758239746094
POMC_2,1860,0.060135173797607425
POMC_2,1861,0.06376829147338867
POMC_2,1862,0.04373321533203125
POMC_2,1863,0.058852005004882815
POMC_2,1864,0.06024169921875
POMC_2,1865,0.08658294677734375
POMC_2,1866,0.0629425048828125
POMC_2,1867,0.099267578125
POMC_2,1868,0.036322402954101565
POMC_2,1869,0.05410957336425781
POMC_2,1870,0.07463312149047852
POMC_2,1871,0.03871231079101563
POMC_2,1872,0.05555419921875
POMC_2,1873,0.06736364364624023
POMC_2,1874,0.042894172668457034
POMC_2,1875,0.054217529296875
POMC_2,1876,0.10076904296875
POMC_2,1877,0.05460357666015625
POMC_2,1878,0.048645734786987305
POMC_2,1879,0.05191650390625
POMC_2,1880,0.1037109375
POMC_2,1881,0.09993438720703125
POMC_2,1882,0.06143798828125
POMC_2,1883,0.07518310546875
POMC_2,1884,0.06254730224609376
POMC_2,1885,0.09259033203125
POMC_2,1886,0.0599853515625
POMC_2,1887,0.09624443054199219
POMC_2,1888,0.0638671875
POMC_2,1889,0.0319610595703125
POMC_2,1890,0.0498077392578125
POMC_2,1891,0.05863037109375
POMC_2,1892,0.03873887062072754
POMC_2,1893,0.06469682455062867
POMC_2,1894,0.09613273143768311
POMC_2,1895,0.0584320068359375
POMC_2,1896,0.077880859375
POMC_2,1897,0.09548912048339844
POMC_2,1898,0.0563507080078125
POMC_2,1899,0.06820068359375
POMC_2,1900,0.07625045776367187
POMC_2,1901,0.063525390625
POMC_2,1902,0.0381103515625
POMC_2,1903,0.05727996826171875
POMC_2,1904,0.04151792526245117
POMC_2,1905,0.061811065673828124
POMC_2,1906,0.0678680419921875
POMC_2,1907,0.06255455017089843
POMC_2,1908,0.0557861328125
POMC_2,1909,0.044329833984375
POMC_2,1910,0.053778076171875
POMC_2,1911,0.050811767578125
POMC_2,1912,0.04070358276367188
POMC_2,1913,0.07778434753417969
POMC_2,1914,0.062078857421875
POMC_2,1915,0.05469207763671875
POMC_2,1916,0.065625
POMC_2,1917,0.060498809814453124
POMC_2,1918,0.04936428070068359
POMC_2,1919,0.106866455078125
POMC_2,1920,0.04978523254394531
POMC_2,1921,0.07372846603393554
POMC_2,1922,0.07188644409179687
POMC_2,1923,0.11181640625
POMC_2,1924,0.0739593505859375
POMC_2,1925,0.061846923828125
POMC_2,1926,0.09120311737060546
POMC_2,1927,0.07289884090423585
POMC_2,1928,0.0681795597076416
POMC_2,1929,0.04609527587890625
POMC_2,1930,0.0470458984375
POMC_2,1931,0.08538165092468261
POMC_2,1932,0.04322041273117065
POMC_2,1933,0.068609619140625
POMC_2,1934,0.0949462890625
POMC_2,1935,0.04672856330871582
POMC_2,1936,0.07996501922607421
POMC_2,1937,0.06707305908203125
POMC_2,1938,0.07994384765625
POMC_2,1939,0.08063507080078125
POMC_2,1940,0.04561176300048828
POMC_2,1941,0.073077392578125
POMC_2,1942,0.040177536010742185
POMC_2,1943,0.03814764022827148
POMC_2,1944,0.0552703857421875
POMC_2,1945,0.05384521484375
POMC_2,1946,0.0438262939453125
POMC_2,1947,0.059783935546875
POMC_2,1948,0.06783905029296874
POMC_2,1949,0.052313232421875
POMC_2,1950,0.070068359375
POMC_2,1951,0.09639892578125
POMC_2,1952,0.076593017578125
POMC_2,1953,0.03581581115722656
POMC_2,1954,0.0713007926940918
POMC_2,1955,0.07952880859375
POMC_2,1956,0.04084930419921875
POMC_2,1957,0.06615066528320312
POMC_2,1958,0.07280426025390625
POMC_2,1959,0.0778778076171875
POMC_2,1960,0.06500244140625
POMC_2,1961,0.07991943359375
POMC_2,1962,0.04386115074157715
POMC_2,1963,0.062491345405578616
POMC_2,1964,0.053940773010253906
POMC_2,1965,0.05022735595703125
POMC_2,1966,0.05578370094299316
POMC_2,1967,0.08927001953125
POMC_2,1968,0.07898435592651368
POMC_2,1969,0.0859831690788269
POMC_2,1970,0.05086674690246582
POMC_2,1971,0.04255495071411133
POMC_2,1972,0.04394454956054687
POMC_2,1973,0.06993408203125
POMC_2,1974,0.04537155628204346
POMC_2,1975,0.05758204460144043
POMC_2,1976,0.04837608337402344
POMC_2,1977,0.07650146484375
POMC_2,1978,0.03739852905273437
POMC_2,1979,0.0746826171875
POMC_2,1980,0.03355197906494141
POMC_2,1981,0.0468109130859375
POMC_2,1982,0.045097732543945314
POMC_2,1983,0.03444976806640625
POMC_2,1984,0.05806884765625
POMC_2,1985,0.05124359130859375
POMC_2,1986,0.070770263671875
POMC_2,1987,0.08744125366210938
POMC_2,1988,0.0721217155456543
POMC_2,1989,0.0556640625
POMC_2,1990,0.044415283203125
POMC_2,1991,0.074615478515625
POMC_2,1992,0.10439949035644532
POMC_2,1993,0.08088121414184571
POMC_2,1994,0.0383270263671875
POMC_2,1995,0.051422119140625
POMC_2,1996,0.05823593139648438
POMC_2,1997,0.07613525390625
POMC_2,1998,0.08075714111328125
POMC_2,1999,0.072552490234375
POMC_2,2000,0.04986629486083984
