sample,section,pomc_label,region_code,region,area_px,centroid_y,centroid_x,dapi_reference_n,mean_dapi_area_px,minimum_pomc_area_px,excluded_small,decision
FR8-3,4,1,1,ARC,220,366.5272727272727,555.0590909090909,1258,125.78537360890301,125.78537360890301,False,retain
FR8-3,4,2,1,ARC,264,371.3636363636364,1336.9886363636363,1258,125.78537360890301,125.78537360890301,False,retain
FR8-3,4,3,1,ARC,75,370.26666666666665,594.28,1258,125.78537360890301,125.78537360890301,True,exclude_below_local_dapi_mean
FR8-3,4,4,1,ARC,234,376.88461538461536,610.8675213675214,1258,125.78537360890301,125.78537360890301,False,retain
FR8-3,4,5,1,ARC,119,402.5546218487395,605.344537815126,1258,125.78537360890301,125.78537360890301,True,exclude_below_local_dapi_mean
FR8-3,4,6,1,ARC,114,407.57894736842104,633.0701754385965,1258,125.78537360890301,125.78537360890301,True,exclude_below_local_dapi_mean
FR8-3,4,7,1,ARC,206,420.0485436893204,651.5388349514564,1258,125.78537360890301,125.78537360890301,False,retain
FR8-3,4,8,1,ARC,172,434.77906976744185,1274.5174418604652,1258,125.78537360890301,125.78537360890301,False,retain
FR8-3,4,9,1,ARC,171,439.2923976608187,1239.6491228070176,1258,125.78537360890301,125.78537360890301,False,retain
FR8-3,4,10,1,ARC,153,453.7843137254902,581.5490196078431,1258,125.78537360890301,125.78537360890301,False,retain
FR8-3,4,11,1,ARC,125,453.68,655.968,1258,125.78537360890301,125.78537360890301,True,exclude_below_local_dapi_mean
FR8-3,4,12,0,OUTSIDE_DELINEATED_REGIONS,176,459.40909090909093,219.9659090909091,1893,124.50554675118859,124.50554675118859,False,retain
FR8-3,4,13,1,ARC,217,458.80645161290323,1431.221198156682,1258,125.78537360890301,125.78537360890301,False,retain
FR8-3,4,14,1,ARC,237,472.46413502109704,337.662447257384,1258,125.78537360890301,125.78537360890301,False,retain
FR8-3,4,15,0,OUTSIDE_DELINEATED_REGIONS,282,473.7836879432624,1702.400709219858,1893,124.50554675118859,124.50554675118859,False,retain
FR8-3,4,16,1,ARC,271,474.56457564575646,475.15867158671585,1258,125.78537360890301,125.78537360890301,False,retain
FR8-3,4,17,1,ARC,242,480.91735537190084,561.4876033057851,1258,125.78537360890301,125.78537360890301,False,retain
FR8-3,4,18,1,ARC,232,497.9181034482759,462.92672413793105,1258,125.78537360890301,125.78537360890301,False,retain
FR8-3,4,19,1,ARC,208,497.3317307692308,543.6538461538462,1258,125.78537360890301,125.78537360890301,False,retain
FR8-3,4,20,0,OUTSIDE_DELINEATED_REGIONS,71,499.88732394366195,190.05633802816902,1893,124.50554675118859,124.50554675118859,True,exclude_below_local_dapi_mean
FR8-3,4,21,1,ARC,217,524.8110599078341,1502.958525345622,1258,125.78537360890301,125.78537360890301,False,retain
FR8-3,4,22,1,ARC,120,526.2166666666667,1392.8916666666667,1258,125.78537360890301,125.78537360890301,True,exclude_below_local_dapi_mean
FR8-3,4,23,1,ARC,283,529.9328621908127,359.79505300353355,1258,125.78537360890301,125.78537360890301,False,retain
FR8-3,4,24,1,ARC,263,531.2243346007605,447.6273764258555,1258,125.78537360890301,125.78537360890301,False,retain
FR8-3,4,25,1,ARC,195,546.876923076923,1431.1692307692308,1258,125.78537360890301,125.78537360890301,False,retain
FR8-3,4,26,1,ARC,198,569.2323232323232,1426.6262626262626,1258,125.78537360890301,125.78537360890301,False,retain
FR8-3,4,27,1,ARC,239,570.1799163179917,190.00836820083683,1258,125.78537360890301,125.78537360890301,False,retain
FR8-3,4,28,1,ARC,135,581.1111111111111,581.8592592592593,1258,125.78537360890301,125.78537360890301,False,retain
FR8-3,4,29,1,ARC,193,584.7927461139897,358.83937823834196,1258,125.78537360890301,125.78537360890301,False,retain
FR8-3,4,30,1,ARC,162,588.3827160493827,620.283950617284,1258,125.78537360890301,125.78537360890301,False,retain
FR8-3,4,31,1,ARC,193,591.7616580310881,1649.6217616580311,1258,125.78537360890301,125.78537360890301,False,retain
FR8-3,4,32,1,ARC,234,594.6623931623932,1472.8333333333333,1258,125.78537360890301,125.78537360890301,False,retain
FR8-3,4,33,1,ARC,173,601.6878612716763,525.3294797687861,1258,125.78537360890301,125.78537360890301,False,retain
FR8-3,4,34,1,ARC,195,602.7435897435897,1635.3589743589744,1258,125.78537360890301,125.78537360890301,False,retain
FR8-3,4,35,1,ARC,162,611.2654320987655,593.9629629629629,1258,125.78537360890301,125.78537360890301,False,retain
FR8-3,4,36,1,ARC,271,621.4944649446494,1431.8929889298893,1258,125.78537360890301,125.78537360890301,False,retain
FR8-3,4,37,1,ARC,137,620.5912408759124,409.88321167883214,1258,125.78537360890301,125.78537360890301,False,retain
FR8-3,4,38,1,ARC,153,634.5424836601308,555.3137254901961,1258,125.78537360890301,125.78537360890301,False,retain
FR8-3,4,39,1,ARC,147,641.9047619047619,1609.748299319728,1258,125.78537360890301,125.78537360890301,False,retain
FR8-3,4,40,0,OUTSIDE_DELINEATED_REGIONS,269,655.2973977695167,1784.6208178438662,1893,124.50554675118859,124.50554675118859,False,retain
FR8-3,4,41,1,ARC,205,660.5268292682927,1617.7414634146342,1258,125.78537360890301,125.78537360890301,False,retain
FR8-3,4,42,1,ARC,192,668.7395833333334,1697.4427083333333,1258,125.78537360890301,125.78537360890301,False,retain
FR8-3,4,43,1,ARC,247,677.1902834008097,1622.2064777327935,1258,125.78537360890301,125.78537360890301,False,retain
FR8-3,3,1,1,ARC,254,303.9527559055118,640.6850393700787,1389,121.18718502519799,121.18718502519799,False,retain
FR8-3,3,2,1,ARC,107,319.4299065420561,734.4018691588785,1389,121.18718502519799,121.18718502519799,True,exclude_below_local_dapi_mean
FR8-3,3,3,1,ARC,139,323.1151079136691,683.9640287769785,1389,121.18718502519799,121.18718502519799,False,retain
FR8-3,3,4,1,ARC,193,329.83937823834196,611.9119170984455,1389,121.18718502519799,121.18718502519799,False,retain
FR8-3,3,5,1,ARC,285,334.8877192982456,1258.3017543859648,1389,121.18718502519799,121.18718502519799,False,retain
FR8-3,3,6,1,ARC,176,364.97159090909093,716.4375,1389,121.18718502519799,121.18718502519799,False,retain
FR8-3,3,7,1,ARC,201,384.07462686567163,1392.0199004975125,1389,121.18718502519799,121.18718502519799,False,retain
FR8-3,3,8,1,ARC,215,396.9116279069767,641.4790697674418,1389,121.18718502519799,121.18718502519799,False,retain
FR8-3,3,9,1,ARC,118,412.04237288135596,713.9915254237288,1389,121.18718502519799,121.18718502519799,True,exclude_below_local_dapi_mean
FR8-3,3,10,1,ARC,293,421.56313993174064,659.3105802047781,1389,121.18718502519799,121.18718502519799,False,retain
FR8-3,3,11,1,ARC,200,420.07,576.125,1389,121.18718502519799,121.18718502519799,False,retain
FR8-3,3,12,1,ARC,142,425.33098591549293,1176.3028169014085,1389,121.18718502519799,121.18718502519799,False,retain
FR8-3,3,13,1,ARC,166,435.8975903614458,1240.0361445783133,1389,121.18718502519799,121.18718502519799,False,retain
FR8-3,3,14,1,ARC,171,443.0,572.514619883041,1389,121.18718502519799,121.18718502519799,False,retain
FR8-3,3,15,1,ARC,110,443.54545454545456,1333.918181818182,1389,121.18718502519799,121.18718502519799,True,exclude_below_local_dapi_mean
FR8-3,3,16,1,ARC,240,456.18333333333334,340.94166666666666,1389,121.18718502519799,121.18718502519799,False,retain
FR8-3,3,17,1,ARC,200,461.66,693.235,1389,121.18718502519799,121.18718502519799,False,retain
FR8-3,3,18,1,ARC,230,460.55652173913046,575.0173913043478,1389,121.18718502519799,121.18718502519799,False,retain
FR8-3,3,19,1,ARC,85,465.94117647058823,615.7058823529412,1389,121.18718502519799,121.18718502519799,True,exclude_below_local_dapi_mean
FR8-3,3,20,0,OUTSIDE_DELINEATED_REGIONS,30,471.6333333333333,113.36666666666666,2191,122.18712916476495,122.18712916476495,True,exclude_below_local_dapi_mean
FR8-3,3,21,1,ARC,246,481.869918699187,558.5731707317074,1389,121.18718502519799,121.18718502519799,False,retain
FR8-3,3,22,0,OUTSIDE_DELINEATED_REGIONS,291,484.18213058419246,1621.4226804123712,2191,122.18712916476495,122.18712916476495,False,retain
FR8-3,3,23,0,OUTSIDE_DELINEATED_REGIONS,182,489.16483516483515,1769.010989010989,2191,122.18712916476495,122.18712916476495,False,retain
FR8-3,3,24,1,ARC,273,494.9230769230769,316.5201465201465,1389,121.18718502519799,121.18718502519799,False,retain
FR8-3,3,25,1,ARC,97,498.29896907216494,1372.278350515464,1389,121.18718502519799,121.18718502519799,True,exclude_below_local_dapi_mean
FR8-3,3,26,1,ARC,223,505.8834080717489,1352.4618834080718,1389,121.18718502519799,121.18718502519799,False,retain
FR8-3,3,27,1,ARC,237,510.70042194092827,1160.746835443038,1389,121.18718502519799,121.18718502519799,False,retain
FR8-3,3,28,1,ARC,303,510.47194719471946,490.986798679868,1389,121.18718502519799,121.18718502519799,False,retain
FR8-3,3,29,1,ARC,72,505.68055555555554,1280.0833333333333,1389,121.18718502519799,121.18718502519799,True,exclude_below_local_dapi_mean
FR8-3,3,30,1,ARC,129,508.8759689922481,1329.7054263565892,1389,121.18718502519799,121.18718502519799,False,retain
FR8-3,3,31,1,ARC,151,515.1258278145696,1477.4701986754967,1389,121.18718502519799,121.18718502519799,False,retain
FR8-3,3,32,1,ARC,81,516.0,1278.6172839506173,1389,121.18718502519799,121.18718502519799,True,exclude_below_local_dapi_mean
FR8-3,3,33,0,OUTSIDE_DELINEATED_REGIONS,55,516.2545454545455,157.0,2191,122.18712916476495,122.18712916476495,True,exclude_below_local_dapi_mean
FR8-3,3,34,1,ARC,132,522.3409090909091,373.72727272727275,1389,121.18718502519799,121.18718502519799,False,retain
FR8-3,3,35,1,ARC,104,520.6153846153846,1301.4326923076924,1389,121.18718502519799,121.18718502519799,True,exclude_below_local_dapi_mean
FR8-3,3,36,1,ARC,52,525.5,484.78846153846155,1389,121.18718502519799,121.18718502519799,True,exclude_below_local_dapi_mean
FR8-3,3,37,1,ARC,282,531.9929078014185,1508.4929078014184,1389,121.18718502519799,121.18718502519799,False,retain
FR8-3,3,38,1,ARC,187,534.5668449197861,449.19251336898395,1389,121.18718502519799,121.18718502519799,False,retain
FR8-3,3,39,1,ARC,106,531.0188679245283,1328.3301886792453,1389,121.18718502519799,121.18718502519799,True,exclude_below_local_dapi_mean
FR8-3,3,40,1,ARC,116,540.5775862068965,608.051724137931,1389,121.18718502519799,121.18718502519799,True,exclude_below_local_dapi_mean
FR8-3,3,41,1,ARC,162,543.5246913580247,504.01234567901236,1389,121.18718502519799,121.18718502519799,False,retain
FR8-3,3,42,1,ARC,182,544.7307692307693,1556.1923076923076,1389,121.18718502519799,121.18718502519799,False,retain
FR8-3,3,43,0,OUTSIDE_DELINEATED_REGIONS,111,548.072072072072,1710.972972972973,2191,122.18712916476495,122.18712916476495,True,exclude_below_local_dapi_mean
FR8-3,3,44,1,ARC,300,558.51,1380.4166666666667,1389,121.18718502519799,121.18718502519799,False,retain
FR8-3,3,45,1,ARC,186,555.252688172043,1282.0806451612902,1389,121.18718502519799,121.18718502519799,False,retain
FR8-3,3,46,1,ARC,286,559.5944055944055,1529.7377622377621,1389,121.18718502519799,121.18718502519799,False,retain
FR8-3,3,47,1,ARC,160,567.525,1337.8125,1389,121.18718502519799,121.18718502519799,False,retain
FR8-3,3,48,1,ARC,179,572.8156424581006,1355.5027932960893,1389,121.18718502519799,121.18718502519799,False,retain
FR8-3,3,49,1,ARC,100,573.28,297.12,1389,121.18718502519799,121.18718502519799,True,exclude_below_local_dapi_mean
FR8-3,3,50,1,ARC,102,579.3039215686274,1304.7843137254902,1389,121.18718502519799,121.18718502519799,True,exclude_below_local_dapi_mean
FR8-3,3,51,1,ARC,84,600.4047619047619,1331.0357142857142,1389,121.18718502519799,121.18718502519799,True,exclude_below_local_dapi_mean
FR8-3,3,52,1,ARC,125,603.592,680.104,1389,121.18718502519799,121.18718502519799,False,retain
FR8-3,3,53,1,ARC,165,615.5090909090909,1255.8121212121212,1389,121.18718502519799,121.18718502519799,False,retain
FR8-3,3,54,1,ARC,103,622.9611650485436,485.6601941747573,1389,121.18718502519799,121.18718502519799,True,exclude_below_local_dapi_mean
FR8-3,3,55,1,ARC,410,644.4317073170731,465.12439024390244,1389,121.18718502519799,121.18718502519799,False,retain
FR8-3,3,56,1,ARC,111,639.4324324324324,414.2522522522523,1389,121.18718502519799,121.18718502519799,True,exclude_below_local_dapi_mean
FR8-3,3,57,1,ARC,235,642.8425531914894,1379.1702127659576,1389,121.18718502519799,121.18718502519799,False,retain
FR8-3,3,58,1,ARC,187,647.855614973262,1310.048128342246,1389,121.18718502519799,121.18718502519799,False,retain
FR8-3,1,1,0,OUTSIDE_DELINEATED_REGIONS,285,99.76140350877193,700.7087719298246,2138,110.03274087932647,110.03274087932647,False,retain
FR8-3,1,2,0,OUTSIDE_DELINEATED_REGIONS,271,106.18081180811808,1151.19926199262,2138,110.03274087932647,110.03274087932647,False,retain
FR8-3,1,3,0,OUTSIDE_DELINEATED_REGIONS,287,142.25435540069685,1179.5993031358885,2138,110.03274087932647,110.03274087932647,False,retain
FR8-3,1,4,0,OUTSIDE_DELINEATED_REGIONS,259,163.52123552123552,1235.7335907335907,2138,110.03274087932647,110.03274087932647,False,retain
FR8-3,1,5,0,OUTSIDE_DELINEATED_REGIONS,197,178.4010152284264,663.8426395939086,2138,110.03274087932647,110.03274087932647,False,retain
FR8-3,1,6,1,ARC,227,201.60352422907488,707.1057268722467,1244,110.11575562700965,110.11575562700965,False,retain
FR8-3,1,7,0,OUTSIDE_DELINEATED_REGIONS,126,276.8492063492063,1296.904761904762,2138,110.03274087932647,110.03274087932647,False,retain
FR8-3,1,8,1,ARC,140,288.76428571428573,695.7642857142857,1244,110.11575562700965,110.11575562700965,False,retain
FR8-3,1,9,1,ARC,129,291.48062015503876,1182.6821705426357,1244,110.11575562700965,110.11575562700965,False,retain
FR8-3,1,10,1,ARC,207,308.463768115942,1243.2463768115942,1244,110.11575562700965,110.11575562700965,False,retain
FR8-3,1,11,1,ARC,255,329.9372549019608,1110.078431372549,1244,110.11575562700965,110.11575562700965,False,retain
FR8-3,1,12,1,ARC,141,332.3829787234043,1192.163120567376,1244,110.11575562700965,110.11575562700965,False,retain
FR8-3,1,13,0,OUTSIDE_DELINEATED_REGIONS,272,355.2904411764706,1603.860294117647,2138,110.03274087932647,110.03274087932647,False,retain
FR8-3,1,14,0,OUTSIDE_DELINEATED_REGIONS,182,376.92857142857144,1448.7527472527472,2138,110.03274087932647,110.03274087932647,False,retain
FR8-3,1,15,1,ARC,216,395.4583333333333,1270.4166666666667,1244,110.11575562700965,110.11575562700965,False,retain
FR8-3,1,16,0,OUTSIDE_DELINEATED_REGIONS,309,399.4724919093851,336.9870550161812,2138,110.03274087932647,110.03274087932647,False,retain
FR8-3,1,17,1,ARC,178,404.60674157303373,1083.5393258426966,1244,110.11575562700965,110.11575562700965,False,retain
FR8-3,1,18,1,ARC,171,428.41520467836256,1051.5087719298247,1244,110.11575562700965,110.11575562700965,False,retain
FR8-3,1,19,1,ARC,329,439.2340425531915,764.6504559270517,1244,110.11575562700965,110.11575562700965,False,retain
FR8-3,1,20,0,OUTSIDE_DELINEATED_REGIONS,241,450.298755186722,1405.1120331950208,2138,110.03274087932647,110.03274087932647,False,retain
FR8-3,1,21,1,ARC,56,445.0892857142857,1074.75,1244,110.11575562700965,110.11575562700965,True,exclude_below_local_dapi_mean
FR8-3,1,22,1,ARC,270,449.4925925925926,1267.588888888889,1244,110.11575562700965,110.11575562700965,False,retain
FR8-3,1,23,1,ARC,171,458.63157894736844,1136.4619883040937,1244,110.11575562700965,110.11575562700965,False,retain
FR8-3,1,24,0,OUTSIDE_DELINEATED_REGIONS,372,477.2123655913978,1668.0940860215053,2138,110.03274087932647,110.03274087932647,False,retain
FR8-3,1,25,1,ARC,351,483.8119658119658,792.1737891737891,1244,110.11575562700965,110.11575562700965,False,retain
FR8-3,1,26,1,ARC,230,478.1217391304348,668.8695652173913,1244,110.11575562700965,110.11575562700965,False,retain
FR8-3,1,27,1,ARC,248,487.758064516129,869.0,1244,110.11575562700965,110.11575562700965,False,retain
FR8-3,1,28,1,ARC,303,498.55445544554453,723.1848184818482,1244,110.11575562700965,110.11575562700965,False,retain
FR8-3,1,29,1,ARC,221,516.0950226244344,612.683257918552,1244,110.11575562700965,110.11575562700965,False,retain
FR8-3,1,30,1,ARC,122,515.360655737705,1117.2868852459017,1244,110.11575562700965,110.11575562700965,False,retain
FR8-3,1,31,0,OUTSIDE_DELINEATED_REGIONS,295,521.9220338983051,1535.1559322033897,2138,110.03274087932647,110.03274087932647,False,retain
FR8-3,1,32,1,ARC,151,521.774834437086,448.78145695364236,1244,110.11575562700965,110.11575562700965,False,retain
FR8-3,1,33,1,ARC,159,528.4213836477987,799.8427672955975,1244,110.11575562700965,110.11575562700965,False,retain
FR8-3,1,34,0,OUTSIDE_DELINEATED_REGIONS,89,535.9662921348314,69.97752808988764,2138,110.03274087932647,110.03274087932647,True,exclude_below_local_dapi_mean
FR8-3,1,35,1,ARC,155,537.7161290322581,430.35483870967744,1244,110.11575562700965,110.11575562700965,False,retain
FR8-3,1,36,1,ARC,314,549.4140127388536,640.4490445859873,1244,110.11575562700965,110.11575562700965,False,retain
FR8-3,1,37,1,ARC,240,582.6958333333333,1234.9291666666666,1244,110.11575562700965,110.11575562700965,False,retain
FR8-3,1,38,1,ARC,226,588.9203539823009,753.1548672566372,1244,110.11575562700965,110.11575562700965,False,retain
FR8-3,1,39,1,ARC,109,603.2018348623853,607.7614678899082,1244,110.11575562700965,110.11575562700965,True,exclude_below_local_dapi_mean
FR8-3,1,40,1,ARC,33,611.3636363636364,412.6060606060606,1244,110.11575562700965,110.11575562700965,True,exclude_below_local_dapi_mean
FR8-3,1,41,1,ARC,6,614.5,911.0,1244,110.11575562700965,110.11575562700965,True,exclude_below_local_dapi_mean
FR8-3,1,42,1,ARC,91,622.5934065934066,404.4945054945055,1244,110.11575562700965,110.11575562700965,True,exclude_below_local_dapi_mean
FR8-3,1,43,1,ARC,51,636.9607843137255,424.4313725490196,1244,110.11575562700965,110.11575562700965,True,exclude_below_local_dapi_mean
FR8-3,1,44,1,ARC,192,673.4583333333334,1167.3333333333333,1244,110.11575562700965,110.11575562700965,False,retain
FR8-3,2,1,1,ARC,183,330.55737704918033,707.5573770491803,1244,121.27009646302251,121.27009646302251,False,retain
FR8-3,2,2,0,OUTSIDE_DELINEATED_REGIONS,298,346.5436241610738,198.54362416107384,1754,122.0963511972634,122.0963511972634,False,retain
FR8-3,2,3,1,ARC,88,344.59090909090907,673.2386363636364,1244,121.27009646302251,121.27009646302251,True,exclude_below_local_dapi_mean
FR8-3,2,4,1,ARC,239,350.9497907949791,1216.6276150627616,1244,121.27009646302251,121.27009646302251,False,retain
FR8-3,2,5,1,ARC,132,351.1287878787879,1157.1136363636363,1244,121.27009646302251,121.27009646302251,False,retain
FR8-3,2,6,1,ARC,334,356.3383233532934,711.6167664670659,1244,121.27009646302251,121.27009646302251,False,retain
FR8-3,2,7,1,ARC,148,353.69594594594594,608.8648648648649,1244,121.27009646302251,121.27009646302251,False,retain
FR8-3,2,8,1,ARC,190,358.79473684210524,664.8684210526316,1244,121.27009646302251,121.27009646302251,False,retain
FR8-3,2,9,1,ARC,237,365.9451476793249,1130.9493670886077,1244,121.27009646302251,121.27009646302251,False,retain
FR8-3,2,10,1,ARC,380,378.5657894736842,680.3605263157895,1244,121.27009646302251,121.27009646302251,False,retain
FR8-3,2,11,1,ARC,297,378.6868686868687,1165.5084175084176,1244,121.27009646302251,121.27009646302251,False,retain
FR8-3,2,12,1,ARC,141,385.51063829787233,440.58156028368796,1244,121.27009646302251,121.27009646302251,False,retain
FR8-3,2,13,0,OUTSIDE_DELINEATED_REGIONS,238,400.02941176470586,291.26050420168065,1754,122.0963511972634,122.0963511972634,False,retain
FR8-3,2,14,1,ARC,194,403.9742268041237,1012.1855670103092,1244,121.27009646302251,121.27009646302251,False,retain
FR8-3,2,15,1,ARC,159,407.7798742138365,532.8176100628931,1244,121.27009646302251,121.27009646302251,False,retain
FR8-3,2,16,0,OUTSIDE_DELINEATED_REGIONS,286,431.73426573426576,180.43356643356643,1754,122.0963511972634,122.0963511972634,False,retain
FR8-3,2,17,1,ARC,260,437.37307692307695,417.54615384615386,1244,121.27009646302251,121.27009646302251,False,retain
FR8-3,2,18,1,ARC,209,461.9569377990431,540.4928229665072,1244,121.27009646302251,121.27009646302251,False,retain
FR8-3,2,19,1,ARC,177,458.3728813559322,1200.5310734463276,1244,121.27009646302251,121.27009646302251,False,retain
FR8-3,2,20,1,ARC,62,489.2741935483871,551.0645161290323,1244,121.27009646302251,121.27009646302251,True,exclude_below_local_dapi_mean
FR8-3,2,21,1,ARC,121,498.702479338843,659.4214876033058,1244,121.27009646302251,121.27009646302251,True,exclude_below_local_dapi_mean
FR8-3,2,22,1,ARC,312,505.00320512820514,349.9935897435897,1244,121.27009646302251,121.27009646302251,False,retain
FR8-3,2,23,1,ARC,60,511.25,1243.0,1244,121.27009646302251,121.27009646302251,True,exclude_below_local_dapi_mean
FR8-3,2,24,1,ARC,96,524.125,552.4479166666666,1244,121.27009646302251,121.27009646302251,True,exclude_below_local_dapi_mean
FR8-3,2,25,1,ARC,302,530.7119205298013,1219.0761589403974,1244,121.27009646302251,121.27009646302251,False,retain
FR8-3,2,26,1,ARC,224,548.1473214285714,1238.955357142857,1244,121.27009646302251,121.27009646302251,False,retain
FR8-3,2,27,1,ARC,169,545.7337278106509,1372.3431952662722,1244,121.27009646302251,121.27009646302251,False,retain
FR8-3,2,28,1,ARC,300,559.2133333333334,1173.19,1244,121.27009646302251,121.27009646302251,False,retain
FR8-3,2,29,1,ARC,202,563.460396039604,1282.1633663366338,1244,121.27009646302251,121.27009646302251,False,retain
FR8-3,2,30,1,ARC,142,564.8239436619718,200.23239436619718,1244,121.27009646302251,121.27009646302251,False,retain
FR8-3,2,31,1,ARC,229,570.4061135371179,1207.2663755458516,1244,121.27009646302251,121.27009646302251,False,retain
FR8-3,2,32,1,ARC,278,571.6043165467626,1258.913669064748,1244,121.27009646302251,121.27009646302251,False,retain
FR8-3,2,33,1,ARC,157,575.3949044585987,640.343949044586,1244,121.27009646302251,121.27009646302251,False,retain
FR8-3,2,34,1,ARC,200,589.645,357.935,1244,121.27009646302251,121.27009646302251,False,retain
FR8-3,2,35,1,ARC,246,617.829268292683,350.2764227642276,1244,121.27009646302251,121.27009646302251,False,retain
FR8-3,5,1,1,ARC,145,373.80689655172415,569.696551724138,1226,123.0489396411093,123.0489396411093,False,retain
FR8-3,5,2,1,ARC,227,394.9295154185022,1053.4052863436123,1226,123.0489396411093,123.0489396411093,False,retain
FR8-3,5,3,1,ARC,275,421.39272727272726,1127.1418181818183,1226,123.0489396411093,123.0489396411093,False,retain
FR8-3,5,4,1,ARC,217,455.1705069124424,607.7649769585254,1226,123.0489396411093,123.0489396411093,False,retain
FR8-3,5,5,1,ARC,71,467.6478873239437,1047.2394366197184,1226,123.0489396411093,123.0489396411093,True,exclude_below_local_dapi_mean
FR8-3,5,6,1,ARC,153,472.58169934640523,1178.862745098039,1226,123.0489396411093,123.0489396411093,False,retain
FR8-3,5,7,1,ARC,194,476.7113402061856,1339.6288659793815,1226,123.0489396411093,123.0489396411093,False,retain
FR8-3,5,8,1,ARC,234,483.1837606837607,1205.2820512820513,1226,123.0489396411093,123.0489396411093,False,retain
FR8-3,5,9,1,ARC,126,486.984126984127,532.2460317460317,1226,123.0489396411093,123.0489396411093,False,retain
FR8-3,5,10,1,ARC,39,491.56410256410254,319.94871794871796,1226,123.0489396411093,123.0489396411093,True,exclude_below_local_dapi_mean
FR8-3,5,11,1,ARC,199,512.321608040201,1284.7788944723618,1226,123.0489396411093,123.0489396411093,False,retain
FR8-3,5,12,1,ARC,226,514.3938053097345,1241.4424778761063,1226,123.0489396411093,123.0489396411093,False,retain
FR8-3,5,13,1,ARC,219,526.7214611872146,1320.4794520547946,1226,123.0489396411093,123.0489396411093,False,retain
FR8-3,5,14,1,ARC,135,531.2074074074075,436.9037037037037,1226,123.0489396411093,123.0489396411093,False,retain
FR8-3,5,15,1,ARC,177,544.8983050847457,1067.7514124293784,1226,123.0489396411093,123.0489396411093,False,retain
FR8-3,5,16,1,ARC,109,570.7706422018349,1210.6605504587155,1226,123.0489396411093,123.0489396411093,True,exclude_below_local_dapi_mean
FR8-3,5,17,1,ARC,180,573.0055555555556,1247.7944444444445,1226,123.0489396411093,123.0489396411093,False,retain
FR8-3,5,18,1,ARC,155,590.3741935483871,1498.6451612903227,1226,123.0489396411093,123.0489396411093,False,retain
FR8-3,5,19,1,ARC,133,594.7518796992481,1222.578947368421,1226,123.0489396411093,123.0489396411093,False,retain
FR8-3,5,20,1,ARC,212,600.9481132075472,1413.882075471698,1226,123.0489396411093,123.0489396411093,False,retain
FR8-3,5,21,1,ARC,264,608.2121212121212,1483.2121212121212,1226,123.0489396411093,123.0489396411093,False,retain
FR8-3,5,22,1,ARC,161,610.472049689441,457.3167701863354,1226,123.0489396411093,123.0489396411093,False,retain
FR8-3,5,23,1,ARC,292,617.9246575342465,225.38698630136986,1226,123.0489396411093,123.0489396411093,False,retain
FR8-3,5,24,1,ARC,305,619.1311475409836,429.97049180327866,1226,123.0489396411093,123.0489396411093,False,retain
FR8-3,5,25,1,ARC,63,627.4126984126984,1257.4920634920634,1226,123.0489396411093,123.0489396411093,True,exclude_below_local_dapi_mean
FR8-3,5,26,1,ARC,148,653.5202702702703,304.72972972972974,1226,123.0489396411093,123.0489396411093,False,retain
FR8-3,5,27,0,OUTSIDE_DELINEATED_REGIONS,319,657.2257053291536,126.7962382445141,2015,124.02580645161291,124.02580645161291,False,retain
FR8-3,5,28,1,ARC,115,653.5739130434782,252.44347826086957,1226,123.0489396411093,123.0489396411093,True,exclude_below_local_dapi_mean
FR8-3,5,29,1,ARC,177,656.5988700564972,1262.774011299435,1226,123.0489396411093,123.0489396411093,False,retain
FR8-3,5,30,1,ARC,253,668.1897233201581,1287.2845849802372,1226,123.0489396411093,123.0489396411093,False,retain
FR8-3,5,31,1,ARC,186,688.6021505376344,397.23655913978496,1226,123.0489396411093,123.0489396411093,False,retain
FR8-3,5,32,1,ARC,271,714.1365313653137,273.8376383763838,1226,123.0489396411093,123.0489396411093,False,retain
FR8-3,5,33,1,ARC,243,713.5473251028807,335.0082304526749,1226,123.0489396411093,123.0489396411093,False,retain
FR8-3,5,34,1,ARC,144,716.3611111111111,444.0833333333333,1226,123.0489396411093,123.0489396411093,False,retain
FR8-3,5,35,1,ARC,153,740.4967320261438,379.62091503267976,1226,123.0489396411093,123.0489396411093,False,retain
FR724,5,1,0,OUTSIDE_DELINEATED_REGIONS,47,263.3829787234043,217.89361702127658,2020,116.10891089108911,116.10891089108911,True,exclude_below_local_dapi_mean
FR724,5,2,0,OUTSIDE_DELINEATED_REGIONS,316,311.36392405063293,1660.0411392405063,2020,116.10891089108911,116.10891089108911,False,retain
FR724,5,3,0,OUTSIDE_DELINEATED_REGIONS,547,330.9963436928702,1690.0457038391226,2020,116.10891089108911,116.10891089108911,False,retain
FR724,5,4,1,ARC,379,484.2559366754617,1505.9472295514513,1800,108.89277777777778,108.89277777777778,False,retain
FR724,5,5,1,ARC,146,486.2945205479452,726.9657534246576,1800,108.89277777777778,108.89277777777778,False,retain
FR724,5,6,1,ARC,111,489.1801801801802,1189.1081081081081,1800,108.89277777777778,108.89277777777778,False,retain
FR724,5,7,1,ARC,134,498.8059701492537,1575.2835820895523,1800,108.89277777777778,108.89277777777778,False,retain
FR724,5,8,1,ARC,229,511.3580786026201,381.3930131004367,1800,108.89277777777778,108.89277777777778,False,retain
FR724,5,9,1,ARC,93,543.8602150537635,324.31182795698925,1800,108.89277777777778,108.89277777777778,True,exclude_below_local_dapi_mean
FR724,5,10,1,ARC,231,563.8225108225108,713.038961038961,1800,108.89277777777778,108.89277777777778,False,retain
FR724,5,11,1,ARC,73,563.2191780821918,688.3013698630137,1800,108.89277777777778,108.89277777777778,True,exclude_below_local_dapi_mean
FR724,5,12,1,ARC,465,568.5010752688172,1337.1591397849463,1800,108.89277777777778,108.89277777777778,False,retain
FR724,5,13,1,ARC,115,582.0434782608696,738.8608695652174,1800,108.89277777777778,108.89277777777778,False,retain
FR724,5,14,1,ARC,233,609.6695278969958,632.7467811158798,1800,108.89277777777778,108.89277777777778,False,retain
FR724,5,15,1,ARC,137,609.8613138686131,747.5109489051094,1800,108.89277777777778,108.89277777777778,False,retain
FR724,5,16,1,ARC,146,613.7876712328767,565.4383561643835,1800,108.89277777777778,108.89277777777778,False,retain
FR724,5,17,1,ARC,81,622.1358024691358,709.2345679012345,1800,108.89277777777778,108.89277777777778,True,exclude_below_local_dapi_mean
FR724,5,18,1,ARC,346,654.3728323699422,628.9826589595376,1800,108.89277777777778,108.89277777777778,False,retain
FR724(R),2,1,1,ARC,209,289.46411483253587,727.6267942583733,2071,108.9589570255915,108.9589570255915,False,retain
FR724(R),2,2,1,ARC,249,350.0642570281124,837.4176706827309,2071,108.9589570255915,108.9589570255915,False,retain
FR724(R),2,3,1,ARC,252,392.5952380952381,1345.392857142857,2071,108.9589570255915,108.9589570255915,False,retain
FR724(R),2,4,1,ARC,110,393.8545454545455,1143.5272727272727,2071,108.9589570255915,108.9589570255915,False,retain
FR724(R),2,5,1,ARC,340,409.45588235294116,1259.0794117647058,2071,108.9589570255915,108.9589570255915,False,retain
FR724(R),2,6,1,ARC,178,411.74719101123594,1158.0955056179776,2071,108.9589570255915,108.9589570255915,False,retain
FR724(R),2,7,1,ARC,527,415.7552182163188,1222.34724857685,2071,108.9589570255915,108.9589570255915,False,retain
FR724(R),2,8,1,ARC,81,422.641975308642,1141.7283950617284,2071,108.9589570255915,108.9589570255915,True,exclude_below_local_dapi_mean
FR724(R),2,9,1,ARC,63,422.42857142857144,1128.6984126984128,2071,108.9589570255915,108.9589570255915,True,exclude_below_local_dapi_mean
FR724(R),2,10,1,ARC,172,433.9244186046512,596.5930232558139,2071,108.9589570255915,108.9589570255915,False,retain
FR724(R),2,11,1,ARC,299,445.1404682274248,1206.361204013378,2071,108.9589570255915,108.9589570255915,False,retain
FR724(R),2,12,1,ARC,220,451.95,732.15,2071,108.9589570255915,108.9589570255915,False,retain
FR724(R),2,13,1,ARC,81,449.2345679012346,1223.0123456790122,2071,108.9589570255915,108.9589570255915,True,exclude_below_local_dapi_mean
FR724(R),2,14,1,ARC,121,449.79338842975204,1259.3471074380166,2071,108.9589570255915,108.9589570255915,False,retain
FR724(R),2,15,1,ARC,504,460.1309523809524,759.5952380952381,2071,108.9589570255915,108.9589570255915,False,retain
FR724(R),2,16,1,ARC,128,453.6484375,1131.875,2071,108.9589570255915,108.9589570255915,False,retain
FR724(R),2,17,1,ARC,136,452.1029411764706,1375.5367647058824,2071,108.9589570255915,108.9589570255915,False,retain
FR724(R),2,18,1,ARC,186,454.3333333333333,1168.967741935484,2071,108.9589570255915,108.9589570255915,False,retain
FR724(R),2,19,1,ARC,55,454.8181818181818,684.1272727272727,2071,108.9589570255915,108.9589570255915,True,exclude_below_local_dapi_mean
FR724(R),2,20,1,ARC,155,462.0709677419355,1337.2193548387097,2071,108.9589570255915,108.9589570255915,False,retain
FR724(R),2,21,1,ARC,157,469.96178343949043,726.3694267515923,2071,108.9589570255915,108.9589570255915,False,retain
FR724(R),2,22,1,ARC,173,469.95375722543355,604.1445086705203,2071,108.9589570255915,108.9589570255915,False,retain
FR724(R),2,23,1,ARC,105,470.83809523809526,1245.3809523809523,2071,108.9589570255915,108.9589570255915,True,exclude_below_local_dapi_mean
FR724(R),2,24,1,ARC,181,475.1325966850829,654.8066298342542,2071,108.9589570255915,108.9589570255915,False,retain
FR724(R),2,25,1,ARC,110,472.7090909090909,1164.1363636363637,2071,108.9589570255915,108.9589570255915,False,retain
FR724(R),2,26,1,ARC,280,478.1714285714286,746.1035714285714,2071,108.9589570255915,108.9589570255915,False,retain
FR724(R),2,27,1,ARC,239,485.5439330543933,1449.7071129707113,2071,108.9589570255915,108.9589570255915,False,retain
FR724(R),2,28,1,ARC,186,484.9247311827957,1214.247311827957,2071,108.9589570255915,108.9589570255915,False,retain
FR724(R),2,29,1,ARC,287,489.0801393728223,1402.773519163763,2071,108.9589570255915,108.9589570255915,False,retain
FR724(R),2,30,1,ARC,137,487.7956204379562,1346.0729927007299,2071,108.9589570255915,108.9589570255915,False,retain
FR724(R),2,31,1,ARC,252,494.5436507936508,759.063492063492,2071,108.9589570255915,108.9589570255915,False,retain
FR724(R),2,32,1,ARC,173,501.2485549132948,1438.0693641618498,2071,108.9589570255915,108.9589570255915,False,retain
FR724(R),2,33,1,ARC,361,504.6842105263158,618.0304709141275,2071,108.9589570255915,108.9589570255915,False,retain
FR724(R),2,34,1,ARC,103,505.9805825242718,592.6699029126214,2071,108.9589570255915,108.9589570255915,True,exclude_below_local_dapi_mean
FR724(R),2,35,1,ARC,92,530.7826086956521,1185.8152173913043,2071,108.9589570255915,108.9589570255915,True,exclude_below_local_dapi_mean
FR724(R),2,36,1,ARC,56,531.8928571428571,1168.517857142857,2071,108.9589570255915,108.9589570255915,True,exclude_below_local_dapi_mean
FR724(R),2,37,1,ARC,99,554.1212121212121,1231.030303030303,2071,108.9589570255915,108.9589570255915,True,exclude_below_local_dapi_mean
FR724,2,1,1,ARC,211,414.0473933649289,1522.2132701421801,1468,115.99931880108991,115.99931880108991,False,retain
FR724,2,2,1,ARC,217,465.2165898617512,1447.3778801843318,1468,115.99931880108991,115.99931880108991,False,retain
FR724,2,3,1,ARC,121,467.8677685950413,1467.2727272727273,1468,115.99931880108991,115.99931880108991,False,retain
FR724,2,4,1,ARC,69,472.30434782608694,1196.7101449275362,1468,115.99931880108991,115.99931880108991,True,exclude_below_local_dapi_mean
FR724,2,5,1,ARC,135,475.0814814814815,1382.125925925926,1468,115.99931880108991,115.99931880108991,False,retain
FR724,2,6,1,ARC,243,488.06584362139915,802.4567901234568,1468,115.99931880108991,115.99931880108991,False,retain
FR724,2,7,1,ARC,143,495.31468531468533,1387.5174825174824,1468,115.99931880108991,115.99931880108991,False,retain
FR724,2,8,1,ARC,333,506.6216216216216,1232.7567567567567,1468,115.99931880108991,115.99931880108991,False,retain
FR724,2,9,1,ARC,329,512.0455927051672,1290.516717325228,1468,115.99931880108991,115.99931880108991,False,retain
FR724,2,10,1,ARC,351,546.088319088319,1298.6837606837607,1468,115.99931880108991,115.99931880108991,False,retain
FR724,2,11,1,ARC,77,541.2337662337662,1427.3896103896104,1468,115.99931880108991,115.99931880108991,True,exclude_below_local_dapi_mean
FR724,2,12,1,ARC,274,549.7664233576643,776.1934306569343,1468,115.99931880108991,115.99931880108991,False,retain
FR724,2,13,1,ARC,227,549.3568281938326,738.0925110132158,1468,115.99931880108991,115.99931880108991,False,retain
FR724,2,14,1,ARC,449,584.9732739420936,1321.859688195991,1468,115.99931880108991,115.99931880108991,False,retain
FR724,2,15,1,ARC,250,582.404,639.832,1468,115.99931880108991,115.99931880108991,False,retain
FR724,2,16,1,ARC,184,600.6032608695652,486.42391304347825,1468,115.99931880108991,115.99931880108991,False,retain
FR724,2,17,1,ARC,245,605.7714285714286,660.9632653061225,1468,115.99931880108991,115.99931880108991,False,retain
FR724,2,18,1,ARC,137,637.985401459854,558.6496350364963,1468,115.99931880108991,115.99931880108991,False,retain
FR724,2,19,1,ARC,115,658.7217391304348,534.9565217391304,1468,115.99931880108991,115.99931880108991,True,exclude_below_local_dapi_mean
FR724,1,1,0,OUTSIDE_DELINEATED_REGIONS,203,172.48275862068965,272.8965517241379,1075,121.56930232558139,121.56930232558139,False,retain
FR724,1,2,0,OUTSIDE_DELINEATED_REGIONS,168,192.3452380952381,149.98809523809524,1075,121.56930232558139,121.56930232558139,False,retain
FR724,1,3,1,ARC,263,209.59315589353614,357.81368821292773,2317,120.83081570996978,120.83081570996978,False,retain
FR724,1,4,1,ARC,434,346.70046082949307,302.8456221198157,2317,120.83081570996978,120.83081570996978,False,retain
FR724,1,5,1,ARC,206,351.92233009708735,583.0922330097087,2317,120.83081570996978,120.83081570996978,False,retain
FR724,1,6,0,OUTSIDE_DELINEATED_REGIONS,309,370.1132686084142,184.01941747572815,1075,121.56930232558139,121.56930232558139,False,retain
FR724,1,7,1,ARC,138,398.40579710144925,1630.4130434782608,2317,120.83081570996978,120.83081570996978,False,retain
FR724,1,8,1,ARC,190,439.6578947368421,1499.0315789473684,2317,120.83081570996978,120.83081570996978,False,retain
FR724,1,9,1,ARC,232,446.4008620689655,1456.5258620689656,2317,120.83081570996978,120.83081570996978,False,retain
FR724,1,10,0,OUTSIDE_DELINEATED_REGIONS,355,469.12394366197185,121.56338028169014,1075,121.56930232558139,121.56930232558139,False,retain
FR724,1,11,1,ARC,122,471.9016393442623,681.016393442623,2317,120.83081570996978,120.83081570996978,False,retain
FR724,1,12,1,ARC,207,477.9661835748792,724.4444444444445,2317,120.83081570996978,120.83081570996978,False,retain
FR724,1,13,1,ARC,159,518.4213836477987,854.5786163522013,2317,120.83081570996978,120.83081570996978,False,retain
FR724,1,14,1,ARC,72,541.6388888888889,1087.9444444444443,2317,120.83081570996978,120.83081570996978,True,exclude_below_local_dapi_mean
FR724,1,15,1,ARC,113,557.5221238938053,861.4601769911504,2317,120.83081570996978,120.83081570996978,True,exclude_below_local_dapi_mean
FR724,1,16,1,ARC,163,559.9386503067485,1173.196319018405,2317,120.83081570996978,120.83081570996978,False,retain
FR724,1,17,1,ARC,180,563.1111111111111,1152.5,2317,120.83081570996978,120.83081570996978,False,retain
FR724,1,18,1,ARC,105,569.3523809523809,1081.3333333333333,2317,120.83081570996978,120.83081570996978,True,exclude_below_local_dapi_mean
FR724,1,19,1,ARC,105,569.6857142857143,796.6476190476191,2317,120.83081570996978,120.83081570996978,True,exclude_below_local_dapi_mean
FR724,1,20,1,ARC,89,571.6516853932584,838.3932584269663,2317,120.83081570996978,120.83081570996978,True,exclude_below_local_dapi_mean
FR724,1,21,1,ARC,245,575.7714285714286,1172.404081632653,2317,120.83081570996978,120.83081570996978,False,retain
FR724,1,22,1,ARC,253,576.5652173913044,1268.5810276679842,2317,120.83081570996978,120.83081570996978,False,retain
FR724,1,23,1,ARC,157,575.3821656050956,1311.656050955414,2317,120.83081570996978,120.83081570996978,False,retain
FR724,1,24,1,ARC,152,586.9013157894736,1126.532894736842,2317,120.83081570996978,120.83081570996978,False,retain
FR724,1,25,1,ARC,137,589.8175182481751,1167.5839416058395,2317,120.83081570996978,120.83081570996978,False,retain
FR724,1,26,1,ARC,109,593.5688073394496,689.5412844036697,2317,120.83081570996978,120.83081570996978,True,exclude_below_local_dapi_mean
FR724,1,27,1,ARC,93,596.8817204301075,649.010752688172,2317,120.83081570996978,120.83081570996978,True,exclude_below_local_dapi_mean
FR724,1,28,1,ARC,180,604.0444444444445,1119.1055555555556,2317,120.83081570996978,120.83081570996978,False,retain
FR724,1,29,1,ARC,449,613.0400890868597,1249.097995545657,2317,120.83081570996978,120.83081570996978,False,retain
FR724,1,30,1,ARC,355,610.2845070422535,1206.3577464788732,2317,120.83081570996978,120.83081570996978,False,retain
FR724,1,31,1,ARC,83,614.4578313253012,809.7469879518072,2317,120.83081570996978,120.83081570996978,True,exclude_below_local_dapi_mean
FR724,1,32,1,ARC,141,623.3900709219859,1134.886524822695,2317,120.83081570996978,120.83081570996978,False,retain
FR724,1,33,1,ARC,158,626.253164556962,631.1835443037975,2317,120.83081570996978,120.83081570996978,False,retain
FR724,1,34,1,ARC,131,626.7328244274809,1330.0534351145038,2317,120.83081570996978,120.83081570996978,False,retain
FR724,1,35,0,OUTSIDE_DELINEATED_REGIONS,98,708.530612244898,1109.857142857143,1075,121.56930232558139,121.56930232558139,True,exclude_below_local_dapi_mean
FR724,4,1,1,ARC,225,324.05333333333334,735.3688888888889,1399,109.88849177984274,109.88849177984274,False,retain
FR724,4,2,1,ARC,212,402.5377358490566,793.7452830188679,1399,109.88849177984274,109.88849177984274,False,retain
FR724,4,3,1,ARC,247,411.33603238866397,1291.9838056680162,1399,109.88849177984274,109.88849177984274,False,retain
FR724,4,4,1,ARC,314,434.9267515923567,645.5031847133758,1399,109.88849177984274,109.88849177984274,False,retain
FR724,4,5,1,ARC,251,440.0,1452.179282868526,1399,109.88849177984274,109.88849177984274,False,retain
FR724,4,6,1,ARC,220,442.7818181818182,763.6318181818182,1399,109.88849177984274,109.88849177984274,False,retain
FR724,4,7,1,ARC,198,460.9646464646465,731.3282828282828,1399,109.88849177984274,109.88849177984274,False,retain
FR724,4,8,1,ARC,360,470.31111111111113,1574.5527777777777,1399,109.88849177984274,109.88849177984274,False,retain
FR724,4,9,1,ARC,135,495.51851851851853,1422.0592592592593,1399,109.88849177984274,109.88849177984274,False,retain
FR724,4,10,1,ARC,248,501.1209677419355,1577.3387096774193,1399,109.88849177984274,109.88849177984274,False,retain
FR724,4,11,1,ARC,286,510.7132867132867,395.6188811188811,1399,109.88849177984274,109.88849177984274,False,retain
FR724,4,12,1,ARC,150,514.2666666666667,1502.32,1399,109.88849177984274,109.88849177984274,False,retain
FR724,4,13,1,ARC,360,552.7333333333333,759.2277777777778,1399,109.88849177984274,109.88849177984274,False,retain
FR724,4,14,1,ARC,311,559.9485530546624,1274.572347266881,1399,109.88849177984274,109.88849177984274,False,retain
FR724,4,15,1,ARC,140,559.45,617.0857142857143,1399,109.88849177984274,109.88849177984274,False,retain
FR724,4,16,1,ARC,288,561.8819444444445,1565.326388888889,1399,109.88849177984274,109.88849177984274,False,retain
FR724,4,17,0,OUTSIDE_DELINEATED_REGIONS,188,562.563829787234,224.93617021276594,1969,119.5860843067547,119.5860843067547,False,retain
FR724,4,18,1,ARC,249,572.0481927710844,531.5783132530121,1399,109.88849177984274,109.88849177984274,False,retain
FR724,4,19,1,ARC,211,576.0805687203791,504.521327014218,1399,109.88849177984274,109.88849177984274,False,retain
FR724,4,20,1,ARC,282,576.8085106382979,741.9219858156029,1399,109.88849177984274,109.88849177984274,False,retain
FR724,4,21,1,ARC,168,574.8690476190476,666.75,1399,109.88849177984274,109.88849177984274,False,retain
FR724,4,22,1,ARC,199,580.4572864321608,1560.6934673366834,1399,109.88849177984274,109.88849177984274,False,retain
FR724,4,23,0,OUTSIDE_DELINEATED_REGIONS,284,583.1443661971831,234.96478873239437,1969,119.5860843067547,119.5860843067547,False,retain
FR724,4,24,1,ARC,51,590.1764705882352,638.9019607843137,1399,109.88849177984274,109.88849177984274,True,exclude_below_local_dapi_mean
FR724,4,25,1,ARC,125,594.816,612.592,1399,109.88849177984274,109.88849177984274,False,retain
FR724,4,26,1,ARC,235,607.6212765957447,720.7744680851064,1399,109.88849177984274,109.88849177984274,False,retain
FR724,4,27,1,ARC,236,611.2627118644068,1322.5338983050847,1399,109.88849177984274,109.88849177984274,False,retain
FR724,4,28,1,ARC,212,618.877358490566,628.1084905660377,1399,109.88849177984274,109.88849177984274,False,retain
FR724,4,29,1,ARC,193,622.2953367875648,734.5492227979274,1399,109.88849177984274,109.88849177984274,False,retain
FR724,4,30,1,ARC,175,640.4857142857143,603.9542857142857,1399,109.88849177984274,109.88849177984274,False,retain
FR724,4,31,0,OUTSIDE_DELINEATED_REGIONS,297,662.2154882154882,1445.882154882155,1969,119.5860843067547,119.5860843067547,False,retain
FR724,3,1,0,OUTSIDE_DELINEATED_REGIONS,299,317.60869565217394,1207.9665551839464,2044,116.05724070450098,116.05724070450098,False,retain
FR724,3,2,0,OUTSIDE_DELINEATED_REGIONS,260,349.09615384615387,258.0153846153846,2044,116.05724070450098,116.05724070450098,False,retain
FR724,3,3,0,OUTSIDE_DELINEATED_REGIONS,231,349.75757575757575,1457.138528138528,2044,116.05724070450098,116.05724070450098,False,retain
FR724,3,4,0,OUTSIDE_DELINEATED_REGIONS,211,367.49763033175356,394.22274881516586,2044,116.05724070450098,116.05724070450098,False,retain
FR724,3,5,0,OUTSIDE_DELINEATED_REGIONS,313,376.8594249201278,1464.6038338658147,2044,116.05724070450098,116.05724070450098,False,retain
FR724,3,6,0,OUTSIDE_DELINEATED_REGIONS,167,375.3952095808383,1616.5808383233532,2044,116.05724070450098,116.05724070450098,False,retain
FR724,3,7,0,OUTSIDE_DELINEATED_REGIONS,146,381.86986301369865,546.0890410958904,2044,116.05724070450098,116.05724070450098,False,retain
FR724,3,8,0,OUTSIDE_DELINEATED_REGIONS,291,388.38831615120273,1302.6494845360826,2044,116.05724070450098,116.05724070450098,False,retain
FR724,3,9,1,ARC,355,394.9549295774648,762.4394366197183,1217,110.4987674609696,110.4987674609696,False,retain
FR724,3,10,0,OUTSIDE_DELINEATED_REGIONS,492,395.3150406504065,1830.2154471544716,2044,116.05724070450098,116.05724070450098,False,retain
FR724,3,11,0,OUTSIDE_DELINEATED_REGIONS,222,402.9684684684685,1696.9864864864865,2044,116.05724070450098,116.05724070450098,False,retain
FR724,3,12,1,ARC,154,404.52597402597405,653.8441558441558,1217,110.4987674609696,110.4987674609696,False,retain
FR724,3,13,1,ARC,319,410.7899686520376,1152.398119122257,1217,110.4987674609696,110.4987674609696,False,retain
FR724,3,14,0,OUTSIDE_DELINEATED_REGIONS,345,414.74202898550726,1470.1855072463768,2044,116.05724070450098,116.05724070450098,False,retain
FR724,3,15,0,OUTSIDE_DELINEATED_REGIONS,146,414.24657534246575,184.76027397260273,2044,116.05724070450098,116.05724070450098,False,retain
FR724,3,16,0,OUTSIDE_DELINEATED_REGIONS,163,418.7546012269939,346.86503067484665,2044,116.05724070450098,116.05724070450098,False,retain
FR724,3,17,0,OUTSIDE_DELINEATED_REGIONS,191,424.4397905759162,435.42931937172773,2044,116.05724070450098,116.05724070450098,False,retain
FR724,3,18,1,ARC,280,436.3,663.1035714285714,1217,110.4987674609696,110.4987674609696,False,retain
FR724,3,19,0,OUTSIDE_DELINEATED_REGIONS,231,434.5844155844156,410.9134199134199,2044,116.05724070450098,116.05724070450098,False,retain
FR724,3,20,0,OUTSIDE_DELINEATED_REGIONS,222,435.43693693693695,1614.6486486486488,2044,116.05724070450098,116.05724070450098,False,retain
FR724,3,21,1,ARC,299,435.1638795986622,1243.227424749164,1217,110.4987674609696,110.4987674609696,False,retain
FR724,3,22,1,ARC,201,443.3134328358209,1310.7562189054727,1217,110.4987674609696,110.4987674609696,False,retain
FR724,3,23,0,OUTSIDE_DELINEATED_REGIONS,474,472.9746835443038,1689.7932489451478,2044,116.05724070450098,116.05724070450098,False,retain
FR724,3,24,0,OUTSIDE_DELINEATED_REGIONS,344,476.98837209302326,1732.1191860465117,2044,116.05724070450098,116.05724070450098,False,retain
FR724,3,25,0,OUTSIDE_DELINEATED_REGIONS,231,483.76623376623377,1569.857142857143,2044,116.05724070450098,116.05724070450098,False,retain
FR724,3,26,1,ARC,355,506.5323943661972,1425.9070422535212,1217,110.4987674609696,110.4987674609696,False,retain
FR724,3,27,0,OUTSIDE_DELINEATED_REGIONS,366,508.7158469945355,196.34699453551912,2044,116.05724070450098,116.05724070450098,False,retain
FR724,3,28,1,ARC,500,509.452,1457.884,1217,110.4987674609696,110.4987674609696,False,retain
FR724,3,29,0,OUTSIDE_DELINEATED_REGIONS,198,509.8888888888889,276.0808080808081,2044,116.05724070450098,116.05724070450098,False,retain
FR724,3,30,1,ARC,284,517.8204225352113,535.9753521126761,1217,110.4987674609696,110.4987674609696,False,retain
FR724,3,31,0,OUTSIDE_DELINEATED_REGIONS,325,524.4430769230769,1616.206153846154,2044,116.05724070450098,116.05724070450098,False,retain
FR724,3,32,1,ARC,208,524.8509615384615,1319.1634615384614,1217,110.4987674609696,110.4987674609696,False,retain
FR724,3,33,1,ARC,281,532.0320284697509,717.3131672597865,1217,110.4987674609696,110.4987674609696,False,retain
FR724,3,34,0,OUTSIDE_DELINEATED_REGIONS,340,546.2676470588235,120.80588235294118,2044,116.05724070450098,116.05724070450098,False,retain
FR724,3,35,1,ARC,5,554.6,1292.6,1217,110.4987674609696,110.4987674609696,True,exclude_below_local_dapi_mean
FR724,3,36,1,ARC,251,581.2549800796813,1299.980079681275,1217,110.4987674609696,110.4987674609696,False,retain
FR724,3,37,1,ARC,133,585.9699248120301,337.14285714285717,1217,110.4987674609696,110.4987674609696,False,retain
FR724,3,38,1,ARC,294,590.1666666666666,427.078231292517,1217,110.4987674609696,110.4987674609696,False,retain
FR724,3,39,1,ARC,103,598.1747572815534,1236.0485436893205,1217,110.4987674609696,110.4987674609696,True,exclude_below_local_dapi_mean
FR724,3,40,1,ARC,164,602.3536585365854,1188.621951219512,1217,110.4987674609696,110.4987674609696,False,retain
FR724,3,41,1,ARC,358,618.2877094972067,1307.9022346368715,1217,110.4987674609696,110.4987674609696,False,retain
FR724,3,42,1,ARC,119,611.3361344537815,1247.6050420168067,1217,110.4987674609696,110.4987674609696,False,retain
FR724,3,43,2,ME,158,641.873417721519,907.9873417721519,62,96.11290322580645,96.11290322580645,False,retain
FR724,3,44,1,ARC,190,644.0263157894736,1214.2473684210527,1217,110.4987674609696,110.4987674609696,False,retain
FR724(R),1,1,1,ARC,621,354.98228663446054,1173.4396135265702,1182,114.57191201353638,114.57191201353638,False,retain
FR724(R),1,2,0,OUTSIDE_DELINEATED_REGIONS,265,380.5660377358491,300.0641509433962,1975,124.62784810126583,124.62784810126583,False,retain
FR724(R),1,3,1,ARC,162,398.2098765432099,1425.2283950617284,1182,114.57191201353638,114.57191201353638,False,retain
FR724(R),1,4,1,ARC,149,427.12080536912754,452.8590604026846,1182,114.57191201353638,114.57191201353638,False,retain
FR724(R),1,5,0,OUTSIDE_DELINEATED_REGIONS,169,435.27810650887574,266.5621301775148,1975,124.62784810126583,124.62784810126583,False,retain
FR724(R),1,6,0,OUTSIDE_DELINEATED_REGIONS,183,451.43169398907105,349.1475409836066,1975,124.62784810126583,124.62784810126583,False,retain
FR724(R),1,7,1,ARC,234,462.20940170940173,1259.2692307692307,1182,114.57191201353638,114.57191201353638,False,retain
FR724(R),1,8,1,ARC,228,490.0438596491228,729.5,1182,114.57191201353638,114.57191201353638,False,retain
FR724(R),1,9,0,OUTSIDE_DELINEATED_REGIONS,347,503.5158501440922,1695.0662824207493,1975,124.62784810126583,124.62784810126583,False,retain
FR724(R),1,10,1,ARC,227,520.5066079295154,1131.52422907489,1182,114.57191201353638,114.57191201353638,False,retain
FR724(R),1,11,1,ARC,263,521.3688212927757,1554.4524714828897,1182,114.57191201353638,114.57191201353638,False,retain
FR724(R),1,12,1,ARC,185,523.2432432432432,1399.2756756756758,1182,114.57191201353638,114.57191201353638,False,retain
FR724(R),1,13,1,ARC,235,539.6085106382978,1512.659574468085,1182,114.57191201353638,114.57191201353638,False,retain
FR724(R),1,14,1,ARC,159,556.5220125786163,628.9622641509434,1182,114.57191201353638,114.57191201353638,False,retain
FR724(R),1,15,1,ARC,191,564.7905759162304,493.59685863874347,1182,114.57191201353638,114.57191201353638,False,retain
FR724(R),1,16,1,ARC,295,579.2610169491526,530.9559322033898,1182,114.57191201353638,114.57191201353638,False,retain
FR724(R),1,17,1,ARC,404,606.210396039604,506.5420792079208,1182,114.57191201353638,114.57191201353638,False,retain
FR724(R),1,18,1,ARC,309,606.6310679611651,697.7766990291262,1182,114.57191201353638,114.57191201353638,False,retain
FR6-1,4,1,0,OUTSIDE_DELINEATED_REGIONS,185,84.7081081081081,653.1513513513513,1280,110.09765625,110.09765625,False,retain
FR6-1,4,2,0,OUTSIDE_DELINEATED_REGIONS,170,212.73529411764707,414.7823529411765,1280,110.09765625,110.09765625,False,retain
FR6-1,4,3,1,ARC,147,216.38095238095238,1156.4013605442176,1198,100.79382303839733,100.79382303839733,False,retain
FR6-1,4,4,0,OUTSIDE_DELINEATED_REGIONS,205,222.6829268292683,457.3219512195122,1280,110.09765625,110.09765625,False,retain
FR6-1,4,5,0,OUTSIDE_DELINEATED_REGIONS,166,243.98192771084337,1343.144578313253,1280,110.09765625,110.09765625,False,retain
FR6-1,4,6,0,OUTSIDE_DELINEATED_REGIONS,182,257.25274725274727,1576.8186813186812,1280,110.09765625,110.09765625,False,retain
FR6-1,4,7,0,OUTSIDE_DELINEATED_REGIONS,134,270.4179104477612,1360.9179104477612,1280,110.09765625,110.09765625,False,retain
FR6-1,4,8,0,OUTSIDE_DELINEATED_REGIONS,128,277.3125,1466.3984375,1280,110.09765625,110.09765625,False,retain
FR6-1,4,9,1,ARC,430,292.0953488372093,429.13953488372096,1198,100.79382303839733,100.79382303839733,False,retain
FR6-1,4,10,0,OUTSIDE_DELINEATED_REGIONS,277,301.3826714801444,247.65342960288808,1280,110.09765625,110.09765625,False,retain
FR6-1,4,11,1,ARC,327,306.19571865443424,390.4403669724771,1198,100.79382303839733,100.79382303839733,False,retain
FR6-1,4,12,1,ARC,417,315.8968824940048,627.494004796163,1198,100.79382303839733,100.79382303839733,False,retain
FR6-1,4,13,1,ARC,76,309.9605263157895,1157.7105263157894,1198,100.79382303839733,100.79382303839733,True,exclude_below_local_dapi_mean
FR6-1,4,14,1,ARC,194,318.9896907216495,1148.4020618556701,1198,100.79382303839733,100.79382303839733,False,retain
FR6-1,4,15,1,ARC,227,338.3612334801762,398.80616740088107,1198,100.79382303839733,100.79382303839733,False,retain
FR6-1,4,16,0,OUTSIDE_DELINEATED_REGIONS,124,335.5483870967742,1581.8387096774193,1280,110.09765625,110.09765625,False,retain
FR6-1,4,17,1,ARC,121,342.08264462809916,1240.801652892562,1198,100.79382303839733,100.79382303839733,False,retain
FR6-1,4,18,1,ARC,157,353.29936305732485,1229.0191082802548,1198,100.79382303839733,100.79382303839733,False,retain
FR6-1,4,19,0,OUTSIDE_DELINEATED_REGIONS,228,356.32894736842104,1595.482456140351,1280,110.09765625,110.09765625,False,retain
FR6-1,4,20,0,OUTSIDE_DELINEATED_REGIONS,267,362.6629213483146,1554.0187265917602,1280,110.09765625,110.09765625,False,retain
FR6-1,4,21,1,ARC,147,365.96598639455783,427.1156462585034,1198,100.79382303839733,100.79382303839733,False,retain
FR6-1,4,22,1,ARC,271,374.26937269372695,1254.8523985239851,1198,100.79382303839733,100.79382303839733,False,retain
FR6-1,4,23,1,ARC,175,395.57714285714286,1257.0114285714285,1198,100.79382303839733,100.79382303839733,False,retain
FR6-1,4,24,1,ARC,263,404.4106463878327,587.9619771863117,1198,100.79382303839733,100.79382303839733,False,retain
FR6-1,4,25,1,ARC,175,403.77142857142854,1461.5885714285714,1198,100.79382303839733,100.79382303839733,False,retain
FR6-1,4,26,1,ARC,174,426.38505747126436,1219.9885057471265,1198,100.79382303839733,100.79382303839733,False,retain
FR6-1,4,27,1,ARC,176,429.2386363636364,1445.7045454545455,1198,100.79382303839733,100.79382303839733,False,retain
FR6-1,4,28,0,OUTSIDE_DELINEATED_REGIONS,209,433.77033492822966,1593.3014354066986,1280,110.09765625,110.09765625,False,retain
FR6-1,4,29,1,ARC,404,441.81188118811883,528.0816831683169,1198,100.79382303839733,100.79382303839733,False,retain
FR6-1,4,30,1,ARC,98,458.61224489795916,1198.265306122449,1198,100.79382303839733,100.79382303839733,True,exclude_below_local_dapi_mean
FR6-1,4,31,1,ARC,164,461.5548780487805,645.9329268292682,1198,100.79382303839733,100.79382303839733,False,retain
FR6-1,4,32,1,ARC,193,465.43523316062175,1397.6683937823834,1198,100.79382303839733,100.79382303839733,False,retain
FR6-1,4,33,1,ARC,122,479.4590163934426,403.61475409836066,1198,100.79382303839733,100.79382303839733,False,retain
FR6-1,4,34,1,ARC,191,492.7434554973822,1172.8848167539268,1198,100.79382303839733,100.79382303839733,False,retain
FR6-1,4,35,2,ME,72,637.375,1042.9305555555557,261,87.65900383141762,87.65900383141762,True,exclude_below_local_dapi_mean
FR6-1,4,36,2,ME,50,645.84,918.78,261,87.65900383141762,87.65900383141762,True,exclude_below_local_dapi_mean
FR6-1,2,1,0,OUTSIDE_DELINEATED_REGIONS,386,256.919689119171,278.88860103626945,1911,111.63108320251177,111.63108320251177,False,retain
FR6-1,2,2,1,ARC,137,265.46715328467155,632.4087591240876,1569,104.38814531548758,104.38814531548758,False,retain
FR6-1,2,3,1,ARC,255,269.8313725490196,731.3843137254902,1569,104.38814531548758,104.38814531548758,False,retain
FR6-1,2,4,1,ARC,261,281.62835249042143,1178.6934865900382,1569,104.38814531548758,104.38814531548758,False,retain
FR6-1,2,5,1,ARC,234,292.3119658119658,1049.2008547008547,1569,104.38814531548758,104.38814531548758,False,retain
FR6-1,2,6,0,OUTSIDE_DELINEATED_REGIONS,240,291.575,1521.8083333333334,1911,111.63108320251177,111.63108320251177,False,retain
FR6-1,2,7,1,ARC,129,319.8759689922481,1156.5736434108528,1569,104.38814531548758,104.38814531548758,False,retain
FR6-1,2,8,0,OUTSIDE_DELINEATED_REGIONS,195,322.75897435897434,1648.9641025641026,1911,111.63108320251177,111.63108320251177,False,retain
FR6-1,2,9,1,ARC,155,337.73548387096776,1072.8645161290322,1569,104.38814531548758,104.38814531548758,False,retain
FR6-1,2,10,1,ARC,140,339.48571428571427,1017.2785714285715,1569,104.38814531548758,104.38814531548758,False,retain
FR6-1,2,11,0,OUTSIDE_DELINEATED_REGIONS,157,341.03184713375794,1664.9554140127389,1911,111.63108320251177,111.63108320251177,False,retain
FR6-1,2,12,1,ARC,151,350.81456953642385,1176.3377483443708,1569,104.38814531548758,104.38814531548758,False,retain
FR6-1,2,13,1,ARC,221,350.710407239819,1198.552036199095,1569,104.38814531548758,104.38814531548758,False,retain
FR6-1,2,14,0,OUTSIDE_DELINEATED_REGIONS,249,358.58232931726906,1576.140562248996,1911,111.63108320251177,111.63108320251177,False,retain
FR6-1,2,15,1,ARC,250,368.936,394.556,1569,104.38814531548758,104.38814531548758,False,retain
FR6-1,2,16,1,ARC,236,379.34322033898303,484.385593220339,1569,104.38814531548758,104.38814531548758,False,retain
FR6-1,2,17,1,ARC,156,378.38461538461536,787.4102564102565,1569,104.38814531548758,104.38814531548758,False,retain
FR6-1,2,18,1,ARC,209,381.6650717703349,724.3014354066986,1569,104.38814531548758,104.38814531548758,False,retain
FR6-1,2,19,1,ARC,144,382.47222222222223,1199.5555555555557,1569,104.38814531548758,104.38814531548758,False,retain
FR6-1,2,20,1,ARC,156,397.53205128205127,784.775641025641,1569,104.38814531548758,104.38814531548758,False,retain
FR6-1,2,21,1,ARC,212,398.2311320754717,431.17452830188677,1569,104.38814531548758,104.38814531548758,False,retain
FR6-1,2,22,1,ARC,98,397.07142857142856,1288.7448979591836,1569,104.38814531548758,104.38814531548758,True,exclude_below_local_dapi_mean
FR6-1,2,23,1,ARC,155,400.8,1071.7225806451613,1569,104.38814531548758,104.38814531548758,False,retain
FR6-1,2,24,0,OUTSIDE_DELINEATED_REGIONS,271,404.54243542435427,1611.4428044280444,1911,111.63108320251177,111.63108320251177,False,retain
FR6-1,2,25,1,ARC,209,406.7464114832536,358.99043062200957,1569,104.38814531548758,104.38814531548758,False,retain
FR6-1,2,26,1,ARC,117,406.05982905982904,483.3162393162393,1569,104.38814531548758,104.38814531548758,False,retain
FR6-1,2,27,1,ARC,168,416.4583333333333,1279.357142857143,1569,104.38814531548758,104.38814531548758,False,retain
FR6-1,2,28,1,ARC,140,418.92857142857144,1330.55,1569,104.38814531548758,104.38814531548758,False,retain
FR6-1,2,29,0,OUTSIDE_DELINEATED_REGIONS,259,426.4092664092664,119.96525096525096,1911,111.63108320251177,111.63108320251177,False,retain
FR6-1,2,30,1,ARC,123,422.5853658536585,1252.3658536585365,1569,104.38814531548758,104.38814531548758,False,retain
FR6-1,2,31,1,ARC,166,423.6024096385542,1305.0963855421687,1569,104.38814531548758,104.38814531548758,False,retain
FR6-1,2,32,2,ME,219,448.92237442922374,873.4611872146119,409,100.14669926650367,100.14669926650367,False,retain
FR6-1,2,33,1,ARC,89,451.44943820224717,380.07865168539325,1569,104.38814531548758,104.38814531548758,True,exclude_below_local_dapi_mean
FR6-1,2,34,1,ARC,146,464.59589041095893,550.9246575342465,1569,104.38814531548758,104.38814531548758,False,retain
FR6-1,2,35,2,ME,175,467.72,875.7028571428572,409,100.14669926650367,100.14669926650367,False,retain
FR6-1,2,36,1,ARC,223,472.7219730941704,1189.5112107623318,1569,104.38814531548758,104.38814531548758,False,retain
FR6-1,2,37,1,ARC,62,469.38709677419354,1161.5,1569,104.38814531548758,104.38814531548758,True,exclude_below_local_dapi_mean
FR6-1,2,38,1,ARC,184,477.2119565217391,1211.9945652173913,1569,104.38814531548758,104.38814531548758,False,retain
FR6-1,2,39,1,ARC,161,483.2919254658385,1140.111801242236,1569,104.38814531548758,104.38814531548758,False,retain
FR6-1,2,40,1,ARC,111,482.39639639639637,1276.036036036036,1569,104.38814531548758,104.38814531548758,False,retain
FR6-1,2,41,0,OUTSIDE_DELINEATED_REGIONS,119,510.1848739495798,231.05882352941177,1911,111.63108320251177,111.63108320251177,False,retain
FR6-1,2,42,1,ARC,103,525.8349514563107,423.07766990291265,1569,104.38814531548758,104.38814531548758,True,exclude_below_local_dapi_mean
FR6-1,2,43,0,OUTSIDE_DELINEATED_REGIONS,135,528.7259259259259,251.31851851851852,1911,111.63108320251177,111.63108320251177,False,retain
FR6-1,2,44,1,ARC,229,540.1310043668122,762.1091703056769,1569,104.38814531548758,104.38814531548758,False,retain
FR6-1,2,45,2,ME,176,551.9715909090909,848.5909090909091,409,100.14669926650367,100.14669926650367,False,retain
FR6-1,2,46,1,ARC,90,550.7111111111111,560.9333333333333,1569,104.38814531548758,104.38814531548758,True,exclude_below_local_dapi_mean
FR6-1,2,47,1,ARC,347,561.3371757925072,367.299711815562,1569,104.38814531548758,104.38814531548758,False,retain
FR6-1,2,48,2,ME,188,572.8297872340426,786.6063829787234,409,100.14669926650367,100.14669926650367,False,retain
FR6-1,2,49,2,ME,224,581.09375,1073.482142857143,409,100.14669926650367,100.14669926650367,False,retain
FR6-1,2,50,0,OUTSIDE_DELINEATED_REGIONS,260,581.5461538461539,1172.15,1911,111.63108320251177,111.63108320251177,False,retain
FR6-1,2,51,2,ME,218,583.8394495412844,869.5137614678899,409,100.14669926650367,100.14669926650367,False,retain
FR6-1,2,52,2,ME,166,598.4216867469879,902.0602409638554,409,100.14669926650367,100.14669926650367,False,retain
FR6-1,2,53,2,ME,348,624.3333333333334,916.1293103448276,409,100.14669926650367,100.14669926650367,False,retain
FR6-1,5,1,1,ARC,87,179.73563218390805,1225.3908045977012,1685,128.4278931750742,128.4278931750742,True,exclude_below_local_dapi_mean
FR6-1,5,2,1,ARC,107,227.09345794392524,1156.5607476635514,1685,128.4278931750742,128.4278931750742,True,exclude_below_local_dapi_mean
FR6-1,5,3,1,ARC,111,250.06306306306305,617.1531531531532,1685,128.4278931750742,128.4278931750742,True,exclude_below_local_dapi_mean
FR6-1,5,4,1,ARC,177,257.05649717514126,1133.1186440677966,1685,128.4278931750742,128.4278931750742,False,retain
FR6-1,5,5,1,ARC,104,269.0480769230769,615.3076923076923,1685,128.4278931750742,128.4278931750742,True,exclude_below_local_dapi_mean
FR6-1,5,6,1,ARC,215,311.74883720930234,664.3023255813954,1685,128.4278931750742,128.4278931750742,False,retain
FR6-1,5,7,1,ARC,165,317.5212121212121,722.8,1685,128.4278931750742,128.4278931750742,False,retain
FR6-1,5,8,1,ARC,196,318.8520408163265,1174.0051020408164,1685,128.4278931750742,128.4278931750742,False,retain
FR6-1,5,9,1,ARC,145,329.1862068965517,787.351724137931,1685,128.4278931750742,128.4278931750742,False,retain
FR6-1,5,10,1,ARC,165,336.1030303030303,710.4363636363636,1685,128.4278931750742,128.4278931750742,False,retain
FR6-1,5,11,1,ARC,268,358.2910447761194,590.9328358208955,1685,128.4278931750742,128.4278931750742,False,retain
FR6-1,5,12,1,ARC,288,371.22569444444446,649.6840277777778,1685,128.4278931750742,128.4278931750742,False,retain
FR6-1,5,13,1,ARC,352,381.15625,549.3210227272727,1685,128.4278931750742,128.4278931750742,False,retain
FR6-1,5,14,1,ARC,105,394.56190476190477,1150.6285714285714,1685,128.4278931750742,128.4278931750742,True,exclude_below_local_dapi_mean
FR6-1,5,15,0,OUTSIDE_DELINEATED_REGIONS,128,420.765625,45.0859375,1509,132.37574552683895,132.37574552683895,True,exclude_below_local_dapi_mean
FR6-1,5,16,1,ARC,212,422.6981132075472,1271.382075471698,1685,128.4278931750742,128.4278931750742,False,retain
FR6-1,5,17,1,ARC,225,426.76,568.7511111111111,1685,128.4278931750742,128.4278931750742,False,retain
FR6-1,5,18,1,ARC,115,429.8,1410.513043478261,1685,128.4278931750742,128.4278931750742,True,exclude_below_local_dapi_mean
FR6-1,5,19,1,ARC,149,434.46308724832215,1297.9127516778524,1685,128.4278931750742,128.4278931750742,False,retain
FR6-1,5,20,1,ARC,112,436.70535714285717,346.66964285714283,1685,128.4278931750742,128.4278931750742,True,exclude_below_local_dapi_mean
FR6-1,5,21,1,ARC,124,439.71774193548384,713.0725806451613,1685,128.4278931750742,128.4278931750742,True,exclude_below_local_dapi_mean
FR6-1,5,22,1,ARC,105,443.37142857142857,633.0857142857143,1685,128.4278931750742,128.4278931750742,True,exclude_below_local_dapi_mean
FR6-1,5,23,1,ARC,147,450.3061224489796,570.8367346938776,1685,128.4278931750742,128.4278931750742,False,retain
FR6-1,5,24,1,ARC,237,470.9324894514768,1315.7088607594937,1685,128.4278931750742,128.4278931750742,False,retain
FR6-1,5,25,1,ARC,284,489.9154929577465,726.0352112676056,1685,128.4278931750742,128.4278931750742,False,retain
FR6-1,5,26,1,ARC,118,497.6186440677966,580.4915254237288,1685,128.4278931750742,128.4278931750742,True,exclude_below_local_dapi_mean
FR6-1,5,27,1,ARC,61,503.7704918032787,407.1475409836066,1685,128.4278931750742,128.4278931750742,True,exclude_below_local_dapi_mean
FR6-1,5,28,1,ARC,86,506.8255813953488,568.7558139534884,1685,128.4278931750742,128.4278931750742,True,exclude_below_local_dapi_mean
FR6-1,5,29,1,ARC,84,508.5595238095238,302.5238095238095,1685,128.4278931750742,128.4278931750742,True,exclude_below_local_dapi_mean
FR6-1,5,30,1,ARC,559,522.6923076923077,472.128801431127,1685,128.4278931750742,128.4278931750742,False,retain
FR6-1,5,31,1,ARC,92,517.5760869565217,555.5652173913044,1685,128.4278931750742,128.4278931750742,True,exclude_below_local_dapi_mean
FR6-1,5,32,1,ARC,126,525.0873015873016,299.13492063492066,1685,128.4278931750742,128.4278931750742,True,exclude_below_local_dapi_mean
FR6-1,5,33,1,ARC,106,526.9245283018868,1237.245283018868,1685,128.4278931750742,128.4278931750742,True,exclude_below_local_dapi_mean
FR6-1,5,34,1,ARC,323,531.0804953560372,443.00619195046437,1685,128.4278931750742,128.4278931750742,False,retain
FR6-1,5,35,1,ARC,144,548.0833333333334,1228.0277777777778,1685,128.4278931750742,128.4278931750742,False,retain
FR6-1,5,36,1,ARC,225,563.8133333333334,649.5688888888889,1685,128.4278931750742,128.4278931750742,False,retain
FR6-1,5,37,1,ARC,228,590.0350877192982,512.890350877193,1685,128.4278931750742,128.4278931750742,False,retain
FR6-1,5,38,1,ARC,172,588.8372093023256,534.7732558139535,1685,128.4278931750742,128.4278931750742,False,retain
FR6-1,1,1,1,ARC,240,101.38333333333334,771.2833333333333,1355,109.73948339483395,109.73948339483395,False,retain
FR6-1,1,2,1,ARC,58,123.44827586206897,1212.9827586206898,1355,109.73948339483395,109.73948339483395,True,exclude_below_local_dapi_mean
FR6-1,1,3,1,ARC,209,126.28708133971291,1227.732057416268,1355,109.73948339483395,109.73948339483395,False,retain
FR6-1,1,4,1,ARC,166,158.57831325301206,814.2590361445783,1355,109.73948339483395,109.73948339483395,False,retain
FR6-1,1,5,1,ARC,185,179.5081081081081,609.454054054054,1355,109.73948339483395,109.73948339483395,False,retain
FR6-1,1,6,1,ARC,127,191.70078740157481,1220.1653543307086,1355,109.73948339483395,109.73948339483395,False,retain
FR6-1,1,7,1,ARC,187,210.86631016042782,1289.7379679144385,1355,109.73948339483395,109.73948339483395,False,retain
FR6-1,1,8,1,ARC,133,217.27067669172934,1184.5864661654136,1355,109.73948339483395,109.73948339483395,False,retain
FR6-1,1,9,1,ARC,316,219.64556962025316,445.5348101265823,1355,109.73948339483395,109.73948339483395,False,retain
FR6-1,1,10,1,ARC,157,248.22929936305732,698.859872611465,1355,109.73948339483395,109.73948339483395,False,retain
FR6-1,1,11,0,OUTSIDE_DELINEATED_REGIONS,188,265.98936170212767,1603.0585106382978,1115,111.51928251121076,111.51928251121076,False,retain
FR6-1,1,12,1,ARC,63,261.5079365079365,752.047619047619,1355,109.73948339483395,109.73948339483395,True,exclude_below_local_dapi_mean
FR6-1,1,13,1,ARC,153,271.58169934640523,674.5098039215686,1355,109.73948339483395,109.73948339483395,False,retain
FR6-1,1,14,0,OUTSIDE_DELINEATED_REGIONS,206,284.6456310679612,205.5631067961165,1115,111.51928251121076,111.51928251121076,False,retain
FR6-1,1,15,1,ARC,115,287.5826086956522,1563.608695652174,1355,109.73948339483395,109.73948339483395,False,retain
FR6-1,1,16,1,ARC,281,294.7758007117438,1394.0604982206405,1355,109.73948339483395,109.73948339483395,False,retain
FR6-1,1,17,1,ARC,290,303.32068965517243,1178.651724137931,1355,109.73948339483395,109.73948339483395,False,retain
FR6-1,1,18,1,ARC,125,302.92,1216.224,1355,109.73948339483395,109.73948339483395,False,retain
FR6-1,1,19,1,ARC,300,312.8233333333333,508.93666666666667,1355,109.73948339483395,109.73948339483395,False,retain
FR6-1,1,20,1,ARC,173,311.22543352601156,1306.2890173410406,1355,109.73948339483395,109.73948339483395,False,retain
FR6-1,1,21,1,ARC,196,313.56632653061223,1554.9795918367347,1355,109.73948339483395,109.73948339483395,False,retain
FR6-1,1,22,1,ARC,75,322.02666666666664,1420.8666666666666,1355,109.73948339483395,109.73948339483395,True,exclude_below_local_dapi_mean
FR6-1,1,23,1,ARC,94,325.3723404255319,1268.3085106382978,1355,109.73948339483395,109.73948339483395,True,exclude_below_local_dapi_mean
FR6-1,1,24,1,ARC,96,337.2291666666667,640.2708333333334,1355,109.73948339483395,109.73948339483395,True,exclude_below_local_dapi_mean
FR6-1,1,25,1,ARC,102,342.1862745098039,1246.6470588235295,1355,109.73948339483395,109.73948339483395,True,exclude_below_local_dapi_mean
FR6-1,1,26,1,ARC,136,346.125,1274.5661764705883,1355,109.73948339483395,109.73948339483395,False,retain
FR6-1,1,27,1,ARC,151,347.20529801324506,1226.271523178808,1355,109.73948339483395,109.73948339483395,False,retain
FR6-1,1,28,1,ARC,138,350.4492753623188,1606.0869565217392,1355,109.73948339483395,109.73948339483395,False,retain
FR6-1,1,29,1,ARC,317,352.3753943217666,307.0378548895899,1355,109.73948339483395,109.73948339483395,False,retain
FR6-1,1,30,1,ARC,90,349.3888888888889,667.1666666666666,1355,109.73948339483395,109.73948339483395,True,exclude_below_local_dapi_mean
FR6-1,1,31,0,OUTSIDE_DELINEATED_REGIONS,272,364.00367647058823,1722.9044117647059,1115,111.51928251121076,111.51928251121076,False,retain
FR6-1,1,32,1,ARC,291,362.8384879725086,1370.4948453608247,1355,109.73948339483395,109.73948339483395,False,retain
FR6-1,1,33,1,ARC,401,397.6184538653367,1462.214463840399,1355,109.73948339483395,109.73948339483395,False,retain
FR6-1,1,34,1,ARC,175,408.7657142857143,347.01142857142855,1355,109.73948339483395,109.73948339483395,False,retain
FR6-1,1,35,1,ARC,200,414.2,510.755,1355,109.73948339483395,109.73948339483395,False,retain
FR6-1,1,36,1,ARC,150,411.06,590.3933333333333,1355,109.73948339483395,109.73948339483395,False,retain
FR6-1,1,37,1,ARC,95,417.2526315789474,751.0736842105263,1355,109.73948339483395,109.73948339483395,True,exclude_below_local_dapi_mean
FR6-1,1,38,1,ARC,138,438.5,525.2826086956521,1355,109.73948339483395,109.73948339483395,False,retain
FR6-1,1,39,1,ARC,227,473.6387665198238,1229.7312775330397,1355,109.73948339483395,109.73948339483395,False,retain
FR6-1,1,40,2,ME,49,611.530612244898,1118.8163265306123,305,87.55081967213114,87.55081967213114,True,exclude_below_local_dapi_mean
FR6-1,1,41,2,ME,63,624.063492063492,1051.8412698412699,305,87.55081967213114,87.55081967213114,True,exclude_below_local_dapi_mean
FR6-1,1,42,2,ME,62,631.7741935483871,1026.274193548387,305,87.55081967213114,87.55081967213114,True,exclude_below_local_dapi_mean
FR6-1,1,43,2,ME,65,634.1692307692308,1096.246153846154,305,87.55081967213114,87.55081967213114,True,exclude_below_local_dapi_mean
FR6-1,1,44,2,ME,62,640.3709677419355,1076.1935483870968,305,87.55081967213114,87.55081967213114,True,exclude_below_local_dapi_mean
FR6-1,1,45,2,ME,54,645.9629629629629,934.5555555555555,305,87.55081967213114,87.55081967213114,True,exclude_below_local_dapi_mean
FR6-1,1,46,2,ME,45,686.3555555555556,999.6222222222223,305,87.55081967213114,87.55081967213114,True,exclude_below_local_dapi_mean
FR6-1,3,1,1,ARC,287,164.52961672473867,807.2439024390244,1379,110.27991298042059,110.27991298042059,False,retain
FR6-1,3,2,1,ARC,205,168.80975609756098,559.9365853658536,1379,110.27991298042059,110.27991298042059,False,retain
FR6-1,3,3,1,ARC,163,172.2883435582822,729.3128834355829,1379,110.27991298042059,110.27991298042059,False,retain
FR6-1,3,4,1,ARC,169,183.02958579881656,614.9763313609468,1379,110.27991298042059,110.27991298042059,False,retain
FR6-1,3,5,1,ARC,311,207.80707395498393,1143.710610932476,1379,110.27991298042059,110.27991298042059,False,retain
FR6-1,3,6,0,OUTSIDE_DELINEATED_REGIONS,142,205.18309859154928,113.35211267605634,1133,114.51279788172992,114.51279788172992,False,retain
FR6-1,3,7,0,OUTSIDE_DELINEATED_REGIONS,300,219.66666666666666,446.06333333333333,1133,114.51279788172992,114.51279788172992,False,retain
FR6-1,3,8,1,ARC,205,241.6780487804878,1121.239024390244,1379,110.27991298042059,110.27991298042059,False,retain
FR6-1,3,9,1,ARC,102,254.72549019607843,582.3627450980392,1379,110.27991298042059,110.27991298042059,True,exclude_below_local_dapi_mean
FR6-1,3,10,1,ARC,155,260.3483870967742,745.1161290322581,1379,110.27991298042059,110.27991298042059,False,retain
FR6-1,3,11,0,OUTSIDE_DELINEATED_REGIONS,229,262.0655021834061,1609.406113537118,1133,114.51279788172992,114.51279788172992,False,retain
FR6-1,3,12,0,OUTSIDE_DELINEATED_REGIONS,207,267.1497584541063,147.44444444444446,1133,114.51279788172992,114.51279788172992,False,retain
FR6-1,3,13,1,ARC,266,279.7105263157895,1185.6992481203008,1379,110.27991298042059,110.27991298042059,False,retain
FR6-1,3,14,0,OUTSIDE_DELINEATED_REGIONS,226,281.8362831858407,154.78318584070797,1133,114.51279788172992,114.51279788172992,False,retain
FR6-1,3,15,0,OUTSIDE_DELINEATED_REGIONS,327,285.73394495412845,324.40672782874617,1133,114.51279788172992,114.51279788172992,False,retain
FR6-1,3,16,1,ARC,185,289.9891891891892,1247.335135135135,1379,110.27991298042059,110.27991298042059,False,retain
FR6-1,3,17,1,ARC,144,295.5763888888889,772.1597222222222,1379,110.27991298042059,110.27991298042059,False,retain
FR6-1,3,18,1,ARC,255,305.9843137254902,665.6823529411764,1379,110.27991298042059,110.27991298042059,False,retain
FR6-1,3,19,0,OUTSIDE_DELINEATED_REGIONS,97,300.17525773195877,221.17525773195877,1133,114.51279788172992,114.51279788172992,True,exclude_below_local_dapi_mean
FR6-1,3,20,1,ARC,383,308.51436031331593,392.8981723237598,1379,110.27991298042059,110.27991298042059,False,retain
FR6-1,3,21,0,OUTSIDE_DELINEATED_REGIONS,97,318.17525773195877,21.443298969072163,1133,114.51279788172992,114.51279788172992,True,exclude_below_local_dapi_mean
FR6-1,3,22,1,ARC,219,323.2922374429224,574.054794520548,1379,110.27991298042059,110.27991298042059,False,retain
FR6-1,3,23,0,OUTSIDE_DELINEATED_REGIONS,84,326.35714285714283,331.32142857142856,1133,114.51279788172992,114.51279788172992,True,exclude_below_local_dapi_mean
FR6-1,3,24,1,ARC,139,328.41007194244605,682.9640287769785,1379,110.27991298042059,110.27991298042059,False,retain
FR6-1,3,25,1,ARC,223,335.4663677130045,426.31390134529147,1379,110.27991298042059,110.27991298042059,False,retain
FR6-1,3,26,1,ARC,219,341.7808219178082,478.7671232876712,1379,110.27991298042059,110.27991298042059,False,retain
FR6-1,3,27,1,ARC,266,344.44736842105266,1696.53007518797,1379,110.27991298042059,110.27991298042059,False,retain
FR6-1,3,28,1,ARC,177,345.6666666666667,1630.1864406779662,1379,110.27991298042059,110.27991298042059,False,retain
FR6-1,3,29,0,OUTSIDE_DELINEATED_REGIONS,140,354.6928571428571,279.5285714285714,1133,114.51279788172992,114.51279788172992,False,retain
FR6-1,3,30,1,ARC,131,365.03053435114504,1540.793893129771,1379,110.27991298042059,110.27991298042059,False,retain
FR6-1,3,31,1,ARC,190,369.5315789473684,1318.9,1379,110.27991298042059,110.27991298042059,False,retain
FR6-1,3,32,1,ARC,201,368.96019900497515,1414.5572139303483,1379,110.27991298042059,110.27991298042059,False,retain
FR6-1,3,33,0,OUTSIDE_DELINEATED_REGIONS,82,367.2439024390244,191.70731707317074,1133,114.51279788172992,114.51279788172992,True,exclude_below_local_dapi_mean
FR6-1,3,34,0,OUTSIDE_DELINEATED_REGIONS,100,370.82,21.16,1133,114.51279788172992,114.51279788172992,True,exclude_below_local_dapi_mean
FR6-1,3,35,1,ARC,89,373.2247191011236,541.7977528089888,1379,110.27991298042059,110.27991298042059,True,exclude_below_local_dapi_mean
FR6-1,3,36,1,ARC,189,380.7566137566138,1697.931216931217,1379,110.27991298042059,110.27991298042059,False,retain
FR6-1,3,37,1,ARC,105,387.32380952380953,574.952380952381,1379,110.27991298042059,110.27991298042059,True,exclude_below_local_dapi_mean
FR6-1,3,38,1,ARC,196,391.3520408163265,452.10714285714283,1379,110.27991298042059,110.27991298042059,False,retain
FR6-1,3,39,1,ARC,307,392.28338762214986,1508.85993485342,1379,110.27991298042059,110.27991298042059,False,retain
FR6-1,3,40,1,ARC,65,391.5846153846154,1232.8153846153846,1379,110.27991298042059,110.27991298042059,True,exclude_below_local_dapi_mean
FR6-1,3,41,1,ARC,175,404.6457142857143,1365.2285714285715,1379,110.27991298042059,110.27991298042059,False,retain
FR6-1,3,42,1,ARC,140,408.23571428571427,602.2214285714285,1379,110.27991298042059,110.27991298042059,False,retain
FR6-1,3,43,1,ARC,194,414.4484536082474,1265.221649484536,1379,110.27991298042059,110.27991298042059,False,retain
FR6-1,3,44,1,ARC,185,417.1675675675676,1443.8216216216217,1379,110.27991298042059,110.27991298042059,False,retain
FR6-1,3,45,1,ARC,266,433.63157894736844,430.94736842105266,1379,110.27991298042059,110.27991298042059,False,retain
FR6-1,3,46,1,ARC,484,438.79338842975204,1179.642561983471,1379,110.27991298042059,110.27991298042059,False,retain
FR6-1,3,47,1,ARC,176,445.3693181818182,473.96022727272725,1379,110.27991298042059,110.27991298042059,False,retain
FR6-1,3,48,1,ARC,152,470.1644736842105,569.828947368421,1379,110.27991298042059,110.27991298042059,False,retain
FR6-1,3,49,1,ARC,124,479.0806451612903,1216.6774193548388,1379,110.27991298042059,110.27991298042059,False,retain
FR6-1,3,50,2,ME,71,634.0140845070423,1084.2112676056338,244,87.99180327868852,87.99180327868852,True,exclude_below_local_dapi_mean
FR722(R),2,1,1,ARC,105,297.9047619047619,1066.9714285714285,1732,89.83949191685912,89.83949191685912,False,retain
FR722(R),2,2,1,ARC,267,304.4344569288389,856.4232209737828,1732,89.83949191685912,89.83949191685912,False,retain
FR722(R),2,3,1,ARC,298,327.46644295302013,857.3120805369127,1732,89.83949191685912,89.83949191685912,False,retain
FR722(R),2,4,1,ARC,123,372.5365853658537,1058.6666666666667,1732,89.83949191685912,89.83949191685912,False,retain
FR722(R),2,5,1,ARC,103,397.94174757281553,1082.4174757281553,1732,89.83949191685912,89.83949191685912,False,retain
FR722(R),2,6,1,ARC,136,421.8235294117647,533.7205882352941,1732,89.83949191685912,89.83949191685912,False,retain
FR722(R),2,7,1,ARC,104,424.375,1046.048076923077,1732,89.83949191685912,89.83949191685912,False,retain
FR722(R),2,8,1,ARC,167,431.81437125748505,628.1976047904192,1732,89.83949191685912,89.83949191685912,False,retain
FR722(R),2,9,1,ARC,109,433.07339449541286,1125.6697247706422,1732,89.83949191685912,89.83949191685912,False,retain
FR722(R),2,10,1,ARC,123,434.5691056910569,705.7886178861788,1732,89.83949191685912,89.83949191685912,False,retain
FR722(R),2,11,1,ARC,97,435.21649484536084,1109.979381443299,1732,89.83949191685912,89.83949191685912,False,retain
FR722(R),2,12,1,ARC,138,438.17391304347825,1306.927536231884,1732,89.83949191685912,89.83949191685912,False,retain
FR722(R),2,13,1,ARC,76,444.5,1369.2631578947369,1732,89.83949191685912,89.83949191685912,True,exclude_below_local_dapi_mean
FR722(R),2,14,1,ARC,101,453.009900990099,797.059405940594,1732,89.83949191685912,89.83949191685912,False,retain
FR722(R),2,15,1,ARC,187,456.3368983957219,1342.8128342245989,1732,89.83949191685912,89.83949191685912,False,retain
FR722(R),2,16,1,ARC,106,462.3207547169811,671.6603773584906,1732,89.83949191685912,89.83949191685912,False,retain
FR722(R),2,17,1,ARC,101,466.25742574257424,1317.4059405940593,1732,89.83949191685912,89.83949191685912,False,retain
FR722(R),2,18,1,ARC,102,477.1666666666667,541.3627450980392,1732,89.83949191685912,89.83949191685912,False,retain
FR722(R),2,19,1,ARC,102,480.72549019607845,1318.2058823529412,1732,89.83949191685912,89.83949191685912,False,retain
FR722(R),2,20,1,ARC,95,485.7263157894737,525.4947368421052,1732,89.83949191685912,89.83949191685912,False,retain
FR722(R),2,21,1,ARC,73,495.8082191780822,1164.0821917808219,1732,89.83949191685912,89.83949191685912,True,exclude_below_local_dapi_mean
FR722(R),2,22,1,ARC,193,500.3523316062176,596.7512953367876,1732,89.83949191685912,89.83949191685912,False,retain
FR722(R),2,23,1,ARC,327,502.0336391437309,1323.5474006116208,1732,89.83949191685912,89.83949191685912,False,retain
FR722(R),2,24,1,ARC,80,503.45,1266.8125,1732,89.83949191685912,89.83949191685912,True,exclude_below_local_dapi_mean
FR722(R),2,25,1,ARC,183,508.30601092896177,799.0109289617486,1732,89.83949191685912,89.83949191685912,False,retain
FR722(R),2,26,1,ARC,189,521.9629629629629,1173.8306878306878,1732,89.83949191685912,89.83949191685912,False,retain
FR722(R),2,27,1,ARC,150,520.8866666666667,1053.0466666666666,1732,89.83949191685912,89.83949191685912,False,retain
FR722(R),2,28,2,ME,145,530.4689655172414,883.7655172413793,146,96.74657534246575,96.74657534246575,False,retain
FR722(R),2,29,1,ARC,291,534.3986254295532,809.1649484536083,1732,89.83949191685912,89.83949191685912,False,retain
FR722(R),2,30,1,ARC,146,535.8013698630137,703.6712328767123,1732,89.83949191685912,89.83949191685912,False,retain
FR722(R),2,31,0,OUTSIDE_DELINEATED_REGIONS,122,543.2295081967213,868.5737704918033,1571,93.98917886696371,93.98917886696371,False,retain
FR722(R),2,32,1,ARC,159,549.5345911949686,1092.6729559748428,1732,89.83949191685912,89.83949191685912,False,retain
FR722(R),2,33,0,OUTSIDE_DELINEATED_REGIONS,214,570.5233644859813,1030.4672897196263,1571,93.98917886696371,93.98917886696371,False,retain
FR722(R),2,34,2,ME,236,579.5466101694915,979.0338983050848,146,96.74657534246575,96.74657534246575,False,retain
FR722(R),2,35,0,OUTSIDE_DELINEATED_REGIONS,233,584.1587982832618,846.618025751073,1571,93.98917886696371,93.98917886696371,False,retain
FR722(R),2,36,1,ARC,104,593.4230769230769,576.1730769230769,1732,89.83949191685912,89.83949191685912,False,retain
FR722(R),2,37,1,ARC,140,603.2785714285715,759.55,1732,89.83949191685912,89.83949191685912,False,retain
FR722(RV),1,1,1,ARC,113,289.4424778761062,1231.5309734513273,1748,98.56807780320366,98.56807780320366,False,retain
FR722(RV),1,2,1,ARC,223,310.31390134529147,1219.762331838565,1748,98.56807780320366,98.56807780320366,False,retain
FR722(RV),1,3,1,ARC,139,320.3956834532374,798.3884892086331,1748,98.56807780320366,98.56807780320366,False,retain
FR722(RV),1,4,1,ARC,126,342.1984126984127,1280.7777777777778,1748,98.56807780320366,98.56807780320366,False,retain
FR722(RV),1,5,1,ARC,318,346.0817610062893,1605.691823899371,1748,98.56807780320366,98.56807780320366,False,retain
FR722(RV),1,6,1,ARC,153,360.52287581699346,1307.797385620915,1748,98.56807780320366,98.56807780320366,False,retain
FR722(RV),1,7,1,ARC,178,360.9269662921348,1432.376404494382,1748,98.56807780320366,98.56807780320366,False,retain
FR722(RV),1,8,1,ARC,149,386.751677852349,1368.731543624161,1748,98.56807780320366,98.56807780320366,False,retain
FR722(RV),1,9,1,ARC,146,407.013698630137,599.6986301369863,1748,98.56807780320366,98.56807780320366,False,retain
FR722(RV),1,10,1,ARC,136,408.4852941176471,1446.5808823529412,1748,98.56807780320366,98.56807780320366,False,retain
FR722(RV),1,11,1,ARC,151,411.70198675496687,1232.9271523178809,1748,98.56807780320366,98.56807780320366,False,retain
FR722(RV),1,12,1,ARC,155,441.541935483871,1472.3096774193548,1748,98.56807780320366,98.56807780320366,False,retain
FR722(RV),1,13,1,ARC,155,444.741935483871,1393.4774193548387,1748,98.56807780320366,98.56807780320366,False,retain
FR722(RV),1,14,1,ARC,180,447.19444444444446,1321.0833333333333,1748,98.56807780320366,98.56807780320366,False,retain
FR722(RV),1,15,1,ARC,172,449.61046511627904,842.5813953488372,1748,98.56807780320366,98.56807780320366,False,retain
FR722(RV),1,16,1,ARC,222,453.6216216216216,673.990990990991,1748,98.56807780320366,98.56807780320366,False,retain
FR722(RV),1,17,1,ARC,195,472.0769230769231,602.348717948718,1748,98.56807780320366,98.56807780320366,False,retain
FR722(RV),1,18,1,ARC,113,470.0088495575221,1451.353982300885,1748,98.56807780320366,98.56807780320366,False,retain
FR722(RV),1,19,1,ARC,162,481.2283950617284,1534.0246913580247,1748,98.56807780320366,98.56807780320366,False,retain
FR722(RV),1,20,1,ARC,159,493.1823899371069,592.4213836477987,1748,98.56807780320366,98.56807780320366,False,retain
FR722(RV),1,21,1,ARC,153,503.67973856209153,1465.6928104575163,1748,98.56807780320366,98.56807780320366,False,retain
FR722(RV),1,22,1,ARC,257,514.7821011673152,632.976653696498,1748,98.56807780320366,98.56807780320366,False,retain
FR722(RV),1,23,1,ARC,78,525.7051282051282,588.3717948717949,1748,98.56807780320366,98.56807780320366,True,exclude_below_local_dapi_mean
FR722(RV),1,24,1,ARC,175,527.6114285714285,1466.7428571428572,1748,98.56807780320366,98.56807780320366,False,retain
FR722(RV),1,25,2,ME,204,551.0833333333334,829.7696078431372,367,82.46866485013624,82.46866485013624,False,retain
FR722(RV),1,26,1,ARC,256,560.890625,623.5390625,1748,98.56807780320366,98.56807780320366,False,retain
FR722(RV),1,27,1,ARC,304,562.1973684210526,554.9703947368421,1748,98.56807780320366,98.56807780320366,False,retain
FR722(RV),1,28,1,ARC,169,570.6745562130177,515.3609467455622,1748,98.56807780320366,98.56807780320366,False,retain
FR722(RV),3,1,0,OUTSIDE_DELINEATED_REGIONS,54,264.7037037037037,1546.851851851852,1681,93.7412254610351,93.7412254610351,True,exclude_below_local_dapi_mean
FR722(RV),3,2,1,ARC,72,298.8888888888889,1019.9722222222222,1571,89.0942075111394,89.0942075111394,True,exclude_below_local_dapi_mean
FR722(RV),3,3,0,OUTSIDE_DELINEATED_REGIONS,67,311.5074626865672,1596.7611940298507,1681,93.7412254610351,93.7412254610351,True,exclude_below_local_dapi_mean
FR722(RV),3,4,1,ARC,104,322.125,1031.9134615384614,1571,89.0942075111394,89.0942075111394,False,retain
FR722(RV),3,5,1,ARC,573,341.0855148342059,822.6055846422339,1571,89.0942075111394,89.0942075111394,False,retain
FR722(RV),3,6,1,ARC,138,443.6521739130435,498.8695652173913,1571,89.0942075111394,89.0942075111394,False,retain
FR722(RV),3,7,1,ARC,83,449.50602409638554,1191.0843373493976,1571,89.0942075111394,89.0942075111394,True,exclude_below_local_dapi_mean
FR722(RV),3,8,1,ARC,124,456.7903225806452,592.9354838709677,1571,89.0942075111394,89.0942075111394,False,retain
FR722(RV),3,9,1,ARC,103,456.1650485436893,1091.5728155339805,1571,89.0942075111394,89.0942075111394,False,retain
FR722(RV),3,10,1,ARC,101,457.41584158415844,671.5940594059406,1571,89.0942075111394,89.0942075111394,False,retain
FR722(RV),3,11,1,ARC,177,459.909604519774,1075.3389830508474,1571,89.0942075111394,89.0942075111394,False,retain
FR722(RV),3,12,1,ARC,110,461.3909090909091,1272.2818181818182,1571,89.0942075111394,89.0942075111394,False,retain
FR722(RV),3,13,1,ARC,144,476.5,763.6388888888889,1571,89.0942075111394,89.0942075111394,False,retain
FR722(RV),3,14,1,ARC,94,478.47872340425533,1308.6063829787233,1571,89.0942075111394,89.0942075111394,False,retain
FR722(RV),3,15,1,ARC,104,485.4519230769231,637.7019230769231,1571,89.0942075111394,89.0942075111394,False,retain
FR722(RV),3,16,1,ARC,310,498.53548387096777,1283.2903225806451,1571,89.0942075111394,89.0942075111394,False,retain
FR722(RV),3,17,1,ARC,87,498.51724137931035,484.14942528735634,1571,89.0942075111394,89.0942075111394,True,exclude_below_local_dapi_mean
FR722(RV),3,18,1,ARC,128,502.90625,506.890625,1571,89.0942075111394,89.0942075111394,False,retain
FR722(RV),3,19,1,ARC,185,510.35135135135135,792.7459459459459,1571,89.0942075111394,89.0942075111394,False,retain
FR722(RV),3,20,1,ARC,142,508.2112676056338,488.66901408450707,1571,89.0942075111394,89.0942075111394,False,retain
FR722(RV),3,21,1,ARC,154,521.9675324675325,560.9090909090909,1571,89.0942075111394,89.0942075111394,False,retain
FR722(RV),3,22,1,ARC,253,524.7351778656126,1284.8181818181818,1571,89.0942075111394,89.0942075111394,False,retain
FR722(RV),3,23,1,ARC,144,530.3194444444445,1171.6944444444443,1571,89.0942075111394,89.0942075111394,False,retain
FR722(RV),3,24,1,ARC,113,531.0530973451328,765.3451327433628,1571,89.0942075111394,89.0942075111394,False,retain
FR722(RV),3,25,1,ARC,119,539.4873949579832,1061.857142857143,1571,89.0942075111394,89.0942075111394,False,retain
FR722(RV),3,26,1,ARC,214,543.7056074766355,1138.5841121495328,1571,89.0942075111394,89.0942075111394,False,retain
FR722(RV),3,27,1,ARC,131,544.4198473282443,1018.7022900763359,1571,89.0942075111394,89.0942075111394,False,retain
FR722(RV),3,28,2,ME,245,556.0857142857143,850.2734693877551,158,91.70253164556962,91.70253164556962,False,retain
FR722(RV),3,29,1,ARC,125,556.968,643.576,1571,89.0942075111394,89.0942075111394,False,retain
FR722(RV),3,30,1,ARC,181,559.4861878453039,669.1878453038674,1571,89.0942075111394,89.0942075111394,False,retain
FR722(RV),3,31,1,ARC,180,599.0388888888889,700.2555555555556,1571,89.0942075111394,89.0942075111394,False,retain
FR722(RV),3,32,1,ARC,150,616.7466666666667,541.0066666666667,1571,89.0942075111394,89.0942075111394,False,retain
FR722(RV),3,33,1,ARC,208,624.9903846153846,724.7355769230769,1571,89.0942075111394,89.0942075111394,False,retain
FR722(RV),4,1,1,ARC,102,183.72549019607843,769.2352941176471,2099,92.75845640781324,92.75845640781324,False,retain
FR722(RV),4,2,1,ARC,84,229.67857142857142,777.8809523809524,2099,92.75845640781324,92.75845640781324,True,exclude_below_local_dapi_mean
FR722(RV),4,3,1,ARC,104,244.82692307692307,788.9711538461538,2099,92.75845640781324,92.75845640781324,False,retain
FR722(RV),4,4,1,ARC,203,265.98522167487687,1128.4285714285713,2099,92.75845640781324,92.75845640781324,False,retain
FR722(RV),4,5,1,ARC,203,278.70935960591135,779.0591133004926,2099,92.75845640781324,92.75845640781324,False,retain
FR722(RV),4,6,1,ARC,93,283.39784946236557,795.258064516129,2099,92.75845640781324,92.75845640781324,False,retain
FR722(RV),4,7,1,ARC,132,316.52272727272725,771.4318181818181,2099,92.75845640781324,92.75845640781324,False,retain
FR722(RV),4,8,1,ARC,112,374.2857142857143,1314.8482142857142,2099,92.75845640781324,92.75845640781324,False,retain
FR722(RV),4,9,1,ARC,266,378.5187969924812,322.69172932330827,2099,92.75845640781324,92.75845640781324,False,retain
FR722(RV),4,10,1,ARC,250,381.812,699.956,2099,92.75845640781324,92.75845640781324,False,retain
FR722(RV),4,11,1,ARC,275,405.32363636363635,1115.64,2099,92.75845640781324,92.75845640781324,False,retain
FR722(RV),4,12,1,ARC,167,407.3293413173653,1189.1077844311378,2099,92.75845640781324,92.75845640781324,False,retain
FR722(RV),4,13,1,ARC,247,418.01214574898785,1228.2226720647773,2099,92.75845640781324,92.75845640781324,False,retain
FR722(RV),4,14,1,ARC,138,446.78985507246375,1302.9420289855072,2099,92.75845640781324,92.75845640781324,False,retain
FR722(RV),4,15,1,ARC,180,451.22222222222223,1325.4833333333333,2099,92.75845640781324,92.75845640781324,False,retain
FR722(RV),4,16,1,ARC,193,454.90673575129534,676.8082901554404,2099,92.75845640781324,92.75845640781324,False,retain
FR722(RV),4,17,1,ARC,220,462.9318181818182,1288.7545454545455,2099,92.75845640781324,92.75845640781324,False,retain
FR722(RV),4,18,1,ARC,167,478.83233532934133,451.0479041916168,2099,92.75845640781324,92.75845640781324,False,retain
FR722(RV),4,19,1,ARC,122,494.1885245901639,859.4754098360655,2099,92.75845640781324,92.75845640781324,False,retain
FR722(RV),4,20,1,ARC,216,504.02777777777777,535.2777777777778,2099,92.75845640781324,92.75845640781324,False,retain
FR722(RV),4,21,1,ARC,212,504.9811320754717,563.0896226415094,2099,92.75845640781324,92.75845640781324,False,retain
FR722(RV),4,22,1,ARC,171,528.8947368421053,497.62573099415204,2099,92.75845640781324,92.75845640781324,False,retain
FR722(RV),4,23,1,ARC,83,530.6987951807229,738.3373493975904,2099,92.75845640781324,92.75845640781324,True,exclude_below_local_dapi_mean
FR722(RV),4,24,1,ARC,328,549.405487804878,746.9298780487804,2099,92.75845640781324,92.75845640781324,False,retain
FR722(RV),4,25,2,ME,32,622.5,861.5625,266,74.91353383458646,74.91353383458646,True,exclude_below_local_dapi_mean
FR722(RV),4,26,2,ME,21,703.5714285714286,831.1428571428571,266,74.91353383458646,74.91353383458646,True,exclude_below_local_dapi_mean
FR722(RV),4,27,2,ME,17,709.5882352941177,843.0588235294117,266,74.91353383458646,74.91353383458646,True,exclude_below_local_dapi_mean
FR722(R),1,1,0,OUTSIDE_DELINEATED_REGIONS,39,104.12820512820512,1767.3333333333333,1194,100.84589614740368,100.84589614740368,True,exclude_below_local_dapi_mean
FR722(R),1,2,0,OUTSIDE_DELINEATED_REGIONS,29,107.44827586206897,1753.6896551724137,1194,100.84589614740368,100.84589614740368,True,exclude_below_local_dapi_mean
FR722(R),1,3,1,ARC,154,376.038961038961,1249.077922077922,1827,94.84783798576902,94.84783798576902,False,retain
FR722(R),1,4,1,ARC,186,377.6505376344086,1299.252688172043,1827,94.84783798576902,94.84783798576902,False,retain
FR722(R),1,5,1,ARC,194,402.9845360824742,709.4484536082474,1827,94.84783798576902,94.84783798576902,False,retain
FR722(R),1,6,1,ARC,139,422.9568345323741,667.2230215827338,1827,94.84783798576902,94.84783798576902,False,retain
FR722(R),1,7,1,ARC,123,427.3008130081301,1390.8861788617887,1827,94.84783798576902,94.84783798576902,False,retain
FR722(R),1,8,1,ARC,158,431.7088607594937,1318.867088607595,1827,94.84783798576902,94.84783798576902,False,retain
FR722(R),1,9,1,ARC,315,436.33015873015876,785.7460317460317,1827,94.84783798576902,94.84783798576902,False,retain
FR722(R),1,10,1,ARC,155,437.26451612903224,627.5612903225806,1827,94.84783798576902,94.84783798576902,False,retain
FR722(R),1,11,1,ARC,134,442.4029850746269,833.044776119403,1827,94.84783798576902,94.84783798576902,False,retain
FR722(R),1,12,1,ARC,235,447.36170212765956,664.4978723404255,1827,94.84783798576902,94.84783798576902,False,retain
FR722(R),1,13,1,ARC,218,446.9357798165138,765.1605504587156,1827,94.84783798576902,94.84783798576902,False,retain
FR722(R),1,14,1,ARC,154,453.16883116883116,1448.8831168831168,1827,94.84783798576902,94.84783798576902,False,retain
FR722(R),1,15,1,ARC,154,453.538961038961,557.6623376623377,1827,94.84783798576902,94.84783798576902,False,retain
FR722(R),1,16,1,ARC,226,475.03982300884957,818.0796460176991,1827,94.84783798576902,94.84783798576902,False,retain
FR722(R),1,17,1,ARC,300,484.92333333333335,658.13,1827,94.84783798576902,94.84783798576902,False,retain
FR722(R),1,18,1,ARC,157,486.9808917197452,1464.0254777070063,1827,94.84783798576902,94.84783798576902,False,retain
FR722(R),1,19,1,ARC,144,486.46527777777777,581.9166666666666,1827,94.84783798576902,94.84783798576902,False,retain
FR722(R),1,20,1,ARC,179,508.4581005586592,623.0782122905028,1827,94.84783798576902,94.84783798576902,False,retain
FR722(R),1,21,1,ARC,194,513.1134020618557,1464.4536082474226,1827,94.84783798576902,94.84783798576902,False,retain
FR722(R),1,22,1,ARC,161,514.5776397515529,661.2919254658385,1827,94.84783798576902,94.84783798576902,False,retain
FR722(R),1,23,0,OUTSIDE_DELINEATED_REGIONS,204,543.406862745098,819.7892156862745,1194,100.84589614740368,100.84589614740368,False,retain
FR722(R),1,24,1,ARC,115,551.7565217391304,549.2434782608696,1827,94.84783798576902,94.84783798576902,False,retain
FR722(R),1,25,1,ARC,208,557.4711538461538,1295.8846153846155,1827,94.84783798576902,94.84783798576902,False,retain
FR722(R),1,26,2,ME,29,582.7931034482758,1137.0689655172414,282,76.50709219858156,76.50709219858156,True,exclude_below_local_dapi_mean
FR722(R),1,27,2,ME,29,597.7241379310345,1142.0344827586207,282,76.50709219858156,76.50709219858156,True,exclude_below_local_dapi_mean
FR722(R),1,28,2,ME,23,599.695652173913,1019.9130434782609,282,76.50709219858156,76.50709219858156,True,exclude_below_local_dapi_mean
FR722(R),1,29,2,ME,37,601.2162162162163,1051.054054054054,282,76.50709219858156,76.50709219858156,True,exclude_below_local_dapi_mean
FR722(R),1,30,2,ME,15,604.5333333333333,1091.3333333333333,282,76.50709219858156,76.50709219858156,True,exclude_below_local_dapi_mean
FR722(R),1,31,2,ME,41,608.2926829268292,1061.1707317073171,282,76.50709219858156,76.50709219858156,True,exclude_below_local_dapi_mean
FR722(R),1,32,2,ME,38,620.6052631578947,1125.2368421052631,282,76.50709219858156,76.50709219858156,True,exclude_below_local_dapi_mean
FR722(R),1,33,2,ME,37,621.8648648648649,1133.081081081081,282,76.50709219858156,76.50709219858156,True,exclude_below_local_dapi_mean
FR722(R),1,34,2,ME,34,624.5588235294117,1091.0,282,76.50709219858156,76.50709219858156,True,exclude_below_local_dapi_mean
FR722(R),1,35,2,ME,22,629.7272727272727,1067.5,282,76.50709219858156,76.50709219858156,True,exclude_below_local_dapi_mean
FR722(R),1,36,2,ME,99,636.1616161616162,836.959595959596,282,76.50709219858156,76.50709219858156,False,retain
FR722(R),1,37,2,ME,29,637.8275862068965,1135.0,282,76.50709219858156,76.50709219858156,True,exclude_below_local_dapi_mean
FR722(R),3,1,1,ARC,140,267.9142857142857,753.15,1727,100.19050376375218,100.19050376375218,False,retain
FR722(R),3,2,1,ARC,117,323.21367521367523,1037.991452991453,1727,100.19050376375218,100.19050376375218,False,retain
FR722(R),3,3,1,ARC,208,355.4423076923077,1157.9711538461538,1727,100.19050376375218,100.19050376375218,False,retain
FR722(R),3,4,1,ARC,162,365.4012345679012,1067.111111111111,1727,100.19050376375218,100.19050376375218,False,retain
FR722(R),3,5,1,ARC,269,370.74721189591077,673.453531598513,1727,100.19050376375218,100.19050376375218,False,retain
FR722(R),3,6,1,ARC,106,383.0660377358491,762.0849056603773,1727,100.19050376375218,100.19050376375218,False,retain
FR722(R),3,7,1,ARC,148,391.2162162162162,686.2567567567568,1727,100.19050376375218,100.19050376375218,False,retain
FR722(R),3,8,1,ARC,201,395.58706467661693,1065.2139303482586,1727,100.19050376375218,100.19050376375218,False,retain
FR722(R),3,9,1,ARC,234,394.6752136752137,1089.559829059829,1727,100.19050376375218,100.19050376375218,False,retain
FR722(R),3,10,1,ARC,144,396.1666666666667,1163.2569444444443,1727,100.19050376375218,100.19050376375218,False,retain
FR722(R),3,11,1,ARC,187,401.3582887700535,1129.3155080213903,1727,100.19050376375218,100.19050376375218,False,retain
FR722(R),3,12,1,ARC,213,406.7230046948357,1201.826291079812,1727,100.19050376375218,100.19050376375218,False,retain
FR722(R),3,13,1,ARC,366,426.94535519125685,1119.2349726775956,1727,100.19050376375218,100.19050376375218,False,retain
FR722(R),3,14,1,ARC,143,429.6363636363636,1034.0,1727,100.19050376375218,100.19050376375218,False,retain
FR722(R),3,15,1,ARC,330,436.1666666666667,717.0909090909091,1727,100.19050376375218,100.19050376375218,False,retain
FR722(R),3,16,1,ARC,172,434.74418604651163,1158.9709302325582,1727,100.19050376375218,100.19050376375218,False,retain
FR722(R),3,17,1,ARC,140,436.3857142857143,1061.0,1727,100.19050376375218,100.19050376375218,False,retain
FR722(R),3,18,1,ARC,155,437.35483870967744,1092.0967741935483,1727,100.19050376375218,100.19050376375218,False,retain
FR722(R),3,19,1,ARC,121,437.2892561983471,1189.297520661157,1727,100.19050376375218,100.19050376375218,False,retain
FR722(R),3,20,1,ARC,403,441.59801488833745,690.9007444168734,1727,100.19050376375218,100.19050376375218,False,retain
FR722(R),3,21,1,ARC,199,441.1356783919598,1297.427135678392,1727,100.19050376375218,100.19050376375218,False,retain
FR722(R),3,22,1,ARC,166,443.39156626506025,651.9638554216867,1727,100.19050376375218,100.19050376375218,False,retain
FR722(R),3,23,1,ARC,106,445.8490566037736,1130.9433962264152,1727,100.19050376375218,100.19050376375218,False,retain
FR722(R),3,24,1,ARC,374,456.55080213903744,1112.9545454545455,1727,100.19050376375218,100.19050376375218,False,retain
FR722(R),3,25,1,ARC,257,453.6575875486381,1261.4124513618676,1727,100.19050376375218,100.19050376375218,False,retain
FR722(R),3,26,1,ARC,217,453.91244239631334,1209.3963133640552,1727,100.19050376375218,100.19050376375218,False,retain
FR722(R),3,27,1,ARC,108,462.787037037037,581.8333333333334,1727,100.19050376375218,100.19050376375218,False,retain
FR722(R),3,28,1,ARC,112,483.73214285714283,833.0446428571429,1727,100.19050376375218,100.19050376375218,False,retain
FR722(R),3,29,1,ARC,239,493.22175732217573,509.0794979079498,1727,100.19050376375218,100.19050376375218,False,retain
FR722(R),3,30,1,ARC,143,497.43356643356645,624.8111888111888,1727,100.19050376375218,100.19050376375218,False,retain
FR722(R),3,31,1,ARC,116,504.88793103448273,649.3620689655172,1727,100.19050376375218,100.19050376375218,False,retain
FR722(R),3,32,1,ARC,146,514.6780821917808,520.6917808219179,1727,100.19050376375218,100.19050376375218,False,retain
FR722(R),3,33,1,ARC,117,517.1709401709402,474.15384615384613,1727,100.19050376375218,100.19050376375218,False,retain
FR722(R),3,34,1,ARC,23,520.1739130434783,712.0869565217391,1727,100.19050376375218,100.19050376375218,True,exclude_below_local_dapi_mean
FR722(R),3,35,1,ARC,236,541.7881355932203,719.9152542372881,1727,100.19050376375218,100.19050376375218,False,retain
FR722(R),3,36,2,ME,396,567.2626262626262,1221.1919191919192,195,75.18974358974359,75.18974358974359,False,retain
FR722(R),3,37,1,ARC,226,567.637168141593,580.2300884955753,1727,100.19050376375218,100.19050376375218,False,retain
FR722(R),3,38,2,ME,16,567.8125,977.5,195,75.18974358974359,75.18974358974359,True,exclude_below_local_dapi_mean
FR722,5,1,1,ARC,69,44.028985507246375,1088.231884057971,1467,102.68916155419222,102.68916155419222,True,exclude_below_local_dapi_mean
FR722,5,2,0,OUTSIDE_DELINEATED_REGIONS,182,75.25274725274726,391.38461538461536,1679,99.57296009529482,99.57296009529482,False,retain
FR722,5,3,0,OUTSIDE_DELINEATED_REGIONS,95,78.56842105263158,192.56842105263158,1679,99.57296009529482,99.57296009529482,True,exclude_below_local_dapi_mean
FR722,5,4,0,OUTSIDE_DELINEATED_REGIONS,60,91.81666666666666,187.05,1679,99.57296009529482,99.57296009529482,True,exclude_below_local_dapi_mean
FR722,5,5,0,OUTSIDE_DELINEATED_REGIONS,69,120.23188405797102,153.231884057971,1679,99.57296009529482,99.57296009529482,True,exclude_below_local_dapi_mean
FR722,5,6,0,OUTSIDE_DELINEATED_REGIONS,88,120.23863636363636,1404.3636363636363,1679,99.57296009529482,99.57296009529482,True,exclude_below_local_dapi_mean
FR722,5,7,0,OUTSIDE_DELINEATED_REGIONS,199,135.84422110552765,377.79899497487435,1679,99.57296009529482,99.57296009529482,False,retain
FR722,5,8,0,OUTSIDE_DELINEATED_REGIONS,60,132.95,1343.1,1679,99.57296009529482,99.57296009529482,True,exclude_below_local_dapi_mean
FR722,5,9,0,OUTSIDE_DELINEATED_REGIONS,170,153.95882352941177,170.8,1679,99.57296009529482,99.57296009529482,False,retain
FR722,5,10,1,ARC,138,189.65217391304347,751.768115942029,1467,102.68916155419222,102.68916155419222,False,retain
FR722,5,11,0,OUTSIDE_DELINEATED_REGIONS,535,205.10280373831776,231.65981308411216,1679,99.57296009529482,99.57296009529482,False,retain
FR722,5,12,1,ARC,229,218.4759825327511,1156.2183406113538,1467,102.68916155419222,102.68916155419222,False,retain
FR722,5,13,1,ARC,105,225.28571428571428,1134.5523809523809,1467,102.68916155419222,102.68916155419222,False,retain
FR722,5,14,1,ARC,133,232.57142857142858,1103.157894736842,1467,102.68916155419222,102.68916155419222,False,retain
FR722,5,15,1,ARC,271,251.18450184501845,625.4981549815498,1467,102.68916155419222,102.68916155419222,False,retain
FR722,5,16,1,ARC,145,247.5655172413793,1147.655172413793,1467,102.68916155419222,102.68916155419222,False,retain
FR722,5,17,1,ARC,79,258.59493670886076,1193.73417721519,1467,102.68916155419222,102.68916155419222,True,exclude_below_local_dapi_mean
FR722,5,18,1,ARC,257,269.7198443579766,1298.8910505836575,1467,102.68916155419222,102.68916155419222,False,retain
FR722,5,19,0,OUTSIDE_DELINEATED_REGIONS,30,271.1,78.33333333333333,1679,99.57296009529482,99.57296009529482,True,exclude_below_local_dapi_mean
FR722,5,20,1,ARC,147,277.3469387755102,1227.6938775510205,1467,102.68916155419222,102.68916155419222,False,retain
FR722,5,21,0,OUTSIDE_DELINEATED_REGIONS,106,288.0,1666.5471698113208,1679,99.57296009529482,99.57296009529482,False,retain
FR722,5,22,0,OUTSIDE_DELINEATED_REGIONS,129,293.05426356589146,1612.7984496124031,1679,99.57296009529482,99.57296009529482,False,retain
FR722,5,23,1,ARC,163,297.16564417177915,619.0429447852761,1467,102.68916155419222,102.68916155419222,False,retain
FR722,5,24,1,ARC,153,298.1503267973856,1253.2614379084966,1467,102.68916155419222,102.68916155419222,False,retain
FR722,5,25,0,OUTSIDE_DELINEATED_REGIONS,215,308.4186046511628,205.93953488372094,1679,99.57296009529482,99.57296009529482,False,retain
FR722,5,26,1,ARC,92,315.7608695652174,1240.2934782608695,1467,102.68916155419222,102.68916155419222,True,exclude_below_local_dapi_mean
FR722,5,27,0,OUTSIDE_DELINEATED_REGIONS,50,327.5,1791.26,1679,99.57296009529482,99.57296009529482,True,exclude_below_local_dapi_mean
FR722,5,28,1,ARC,183,331.73770491803276,1252.7322404371585,1467,102.68916155419222,102.68916155419222,False,retain
FR722,5,29,1,ARC,197,334.1776649746193,1304.5583756345177,1467,102.68916155419222,102.68916155419222,False,retain
FR722,5,30,0,OUTSIDE_DELINEATED_REGIONS,87,332.2413793103448,1719.7701149425288,1679,99.57296009529482,99.57296009529482,True,exclude_below_local_dapi_mean
FR722,5,31,0,OUTSIDE_DELINEATED_REGIONS,93,357.36559139784947,123.17204301075269,1679,99.57296009529482,99.57296009529482,True,exclude_below_local_dapi_mean
FR722,5,32,1,ARC,125,373.312,1299.096,1467,102.68916155419222,102.68916155419222,False,retain
FR722,5,33,1,ARC,25,370.76,441.6,1467,102.68916155419222,102.68916155419222,True,exclude_below_local_dapi_mean
FR722,5,34,0,OUTSIDE_DELINEATED_REGIONS,58,375.0,1631.6724137931035,1679,99.57296009529482,99.57296009529482,True,exclude_below_local_dapi_mean
FR722,5,35,0,OUTSIDE_DELINEATED_REGIONS,28,381.17857142857144,1719.25,1679,99.57296009529482,99.57296009529482,True,exclude_below_local_dapi_mean
FR722,5,36,1,ARC,116,394.75,422.6896551724138,1467,102.68916155419222,102.68916155419222,False,retain
FR722,5,37,1,ARC,58,395.8965517241379,451.9655172413793,1467,102.68916155419222,102.68916155419222,True,exclude_below_local_dapi_mean
FR722,5,38,1,ARC,164,401.4939024390244,1317.4512195121952,1467,102.68916155419222,102.68916155419222,False,retain
FR722,5,39,1,ARC,263,404.2623574144487,1168.2585551330799,1467,102.68916155419222,102.68916155419222,False,retain
FR722,5,40,0,OUTSIDE_DELINEATED_REGIONS,140,402.3,102.32857142857142,1679,99.57296009529482,99.57296009529482,False,retain
FR722,5,41,1,ARC,149,412.63758389261744,386.6510067114094,1467,102.68916155419222,102.68916155419222,False,retain
FR722,5,42,1,ARC,156,420.1730769230769,1464.4102564102564,1467,102.68916155419222,102.68916155419222,False,retain
FR722,5,43,1,ARC,113,432.60176991150445,1250.9911504424779,1467,102.68916155419222,102.68916155419222,False,retain
FR722,5,44,1,ARC,173,441.5780346820809,598.8554913294797,1467,102.68916155419222,102.68916155419222,False,retain
FR722,5,45,1,ARC,176,444.29545454545456,457.4318181818182,1467,102.68916155419222,102.68916155419222,False,retain
FR722,5,46,1,ARC,322,449.62422360248445,563.1024844720497,1467,102.68916155419222,102.68916155419222,False,retain
FR722,5,47,1,ARC,229,458.87772925764193,1250.759825327511,1467,102.68916155419222,102.68916155419222,False,retain
FR722,5,48,1,ARC,111,457.45045045045043,420.963963963964,1467,102.68916155419222,102.68916155419222,False,retain
FR722,5,49,1,ARC,185,460.23243243243246,1441.6594594594594,1467,102.68916155419222,102.68916155419222,False,retain
FR722,5,50,1,ARC,124,464.64516129032256,1283.8467741935483,1467,102.68916155419222,102.68916155419222,False,retain
FR722,5,51,1,ARC,215,470.78139534883724,1504.6651162790697,1467,102.68916155419222,102.68916155419222,False,retain
FR722,5,52,1,ARC,237,471.0801687763713,513.746835443038,1467,102.68916155419222,102.68916155419222,False,retain
FR722,5,53,1,ARC,69,467.3623188405797,425.94202898550725,1467,102.68916155419222,102.68916155419222,True,exclude_below_local_dapi_mean
FR722,5,54,1,ARC,107,476.89719626168227,1462.056074766355,1467,102.68916155419222,102.68916155419222,False,retain
FR722,5,55,1,ARC,176,498.10227272727275,1349.659090909091,1467,102.68916155419222,102.68916155419222,False,retain
FR722,5,56,1,ARC,206,502.0194174757282,1551.1650485436894,1467,102.68916155419222,102.68916155419222,False,retain
FR722,5,57,1,ARC,114,504.1929824561403,369.5964912280702,1467,102.68916155419222,102.68916155419222,False,retain
FR722,5,58,1,ARC,202,539.7079207920792,1311.8762376237623,1467,102.68916155419222,102.68916155419222,False,retain
FR722,5,59,2,ME,75,631.8,896.3066666666666,241,80.52697095435684,80.52697095435684,True,exclude_below_local_dapi_mean
FR722,5,60,2,ME,69,636.1449275362319,914.7971014492754,241,80.52697095435684,80.52697095435684,True,exclude_below_local_dapi_mean
FR722,5,61,2,ME,46,641.8695652173913,830.6304347826087,241,80.52697095435684,80.52697095435684,True,exclude_below_local_dapi_mean
FR722,1,1,0,OUTSIDE_DELINEATED_REGIONS,72,49.791666666666664,1150.0972222222222,1570,121.18853503184714,121.18853503184714,True,exclude_below_local_dapi_mean
FR722,1,2,1,ARC,93,103.04301075268818,1114.516129032258,1383,116.79826464208243,116.79826464208243,True,exclude_below_local_dapi_mean
FR722,1,3,1,ARC,68,148.36764705882354,794.0,1383,116.79826464208243,116.79826464208243,True,exclude_below_local_dapi_mean
FR722,1,4,1,ARC,111,154.02702702702703,809.8828828828829,1383,116.79826464208243,116.79826464208243,True,exclude_below_local_dapi_mean
FR722,1,5,1,ARC,15,178.13333333333333,774.8,1383,116.79826464208243,116.79826464208243,True,exclude_below_local_dapi_mean
FR722,1,6,1,ARC,48,183.85416666666666,774.6875,1383,116.79826464208243,116.79826464208243,True,exclude_below_local_dapi_mean
FR722,1,7,1,ARC,118,206.11864406779662,697.7457627118644,1383,116.79826464208243,116.79826464208243,False,retain
FR722,1,8,1,ARC,54,225.40740740740742,1249.5740740740741,1383,116.79826464208243,116.79826464208243,True,exclude_below_local_dapi_mean
FR722,1,9,1,ARC,216,231.8935185185185,766.5601851851852,1383,116.79826464208243,116.79826464208243,False,retain
FR722,1,10,1,ARC,129,234.46511627906978,1075.15503875969,1383,116.79826464208243,116.79826464208243,False,retain
FR722,1,11,0,OUTSIDE_DELINEATED_REGIONS,152,248.1184210526316,208.43421052631578,1570,121.18853503184714,121.18853503184714,False,retain
FR722,1,12,0,OUTSIDE_DELINEATED_REGIONS,170,266.22352941176473,1387.1352941176472,1570,121.18853503184714,121.18853503184714,False,retain
FR722,1,13,0,OUTSIDE_DELINEATED_REGIONS,25,270.92,195.92,1570,121.18853503184714,121.18853503184714,True,exclude_below_local_dapi_mean
FR722,1,14,0,OUTSIDE_DELINEATED_REGIONS,71,290.38028169014086,1662.7042253521126,1570,121.18853503184714,121.18853503184714,True,exclude_below_local_dapi_mean
FR722,1,15,1,ARC,266,317.82706766917295,1205.8872180451128,1383,116.79826464208243,116.79826464208243,False,retain
FR722,1,16,0,OUTSIDE_DELINEATED_REGIONS,82,315.9024390243902,197.09756097560975,1570,121.18853503184714,121.18853503184714,True,exclude_below_local_dapi_mean
FR722,1,17,1,ARC,135,331.9037037037037,677.1851851851852,1383,116.79826464208243,116.79826464208243,False,retain
FR722,1,18,1,ARC,125,341.056,564.616,1383,116.79826464208243,116.79826464208243,False,retain
FR722,1,19,1,ARC,57,356.17543859649123,381.43859649122805,1383,116.79826464208243,116.79826464208243,True,exclude_below_local_dapi_mean
FR722,1,20,0,OUTSIDE_DELINEATED_REGIONS,91,361.3296703296703,222.9010989010989,1570,121.18853503184714,121.18853503184714,True,exclude_below_local_dapi_mean
FR722,1,21,1,ARC,140,363.01428571428573,399.12857142857143,1383,116.79826464208243,116.79826464208243,False,retain
FR722,1,22,1,ARC,57,376.56140350877195,340.43859649122805,1383,116.79826464208243,116.79826464208243,True,exclude_below_local_dapi_mean
FR722,1,23,1,ARC,128,382.5234375,689.1953125,1383,116.79826464208243,116.79826464208243,False,retain
FR722,1,24,1,ARC,239,408.3430962343096,1480.5397489539748,1383,116.79826464208243,116.79826464208243,False,retain
FR722,1,25,1,ARC,201,410.7512437810945,442.2487562189055,1383,116.79826464208243,116.79826464208243,False,retain
FR722,1,26,1,ARC,165,412.6545454545454,1197.4545454545455,1383,116.79826464208243,116.79826464208243,False,retain
FR722,1,27,1,ARC,163,421.7484662576687,1402.8527607361964,1383,116.79826464208243,116.79826464208243,False,retain
FR722,1,28,1,ARC,194,426.2938144329897,1376.1288659793815,1383,116.79826464208243,116.79826464208243,False,retain
FR722,1,29,1,ARC,134,427.2910447761194,361.589552238806,1383,116.79826464208243,116.79826464208243,False,retain
FR722,1,30,1,ARC,126,426.968253968254,477.0952380952381,1383,116.79826464208243,116.79826464208243,False,retain
FR722,1,31,1,ARC,212,439.42452830188677,1231.5707547169811,1383,116.79826464208243,116.79826464208243,False,retain
FR722,1,32,1,ARC,147,438.93197278911566,530.2244897959183,1383,116.79826464208243,116.79826464208243,False,retain
FR722,1,33,1,ARC,268,442.14925373134326,1191.0410447761194,1383,116.79826464208243,116.79826464208243,False,retain
FR722,1,34,1,ARC,172,438.9244186046512,1267.046511627907,1383,116.79826464208243,116.79826464208243,False,retain
FR722,1,35,1,ARC,458,454.90829694323145,563.5131004366813,1383,116.79826464208243,116.79826464208243,False,retain
FR722,1,36,1,ARC,219,450.7077625570776,593.7671232876712,1383,116.79826464208243,116.79826464208243,False,retain
FR722,1,37,1,ARC,192,452.4947916666667,1483.4479166666667,1383,116.79826464208243,116.79826464208243,False,retain
FR722,1,38,1,ARC,199,455.678391959799,1275.5427135678392,1383,116.79826464208243,116.79826464208243,False,retain
FR722,1,39,0,OUTSIDE_DELINEATED_REGIONS,61,453.37704918032784,102.77049180327869,1570,121.18853503184714,121.18853503184714,True,exclude_below_local_dapi_mean
FR722,1,40,1,ARC,46,455.4130434782609,1349.3695652173913,1383,116.79826464208243,116.79826464208243,True,exclude_below_local_dapi_mean
FR722,1,41,1,ARC,169,465.71597633136093,438.6923076923077,1383,116.79826464208243,116.79826464208243,False,retain
FR722,1,42,1,ARC,110,484.09090909090907,493.3272727272727,1383,116.79826464208243,116.79826464208243,True,exclude_below_local_dapi_mean
FR722,1,43,1,ARC,182,488.3076923076923,417.2802197802198,1383,116.79826464208243,116.79826464208243,False,retain
FR722,1,44,1,ARC,404,494.21534653465346,1177.8861386138615,1383,116.79826464208243,116.79826464208243,False,retain
FR722,1,45,1,ARC,136,490.16911764705884,1451.5514705882354,1383,116.79826464208243,116.79826464208243,False,retain
FR722,1,46,1,ARC,137,501.6788321167883,1340.2554744525548,1383,116.79826464208243,116.79826464208243,False,retain
FR722,1,47,1,ARC,148,505.7027027027027,1304.668918918919,1383,116.79826464208243,116.79826464208243,False,retain
FR722,1,48,1,ARC,98,505.3775510204082,1455.8265306122448,1383,116.79826464208243,116.79826464208243,True,exclude_below_local_dapi_mean
FR722,1,49,1,ARC,128,510.3046875,1397.5625,1383,116.79826464208243,116.79826464208243,False,retain
FR722,1,50,1,ARC,268,522.1716417910447,555.4514925373135,1383,116.79826464208243,116.79826464208243,False,retain
FR722,1,51,1,ARC,142,531.9366197183099,514.3169014084507,1383,116.79826464208243,116.79826464208243,False,retain
FR722,1,52,1,ARC,204,534.0784313725491,532.6764705882352,1383,116.79826464208243,116.79826464208243,False,retain
FR722,1,53,1,ARC,211,559.3222748815166,1314.3222748815165,1383,116.79826464208243,116.79826464208243,False,retain
FR722,1,54,2,ME,100,573.42,1224.61,236,84.41949152542372,84.41949152542372,False,retain
FR722(RV),2,1,1,ARC,206,418.0728155339806,820.8932038834952,2024,94.39179841897233,94.39179841897233,False,retain
FR722(RV),2,2,1,ARC,142,436.80281690140845,1070.5985915492959,2024,94.39179841897233,94.39179841897233,False,retain
FR722(RV),2,3,1,ARC,157,447.80254777070064,651.547770700637,2024,94.39179841897233,94.39179841897233,False,retain
FR722(RV),2,4,1,ARC,315,477.6063492063492,537.0888888888888,2024,94.39179841897233,94.39179841897233,False,retain
FR722(RV),2,5,1,ARC,207,503.9903381642512,1340.2898550724638,2024,94.39179841897233,94.39179841897233,False,retain
FR722(RV),2,6,1,ARC,147,507.7687074829932,620.4897959183673,2024,94.39179841897233,94.39179841897233,False,retain
FR722(RV),2,7,1,ARC,111,525.3873873873874,1241.0,2024,94.39179841897233,94.39179841897233,False,retain
FR722(RV),2,8,1,ARC,176,532.3295454545455,726.8295454545455,2024,94.39179841897233,94.39179841897233,False,retain
FR722(RV),2,9,1,ARC,163,536.6564417177914,567.9877300613497,2024,94.39179841897233,94.39179841897233,False,retain
FR722(RV),2,10,1,ARC,409,541.679706601467,674.4669926650366,2024,94.39179841897233,94.39179841897233,False,retain
FR722(RV),2,11,1,ARC,101,538.1782178217821,1269.5049504950496,2024,94.39179841897233,94.39179841897233,False,retain
FR722(RV),2,12,1,ARC,83,549.7831325301205,1368.1686746987953,2024,94.39179841897233,94.39179841897233,True,exclude_below_local_dapi_mean
FR722(RV),2,13,1,ARC,148,567.0878378378378,1279.7432432432433,2024,94.39179841897233,94.39179841897233,False,retain
FR722(RV),2,14,1,ARC,209,590.799043062201,1428.3875598086124,2024,94.39179841897233,94.39179841897233,False,retain
FR722(RV),2,15,1,ARC,246,592.80081300813,1324.280487804878,2024,94.39179841897233,94.39179841897233,False,retain
FR722(RV),2,16,0,OUTSIDE_DELINEATED_REGIONS,1,587.0,1178.0,1498,100.95460614152204,100.95460614152204,True,exclude_below_local_dapi_mean
FR722(RV),2,17,0,OUTSIDE_DELINEATED_REGIONS,2,588.0,1179.5,1498,100.95460614152204,100.95460614152204,True,exclude_below_local_dapi_mean
FR722(RV),2,18,2,ME,1,589.0,1181.0,261,81.7816091954023,81.7816091954023,True,exclude_below_local_dapi_mean
FR722(RV),2,19,2,ME,305,600.3868852459017,1189.7868852459017,261,81.7816091954023,81.7816091954023,False,retain
FR722(RV),2,20,1,ARC,184,622.4836956521739,774.0054347826087,2024,94.39179841897233,94.39179841897233,False,retain
FR722(RV),2,21,1,ARC,148,623.9324324324324,835.777027027027,2024,94.39179841897233,94.39179841897233,False,retain
FR722(RV),2,22,1,ARC,146,637.8356164383562,544.5068493150685,2024,94.39179841897233,94.39179841897233,False,retain
FR722(RV),2,23,1,ARC,121,641.4380165289256,569.9256198347107,2024,94.39179841897233,94.39179841897233,False,retain
FR722(RV),2,24,0,OUTSIDE_DELINEATED_REGIONS,327,644.3119266055046,1039.6544342507646,1498,100.95460614152204,100.95460614152204,False,retain
FR722(RV),2,25,1,ARC,78,638.9487179487179,1111.7435897435898,2024,94.39179841897233,94.39179841897233,True,exclude_below_local_dapi_mean
FR722(RV),2,26,2,ME,142,659.830985915493,1249.4507042253522,261,81.7816091954023,81.7816091954023,False,retain
FR722(RV),2,27,2,ME,78,662.3589743589744,1153.0897435897436,261,81.7816091954023,81.7816091954023,True,exclude_below_local_dapi_mean
FR722(RV),2,28,2,ME,26,663.9230769230769,977.5769230769231,261,81.7816091954023,81.7816091954023,True,exclude_below_local_dapi_mean
FR722,4,1,1,ARC,133,160.0300751879699,811.203007518797,1288,109.6583850931677,109.6583850931677,False,retain
FR722,4,2,0,OUTSIDE_DELINEATED_REGIONS,108,168.21296296296296,1701.138888888889,2021,101.99059871350816,101.99059871350816,False,retain
FR722,4,3,1,ARC,121,205.31404958677686,1041.2727272727273,1288,109.6583850931677,109.6583850931677,False,retain
FR722,4,4,1,ARC,178,212.3314606741573,753.5224719101124,1288,109.6583850931677,109.6583850931677,False,retain
FR722,4,5,1,ARC,143,245.35664335664336,801.6783216783217,1288,109.6583850931677,109.6583850931677,False,retain
FR722,4,6,1,ARC,134,272.1044776119403,1057.0074626865671,1288,109.6583850931677,109.6583850931677,False,retain
FR722,4,7,0,OUTSIDE_DELINEATED_REGIONS,136,278.63235294117646,1763.2132352941176,2021,101.99059871350816,101.99059871350816,False,retain
FR722,4,8,1,ARC,189,297.29100529100526,1140.2857142857142,1288,109.6583850931677,109.6583850931677,False,retain
FR722,4,9,0,OUTSIDE_DELINEATED_REGIONS,95,298.5578947368421,1705.1368421052632,2021,101.99059871350816,101.99059871350816,True,exclude_below_local_dapi_mean
FR722,4,10,1,ARC,167,305.70059880239523,753.6107784431138,1288,109.6583850931677,109.6583850931677,False,retain
FR722,4,11,1,ARC,109,319.22935779816515,1051.119266055046,1288,109.6583850931677,109.6583850931677,True,exclude_below_local_dapi_mean
FR722,4,12,1,ARC,116,325.0258620689655,769.4913793103449,1288,109.6583850931677,109.6583850931677,False,retain
FR722,4,13,1,ARC,173,336.39884393063585,1129.9017341040462,1288,109.6583850931677,109.6583850931677,False,retain
FR722,4,14,0,OUTSIDE_DELINEATED_REGIONS,109,340.5321100917431,1600.3302752293578,2021,101.99059871350816,101.99059871350816,False,retain
FR722,4,15,1,ARC,186,359.258064516129,1215.6505376344087,1288,109.6583850931677,109.6583850931677,False,retain
FR722,4,16,1,ARC,188,368.3191489361702,1161.2393617021276,1288,109.6583850931677,109.6583850931677,False,retain
FR722,4,17,1,ARC,111,368.8828828828829,489.77477477477476,1288,109.6583850931677,109.6583850931677,False,retain
FR722,4,18,1,ARC,143,370.041958041958,1114.7482517482517,1288,109.6583850931677,109.6583850931677,False,retain
FR722,4,19,1,ARC,146,375.05479452054794,646.6438356164383,1288,109.6583850931677,109.6583850931677,False,retain
FR722,4,20,1,ARC,260,377.70384615384614,594.5384615384615,1288,109.6583850931677,109.6583850931677,False,retain
FR722,4,21,0,OUTSIDE_DELINEATED_REGIONS,255,381.5176470588235,426.36470588235295,2021,101.99059871350816,101.99059871350816,False,retain
FR722,4,22,1,ARC,128,381.8671875,675.7578125,1288,109.6583850931677,109.6583850931677,False,retain
FR722,4,23,1,ARC,145,382.5103448275862,1433.0827586206897,1288,109.6583850931677,109.6583850931677,False,retain
FR722,4,24,0,OUTSIDE_DELINEATED_REGIONS,185,389.65945945945947,396.5081081081081,2021,101.99059871350816,101.99059871350816,False,retain
FR722,4,25,1,ARC,130,388.0076923076923,1246.2384615384615,1288,109.6583850931677,109.6583850931677,False,retain
FR722,4,26,1,ARC,215,396.7348837209302,518.4651162790698,1288,109.6583850931677,109.6583850931677,False,retain
FR722,4,27,1,ARC,172,409.1337209302326,554.9302325581396,1288,109.6583850931677,109.6583850931677,False,retain
FR722,4,28,1,ARC,150,410.4066666666667,573.6933333333334,1288,109.6583850931677,109.6583850931677,False,retain
FR722,4,29,1,ARC,253,414.8142292490119,682.6363636363636,1288,109.6583850931677,109.6583850931677,False,retain
FR722,4,30,0,OUTSIDE_DELINEATED_REGIONS,101,415.6831683168317,1810.6831683168316,2021,101.99059871350816,101.99059871350816,True,exclude_below_local_dapi_mean
FR722,4,31,1,ARC,152,421.14473684210526,1513.1513157894738,1288,109.6583850931677,109.6583850931677,False,retain
FR722,4,32,1,ARC,155,429.7096774193548,801.1354838709677,1288,109.6583850931677,109.6583850931677,False,retain
FR722,4,33,1,ARC,126,437.94444444444446,529.3888888888889,1288,109.6583850931677,109.6583850931677,False,retain
FR722,4,34,1,ARC,315,461.7269841269841,1330.0349206349206,1288,109.6583850931677,109.6583850931677,False,retain
FR722,4,35,0,OUTSIDE_DELINEATED_REGIONS,150,457.06666666666666,329.25333333333333,2021,101.99059871350816,101.99059871350816,False,retain
FR722,4,36,1,ARC,196,462.2091836734694,467.98979591836735,1288,109.6583850931677,109.6583850931677,False,retain
FR722,4,37,1,ARC,142,464.0845070422535,777.0985915492957,1288,109.6583850931677,109.6583850931677,False,retain
FR722,4,38,1,ARC,316,473.5221518987342,1234.4778481012659,1288,109.6583850931677,109.6583850931677,False,retain
FR722,4,39,1,ARC,451,475.94235033259423,1188.7871396895787,1288,109.6583850931677,109.6583850931677,False,retain
FR722,4,40,0,OUTSIDE_DELINEATED_REGIONS,125,468.84,184.216,2021,101.99059871350816,101.99059871350816,False,retain
FR722,4,41,0,OUTSIDE_DELINEATED_REGIONS,298,476.1845637583893,311.9161073825503,2021,101.99059871350816,101.99059871350816,False,retain
FR722,4,42,1,ARC,175,476.66285714285715,438.2914285714286,1288,109.6583850931677,109.6583850931677,False,retain
FR722,4,43,0,OUTSIDE_DELINEATED_REGIONS,292,482.8972602739726,1692.195205479452,2021,101.99059871350816,101.99059871350816,False,retain
FR722,4,44,1,ARC,260,488.17692307692306,782.9615384615385,1288,109.6583850931677,109.6583850931677,False,retain
FR722,4,45,1,ARC,171,488.87134502923976,608.1754385964912,1288,109.6583850931677,109.6583850931677,False,retain
FR722,4,46,1,ARC,179,503.3072625698324,635.3240223463687,1288,109.6583850931677,109.6583850931677,False,retain
FR722,4,47,1,ARC,253,513.5296442687747,502.4664031620553,1288,109.6583850931677,109.6583850931677,False,retain
FR722,4,48,0,OUTSIDE_DELINEATED_REGIONS,191,507.7434554973822,269.68586387434556,2021,101.99059871350816,101.99059871350816,False,retain
FR722,4,49,1,ARC,48,508.8125,1381.1458333333333,1288,109.6583850931677,109.6583850931677,True,exclude_below_local_dapi_mean
FR722,4,50,0,OUTSIDE_DELINEATED_REGIONS,90,514.0333333333333,246.32222222222222,2021,101.99059871350816,101.99059871350816,True,exclude_below_local_dapi_mean
FR722,4,51,1,ARC,116,515.3706896551724,1146.5431034482758,1288,109.6583850931677,109.6583850931677,False,retain
FR722,4,52,1,ARC,123,515.5772357723578,1260.6666666666667,1288,109.6583850931677,109.6583850931677,False,retain
FR722,4,53,1,ARC,116,520.4051724137931,633.1465517241379,1288,109.6583850931677,109.6583850931677,False,retain
FR722,4,54,1,ARC,153,562.3464052287582,547.0261437908497,1288,109.6583850931677,109.6583850931677,False,retain
FR722,4,55,1,ARC,209,564.0191387559809,628.4545454545455,1288,109.6583850931677,109.6583850931677,False,retain
FR722,4,56,1,ARC,170,570.3588235294118,598.3823529411765,1288,109.6583850931677,109.6583850931677,False,retain
FR722,3,1,0,OUTSIDE_DELINEATED_REGIONS,64,12.984375,319.328125,1544,115.14896373056995,115.14896373056995,True,exclude_below_local_dapi_mean
FR722,3,2,1,ARC,141,70.46808510638297,835.9290780141844,1247,110.37129109863673,110.37129109863673,False,retain
FR722,3,3,1,ARC,120,71.375,800.4333333333333,1247,110.37129109863673,110.37129109863673,False,retain
FR722,3,4,0,OUTSIDE_DELINEATED_REGIONS,30,90.1,257.53333333333336,1544,115.14896373056995,115.14896373056995,True,exclude_below_local_dapi_mean
FR722,3,5,0,OUTSIDE_DELINEATED_REGIONS,168,101.81547619047619,1179.0654761904761,1544,115.14896373056995,115.14896373056995,False,retain
FR722,3,6,0,OUTSIDE_DELINEATED_REGIONS,49,98.83673469387755,337.42857142857144,1544,115.14896373056995,115.14896373056995,True,exclude_below_local_dapi_mean
FR722,3,7,0,OUTSIDE_DELINEATED_REGIONS,53,103.0377358490566,324.7169811320755,1544,115.14896373056995,115.14896373056995,True,exclude_below_local_dapi_mean
FR722,3,8,1,ARC,135,152.67407407407407,819.7925925925925,1247,110.37129109863673,110.37129109863673,False,retain
FR722,3,9,1,ARC,90,160.61111111111111,725.6,1247,110.37129109863673,110.37129109863673,True,exclude_below_local_dapi_mean
FR722,3,10,1,ARC,170,165.5529411764706,1097.5764705882352,1247,110.37129109863673,110.37129109863673,False,retain
FR722,3,11,1,ARC,82,201.1951219512195,723.9878048780488,1247,110.37129109863673,110.37129109863673,True,exclude_below_local_dapi_mean
FR722,3,12,1,ARC,85,204.08235294117648,710.6588235294117,1247,110.37129109863673,110.37129109863673,True,exclude_below_local_dapi_mean
FR722,3,13,0,OUTSIDE_DELINEATED_REGIONS,210,210.24761904761905,42.03809523809524,1544,115.14896373056995,115.14896373056995,False,retain
FR722,3,14,1,ARC,80,222.7625,669.55,1247,110.37129109863673,110.37129109863673,True,exclude_below_local_dapi_mean
FR722,3,15,1,ARC,225,240.7422222222222,1284.7333333333333,1247,110.37129109863673,110.37129109863673,False,retain
FR722,3,16,1,ARC,144,256.7916666666667,1210.7708333333333,1247,110.37129109863673,110.37129109863673,False,retain
FR722,3,17,1,ARC,226,271.57964601769913,1144.132743362832,1247,110.37129109863673,110.37129109863673,False,retain
FR722,3,18,0,OUTSIDE_DELINEATED_REGIONS,107,280.04672897196264,1758.9906542056074,1544,115.14896373056995,115.14896373056995,True,exclude_below_local_dapi_mean
FR722,3,19,1,ARC,106,286.0660377358491,560.9433962264151,1247,110.37129109863673,110.37129109863673,True,exclude_below_local_dapi_mean
FR722,3,20,1,ARC,272,289.7647058823529,1130.8933823529412,1247,110.37129109863673,110.37129109863673,False,retain
FR722,3,21,1,ARC,321,299.0311526479751,746.7476635514018,1247,110.37129109863673,110.37129109863673,False,retain
FR722,3,22,1,ARC,264,296.75,643.7954545454545,1247,110.37129109863673,110.37129109863673,False,retain
FR722,3,23,1,ARC,384,306.875,670.7473958333334,1247,110.37129109863673,110.37129109863673,False,retain
FR722,3,24,0,OUTSIDE_DELINEATED_REGIONS,304,307.95394736842104,114.36513157894737,1544,115.14896373056995,115.14896373056995,False,retain
FR722,3,25,0,OUTSIDE_DELINEATED_REGIONS,118,305.3135593220339,464.8220338983051,1544,115.14896373056995,115.14896373056995,False,retain
FR722,3,26,1,ARC,228,334.7938596491228,712.3421052631579,1247,110.37129109863673,110.37129109863673,False,retain
FR722,3,27,1,ARC,170,331.3235294117647,1134.0588235294117,1247,110.37129109863673,110.37129109863673,False,retain
FR722,3,28,1,ARC,112,331.0892857142857,1308.8839285714287,1247,110.37129109863673,110.37129109863673,False,retain
FR722,3,29,0,OUTSIDE_DELINEATED_REGIONS,229,340.6637554585153,456.2532751091703,1544,115.14896373056995,115.14896373056995,False,retain
FR722,3,30,1,ARC,367,355.1798365122616,584.4877384196185,1247,110.37129109863673,110.37129109863673,False,retain
FR722,3,31,0,OUTSIDE_DELINEATED_REGIONS,211,354.3222748815166,1805.7725118483413,1544,115.14896373056995,115.14896373056995,False,retain
FR722,3,32,1,ARC,191,354.14659685863876,1255.9057591623036,1247,110.37129109863673,110.37129109863673,False,retain
FR722,3,33,0,OUTSIDE_DELINEATED_REGIONS,126,356.07142857142856,399.5,1544,115.14896373056995,115.14896373056995,False,retain
FR722,3,34,0,OUTSIDE_DELINEATED_REGIONS,199,362.1959798994975,356.2613065326633,1544,115.14896373056995,115.14896373056995,False,retain
FR722,3,35,1,ARC,89,371.1573033707865,1265.0112359550562,1247,110.37129109863673,110.37129109863673,True,exclude_below_local_dapi_mean
FR722,3,36,1,ARC,140,374.7785714285714,1368.1857142857143,1247,110.37129109863673,110.37129109863673,False,retain
FR722,3,37,1,ARC,330,380.4878787878788,562.6939393939394,1247,110.37129109863673,110.37129109863673,False,retain
FR722,3,38,1,ARC,95,377.29473684210524,1428.6315789473683,1247,110.37129109863673,110.37129109863673,True,exclude_below_local_dapi_mean
FR722,3,39,1,ARC,114,389.35087719298247,619.3333333333334,1247,110.37129109863673,110.37129109863673,False,retain
FR722,3,40,1,ARC,39,391.43589743589746,406.56410256410254,1247,110.37129109863673,110.37129109863673,True,exclude_below_local_dapi_mean
FR722,3,41,1,ARC,120,441.425,412.7583333333333,1247,110.37129109863673,110.37129109863673,False,retain
FR722,3,42,1,ARC,99,444.35353535353534,1288.8484848484848,1247,110.37129109863673,110.37129109863673,True,exclude_below_local_dapi_mean
FR722,3,43,1,ARC,191,448.2303664921466,1390.65445026178,1247,110.37129109863673,110.37129109863673,False,retain
FR722,3,44,1,ARC,219,459.310502283105,1439.8447488584475,1247,110.37129109863673,110.37129109863673,False,retain
FR722,3,45,1,ARC,201,469.363184079602,464.636815920398,1247,110.37129109863673,110.37129109863673,False,retain
FR722,3,46,1,ARC,74,469.63513513513516,446.3243243243243,1247,110.37129109863673,110.37129109863673,True,exclude_below_local_dapi_mean
FR722,3,47,1,ARC,299,476.5752508361204,1158.9565217391305,1247,110.37129109863673,110.37129109863673,False,retain
FR722,3,48,1,ARC,197,475.01522842639594,522.8172588832488,1247,110.37129109863673,110.37129109863673,False,retain
FR722,3,49,0,OUTSIDE_DELINEATED_REGIONS,240,481.225,314.6333333333333,1544,115.14896373056995,115.14896373056995,False,retain
FR722,3,50,1,ARC,124,498.06451612903226,413.741935483871,1247,110.37129109863673,110.37129109863673,False,retain
FR722,3,51,1,ARC,146,498.95205479452056,493.1849315068493,1247,110.37129109863673,110.37129109863673,False,retain
FR722,3,52,0,OUTSIDE_DELINEATED_REGIONS,156,505.62179487179486,278.56410256410254,1544,115.14896373056995,115.14896373056995,False,retain
FR722,3,53,1,ARC,184,512.8369565217391,464.08152173913044,1247,110.37129109863673,110.37129109863673,False,retain
FR722,3,54,1,ARC,39,510.1794871794872,485.8205128205128,1247,110.37129109863673,110.37129109863673,True,exclude_below_local_dapi_mean
FR722,3,55,1,ARC,21,517.0952380952381,484.85714285714283,1247,110.37129109863673,110.37129109863673,True,exclude_below_local_dapi_mean
FR722,2,1,1,ARC,76,79.46052631578948,771.3684210526316,1252,104.9185303514377,104.9185303514377,True,exclude_below_local_dapi_mean
FR722,2,2,1,ARC,410,203.87073170731708,685.3,1252,104.9185303514377,104.9185303514377,False,retain
FR722,2,3,0,OUTSIDE_DELINEATED_REGIONS,364,228.47802197802199,170.15384615384616,1734,110.35063437139561,110.35063437139561,False,retain
FR722,2,4,1,ARC,80,229.2125,629.925,1252,104.9185303514377,104.9185303514377,True,exclude_below_local_dapi_mean
FR722,2,5,0,OUTSIDE_DELINEATED_REGIONS,160,231.74375,1456.175,1734,110.35063437139561,110.35063437139561,False,retain
FR722,2,6,1,ARC,127,254.1496062992126,747.5433070866142,1252,104.9185303514377,104.9185303514377,False,retain
FR722,2,7,1,ARC,65,265.55384615384617,1060.0461538461539,1252,104.9185303514377,104.9185303514377,True,exclude_below_local_dapi_mean
FR722,2,8,1,ARC,182,280.13186813186815,755.9505494505495,1252,104.9185303514377,104.9185303514377,False,retain
FR722,2,9,1,ARC,221,295.61990950226243,610.5972850678733,1252,104.9185303514377,104.9185303514377,False,retain
FR722,2,10,1,ARC,130,307.66923076923075,703.1692307692308,1252,104.9185303514377,104.9185303514377,False,retain
FR722,2,11,1,ARC,299,320.2943143812709,1018.5484949832776,1252,104.9185303514377,104.9185303514377,False,retain
FR722,2,12,1,ARC,421,324.32779097387174,1087.7980997624702,1252,104.9185303514377,104.9185303514377,False,retain
FR722,2,13,1,ARC,175,327.36571428571426,687.3314285714285,1252,104.9185303514377,104.9185303514377,False,retain
FR722,2,14,1,ARC,238,331.75210084033614,781.8361344537815,1252,104.9185303514377,104.9185303514377,False,retain
FR722,2,15,1,ARC,411,336.17761557177613,1056.793187347932,1252,104.9185303514377,104.9185303514377,False,retain
FR722,2,16,1,ARC,125,356.68,608.152,1252,104.9185303514377,104.9185303514377,False,retain
FR722,2,17,1,ARC,117,370.4017094017094,1122.0,1252,104.9185303514377,104.9185303514377,False,retain
FR722,2,18,1,ARC,180,375.00555555555553,580.4777777777778,1252,104.9185303514377,104.9185303514377,False,retain
FR722,2,19,0,OUTSIDE_DELINEATED_REGIONS,107,381.32710280373834,92.98130841121495,1734,110.35063437139561,110.35063437139561,True,exclude_below_local_dapi_mean
FR722,2,20,1,ARC,176,384.71590909090907,699.2102272727273,1252,104.9185303514377,104.9185303514377,False,retain
FR722,2,21,1,ARC,124,383.8306451612903,716.6209677419355,1252,104.9185303514377,104.9185303514377,False,retain
FR722,2,22,1,ARC,144,385.9513888888889,663.5833333333334,1252,104.9185303514377,104.9185303514377,False,retain
FR722,2,23,1,ARC,168,395.6190476190476,545.327380952381,1252,104.9185303514377,104.9185303514377,False,retain
FR722,2,24,0,OUTSIDE_DELINEATED_REGIONS,106,404.33962264150944,262.50943396226415,1734,110.35063437139561,110.35063437139561,True,exclude_below_local_dapi_mean
FR722,2,25,1,ARC,268,408.8955223880597,633.0,1252,104.9185303514377,104.9185303514377,False,retain
FR722,2,26,0,OUTSIDE_DELINEATED_REGIONS,188,418.3723404255319,85.76595744680851,1734,110.35063437139561,110.35063437139561,False,retain
FR722,2,27,1,ARC,293,418.4778156996587,723.5870307167236,1252,104.9185303514377,104.9185303514377,False,retain
FR722,2,28,0,OUTSIDE_DELINEATED_REGIONS,259,421.996138996139,168.52509652509653,1734,110.35063437139561,110.35063437139561,False,retain
FR722,2,29,1,ARC,155,422.5548387096774,456.28387096774196,1252,104.9185303514377,104.9185303514377,False,retain
FR722,2,30,1,ARC,291,423.7560137457045,1242.1752577319587,1252,104.9185303514377,104.9185303514377,False,retain
FR722,2,31,1,ARC,386,439.08290155440415,970.0569948186528,1252,104.9185303514377,104.9185303514377,False,retain
FR722,2,32,1,ARC,134,429.13432835820896,1377.6567164179105,1252,104.9185303514377,104.9185303514377,False,retain
FR722,2,33,1,ARC,137,430.9051094890511,1059.2773722627737,1252,104.9185303514377,104.9185303514377,False,retain
FR722,2,34,1,ARC,160,432.3,1096.8375,1252,104.9185303514377,104.9185303514377,False,retain
FR722,2,35,1,ARC,349,441.4727793696275,1154.2693409742121,1252,104.9185303514377,104.9185303514377,False,retain
FR722,2,36,1,ARC,201,437.1442786069652,586.8756218905472,1252,104.9185303514377,104.9185303514377,False,retain
FR722,2,37,1,ARC,122,440.26229508196724,416.172131147541,1252,104.9185303514377,104.9185303514377,False,retain
FR722,2,38,1,ARC,76,440.5921052631579,1303.4605263157894,1252,104.9185303514377,104.9185303514377,True,exclude_below_local_dapi_mean
FR722,2,39,1,ARC,181,445.7182320441989,1437.8839779005525,1252,104.9185303514377,104.9185303514377,False,retain
FR722,2,40,0,OUTSIDE_DELINEATED_REGIONS,176,447.40909090909093,105.0,1734,110.35063437139561,110.35063437139561,False,retain
FR722,2,41,0,OUTSIDE_DELINEATED_REGIONS,297,450.8181818181818,73.25252525252525,1734,110.35063437139561,110.35063437139561,False,retain
FR722,2,42,1,ARC,261,454.4061302681992,587.2068965517242,1252,104.9185303514377,104.9185303514377,False,retain
FR722,2,43,1,ARC,115,454.16521739130434,1292.1913043478262,1252,104.9185303514377,104.9185303514377,False,retain
FR722,2,44,1,ARC,166,461.3072289156627,457.16265060240966,1252,104.9185303514377,104.9185303514377,False,retain
FR722,2,45,0,OUTSIDE_DELINEATED_REGIONS,233,466.53218884120173,102.63090128755364,1734,110.35063437139561,110.35063437139561,False,retain
FR722,2,46,1,ARC,141,471.21276595744683,435.8581560283688,1252,104.9185303514377,104.9185303514377,False,retain
FR722,2,47,1,ARC,118,472.6694915254237,584.6779661016949,1252,104.9185303514377,104.9185303514377,False,retain
FR722,2,48,1,ARC,158,476.8987341772152,537.3987341772151,1252,104.9185303514377,104.9185303514377,False,retain
FR722,2,49,1,ARC,53,480.9622641509434,1245.4528301886792,1252,104.9185303514377,104.9185303514377,True,exclude_below_local_dapi_mean
FR722,2,50,0,OUTSIDE_DELINEATED_REGIONS,100,487.6,165.93,1734,110.35063437139561,110.35063437139561,True,exclude_below_local_dapi_mean
FR722,2,51,0,OUTSIDE_DELINEATED_REGIONS,141,489.15602836879435,1576.6312056737588,1734,110.35063437139561,110.35063437139561,False,retain
FR722,2,52,1,ARC,180,498.4166666666667,1221.6333333333334,1252,104.9185303514377,104.9185303514377,False,retain
FR722,2,53,1,ARC,354,502.3757062146893,530.6779661016949,1252,104.9185303514377,104.9185303514377,False,retain
FR722,2,54,1,ARC,172,498.8139534883721,1094.0697674418604,1252,104.9185303514377,104.9185303514377,False,retain
FR722,2,55,1,ARC,159,508.45283018867923,479.57232704402514,1252,104.9185303514377,104.9185303514377,False,retain
FR722,2,56,1,ARC,151,516.1655629139073,1161.9602649006622,1252,104.9185303514377,104.9185303514377,False,retain
FR722,2,57,1,ARC,200,524.905,989.895,1252,104.9185303514377,104.9185303514377,False,retain
FR722,2,58,1,ARC,145,522.0620689655173,1294.9931034482759,1252,104.9185303514377,104.9185303514377,False,retain
FR722,2,59,1,ARC,208,526.7451923076923,1199.9471153846155,1252,104.9185303514377,104.9185303514377,False,retain
FR722,2,60,2,ME,75,554.2133333333334,939.72,114,79.89473684210526,79.89473684210526,True,exclude_below_local_dapi_mean
FR722,2,61,1,ARC,78,559.6153846153846,1358.6410256410256,1252,104.9185303514377,104.9185303514377,True,exclude_below_local_dapi_mean
FR722,2,62,1,ARC,303,585.990099009901,994.1122112211222,1252,104.9185303514377,104.9185303514377,False,retain
FR7-3,5,1,1,ARC,257,118.75486381322958,1064.6303501945524,1006,126.0854870775348,126.0854870775348,False,retain
FR7-3,5,2,1,ARC,224,165.41071428571428,1042.53125,1006,126.0854870775348,126.0854870775348,False,retain
FR7-3,5,3,1,ARC,92,230.90217391304347,726.6521739130435,1006,126.0854870775348,126.0854870775348,True,exclude_below_local_dapi_mean
FR7-3,5,4,1,ARC,210,246.88571428571427,1190.9952380952382,1006,126.0854870775348,126.0854870775348,False,retain
FR7-3,5,5,1,ARC,330,259.1454545454545,1217.7,1006,126.0854870775348,126.0854870775348,False,retain
FR7-3,5,6,1,ARC,590,275.3898305084746,1138.1186440677966,1006,126.0854870775348,126.0854870775348,False,retain
FR7-3,5,7,1,ARC,269,270.1189591078067,1259.5613382899628,1006,126.0854870775348,126.0854870775348,False,retain
FR7-3,5,8,1,ARC,244,274.8606557377049,705.1598360655738,1006,126.0854870775348,126.0854870775348,False,retain
FR7-3,5,9,1,ARC,263,300.3916349809886,1190.041825095057,1006,126.0854870775348,126.0854870775348,False,retain
FR7-3,5,10,1,ARC,360,308.56944444444446,1273.9305555555557,1006,126.0854870775348,126.0854870775348,False,retain
FR7-3,5,11,1,ARC,89,303.7415730337079,459.5842696629214,1006,126.0854870775348,126.0854870775348,True,exclude_below_local_dapi_mean
FR7-3,5,12,1,ARC,208,310.96153846153845,1292.735576923077,1006,126.0854870775348,126.0854870775348,False,retain
FR7-3,5,13,1,ARC,115,327.0,1134.5478260869565,1006,126.0854870775348,126.0854870775348,True,exclude_below_local_dapi_mean
FR7-3,5,14,1,ARC,190,333.0105263157895,1175.5894736842106,1006,126.0854870775348,126.0854870775348,False,retain
FR7-3,5,15,1,ARC,226,334.1194690265487,1194.0619469026549,1006,126.0854870775348,126.0854870775348,False,retain
FR7-3,5,16,1,ARC,241,337.3070539419087,610.1203319502075,1006,126.0854870775348,126.0854870775348,False,retain
FR7-3,5,17,1,ARC,190,341.86315789473684,680.2,1006,126.0854870775348,126.0854870775348,False,retain
FR7-3,5,18,1,ARC,429,351.85780885780883,572.9673659673659,1006,126.0854870775348,126.0854870775348,False,retain
FR7-3,5,19,1,ARC,177,347.8305084745763,1252.677966101695,1006,126.0854870775348,126.0854870775348,False,retain
FR7-3,5,20,1,ARC,247,348.50607287449395,1450.2793522267207,1006,126.0854870775348,126.0854870775348,False,retain
FR7-3,5,21,1,ARC,241,363.8298755186722,1365.5020746887967,1006,126.0854870775348,126.0854870775348,False,retain
FR7-3,5,22,1,ARC,223,371.914798206278,1423.4529147982062,1006,126.0854870775348,126.0854870775348,False,retain
FR7-3,5,23,1,ARC,211,375.76777251184836,570.0616113744076,1006,126.0854870775348,126.0854870775348,False,retain
FR7-3,5,24,1,ARC,306,376.8888888888889,1141.2581699346406,1006,126.0854870775348,126.0854870775348,False,retain
FR7-3,5,25,1,ARC,376,392.49468085106383,418.26063829787233,1006,126.0854870775348,126.0854870775348,False,retain
FR7-3,5,26,1,ARC,264,398.82575757575756,1243.6439393939395,1006,126.0854870775348,126.0854870775348,False,retain
FR7-3,5,27,1,ARC,300,401.03333333333336,576.6566666666666,1006,126.0854870775348,126.0854870775348,False,retain
FR7-3,5,28,0,OUTSIDE_DELINEATED_REGIONS,249,401.8473895582329,178.04016064257027,1221,122.27518427518427,122.27518427518427,False,retain
FR7-3,5,29,1,ARC,426,406.1924882629108,1476.5516431924882,1006,126.0854870775348,126.0854870775348,False,retain
FR7-3,5,30,0,OUTSIDE_DELINEATED_REGIONS,347,411.1008645533141,302.6974063400576,1221,122.27518427518427,122.27518427518427,False,retain
FR7-3,5,31,1,ARC,215,408.3209302325581,1289.9813953488372,1006,126.0854870775348,126.0854870775348,False,retain
FR7-3,5,32,1,ARC,308,418.81493506493507,531.2922077922078,1006,126.0854870775348,126.0854870775348,False,retain
FR7-3,5,33,1,ARC,119,426.3613445378151,1308.857142857143,1006,126.0854870775348,126.0854870775348,True,exclude_below_local_dapi_mean
FR7-3,5,34,1,ARC,196,444.7908163265306,1279.7602040816328,1006,126.0854870775348,126.0854870775348,False,retain
FR7-3,5,35,0,OUTSIDE_DELINEATED_REGIONS,359,457.60724233983285,236.24512534818942,1221,122.27518427518427,122.27518427518427,False,retain
FR7-3,5,36,1,ARC,111,458.5045045045045,1140.5945945945946,1006,126.0854870775348,126.0854870775348,True,exclude_below_local_dapi_mean
FR7-3,5,37,0,OUTSIDE_DELINEATED_REGIONS,296,468.8614864864865,150.84797297297297,1221,122.27518427518427,122.27518427518427,False,retain
FR7-3,5,38,0,OUTSIDE_DELINEATED_REGIONS,423,477.3782505910165,173.1418439716312,1221,122.27518427518427,122.27518427518427,False,retain
FR7-3,5,39,1,ARC,253,477.6166007905138,1344.8300395256917,1006,126.0854870775348,126.0854870775348,False,retain
FR7-3,5,40,1,ARC,311,481.90675241157555,453.33118971061094,1006,126.0854870775348,126.0854870775348,False,retain
FR7-3,5,41,1,ARC,509,488.6188605108055,394.7976424361493,1006,126.0854870775348,126.0854870775348,False,retain
FR7-3,5,42,1,ARC,266,488.3721804511278,1129.0112781954888,1006,126.0854870775348,126.0854870775348,False,retain
FR7-3,5,43,1,ARC,632,504.01740506329116,1325.4129746835442,1006,126.0854870775348,126.0854870775348,False,retain
FR7-3,5,44,1,ARC,368,509.3016304347826,330.88858695652175,1006,126.0854870775348,126.0854870775348,False,retain
FR7-3,5,45,1,ARC,138,509.8478260869565,534.4057971014493,1006,126.0854870775348,126.0854870775348,False,retain
FR7-3,5,46,1,ARC,261,518.6896551724138,1183.8544061302682,1006,126.0854870775348,126.0854870775348,False,retain
FR7-3,5,47,1,ARC,182,564.2252747252747,545.0714285714286,1006,126.0854870775348,126.0854870775348,False,retain
FR7-3,5,48,1,ARC,210,575.5952380952381,560.7238095238096,1006,126.0854870775348,126.0854870775348,False,retain
FR7-3,4,1,1,ARC,251,223.96812749003985,1223.3426294820717,1132,116.57067137809187,116.57067137809187,False,retain
FR7-3,4,2,1,ARC,346,263.9335260115607,603.5751445086705,1132,116.57067137809187,116.57067137809187,False,retain
FR7-3,4,3,1,ARC,182,291.68131868131866,637.065934065934,1132,116.57067137809187,116.57067137809187,False,retain
FR7-3,4,4,1,ARC,130,295.26153846153846,1211.6846153846154,1132,116.57067137809187,116.57067137809187,False,retain
FR7-3,4,5,0,OUTSIDE_DELINEATED_REGIONS,493,302.1602434077079,318.3549695740365,1659,121.03134418324292,121.03134418324292,False,retain
FR7-3,4,6,0,OUTSIDE_DELINEATED_REGIONS,275,342.33454545454543,351.1018181818182,1659,121.03134418324292,121.03134418324292,False,retain
FR7-3,4,7,1,ARC,297,359.35690235690237,692.1885521885522,1132,116.57067137809187,116.57067137809187,False,retain
FR7-3,4,8,1,ARC,216,361.162037037037,1272.4259259259259,1132,116.57067137809187,116.57067137809187,False,retain
FR7-3,4,9,1,ARC,149,365.1409395973154,1241.711409395973,1132,116.57067137809187,116.57067137809187,False,retain
FR7-3,4,10,0,OUTSIDE_DELINEATED_REGIONS,401,373.4413965087282,300.2643391521197,1659,121.03134418324292,121.03134418324292,False,retain
FR7-3,4,11,1,ARC,120,366.5833333333333,1417.7416666666666,1132,116.57067137809187,116.57067137809187,False,retain
FR7-3,4,12,1,ARC,137,380.64233576642334,1229.6350364963503,1132,116.57067137809187,116.57067137809187,False,retain
FR7-3,4,13,1,ARC,191,383.1151832460733,474.68586387434556,1132,116.57067137809187,116.57067137809187,False,retain
FR7-3,4,14,1,ARC,200,408.355,1303.43,1132,116.57067137809187,116.57067137809187,False,retain
FR7-3,4,15,0,OUTSIDE_DELINEATED_REGIONS,315,423.4349206349206,204.64126984126983,1659,121.03134418324292,121.03134418324292,False,retain
FR7-3,4,16,0,OUTSIDE_DELINEATED_REGIONS,291,423.1993127147766,1597.7835051546392,1659,121.03134418324292,121.03134418324292,False,retain
FR7-3,4,17,1,ARC,186,423.64516129032256,1409.4301075268818,1132,116.57067137809187,116.57067137809187,False,retain
FR7-3,4,18,1,ARC,194,435.32474226804123,1297.0567010309278,1132,116.57067137809187,116.57067137809187,False,retain
FR7-3,4,19,1,ARC,235,436.9021276595745,466.74468085106383,1132,116.57067137809187,116.57067137809187,False,retain
FR7-3,4,20,1,ARC,197,445.9035532994924,1267.756345177665,1132,116.57067137809187,116.57067137809187,False,retain
FR7-3,4,21,1,ARC,258,448.98837209302326,414.68992248062017,1132,116.57067137809187,116.57067137809187,False,retain
FR7-3,4,22,1,ARC,197,457.75126903553297,484.9746192893401,1132,116.57067137809187,116.57067137809187,False,retain
FR7-3,4,23,1,ARC,157,456.95541401273886,452.171974522293,1132,116.57067137809187,116.57067137809187,False,retain
FR7-3,4,24,0,OUTSIDE_DELINEATED_REGIONS,10,456.0,1644.5,1659,121.03134418324292,121.03134418324292,True,exclude_below_local_dapi_mean
FR7-3,4,25,0,OUTSIDE_DELINEATED_REGIONS,7,456.7142857142857,1641.142857142857,1659,121.03134418324292,121.03134418324292,True,exclude_below_local_dapi_mean
FR7-3,4,26,0,OUTSIDE_DELINEATED_REGIONS,180,466.23333333333335,59.327777777777776,1659,121.03134418324292,121.03134418324292,False,retain
FR7-3,4,27,0,OUTSIDE_DELINEATED_REGIONS,249,473.19678714859435,173.4578313253012,1659,121.03134418324292,121.03134418324292,False,retain
FR7-3,4,28,0,OUTSIDE_DELINEATED_REGIONS,127,471.5196850393701,195.0,1659,121.03134418324292,121.03134418324292,False,retain
FR7-3,4,29,1,ARC,191,473.3717277486911,1453.9842931937173,1132,116.57067137809187,116.57067137809187,False,retain
FR7-3,4,30,1,ARC,135,477.4148148148148,1308.8444444444444,1132,116.57067137809187,116.57067137809187,False,retain
FR7-3,4,31,1,ARC,223,481.21973094170403,289.69955156950675,1132,116.57067137809187,116.57067137809187,False,retain
FR7-3,4,32,1,ARC,161,490.2049689440994,1507.4285714285713,1132,116.57067137809187,116.57067137809187,False,retain
FR7-3,4,33,1,ARC,207,497.9855072463768,1391.4444444444443,1132,116.57067137809187,116.57067137809187,False,retain
FR7-3,4,34,1,ARC,120,498.44166666666666,1295.2666666666667,1132,116.57067137809187,116.57067137809187,False,retain
FR7-3,4,35,1,ARC,206,501.36407766990294,582.4708737864078,1132,116.57067137809187,116.57067137809187,False,retain
FR7-3,4,36,1,ARC,57,499.89473684210526,1453.3157894736842,1132,116.57067137809187,116.57067137809187,True,exclude_below_local_dapi_mean
FR7-3,4,37,1,ARC,190,514.3526315789474,508.36842105263156,1132,116.57067137809187,116.57067137809187,False,retain
FR7-3,4,38,1,ARC,501,528.0399201596806,1479.9221556886228,1132,116.57067137809187,116.57067137809187,False,retain
FR7-3,4,39,1,ARC,169,540.1420118343195,703.4615384615385,1132,116.57067137809187,116.57067137809187,False,retain
FR7-3,4,40,1,ARC,201,552.6318407960199,1562.597014925373,1132,116.57067137809187,116.57067137809187,False,retain
FR7-3,4,41,1,ARC,218,557.1926605504588,1285.2477064220184,1132,116.57067137809187,116.57067137809187,False,retain
FR7-3,4,42,1,ARC,171,557.8830409356725,1470.906432748538,1132,116.57067137809187,116.57067137809187,False,retain
FR7-3,4,43,1,ARC,179,558.5810055865921,382.21787709497204,1132,116.57067137809187,116.57067137809187,False,retain
FR7-3,4,44,1,ARC,102,559.5980392156863,1444.686274509804,1132,116.57067137809187,116.57067137809187,True,exclude_below_local_dapi_mean
FR7-3,4,45,1,ARC,228,566.530701754386,1182.859649122807,1132,116.57067137809187,116.57067137809187,False,retain
FR7-3,4,46,1,ARC,209,565.2200956937799,560.1674641148326,1132,116.57067137809187,116.57067137809187,False,retain
FR7-3,4,47,1,ARC,198,576.89898989899,361.5858585858586,1132,116.57067137809187,116.57067137809187,False,retain
FR7-3,4,48,1,ARC,213,583.131455399061,1336.1361502347418,1132,116.57067137809187,116.57067137809187,False,retain
FR7-3,4,49,1,ARC,130,583.5307692307692,1149.6923076923076,1132,116.57067137809187,116.57067137809187,False,retain
FR7-3,4,50,1,ARC,211,592.473933649289,1557.9810426540284,1132,116.57067137809187,116.57067137809187,False,retain
FR7-3,4,51,1,ARC,211,601.3080568720379,1439.9194312796208,1132,116.57067137809187,116.57067137809187,False,retain
FR7-3,4,52,1,ARC,239,605.3598326359833,613.6861924686192,1132,116.57067137809187,116.57067137809187,False,retain
FR7-3,4,53,1,ARC,237,606.0548523206751,1185.73417721519,1132,116.57067137809187,116.57067137809187,False,retain
FR7-3,4,54,1,ARC,165,620.230303030303,1126.2242424242424,1132,116.57067137809187,116.57067137809187,False,retain
FR7-3,4,55,1,ARC,149,626.751677852349,1152.3758389261745,1132,116.57067137809187,116.57067137809187,False,retain
FR7-3,4,56,1,ARC,249,648.6265060240963,651.6064257028113,1132,116.57067137809187,116.57067137809187,False,retain
FR7-3,3,1,1,ARC,523,87.98087954110899,679.5219885277247,1150,137.02608695652174,137.02608695652174,False,retain
FR7-3,3,2,0,OUTSIDE_DELINEATED_REGIONS,124,152.57258064516128,156.03225806451613,1192,128.90939597315437,128.90939597315437,True,exclude_below_local_dapi_mean
FR7-3,3,3,0,OUTSIDE_DELINEATED_REGIONS,72,154.30555555555554,1469.3333333333333,1192,128.90939597315437,128.90939597315437,True,exclude_below_local_dapi_mean
FR7-3,3,4,0,OUTSIDE_DELINEATED_REGIONS,85,162.1764705882353,85.18823529411765,1192,128.90939597315437,128.90939597315437,True,exclude_below_local_dapi_mean
FR7-3,3,5,0,OUTSIDE_DELINEATED_REGIONS,140,179.30714285714285,1257.15,1192,128.90939597315437,128.90939597315437,False,retain
FR7-3,3,6,0,OUTSIDE_DELINEATED_REGIONS,97,197.89690721649484,149.60824742268042,1192,128.90939597315437,128.90939597315437,True,exclude_below_local_dapi_mean
FR7-3,3,7,1,ARC,210,202.24761904761905,1088.5285714285715,1150,137.02608695652174,137.02608695652174,False,retain
FR7-3,3,8,1,ARC,115,218.09565217391304,1056.6347826086956,1150,137.02608695652174,137.02608695652174,True,exclude_below_local_dapi_mean
FR7-3,3,9,1,ARC,265,255.24528301886792,1223.543396226415,1150,137.02608695652174,137.02608695652174,False,retain
FR7-3,3,10,0,OUTSIDE_DELINEATED_REGIONS,96,255.27083333333334,92.27083333333333,1192,128.90939597315437,128.90939597315437,True,exclude_below_local_dapi_mean
FR7-3,3,11,1,ARC,217,270.1705069124424,564.0046082949309,1150,137.02608695652174,137.02608695652174,False,retain
FR7-3,3,12,1,ARC,431,289.3665893271462,1238.5800464037122,1150,137.02608695652174,137.02608695652174,False,retain
FR7-3,3,13,1,ARC,163,296.77914110429447,1099.515337423313,1150,137.02608695652174,137.02608695652174,False,retain
FR7-3,3,14,1,ARC,193,299.0621761658031,1144.6113989637306,1150,137.02608695652174,137.02608695652174,False,retain
FR7-3,3,15,1,ARC,267,304.4531835205992,639.8539325842696,1150,137.02608695652174,137.02608695652174,False,retain
FR7-3,3,16,1,ARC,74,319.8918918918919,1443.9054054054054,1150,137.02608695652174,137.02608695652174,True,exclude_below_local_dapi_mean
FR7-3,3,17,1,ARC,183,326.3661202185792,1277.3333333333333,1150,137.02608695652174,137.02608695652174,False,retain
FR7-3,3,18,0,OUTSIDE_DELINEATED_REGIONS,229,332.0698689956332,51.05240174672489,1192,128.90939597315437,128.90939597315437,False,retain
FR7-3,3,19,1,ARC,135,331.75555555555553,1418.9851851851852,1150,137.02608695652174,137.02608695652174,True,exclude_below_local_dapi_mean
FR7-3,3,20,1,ARC,163,334.0674846625767,1129.478527607362,1150,137.02608695652174,137.02608695652174,False,retain
FR7-3,3,21,1,ARC,194,362.3453608247423,1277.7474226804125,1150,137.02608695652174,137.02608695652174,False,retain
FR7-3,3,22,1,ARC,355,369.38591549295774,548.0676056338028,1150,137.02608695652174,137.02608695652174,False,retain
FR7-3,3,23,1,ARC,96,371.3541666666667,360.9791666666667,1150,137.02608695652174,137.02608695652174,True,exclude_below_local_dapi_mean
FR7-3,3,24,1,ARC,657,387.20395738203956,301.6849315068493,1150,137.02608695652174,137.02608695652174,False,retain
FR7-3,3,25,1,ARC,237,379.2742616033755,1242.350210970464,1150,137.02608695652174,137.02608695652174,False,retain
FR7-3,3,26,1,ARC,96,384.4895833333333,1115.5416666666667,1150,137.02608695652174,137.02608695652174,True,exclude_below_local_dapi_mean
FR7-3,3,27,1,ARC,238,387.8655462184874,522.3865546218487,1150,137.02608695652174,137.02608695652174,False,retain
FR7-3,3,28,1,ARC,226,394.9646017699115,674.8938053097345,1150,137.02608695652174,137.02608695652174,False,retain
FR7-3,3,29,1,ARC,176,394.32954545454544,1431.75,1150,137.02608695652174,137.02608695652174,False,retain
FR7-3,3,30,1,ARC,339,406.22418879056045,463.19174041297936,1150,137.02608695652174,137.02608695652174,False,retain
FR7-3,3,31,1,ARC,476,404.54831932773106,1321.8235294117646,1150,137.02608695652174,137.02608695652174,False,retain
FR7-3,3,32,1,ARC,179,413.3631284916201,1509.3798882681565,1150,137.02608695652174,137.02608695652174,False,retain
FR7-3,3,33,1,ARC,195,415.7435897435897,1185.5794871794872,1150,137.02608695652174,137.02608695652174,False,retain
FR7-3,3,34,1,ARC,96,419.8020833333333,370.09375,1150,137.02608695652174,137.02608695652174,True,exclude_below_local_dapi_mean
FR7-3,3,35,1,ARC,97,431.50515463917526,1148.1030927835052,1150,137.02608695652174,137.02608695652174,True,exclude_below_local_dapi_mean
FR7-3,3,36,1,ARC,181,434.414364640884,1325.1878453038673,1150,137.02608695652174,137.02608695652174,False,retain
FR7-3,3,37,1,ARC,251,450.7609561752988,583.0996015936255,1150,137.02608695652174,137.02608695652174,False,retain
FR7-3,3,38,1,ARC,184,452.3152173913044,1135.7228260869565,1150,137.02608695652174,137.02608695652174,False,retain
FR7-3,3,39,1,ARC,130,457.9769230769231,1229.576923076923,1150,137.02608695652174,137.02608695652174,True,exclude_below_local_dapi_mean
FR7-3,3,40,1,ARC,345,467.2260869565217,558.7217391304348,1150,137.02608695652174,137.02608695652174,False,retain
FR7-3,3,41,1,ARC,261,475.04597701149424,377.63984674329504,1150,137.02608695652174,137.02608695652174,False,retain
FR7-3,3,42,1,ARC,203,475.09852216748766,1144.6502463054187,1150,137.02608695652174,137.02608695652174,False,retain
FR7-3,3,43,1,ARC,228,476.81140350877195,1293.1666666666667,1150,137.02608695652174,137.02608695652174,False,retain
FR7-3,3,44,1,ARC,198,478.6515151515151,323.4191919191919,1150,137.02608695652174,137.02608695652174,False,retain
FR7-3,3,45,1,ARC,462,487.2056277056277,581.8722943722944,1150,137.02608695652174,137.02608695652174,False,retain
FR7-3,3,46,1,ARC,197,487.53299492385787,1407.243654822335,1150,137.02608695652174,137.02608695652174,False,retain
FR7-3,3,47,1,ARC,153,496.42483660130716,565.59477124183,1150,137.02608695652174,137.02608695652174,False,retain
FR7-3,3,48,1,ARC,157,501.171974522293,533.4904458598726,1150,137.02608695652174,137.02608695652174,False,retain
FR7-3,3,49,1,ARC,313,517.594249201278,548.629392971246,1150,137.02608695652174,137.02608695652174,False,retain
FR7-3,3,50,1,ARC,127,518.4566929133858,439.0236220472441,1150,137.02608695652174,137.02608695652174,True,exclude_below_local_dapi_mean
FR7-3,3,51,1,ARC,389,526.1799485861183,608.8149100257069,1150,137.02608695652174,137.02608695652174,False,retain
FR7-3,3,52,1,ARC,119,540.5126050420168,425.1848739495798,1150,137.02608695652174,137.02608695652174,True,exclude_below_local_dapi_mean
FR7-3,3,53,1,ARC,111,558.4774774774775,555.8738738738739,1150,137.02608695652174,137.02608695652174,True,exclude_below_local_dapi_mean
FR7-3,3,54,1,ARC,150,564.5733333333334,409.5133333333333,1150,137.02608695652174,137.02608695652174,False,retain
FR7-3,2,1,1,ARC,183,172.8306010928962,1082.2732240437158,983,120.69074262461851,120.69074262461851,False,retain
FR7-3,2,2,1,ARC,193,212.68911917098447,1133.4715025906735,983,120.69074262461851,120.69074262461851,False,retain
FR7-3,2,3,0,OUTSIDE_DELINEATED_REGIONS,221,227.6606334841629,1356.7058823529412,1695,124.58938053097346,124.58938053097346,False,retain
FR7-3,2,4,1,ARC,270,255.2074074074074,679.1888888888889,983,120.69074262461851,120.69074262461851,False,retain
FR7-3,2,5,1,ARC,90,270.65555555555557,1232.088888888889,983,120.69074262461851,120.69074262461851,True,exclude_below_local_dapi_mean
FR7-3,2,6,1,ARC,448,289.00892857142856,1208.283482142857,983,120.69074262461851,120.69074262461851,False,retain
FR7-3,2,7,1,ARC,140,291.22857142857146,1151.2214285714285,983,120.69074262461851,120.69074262461851,False,retain
FR7-3,2,8,1,ARC,77,301.1168831168831,1107.6363636363637,983,120.69074262461851,120.69074262461851,True,exclude_below_local_dapi_mean
FR7-3,2,9,1,ARC,218,307.22935779816515,1187.4724770642201,983,120.69074262461851,120.69074262461851,False,retain
FR7-3,2,10,1,ARC,149,315.1140939597315,1218.9597315436242,983,120.69074262461851,120.69074262461851,False,retain
FR7-3,2,11,1,ARC,215,315.86046511627904,1332.153488372093,983,120.69074262461851,120.69074262461851,False,retain
FR7-3,2,12,0,OUTSIDE_DELINEATED_REGIONS,209,324.2918660287081,1375.1722488038276,1695,124.58938053097346,124.58938053097346,False,retain
FR7-3,2,13,1,ARC,363,334.8650137741047,687.1845730027549,983,120.69074262461851,120.69074262461851,False,retain
FR7-3,2,14,1,ARC,234,329.54273504273505,720.9871794871794,983,120.69074262461851,120.69074262461851,False,retain
FR7-3,2,15,0,OUTSIDE_DELINEATED_REGIONS,207,334.04347826086956,334.3719806763285,1695,124.58938053097346,124.58938053097346,False,retain
FR7-3,2,16,1,ARC,325,346.3723076923077,558.7261538461538,983,120.69074262461851,120.69074262461851,False,retain
FR7-3,2,17,1,ARC,161,345.14906832298135,1219.44099378882,983,120.69074262461851,120.69074262461851,False,retain
FR7-3,2,18,1,ARC,211,346.69668246445497,1299.7630331753555,983,120.69074262461851,120.69074262461851,False,retain
FR7-3,2,19,0,OUTSIDE_DELINEATED_REGIONS,191,357.5340314136126,326.4712041884817,1695,124.58938053097346,124.58938053097346,False,retain
FR7-3,2,20,1,ARC,273,367.4945054945055,1258.4139194139193,983,120.69074262461851,120.69074262461851,False,retain
FR7-3,2,21,1,ARC,319,374.2758620689655,639.282131661442,983,120.69074262461851,120.69074262461851,False,retain
FR7-3,2,22,1,ARC,291,376.79037800687286,600.8247422680413,983,120.69074262461851,120.69074262461851,False,retain
FR7-3,2,23,0,OUTSIDE_DELINEATED_REGIONS,290,378.5103448275862,407.7068965517241,1695,124.58938053097346,124.58938053097346,False,retain
FR7-3,2,24,1,ARC,235,395.7106382978723,1135.2936170212765,983,120.69074262461851,120.69074262461851,False,retain
FR7-3,2,25,1,ARC,231,402.31168831168833,641.1558441558442,983,120.69074262461851,120.69074262461851,False,retain
FR7-3,2,26,1,ARC,210,402.6047619047619,1159.7380952380952,983,120.69074262461851,120.69074262461851,False,retain
FR7-3,2,27,1,ARC,288,410.40277777777777,422.46875,983,120.69074262461851,120.69074262461851,False,retain
FR7-3,2,28,0,OUTSIDE_DELINEATED_REGIONS,138,410.7971014492754,1444.144927536232,1695,124.58938053097346,124.58938053097346,False,retain
FR7-3,2,29,1,ARC,482,418.29253112033194,1144.4834024896265,983,120.69074262461851,120.69074262461851,False,retain
FR7-3,2,30,1,ARC,375,420.34133333333335,461.3226666666667,983,120.69074262461851,120.69074262461851,False,retain
FR7-3,2,31,0,OUTSIDE_DELINEATED_REGIONS,257,420.84435797665367,312.67315175097275,1695,124.58938053097346,124.58938053097346,False,retain
FR7-3,2,32,1,ARC,346,434.92774566473986,1339.878612716763,983,120.69074262461851,120.69074262461851,False,retain
FR7-3,2,33,0,OUTSIDE_DELINEATED_REGIONS,207,440.048309178744,1560.7971014492753,1695,124.58938053097346,124.58938053097346,False,retain
FR7-3,2,34,0,OUTSIDE_DELINEATED_REGIONS,98,444.1530612244898,178.58163265306123,1695,124.58938053097346,124.58938053097346,True,exclude_below_local_dapi_mean
FR7-3,2,35,1,ARC,154,448.23376623376623,517.1233766233767,983,120.69074262461851,120.69074262461851,False,retain
FR7-3,2,36,1,ARC,167,451.1077844311377,386.31736526946105,983,120.69074262461851,120.69074262461851,False,retain
FR7-3,2,37,1,ARC,131,452.31297709923666,649.2900763358779,983,120.69074262461851,120.69074262461851,False,retain
FR7-3,2,38,1,ARC,94,450.5425531914894,1469.8936170212767,983,120.69074262461851,120.69074262461851,True,exclude_below_local_dapi_mean
FR7-3,2,39,1,ARC,189,461.35978835978835,1340.2222222222222,983,120.69074262461851,120.69074262461851,False,retain
FR7-3,2,40,1,ARC,216,473.6666666666667,1486.6574074074074,983,120.69074262461851,120.69074262461851,False,retain
FR7-3,2,41,1,ARC,284,473.8732394366197,340.2711267605634,983,120.69074262461851,120.69074262461851,False,retain
FR7-3,2,42,0,OUTSIDE_DELINEATED_REGIONS,290,486.19310344827585,1587.3241379310346,1695,124.58938053097346,124.58938053097346,False,retain
FR7-3,2,43,0,OUTSIDE_DELINEATED_REGIONS,222,483.97747747747746,246.44594594594594,1695,124.58938053097346,124.58938053097346,False,retain
FR7-3,2,44,1,ARC,174,485.4367816091954,1315.9655172413793,983,120.69074262461851,120.69074262461851,False,retain
FR7-3,2,45,1,ARC,187,490.524064171123,1469.1176470588234,983,120.69074262461851,120.69074262461851,False,retain
FR7-3,2,46,0,OUTSIDE_DELINEATED_REGIONS,132,489.54545454545456,194.25,1695,124.58938053097346,124.58938053097346,False,retain
FR7-3,2,47,1,ARC,429,495.5198135198135,489.7785547785548,983,120.69074262461851,120.69074262461851,False,retain
FR7-3,2,48,1,ARC,456,508.7236842105263,371.2236842105263,983,120.69074262461851,120.69074262461851,False,retain
FR7-3,2,49,0,OUTSIDE_DELINEATED_REGIONS,67,500.13432835820896,1570.402985074627,1695,124.58938053097346,124.58938053097346,True,exclude_below_local_dapi_mean
FR7-3,2,50,1,ARC,225,507.12888888888887,1318.8977777777777,983,120.69074262461851,120.69074262461851,False,retain
FR7-3,2,51,1,ARC,209,522.1913875598086,1336.2248803827752,983,120.69074262461851,120.69074262461851,False,retain
FR7-3,2,52,1,ARC,203,524.960591133005,426.57635467980293,983,120.69074262461851,120.69074262461851,False,retain
FR7-3,2,53,0,OUTSIDE_DELINEATED_REGIONS,273,541.8827838827839,1738.1062271062272,1695,124.58938053097346,124.58938053097346,False,retain
FR7-3,2,54,1,ARC,136,582.9852941176471,368.13235294117646,983,120.69074262461851,120.69074262461851,False,retain
FR7-3,2,55,1,ARC,282,593.450354609929,1148.0283687943263,983,120.69074262461851,120.69074262461851,False,retain
FR7-3,2,56,1,ARC,204,609.593137254902,1166.8529411764705,983,120.69074262461851,120.69074262461851,False,retain
FR7-3,2,57,1,ARC,193,612.0880829015545,1139.2746113989638,983,120.69074262461851,120.69074262461851,False,retain
FR7-3,2,58,1,ARC,101,609.3663366336634,1479.09900990099,983,120.69074262461851,120.69074262461851,True,exclude_below_local_dapi_mean
FR7-3,2,59,1,ARC,109,611.7522935779816,492.3211009174312,983,120.69074262461851,120.69074262461851,True,exclude_below_local_dapi_mean
FR7-3,2,60,1,ARC,143,617.0769230769231,1410.013986013986,983,120.69074262461851,120.69074262461851,False,retain
FR7-3,2,61,1,ARC,153,621.9477124183006,1212.8823529411766,983,120.69074262461851,120.69074262461851,False,retain
FR7-3,2,62,0,OUTSIDE_DELINEATED_REGIONS,311,630.0257234726688,1127.4244372990354,1695,124.58938053097346,124.58938053097346,False,retain
FR7-3,2,63,1,ARC,135,638.5851851851852,1447.3703703703704,983,120.69074262461851,120.69074262461851,False,retain
FR7-3,1,1,1,ARC,194,290.14948453608247,665.2422680412371,1134,119.45502645502646,119.45502645502646,False,retain
FR7-3,1,2,1,ARC,172,295.1337209302326,1219.703488372093,1134,119.45502645502646,119.45502645502646,False,retain
FR7-3,1,3,1,ARC,115,298.6434782608696,1097.2608695652175,1134,119.45502645502646,119.45502645502646,True,exclude_below_local_dapi_mean
FR7-3,1,4,1,ARC,312,320.9935897435897,1115.253205128205,1134,119.45502645502646,119.45502645502646,False,retain
FR7-3,1,5,1,ARC,276,333.3478260869565,630.5253623188406,1134,119.45502645502646,119.45502645502646,False,retain
FR7-3,1,6,0,OUTSIDE_DELINEATED_REGIONS,239,341.25941422594144,1356.3389121338912,1681,124.63057703747769,124.63057703747769,False,retain
FR7-3,1,7,1,ARC,167,363.2634730538922,1361.491017964072,1134,119.45502645502646,119.45502645502646,False,retain
FR7-3,1,8,1,ARC,131,366.09923664122135,1241.0763358778627,1134,119.45502645502646,119.45502645502646,False,retain
FR7-3,1,9,1,ARC,167,369.76047904191614,1148.2934131736527,1134,119.45502645502646,119.45502645502646,False,retain
FR7-3,1,10,1,ARC,136,388.69117647058823,418.1617647058824,1134,119.45502645502646,119.45502645502646,False,retain
FR7-3,1,11,1,ARC,165,397.1212121212121,473.23030303030305,1134,119.45502645502646,119.45502645502646,False,retain
FR7-3,1,12,1,ARC,153,404.1045751633987,373.63398692810455,1134,119.45502645502646,119.45502645502646,False,retain
FR7-3,1,13,1,ARC,128,402.375,535.078125,1134,119.45502645502646,119.45502645502646,False,retain
FR7-3,1,14,1,ARC,155,415.03225806451616,662.8451612903226,1134,119.45502645502646,119.45502645502646,False,retain
FR7-3,1,15,1,ARC,125,421.936,1281.288,1134,119.45502645502646,119.45502645502646,False,retain
FR7-3,1,16,1,ARC,216,430.4074074074074,352.4074074074074,1134,119.45502645502646,119.45502645502646,False,retain
FR7-3,1,17,1,ARC,332,433.7951807228916,471.3042168674699,1134,119.45502645502646,119.45502645502646,False,retain
FR7-3,1,18,1,ARC,195,432.6461538461538,665.4820512820513,1134,119.45502645502646,119.45502645502646,False,retain
FR7-3,1,19,1,ARC,311,438.13504823151123,526.4212218649518,1134,119.45502645502646,119.45502645502646,False,retain
FR7-3,1,20,1,ARC,64,432.921875,1117.984375,1134,119.45502645502646,119.45502645502646,True,exclude_below_local_dapi_mean
FR7-3,1,21,1,ARC,113,436.34513274336285,549.9911504424779,1134,119.45502645502646,119.45502645502646,True,exclude_below_local_dapi_mean
FR7-3,1,22,0,OUTSIDE_DELINEATED_REGIONS,327,443.2079510703364,248.26605504587155,1681,124.63057703747769,124.63057703747769,False,retain
FR7-3,1,23,0,OUTSIDE_DELINEATED_REGIONS,207,447.07246376811594,1563.4009661835748,1681,124.63057703747769,124.63057703747769,False,retain
FR7-3,1,24,1,ARC,147,451.01360544217687,1259.2857142857142,1134,119.45502645502646,119.45502645502646,False,retain
FR7-3,1,25,0,OUTSIDE_DELINEATED_REGIONS,210,456.25714285714287,114.66666666666667,1681,124.63057703747769,124.63057703747769,False,retain
FR7-3,1,26,1,ARC,79,463.8481012658228,1237.860759493671,1134,119.45502645502646,119.45502645502646,True,exclude_below_local_dapi_mean
FR7-3,1,27,1,ARC,254,467.6929133858268,666.6811023622047,1134,119.45502645502646,119.45502645502646,False,retain
FR7-3,1,28,1,ARC,115,465.09565217391304,1221.6,1134,119.45502645502646,119.45502645502646,True,exclude_below_local_dapi_mean
FR7-3,1,29,1,ARC,174,474.5402298850575,422.91379310344826,1134,119.45502645502646,119.45502645502646,False,retain
FR7-3,1,30,1,ARC,215,477.88837209302324,1146.3906976744186,1134,119.45502645502646,119.45502645502646,False,retain
FR7-3,1,31,1,ARC,243,491.2551440329218,267.679012345679,1134,119.45502645502646,119.45502645502646,False,retain
FR7-3,1,32,1,ARC,191,493.67539267015707,1313.5130890052355,1134,119.45502645502646,119.45502645502646,False,retain
FR7-3,1,33,1,ARC,182,498.9120879120879,299.3296703296703,1134,119.45502645502646,119.45502645502646,False,retain
FR7-3,1,34,1,ARC,163,500.7730061349693,518.8834355828221,1134,119.45502645502646,119.45502645502646,False,retain
FR7-3,1,35,1,ARC,172,504.1511627906977,611.2209302325581,1134,119.45502645502646,119.45502645502646,False,retain
FR7-3,1,36,0,OUTSIDE_DELINEATED_REGIONS,74,506.97297297297297,214.98648648648648,1681,124.63057703747769,124.63057703747769,True,exclude_below_local_dapi_mean
FR7-3,1,37,0,OUTSIDE_DELINEATED_REGIONS,284,515.419014084507,196.0211267605634,1681,124.63057703747769,124.63057703747769,False,retain
FR7-3,1,38,1,ARC,330,522.9090909090909,1435.6636363636364,1134,119.45502645502646,119.45502645502646,False,retain
FR7-3,1,39,1,ARC,188,525.9468085106383,251.7340425531915,1134,119.45502645502646,119.45502645502646,False,retain
FR7-3,1,40,1,ARC,174,525.8448275862069,1408.8275862068965,1134,119.45502645502646,119.45502645502646,False,retain
FR7-3,1,41,1,ARC,454,541.4008810572687,691.7753303964757,1134,119.45502645502646,119.45502645502646,False,retain
FR7-3,1,42,1,ARC,364,551.2884615384615,1336.2554945054944,1134,119.45502645502646,119.45502645502646,False,retain
FR7-3,1,43,1,ARC,104,548.4807692307693,405.8942307692308,1134,119.45502645502646,119.45502645502646,True,exclude_below_local_dapi_mean
FR7-3,1,44,1,ARC,250,554.824,288.96,1134,119.45502645502646,119.45502645502646,False,retain
FR7-3,1,45,1,ARC,103,557.9320388349514,437.00970873786406,1134,119.45502645502646,119.45502645502646,True,exclude_below_local_dapi_mean
FR7-3,1,46,1,ARC,179,566.4022346368715,420.268156424581,1134,119.45502645502646,119.45502645502646,False,retain
FR7-3,1,47,1,ARC,137,574.2408759124088,1231.5985401459855,1134,119.45502645502646,119.45502645502646,False,retain
FR7-3,1,48,1,ARC,76,585.421052631579,1236.5131578947369,1134,119.45502645502646,119.45502645502646,True,exclude_below_local_dapi_mean
FR7-3,1,49,2,ME,101,599.4455445544554,1079.3168316831684,196,90.34693877551021,90.34693877551021,False,retain
FR7-3,1,50,1,ARC,114,620.1754385964912,1233.1491228070176,1134,119.45502645502646,119.45502645502646,True,exclude_below_local_dapi_mean
FR723,5,1,0,OUTSIDE_DELINEATED_REGIONS,112,341.5625,1522.9285714285713,2248,114.38967971530249,114.38967971530249,True,exclude_below_local_dapi_mean
FR723,5,2,1,ARC,148,358.1621621621622,673.222972972973,1111,119.70297029702971,119.70297029702971,False,retain
FR723,5,3,0,OUTSIDE_DELINEATED_REGIONS,349,362.9799426934097,1485.2005730659025,2248,114.38967971530249,114.38967971530249,False,retain
FR723,5,4,0,OUTSIDE_DELINEATED_REGIONS,170,369.6411764705882,560.2117647058824,2248,114.38967971530249,114.38967971530249,False,retain
FR723,5,5,1,ARC,362,384.96685082872926,599.3232044198895,1111,119.70297029702971,119.70297029702971,False,retain
FR723,5,6,1,ARC,86,399.1046511627907,747.2558139534884,1111,119.70297029702971,119.70297029702971,True,exclude_below_local_dapi_mean
FR723,5,7,1,ARC,110,429.2818181818182,1217.4727272727273,1111,119.70297029702971,119.70297029702971,True,exclude_below_local_dapi_mean
FR723,5,8,0,OUTSIDE_DELINEATED_REGIONS,315,441.0825396825397,1541.231746031746,2248,114.38967971530249,114.38967971530249,False,retain
FR723,5,9,1,ARC,129,438.17054263565893,1272.9147286821706,1111,119.70297029702971,119.70297029702971,False,retain
FR723,5,10,1,ARC,206,443.1456310679612,562.8446601941747,1111,119.70297029702971,119.70297029702971,False,retain
FR723,5,11,1,ARC,216,444.14351851851853,504.7175925925926,1111,119.70297029702971,119.70297029702971,False,retain
FR723,5,12,1,ARC,152,448.23026315789474,743.7434210526316,1111,119.70297029702971,119.70297029702971,False,retain
FR723,5,13,1,ARC,108,452.3703703703704,770.2685185185185,1111,119.70297029702971,119.70297029702971,True,exclude_below_local_dapi_mean
FR723,5,14,1,ARC,245,461.8489795918367,451.2612244897959,1111,119.70297029702971,119.70297029702971,False,retain
FR723,5,15,1,ARC,280,473.26785714285717,541.4071428571428,1111,119.70297029702971,119.70297029702971,False,retain
FR723,5,16,1,ARC,203,475.5566502463054,1529.0049261083743,1111,119.70297029702971,119.70297029702971,False,retain
FR723,5,17,0,OUTSIDE_DELINEATED_REGIONS,277,475.93501805054154,1706.9891696750904,2248,114.38967971530249,114.38967971530249,False,retain
FR723,5,18,1,ARC,189,482.031746031746,425.0,1111,119.70297029702971,119.70297029702971,False,retain
FR723,5,19,1,ARC,153,484.0980392156863,460.797385620915,1111,119.70297029702971,119.70297029702971,False,retain
FR723,5,20,1,ARC,123,491.3577235772358,689.089430894309,1111,119.70297029702971,119.70297029702971,False,retain
FR723,5,21,1,ARC,296,491.3006756756757,621.5777027027027,1111,119.70297029702971,119.70297029702971,False,retain
FR723,5,22,0,OUTSIDE_DELINEATED_REGIONS,304,495.79605263157896,1562.0,2248,114.38967971530249,114.38967971530249,False,retain
FR723,5,23,1,ARC,212,505.1981132075472,672.316037735849,1111,119.70297029702971,119.70297029702971,False,retain
FR723,5,24,1,ARC,207,513.5845410628019,1278.270531400966,1111,119.70297029702971,119.70297029702971,False,retain
FR723,5,25,1,ARC,180,512.3277777777778,1447.4944444444445,1111,119.70297029702971,119.70297029702971,False,retain
FR723,5,26,1,ARC,231,516.4069264069265,441.65800865800867,1111,119.70297029702971,119.70297029702971,False,retain
FR723,5,27,1,ARC,230,517.5173913043478,645.9173913043478,1111,119.70297029702971,119.70297029702971,False,retain
FR723,5,28,1,ARC,264,521.2840909090909,1220.4507575757575,1111,119.70297029702971,119.70297029702971,False,retain
FR723,5,29,1,ARC,132,519.9924242424242,704.9772727272727,1111,119.70297029702971,119.70297029702971,False,retain
FR723,5,30,1,ARC,284,521.943661971831,1566.9225352112676,1111,119.70297029702971,119.70297029702971,False,retain
FR723,5,31,1,ARC,170,521.635294117647,1307.4823529411765,1111,119.70297029702971,119.70297029702971,False,retain
FR723,5,32,1,ARC,155,529.1870967741935,1395.0516129032258,1111,119.70297029702971,119.70297029702971,False,retain
FR723,5,33,1,ARC,188,531.6489361702128,1327.5212765957447,1111,119.70297029702971,119.70297029702971,False,retain
FR723,5,34,1,ARC,207,538.024154589372,1292.2222222222222,1111,119.70297029702971,119.70297029702971,False,retain
FR723,5,35,1,ARC,266,544.4097744360902,710.3345864661654,1111,119.70297029702971,119.70297029702971,False,retain
FR723,5,36,1,ARC,365,547.1917808219179,1358.0602739726028,1111,119.70297029702971,119.70297029702971,False,retain
FR723,5,37,1,ARC,183,550.7213114754098,567.2076502732241,1111,119.70297029702971,119.70297029702971,False,retain
FR723,5,38,1,ARC,147,557.8979591836735,686.8911564625851,1111,119.70297029702971,119.70297029702971,False,retain
FR723,5,39,1,ARC,226,560.9380530973451,1331.716814159292,1111,119.70297029702971,119.70297029702971,False,retain
FR723,5,40,1,ARC,108,561.7037037037037,745.5370370370371,1111,119.70297029702971,119.70297029702971,True,exclude_below_local_dapi_mean
FR723,5,41,1,ARC,186,568.2849462365591,619.8064516129032,1111,119.70297029702971,119.70297029702971,False,retain
FR723,5,42,1,ARC,203,592.3497536945813,568.7389162561576,1111,119.70297029702971,119.70297029702971,False,retain
FR723,5,43,1,ARC,93,595.2903225806451,1307.6129032258063,1111,119.70297029702971,119.70297029702971,True,exclude_below_local_dapi_mean
FR723,5,44,1,ARC,197,608.5939086294417,682.4720812182741,1111,119.70297029702971,119.70297029702971,False,retain
FR723,5,45,1,ARC,181,619.2486187845304,724.6077348066299,1111,119.70297029702971,119.70297029702971,False,retain
FR723,5,46,1,ARC,102,636.9803921568628,583.7549019607843,1111,119.70297029702971,119.70297029702971,True,exclude_below_local_dapi_mean
FR723,5,47,1,ARC,156,646.0,760.1217948717949,1111,119.70297029702971,119.70297029702971,False,retain
FR723,4,1,0,OUTSIDE_DELINEATED_REGIONS,230,339.3391304347826,414.53913043478263,2084,124.21545105566219,124.21545105566219,False,retain
FR723,4,2,1,ARC,150,362.48,784.7666666666667,1097,118.54603463992707,118.54603463992707,False,retain
FR723,4,3,1,ARC,120,402.2416666666667,696.65,1097,118.54603463992707,118.54603463992707,False,retain
FR723,4,4,1,ARC,168,405.94642857142856,607.3690476190476,1097,118.54603463992707,118.54603463992707,False,retain
FR723,4,5,1,ARC,185,425.86486486486484,524.6756756756756,1097,118.54603463992707,118.54603463992707,False,retain
FR723,4,6,1,ARC,113,426.11504424778764,640.9646017699115,1097,118.54603463992707,118.54603463992707,True,exclude_below_local_dapi_mean
FR723,4,7,0,OUTSIDE_DELINEATED_REGIONS,181,429.71270718232046,1858.7734806629835,2084,124.21545105566219,124.21545105566219,False,retain
FR723,4,8,1,ARC,267,442.8876404494382,1316.808988764045,1097,118.54603463992707,118.54603463992707,False,retain
FR723,4,9,1,ARC,140,437.65714285714284,1149.392857142857,1097,118.54603463992707,118.54603463992707,False,retain
FR723,4,10,1,ARC,248,440.89516129032256,1523.4959677419354,1097,118.54603463992707,118.54603463992707,False,retain
FR723,4,11,1,ARC,158,452.87974683544303,1185.0696202531647,1097,118.54603463992707,118.54603463992707,False,retain
FR723,4,12,1,ARC,130,456.7692307692308,1351.8307692307692,1097,118.54603463992707,118.54603463992707,False,retain
FR723,4,13,0,OUTSIDE_DELINEATED_REGIONS,56,461.42857142857144,1704.732142857143,2084,124.21545105566219,124.21545105566219,True,exclude_below_local_dapi_mean
FR723,4,14,1,ARC,243,467.761316872428,520.0205761316872,1097,118.54603463992707,118.54603463992707,False,retain
FR723,4,15,1,ARC,194,471.1701030927835,469.4329896907216,1097,118.54603463992707,118.54603463992707,False,retain
FR723,4,16,1,ARC,80,468.9125,1478.7,1097,118.54603463992707,118.54603463992707,True,exclude_below_local_dapi_mean
FR723,4,17,1,ARC,90,482.8888888888889,1424.8666666666666,1097,118.54603463992707,118.54603463992707,True,exclude_below_local_dapi_mean
FR723,4,18,1,ARC,93,484.0967741935484,743.741935483871,1097,118.54603463992707,118.54603463992707,True,exclude_below_local_dapi_mean
FR723,4,19,1,ARC,165,491.76969696969695,1309.0484848484848,1097,118.54603463992707,118.54603463992707,False,retain
FR723,4,20,1,ARC,146,497.7739726027397,704.7054794520548,1097,118.54603463992707,118.54603463992707,False,retain
FR723,4,21,1,ARC,122,500.07377049180326,745.2786885245902,1097,118.54603463992707,118.54603463992707,False,retain
FR723,4,22,1,ARC,182,501.15384615384613,1218.0,1097,118.54603463992707,118.54603463992707,False,retain
FR723,4,23,1,ARC,147,502.38775510204084,523.5850340136054,1097,118.54603463992707,118.54603463992707,False,retain
FR723,4,24,1,ARC,127,503.40944881889766,558.7322834645669,1097,118.54603463992707,118.54603463992707,False,retain
FR723,4,25,1,ARC,154,513.1753246753246,1202.7662337662337,1097,118.54603463992707,118.54603463992707,False,retain
FR723,4,26,1,ARC,109,516.2752293577981,767.605504587156,1097,118.54603463992707,118.54603463992707,True,exclude_below_local_dapi_mean
FR723,4,27,1,ARC,81,519.074074074074,1175.5802469135801,1097,118.54603463992707,118.54603463992707,True,exclude_below_local_dapi_mean
FR723,4,28,1,ARC,148,524.277027027027,803.8378378378378,1097,118.54603463992707,118.54603463992707,False,retain
FR723,4,29,1,ARC,152,531.5921052631579,1424.9802631578948,1097,118.54603463992707,118.54603463992707,False,retain
FR723,4,30,1,ARC,474,544.7552742616034,590.0801687763714,1097,118.54603463992707,118.54603463992707,False,retain
FR723,4,31,1,ARC,204,542.0539215686274,692.2401960784314,1097,118.54603463992707,118.54603463992707,False,retain
FR723,4,32,1,ARC,239,547.0502092050209,1442.1046025104602,1097,118.54603463992707,118.54603463992707,False,retain
FR723,4,33,1,ARC,203,547.7733990147783,1305.0246305418718,1097,118.54603463992707,118.54603463992707,False,retain
FR723,4,34,1,ARC,167,555.7904191616766,623.2754491017964,1097,118.54603463992707,118.54603463992707,False,retain
FR723,4,35,1,ARC,148,586.5743243243244,716.7635135135135,1097,118.54603463992707,118.54603463992707,False,retain
FR723,4,36,1,ARC,124,605.3306451612904,659.983870967742,1097,118.54603463992707,118.54603463992707,False,retain
FR723,3,1,1,ARC,119,298.73949579831935,1050.579831932773,1115,115.2,115.2,False,retain
FR723,3,2,1,ARC,121,304.55371900826447,1028.2231404958677,1115,115.2,115.2,False,retain
FR723,3,3,1,ARC,161,344.51552795031057,1005.3664596273292,1115,115.2,115.2,False,retain
FR723,3,4,1,ARC,155,360.6709677419355,1015.7548387096774,1115,115.2,115.2,False,retain
FR723,3,5,1,ARC,191,362.848167539267,1132.5130890052355,1115,115.2,115.2,False,retain
FR723,3,6,1,ARC,173,372.7976878612717,674.8959537572255,1115,115.2,115.2,False,retain
FR723,3,7,1,ARC,143,373.31468531468533,1259.1328671328672,1115,115.2,115.2,False,retain
FR723,3,8,1,ARC,146,379.14383561643837,700.2945205479452,1115,115.2,115.2,False,retain
FR723,3,9,1,ARC,135,386.1259259259259,1303.3407407407408,1115,115.2,115.2,False,retain
FR723,3,10,1,ARC,151,393.05960264900665,553.8609271523179,1115,115.2,115.2,False,retain
FR723,3,11,0,OUTSIDE_DELINEATED_REGIONS,319,418.2131661442006,383.12852664576803,2080,117.85144230769231,117.85144230769231,False,retain
FR723,3,12,1,ARC,140,416.25,1100.9357142857143,1115,115.2,115.2,False,retain
FR723,3,13,1,ARC,115,415.04347826086956,548.6695652173913,1115,115.2,115.2,True,exclude_below_local_dapi_mean
FR723,3,14,1,ARC,229,417.8515283842795,473.585152838428,1115,115.2,115.2,False,retain
FR723,3,15,0,OUTSIDE_DELINEATED_REGIONS,173,421.3757225433526,317.97687861271675,2080,117.85144230769231,117.85144230769231,False,retain
FR723,3,16,0,OUTSIDE_DELINEATED_REGIONS,170,430.38235294117646,229.7941176470588,2080,117.85144230769231,117.85144230769231,False,retain
FR723,3,17,1,ARC,153,435.58169934640523,610.1895424836601,1115,115.2,115.2,False,retain
FR723,3,18,1,ARC,193,446.2538860103627,1372.7098445595855,1115,115.2,115.2,False,retain
FR723,3,19,1,ARC,256,457.27734375,683.71875,1115,115.2,115.2,False,retain
FR723,3,20,0,OUTSIDE_DELINEATED_REGIONS,219,458.7671232876712,1643.9817351598174,2080,117.85144230769231,117.85144230769231,False,retain
FR723,3,21,1,ARC,127,478.29133858267716,789.1889763779527,1115,115.2,115.2,False,retain
FR723,3,22,0,OUTSIDE_DELINEATED_REGIONS,330,482.7121212121212,222.1969696969697,2080,117.85144230769231,117.85144230769231,False,retain
FR723,3,23,1,ARC,179,490.3072625698324,532.7430167597765,1115,115.2,115.2,False,retain
FR723,3,24,1,ARC,219,496.1826484018265,1031.730593607306,1115,115.2,115.2,False,retain
FR723,3,25,1,ARC,215,499.53953488372093,710.1860465116279,1115,115.2,115.2,False,retain
FR723,3,26,1,ARC,297,511.75084175084174,448.6296296296296,1115,115.2,115.2,False,retain
FR723,3,27,1,ARC,228,530.3026315789474,1077.1008771929824,1115,115.2,115.2,False,retain
FR723,3,28,1,ARC,255,530.3137254901961,644.6745098039215,1115,115.2,115.2,False,retain
FR723,3,29,0,OUTSIDE_DELINEATED_REGIONS,366,539.4918032786885,344.1311475409836,2080,117.85144230769231,117.85144230769231,False,retain
FR723,3,30,1,ARC,68,537.4558823529412,1446.9411764705883,1115,115.2,115.2,True,exclude_below_local_dapi_mean
FR723,3,31,1,ARC,170,541.1882352941177,381.31176470588235,1115,115.2,115.2,False,retain
FR723,3,32,1,ARC,154,555.0064935064935,637.9935064935065,1115,115.2,115.2,False,retain
FR723,3,33,1,ARC,132,570.9318181818181,463.25,1115,115.2,115.2,False,retain
FR723,3,34,1,ARC,236,585.1610169491526,1081.8813559322034,1115,115.2,115.2,False,retain
FR723,3,35,1,ARC,174,585.5402298850574,692.8103448275862,1115,115.2,115.2,False,retain
FR723,3,36,2,ME,191,588.696335078534,1043.109947643979,80,96.75,96.75,False,retain
FR723,3,37,1,ARC,208,587.2740384615385,652.4519230769231,1115,115.2,115.2,False,retain
FR723,3,38,1,ARC,196,618.5102040816327,768.3724489795918,1115,115.2,115.2,False,retain
FR723,3,39,1,ARC,153,634.8169934640523,724.3660130718954,1115,115.2,115.2,False,retain
FR723,2,1,0,OUTSIDE_DELINEATED_REGIONS,240,188.8,452.69166666666666,1917,123.2999478351591,123.2999478351591,False,retain
FR723,2,2,1,ARC,124,229.2983870967742,764.0967741935484,1066,110.62288930581613,110.62288930581613,False,retain
FR723,2,3,1,ARC,42,227.0,1187.8809523809523,1066,110.62288930581613,110.62288930581613,True,exclude_below_local_dapi_mean
FR723,2,4,0,OUTSIDE_DELINEATED_REGIONS,128,231.671875,453.609375,1917,123.2999478351591,123.2999478351591,False,retain
FR723,2,5,1,ARC,135,251.88888888888889,689.674074074074,1066,110.62288930581613,110.62288930581613,False,retain
FR723,2,6,1,ARC,118,288.35593220338984,630.3559322033898,1066,110.62288930581613,110.62288930581613,False,retain
FR723,2,7,1,ARC,109,289.9633027522936,659.1100917431193,1066,110.62288930581613,110.62288930581613,True,exclude_below_local_dapi_mean
FR723,2,8,1,ARC,229,382.51528384279476,1115.9126637554584,1066,110.62288930581613,110.62288930581613,False,retain
FR723,2,9,1,ARC,177,381.57062146892656,524.4802259887006,1066,110.62288930581613,110.62288930581613,False,retain
FR723,2,10,1,ARC,369,404.520325203252,458.38482384823845,1066,110.62288930581613,110.62288930581613,False,retain
FR723,2,11,1,ARC,116,411.2413793103448,1100.948275862069,1066,110.62288930581613,110.62288930581613,False,retain
FR723,2,12,0,OUTSIDE_DELINEATED_REGIONS,387,419.69250645994833,220.28423772609818,1917,123.2999478351591,123.2999478351591,False,retain
FR723,2,13,1,ARC,286,425.5174825174825,587.8636363636364,1066,110.62288930581613,110.62288930581613,False,retain
FR723,2,14,1,ARC,312,434.92628205128204,1284.6570512820513,1066,110.62288930581613,110.62288930581613,False,retain
FR723,2,15,1,ARC,116,439.76724137931035,744.5775862068965,1066,110.62288930581613,110.62288930581613,False,retain
FR723,2,16,1,ARC,196,440.6530612244898,577.1479591836735,1066,110.62288930581613,110.62288930581613,False,retain
FR723,2,17,1,ARC,170,454.3764705882353,411.1058823529412,1066,110.62288930581613,110.62288930581613,False,retain
FR723,2,18,1,ARC,144,456.6875,575.3888888888889,1066,110.62288930581613,110.62288930581613,False,retain
FR723,2,19,1,ARC,157,457.4458598726115,1280.1592356687897,1066,110.62288930581613,110.62288930581613,False,retain
FR723,2,20,1,ARC,225,465.8488888888889,1321.1333333333334,1066,110.62288930581613,110.62288930581613,False,retain
FR723,2,21,1,ARC,185,469.9135135135135,1227.3297297297297,1066,110.62288930581613,110.62288930581613,False,retain
FR723,2,22,0,OUTSIDE_DELINEATED_REGIONS,315,482.67619047619047,295.584126984127,1917,123.2999478351591,123.2999478351591,False,retain
FR723,2,23,1,ARC,188,487.68617021276594,512.9308510638298,1066,110.62288930581613,110.62288930581613,False,retain
FR723,2,24,1,ARC,351,490.2735042735043,1487.2592592592594,1066,110.62288930581613,110.62288930581613,False,retain
FR723,2,25,1,ARC,153,488.66013071895424,1367.81045751634,1066,110.62288930581613,110.62288930581613,False,retain
FR723,2,26,1,ARC,166,489.5421686746988,402.7289156626506,1066,110.62288930581613,110.62288930581613,False,retain
FR723,2,27,1,ARC,109,493.08256880733944,499.92660550458714,1066,110.62288930581613,110.62288930581613,True,exclude_below_local_dapi_mean
FR723,2,28,1,ARC,192,496.0364583333333,711.7239583333334,1066,110.62288930581613,110.62288930581613,False,retain
FR723,2,29,1,ARC,330,500.0272727272727,1167.3363636363636,1066,110.62288930581613,110.62288930581613,False,retain
FR723,2,30,0,OUTSIDE_DELINEATED_REGIONS,261,502.3639846743295,1628.6360153256705,1917,123.2999478351591,123.2999478351591,False,retain
FR723,2,31,0,OUTSIDE_DELINEATED_REGIONS,163,508.37423312883436,1648.644171779141,1917,123.2999478351591,123.2999478351591,False,retain
FR723,2,32,1,ARC,234,512.9487179487179,401.62393162393164,1066,110.62288930581613,110.62288930581613,False,retain
FR723,2,33,1,ARC,141,515.7163120567376,1307.7801418439717,1066,110.62288930581613,110.62288930581613,False,retain
FR723,2,34,1,ARC,279,519.2974910394265,1196.4910394265232,1066,110.62288930581613,110.62288930581613,False,retain
FR723,2,35,1,ARC,248,537.2701612903226,541.8185483870968,1066,110.62288930581613,110.62288930581613,False,retain
FR723,2,36,1,ARC,397,541.551637279597,656.3375314861461,1066,110.62288930581613,110.62288930581613,False,retain
FR723,2,37,1,ARC,253,542.6679841897234,1187.0869565217392,1066,110.62288930581613,110.62288930581613,False,retain
FR723,2,38,1,ARC,427,551.0538641686182,631.3536299765808,1066,110.62288930581613,110.62288930581613,False,retain
FR723,2,39,1,ARC,210,551.1095238095238,1269.4,1066,110.62288930581613,110.62288930581613,False,retain
FR723,2,40,1,ARC,242,565.5867768595041,1215.9173553719008,1066,110.62288930581613,110.62288930581613,False,retain
FR723,2,41,1,ARC,142,566.3943661971831,567.5633802816901,1066,110.62288930581613,110.62288930581613,False,retain
FR723,2,42,1,ARC,248,599.7379032258065,602.1532258064516,1066,110.62288930581613,110.62288930581613,False,retain
FR723,1,1,0,OUTSIDE_DELINEATED_REGIONS,298,182.36241610738256,552.8087248322148,2210,127.28868778280543,127.28868778280543,False,retain
FR723,1,2,0,OUTSIDE_DELINEATED_REGIONS,80,220.575,567.6125,2210,127.28868778280543,127.28868778280543,True,exclude_below_local_dapi_mean
FR723,1,3,0,OUTSIDE_DELINEATED_REGIONS,116,224.68103448275863,581.448275862069,2210,127.28868778280543,127.28868778280543,True,exclude_below_local_dapi_mean
FR723,1,4,1,ARC,406,289.76600985221677,714.3866995073892,919,108.74863982589771,108.74863982589771,False,retain
FR723,1,5,0,OUTSIDE_DELINEATED_REGIONS,244,322.6393442622951,620.0409836065573,2210,127.28868778280543,127.28868778280543,False,retain
FR723,1,6,0,OUTSIDE_DELINEATED_REGIONS,278,347.76258992805754,1512.1870503597122,2210,127.28868778280543,127.28868778280543,False,retain
FR723,1,7,1,ARC,205,372.0292682926829,612.8097560975609,919,108.74863982589771,108.74863982589771,False,retain
FR723,1,8,1,ARC,136,374.36764705882354,591.6911764705883,919,108.74863982589771,108.74863982589771,False,retain
FR723,1,9,0,OUTSIDE_DELINEATED_REGIONS,160,378.94375,482.15,2210,127.28868778280543,127.28868778280543,False,retain
FR723,1,10,0,OUTSIDE_DELINEATED_REGIONS,237,385.71308016877634,325.0379746835443,2210,127.28868778280543,127.28868778280543,False,retain
FR723,1,11,1,ARC,167,383.1497005988024,554.5928143712575,919,108.74863982589771,108.74863982589771,False,retain
FR723,1,12,1,ARC,236,393.78389830508473,1104.8093220338983,919,108.74863982589771,108.74863982589771,False,retain
FR723,1,13,1,ARC,110,390.0272727272727,1131.5181818181818,919,108.74863982589771,108.74863982589771,False,retain
FR723,1,14,0,OUTSIDE_DELINEATED_REGIONS,164,416.1951219512195,1374.0365853658536,2210,127.28868778280543,127.28868778280543,False,retain
FR723,1,15,1,ARC,147,426.65986394557825,615.9795918367347,919,108.74863982589771,108.74863982589771,False,retain
FR723,1,16,1,ARC,210,446.3,571.9857142857143,919,108.74863982589771,108.74863982589771,False,retain
FR723,1,17,1,ARC,228,449.969298245614,495.12280701754383,919,108.74863982589771,108.74863982589771,False,retain
FR723,1,18,0,OUTSIDE_DELINEATED_REGIONS,59,451.91525423728814,1488.322033898305,2210,127.28868778280543,127.28868778280543,True,exclude_below_local_dapi_mean
FR723,1,19,1,ARC,257,485.83268482490274,459.27237354085605,919,108.74863982589771,108.74863982589771,False,retain
FR723,1,20,1,ARC,125,485.608,1224.408,919,108.74863982589771,108.74863982589771,False,retain
FR723,1,21,1,ARC,134,493.2014925373134,1161.097014925373,919,108.74863982589771,108.74863982589771,False,retain
FR723,1,22,0,OUTSIDE_DELINEATED_REGIONS,228,494.7894736842105,1510.061403508772,2210,127.28868778280543,127.28868778280543,False,retain
FR723,1,23,1,ARC,176,496.07954545454544,508.0056818181818,919,108.74863982589771,108.74863982589771,False,retain
FR723,1,24,1,ARC,139,515.6978417266187,792.8992805755396,919,108.74863982589771,108.74863982589771,False,retain
FR723,1,25,1,ARC,152,520.203947368421,1238.078947368421,919,108.74863982589771,108.74863982589771,False,retain
FR723,1,26,1,ARC,163,525.4049079754601,1109.079754601227,919,108.74863982589771,108.74863982589771,False,retain
FR723,1,27,0,OUTSIDE_DELINEATED_REGIONS,268,529.4402985074627,1762.3694029850747,2210,127.28868778280543,127.28868778280543,False,retain
FR723,1,28,1,ARC,150,533.9266666666666,1272.8933333333334,919,108.74863982589771,108.74863982589771,False,retain
FR723,1,29,1,ARC,667,550.6041979010495,619.2938530734633,919,108.74863982589771,108.74863982589771,False,retain
FR723,1,30,0,OUTSIDE_DELINEATED_REGIONS,260,536.9692307692308,359.9,2210,127.28868778280543,127.28868778280543,False,retain
FR723,1,31,0,OUTSIDE_DELINEATED_REGIONS,255,543.0156862745098,1637.4039215686275,2210,127.28868778280543,127.28868778280543,False,retain
FR723,1,32,1,ARC,188,542.5744680851063,573.6755319148937,919,108.74863982589771,108.74863982589771,False,retain
FR723,1,33,1,ARC,364,550.8818681318681,1200.1373626373627,919,108.74863982589771,108.74863982589771,False,retain
FR723,1,34,0,OUTSIDE_DELINEATED_REGIONS,83,548.6746987951807,1449.1927710843374,2210,127.28868778280543,127.28868778280543,True,exclude_below_local_dapi_mean
FR723,1,35,1,ARC,118,554.4915254237288,1100.5677966101696,919,108.74863982589771,108.74863982589771,False,retain
FR723,1,36,1,ARC,124,563.6370967741935,1303.6532258064517,919,108.74863982589771,108.74863982589771,False,retain
FR723,1,37,0,OUTSIDE_DELINEATED_REGIONS,199,568.1155778894472,1535.9949748743718,2210,127.28868778280543,127.28868778280543,False,retain
FR723,1,38,0,OUTSIDE_DELINEATED_REGIONS,156,570.8141025641025,1586.6858974358975,2210,127.28868778280543,127.28868778280543,False,retain
FR723,1,39,1,ARC,192,574.8020833333334,627.2708333333334,919,108.74863982589771,108.74863982589771,False,retain
FR723,1,40,1,ARC,150,574.3666666666667,1100.0,919,108.74863982589771,108.74863982589771,False,retain
FR723,1,41,1,ARC,75,573.3333333333334,1085.6266666666668,919,108.74863982589771,108.74863982589771,True,exclude_below_local_dapi_mean
FR723,1,42,1,ARC,147,576.2176870748299,719.4829931972789,919,108.74863982589771,108.74863982589771,False,retain
FR723,1,43,1,ARC,87,578.4137931034483,1066.103448275862,919,108.74863982589771,108.74863982589771,True,exclude_below_local_dapi_mean
FR723,1,44,1,ARC,156,584.8141025641025,1313.6602564102564,919,108.74863982589771,108.74863982589771,False,retain
FR723,1,45,1,ARC,114,592.1140350877193,1100.280701754386,919,108.74863982589771,108.74863982589771,False,retain
FR723,1,46,1,ARC,102,605.7745098039215,1385.0294117647059,919,108.74863982589771,108.74863982589771,True,exclude_below_local_dapi_mean
FR723,1,47,1,ARC,199,610.608040201005,1343.8140703517588,919,108.74863982589771,108.74863982589771,False,retain
FR723,1,48,1,ARC,92,610.6195652173913,1305.858695652174,919,108.74863982589771,108.74863982589771,True,exclude_below_local_dapi_mean
FR723,1,49,0,OUTSIDE_DELINEATED_REGIONS,180,613.7944444444445,1467.5166666666667,2210,127.28868778280543,127.28868778280543,False,retain
FR723,1,50,1,ARC,93,615.258064516129,1097.989247311828,919,108.74863982589771,108.74863982589771,True,exclude_below_local_dapi_mean
FR723,1,51,1,ARC,170,624.7941176470588,1114.7823529411764,919,108.74863982589771,108.74863982589771,False,retain
FR723,1,52,1,ARC,109,625.5504587155963,1308.8165137614678,919,108.74863982589771,108.74863982589771,False,retain
FR723,1,53,1,ARC,68,628.6029411764706,1072.9264705882354,919,108.74863982589771,108.74863982589771,True,exclude_below_local_dapi_mean
FR723,1,54,1,ARC,161,632.9751552795032,779.7515527950311,919,108.74863982589771,108.74863982589771,False,retain
FR721(R),2,1,0,OUTSIDE_DELINEATED_REGIONS,253,135.66403162055337,1772.9367588932807,2188,108.55804387568556,108.55804387568556,False,retain
FR721(R),2,2,0,OUTSIDE_DELINEATED_REGIONS,86,192.58139534883722,139.34883720930233,2188,108.55804387568556,108.55804387568556,True,exclude_below_local_dapi_mean
FR721(R),2,3,0,OUTSIDE_DELINEATED_REGIONS,271,209.10332103321034,561.6162361623616,2188,108.55804387568556,108.55804387568556,False,retain
FR721(R),2,4,1,ARC,115,304.30434782608694,856.1304347826087,1048,98.29961832061069,98.29961832061069,False,retain
FR721(R),2,5,1,ARC,108,305.06481481481484,1004.6481481481482,1048,98.29961832061069,98.29961832061069,False,retain
FR721(R),2,6,1,ARC,102,312.9901960784314,818.7647058823529,1048,98.29961832061069,98.29961832061069,False,retain
FR721(R),2,7,1,ARC,151,318.0794701986755,774.7549668874173,1048,98.29961832061069,98.29961832061069,False,retain
FR721(R),2,8,1,ARC,139,327.51798561151077,802.884892086331,1048,98.29961832061069,98.29961832061069,False,retain
FR721(R),2,9,1,ARC,132,333.5681818181818,822.3636363636364,1048,98.29961832061069,98.29961832061069,False,retain
FR721(R),2,10,1,ARC,220,360.28636363636366,1075.6545454545455,1048,98.29961832061069,98.29961832061069,False,retain
FR721(R),2,11,0,OUTSIDE_DELINEATED_REGIONS,63,371.23809523809524,1409.063492063492,2188,108.55804387568556,108.55804387568556,True,exclude_below_local_dapi_mean
FR721(R),2,12,1,ARC,128,386.828125,805.234375,1048,98.29961832061069,98.29961832061069,False,retain
FR721(R),2,13,0,OUTSIDE_DELINEATED_REGIONS,152,412.0592105263158,1715.5526315789473,2188,108.55804387568556,108.55804387568556,False,retain
FR721(R),2,14,1,ARC,83,435.2409638554217,832.7831325301205,1048,98.29961832061069,98.29961832061069,True,exclude_below_local_dapi_mean
FR721(R),2,15,1,ARC,94,452.6914893617021,574.6595744680851,1048,98.29961832061069,98.29961832061069,True,exclude_below_local_dapi_mean
FR721(R),2,16,1,ARC,440,474.075,635.9227272727272,1048,98.29961832061069,98.29961832061069,False,retain
FR721(R),2,17,1,ARC,193,486.17098445595855,551.0880829015545,1048,98.29961832061069,98.29961832061069,False,retain
FR721(R),2,18,1,ARC,88,503.0568181818182,828.9318181818181,1048,98.29961832061069,98.29961832061069,True,exclude_below_local_dapi_mean
FR721(R),2,19,1,ARC,180,517.6888888888889,585.5111111111111,1048,98.29961832061069,98.29961832061069,False,retain
FR721(R),2,20,1,ARC,196,523.8775510204082,1181.6836734693877,1048,98.29961832061069,98.29961832061069,False,retain
FR721(R),2,21,0,OUTSIDE_DELINEATED_REGIONS,30,524.1,1724.8666666666666,2188,108.55804387568556,108.55804387568556,True,exclude_below_local_dapi_mean
FR721(R),2,22,1,ARC,116,534.3189655172414,1256.3103448275863,1048,98.29961832061069,98.29961832061069,False,retain
FR721(R),2,23,0,OUTSIDE_DELINEATED_REGIONS,286,540.0,414.4160839160839,2188,108.55804387568556,108.55804387568556,False,retain
FR721(R),2,24,1,ARC,89,539.1573033707865,1191.2808988764045,1048,98.29961832061069,98.29961832061069,True,exclude_below_local_dapi_mean
FR721(R),2,25,1,ARC,121,544.9834710743802,1167.198347107438,1048,98.29961832061069,98.29961832061069,False,retain
FR721(R),2,26,1,ARC,169,546.2189349112426,582.2781065088758,1048,98.29961832061069,98.29961832061069,False,retain
FR721(R),2,27,1,ARC,222,551.1126126126126,1272.1216216216217,1048,98.29961832061069,98.29961832061069,False,retain
FR721(R),2,28,1,ARC,289,558.3840830449827,1183.4809688581315,1048,98.29961832061069,98.29961832061069,False,retain
FR721(R),2,29,1,ARC,272,562.3492647058823,1125.9411764705883,1048,98.29961832061069,98.29961832061069,False,retain
FR721(R),2,30,0,OUTSIDE_DELINEATED_REGIONS,63,556.1111111111111,1488.2857142857142,2188,108.55804387568556,108.55804387568556,True,exclude_below_local_dapi_mean
FR721(R),2,31,0,OUTSIDE_DELINEATED_REGIONS,82,563.5,1442.439024390244,2188,108.55804387568556,108.55804387568556,True,exclude_below_local_dapi_mean
FR721(R),2,32,0,OUTSIDE_DELINEATED_REGIONS,75,566.6,1419.1466666666668,2188,108.55804387568556,108.55804387568556,True,exclude_below_local_dapi_mean
FR721(R),2,33,0,OUTSIDE_DELINEATED_REGIONS,76,571.0526315789474,1430.9605263157894,2188,108.55804387568556,108.55804387568556,True,exclude_below_local_dapi_mean
FR721(R),2,34,1,ARC,155,578.4580645161291,629.3096774193548,1048,98.29961832061069,98.29961832061069,False,retain
FR721(R),2,35,0,OUTSIDE_DELINEATED_REGIONS,102,579.2156862745098,1520.6568627450981,2188,108.55804387568556,108.55804387568556,True,exclude_below_local_dapi_mean
FR721(R),2,36,1,ARC,301,584.1960132890365,1152.0564784053156,1048,98.29961832061069,98.29961832061069,False,retain
FR721(R),2,37,1,ARC,233,588.1931330472103,1192.0,1048,98.29961832061069,98.29961832061069,False,retain
FR721(R),2,38,1,ARC,346,591.9046242774566,1223.1589595375722,1048,98.29961832061069,98.29961832061069,False,retain
FR721(R),2,39,1,ARC,133,590.827067669173,561.3609022556391,1048,98.29961832061069,98.29961832061069,False,retain
FR721(R),2,40,0,OUTSIDE_DELINEATED_REGIONS,223,592.1300448430493,386.31838565022423,2188,108.55804387568556,108.55804387568556,False,retain
FR721(R),2,41,1,ARC,121,602.1157024793389,1158.98347107438,1048,98.29961832061069,98.29961832061069,False,retain
FR721(R),2,42,1,ARC,234,613.5982905982906,637.457264957265,1048,98.29961832061069,98.29961832061069,False,retain
FR721(R),2,43,1,ARC,197,653.0507614213197,633.9492385786803,1048,98.29961832061069,98.29961832061069,False,retain
FR721(R),2,44,1,ARC,93,663.0430107526881,646.7204301075269,1048,98.29961832061069,98.29961832061069,True,exclude_below_local_dapi_mean
FR721(R),1,1,0,OUTSIDE_DELINEATED_REGIONS,88,221.72727272727272,1336.625,2387,118.73858399664852,118.73858399664852,True,exclude_below_local_dapi_mean
FR721(R),1,2,0,OUTSIDE_DELINEATED_REGIONS,66,234.1818181818182,881.2575757575758,2387,118.73858399664852,118.73858399664852,True,exclude_below_local_dapi_mean
FR721(R),1,3,1,ARC,168,261.29761904761904,1072.125,1033,119.56050338818974,119.56050338818974,False,retain
FR721(R),1,4,1,ARC,71,282.2676056338028,862.0985915492957,1033,119.56050338818974,119.56050338818974,True,exclude_below_local_dapi_mean
FR721(R),1,5,1,ARC,186,297.26881720430106,1010.8709677419355,1033,119.56050338818974,119.56050338818974,False,retain
FR721(R),1,6,1,ARC,82,318.8536585365854,848.9756097560976,1033,119.56050338818974,119.56050338818974,True,exclude_below_local_dapi_mean
FR721(R),1,7,1,ARC,209,330.33971291866027,814.7081339712919,1033,119.56050338818974,119.56050338818974,False,retain
FR721(R),1,8,1,ARC,82,357.2439024390244,811.6829268292682,1033,119.56050338818974,119.56050338818974,True,exclude_below_local_dapi_mean
FR721(R),1,9,1,ARC,249,365.17670682730926,836.1285140562248,1033,119.56050338818974,119.56050338818974,False,retain
FR721(R),1,10,1,ARC,89,381.3707865168539,717.1011235955057,1033,119.56050338818974,119.56050338818974,True,exclude_below_local_dapi_mean
FR721(R),1,11,0,OUTSIDE_DELINEATED_REGIONS,199,398.8140703517588,852.8994974874372,2387,118.73858399664852,118.73858399664852,False,retain
FR721(R),1,12,1,ARC,273,418.16117216117215,757.6959706959707,1033,119.56050338818974,119.56050338818974,False,retain
FR721(R),1,13,1,ARC,115,445.32173913043476,743.5304347826087,1033,119.56050338818974,119.56050338818974,True,exclude_below_local_dapi_mean
FR721(R),1,14,0,OUTSIDE_DELINEATED_REGIONS,427,500.0163934426229,354.2903981264637,2387,118.73858399664852,118.73858399664852,False,retain
FR721(R),1,15,1,ARC,150,501.6066666666667,1082.3333333333333,1033,119.56050338818974,119.56050338818974,False,retain
FR721(R),1,16,1,ARC,132,518.7878787878788,662.3333333333334,1033,119.56050338818974,119.56050338818974,False,retain
FR721(R),1,17,1,ARC,285,525.5052631578948,362.38947368421054,1033,119.56050338818974,119.56050338818974,False,retain
FR721(R),1,18,1,ARC,108,522.074074074074,1187.2685185185185,1033,119.56050338818974,119.56050338818974,True,exclude_below_local_dapi_mean
FR721(R),1,19,1,ARC,169,537.7278106508876,1248.0473372781064,1033,119.56050338818974,119.56050338818974,False,retain
FR721(R),1,20,1,ARC,264,538.8674242424242,1273.4772727272727,1033,119.56050338818974,119.56050338818974,False,retain
FR721(R),1,21,1,ARC,114,542.640350877193,678.780701754386,1033,119.56050338818974,119.56050338818974,True,exclude_below_local_dapi_mean
FR721(R),1,22,1,ARC,75,560.6266666666667,1076.76,1033,119.56050338818974,119.56050338818974,True,exclude_below_local_dapi_mean
FR721(R),1,23,1,ARC,124,569.9435483870968,1237.5403225806451,1033,119.56050338818974,119.56050338818974,False,retain
FR721(R),1,24,1,ARC,128,572.1953125,1111.796875,1033,119.56050338818974,119.56050338818974,False,retain
FR721(R),1,25,1,ARC,183,611.5846994535519,1119.672131147541,1033,119.56050338818974,119.56050338818974,False,retain
FR721(R),1,26,2,ME,151,615.1390728476821,1010.8278145695364,104,104.34615384615384,104.34615384615384,False,retain
FR721(R),1,27,1,ARC,223,626.9461883408072,633.0627802690583,1033,119.56050338818974,119.56050338818974,False,retain
FR721(R),1,28,1,ARC,155,627.4,1080.8193548387096,1033,119.56050338818974,119.56050338818974,False,retain
FR721(R),1,29,1,ARC,184,633.25,610.4130434782609,1033,119.56050338818974,119.56050338818974,False,retain
FR721(R),1,30,1,ARC,186,637.5752688172043,1098.489247311828,1033,119.56050338818974,119.56050338818974,False,retain
FR7-4,3,1,1,ARC,197,282.1218274111675,763.9137055837564,1239,111.44874899112187,111.44874899112187,False,retain
FR7-4,3,2,1,ARC,207,316.54589371980677,1224.927536231884,1239,111.44874899112187,111.44874899112187,False,retain
FR7-4,3,3,1,ARC,150,345.82,1090.62,1239,111.44874899112187,111.44874899112187,False,retain
FR7-4,3,4,0,OUTSIDE_DELINEATED_REGIONS,139,346.8705035971223,1381.589928057554,1763,124.54509359047078,124.54509359047078,False,retain
FR7-4,3,5,1,ARC,202,350.13366336633663,1296.3316831683169,1239,111.44874899112187,111.44874899112187,False,retain
FR7-4,3,6,0,OUTSIDE_DELINEATED_REGIONS,114,347.8859649122807,1396.982456140351,1763,124.54509359047078,124.54509359047078,True,exclude_below_local_dapi_mean
FR7-4,3,7,0,OUTSIDE_DELINEATED_REGIONS,126,361.44444444444446,1387.888888888889,1763,124.54509359047078,124.54509359047078,False,retain
FR7-4,3,8,0,OUTSIDE_DELINEATED_REGIONS,100,364.64,1373.89,1763,124.54509359047078,124.54509359047078,True,exclude_below_local_dapi_mean
FR7-4,3,9,0,OUTSIDE_DELINEATED_REGIONS,279,415.0931899641577,51.02150537634409,1763,124.54509359047078,124.54509359047078,False,retain
FR7-4,3,10,1,ARC,134,414.5820895522388,1177.7164179104477,1239,111.44874899112187,111.44874899112187,False,retain
FR7-4,3,11,0,OUTSIDE_DELINEATED_REGIONS,216,426.0416666666667,316.56481481481484,1763,124.54509359047078,124.54509359047078,False,retain
FR7-4,3,12,1,ARC,403,433.4044665012407,491.82630272952855,1239,111.44874899112187,111.44874899112187,False,retain
FR7-4,3,13,1,ARC,204,431.3921568627451,604.4362745098039,1239,111.44874899112187,111.44874899112187,False,retain
FR7-4,3,14,0,OUTSIDE_DELINEATED_REGIONS,188,447.22872340425533,1504.845744680851,1763,124.54509359047078,124.54509359047078,False,retain
FR7-4,3,15,0,OUTSIDE_DELINEATED_REGIONS,254,447.1496062992126,1521.4055118110236,1763,124.54509359047078,124.54509359047078,False,retain
FR7-4,3,16,1,ARC,258,447.37984496124034,319.95348837209303,1239,111.44874899112187,111.44874899112187,False,retain
FR7-4,3,17,1,ARC,240,453.73333333333335,1290.6375,1239,111.44874899112187,111.44874899112187,False,retain
FR7-4,3,18,1,ARC,165,450.6363636363636,1118.3393939393939,1239,111.44874899112187,111.44874899112187,False,retain
FR7-4,3,19,1,ARC,183,454.94535519125685,517.0765027322404,1239,111.44874899112187,111.44874899112187,False,retain
FR7-4,3,20,0,OUTSIDE_DELINEATED_REGIONS,149,457.2751677852349,161.31543624161074,1763,124.54509359047078,124.54509359047078,False,retain
FR7-4,3,21,1,ARC,226,466.7699115044248,485.01769911504425,1239,111.44874899112187,111.44874899112187,False,retain
FR7-4,3,22,0,OUTSIDE_DELINEATED_REGIONS,188,475.7925531914894,195.55851063829786,1763,124.54509359047078,124.54509359047078,False,retain
FR7-4,3,23,1,ARC,201,476.5074626865672,676.4875621890548,1239,111.44874899112187,111.44874899112187,False,retain
FR7-4,3,24,1,ARC,207,478.536231884058,1439.5072463768115,1239,111.44874899112187,111.44874899112187,False,retain
FR7-4,3,25,0,OUTSIDE_DELINEATED_REGIONS,224,479.85267857142856,224.25446428571428,1763,124.54509359047078,124.54509359047078,False,retain
FR7-4,3,26,1,ARC,217,491.61290322580646,1209.7142857142858,1239,111.44874899112187,111.44874899112187,False,retain
FR7-4,3,27,1,ARC,154,499.95454545454544,648.7987012987013,1239,111.44874899112187,111.44874899112187,False,retain
FR7-4,3,28,1,ARC,238,498.92857142857144,1334.9579831932774,1239,111.44874899112187,111.44874899112187,False,retain
FR7-4,3,29,1,ARC,214,516.7570093457944,1125.892523364486,1239,111.44874899112187,111.44874899112187,False,retain
FR7-4,3,30,1,ARC,212,517.2783018867924,1349.9905660377358,1239,111.44874899112187,111.44874899112187,False,retain
FR7-4,3,31,1,ARC,112,517.2410714285714,717.7410714285714,1239,111.44874899112187,111.44874899112187,False,retain
FR7-4,3,32,1,ARC,161,525.6770186335403,506.944099378882,1239,111.44874899112187,111.44874899112187,False,retain
FR7-4,3,33,0,OUTSIDE_DELINEATED_REGIONS,173,535.4335260115607,1627.9306358381502,1763,124.54509359047078,124.54509359047078,False,retain
FR7-4,3,34,1,ARC,234,541.2435897435897,678.5512820512821,1239,111.44874899112187,111.44874899112187,False,retain
FR7-4,3,35,1,ARC,168,541.1785714285714,1336.9345238095239,1239,111.44874899112187,111.44874899112187,False,retain
FR7-4,3,36,1,ARC,150,539.9466666666667,718.52,1239,111.44874899112187,111.44874899112187,False,retain
FR7-4,3,37,1,ARC,136,541.1985294117648,1132.735294117647,1239,111.44874899112187,111.44874899112187,False,retain
FR7-4,3,38,1,ARC,171,545.7076023391813,1297.982456140351,1239,111.44874899112187,111.44874899112187,False,retain
FR7-4,3,39,1,ARC,193,561.0362694300518,615.419689119171,1239,111.44874899112187,111.44874899112187,False,retain
FR7-4,3,40,1,ARC,94,574.6808510638298,1346.159574468085,1239,111.44874899112187,111.44874899112187,True,exclude_below_local_dapi_mean
FR7-4,3,41,1,ARC,223,580.152466367713,1312.52466367713,1239,111.44874899112187,111.44874899112187,False,retain
FR7-4,2,1,0,OUTSIDE_DELINEATED_REGIONS,207,108.6231884057971,712.9516908212561,1274,123.1828885400314,123.1828885400314,False,retain
FR7-4,2,2,0,OUTSIDE_DELINEATED_REGIONS,219,119.95433789954338,1181.6803652968038,1274,123.1828885400314,123.1828885400314,False,retain
FR7-4,2,3,0,OUTSIDE_DELINEATED_REGIONS,38,186.6578947368421,335.3157894736842,1274,123.1828885400314,123.1828885400314,True,exclude_below_local_dapi_mean
FR7-4,2,4,1,ARC,139,196.7841726618705,627.3525179856115,1045,112.25837320574162,112.25837320574162,False,retain
FR7-4,2,5,1,ARC,174,203.29885057471265,1076.5402298850574,1045,112.25837320574162,112.25837320574162,False,retain
FR7-4,2,6,1,ARC,138,241.79710144927537,1023.0,1045,112.25837320574162,112.25837320574162,False,retain
FR7-4,2,7,0,OUTSIDE_DELINEATED_REGIONS,107,242.38317757009347,458.74766355140184,1274,123.1828885400314,123.1828885400314,True,exclude_below_local_dapi_mean
FR7-4,2,8,1,ARC,117,255.02564102564102,1123.6153846153845,1045,112.25837320574162,112.25837320574162,False,retain
FR7-4,2,9,1,ARC,103,258.20388349514565,1262.7864077669904,1045,112.25837320574162,112.25837320574162,True,exclude_below_local_dapi_mean
FR7-4,2,10,1,ARC,181,270.3370165745856,1022.8950276243094,1045,112.25837320574162,112.25837320574162,False,retain
FR7-4,2,11,0,OUTSIDE_DELINEATED_REGIONS,177,270.01129943502826,1349.734463276836,1274,123.1828885400314,123.1828885400314,False,retain
FR7-4,2,12,0,OUTSIDE_DELINEATED_REGIONS,298,277.0738255033557,1379.4127516778524,1274,123.1828885400314,123.1828885400314,False,retain
FR7-4,2,13,0,OUTSIDE_DELINEATED_REGIONS,103,277.28155339805824,241.14563106796118,1274,123.1828885400314,123.1828885400314,True,exclude_below_local_dapi_mean
FR7-4,2,14,1,ARC,388,287.30927835051546,1192.5618556701031,1045,112.25837320574162,112.25837320574162,False,retain
FR7-4,2,15,1,ARC,253,284.32806324110675,1305.7312252964427,1045,112.25837320574162,112.25837320574162,False,retain
FR7-4,2,16,0,OUTSIDE_DELINEATED_REGIONS,27,318.44444444444446,45.55555555555556,1274,123.1828885400314,123.1828885400314,True,exclude_below_local_dapi_mean
FR7-4,2,17,1,ARC,88,337.32954545454544,685.5681818181819,1045,112.25837320574162,112.25837320574162,True,exclude_below_local_dapi_mean
FR7-4,2,18,1,ARC,146,386.82191780821915,1264.86301369863,1045,112.25837320574162,112.25837320574162,False,retain
FR7-4,2,19,1,ARC,231,387.7359307359307,1316.2727272727273,1045,112.25837320574162,112.25837320574162,False,retain
FR7-4,2,20,1,ARC,314,398.4936305732484,1347.3248407643312,1045,112.25837320574162,112.25837320574162,False,retain
FR7-4,2,21,1,ARC,104,395.99038461538464,665.3076923076923,1045,112.25837320574162,112.25837320574162,True,exclude_below_local_dapi_mean
FR7-4,2,22,1,ARC,65,400.15384615384613,369.32307692307694,1045,112.25837320574162,112.25837320574162,True,exclude_below_local_dapi_mean
FR7-4,2,23,1,ARC,234,410.22222222222223,1229.854700854701,1045,112.25837320574162,112.25837320574162,False,retain
FR7-4,2,24,1,ARC,111,412.45045045045043,340.1711711711712,1045,112.25837320574162,112.25837320574162,True,exclude_below_local_dapi_mean
FR7-4,2,25,1,ARC,144,420.2986111111111,630.0555555555555,1045,112.25837320574162,112.25837320574162,False,retain
FR7-4,2,26,1,ARC,67,427.85074626865674,296.7164179104478,1045,112.25837320574162,112.25837320574162,True,exclude_below_local_dapi_mean
FR7-4,2,27,1,ARC,177,440.7005649717514,1235.2881355932204,1045,112.25837320574162,112.25837320574162,False,retain
FR7-4,2,28,0,OUTSIDE_DELINEATED_REGIONS,196,442.84183673469386,248.65816326530611,1274,123.1828885400314,123.1828885400314,False,retain
FR7-4,2,29,1,ARC,158,442.5506329113924,626.0759493670886,1045,112.25837320574162,112.25837320574162,False,retain
FR7-4,2,30,1,ARC,188,444.71276595744683,449.6170212765957,1045,112.25837320574162,112.25837320574162,False,retain
FR7-4,2,31,1,ARC,110,444.6272727272727,1290.009090909091,1045,112.25837320574162,112.25837320574162,True,exclude_below_local_dapi_mean
FR7-4,2,32,1,ARC,119,446.03361344537814,1195.0756302521008,1045,112.25837320574162,112.25837320574162,False,retain
FR7-4,2,33,1,ARC,27,457.14814814814815,281.4074074074074,1045,112.25837320574162,112.25837320574162,True,exclude_below_local_dapi_mean
FR7-4,2,34,0,OUTSIDE_DELINEATED_REGIONS,183,464.69398907103823,1559.5956284153006,1274,123.1828885400314,123.1828885400314,False,retain
FR7-4,2,35,1,ARC,276,468.94202898550725,1203.9528985507247,1045,112.25837320574162,112.25837320574162,False,retain
FR7-4,2,36,1,ARC,145,465.58620689655174,646.0,1045,112.25837320574162,112.25837320574162,False,retain
FR7-4,2,37,1,ARC,120,470.275,624.25,1045,112.25837320574162,112.25837320574162,False,retain
FR7-4,2,38,1,ARC,57,469.12280701754383,401.43859649122805,1045,112.25837320574162,112.25837320574162,True,exclude_below_local_dapi_mean
FR7-4,2,39,1,ARC,216,476.412037037037,1142.7916666666667,1045,112.25837320574162,112.25837320574162,False,retain
FR7-4,2,40,1,ARC,187,480.59893048128345,640.8021390374331,1045,112.25837320574162,112.25837320574162,False,retain
FR7-4,2,41,1,ARC,118,480.85593220338984,1264.635593220339,1045,112.25837320574162,112.25837320574162,False,retain
FR7-4,2,42,1,ARC,115,481.95652173913044,587.9826086956522,1045,112.25837320574162,112.25837320574162,False,retain
FR7-4,2,43,1,ARC,116,490.4051724137931,1089.844827586207,1045,112.25837320574162,112.25837320574162,False,retain
FR7-4,2,44,1,ARC,27,487.44444444444446,1110.111111111111,1045,112.25837320574162,112.25837320574162,True,exclude_below_local_dapi_mean
FR7-4,2,45,1,ARC,346,497.27456647398844,1457.0231213872833,1045,112.25837320574162,112.25837320574162,False,retain
FR7-4,2,46,1,ARC,211,499.2748815165877,1292.0568720379147,1045,112.25837320574162,112.25837320574162,False,retain
FR7-4,2,47,1,ARC,72,501.1388888888889,312.7083333333333,1045,112.25837320574162,112.25837320574162,True,exclude_below_local_dapi_mean
FR7-4,2,48,1,ARC,126,506.984126984127,1244.2539682539682,1045,112.25837320574162,112.25837320574162,False,retain
FR7-4,2,49,1,ARC,75,511.5733333333333,494.36,1045,112.25837320574162,112.25837320574162,True,exclude_below_local_dapi_mean
FR7-4,2,50,1,ARC,124,515.75,516.0564516129032,1045,112.25837320574162,112.25837320574162,False,retain
FR7-4,2,51,1,ARC,203,517.6256157635468,541.7536945812808,1045,112.25837320574162,112.25837320574162,False,retain
FR7-4,2,52,1,ARC,123,516.7235772357724,573.6422764227642,1045,112.25837320574162,112.25837320574162,False,retain
FR7-4,2,53,1,ARC,92,525.054347826087,591.4239130434783,1045,112.25837320574162,112.25837320574162,True,exclude_below_local_dapi_mean
FR7-4,2,54,1,ARC,72,532.125,359.875,1045,112.25837320574162,112.25837320574162,True,exclude_below_local_dapi_mean
FR7-4,2,55,1,ARC,137,546.1094890510949,1293.941605839416,1045,112.25837320574162,112.25837320574162,False,retain
FR7-4,2,56,1,ARC,157,549.7770700636943,598.1337579617834,1045,112.25837320574162,112.25837320574162,False,retain
FR7-4,2,57,1,ARC,286,580.6433566433567,380.8111888111888,1045,112.25837320574162,112.25837320574162,False,retain
FR7-4,2,58,1,ARC,181,610.585635359116,461.9226519337017,1045,112.25837320574162,112.25837320574162,False,retain
FR7-4,1,1,1,ARC,135,199.24444444444444,627.4296296296296,1101,120.26521344232516,120.26521344232516,False,retain
FR7-4,1,2,1,ARC,109,209.4862385321101,728.1376146788991,1101,120.26521344232516,120.26521344232516,True,exclude_below_local_dapi_mean
FR7-4,1,3,1,ARC,80,218.7125,704.8625,1101,120.26521344232516,120.26521344232516,True,exclude_below_local_dapi_mean
FR7-4,1,4,1,ARC,207,232.09661835748793,1178.9178743961352,1101,120.26521344232516,120.26521344232516,False,retain
FR7-4,1,5,1,ARC,69,294.7971014492754,1172.2173913043478,1101,120.26521344232516,120.26521344232516,True,exclude_below_local_dapi_mean
FR7-4,1,6,1,ARC,128,343.3828125,444.875,1101,120.26521344232516,120.26521344232516,False,retain
FR7-4,1,7,1,ARC,356,348.5842696629214,576.5955056179776,1101,120.26521344232516,120.26521344232516,False,retain
FR7-4,1,8,1,ARC,146,348.6575342465753,426.6575342465753,1101,120.26521344232516,120.26521344232516,False,retain
FR7-4,1,9,1,ARC,299,364.505016722408,394.7257525083612,1101,120.26521344232516,120.26521344232516,False,retain
FR7-4,1,10,1,ARC,203,366.0295566502463,1316.8522167487686,1101,120.26521344232516,120.26521344232516,False,retain
FR7-4,1,11,1,ARC,182,379.85714285714283,558.8571428571429,1101,120.26521344232516,120.26521344232516,False,retain
FR7-4,1,12,1,ARC,278,383.863309352518,364.0575539568345,1101,120.26521344232516,120.26521344232516,False,retain
FR7-4,1,13,1,ARC,195,395.02564102564105,1194.0871794871796,1101,120.26521344232516,120.26521344232516,False,retain
FR7-4,1,14,1,ARC,301,400.30232558139534,1232.0066445182724,1101,120.26521344232516,120.26521344232516,False,retain
FR7-4,1,15,1,ARC,163,398.8036809815951,601.760736196319,1101,120.26521344232516,120.26521344232516,False,retain
FR7-4,1,16,1,ARC,196,415.4030612244898,1351.6224489795918,1101,120.26521344232516,120.26521344232516,False,retain
FR7-4,1,17,1,ARC,152,426.3421052631579,1103.1644736842106,1101,120.26521344232516,120.26521344232516,False,retain
FR7-4,1,18,1,ARC,236,428.885593220339,431.03389830508473,1101,120.26521344232516,120.26521344232516,False,retain
FR7-4,1,19,1,ARC,156,429.0128205128205,408.39102564102564,1101,120.26521344232516,120.26521344232516,False,retain
FR7-4,1,20,1,ARC,93,429.3010752688172,316.98924731182797,1101,120.26521344232516,120.26521344232516,True,exclude_below_local_dapi_mean
FR7-4,1,21,1,ARC,178,433.30898876404495,1325.623595505618,1101,120.26521344232516,120.26521344232516,False,retain
FR7-4,1,22,1,ARC,159,441.937106918239,1216.8364779874214,1101,120.26521344232516,120.26521344232516,False,retain
FR7-4,1,23,1,ARC,156,443.14102564102564,1289.5064102564102,1101,120.26521344232516,120.26521344232516,False,retain
FR7-4,1,24,1,ARC,130,453.6384615384615,712.8230769230769,1101,120.26521344232516,120.26521344232516,False,retain
FR7-4,1,25,1,ARC,99,455.19191919191917,438.8686868686869,1101,120.26521344232516,120.26521344232516,True,exclude_below_local_dapi_mean
FR7-4,1,26,1,ARC,247,466.3805668016194,408.38461538461536,1101,120.26521344232516,120.26521344232516,False,retain
FR7-4,1,27,1,ARC,367,470.9509536784741,1295.0790190735695,1101,120.26521344232516,120.26521344232516,False,retain
FR7-4,1,28,1,ARC,179,470.85474860335194,721.8212290502794,1101,120.26521344232516,120.26521344232516,False,retain
FR7-4,1,29,1,ARC,251,472.61354581673305,1266.4382470119522,1101,120.26521344232516,120.26521344232516,False,retain
FR7-4,1,30,1,ARC,264,475.0,1429.969696969697,1101,120.26521344232516,120.26521344232516,False,retain
FR7-4,1,31,1,ARC,136,476.22058823529414,679.7941176470588,1101,120.26521344232516,120.26521344232516,False,retain
FR7-4,1,32,1,ARC,211,485.563981042654,1159.654028436019,1101,120.26521344232516,120.26521344232516,False,retain
FR7-4,1,33,1,ARC,240,485.68333333333334,505.2083333333333,1101,120.26521344232516,120.26521344232516,False,retain
FR7-4,1,34,1,ARC,155,487.7548387096774,390.7806451612903,1101,120.26521344232516,120.26521344232516,False,retain
FR7-4,1,35,1,ARC,65,488.61538461538464,433.5230769230769,1101,120.26521344232516,120.26521344232516,True,exclude_below_local_dapi_mean
FR7-4,1,36,1,ARC,206,495.2281553398058,1220.1601941747572,1101,120.26521344232516,120.26521344232516,False,retain
FR7-4,1,37,1,ARC,509,498.4459724950884,1450.418467583497,1101,120.26521344232516,120.26521344232516,False,retain
FR7-4,1,38,1,ARC,324,507.09567901234567,471.5740740740741,1101,120.26521344232516,120.26521344232516,False,retain
FR7-4,1,39,1,ARC,241,510.48547717842325,387.50207468879665,1101,120.26521344232516,120.26521344232516,False,retain
FR7-4,1,40,1,ARC,489,534.6053169734151,1298.4642126789365,1101,120.26521344232516,120.26521344232516,False,retain
FR7-4,1,41,1,ARC,91,532.3846153846154,436.85714285714283,1101,120.26521344232516,120.26521344232516,True,exclude_below_local_dapi_mean
FR7-4,1,42,0,OUTSIDE_DELINEATED_REGIONS,202,536.7821782178218,189.15841584158414,1350,124.0325925925926,124.0325925925926,False,retain
FR7-4,1,43,1,ARC,414,552.7222222222222,493.17149758454104,1101,120.26521344232516,120.26521344232516,False,retain
FR7-4,1,44,1,ARC,226,555.8849557522124,460.2566371681416,1101,120.26521344232516,120.26521344232516,False,retain
FR7-4,1,45,1,ARC,110,561.8181818181819,1152.509090909091,1101,120.26521344232516,120.26521344232516,True,exclude_below_local_dapi_mean
FR7-4,1,46,2,ME,78,567.2820512820513,1135.7564102564102,118,108.7457627118644,108.7457627118644,True,exclude_below_local_dapi_mean
FR7-4,1,47,1,ARC,115,588.9130434782609,444.1217391304348,1101,120.26521344232516,120.26521344232516,True,exclude_below_local_dapi_mean
FR7-4,4,1,0,OUTSIDE_DELINEATED_REGIONS,399,279.52130325814534,315.328320802005,1256,118.64092356687898,118.64092356687898,False,retain
FR7-4,4,2,1,ARC,64,313.046875,1035.359375,1171,115.98206660973527,115.98206660973527,True,exclude_below_local_dapi_mean
FR7-4,4,3,1,ARC,129,316.0387596899225,1048.968992248062,1171,115.98206660973527,115.98206660973527,False,retain
FR7-4,4,4,1,ARC,110,331.2090909090909,1039.2272727272727,1171,115.98206660973527,115.98206660973527,True,exclude_below_local_dapi_mean
FR7-4,4,5,1,ARC,280,341.4392857142857,727.3964285714286,1171,115.98206660973527,115.98206660973527,False,retain
FR7-4,4,6,1,ARC,69,360.0869565217391,1146.5072463768115,1171,115.98206660973527,115.98206660973527,True,exclude_below_local_dapi_mean
FR7-4,4,7,1,ARC,90,375.9,1047.588888888889,1171,115.98206660973527,115.98206660973527,True,exclude_below_local_dapi_mean
FR7-4,4,8,1,ARC,460,386.7217391304348,523.258695652174,1171,115.98206660973527,115.98206660973527,False,retain
FR7-4,4,9,1,ARC,141,382.1985815602837,633.3829787234042,1171,115.98206660973527,115.98206660973527,False,retain
FR7-4,4,10,1,ARC,71,404.88732394366195,1356.225352112676,1171,115.98206660973527,115.98206660973527,True,exclude_below_local_dapi_mean
FR7-4,4,11,1,ARC,179,419.9888268156425,660.6368715083798,1171,115.98206660973527,115.98206660973527,False,retain
FR7-4,4,12,1,ARC,147,417.421768707483,687.5442176870748,1171,115.98206660973527,115.98206660973527,False,retain
FR7-4,4,13,1,ARC,118,421.58474576271186,608.6525423728814,1171,115.98206660973527,115.98206660973527,False,retain
FR7-4,4,14,1,ARC,232,431.2241379310345,503.7931034482759,1171,115.98206660973527,115.98206660973527,False,retain
FR7-4,4,15,1,ARC,172,440.7732558139535,525.0,1171,115.98206660973527,115.98206660973527,False,retain
FR7-4,4,16,1,ARC,85,438.91764705882355,1287.1529411764707,1171,115.98206660973527,115.98206660973527,True,exclude_below_local_dapi_mean
FR7-4,4,17,1,ARC,140,447.6642857142857,497.45,1171,115.98206660973527,115.98206660973527,False,retain
FR7-4,4,18,1,ARC,122,450.1639344262295,1160.7704918032787,1171,115.98206660973527,115.98206660973527,False,retain
FR7-4,4,19,1,ARC,151,474.0132450331126,1133.5629139072848,1171,115.98206660973527,115.98206660973527,False,retain
FR7-4,4,20,1,ARC,118,485.271186440678,1118.2372881355932,1171,115.98206660973527,115.98206660973527,False,retain
FR7-4,4,21,1,ARC,132,485.0530303030303,626.780303030303,1171,115.98206660973527,115.98206660973527,False,retain
FR7-4,4,22,1,ARC,105,490.1904761904762,646.9333333333333,1171,115.98206660973527,115.98206660973527,True,exclude_below_local_dapi_mean
FR7-4,4,23,1,ARC,137,493.4014598540146,1182.2773722627737,1171,115.98206660973527,115.98206660973527,False,retain
FR7-4,4,24,1,ARC,122,496.21311475409834,635.188524590164,1171,115.98206660973527,115.98206660973527,False,retain
FR7-4,4,25,1,ARC,188,497.4574468085106,596.1489361702128,1171,115.98206660973527,115.98206660973527,False,retain
FR7-4,4,26,1,ARC,341,502.2932551319648,1112.6803519061584,1171,115.98206660973527,115.98206660973527,False,retain
FR7-4,4,27,1,ARC,228,500.43859649122805,1149.0570175438597,1171,115.98206660973527,115.98206660973527,False,retain
FR7-4,4,28,1,ARC,109,504.6697247706422,565.816513761468,1171,115.98206660973527,115.98206660973527,True,exclude_below_local_dapi_mean
FR7-4,4,29,0,OUTSIDE_DELINEATED_REGIONS,146,506.63013698630135,140.76712328767124,1256,118.64092356687898,118.64092356687898,False,retain
FR7-4,4,30,1,ARC,207,509.54589371980677,624.4009661835748,1171,115.98206660973527,115.98206660973527,False,retain
FR7-4,4,31,1,ARC,248,512.5040322580645,648.625,1171,115.98206660973527,115.98206660973527,False,retain
FR7-4,4,32,1,ARC,45,510.4,575.9333333333333,1171,115.98206660973527,115.98206660973527,True,exclude_below_local_dapi_mean
FR7-4,4,33,1,ARC,223,516.322869955157,1332.578475336323,1171,115.98206660973527,115.98206660973527,False,retain
FR7-4,4,34,1,ARC,223,516.1883408071749,1095.304932735426,1171,115.98206660973527,115.98206660973527,False,retain
FR7-4,4,35,1,ARC,175,514.6628571428571,1167.8914285714286,1171,115.98206660973527,115.98206660973527,False,retain
FR7-4,4,36,1,ARC,118,515.2881355932203,664.5677966101695,1171,115.98206660973527,115.98206660973527,False,retain
FR7-4,4,37,1,ARC,270,516.6703703703704,689.4962962962964,1171,115.98206660973527,115.98206660973527,False,retain
FR7-4,4,38,1,ARC,91,519.0769230769231,711.7802197802198,1171,115.98206660973527,115.98206660973527,True,exclude_below_local_dapi_mean
FR7-4,4,39,1,ARC,221,525.6108597285067,1222.2217194570135,1171,115.98206660973527,115.98206660973527,False,retain
FR7-4,4,40,1,ARC,198,528.4747474747475,580.6565656565657,1171,115.98206660973527,115.98206660973527,False,retain
FR7-4,4,41,1,ARC,180,530.7444444444444,1429.2888888888888,1171,115.98206660973527,115.98206660973527,False,retain
FR7-4,4,42,1,ARC,225,533.0577777777778,1251.408888888889,1171,115.98206660973527,115.98206660973527,False,retain
FR7-4,4,43,1,ARC,115,535.5043478260869,453.4782608695652,1171,115.98206660973527,115.98206660973527,True,exclude_below_local_dapi_mean
FR7-4,4,44,1,ARC,74,535.0405405405405,639.8648648648649,1171,115.98206660973527,115.98206660973527,True,exclude_below_local_dapi_mean
FR7-4,4,45,1,ARC,159,538.811320754717,620.503144654088,1171,115.98206660973527,115.98206660973527,False,retain
FR7-4,4,46,1,ARC,121,543.4462809917355,524.5619834710744,1171,115.98206660973527,115.98206660973527,False,retain
FR7-4,4,47,1,ARC,110,543.7727272727273,1207.8454545454545,1171,115.98206660973527,115.98206660973527,True,exclude_below_local_dapi_mean
FR7-4,4,48,1,ARC,149,547.2416107382551,675.0134228187919,1171,115.98206660973527,115.98206660973527,False,retain
FR7-4,4,49,1,ARC,127,547.7401574803149,509.2834645669291,1171,115.98206660973527,115.98206660973527,False,retain
FR7-4,4,50,1,ARC,317,551.621451104101,268.5993690851735,1171,115.98206660973527,115.98206660973527,False,retain
FR7-4,4,51,1,ARC,113,553.8495575221239,430.7699115044248,1171,115.98206660973527,115.98206660973527,True,exclude_below_local_dapi_mean
FR7-4,4,52,1,ARC,133,554.9699248120301,531.2706766917294,1171,115.98206660973527,115.98206660973527,False,retain
FR7-4,4,53,1,ARC,53,553.8679245283018,571.1320754716982,1171,115.98206660973527,115.98206660973527,True,exclude_below_local_dapi_mean
FR7-4,4,54,1,ARC,203,561.3448275862069,1285.8374384236454,1171,115.98206660973527,115.98206660973527,False,retain
FR7-4,4,55,1,ARC,173,560.514450867052,1420.1329479768785,1171,115.98206660973527,115.98206660973527,False,retain
FR7-4,4,56,1,ARC,153,560.8039215686274,1267.4705882352941,1171,115.98206660973527,115.98206660973527,False,retain
FR7-4,4,57,1,ARC,90,561.9222222222222,1240.6333333333334,1171,115.98206660973527,115.98206660973527,True,exclude_below_local_dapi_mean
FR7-4,4,58,1,ARC,309,568.3592233009708,1513.8187702265373,1171,115.98206660973527,115.98206660973527,False,retain
FR7-4,4,59,1,ARC,48,562.2291666666666,1476.9166666666667,1171,115.98206660973527,115.98206660973527,True,exclude_below_local_dapi_mean
FR7-4,4,60,1,ARC,48,563.2916666666666,1188.6041666666667,1171,115.98206660973527,115.98206660973527,True,exclude_below_local_dapi_mean
FR7-4,4,61,1,ARC,265,581.7433962264151,390.1283018867924,1171,115.98206660973527,115.98206660973527,False,retain
FR7-4,4,62,1,ARC,102,578.0294117647059,457.1862745098039,1171,115.98206660973527,115.98206660973527,True,exclude_below_local_dapi_mean
FR7-4,4,63,1,ARC,181,588.4475138121547,1316.1657458563536,1171,115.98206660973527,115.98206660973527,False,retain
FR7-4,4,64,1,ARC,213,604.0985915492957,1489.5680751173709,1171,115.98206660973527,115.98206660973527,False,retain
FR7-4,4,65,1,ARC,125,620.336,1325.112,1171,115.98206660973527,115.98206660973527,False,retain
FR7-4,4,66,1,ARC,226,623.362831858407,1459.0619469026549,1171,115.98206660973527,115.98206660973527,False,retain
FR7-4,5,1,1,ARC,353,190.3597733711048,664.4589235127479,1246,106.3322632423756,106.3322632423756,False,retain
FR7-4,5,2,1,ARC,317,261.25867507886437,490.58359621451103,1246,106.3322632423756,106.3322632423756,False,retain
FR7-4,5,3,1,ARC,168,261.4642857142857,1164.857142857143,1246,106.3322632423756,106.3322632423756,False,retain
FR7-4,5,4,1,ARC,134,316.6865671641791,1164.5597014925372,1246,106.3322632423756,106.3322632423756,False,retain
FR7-4,5,5,1,ARC,63,321.1904761904762,1081.6031746031747,1246,106.3322632423756,106.3322632423756,True,exclude_below_local_dapi_mean
FR7-4,5,6,1,ARC,466,346.42918454935625,519.195278969957,1246,106.3322632423756,106.3322632423756,False,retain
FR7-4,5,7,1,ARC,357,360.5826330532213,371.06722689075633,1246,106.3322632423756,106.3322632423756,False,retain
FR7-4,5,8,0,OUTSIDE_DELINEATED_REGIONS,76,355.38157894736844,1315.828947368421,1603,119.57142857142857,119.57142857142857,True,exclude_below_local_dapi_mean
FR7-4,5,9,0,OUTSIDE_DELINEATED_REGIONS,453,372.03532008830024,305.4834437086093,1603,119.57142857142857,119.57142857142857,False,retain
FR7-4,5,10,1,ARC,204,378.19117647058823,660.7303921568628,1246,106.3322632423756,106.3322632423756,False,retain
FR7-4,5,11,1,ARC,326,386.31595092024537,1198.5245398773006,1246,106.3322632423756,106.3322632423756,False,retain
FR7-4,5,12,1,ARC,405,394.5358024691358,387.0641975308642,1246,106.3322632423756,106.3322632423756,False,retain
FR7-4,5,13,1,ARC,189,390.8835978835979,454.984126984127,1246,106.3322632423756,106.3322632423756,False,retain
FR7-4,5,14,1,ARC,179,418.7150837988827,1271.7709497206704,1246,106.3322632423756,106.3322632423756,False,retain
FR7-4,5,15,1,ARC,171,432.046783625731,1207.2573099415204,1246,106.3322632423756,106.3322632423756,False,retain
FR7-4,5,16,1,ARC,224,433.20089285714283,1236.0848214285713,1246,106.3322632423756,106.3322632423756,False,retain
FR7-4,5,17,1,ARC,179,449.0670391061453,535.1005586592179,1246,106.3322632423756,106.3322632423756,False,retain
FR7-4,5,18,1,ARC,120,463.5833333333333,1290.075,1246,106.3322632423756,106.3322632423756,False,retain
FR7-4,5,19,1,ARC,200,474.795,649.405,1246,106.3322632423756,106.3322632423756,False,retain
FR7-4,5,20,1,ARC,304,480.11513157894734,1127.578947368421,1246,106.3322632423756,106.3322632423756,False,retain
FR7-4,5,21,1,ARC,163,499.159509202454,1250.9877300613498,1246,106.3322632423756,106.3322632423756,False,retain
FR7-4,5,22,1,ARC,199,516.2713567839196,1232.0854271356784,1246,106.3322632423756,106.3322632423756,False,retain
FR7-4,5,23,1,ARC,122,518.188524590164,647.7459016393443,1246,106.3322632423756,106.3322632423756,False,retain
FR7-4,5,24,0,OUTSIDE_DELINEATED_REGIONS,159,521.1383647798742,1488.8867924528302,1603,119.57142857142857,119.57142857142857,False,retain
FR7-4,5,25,1,ARC,147,522.0136054421769,1211.360544217687,1246,106.3322632423756,106.3322632423756,False,retain
FR7-4,5,26,2,ME,205,551.1560975609756,688.2243902439025,228,89.11842105263158,89.11842105263158,False,retain
FR7-4,5,27,1,ARC,97,549.0309278350516,1248.4432989690722,1246,106.3322632423756,106.3322632423756,True,exclude_below_local_dapi_mean
FR7-4,5,28,1,ARC,118,584.9237288135594,1277.322033898305,1246,106.3322632423756,106.3322632423756,False,retain
FR7-4,5,29,2,ME,59,582.457627118644,656.3220338983051,228,89.11842105263158,89.11842105263158,True,exclude_below_local_dapi_mean
FR7-4,5,30,0,OUTSIDE_DELINEATED_REGIONS,232,596.8362068965517,1297.353448275862,1603,119.57142857142857,119.57142857142857,False,retain
FR7-4,5,31,0,OUTSIDE_DELINEATED_REGIONS,207,611.2657004830918,1278.0821256038648,1603,119.57142857142857,119.57142857142857,False,retain
FR7-4,5,32,2,ME,74,610.7297297297297,637.8243243243244,228,89.11842105263158,89.11842105263158,True,exclude_below_local_dapi_mean
FR7-4,5,33,2,ME,28,618.8571428571429,674.2142857142857,228,89.11842105263158,89.11842105263158,True,exclude_below_local_dapi_mean
FR7-4,5,34,2,ME,95,625.7578947368421,651.6631578947369,228,89.11842105263158,89.11842105263158,False,retain
FR7-4,5,35,2,ME,87,630.6896551724138,666.6206896551724,228,89.11842105263158,89.11842105263158,True,exclude_below_local_dapi_mean
FR7-4,5,36,0,OUTSIDE_DELINEATED_REGIONS,447,661.0425055928412,1228.3691275167785,1603,119.57142857142857,119.57142857142857,False,retain
FR6-3,4,1,1,ARC,222,200.51351351351352,697.8378378378378,1081,125.11285846438483,125.11285846438483,False,retain
FR6-3,4,2,1,ARC,134,254.40298507462686,744.2835820895523,1081,125.11285846438483,125.11285846438483,False,retain
FR6-3,4,3,1,ARC,130,255.73846153846154,725.7461538461539,1081,125.11285846438483,125.11285846438483,False,retain
FR6-3,4,4,1,ARC,80,275.15,745.75,1081,125.11285846438483,125.11285846438483,True,exclude_below_local_dapi_mean
FR6-3,4,5,1,ARC,121,292.5702479338843,648.2479338842975,1081,125.11285846438483,125.11285846438483,True,exclude_below_local_dapi_mean
FR6-3,4,6,1,ARC,211,294.92890995260666,570.8388625592418,1081,125.11285846438483,125.11285846438483,False,retain
FR6-3,4,7,1,ARC,125,308.712,622.12,1081,125.11285846438483,125.11285846438483,True,exclude_below_local_dapi_mean
FR6-3,4,8,1,ARC,119,314.218487394958,1061.8655462184875,1081,125.11285846438483,125.11285846438483,True,exclude_below_local_dapi_mean
FR6-3,4,9,1,ARC,204,331.52450980392155,1191.9803921568628,1081,125.11285846438483,125.11285846438483,False,retain
FR6-3,4,10,1,ARC,56,331.3392857142857,479.25,1081,125.11285846438483,125.11285846438483,True,exclude_below_local_dapi_mean
FR6-3,4,11,1,ARC,87,332.6666666666667,1275.5057471264367,1081,125.11285846438483,125.11285846438483,True,exclude_below_local_dapi_mean
FR6-3,4,12,1,ARC,236,344.39830508474574,634.4533898305085,1081,125.11285846438483,125.11285846438483,False,retain
FR6-3,4,13,1,ARC,117,350.8034188034188,598.9230769230769,1081,125.11285846438483,125.11285846438483,True,exclude_below_local_dapi_mean
FR6-3,4,14,1,ARC,177,384.819209039548,579.2485875706215,1081,125.11285846438483,125.11285846438483,False,retain
FR6-3,4,15,1,ARC,154,385.64285714285717,677.1688311688312,1081,125.11285846438483,125.11285846438483,False,retain
FR6-3,4,16,1,ARC,274,388.04744525547443,479.55109489051097,1081,125.11285846438483,125.11285846438483,False,retain
FR6-3,4,17,1,ARC,237,387.8776371308017,640.2742616033755,1081,125.11285846438483,125.11285846438483,False,retain
FR6-3,4,18,1,ARC,264,391.9431818181818,1251.659090909091,1081,125.11285846438483,125.11285846438483,False,retain
FR6-3,4,19,1,ARC,159,391.748427672956,165.1320754716981,1081,125.11285846438483,125.11285846438483,False,retain
FR6-3,4,20,1,ARC,254,392.62598425196853,543.8070866141733,1081,125.11285846438483,125.11285846438483,False,retain
FR6-3,4,21,1,ARC,152,401.8092105263158,181.68421052631578,1081,125.11285846438483,125.11285846438483,False,retain
FR6-3,4,22,1,ARC,199,404.1457286432161,669.4120603015075,1081,125.11285846438483,125.11285846438483,False,retain
FR6-3,4,23,1,ARC,158,403.82911392405066,1291.873417721519,1081,125.11285846438483,125.11285846438483,False,retain
FR6-3,4,24,1,ARC,86,408.30232558139534,490.1744186046512,1081,125.11285846438483,125.11285846438483,True,exclude_below_local_dapi_mean
FR6-3,4,25,1,ARC,136,412.68382352941177,519.9632352941177,1081,125.11285846438483,125.11285846438483,False,retain
FR6-3,4,26,1,ARC,175,415.3828571428571,1043.1257142857144,1081,125.11285846438483,125.11285846438483,False,retain
FR6-3,4,27,1,ARC,115,420.44347826086954,400.9391304347826,1081,125.11285846438483,125.11285846438483,True,exclude_below_local_dapi_mean
FR6-3,4,28,1,ARC,89,424.9325842696629,578.8539325842696,1081,125.11285846438483,125.11285846438483,True,exclude_below_local_dapi_mean
FR6-3,4,29,0,OUTSIDE_DELINEATED_REGIONS,252,432.4087301587302,1744.5674603174602,1153,124.17779705117086,124.17779705117086,False,retain
FR6-3,4,30,1,ARC,157,436.89171974522293,513.3312101910828,1081,125.11285846438483,125.11285846438483,False,retain
FR6-3,4,31,1,ARC,234,440.6794871794872,616.1367521367522,1081,125.11285846438483,125.11285846438483,False,retain
FR6-3,4,32,1,ARC,213,454.5962441314554,254.25352112676057,1081,125.11285846438483,125.11285846438483,False,retain
FR6-3,4,33,1,ARC,234,457.517094017094,419.2735042735043,1081,125.11285846438483,125.11285846438483,False,retain
FR6-3,4,34,1,ARC,196,458.88775510204084,1094.984693877551,1081,125.11285846438483,125.11285846438483,False,retain
FR6-3,4,35,1,ARC,193,474.6943005181347,1086.1088082901554,1081,125.11285846438483,125.11285846438483,False,retain
FR6-3,4,36,1,ARC,388,478.37628865979383,344.7860824742268,1081,125.11285846438483,125.11285846438483,False,retain
FR6-3,4,37,1,ARC,241,480.0248962655602,1394.0207468879669,1081,125.11285846438483,125.11285846438483,False,retain
FR6-3,4,38,1,ARC,166,477.90361445783134,1429.9759036144578,1081,125.11285846438483,125.11285846438483,False,retain
FR6-3,4,39,1,ARC,63,484.3333333333333,1488.3174603174602,1081,125.11285846438483,125.11285846438483,True,exclude_below_local_dapi_mean
FR6-3,4,40,1,ARC,192,488.5885416666667,1156.40625,1081,125.11285846438483,125.11285846438483,False,retain
FR6-3,4,41,1,ARC,178,491.4943820224719,450.76404494382024,1081,125.11285846438483,125.11285846438483,False,retain
FR6-3,4,42,0,OUTSIDE_DELINEATED_REGIONS,194,490.0154639175258,1721.5051546391753,1153,124.17779705117086,124.17779705117086,False,retain
FR6-3,4,43,1,ARC,108,496.6296296296296,662.3148148148148,1081,125.11285846438483,125.11285846438483,True,exclude_below_local_dapi_mean
FR6-3,4,44,1,ARC,188,509.43617021276594,522.75,1081,125.11285846438483,125.11285846438483,False,retain
FR6-3,4,45,1,ARC,132,512.560606060606,450.219696969697,1081,125.11285846438483,125.11285846438483,False,retain
FR6-3,4,46,1,ARC,152,517.1973684210526,633.078947368421,1081,125.11285846438483,125.11285846438483,False,retain
FR6-3,4,47,1,ARC,453,528.560706401766,1213.58940397351,1081,125.11285846438483,125.11285846438483,False,retain
FR6-3,4,48,1,ARC,82,520.9878048780488,438.4146341463415,1081,125.11285846438483,125.11285846438483,True,exclude_below_local_dapi_mean
FR6-3,4,49,1,ARC,183,524.5737704918033,1073.360655737705,1081,125.11285846438483,125.11285846438483,False,retain
FR6-3,4,50,1,ARC,140,524.2714285714286,419.55,1081,125.11285846438483,125.11285846438483,False,retain
FR6-3,4,51,1,ARC,128,524.625,562.265625,1081,125.11285846438483,125.11285846438483,False,retain
FR6-3,4,52,1,ARC,134,528.8656716417911,532.8507462686567,1081,125.11285846438483,125.11285846438483,False,retain
FR6-3,4,53,1,ARC,141,559.6170212765958,1308.6028368794325,1081,125.11285846438483,125.11285846438483,False,retain
FR6-3,4,54,1,ARC,252,562.313492063492,1252.4960317460318,1081,125.11285846438483,125.11285846438483,False,retain
FR6-3,3,1,1,ARC,70,269.2857142857143,1180.3142857142857,1486,119.99394347240916,119.99394347240916,True,exclude_below_local_dapi_mean
FR6-3,3,2,1,ARC,161,336.24844720496895,1192.8757763975154,1486,119.99394347240916,119.99394347240916,False,retain
FR6-3,3,3,1,ARC,148,357.18243243243245,1163.4932432432433,1486,119.99394347240916,119.99394347240916,False,retain
FR6-3,3,4,1,ARC,84,379.1904761904762,1069.4880952380952,1486,119.99394347240916,119.99394347240916,True,exclude_below_local_dapi_mean
FR6-3,3,5,1,ARC,279,387.4910394265233,1124.5663082437277,1486,119.99394347240916,119.99394347240916,False,retain
FR6-3,3,6,1,ARC,206,397.79126213592235,703.0728155339806,1486,119.99394347240916,119.99394347240916,False,retain
FR6-3,3,7,1,ARC,273,405.5201465201465,615.007326007326,1486,119.99394347240916,119.99394347240916,False,retain
FR6-3,3,8,1,ARC,119,407.7142857142857,1054.9243697478992,1486,119.99394347240916,119.99394347240916,True,exclude_below_local_dapi_mean
FR6-3,3,9,1,ARC,156,410.43589743589746,1082.871794871795,1486,119.99394347240916,119.99394347240916,False,retain
FR6-3,3,10,1,ARC,214,437.9485981308411,522.9018691588785,1486,119.99394347240916,119.99394347240916,False,retain
FR6-3,3,11,1,ARC,114,449.2105263157895,1144.561403508772,1486,119.99394347240916,119.99394347240916,True,exclude_below_local_dapi_mean
FR6-3,3,12,1,ARC,212,461.33962264150944,1231.0566037735848,1486,119.99394347240916,119.99394347240916,False,retain
FR6-3,3,13,1,ARC,183,461.05464480874315,1482.5245901639344,1486,119.99394347240916,119.99394347240916,False,retain
FR6-3,3,14,1,ARC,189,471.64550264550263,478.5238095238095,1486,119.99394347240916,119.99394347240916,False,retain
FR6-3,3,15,1,ARC,169,474.0414201183432,541.4082840236687,1486,119.99394347240916,119.99394347240916,False,retain
FR6-3,3,16,1,ARC,238,476.0546218487395,1395.7268907563025,1486,119.99394347240916,119.99394347240916,False,retain
FR6-3,3,17,0,OUTSIDE_DELINEATED_REGIONS,202,475.88613861386136,105.2871287128713,1810,128.12541436464087,128.12541436464087,False,retain
FR6-3,3,18,1,ARC,228,480.2105263157895,619.9517543859649,1486,119.99394347240916,119.99394347240916,False,retain
FR6-3,3,19,0,OUTSIDE_DELINEATED_REGIONS,61,479.7049180327869,77.57377049180327,1810,128.12541436464087,128.12541436464087,True,exclude_below_local_dapi_mean
FR6-3,3,20,1,ARC,255,486.14509803921567,1370.3254901960784,1486,119.99394347240916,119.99394347240916,False,retain
FR6-3,3,21,1,ARC,223,487.2690582959641,1155.9775784753363,1486,119.99394347240916,119.99394347240916,False,retain
FR6-3,3,22,0,OUTSIDE_DELINEATED_REGIONS,250,488.78,144.332,1810,128.12541436464087,128.12541436464087,False,retain
FR6-3,3,23,1,ARC,184,493.8532608695652,1411.5869565217392,1486,119.99394347240916,119.99394347240916,False,retain
FR6-3,3,24,0,OUTSIDE_DELINEATED_REGIONS,193,497.7461139896373,1706.7720207253885,1810,128.12541436464087,128.12541436464087,False,retain
FR6-3,3,25,1,ARC,125,499.376,1195.088,1486,119.99394347240916,119.99394347240916,False,retain
FR6-3,3,26,1,ARC,191,506.020942408377,476.32984293193715,1486,119.99394347240916,119.99394347240916,False,retain
FR6-3,3,27,1,ARC,104,499.88461538461536,1395.9134615384614,1486,119.99394347240916,119.99394347240916,True,exclude_below_local_dapi_mean
FR6-3,3,28,1,ARC,87,508.14942528735634,1431.2183908045977,1486,119.99394347240916,119.99394347240916,True,exclude_below_local_dapi_mean
FR6-3,3,29,1,ARC,57,517.280701754386,1267.9298245614036,1486,119.99394347240916,119.99394347240916,True,exclude_below_local_dapi_mean
FR6-3,3,30,1,ARC,163,524.2760736196319,494.29447852760734,1486,119.99394347240916,119.99394347240916,False,retain
FR6-3,3,31,1,ARC,148,520.6756756756756,663.5337837837837,1486,119.99394347240916,119.99394347240916,False,retain
FR6-3,3,32,1,ARC,177,521.5310734463277,1251.8022598870057,1486,119.99394347240916,119.99394347240916,False,retain
FR6-3,3,33,1,ARC,168,522.8392857142857,409.89285714285717,1486,119.99394347240916,119.99394347240916,False,retain
FR6-3,3,34,1,ARC,199,523.5226130653266,303.7537688442211,1486,119.99394347240916,119.99394347240916,False,retain
FR6-3,3,35,1,ARC,118,523.7966101694915,521.7627118644068,1486,119.99394347240916,119.99394347240916,True,exclude_below_local_dapi_mean
FR6-3,3,36,1,ARC,247,527.1376518218624,1231.910931174089,1486,119.99394347240916,119.99394347240916,False,retain
FR6-3,3,37,1,ARC,105,522.5904761904762,1623.7619047619048,1486,119.99394347240916,119.99394347240916,True,exclude_below_local_dapi_mean
FR6-3,3,38,1,ARC,187,522.6898395721926,160.475935828877,1486,119.99394347240916,119.99394347240916,False,retain
FR6-3,3,39,1,ARC,167,534.7604790419161,1326.7784431137725,1486,119.99394347240916,119.99394347240916,False,retain
FR6-3,3,40,1,ARC,180,538.0666666666667,709.8055555555555,1486,119.99394347240916,119.99394347240916,False,retain
FR6-3,3,41,1,ARC,206,537.5339805825242,1513.5436893203882,1486,119.99394347240916,119.99394347240916,False,retain
FR6-3,3,42,1,ARC,172,547.546511627907,1308.656976744186,1486,119.99394347240916,119.99394347240916,False,retain
FR6-3,3,43,1,ARC,215,554.1860465116279,1156.4558139534884,1486,119.99394347240916,119.99394347240916,False,retain
FR6-3,3,44,1,ARC,301,558.6843853820598,544.1694352159468,1486,119.99394347240916,119.99394347240916,False,retain
FR6-3,3,45,1,ARC,151,562.0264900662252,364.18543046357615,1486,119.99394347240916,119.99394347240916,False,retain
FR6-3,3,46,1,ARC,297,570.8013468013468,407.3905723905724,1486,119.99394347240916,119.99394347240916,False,retain
FR6-3,3,47,1,ARC,234,574.9188034188035,570.1025641025641,1486,119.99394347240916,119.99394347240916,False,retain
FR6-3,3,48,1,ARC,170,573.0470588235294,1145.4823529411765,1486,119.99394347240916,119.99394347240916,False,retain
FR6-3,3,49,1,ARC,166,579.1325301204819,1486.1265060240964,1486,119.99394347240916,119.99394347240916,False,retain
FR6-3,3,50,1,ARC,98,585.6836734693877,471.09183673469386,1486,119.99394347240916,119.99394347240916,True,exclude_below_local_dapi_mean
FR6-3,3,51,1,ARC,221,587.9592760180996,393.27149321266967,1486,119.99394347240916,119.99394347240916,False,retain
FR6-3,3,52,1,ARC,156,593.8910256410256,530.0128205128206,1486,119.99394347240916,119.99394347240916,False,retain
FR6-3,3,53,1,ARC,160,595.30625,488.5375,1486,119.99394347240916,119.99394347240916,False,retain
FR6-3,3,54,1,ARC,185,607.1351351351351,1224.7135135135136,1486,119.99394347240916,119.99394347240916,False,retain
FR6-3,3,55,1,ARC,197,625.6446700507614,1235.3248730964467,1486,119.99394347240916,119.99394347240916,False,retain
FR6-3,3,56,1,ARC,172,626.8720930232558,1212.5348837209303,1486,119.99394347240916,119.99394347240916,False,retain
FR6-3,3,57,1,ARC,185,629.6864864864865,1257.2864864864864,1486,119.99394347240916,119.99394347240916,False,retain
FR6-3,3,58,1,ARC,213,645.018779342723,512.3145539906103,1486,119.99394347240916,119.99394347240916,False,retain
FR6-3,5,1,1,ARC,110,61.93636363636364,706.3454545454546,1281,119.67993754879001,119.67993754879001,True,exclude_below_local_dapi_mean
FR6-3,5,2,1,ARC,155,106.02580645161291,688.6258064516129,1281,119.67993754879001,119.67993754879001,False,retain
FR6-3,5,3,1,ARC,107,122.33644859813084,696.2710280373832,1281,119.67993754879001,119.67993754879001,True,exclude_below_local_dapi_mean
FR6-3,5,4,1,ARC,133,132.25563909774436,679.9774436090225,1281,119.67993754879001,119.67993754879001,False,retain
FR6-3,5,5,1,ARC,93,152.08602150537635,624.1612903225806,1281,119.67993754879001,119.67993754879001,True,exclude_below_local_dapi_mean
FR6-3,5,6,1,ARC,139,164.41726618705036,644.0863309352518,1281,119.67993754879001,119.67993754879001,False,retain
FR6-3,5,7,1,ARC,331,180.83987915407855,1067.4108761329305,1281,119.67993754879001,119.67993754879001,False,retain
FR6-3,5,8,1,ARC,133,187.06015037593986,680.5263157894736,1281,119.67993754879001,119.67993754879001,False,retain
FR6-3,5,9,1,ARC,115,227.11304347826086,633.5043478260869,1281,119.67993754879001,119.67993754879001,True,exclude_below_local_dapi_mean
FR6-3,5,10,1,ARC,201,241.06467661691542,1048.233830845771,1281,119.67993754879001,119.67993754879001,False,retain
FR6-3,5,11,1,ARC,153,256.9738562091503,657.9215686274509,1281,119.67993754879001,119.67993754879001,False,retain
FR6-3,5,12,0,OUTSIDE_DELINEATED_REGIONS,224,291.9732142857143,125.16964285714286,1041,128.716618635927,128.716618635927,False,retain
FR6-3,5,13,1,ARC,152,297.11842105263156,667.6513157894736,1281,119.67993754879001,119.67993754879001,False,retain
FR6-3,5,14,1,ARC,205,313.76585365853657,1169.6829268292684,1281,119.67993754879001,119.67993754879001,False,retain
FR6-3,5,15,1,ARC,215,321.26976744186044,1207.4883720930231,1281,119.67993754879001,119.67993754879001,False,retain
FR6-3,5,16,1,ARC,279,329.326164874552,578.3691756272401,1281,119.67993754879001,119.67993754879001,False,retain
FR6-3,5,17,1,ARC,263,352.3422053231939,620.1863117870722,1281,119.67993754879001,119.67993754879001,False,retain
FR6-3,5,18,1,ARC,179,353.05027932960894,1134.441340782123,1281,119.67993754879001,119.67993754879001,False,retain
FR6-3,5,19,1,ARC,181,352.9226519337017,1149.0994475138123,1281,119.67993754879001,119.67993754879001,False,retain
FR6-3,5,20,1,ARC,64,358.75,1310.34375,1281,119.67993754879001,119.67993754879001,True,exclude_below_local_dapi_mean
FR6-3,5,21,1,ARC,136,393.8382352941176,1278.6691176470588,1281,119.67993754879001,119.67993754879001,False,retain
FR6-3,5,22,0,OUTSIDE_DELINEATED_REGIONS,217,403.21198156682027,1648.5852534562212,1041,128.716618635927,128.716618635927,False,retain
FR6-3,5,23,1,ARC,199,409.0150753768844,296.24120603015075,1281,119.67993754879001,119.67993754879001,False,retain
FR6-3,5,24,1,ARC,264,409.4015151515151,1534.8068181818182,1281,119.67993754879001,119.67993754879001,False,retain
FR6-3,5,25,1,ARC,175,412.60571428571427,1323.0114285714285,1281,119.67993754879001,119.67993754879001,False,retain
FR6-3,5,26,1,ARC,124,413.6774193548387,1257.3467741935483,1281,119.67993754879001,119.67993754879001,False,retain
FR6-3,5,27,1,ARC,139,421.3093525179856,1239.3093525179856,1281,119.67993754879001,119.67993754879001,False,retain
FR6-3,5,28,1,ARC,121,427.0,1187.6528925619834,1281,119.67993754879001,119.67993754879001,False,retain
FR6-3,5,29,1,ARC,218,435.3440366972477,355.5275229357798,1281,119.67993754879001,119.67993754879001,False,retain
FR6-3,5,30,1,ARC,88,433.09090909090907,1200.8636363636363,1281,119.67993754879001,119.67993754879001,True,exclude_below_local_dapi_mean
FR6-3,5,31,1,ARC,231,442.43722943722946,1131.3030303030303,1281,119.67993754879001,119.67993754879001,False,retain
FR6-3,5,32,1,ARC,185,449.4864864864865,424.9135135135135,1281,119.67993754879001,119.67993754879001,False,retain
FR6-3,5,33,1,ARC,131,448.8625954198473,1103.442748091603,1281,119.67993754879001,119.67993754879001,False,retain
FR6-3,5,34,1,ARC,132,449.97727272727275,575.1666666666666,1281,119.67993754879001,119.67993754879001,False,retain
FR6-3,5,35,1,ARC,181,458.96685082872926,645.7624309392265,1281,119.67993754879001,119.67993754879001,False,retain
FR6-3,5,36,1,ARC,221,461.71493212669685,1400.8823529411766,1281,119.67993754879001,119.67993754879001,False,retain
FR6-3,5,37,1,ARC,281,469.5302491103203,1429.7330960854092,1281,119.67993754879001,119.67993754879001,False,retain
FR6-3,5,38,1,ARC,85,464.61176470588236,286.90588235294115,1281,119.67993754879001,119.67993754879001,True,exclude_below_local_dapi_mean
FR6-3,5,39,1,ARC,115,470.3304347826087,377.704347826087,1281,119.67993754879001,119.67993754879001,True,exclude_below_local_dapi_mean
FR6-3,5,40,1,ARC,126,473.42857142857144,497.7142857142857,1281,119.67993754879001,119.67993754879001,False,retain
FR6-3,5,41,1,ARC,338,480.73668639053255,431.0887573964497,1281,119.67993754879001,119.67993754879001,False,retain
FR6-3,5,42,1,ARC,134,482.93283582089555,173.61940298507463,1281,119.67993754879001,119.67993754879001,False,retain
FR6-3,5,43,1,ARC,275,494.34909090909093,531.7709090909091,1281,119.67993754879001,119.67993754879001,False,retain
FR6-3,5,44,1,ARC,123,507.8617886178862,267.5447154471545,1281,119.67993754879001,119.67993754879001,False,retain
FR6-3,5,45,1,ARC,170,508.1294117647059,595.2235294117647,1281,119.67993754879001,119.67993754879001,False,retain
FR6-3,5,46,1,ARC,107,506.6261682242991,1124.5046728971963,1281,119.67993754879001,119.67993754879001,True,exclude_below_local_dapi_mean
FR6-3,5,47,1,ARC,220,509.59090909090907,1456.8636363636363,1281,119.67993754879001,119.67993754879001,False,retain
FR6-3,5,48,1,ARC,118,507.90677966101697,1355.1694915254238,1281,119.67993754879001,119.67993754879001,True,exclude_below_local_dapi_mean
FR6-3,5,49,1,ARC,148,519.3445945945946,1100.2972972972973,1281,119.67993754879001,119.67993754879001,False,retain
FR6-3,5,50,1,ARC,260,527.2307692307693,596.7384615384616,1281,119.67993754879001,119.67993754879001,False,retain
FR6-3,1,1,1,ARC,173,175.95953757225433,1126.150289017341,1512,127.3181216931217,127.3181216931217,False,retain
FR6-3,1,2,1,ARC,40,188.05,651.175,1512,127.3181216931217,127.3181216931217,True,exclude_below_local_dapi_mean
FR6-3,1,3,1,ARC,62,245.0483870967742,1042.3064516129032,1512,127.3181216931217,127.3181216931217,True,exclude_below_local_dapi_mean
FR6-3,1,4,1,ARC,275,283.0763636363636,690.4872727272727,1512,127.3181216931217,127.3181216931217,False,retain
FR6-3,1,5,1,ARC,122,304.7049180327869,1108.9180327868853,1512,127.3181216931217,127.3181216931217,True,exclude_below_local_dapi_mean
FR6-3,1,6,1,ARC,231,316.31601731601734,1045.121212121212,1512,127.3181216931217,127.3181216931217,False,retain
FR6-3,1,7,1,ARC,270,328.65185185185186,670.4740740740741,1512,127.3181216931217,127.3181216931217,False,retain
FR6-3,1,8,1,ARC,207,329.8550724637681,589.135265700483,1512,127.3181216931217,127.3181216931217,False,retain
FR6-3,1,9,1,ARC,155,339.36129032258066,636.6,1512,127.3181216931217,127.3181216931217,False,retain
FR6-3,1,10,1,ARC,203,351.5566502463054,584.1428571428571,1512,127.3181216931217,127.3181216931217,False,retain
FR6-3,1,11,1,ARC,299,355.4581939799331,1123.675585284281,1512,127.3181216931217,127.3181216931217,False,retain
FR6-3,1,12,1,ARC,149,372.0738255033557,574.8724832214765,1512,127.3181216931217,127.3181216931217,False,retain
FR6-3,1,13,1,ARC,263,381.22433460076047,1204.634980988593,1512,127.3181216931217,127.3181216931217,False,retain
FR6-3,1,14,1,ARC,164,392.8658536585366,503.780487804878,1512,127.3181216931217,127.3181216931217,False,retain
FR6-3,1,15,1,ARC,170,397.77647058823527,572.564705882353,1512,127.3181216931217,127.3181216931217,False,retain
FR6-3,1,16,1,ARC,196,406.4183673469388,639.0816326530612,1512,127.3181216931217,127.3181216931217,False,retain
FR6-3,1,17,1,ARC,245,415.55918367346936,547.0,1512,127.3181216931217,127.3181216931217,False,retain
FR6-3,1,18,1,ARC,245,432.7061224489796,575.0204081632653,1512,127.3181216931217,127.3181216931217,False,retain
FR6-3,1,19,1,ARC,196,446.4795918367347,430.0816326530612,1512,127.3181216931217,127.3181216931217,False,retain
FR6-3,1,20,1,ARC,287,460.33449477351917,504.4146341463415,1512,127.3181216931217,127.3181216931217,False,retain
FR6-3,1,21,1,ARC,173,467.4971098265896,1120.3815028901734,1512,127.3181216931217,127.3181216931217,False,retain
FR6-3,1,22,1,ARC,216,468.037037037037,1270.4490740740741,1512,127.3181216931217,127.3181216931217,False,retain
FR6-3,1,23,1,ARC,134,472.93283582089555,1398.186567164179,1512,127.3181216931217,127.3181216931217,False,retain
FR6-3,1,24,1,ARC,64,472.375,359.515625,1512,127.3181216931217,127.3181216931217,True,exclude_below_local_dapi_mean
FR6-3,1,25,1,ARC,181,477.78453038674036,1244.486187845304,1512,127.3181216931217,127.3181216931217,False,retain
FR6-3,1,26,1,ARC,130,500.6461538461538,619.223076923077,1512,127.3181216931217,127.3181216931217,False,retain
FR6-3,1,27,1,ARC,75,502.37333333333333,1305.7733333333333,1512,127.3181216931217,127.3181216931217,True,exclude_below_local_dapi_mean
FR6-3,1,28,1,ARC,205,508.3707317073171,671.5951219512195,1512,127.3181216931217,127.3181216931217,False,retain
FR6-3,1,29,1,ARC,114,512.140350877193,1060.6842105263158,1512,127.3181216931217,127.3181216931217,True,exclude_below_local_dapi_mean
FR6-3,1,30,1,ARC,90,510.94444444444446,1119.9333333333334,1512,127.3181216931217,127.3181216931217,True,exclude_below_local_dapi_mean
FR6-3,1,31,1,ARC,181,522.0055248618785,482.3370165745856,1512,127.3181216931217,127.3181216931217,False,retain
FR6-3,1,32,1,ARC,241,536.0912863070539,1171.7551867219918,1512,127.3181216931217,127.3181216931217,False,retain
FR6-3,1,33,1,ARC,192,538.4375,403.6041666666667,1512,127.3181216931217,127.3181216931217,False,retain
FR6-3,1,34,1,ARC,119,539.3865546218487,1100.8487394957983,1512,127.3181216931217,127.3181216931217,True,exclude_below_local_dapi_mean
FR6-3,1,35,1,ARC,185,543.0972972972972,554.7567567567568,1512,127.3181216931217,127.3181216931217,False,retain
FR6-3,1,36,1,ARC,164,547.2439024390244,242.7987804878049,1512,127.3181216931217,127.3181216931217,False,retain
FR6-3,1,37,1,ARC,138,551.1884057971015,301.2173913043478,1512,127.3181216931217,127.3181216931217,False,retain
FR6-3,1,38,1,ARC,195,556.9846153846154,359.16410256410256,1512,127.3181216931217,127.3181216931217,False,retain
FR6-3,1,39,1,ARC,151,563.4370860927153,1256.635761589404,1512,127.3181216931217,127.3181216931217,False,retain
FR6-3,1,40,1,ARC,238,569.8319327731092,448.718487394958,1512,127.3181216931217,127.3181216931217,False,retain
FR6-3,1,41,1,ARC,215,570.893023255814,1180.093023255814,1512,127.3181216931217,127.3181216931217,False,retain
FR6-3,1,42,1,ARC,117,608.4444444444445,1104.094017094017,1512,127.3181216931217,127.3181216931217,True,exclude_below_local_dapi_mean
FR6-3,1,43,1,ARC,142,617.0,1360.6760563380283,1512,127.3181216931217,127.3181216931217,False,retain
FR6-3,2,1,1,ARC,89,192.43820224719101,806.4044943820224,1420,120.89577464788732,120.89577464788732,True,exclude_below_local_dapi_mean
FR6-3,2,2,1,ARC,54,195.07407407407408,773.8148148148148,1420,120.89577464788732,120.89577464788732,True,exclude_below_local_dapi_mean
FR6-3,2,3,0,OUTSIDE_DELINEATED_REGIONS,132,337.9848484848485,163.6590909090909,1545,126.8252427184466,126.8252427184466,False,retain
FR6-3,2,4,0,OUTSIDE_DELINEATED_REGIONS,108,349.05555555555554,170.25925925925927,1545,126.8252427184466,126.8252427184466,True,exclude_below_local_dapi_mean
FR6-3,2,5,0,OUTSIDE_DELINEATED_REGIONS,88,354.70454545454544,1534.5454545454545,1545,126.8252427184466,126.8252427184466,True,exclude_below_local_dapi_mean
FR6-3,2,6,0,OUTSIDE_DELINEATED_REGIONS,99,366.8181818181818,1522.020202020202,1545,126.8252427184466,126.8252427184466,True,exclude_below_local_dapi_mean
FR6-3,2,7,1,ARC,143,371.0699300699301,1109.6153846153845,1420,120.89577464788732,120.89577464788732,False,retain
FR6-3,2,8,1,ARC,210,378.1666666666667,715.1047619047619,1420,120.89577464788732,120.89577464788732,False,retain
FR6-3,2,9,0,OUTSIDE_DELINEATED_REGIONS,384,396.7135416666667,381.1302083333333,1545,126.8252427184466,126.8252427184466,False,retain
FR6-3,2,10,0,OUTSIDE_DELINEATED_REGIONS,297,398.44781144781143,1561.3670033670035,1545,126.8252427184466,126.8252427184466,False,retain
FR6-3,2,11,1,ARC,220,399.1181818181818,1460.9272727272728,1420,120.89577464788732,120.89577464788732,False,retain
FR6-3,2,12,1,ARC,147,400.4013605442177,1196.2721088435374,1420,120.89577464788732,120.89577464788732,False,retain
FR6-3,2,13,1,ARC,351,411.81481481481484,762.8547008547008,1420,120.89577464788732,120.89577464788732,False,retain
FR6-3,2,14,1,ARC,289,411.8166089965398,697.8719723183391,1420,120.89577464788732,120.89577464788732,False,retain
FR6-3,2,15,1,ARC,228,418.9824561403509,719.6271929824561,1420,120.89577464788732,120.89577464788732,False,retain
FR6-3,2,16,0,OUTSIDE_DELINEATED_REGIONS,99,417.5656565656566,177.64646464646464,1545,126.8252427184466,126.8252427184466,True,exclude_below_local_dapi_mean
FR6-3,2,17,1,ARC,169,419.53846153846155,524.7396449704142,1420,120.89577464788732,120.89577464788732,False,retain
FR6-3,2,18,1,ARC,176,423.35227272727275,1333.0625,1420,120.89577464788732,120.89577464788732,False,retain
FR6-3,2,19,0,OUTSIDE_DELINEATED_REGIONS,202,425.6930693069307,206.15346534653466,1545,126.8252427184466,126.8252427184466,False,retain
FR6-3,2,20,1,ARC,461,436.2125813449024,511.09544468546636,1420,120.89577464788732,120.89577464788732,False,retain
FR6-3,2,21,1,ARC,126,438.77777777777777,718.8809523809524,1420,120.89577464788732,120.89577464788732,False,retain
FR6-3,2,22,1,ARC,351,449.3618233618234,1540.2991452991453,1420,120.89577464788732,120.89577464788732,False,retain
FR6-3,2,23,1,ARC,213,445.8544600938967,1198.2112676056338,1420,120.89577464788732,120.89577464788732,False,retain
FR6-3,2,24,1,ARC,181,446.6132596685083,1217.7182320441989,1420,120.89577464788732,120.89577464788732,False,retain
FR6-3,2,25,1,ARC,317,449.84858044164037,1037.2996845425866,1420,120.89577464788732,120.89577464788732,False,retain
FR6-3,2,26,1,ARC,94,449.8085106382979,695.0744680851063,1420,120.89577464788732,120.89577464788732,True,exclude_below_local_dapi_mean
FR6-3,2,27,1,ARC,154,453.9025974025974,427.40909090909093,1420,120.89577464788732,120.89577464788732,False,retain
FR6-3,2,28,1,ARC,281,460.4021352313167,547.5338078291815,1420,120.89577464788732,120.89577464788732,False,retain
FR6-3,2,29,1,ARC,233,462.59656652360513,1589.4935622317596,1420,120.89577464788732,120.89577464788732,False,retain
FR6-3,2,30,1,ARC,179,466.5027932960894,663.8212290502794,1420,120.89577464788732,120.89577464788732,False,retain
FR6-3,2,31,0,OUTSIDE_DELINEATED_REGIONS,326,467.97546012269936,1653.3190184049079,1545,126.8252427184466,126.8252427184466,False,retain
FR6-3,2,32,1,ARC,80,464.5875,1150.3375,1420,120.89577464788732,120.89577464788732,True,exclude_below_local_dapi_mean
FR6-3,2,33,0,OUTSIDE_DELINEATED_REGIONS,123,468.2276422764228,1841.6341463414635,1545,126.8252427184466,126.8252427184466,True,exclude_below_local_dapi_mean
FR6-3,2,34,1,ARC,94,482.48936170212767,1248.4893617021276,1420,120.89577464788732,120.89577464788732,True,exclude_below_local_dapi_mean
FR6-3,2,35,1,ARC,180,488.40555555555557,659.05,1420,120.89577464788732,120.89577464788732,False,retain
FR6-3,2,36,1,ARC,219,494.8447488584475,1314.6347031963471,1420,120.89577464788732,120.89577464788732,False,retain
FR6-3,2,37,1,ARC,305,502.31475409836065,1238.8360655737704,1420,120.89577464788732,120.89577464788732,False,retain
FR6-3,2,38,1,ARC,263,501.68441064638785,706.0722433460076,1420,120.89577464788732,120.89577464788732,False,retain
FR6-3,2,39,1,ARC,263,504.0532319391635,1158.2699619771863,1420,120.89577464788732,120.89577464788732,False,retain
FR6-3,2,40,1,ARC,205,505.45365853658535,1343.1073170731706,1420,120.89577464788732,120.89577464788732,False,retain
FR6-3,2,41,1,ARC,189,507.70899470899474,1507.4391534391534,1420,120.89577464788732,120.89577464788732,False,retain
FR6-3,2,42,1,ARC,97,506.22680412371136,369.4742268041237,1420,120.89577464788732,120.89577464788732,True,exclude_below_local_dapi_mean
FR6-3,2,43,1,ARC,178,523.8932584269663,1153.6797752808989,1420,120.89577464788732,120.89577464788732,False,retain
FR6-3,2,44,1,ARC,193,525.1243523316062,1283.4559585492227,1420,120.89577464788732,120.89577464788732,False,retain
FR6-3,2,45,1,ARC,272,526.1838235294117,1543.0698529411766,1420,120.89577464788732,120.89577464788732,False,retain
FR6-3,2,46,1,ARC,237,532.5400843881856,528.620253164557,1420,120.89577464788732,120.89577464788732,False,retain
FR6-3,2,47,1,ARC,212,533.4622641509434,571.8254716981132,1420,120.89577464788732,120.89577464788732,False,retain
FR6-3,2,48,1,ARC,497,545.6559356136821,691.102615694165,1420,120.89577464788732,120.89577464788732,False,retain
FR6-3,2,49,1,ARC,130,538.8846153846154,1105.4307692307693,1420,120.89577464788732,120.89577464788732,False,retain
FR6-3,2,50,1,ARC,205,542.619512195122,1175.7268292682927,1420,120.89577464788732,120.89577464788732,False,retain
FR6-3,2,51,1,ARC,154,541.6818181818181,1255.922077922078,1420,120.89577464788732,120.89577464788732,False,retain
FR6-3,2,52,1,ARC,123,555.3577235772358,1133.0569105691056,1420,120.89577464788732,120.89577464788732,False,retain
FR6-3,2,53,1,ARC,157,558.4649681528663,1237.343949044586,1420,120.89577464788732,120.89577464788732,False,retain
FR6-3,2,54,1,ARC,136,564.5441176470588,1077.0808823529412,1420,120.89577464788732,120.89577464788732,False,retain
FR6-3,2,55,1,ARC,123,578.040650406504,1216.6097560975609,1420,120.89577464788732,120.89577464788732,False,retain
FR6-3,2,56,1,ARC,547,590.0676416819013,649.5575868372944,1420,120.89577464788732,120.89577464788732,False,retain
FR6-3,2,57,2,ME,156,589.2435897435897,960.1217948717949,105,110.57142857142857,110.57142857142857,False,retain
FR6-3,2,58,2,ME,218,596.697247706422,994.3623853211009,105,110.57142857142857,110.57142857142857,False,retain
FR6-3,2,59,2,ME,127,608.511811023622,854.6062992125984,105,110.57142857142857,110.57142857142857,False,retain
FR6-3,2,60,1,ARC,143,611.5104895104895,804.3986013986014,1420,120.89577464788732,120.89577464788732,False,retain
FR6-3,2,61,1,ARC,39,613.3333333333334,1144.1025641025642,1420,120.89577464788732,120.89577464788732,True,exclude_below_local_dapi_mean
FR6-3,2,62,1,ARC,49,619.1224489795918,1115.0204081632653,1420,120.89577464788732,120.89577464788732,True,exclude_below_local_dapi_mean
FR6-3,2,63,2,ME,183,628.0546448087432,844.4043715846994,105,110.57142857142857,110.57142857142857,False,retain
FR8-1(R),1,1,1,ARC,125,253.44,686.128,1283,98.50428682774746,98.50428682774746,False,retain
FR8-1(R),1,2,1,ARC,120,274.7083333333333,795.6083333333333,1283,98.50428682774746,98.50428682774746,False,retain
FR8-1(R),1,3,0,OUTSIDE_DELINEATED_REGIONS,239,296.9581589958159,301.0041841004184,1531,98.24101894186806,98.24101894186806,False,retain
FR8-1(R),1,4,1,ARC,170,314.24117647058824,1119.3294117647058,1283,98.50428682774746,98.50428682774746,False,retain
FR8-1(R),1,5,1,ARC,288,335.7291666666667,519.0625,1283,98.50428682774746,98.50428682774746,False,retain
FR8-1(R),1,6,1,ARC,152,336.1644736842105,659.2565789473684,1283,98.50428682774746,98.50428682774746,False,retain
FR8-1(R),1,7,1,ARC,165,345.05454545454546,596.1272727272727,1283,98.50428682774746,98.50428682774746,False,retain
FR8-1(R),1,8,0,OUTSIDE_DELINEATED_REGIONS,59,344.91525423728814,1342.3050847457628,1531,98.24101894186806,98.24101894186806,True,exclude_below_local_dapi_mean
FR8-1(R),1,9,1,ARC,191,348.05759162303667,344.5759162303665,1283,98.50428682774746,98.50428682774746,False,retain
FR8-1(R),1,10,0,OUTSIDE_DELINEATED_REGIONS,85,350.91764705882355,1355.0823529411764,1531,98.24101894186806,98.24101894186806,True,exclude_below_local_dapi_mean
FR8-1(R),1,11,0,OUTSIDE_DELINEATED_REGIONS,193,358.4974093264249,236.69430051813472,1531,98.24101894186806,98.24101894186806,False,retain
FR8-1(R),1,12,1,ARC,239,367.30962343096235,510.1966527196653,1283,98.50428682774746,98.50428682774746,False,retain
FR8-1(R),1,13,1,ARC,123,369.0162601626016,584.439024390244,1283,98.50428682774746,98.50428682774746,False,retain
FR8-1(R),1,14,1,ARC,126,393.6984126984127,1130.611111111111,1283,98.50428682774746,98.50428682774746,False,retain
FR8-1(R),1,15,1,ARC,270,403.26296296296294,285.4,1283,98.50428682774746,98.50428682774746,False,retain
FR8-1(R),1,16,1,ARC,182,401.3791208791209,1210.6703296703297,1283,98.50428682774746,98.50428682774746,False,retain
FR8-1(R),1,17,1,ARC,118,401.14406779661016,683.5677966101695,1283,98.50428682774746,98.50428682774746,False,retain
FR8-1(R),1,18,1,ARC,222,405.3738738738739,1119.045045045045,1283,98.50428682774746,98.50428682774746,False,retain
FR8-1(R),1,19,1,ARC,95,411.33684210526314,1293.7157894736843,1283,98.50428682774746,98.50428682774746,True,exclude_below_local_dapi_mean
FR8-1(R),1,20,1,ARC,212,419.70754716981133,1223.2075471698113,1283,98.50428682774746,98.50428682774746,False,retain
FR8-1(R),1,21,1,ARC,178,422.185393258427,331.96629213483146,1283,98.50428682774746,98.50428682774746,False,retain
FR8-1(R),1,22,1,ARC,90,419.14444444444445,1327.6333333333334,1283,98.50428682774746,98.50428682774746,True,exclude_below_local_dapi_mean
FR8-1(R),1,23,1,ARC,179,424.804469273743,1391.9329608938547,1283,98.50428682774746,98.50428682774746,False,retain
FR8-1(R),1,24,1,ARC,72,427.0416666666667,593.9444444444445,1283,98.50428682774746,98.50428682774746,True,exclude_below_local_dapi_mean
FR8-1(R),1,25,1,ARC,252,435.5238095238095,1132.968253968254,1283,98.50428682774746,98.50428682774746,False,retain
FR8-1(R),1,26,0,OUTSIDE_DELINEATED_REGIONS,224,431.4419642857143,1463.8482142857142,1531,98.24101894186806,98.24101894186806,False,retain
FR8-1(R),1,27,1,ARC,115,430.61739130434785,579.0956521739131,1283,98.50428682774746,98.50428682774746,False,retain
FR8-1(R),1,28,1,ARC,51,436.4117647058824,410.52941176470586,1283,98.50428682774746,98.50428682774746,True,exclude_below_local_dapi_mean
FR8-1(R),1,29,1,ARC,58,442.62068965517244,424.82758620689657,1283,98.50428682774746,98.50428682774746,True,exclude_below_local_dapi_mean
FR8-1(R),1,30,1,ARC,159,446.33962264150944,1043.7358490566037,1283,98.50428682774746,98.50428682774746,False,retain
FR8-1(R),1,31,1,ARC,80,443.7375,649.9875,1283,98.50428682774746,98.50428682774746,True,exclude_below_local_dapi_mean
FR8-1(R),1,32,1,ARC,81,446.679012345679,1084.469135802469,1283,98.50428682774746,98.50428682774746,True,exclude_below_local_dapi_mean
FR8-1(R),1,33,1,ARC,130,448.61538461538464,537.5538461538462,1283,98.50428682774746,98.50428682774746,False,retain
FR8-1(R),1,34,1,ARC,197,455.51776649746193,1255.472081218274,1283,98.50428682774746,98.50428682774746,False,retain
FR8-1(R),1,35,1,ARC,192,455.0729166666667,587.4895833333334,1283,98.50428682774746,98.50428682774746,False,retain
FR8-1(R),1,36,1,ARC,213,462.22535211267603,691.4647887323944,1283,98.50428682774746,98.50428682774746,False,retain
FR8-1(R),1,37,1,ARC,94,460.531914893617,602.8085106382979,1283,98.50428682774746,98.50428682774746,True,exclude_below_local_dapi_mean
FR8-1(R),1,38,1,ARC,250,467.444,1141.24,1283,98.50428682774746,98.50428682774746,False,retain
FR8-1(R),1,39,1,ARC,207,466.17874396135267,564.0483091787439,1283,98.50428682774746,98.50428682774746,False,retain
FR8-1(R),1,40,1,ARC,86,467.74418604651163,513.8604651162791,1283,98.50428682774746,98.50428682774746,True,exclude_below_local_dapi_mean
FR8-1(R),1,41,1,ARC,298,484.51006711409394,1074.278523489933,1283,98.50428682774746,98.50428682774746,False,retain
FR8-1(R),1,42,1,ARC,180,488.0,670.1444444444444,1283,98.50428682774746,98.50428682774746,False,retain
FR8-1(R),1,43,1,ARC,50,487.58,1097.4,1283,98.50428682774746,98.50428682774746,True,exclude_below_local_dapi_mean
FR8-1(R),1,44,1,ARC,62,502.1290322580645,1070.516129032258,1283,98.50428682774746,98.50428682774746,True,exclude_below_local_dapi_mean
FR8-1(R),1,45,1,ARC,104,504.4807692307692,1286.4423076923076,1283,98.50428682774746,98.50428682774746,False,retain
FR8-1(R),1,46,1,ARC,210,511.3333333333333,1357.7238095238095,1283,98.50428682774746,98.50428682774746,False,retain
FR8-1(R),1,47,1,ARC,96,508.7708333333333,494.4583333333333,1283,98.50428682774746,98.50428682774746,True,exclude_below_local_dapi_mean
FR8-1(R),1,48,1,ARC,128,530.0625,1243.9453125,1283,98.50428682774746,98.50428682774746,False,retain
FR8-1(R),1,49,1,ARC,67,536.0298507462686,1142.2835820895523,1283,98.50428682774746,98.50428682774746,True,exclude_below_local_dapi_mean
FR8-1(R),1,50,1,ARC,210,559.495238095238,1330.557142857143,1283,98.50428682774746,98.50428682774746,False,retain
FR8-1(R),1,51,0,OUTSIDE_DELINEATED_REGIONS,81,556.8395061728395,1047.358024691358,1531,98.24101894186806,98.24101894186806,True,exclude_below_local_dapi_mean
FR8-1(R),1,52,2,ME,146,570.6232876712329,1007.6575342465753,225,93.93777777777778,93.93777777777778,False,retain
FR8-1(R),1,53,2,ME,207,577.5942028985507,1039.5458937198068,225,93.93777777777778,93.93777777777778,False,retain
FR8-1(R),2,1,1,ARC,191,231.97905759162305,783.8062827225131,1250,106.3048,106.3048,False,retain
FR8-1(R),2,2,1,ARC,173,281.4508670520231,1240.9826589595375,1250,106.3048,106.3048,False,retain
FR8-1(R),2,3,1,ARC,77,298.06493506493507,1273.8311688311687,1250,106.3048,106.3048,True,exclude_below_local_dapi_mean
FR8-1(R),2,4,1,ARC,141,313.86524822695037,663.1560283687943,1250,106.3048,106.3048,False,retain
FR8-1(R),2,5,1,ARC,140,315.49285714285713,1292.8142857142857,1250,106.3048,106.3048,False,retain
FR8-1(R),2,6,1,ARC,154,323.2142857142857,1242.3051948051948,1250,106.3048,106.3048,False,retain
FR8-1(R),2,7,1,ARC,319,340.25705329153607,638.7899686520376,1250,106.3048,106.3048,False,retain
FR8-1(R),2,8,1,ARC,159,348.74213836477986,704.6855345911949,1250,106.3048,106.3048,False,retain
FR8-1(R),2,9,1,ARC,122,365.1311475409836,664.6803278688525,1250,106.3048,106.3048,False,retain
FR8-1(R),2,10,1,ARC,210,386.66190476190474,1102.0238095238096,1250,106.3048,106.3048,False,retain
FR8-1(R),2,11,1,ARC,257,392.01556420233464,573.9221789883269,1250,106.3048,106.3048,False,retain
FR8-1(R),2,12,1,ARC,92,389.6195652173913,695.4347826086956,1250,106.3048,106.3048,True,exclude_below_local_dapi_mean
FR8-1(R),2,13,1,ARC,206,391.79126213592235,1211.7378640776699,1250,106.3048,106.3048,False,retain
FR8-1(R),2,14,1,ARC,235,417.2808510638298,1299.655319148936,1250,106.3048,106.3048,False,retain
FR8-1(R),2,15,0,OUTSIDE_DELINEATED_REGIONS,156,418.8269230769231,1551.1923076923076,1685,97.44688427299704,97.44688427299704,False,retain
FR8-1(R),2,16,1,ARC,252,440.7936507936508,782.0515873015873,1250,106.3048,106.3048,False,retain
FR8-1(R),2,17,0,OUTSIDE_DELINEATED_REGIONS,203,456.81773399014776,1576.9064039408868,1685,97.44688427299704,97.44688427299704,False,retain
FR8-1(R),2,18,1,ARC,147,465.9591836734694,727.952380952381,1250,106.3048,106.3048,False,retain
FR8-1(R),2,19,1,ARC,187,467.90909090909093,593.7326203208556,1250,106.3048,106.3048,False,retain
FR8-1(R),2,20,1,ARC,234,473.0128205128205,627.9700854700855,1250,106.3048,106.3048,False,retain
FR8-1(R),2,21,1,ARC,175,470.36571428571426,1463.8628571428571,1250,106.3048,106.3048,False,retain
FR8-1(R),2,22,1,ARC,97,473.4742268041237,1527.9381443298969,1250,106.3048,106.3048,True,exclude_below_local_dapi_mean
FR8-1(R),2,23,1,ARC,151,479.03973509933775,1339.8079470198675,1250,106.3048,106.3048,False,retain
FR8-1(R),2,24,1,ARC,244,485.39344262295083,715.8360655737705,1250,106.3048,106.3048,False,retain
FR8-1(R),2,25,1,ARC,227,484.647577092511,736.1497797356828,1250,106.3048,106.3048,False,retain
FR8-1(R),2,26,1,ARC,337,491.406528189911,788.1543026706231,1250,106.3048,106.3048,False,retain
FR8-1(R),2,27,0,OUTSIDE_DELINEATED_REGIONS,149,485.5771812080537,1611.765100671141,1685,97.44688427299704,97.44688427299704,False,retain
FR8-1(R),2,28,1,ARC,192,491.875,668.2708333333334,1250,106.3048,106.3048,False,retain
FR8-1(R),2,29,1,ARC,163,501.6687116564417,760.5153374233129,1250,106.3048,106.3048,False,retain
FR8-1(R),2,30,1,ARC,369,509.3008130081301,1256.271002710027,1250,106.3048,106.3048,False,retain
FR8-1(R),2,31,1,ARC,216,509.69444444444446,1553.0462962962963,1250,106.3048,106.3048,False,retain
FR8-1(R),2,32,1,ARC,168,510.7261904761905,1405.8988095238096,1250,106.3048,106.3048,False,retain
FR8-1(R),2,33,1,ARC,226,521.9734513274336,650.2212389380531,1250,106.3048,106.3048,False,retain
FR8-1(R),2,34,1,ARC,84,518.8333333333334,774.5,1250,106.3048,106.3048,True,exclude_below_local_dapi_mean
FR8-1(R),2,35,1,ARC,172,527.2558139534884,1453.9941860465117,1250,106.3048,106.3048,False,retain
FR8-1(R),2,36,1,ARC,233,533.9613733905579,1229.206008583691,1250,106.3048,106.3048,False,retain
FR8-1(R),2,37,1,ARC,146,558.0890410958904,575.486301369863,1250,106.3048,106.3048,False,retain
FR8-1(R),2,38,1,ARC,100,567.7,1218.3,1250,106.3048,106.3048,True,exclude_below_local_dapi_mean
FR8-1(R),2,39,1,ARC,116,578.3879310344828,1335.301724137931,1250,106.3048,106.3048,False,retain
FR8-1(R),3,1,0,OUTSIDE_DELINEATED_REGIONS,74,246.77027027027026,1812.527027027027,1462,99.91450068399453,99.91450068399453,True,exclude_below_local_dapi_mean
FR8-1(R),3,2,1,ARC,100,270.18,655.12,1622,100.08692971639951,100.08692971639951,True,exclude_below_local_dapi_mean
FR8-1(R),3,3,1,ARC,179,295.2122905027933,769.9329608938548,1622,100.08692971639951,100.08692971639951,False,retain
FR8-1(R),3,4,1,ARC,135,302.0740740740741,695.4814814814815,1622,100.08692971639951,100.08692971639951,False,retain
FR8-1(R),3,5,1,ARC,208,318.33653846153845,1171.8509615384614,1622,100.08692971639951,100.08692971639951,False,retain
FR8-1(R),3,6,1,ARC,125,337.376,678.928,1622,100.08692971639951,100.08692971639951,False,retain
FR8-1(R),3,7,1,ARC,337,382.40949554896144,821.7418397626112,1622,100.08692971639951,100.08692971639951,False,retain
FR8-1(R),3,8,1,ARC,176,392.53409090909093,1359.2954545454545,1622,100.08692971639951,100.08692971639951,False,retain
FR8-1(R),3,9,1,ARC,379,401.03430079155675,1172.0554089709763,1622,100.08692971639951,100.08692971639951,False,retain
FR8-1(R),3,10,1,ARC,265,421.388679245283,662.5320754716981,1622,100.08692971639951,100.08692971639951,False,retain
FR8-1(R),3,11,1,ARC,121,419.27272727272725,454.2396694214876,1622,100.08692971639951,100.08692971639951,False,retain
FR8-1(R),3,12,1,ARC,202,420.08415841584156,1519.7326732673268,1622,100.08692971639951,100.08692971639951,False,retain
FR8-1(R),3,13,1,ARC,304,421.8717105263158,1256.0197368421052,1622,100.08692971639951,100.08692971639951,False,retain
FR8-1(R),3,14,1,ARC,143,422.2587412587413,422.6923076923077,1622,100.08692971639951,100.08692971639951,False,retain
FR8-1(R),3,15,1,ARC,96,428.6145833333333,682.0520833333334,1622,100.08692971639951,100.08692971639951,True,exclude_below_local_dapi_mean
FR8-1(R),3,16,1,ARC,131,428.5496183206107,554.7175572519084,1622,100.08692971639951,100.08692971639951,False,retain
FR8-1(R),3,17,1,ARC,244,435.5163934426229,705.811475409836,1622,100.08692971639951,100.08692971639951,False,retain
FR8-1(R),3,18,1,ARC,400,438.7975,385.2875,1622,100.08692971639951,100.08692971639951,False,retain
FR8-1(R),3,19,1,ARC,189,438.7566137566138,723.2222222222222,1622,100.08692971639951,100.08692971639951,False,retain
FR8-1(R),3,20,1,ARC,223,444.9372197309417,755.2690582959641,1622,100.08692971639951,100.08692971639951,False,retain
FR8-1(R),3,21,1,ARC,165,445.73333333333335,1465.2666666666667,1622,100.08692971639951,100.08692971639951,False,retain
FR8-1(R),3,22,1,ARC,239,447.5732217573222,672.0585774058577,1622,100.08692971639951,100.08692971639951,False,retain
FR8-1(R),3,23,1,ARC,148,453.02027027027026,556.2702702702703,1622,100.08692971639951,100.08692971639951,False,retain
FR8-1(R),3,24,1,ARC,602,463.63953488372096,1169.1461794019933,1622,100.08692971639951,100.08692971639951,False,retain
FR8-1(R),3,25,1,ARC,100,456.3,636.31,1622,100.08692971639951,100.08692971639951,True,exclude_below_local_dapi_mean
FR8-1(R),3,26,1,ARC,209,479.1291866028708,597.5311004784689,1622,100.08692971639951,100.08692971639951,False,retain
FR8-1(R),3,27,1,ARC,142,479.6619718309859,532.9366197183099,1622,100.08692971639951,100.08692971639951,False,retain
FR8-1(R),3,28,1,ARC,251,481.72908366533864,667.5418326693227,1622,100.08692971639951,100.08692971639951,False,retain
FR8-1(R),3,29,1,ARC,134,482.2686567164179,726.1865671641791,1622,100.08692971639951,100.08692971639951,False,retain
FR8-1(R),3,30,1,ARC,48,479.625,1213.2083333333333,1622,100.08692971639951,100.08692971639951,True,exclude_below_local_dapi_mean
FR8-1(R),3,31,1,ARC,190,485.18947368421055,786.4684210526316,1622,100.08692971639951,100.08692971639951,False,retain
FR8-1(R),3,32,1,ARC,76,483.42105263157896,1268.907894736842,1622,100.08692971639951,100.08692971639951,True,exclude_below_local_dapi_mean
FR8-1(R),3,33,1,ARC,226,496.6991150442478,1319.6725663716813,1622,100.08692971639951,100.08692971639951,False,retain
FR8-1(R),3,34,1,ARC,138,498.8623188405797,522.1304347826087,1622,100.08692971639951,100.08692971639951,False,retain
FR8-1(R),3,35,1,ARC,152,502.0131578947368,508.24342105263156,1622,100.08692971639951,100.08692971639951,False,retain
FR8-1(R),3,36,1,ARC,68,499.5,494.88235294117646,1622,100.08692971639951,100.08692971639951,True,exclude_below_local_dapi_mean
FR8-1(R),3,37,1,ARC,240,505.22083333333336,1448.85,1622,100.08692971639951,100.08692971639951,False,retain
FR8-1(R),3,38,1,ARC,239,507.1589958158996,614.5941422594142,1622,100.08692971639951,100.08692971639951,False,retain
FR8-1(R),3,39,1,ARC,102,504.44117647058823,1232.2156862745098,1622,100.08692971639951,100.08692971639951,False,retain
FR8-1(R),3,40,1,ARC,230,513.5739130434782,1303.0565217391304,1622,100.08692971639951,100.08692971639951,False,retain
FR8-1(R),3,41,1,ARC,230,516.0,1160.7,1622,100.08692971639951,100.08692971639951,False,retain
FR8-1(R),3,42,1,ARC,203,517.3103448275862,1192.0689655172414,1622,100.08692971639951,100.08692971639951,False,retain
FR8-1(R),3,43,1,ARC,178,521.5168539325842,1261.3932584269662,1622,100.08692971639951,100.08692971639951,False,retain
FR8-1(R),3,44,1,ARC,95,523.021052631579,1336.0736842105264,1622,100.08692971639951,100.08692971639951,True,exclude_below_local_dapi_mean
FR8-1(R),3,45,1,ARC,80,528.6375,524.6375,1622,100.08692971639951,100.08692971639951,True,exclude_below_local_dapi_mean
FR8-1(R),3,46,1,ARC,200,534.22,584.715,1622,100.08692971639951,100.08692971639951,False,retain
FR8-1(R),3,47,1,ARC,233,549.5793991416309,1249.7038626609442,1622,100.08692971639951,100.08692971639951,False,retain
FR8-1(R),3,48,1,ARC,183,551.7158469945355,1313.6830601092897,1622,100.08692971639951,100.08692971639951,False,retain
FR8-1(R),3,49,1,ARC,270,553.5703703703704,1355.3592592592593,1622,100.08692971639951,100.08692971639951,False,retain
FR8-1(R),3,50,1,ARC,161,553.8944099378882,1232.7080745341616,1622,100.08692971639951,100.08692971639951,False,retain
FR8-1(R),3,51,2,ME,49,656.0816326530612,795.6938775510204,114,109.87719298245614,109.87719298245614,True,exclude_below_local_dapi_mean
FR8-1(R),4,1,1,ARC,105,239.3904761904762,843.6380952380953,808,118.76237623762377,118.76237623762377,True,exclude_below_local_dapi_mean
FR8-1(R),4,2,0,OUTSIDE_DELINEATED_REGIONS,177,245.68926553672316,694.6158192090395,2112,115.75331439393939,115.75331439393939,False,retain
FR8-1(R),4,3,1,ARC,180,281.5444444444444,849.0055555555556,808,118.76237623762377,118.76237623762377,False,retain
FR8-1(R),4,4,1,ARC,376,312.48670212765956,1047.8590425531916,808,118.76237623762377,118.76237623762377,False,retain
FR8-1(R),4,5,0,OUTSIDE_DELINEATED_REGIONS,87,316.02298850574715,1135.7011494252874,2112,115.75331439393939,115.75331439393939,True,exclude_below_local_dapi_mean
FR8-1(R),4,6,1,ARC,109,323.4403669724771,820.7155963302753,808,118.76237623762377,118.76237623762377,True,exclude_below_local_dapi_mean
FR8-1(R),4,7,1,ARC,101,324.9009900990099,807.049504950495,808,118.76237623762377,118.76237623762377,True,exclude_below_local_dapi_mean
FR8-1(R),4,8,0,OUTSIDE_DELINEATED_REGIONS,208,340.90384615384613,1168.8125,2112,115.75331439393939,115.75331439393939,False,retain
FR8-1(R),4,9,1,ARC,103,348.9126213592233,1092.0582524271845,808,118.76237623762377,118.76237623762377,True,exclude_below_local_dapi_mean
FR8-1(R),4,10,0,OUTSIDE_DELINEATED_REGIONS,138,353.268115942029,1300.9130434782608,2112,115.75331439393939,115.75331439393939,False,retain
FR8-1(R),4,11,1,ARC,366,360.3825136612022,646.9125683060109,808,118.76237623762377,118.76237623762377,False,retain
FR8-1(R),4,12,1,ARC,209,360.2535885167464,838.7703349282297,808,118.76237623762377,118.76237623762377,False,retain
FR8-1(R),4,13,1,ARC,272,383.5845588235294,1031.4926470588234,808,118.76237623762377,118.76237623762377,False,retain
FR8-1(R),4,14,1,ARC,301,398.75083056478405,677.6013289036545,808,118.76237623762377,118.76237623762377,False,retain
FR8-1(R),4,15,1,ARC,165,407.73939393939395,1130.5939393939393,808,118.76237623762377,118.76237623762377,False,retain
FR8-1(R),4,16,1,ARC,286,420.6923076923077,1227.9825174825176,808,118.76237623762377,118.76237623762377,False,retain
FR8-1(R),4,17,1,ARC,134,421.589552238806,773.8880597014926,808,118.76237623762377,118.76237623762377,False,retain
FR8-1(R),4,18,1,ARC,208,451.5144230769231,562.3028846153846,808,118.76237623762377,118.76237623762377,False,retain
FR8-1(R),4,19,0,OUTSIDE_DELINEATED_REGIONS,224,450.0357142857143,1486.892857142857,2112,115.75331439393939,115.75331439393939,False,retain
FR8-1(R),4,20,1,ARC,356,456.4634831460674,1142.376404494382,808,118.76237623762377,118.76237623762377,False,retain
FR8-1(R),4,21,0,OUTSIDE_DELINEATED_REGIONS,125,455.76,1381.496,2112,115.75331439393939,115.75331439393939,False,retain
FR8-1(R),4,22,1,ARC,118,457.8474576271187,590.271186440678,808,118.76237623762377,118.76237623762377,True,exclude_below_local_dapi_mean
FR8-1(R),4,23,1,ARC,189,465.9470899470899,566.941798941799,808,118.76237623762377,118.76237623762377,False,retain
FR8-1(R),4,24,0,OUTSIDE_DELINEATED_REGIONS,243,472.2716049382716,474.8847736625514,2112,115.75331439393939,115.75331439393939,False,retain
FR8-1(R),4,25,0,OUTSIDE_DELINEATED_REGIONS,99,469.27272727272725,1361.7777777777778,2112,115.75331439393939,115.75331439393939,True,exclude_below_local_dapi_mean
FR8-1(R),4,26,0,OUTSIDE_DELINEATED_REGIONS,202,480.55445544554453,1340.460396039604,2112,115.75331439393939,115.75331439393939,False,retain
FR8-1(R),4,27,1,ARC,355,492.47042253521124,690.8056338028169,808,118.76237623762377,118.76237623762377,False,retain
FR8-1(R),4,28,0,OUTSIDE_DELINEATED_REGIONS,165,491.6787878787879,1372.0727272727272,2112,115.75331439393939,115.75331439393939,False,retain
FR8-1(R),4,29,0,OUTSIDE_DELINEATED_REGIONS,253,501.9841897233202,1345.9407114624505,2112,115.75331439393939,115.75331439393939,False,retain
FR8-1(R),4,30,1,ARC,195,502.16410256410256,670.025641025641,808,118.76237623762377,118.76237623762377,False,retain
FR8-1(R),4,31,1,ARC,125,507.624,1142.904,808,118.76237623762377,118.76237623762377,False,retain
FR8-1(R),4,32,1,ARC,166,516.3975903614457,702.1927710843373,808,118.76237623762377,118.76237623762377,False,retain
FR8-1(R),4,33,0,OUTSIDE_DELINEATED_REGIONS,170,520.6647058823529,450.75882352941176,2112,115.75331439393939,115.75331439393939,False,retain
FR8-1(R),4,34,1,ARC,268,531.3955223880597,834.4477611940298,808,118.76237623762377,118.76237623762377,False,retain
FR8-1(R),4,35,0,OUTSIDE_DELINEATED_REGIONS,180,534.0055555555556,369.6388888888889,2112,115.75331439393939,115.75331439393939,False,retain
FR8-1(R),4,36,1,ARC,128,535.4375,801.8515625,808,118.76237623762377,118.76237623762377,False,retain
FR8-1(R),4,37,1,ARC,405,550.5012345679012,1031.9234567901235,808,118.76237623762377,118.76237623762377,False,retain
FR8-1(R),4,38,1,ARC,310,550.5258064516129,1198.8258064516128,808,118.76237623762377,118.76237623762377,False,retain
FR8-1(R),4,39,1,ARC,95,558.7473684210527,1094.6315789473683,808,118.76237623762377,118.76237623762377,True,exclude_below_local_dapi_mean
FR8-1(R),4,40,1,ARC,203,579.1133004926108,1149.6945812807883,808,118.76237623762377,118.76237623762377,False,retain
FR8-1(R),4,41,1,ARC,412,591.6990291262136,506.9150485436893,808,118.76237623762377,118.76237623762377,False,retain
FR7-1,5,1,0,OUTSIDE_DELINEATED_REGIONS,86,108.68604651162791,1420.0581395348838,957,116.4367816091954,116.4367816091954,True,exclude_below_local_dapi_mean
FR7-1,5,2,1,ARC,64,149.71875,1051.046875,1353,106.63710273466371,106.63710273466371,True,exclude_below_local_dapi_mean
FR7-1,5,3,1,ARC,247,173.98785425101215,517.5141700404859,1353,106.63710273466371,106.63710273466371,False,retain
FR7-1,5,4,1,ARC,187,177.1283422459893,1191.0374331550802,1353,106.63710273466371,106.63710273466371,False,retain
FR7-1,5,5,0,OUTSIDE_DELINEATED_REGIONS,83,177.710843373494,1344.7590361445782,957,116.4367816091954,116.4367816091954,True,exclude_below_local_dapi_mean
FR7-1,5,6,1,ARC,237,199.9957805907173,594.0,1353,106.63710273466371,106.63710273466371,False,retain
FR7-1,5,7,1,ARC,72,226.70833333333334,1082.0,1353,106.63710273466371,106.63710273466371,True,exclude_below_local_dapi_mean
FR7-1,5,8,1,ARC,16,226.25,1313.5625,1353,106.63710273466371,106.63710273466371,True,exclude_below_local_dapi_mean
FR7-1,5,9,1,ARC,259,233.6177606177606,542.1003861003861,1353,106.63710273466371,106.63710273466371,False,retain
FR7-1,5,10,1,ARC,163,249.39877300613497,1143.3803680981596,1353,106.63710273466371,106.63710273466371,False,retain
FR7-1,5,11,1,ARC,43,246.1860465116279,1346.5813953488373,1353,106.63710273466371,106.63710273466371,True,exclude_below_local_dapi_mean
FR7-1,5,12,0,OUTSIDE_DELINEATED_REGIONS,83,253.13253012048193,211.3012048192771,957,116.4367816091954,116.4367816091954,True,exclude_below_local_dapi_mean
FR7-1,5,13,1,ARC,284,261.2887323943662,502.71478873239437,1353,106.63710273466371,106.63710273466371,False,retain
FR7-1,5,14,0,OUTSIDE_DELINEATED_REGIONS,131,265.59541984732823,100.90839694656489,957,116.4367816091954,116.4367816091954,False,retain
FR7-1,5,15,1,ARC,225,271.96,448.82666666666665,1353,106.63710273466371,106.63710273466371,False,retain
FR7-1,5,16,1,ARC,87,269.8965517241379,1237.528735632184,1353,106.63710273466371,106.63710273466371,True,exclude_below_local_dapi_mean
FR7-1,5,17,1,ARC,55,269.1090909090909,1252.4,1353,106.63710273466371,106.63710273466371,True,exclude_below_local_dapi_mean
FR7-1,5,18,1,ARC,111,273.1261261261261,1341.099099099099,1353,106.63710273466371,106.63710273466371,False,retain
FR7-1,5,19,1,ARC,30,272.6333333333333,1174.3666666666666,1353,106.63710273466371,106.63710273466371,True,exclude_below_local_dapi_mean
FR7-1,5,20,1,ARC,131,279.3435114503817,1126.7328244274809,1353,106.63710273466371,106.63710273466371,False,retain
FR7-1,5,21,1,ARC,105,286.84761904761905,545.2666666666667,1353,106.63710273466371,106.63710273466371,True,exclude_below_local_dapi_mean
FR7-1,5,22,1,ARC,137,293.88321167883214,1081.1167883211679,1353,106.63710273466371,106.63710273466371,False,retain
FR7-1,5,23,1,ARC,108,312.3425925925926,1380.1759259259259,1353,106.63710273466371,106.63710273466371,False,retain
FR7-1,5,24,1,ARC,124,313.86290322580646,582.1209677419355,1353,106.63710273466371,106.63710273466371,False,retain
FR7-1,5,25,1,ARC,98,329.90816326530614,1515.7755102040817,1353,106.63710273466371,106.63710273466371,True,exclude_below_local_dapi_mean
FR7-1,5,26,1,ARC,59,339.1694915254237,563.4745762711865,1353,106.63710273466371,106.63710273466371,True,exclude_below_local_dapi_mean
FR7-1,5,27,1,ARC,198,343.40909090909093,1244.4292929292928,1353,106.63710273466371,106.63710273466371,False,retain
FR7-1,5,28,1,ARC,35,341.42857142857144,1505.1142857142856,1353,106.63710273466371,106.63710273466371,True,exclude_below_local_dapi_mean
FR7-1,5,29,1,ARC,50,342.18,382.78,1353,106.63710273466371,106.63710273466371,True,exclude_below_local_dapi_mean
FR7-1,5,30,1,ARC,492,360.1930894308943,1513.6727642276423,1353,106.63710273466371,106.63710273466371,False,retain
FR7-1,5,31,0,OUTSIDE_DELINEATED_REGIONS,176,356.9943181818182,263.9431818181818,957,116.4367816091954,116.4367816091954,False,retain
FR7-1,5,32,1,ARC,151,358.25165562913907,345.4635761589404,1353,106.63710273466371,106.63710273466371,False,retain
FR7-1,5,33,1,ARC,214,378.7056074766355,456.9299065420561,1353,106.63710273466371,106.63710273466371,False,retain
FR7-1,5,34,1,ARC,61,382.78688524590166,1173.983606557377,1353,106.63710273466371,106.63710273466371,True,exclude_below_local_dapi_mean
FR7-1,5,35,1,ARC,76,385.55263157894734,520.578947368421,1353,106.63710273466371,106.63710273466371,True,exclude_below_local_dapi_mean
FR7-1,5,36,1,ARC,62,384.96774193548384,1086.6935483870968,1353,106.63710273466371,106.63710273466371,True,exclude_below_local_dapi_mean
FR7-1,5,37,1,ARC,116,388.83620689655174,1231.0775862068965,1353,106.63710273466371,106.63710273466371,False,retain
FR7-1,5,38,1,ARC,39,390.6923076923077,1168.179487179487,1353,106.63710273466371,106.63710273466371,True,exclude_below_local_dapi_mean
FR7-1,5,39,1,ARC,227,401.98237885462555,1155.4669603524228,1353,106.63710273466371,106.63710273466371,False,retain
FR7-1,5,40,1,ARC,100,399.03,1178.82,1353,106.63710273466371,106.63710273466371,True,exclude_below_local_dapi_mean
FR7-1,5,41,1,ARC,83,405.4578313253012,1082.3493975903614,1353,106.63710273466371,106.63710273466371,True,exclude_below_local_dapi_mean
FR7-1,5,42,1,ARC,36,404.9166666666667,1126.4444444444443,1353,106.63710273466371,106.63710273466371,True,exclude_below_local_dapi_mean
FR7-1,5,43,1,ARC,54,407.72222222222223,1092.111111111111,1353,106.63710273466371,106.63710273466371,True,exclude_below_local_dapi_mean
FR7-1,5,44,1,ARC,156,413.3269230769231,557.2884615384615,1353,106.63710273466371,106.63710273466371,False,retain
FR7-1,5,45,1,ARC,66,410.6363636363636,1135.090909090909,1353,106.63710273466371,106.63710273466371,True,exclude_below_local_dapi_mean
FR7-1,5,46,1,ARC,117,417.5213675213675,1169.8461538461538,1353,106.63710273466371,106.63710273466371,False,retain
FR7-1,5,47,1,ARC,63,421.53968253968253,1258.6507936507937,1353,106.63710273466371,106.63710273466371,True,exclude_below_local_dapi_mean
FR7-1,5,48,1,ARC,314,423.86624203821657,1478.4904458598726,1353,106.63710273466371,106.63710273466371,False,retain
FR7-1,5,49,1,ARC,1,418.0,1253.0,1353,106.63710273466371,106.63710273466371,True,exclude_below_local_dapi_mean
FR7-1,5,50,1,ARC,199,430.56281407035175,1303.1306532663316,1353,106.63710273466371,106.63710273466371,False,retain
FR7-1,5,51,1,ARC,106,430.6792452830189,1162.4433962264152,1353,106.63710273466371,106.63710273466371,True,exclude_below_local_dapi_mean
FR7-1,5,52,1,ARC,159,435.33962264150944,1213.7169811320755,1353,106.63710273466371,106.63710273466371,False,retain
FR7-1,5,53,1,ARC,242,444.4504132231405,325.7190082644628,1353,106.63710273466371,106.63710273466371,False,retain
FR7-1,5,54,1,ARC,54,442.05555555555554,1113.2037037037037,1353,106.63710273466371,106.63710273466371,True,exclude_below_local_dapi_mean
FR7-1,5,55,1,ARC,171,454.7719298245614,380.19883040935673,1353,106.63710273466371,106.63710273466371,False,retain
FR7-1,5,56,1,ARC,274,458.52919708029196,452.31021897810217,1353,106.63710273466371,106.63710273466371,False,retain
FR7-1,5,57,1,ARC,172,458.70348837209303,274.9186046511628,1353,106.63710273466371,106.63710273466371,False,retain
FR7-1,5,58,1,ARC,189,466.3703703703704,1154.7566137566137,1353,106.63710273466371,106.63710273466371,False,retain
FR7-1,5,59,1,ARC,186,472.3709677419355,392.55913978494624,1353,106.63710273466371,106.63710273466371,False,retain
FR7-1,5,60,1,ARC,137,468.3649635036496,472.036496350365,1353,106.63710273466371,106.63710273466371,False,retain
FR7-1,5,61,1,ARC,440,478.08863636363634,306.9795454545455,1353,106.63710273466371,106.63710273466371,False,retain
FR7-1,5,62,1,ARC,67,478.1641791044776,1123.4328358208954,1353,106.63710273466371,106.63710273466371,True,exclude_below_local_dapi_mean
FR7-1,5,63,1,ARC,51,481.0980392156863,1132.3725490196077,1353,106.63710273466371,106.63710273466371,True,exclude_below_local_dapi_mean
FR7-1,5,64,0,OUTSIDE_DELINEATED_REGIONS,46,482.6304347826087,1045.608695652174,957,116.4367816091954,116.4367816091954,True,exclude_below_local_dapi_mean
FR7-1,5,65,1,ARC,70,498.3,403.0857142857143,1353,106.63710273466371,106.63710273466371,True,exclude_below_local_dapi_mean
FR7-1,5,66,1,ARC,109,503.0,521.4036697247707,1353,106.63710273466371,106.63710273466371,False,retain
FR7-1,5,67,1,ARC,204,525.7205882352941,391.6078431372549,1353,106.63710273466371,106.63710273466371,False,retain
FR7-1,5,68,1,ARC,118,527.8898305084746,462.85593220338984,1353,106.63710273466371,106.63710273466371,False,retain
FR7-1,4,1,1,ARC,80,126.95,1103.0125,1264,107.70886075949367,107.70886075949367,True,exclude_below_local_dapi_mean
FR7-1,4,2,0,OUTSIDE_DELINEATED_REGIONS,94,194.64893617021278,387.51063829787233,911,123.73984632272229,123.73984632272229,True,exclude_below_local_dapi_mean
FR7-1,4,3,0,OUTSIDE_DELINEATED_REGIONS,133,212.72932330827066,333.4135338345865,911,123.73984632272229,123.73984632272229,False,retain
FR7-1,4,4,1,ARC,106,212.5754716981132,1155.1509433962265,1264,107.70886075949367,107.70886075949367,True,exclude_below_local_dapi_mean
FR7-1,4,5,0,OUTSIDE_DELINEATED_REGIONS,72,221.68055555555554,408.27777777777777,911,123.73984632272229,123.73984632272229,True,exclude_below_local_dapi_mean
FR7-1,4,6,1,ARC,303,271.05280528052805,640.3366336633663,1264,107.70886075949367,107.70886075949367,False,retain
FR7-1,4,7,1,ARC,147,266.46938775510205,449.2721088435374,1264,107.70886075949367,107.70886075949367,False,retain
FR7-1,4,8,1,ARC,59,283.10169491525426,1072.7457627118645,1264,107.70886075949367,107.70886075949367,True,exclude_below_local_dapi_mean
FR7-1,4,9,1,ARC,62,295.9193548387097,447.64516129032256,1264,107.70886075949367,107.70886075949367,True,exclude_below_local_dapi_mean
FR7-1,4,10,1,ARC,107,309.5233644859813,327.97196261682245,1264,107.70886075949367,107.70886075949367,True,exclude_below_local_dapi_mean
FR7-1,4,11,1,ARC,137,312.91970802919707,448.2846715328467,1264,107.70886075949367,107.70886075949367,False,retain
FR7-1,4,12,1,ARC,238,319.0042016806723,1183.8991596638655,1264,107.70886075949367,107.70886075949367,False,retain
FR7-1,4,13,1,ARC,164,341.0853658536585,383.9817073170732,1264,107.70886075949367,107.70886075949367,False,retain
FR7-1,4,14,0,OUTSIDE_DELINEATED_REGIONS,135,351.18518518518516,226.37777777777777,911,123.73984632272229,123.73984632272229,False,retain
FR7-1,4,15,1,ARC,120,353.05,1337.025,1264,107.70886075949367,107.70886075949367,False,retain
FR7-1,4,16,1,ARC,143,357.94405594405595,1298.3006993006993,1264,107.70886075949367,107.70886075949367,False,retain
FR7-1,4,17,1,ARC,226,366.53097345132744,449.9026548672566,1264,107.70886075949367,107.70886075949367,False,retain
FR7-1,4,18,1,ARC,165,373.6060606060606,1250.8060606060606,1264,107.70886075949367,107.70886075949367,False,retain
FR7-1,4,19,1,ARC,137,376.6934306569343,374.1824817518248,1264,107.70886075949367,107.70886075949367,False,retain
FR7-1,4,20,1,ARC,149,389.3489932885906,1179.9731543624162,1264,107.70886075949367,107.70886075949367,False,retain
FR7-1,4,21,1,ARC,126,395.44444444444446,1102.952380952381,1264,107.70886075949367,107.70886075949367,False,retain
FR7-1,4,22,1,ARC,224,400.71875,448.2857142857143,1264,107.70886075949367,107.70886075949367,False,retain
FR7-1,4,23,1,ARC,59,410.96610169491527,497.49152542372883,1264,107.70886075949367,107.70886075949367,True,exclude_below_local_dapi_mean
FR7-1,4,24,1,ARC,268,419.25373134328356,322.21268656716416,1264,107.70886075949367,107.70886075949367,False,retain
FR7-1,4,25,1,ARC,175,420.51428571428573,263.2628571428571,1264,107.70886075949367,107.70886075949367,False,retain
FR7-1,4,26,1,ARC,163,423.44171779141107,1307.9570552147238,1264,107.70886075949367,107.70886075949367,False,retain
FR7-1,4,27,1,ARC,149,429.06711409395973,1114.503355704698,1264,107.70886075949367,107.70886075949367,False,retain
FR7-1,4,28,1,ARC,119,434.3781512605042,478.98319327731093,1264,107.70886075949367,107.70886075949367,False,retain
FR7-1,4,29,1,ARC,87,438.632183908046,1086.5402298850574,1264,107.70886075949367,107.70886075949367,True,exclude_below_local_dapi_mean
FR7-1,4,30,1,ARC,211,441.0047393364929,1372.7867298578199,1264,107.70886075949367,107.70886075949367,False,retain
FR7-1,4,31,1,ARC,158,441.84177215189874,399.10759493670884,1264,107.70886075949367,107.70886075949367,False,retain
FR7-1,4,32,1,ARC,136,445.9117647058824,501.7647058823529,1264,107.70886075949367,107.70886075949367,False,retain
FR7-1,4,33,1,ARC,141,448.78014184397165,1584.468085106383,1264,107.70886075949367,107.70886075949367,False,retain
FR7-1,4,34,1,ARC,145,449.3448275862069,289.0,1264,107.70886075949367,107.70886075949367,False,retain
FR7-1,4,35,1,ARC,148,450.9256756756757,178.6081081081081,1264,107.70886075949367,107.70886075949367,False,retain
FR7-1,4,36,1,ARC,243,456.65843621399176,271.79423868312756,1264,107.70886075949367,107.70886075949367,False,retain
FR7-1,4,37,1,ARC,228,459.9078947368421,391.62280701754383,1264,107.70886075949367,107.70886075949367,False,retain
FR7-1,4,38,1,ARC,205,458.1512195121951,1299.0536585365853,1264,107.70886075949367,107.70886075949367,False,retain
FR7-1,4,39,1,ARC,187,462.3101604278075,558.3743315508021,1264,107.70886075949367,107.70886075949367,False,retain
FR7-1,4,40,0,OUTSIDE_DELINEATED_REGIONS,217,468.0184331797235,101.36866359447005,911,123.73984632272229,123.73984632272229,False,retain
FR7-1,4,41,1,ARC,218,465.0183486238532,297.25688073394497,1264,107.70886075949367,107.70886075949367,False,retain
FR7-1,4,42,1,ARC,454,484.7136563876652,1311.4691629955946,1264,107.70886075949367,107.70886075949367,False,retain
FR7-1,4,43,1,ARC,56,494.55357142857144,1084.517857142857,1264,107.70886075949367,107.70886075949367,True,exclude_below_local_dapi_mean
FR7-1,4,44,1,ARC,154,499.40909090909093,1137.2532467532467,1264,107.70886075949367,107.70886075949367,False,retain
FR7-1,4,45,1,ARC,120,501.65,525.1916666666667,1264,107.70886075949367,107.70886075949367,False,retain
FR7-1,4,46,1,ARC,92,506.3695652173913,395.0326086956522,1264,107.70886075949367,107.70886075949367,True,exclude_below_local_dapi_mean
FR7-1,4,47,1,ARC,74,510.5945945945946,1120.054054054054,1264,107.70886075949367,107.70886075949367,True,exclude_below_local_dapi_mean
FR7-1,4,48,1,ARC,73,508.73972602739724,1164.4246575342465,1264,107.70886075949367,107.70886075949367,True,exclude_below_local_dapi_mean
FR7-1,4,49,1,ARC,128,516.1328125,1354.8203125,1264,107.70886075949367,107.70886075949367,False,retain
FR7-1,4,50,1,ARC,86,518.9651162790698,1135.093023255814,1264,107.70886075949367,107.70886075949367,True,exclude_below_local_dapi_mean
FR7-1,4,51,1,ARC,65,528.3692307692307,493.04615384615386,1264,107.70886075949367,107.70886075949367,True,exclude_below_local_dapi_mean
FR7-1,4,52,1,ARC,120,532.6,1347.3416666666667,1264,107.70886075949367,107.70886075949367,False,retain
FR7-1,4,53,1,ARC,88,532.5340909090909,1103.3863636363637,1264,107.70886075949367,107.70886075949367,True,exclude_below_local_dapi_mean
FR7-1,4,54,2,ME,55,545.3818181818182,1031.9818181818182,157,82.4140127388535,82.4140127388535,True,exclude_below_local_dapi_mean
FR7-1,1,1,1,ARC,286,242.5174825174825,1047.7342657342658,1299,112.78521939953811,112.78521939953811,False,retain
FR7-1,1,2,0,OUTSIDE_DELINEATED_REGIONS,82,252.76829268292684,150.5487804878049,1236,122.05339805825243,122.05339805825243,True,exclude_below_local_dapi_mean
FR7-1,1,3,0,OUTSIDE_DELINEATED_REGIONS,73,253.36986301369862,130.63013698630138,1236,122.05339805825243,122.05339805825243,True,exclude_below_local_dapi_mean
FR7-1,1,4,1,ARC,110,262.95454545454544,615.5909090909091,1299,112.78521939953811,112.78521939953811,True,exclude_below_local_dapi_mean
FR7-1,1,5,0,OUTSIDE_DELINEATED_REGIONS,98,271.09183673469386,163.80612244897958,1236,122.05339805825243,122.05339805825243,True,exclude_below_local_dapi_mean
FR7-1,1,6,1,ARC,174,291.867816091954,613.3045977011494,1299,112.78521939953811,112.78521939953811,False,retain
FR7-1,1,7,1,ARC,235,295.83829787234043,1170.787234042553,1299,112.78521939953811,112.78521939953811,False,retain
FR7-1,1,8,1,ARC,90,295.72222222222223,749.2555555555556,1299,112.78521939953811,112.78521939953811,True,exclude_below_local_dapi_mean
FR7-1,1,9,0,OUTSIDE_DELINEATED_REGIONS,123,308.8211382113821,84.88617886178862,1236,122.05339805825243,122.05339805825243,False,retain
FR7-1,1,10,1,ARC,221,310.3981900452489,593.6696832579186,1299,112.78521939953811,112.78521939953811,False,retain
FR7-1,1,11,1,ARC,253,314.0197628458498,1199.4347826086957,1299,112.78521939953811,112.78521939953811,False,retain
FR7-1,1,12,0,OUTSIDE_DELINEATED_REGIONS,32,314.34375,340.0,1236,122.05339805825243,122.05339805825243,True,exclude_below_local_dapi_mean
FR7-1,1,13,0,OUTSIDE_DELINEATED_REGIONS,145,323.42758620689654,276.3862068965517,1236,122.05339805825243,122.05339805825243,False,retain
FR7-1,1,14,0,OUTSIDE_DELINEATED_REGIONS,83,322.7831325301205,169.75903614457832,1236,122.05339805825243,122.05339805825243,True,exclude_below_local_dapi_mean
FR7-1,1,15,1,ARC,118,323.5762711864407,485.271186440678,1299,112.78521939953811,112.78521939953811,False,retain
FR7-1,1,16,0,OUTSIDE_DELINEATED_REGIONS,173,324.1734104046243,1475.4277456647399,1236,122.05339805825243,122.05339805825243,False,retain
FR7-1,1,17,0,OUTSIDE_DELINEATED_REGIONS,163,333.6993865030675,214.42944785276075,1236,122.05339805825243,122.05339805825243,False,retain
FR7-1,1,18,1,ARC,135,335.9555555555556,1170.9259259259259,1299,112.78521939953811,112.78521939953811,False,retain
FR7-1,1,19,1,ARC,140,337.54285714285714,469.00714285714287,1299,112.78521939953811,112.78521939953811,False,retain
FR7-1,1,20,0,OUTSIDE_DELINEATED_REGIONS,212,342.20754716981133,191.6745283018868,1236,122.05339805825243,122.05339805825243,False,retain
FR7-1,1,21,1,ARC,190,351.7526315789474,645.0631578947368,1299,112.78521939953811,112.78521939953811,False,retain
FR7-1,1,22,1,ARC,171,356.27485380116957,527.46783625731,1299,112.78521939953811,112.78521939953811,False,retain
FR7-1,1,23,1,ARC,190,371.93684210526317,735.5,1299,112.78521939953811,112.78521939953811,False,retain
FR7-1,1,24,1,ARC,207,373.94202898550725,695.1207729468599,1299,112.78521939953811,112.78521939953811,False,retain
FR7-1,1,25,0,OUTSIDE_DELINEATED_REGIONS,73,378.1506849315069,4.8493150684931505,1236,122.05339805825243,122.05339805825243,True,exclude_below_local_dapi_mean
FR7-1,1,26,1,ARC,200,384.8,1187.955,1299,112.78521939953811,112.78521939953811,False,retain
FR7-1,1,27,1,ARC,117,381.85470085470087,358.9230769230769,1299,112.78521939953811,112.78521939953811,False,retain
FR7-1,1,28,0,OUTSIDE_DELINEATED_REGIONS,409,394.4621026894865,317.8679706601467,1236,122.05339805825243,122.05339805825243,False,retain
FR7-1,1,29,0,OUTSIDE_DELINEATED_REGIONS,128,393.09375,15.140625,1236,122.05339805825243,122.05339805825243,False,retain
FR7-1,1,30,1,ARC,149,400.51006711409394,1110.6577181208054,1299,112.78521939953811,112.78521939953811,False,retain
FR7-1,1,31,1,ARC,153,411.90849673202615,580.2483660130719,1299,112.78521939953811,112.78521939953811,False,retain
FR7-1,1,32,1,ARC,134,426.32089552238807,322.24626865671644,1299,112.78521939953811,112.78521939953811,False,retain
FR7-1,1,33,1,ARC,290,433.6241379310345,500.28275862068966,1299,112.78521939953811,112.78521939953811,False,retain
FR7-1,1,34,1,ARC,95,430.1578947368421,539.6526315789474,1299,112.78521939953811,112.78521939953811,True,exclude_below_local_dapi_mean
FR7-1,1,35,1,ARC,150,432.8933333333333,1469.9533333333334,1299,112.78521939953811,112.78521939953811,False,retain
FR7-1,1,36,1,ARC,252,442.8015873015873,525.3373015873016,1299,112.78521939953811,112.78521939953811,False,retain
FR7-1,1,37,1,ARC,103,443.7864077669903,380.0485436893204,1299,112.78521939953811,112.78521939953811,True,exclude_below_local_dapi_mean
FR7-1,1,38,1,ARC,144,453.80555555555554,249.55555555555554,1299,112.78521939953811,112.78521939953811,False,retain
FR7-1,1,39,1,ARC,207,456.41062801932367,329.2608695652174,1299,112.78521939953811,112.78521939953811,False,retain
FR7-1,1,40,1,ARC,274,462.37226277372264,1203.1824817518248,1299,112.78521939953811,112.78521939953811,False,retain
FR7-1,1,41,1,ARC,103,459.49514563106794,567.8737864077669,1299,112.78521939953811,112.78521939953811,True,exclude_below_local_dapi_mean
FR7-1,1,42,1,ARC,181,462.5414364640884,483.0552486187845,1299,112.78521939953811,112.78521939953811,False,retain
FR7-1,1,43,1,ARC,133,466.6390977443609,253.15037593984962,1299,112.78521939953811,112.78521939953811,False,retain
FR7-1,1,44,1,ARC,119,473.39495798319325,643.1848739495798,1299,112.78521939953811,112.78521939953811,False,retain
FR7-1,1,45,0,OUTSIDE_DELINEATED_REGIONS,118,482.73728813559325,118.02542372881356,1236,122.05339805825243,122.05339805825243,True,exclude_below_local_dapi_mean
FR7-1,1,46,1,ARC,129,486.95348837209303,635.7906976744187,1299,112.78521939953811,112.78521939953811,False,retain
FR7-1,1,47,1,ARC,374,495.5,429.64973262032083,1299,112.78521939953811,112.78521939953811,False,retain
FR7-1,1,48,1,ARC,285,496.140350877193,1345.519298245614,1299,112.78521939953811,112.78521939953811,False,retain
FR7-1,1,49,0,OUTSIDE_DELINEATED_REGIONS,258,501.43798449612405,136.2751937984496,1236,122.05339805825243,122.05339805825243,False,retain
FR7-1,1,50,1,ARC,133,499.9172932330827,1141.0601503759399,1299,112.78521939953811,112.78521939953811,False,retain
FR7-1,1,51,1,ARC,93,502.0,547.494623655914,1299,112.78521939953811,112.78521939953811,True,exclude_below_local_dapi_mean
FR7-1,1,52,1,ARC,143,505.0769230769231,1169.4335664335665,1299,112.78521939953811,112.78521939953811,False,retain
FR7-1,1,53,1,ARC,193,510.1295336787565,714.5595854922279,1299,112.78521939953811,112.78521939953811,False,retain
FR7-1,1,54,1,ARC,313,512.7923322683706,1285.067092651757,1299,112.78521939953811,112.78521939953811,False,retain
FR7-1,1,55,1,ARC,219,514.7214611872146,361.36986301369865,1299,112.78521939953811,112.78521939953811,False,retain
FR7-1,1,56,1,ARC,254,518.5944881889764,1312.9212598425197,1299,112.78521939953811,112.78521939953811,False,retain
FR7-1,1,57,1,ARC,252,522.8492063492064,1166.0714285714287,1299,112.78521939953811,112.78521939953811,False,retain
FR7-1,1,58,1,ARC,205,525.9268292682926,1128.9512195121952,1299,112.78521939953811,112.78521939953811,False,retain
FR7-1,1,59,1,ARC,219,536.8721461187215,346.3744292237443,1299,112.78521939953811,112.78521939953811,False,retain
FR7-1,1,60,1,ARC,387,551.2945736434109,428.43152454780363,1299,112.78521939953811,112.78521939953811,False,retain
FR7-1,1,61,1,ARC,228,546.780701754386,280.7280701754386,1299,112.78521939953811,112.78521939953811,False,retain
FR7-1,1,62,1,ARC,89,575.9213483146067,564.1011235955057,1299,112.78521939953811,112.78521939953811,True,exclude_below_local_dapi_mean
FR7-1,1,63,1,ARC,108,578.9351851851852,635.7870370370371,1299,112.78521939953811,112.78521939953811,True,exclude_below_local_dapi_mean
FR7-1,1,64,1,ARC,69,577.5072463768116,705.8695652173913,1299,112.78521939953811,112.78521939953811,True,exclude_below_local_dapi_mean
FR7-1,1,65,1,ARC,392,584.5484693877551,422.0841836734694,1299,112.78521939953811,112.78521939953811,False,retain
FR7-1,1,66,1,ARC,195,592.851282051282,1346.0666666666666,1299,112.78521939953811,112.78521939953811,False,retain
FR7-1,1,67,1,ARC,142,598.1619718309859,513.9295774647887,1299,112.78521939953811,112.78521939953811,False,retain
FR7-1,3,1,0,OUTSIDE_DELINEATED_REGIONS,15,59.333333333333336,209.53333333333333,1219,122.54552912223134,122.54552912223134,True,exclude_below_local_dapi_mean
FR7-1,3,2,1,ARC,98,62.775510204081634,1101.561224489796,1418,113.55712270803949,113.55712270803949,True,exclude_below_local_dapi_mean
FR7-1,3,3,0,OUTSIDE_DELINEATED_REGIONS,16,69.0625,204.25,1219,122.54552912223134,122.54552912223134,True,exclude_below_local_dapi_mean
FR7-1,3,4,0,OUTSIDE_DELINEATED_REGIONS,384,76.9453125,1167.59375,1219,122.54552912223134,122.54552912223134,False,retain
FR7-1,3,5,0,OUTSIDE_DELINEATED_REGIONS,45,95.86666666666666,315.93333333333334,1219,122.54552912223134,122.54552912223134,True,exclude_below_local_dapi_mean
FR7-1,3,6,0,OUTSIDE_DELINEATED_REGIONS,36,117.44444444444444,197.69444444444446,1219,122.54552912223134,122.54552912223134,True,exclude_below_local_dapi_mean
FR7-1,3,7,0,OUTSIDE_DELINEATED_REGIONS,112,204.29464285714286,1365.8214285714287,1219,122.54552912223134,122.54552912223134,True,exclude_below_local_dapi_mean
FR7-1,3,8,0,OUTSIDE_DELINEATED_REGIONS,53,205.0566037735849,1342.6037735849056,1219,122.54552912223134,122.54552912223134,True,exclude_below_local_dapi_mean
FR7-1,3,9,1,ARC,215,239.66976744186047,1225.8186046511628,1418,113.55712270803949,113.55712270803949,False,retain
FR7-1,3,10,0,OUTSIDE_DELINEATED_REGIONS,162,242.3641975308642,1353.851851851852,1219,122.54552912223134,122.54552912223134,False,retain
FR7-1,3,11,1,ARC,164,308.8231707317073,1024.9268292682927,1418,113.55712270803949,113.55712270803949,False,retain
FR7-1,3,12,1,ARC,292,347.1506849315069,1201.123287671233,1418,113.55712270803949,113.55712270803949,False,retain
FR7-1,3,13,1,ARC,787,363.1753494282084,420.32528589580687,1418,113.55712270803949,113.55712270803949,False,retain
FR7-1,3,14,0,OUTSIDE_DELINEATED_REGIONS,103,346.378640776699,280.8543689320388,1219,122.54552912223134,122.54552912223134,True,exclude_below_local_dapi_mean
FR7-1,3,15,1,ARC,206,347.42233009708735,1258.7281553398059,1418,113.55712270803949,113.55712270803949,False,retain
FR7-1,3,16,0,OUTSIDE_DELINEATED_REGIONS,217,358.37327188940094,1511.63133640553,1219,122.54552912223134,122.54552912223134,False,retain
FR7-1,3,17,1,ARC,291,360.2405498281787,1303.749140893471,1418,113.55712270803949,113.55712270803949,False,retain
FR7-1,3,18,1,ARC,154,378.2792207792208,503.64935064935065,1418,113.55712270803949,113.55712270803949,False,retain
FR7-1,3,19,1,ARC,205,401.30243902439025,464.2390243902439,1418,113.55712270803949,113.55712270803949,False,retain
FR7-1,3,20,1,ARC,194,408.6958762886598,433.80927835051546,1418,113.55712270803949,113.55712270803949,False,retain
FR7-1,3,21,0,OUTSIDE_DELINEATED_REGIONS,228,410.18859649122805,223.0438596491228,1219,122.54552912223134,122.54552912223134,False,retain
FR7-1,3,22,1,ARC,313,412.8178913738019,1415.2843450479234,1418,113.55712270803949,113.55712270803949,False,retain
FR7-1,3,23,1,ARC,216,420.662037037037,505.7361111111111,1418,113.55712270803949,113.55712270803949,False,retain
FR7-1,3,24,0,OUTSIDE_DELINEATED_REGIONS,110,418.41818181818184,48.80909090909091,1219,122.54552912223134,122.54552912223134,True,exclude_below_local_dapi_mean
FR7-1,3,25,1,ARC,241,429.5103734439834,1464.1576763485477,1418,113.55712270803949,113.55712270803949,False,retain
FR7-1,3,26,1,ARC,194,430.99484536082474,1109.9742268041236,1418,113.55712270803949,113.55712270803949,False,retain
FR7-1,3,27,1,ARC,87,436.2528735632184,1125.0344827586207,1418,113.55712270803949,113.55712270803949,True,exclude_below_local_dapi_mean
FR7-1,3,28,1,ARC,42,437.73809523809524,1080.6190476190477,1418,113.55712270803949,113.55712270803949,True,exclude_below_local_dapi_mean
FR7-1,3,29,1,ARC,92,441.9021739130435,589.9565217391304,1418,113.55712270803949,113.55712270803949,True,exclude_below_local_dapi_mean
FR7-1,3,30,1,ARC,205,446.99024390243903,321.77560975609754,1418,113.55712270803949,113.55712270803949,False,retain
FR7-1,3,31,1,ARC,97,450.62886597938143,1134.7938144329896,1418,113.55712270803949,113.55712270803949,True,exclude_below_local_dapi_mean
FR7-1,3,32,1,ARC,158,454.7721518987342,538.753164556962,1418,113.55712270803949,113.55712270803949,False,retain
FR7-1,3,33,1,ARC,273,455.12820512820514,1534.8351648351647,1418,113.55712270803949,113.55712270803949,False,retain
FR7-1,3,34,1,ARC,141,455.177304964539,1152.2553191489362,1418,113.55712270803949,113.55712270803949,False,retain
FR7-1,3,35,1,ARC,133,457.49624060150376,402.2481203007519,1418,113.55712270803949,113.55712270803949,False,retain
FR7-1,3,36,1,ARC,52,456.11538461538464,632.0961538461538,1418,113.55712270803949,113.55712270803949,True,exclude_below_local_dapi_mean
FR7-1,3,37,1,ARC,250,478.68,1095.732,1418,113.55712270803949,113.55712270803949,False,retain
FR7-1,3,38,1,ARC,226,478.92477876106193,566.0619469026549,1418,113.55712270803949,113.55712270803949,False,retain
FR7-1,3,39,1,ARC,63,475.031746031746,698.7460317460317,1418,113.55712270803949,113.55712270803949,True,exclude_below_local_dapi_mean
FR7-1,3,40,1,ARC,74,476.52702702702703,1142.7027027027027,1418,113.55712270803949,113.55712270803949,True,exclude_below_local_dapi_mean
FR7-1,3,41,1,ARC,219,485.41552511415523,1261.552511415525,1418,113.55712270803949,113.55712270803949,False,retain
FR7-1,3,42,1,ARC,301,485.24916943521595,1317.3554817275747,1418,113.55712270803949,113.55712270803949,False,retain
FR7-1,3,43,1,ARC,333,492.0690690690691,355.8828828828829,1418,113.55712270803949,113.55712270803949,False,retain
FR7-1,3,44,1,ARC,232,498.7801724137931,276.2844827586207,1418,113.55712270803949,113.55712270803949,False,retain
FR7-1,3,45,1,ARC,147,505.1020408163265,583.9387755102041,1418,113.55712270803949,113.55712270803949,False,retain
FR7-1,3,46,1,ARC,132,510.6363636363636,1104.1666666666667,1418,113.55712270803949,113.55712270803949,False,retain
FR7-1,3,47,1,ARC,338,515.7011834319527,434.7130177514793,1418,113.55712270803949,113.55712270803949,False,retain
FR7-1,3,48,1,ARC,153,514.3202614379085,287.5098039215686,1418,113.55712270803949,113.55712270803949,False,retain
FR7-1,3,49,1,ARC,272,519.2536764705883,369.49632352941177,1418,113.55712270803949,113.55712270803949,False,retain
FR7-1,2,1,1,ARC,38,196.97368421052633,1149.6315789473683,1088,111.38235294117646,111.38235294117646,True,exclude_below_local_dapi_mean
FR7-1,2,2,1,ARC,109,202.77981651376146,691.954128440367,1088,111.38235294117646,111.38235294117646,True,exclude_below_local_dapi_mean
FR7-1,2,3,1,ARC,96,248.39583333333334,589.875,1088,111.38235294117646,111.38235294117646,True,exclude_below_local_dapi_mean
FR7-1,2,4,1,ARC,160,257.78125,708.45,1088,111.38235294117646,111.38235294117646,False,retain
FR7-1,2,5,1,ARC,85,258.4470588235294,636.035294117647,1088,111.38235294117646,111.38235294117646,True,exclude_below_local_dapi_mean
FR7-1,2,6,1,ARC,269,270.28624535315987,604.368029739777,1088,111.38235294117646,111.38235294117646,False,retain
FR7-1,2,7,1,ARC,135,284.55555555555554,1166.0296296296297,1088,111.38235294117646,111.38235294117646,False,retain
FR7-1,2,8,1,ARC,113,302.7787610619469,1279.504424778761,1088,111.38235294117646,111.38235294117646,False,retain
FR7-1,2,9,1,ARC,149,305.73825503355704,691.4630872483222,1088,111.38235294117646,111.38235294117646,False,retain
FR7-1,2,10,1,ARC,1003,325.52043868394816,1150.8693918245265,1088,111.38235294117646,111.38235294117646,False,retain
FR7-1,2,11,1,ARC,137,319.3211678832117,679.1678832116788,1088,111.38235294117646,111.38235294117646,False,retain
FR7-1,2,12,1,ARC,172,323.22093023255815,1115.6918604651162,1088,111.38235294117646,111.38235294117646,False,retain
FR7-1,2,13,1,ARC,137,325.7445255474453,516.1751824817518,1088,111.38235294117646,111.38235294117646,False,retain
FR7-1,2,14,0,OUTSIDE_DELINEATED_REGIONS,317,345.05362776025237,338.596214511041,1133,119.79788172992056,119.79788172992056,False,retain
FR7-1,2,15,1,ARC,114,344.4561403508772,690.3684210526316,1088,111.38235294117646,111.38235294117646,False,retain
FR7-1,2,16,1,ARC,239,356.7949790794979,1112.7907949790795,1088,111.38235294117646,111.38235294117646,False,retain
FR7-1,2,17,1,ARC,238,357.44117647058823,597.3025210084033,1088,111.38235294117646,111.38235294117646,False,retain
FR7-1,2,18,1,ARC,171,356.83040935672517,516.0058479532164,1088,111.38235294117646,111.38235294117646,False,retain
FR7-1,2,19,1,ARC,170,357.5764705882353,1246.8411764705882,1088,111.38235294117646,111.38235294117646,False,retain
FR7-1,2,20,1,ARC,347,365.1873198847262,1200.3314121037463,1088,111.38235294117646,111.38235294117646,False,retain
FR7-1,2,21,0,OUTSIDE_DELINEATED_REGIONS,178,400.0,100.29213483146067,1133,119.79788172992056,119.79788172992056,False,retain
FR7-1,2,22,1,ARC,107,401.41121495327104,544.6542056074767,1088,111.38235294117646,111.38235294117646,True,exclude_below_local_dapi_mean
FR7-1,2,23,1,ARC,159,403.062893081761,561.2075471698113,1088,111.38235294117646,111.38235294117646,False,retain
FR7-1,2,24,1,ARC,226,405.75221238938053,1449.2610619469026,1088,111.38235294117646,111.38235294117646,False,retain
FR7-1,2,25,1,ARC,185,411.76216216216216,256.97837837837835,1088,111.38235294117646,111.38235294117646,False,retain
FR7-1,2,26,1,ARC,385,419.7220779220779,1216.4623376623376,1088,111.38235294117646,111.38235294117646,False,retain
FR7-1,2,27,1,ARC,276,421.42753623188406,284.17753623188406,1088,111.38235294117646,111.38235294117646,False,retain
FR7-1,2,28,1,ARC,191,426.4659685863874,1356.0314136125655,1088,111.38235294117646,111.38235294117646,False,retain
FR7-1,2,29,1,ARC,272,435.06617647058823,1396.0,1088,111.38235294117646,111.38235294117646,False,retain
FR7-1,2,30,1,ARC,376,441.4335106382979,365.6090425531915,1088,111.38235294117646,111.38235294117646,False,retain
FR7-1,2,31,1,ARC,142,441.1056338028169,387.0774647887324,1088,111.38235294117646,111.38235294117646,False,retain
FR7-1,2,32,1,ARC,291,447.35738831615123,582.0893470790378,1088,111.38235294117646,111.38235294117646,False,retain
FR7-1,2,33,1,ARC,176,444.09090909090907,1440.3295454545455,1088,111.38235294117646,111.38235294117646,False,retain
FR7-1,2,34,1,ARC,304,450.9013157894737,434.07236842105266,1088,111.38235294117646,111.38235294117646,False,retain
FR7-1,2,35,1,ARC,36,449.27777777777777,1214.8333333333333,1088,111.38235294117646,111.38235294117646,True,exclude_below_local_dapi_mean
FR7-1,2,36,1,ARC,282,455.031914893617,309.84397163120565,1088,111.38235294117646,111.38235294117646,False,retain
FR7-1,2,37,1,ARC,166,454.2831325301205,636.1506024096385,1088,111.38235294117646,111.38235294117646,False,retain
FR7-1,2,38,0,OUTSIDE_DELINEATED_REGIONS,252,469.11507936507934,158.98015873015873,1133,119.79788172992056,119.79788172992056,False,retain
FR7-1,2,39,1,ARC,109,469.2201834862385,528.9816513761468,1088,111.38235294117646,111.38235294117646,True,exclude_below_local_dapi_mean
FR7-1,2,40,1,ARC,103,475.29126213592235,499.84466019417476,1088,111.38235294117646,111.38235294117646,True,exclude_below_local_dapi_mean
FR7-1,2,41,1,ARC,105,481.1904761904762,538.0095238095238,1088,111.38235294117646,111.38235294117646,True,exclude_below_local_dapi_mean
FR7-1,2,42,1,ARC,366,488.3032786885246,1194.191256830601,1088,111.38235294117646,111.38235294117646,False,retain
FR7-1,2,43,1,ARC,145,483.5793103448276,668.4206896551724,1088,111.38235294117646,111.38235294117646,False,retain
FR7-1,2,44,1,ARC,229,495.06113537117903,1270.1528384279477,1088,111.38235294117646,111.38235294117646,False,retain
FR7-1,2,45,1,ARC,285,498.3543859649123,1352.238596491228,1088,111.38235294117646,111.38235294117646,False,retain
FR7-1,2,46,1,ARC,136,509.0,1394.235294117647,1088,111.38235294117646,111.38235294117646,False,retain
FR7-1,2,47,1,ARC,126,520.8253968253969,610.6746031746031,1088,111.38235294117646,111.38235294117646,False,retain
FR7-1,2,48,1,ARC,464,527.823275862069,1142.323275862069,1088,111.38235294117646,111.38235294117646,False,retain
FR7-1,2,49,1,ARC,210,529.0380952380953,1332.0666666666666,1088,111.38235294117646,111.38235294117646,False,retain
FR7-1,2,50,1,ARC,69,546.5652173913044,691.0434782608696,1088,111.38235294117646,111.38235294117646,True,exclude_below_local_dapi_mean
FR7-1,2,51,1,ARC,226,555.29203539823,1239.1283185840707,1088,111.38235294117646,111.38235294117646,False,retain
FR7-1,2,52,1,ARC,66,570.5,679.5757575757576,1088,111.38235294117646,111.38235294117646,True,exclude_below_local_dapi_mean
FR6-5,4,1,0,OUTSIDE_DELINEATED_REGIONS,39,52.94871794871795,1123.2820512820513,1174,110.77683134582624,110.77683134582624,True,exclude_below_local_dapi_mean
FR6-5,4,2,1,ARC,103,207.81553398058253,1167.3300970873786,1401,115.0235546038544,115.0235546038544,True,exclude_below_local_dapi_mean
FR6-5,4,3,1,ARC,151,224.94701986754967,1098.2781456953642,1401,115.0235546038544,115.0235546038544,False,retain
FR6-5,4,4,1,ARC,279,238.8673835125448,722.4014336917563,1401,115.0235546038544,115.0235546038544,False,retain
FR6-5,4,5,1,ARC,180,275.1333333333333,680.3444444444444,1401,115.0235546038544,115.0235546038544,False,retain
FR6-5,4,6,0,OUTSIDE_DELINEATED_REGIONS,65,280.4,227.2,1174,110.77683134582624,110.77683134582624,True,exclude_below_local_dapi_mean
FR6-5,4,7,1,ARC,93,286.741935483871,1056.5376344086021,1401,115.0235546038544,115.0235546038544,True,exclude_below_local_dapi_mean
FR6-5,4,8,1,ARC,91,287.0659340659341,499.7802197802198,1401,115.0235546038544,115.0235546038544,True,exclude_below_local_dapi_mean
FR6-5,4,9,1,ARC,233,294.3347639484979,591.7124463519314,1401,115.0235546038544,115.0235546038544,False,retain
FR6-5,4,10,0,OUTSIDE_DELINEATED_REGIONS,209,295.4976076555024,127.33492822966507,1174,110.77683134582624,110.77683134582624,False,retain
FR6-5,4,11,0,OUTSIDE_DELINEATED_REGIONS,267,306.5543071161049,237.02621722846442,1174,110.77683134582624,110.77683134582624,False,retain
FR6-5,4,12,1,ARC,133,305.85714285714283,1266.187969924812,1401,115.0235546038544,115.0235546038544,False,retain
FR6-5,4,13,1,ARC,95,308.09473684210525,435.77894736842103,1401,115.0235546038544,115.0235546038544,True,exclude_below_local_dapi_mean
FR6-5,4,14,1,ARC,155,312.76129032258063,1092.4903225806452,1401,115.0235546038544,115.0235546038544,False,retain
FR6-5,4,15,1,ARC,111,310.93693693693695,496.26126126126127,1401,115.0235546038544,115.0235546038544,True,exclude_below_local_dapi_mean
FR6-5,4,16,1,ARC,67,309.65671641791045,581.0298507462686,1401,115.0235546038544,115.0235546038544,True,exclude_below_local_dapi_mean
FR6-5,4,17,0,OUTSIDE_DELINEATED_REGIONS,197,314.98477157360406,312.1522842639594,1174,110.77683134582624,110.77683134582624,False,retain
FR6-5,4,18,0,OUTSIDE_DELINEATED_REGIONS,192,315.671875,53.692708333333336,1174,110.77683134582624,110.77683134582624,False,retain
FR6-5,4,19,0,OUTSIDE_DELINEATED_REGIONS,141,315.3049645390071,371.82978723404256,1174,110.77683134582624,110.77683134582624,False,retain
FR6-5,4,20,1,ARC,168,318.04761904761904,1250.202380952381,1401,115.0235546038544,115.0235546038544,False,retain
FR6-5,4,21,0,OUTSIDE_DELINEATED_REGIONS,183,318.6885245901639,152.46994535519124,1174,110.77683134582624,110.77683134582624,False,retain
FR6-5,4,22,1,ARC,218,323.57798165137615,1214.7522935779816,1401,115.0235546038544,115.0235546038544,False,retain
FR6-5,4,23,0,OUTSIDE_DELINEATED_REGIONS,196,332.76020408163265,103.28571428571429,1174,110.77683134582624,110.77683134582624,False,retain
FR6-5,4,24,0,OUTSIDE_DELINEATED_REGIONS,175,333.6457142857143,129.06857142857143,1174,110.77683134582624,110.77683134582624,False,retain
FR6-5,4,25,1,ARC,368,346.75815217391306,486.8804347826087,1401,115.0235546038544,115.0235546038544,False,retain
FR6-5,4,26,1,ARC,201,354.82089552238807,603.5820895522388,1401,115.0235546038544,115.0235546038544,False,retain
FR6-5,4,27,1,ARC,170,359.2294117647059,633.364705882353,1401,115.0235546038544,115.0235546038544,False,retain
FR6-5,4,28,1,ARC,259,360.2162162162162,460.996138996139,1401,115.0235546038544,115.0235546038544,False,retain
FR6-5,4,29,1,ARC,270,361.8,1375.2925925925927,1401,115.0235546038544,115.0235546038544,False,retain
FR6-5,4,30,0,OUTSIDE_DELINEATED_REGIONS,79,359.72151898734177,1727.6962025316457,1174,110.77683134582624,110.77683134582624,True,exclude_below_local_dapi_mean
FR6-5,4,31,1,ARC,218,366.7477064220183,618.4633027522935,1401,115.0235546038544,115.0235546038544,False,retain
FR6-5,4,32,0,OUTSIDE_DELINEATED_REGIONS,68,366.55882352941177,13.191176470588236,1174,110.77683134582624,110.77683134582624,True,exclude_below_local_dapi_mean
FR6-5,4,33,1,ARC,175,369.0285714285714,535.8685714285714,1401,115.0235546038544,115.0235546038544,False,retain
FR6-5,4,34,0,OUTSIDE_DELINEATED_REGIONS,86,367.5,1598.0813953488373,1174,110.77683134582624,110.77683134582624,True,exclude_below_local_dapi_mean
FR6-5,4,35,1,ARC,111,368.5765765765766,572.4684684684685,1401,115.0235546038544,115.0235546038544,True,exclude_below_local_dapi_mean
FR6-5,4,36,1,ARC,211,391.53554502369667,662.9668246445498,1401,115.0235546038544,115.0235546038544,False,retain
FR6-5,4,37,1,ARC,306,398.86601307189545,763.8594771241831,1401,115.0235546038544,115.0235546038544,False,retain
FR6-5,4,38,1,ARC,116,394.7241379310345,501.36206896551727,1401,115.0235546038544,115.0235546038544,False,retain
FR6-5,4,39,1,ARC,122,394.5327868852459,1495.0245901639344,1401,115.0235546038544,115.0235546038544,False,retain
FR6-5,4,40,1,ARC,161,398.62111801242236,1289.2732919254659,1401,115.0235546038544,115.0235546038544,False,retain
FR6-5,4,41,1,ARC,102,397.11764705882354,1559.362745098039,1401,115.0235546038544,115.0235546038544,True,exclude_below_local_dapi_mean
FR6-5,4,42,1,ARC,111,401.7927927927928,523.2882882882883,1401,115.0235546038544,115.0235546038544,True,exclude_below_local_dapi_mean
FR6-5,4,43,1,ARC,180,402.1,1224.5277777777778,1401,115.0235546038544,115.0235546038544,False,retain
FR6-5,4,44,1,ARC,88,405.625,1615.3181818181818,1401,115.0235546038544,115.0235546038544,True,exclude_below_local_dapi_mean
FR6-5,4,45,1,ARC,180,414.2888888888889,464.39444444444445,1401,115.0235546038544,115.0235546038544,False,retain
FR6-5,4,46,1,ARC,180,420.1333333333333,1303.8111111111111,1401,115.0235546038544,115.0235546038544,False,retain
FR6-5,4,47,1,ARC,185,421.8810810810811,517.5243243243243,1401,115.0235546038544,115.0235546038544,False,retain
FR6-5,4,48,1,ARC,174,421.9080459770115,590.051724137931,1401,115.0235546038544,115.0235546038544,False,retain
FR6-5,4,49,1,ARC,101,431.3168316831683,1105.5445544554455,1401,115.0235546038544,115.0235546038544,True,exclude_below_local_dapi_mean
FR6-5,4,50,1,ARC,145,446.5586206896552,1429.0620689655173,1401,115.0235546038544,115.0235546038544,False,retain
FR6-5,4,51,1,ARC,207,449.2995169082126,647.0193236714975,1401,115.0235546038544,115.0235546038544,False,retain
FR6-5,4,52,1,ARC,364,455.8543956043956,480.49725274725273,1401,115.0235546038544,115.0235546038544,False,retain
FR6-5,4,53,1,ARC,488,457.7172131147541,1576.7459016393443,1401,115.0235546038544,115.0235546038544,False,retain
FR6-5,4,54,1,ARC,171,458.3391812865497,1283.2105263157894,1401,115.0235546038544,115.0235546038544,False,retain
FR6-5,4,55,1,ARC,87,457.86206896551727,701.7011494252873,1401,115.0235546038544,115.0235546038544,True,exclude_below_local_dapi_mean
FR6-5,4,56,1,ARC,202,466.84158415841586,1124.6782178217823,1401,115.0235546038544,115.0235546038544,False,retain
FR6-5,4,57,1,ARC,159,468.87421383647796,651.3836477987421,1401,115.0235546038544,115.0235546038544,False,retain
FR6-5,4,58,1,ARC,162,469.0925925925926,1405.858024691358,1401,115.0235546038544,115.0235546038544,False,retain
FR6-5,4,59,1,ARC,139,481.33812949640287,1249.0143884892086,1401,115.0235546038544,115.0235546038544,False,retain
FR6-5,4,60,1,ARC,253,487.30434782608694,605.5533596837945,1401,115.0235546038544,115.0235546038544,False,retain
FR6-5,4,61,1,ARC,112,500.60714285714283,576.7232142857143,1401,115.0235546038544,115.0235546038544,True,exclude_below_local_dapi_mean
FR6-5,4,62,1,ARC,223,501.67713004484307,1203.237668161435,1401,115.0235546038544,115.0235546038544,False,retain
FR6-5,4,63,1,ARC,115,502.2695652173913,735.9565217391304,1401,115.0235546038544,115.0235546038544,True,exclude_below_local_dapi_mean
FR6-5,4,64,1,ARC,238,516.063025210084,1249.6806722689075,1401,115.0235546038544,115.0235546038544,False,retain
FR6-5,4,65,1,ARC,180,518.5611111111111,1181.111111111111,1401,115.0235546038544,115.0235546038544,False,retain
FR6-5,4,66,1,ARC,89,527.3033707865169,706.0,1401,115.0235546038544,115.0235546038544,True,exclude_below_local_dapi_mean
FR6-5,4,67,1,ARC,39,525.6666666666666,1366.6153846153845,1401,115.0235546038544,115.0235546038544,True,exclude_below_local_dapi_mean
FR6-5,4,68,1,ARC,155,548.1677419354838,1240.0516129032258,1401,115.0235546038544,115.0235546038544,False,retain
FR6-5,4,69,2,ME,325,567.92,1119.273846153846,153,106.16339869281046,106.16339869281046,False,retain
FR6-5,4,70,2,ME,63,600.2698412698413,831.4126984126984,153,106.16339869281046,106.16339869281046,True,exclude_below_local_dapi_mean
FR6-5,1,1,0,OUTSIDE_DELINEATED_REGIONS,35,41.77142857142857,1688.7714285714285,1160,121.45603448275862,121.45603448275862,True,exclude_below_local_dapi_mean
FR6-5,1,2,1,ARC,155,138.13548387096773,1236.6580645161291,1721,123.05287623474725,123.05287623474725,False,retain
FR6-5,1,3,1,ARC,252,160.27380952380952,1187.0357142857142,1721,123.05287623474725,123.05287623474725,False,retain
FR6-5,1,4,1,ARC,210,216.3047619047619,722.5380952380953,1721,123.05287623474725,123.05287623474725,False,retain
FR6-5,1,5,1,ARC,64,227.46875,680.546875,1721,123.05287623474725,123.05287623474725,True,exclude_below_local_dapi_mean
FR6-5,1,6,1,ARC,116,238.32758620689654,1352.4396551724137,1721,123.05287623474725,123.05287623474725,True,exclude_below_local_dapi_mean
FR6-5,1,7,1,ARC,175,246.41714285714286,1389.64,1721,123.05287623474725,123.05287623474725,False,retain
FR6-5,1,8,1,ARC,148,249.61486486486487,589.6418918918919,1721,123.05287623474725,123.05287623474725,False,retain
FR6-5,1,9,1,ARC,389,264.7789203084833,1169.53470437018,1721,123.05287623474725,123.05287623474725,False,retain
FR6-5,1,10,1,ARC,147,257.80272108843536,1351.7891156462586,1721,123.05287623474725,123.05287623474725,False,retain
FR6-5,1,11,1,ARC,156,258.20512820512823,1120.1858974358975,1721,123.05287623474725,123.05287623474725,False,retain
FR6-5,1,12,1,ARC,177,278.45762711864404,1196.9830508474577,1721,123.05287623474725,123.05287623474725,False,retain
FR6-5,1,13,1,ARC,373,287.20107238605897,1295.2171581769437,1721,123.05287623474725,123.05287623474725,False,retain
FR6-5,1,14,1,ARC,52,282.3269230769231,1466.673076923077,1721,123.05287623474725,123.05287623474725,True,exclude_below_local_dapi_mean
FR6-5,1,15,1,ARC,194,289.8659793814433,1395.7164948453608,1721,123.05287623474725,123.05287623474725,False,retain
FR6-5,1,16,1,ARC,163,298.32515337423314,1146.6257668711658,1721,123.05287623474725,123.05287623474725,False,retain
FR6-5,1,17,1,ARC,264,305.2310606060606,1259.060606060606,1721,123.05287623474725,123.05287623474725,False,retain
FR6-5,1,18,1,ARC,162,315.8641975308642,615.3703703703703,1721,123.05287623474725,123.05287623474725,False,retain
FR6-5,1,19,1,ARC,243,321.00411522633743,1072.7777777777778,1721,123.05287623474725,123.05287623474725,False,retain
FR6-5,1,20,1,ARC,104,316.7692307692308,1099.7692307692307,1721,123.05287623474725,123.05287623474725,True,exclude_below_local_dapi_mean
FR6-5,1,21,1,ARC,162,328.51234567901236,427.80864197530866,1721,123.05287623474725,123.05287623474725,False,retain
FR6-5,1,22,1,ARC,300,333.82,1274.94,1721,123.05287623474725,123.05287623474725,False,retain
FR6-5,1,23,1,ARC,156,330.0128205128205,576.2179487179487,1721,123.05287623474725,123.05287623474725,False,retain
FR6-5,1,24,1,ARC,189,330.968253968254,538.3174603174604,1721,123.05287623474725,123.05287623474725,False,retain
FR6-5,1,25,1,ARC,101,334.7029702970297,1207.3168316831684,1721,123.05287623474725,123.05287623474725,True,exclude_below_local_dapi_mean
FR6-5,1,26,1,ARC,106,335.42452830188677,1404.5377358490566,1721,123.05287623474725,123.05287623474725,True,exclude_below_local_dapi_mean
FR6-5,1,27,1,ARC,231,350.5021645021645,750.2424242424242,1721,123.05287623474725,123.05287623474725,False,retain
FR6-5,1,28,1,ARC,110,348.57272727272726,1448.2181818181818,1721,123.05287623474725,123.05287623474725,True,exclude_below_local_dapi_mean
FR6-5,1,29,1,ARC,128,354.03125,1207.3828125,1721,123.05287623474725,123.05287623474725,False,retain
FR6-5,1,30,1,ARC,216,355.18518518518516,1261.3657407407406,1721,123.05287623474725,123.05287623474725,False,retain
FR6-5,1,31,1,ARC,205,358.98536585365855,639.0682926829269,1721,123.05287623474725,123.05287623474725,False,retain
FR6-5,1,32,1,ARC,168,361.2738095238095,616.6071428571429,1721,123.05287623474725,123.05287623474725,False,retain
FR6-5,1,33,1,ARC,174,368.82758620689657,483.39080459770116,1721,123.05287623474725,123.05287623474725,False,retain
FR6-5,1,34,1,ARC,196,371.5765306122449,573.4795918367347,1721,123.05287623474725,123.05287623474725,False,retain
FR6-5,1,35,1,ARC,176,375.9375,672.8977272727273,1721,123.05287623474725,123.05287623474725,False,retain
FR6-5,1,36,1,ARC,450,386.29777777777775,1439.4355555555555,1721,123.05287623474725,123.05287623474725,False,retain
FR6-5,1,37,1,ARC,162,382.25925925925924,701.4938271604939,1721,123.05287623474725,123.05287623474725,False,retain
FR6-5,1,38,1,ARC,344,400.96802325581393,1308.0348837209303,1721,123.05287623474725,123.05287623474725,False,retain
FR6-5,1,39,1,ARC,215,412.7906976744186,638.0930232558139,1721,123.05287623474725,123.05287623474725,False,retain
FR6-5,1,40,1,ARC,155,417.6709677419355,1346.374193548387,1721,123.05287623474725,123.05287623474725,False,retain
FR6-5,1,41,1,ARC,130,431.1,1335.6923076923076,1721,123.05287623474725,123.05287623474725,False,retain
FR6-5,1,42,1,ARC,154,435.8376623376623,344.24675324675326,1721,123.05287623474725,123.05287623474725,False,retain
FR6-5,1,43,1,ARC,211,438.5545023696682,708.6350710900474,1721,123.05287623474725,123.05287623474725,False,retain
FR6-5,1,44,1,ARC,111,437.72072072072075,517.5675675675676,1721,123.05287623474725,123.05287623474725,True,exclude_below_local_dapi_mean
FR6-5,1,45,1,ARC,211,447.34123222748815,398.02843601895734,1721,123.05287623474725,123.05287623474725,False,retain
FR6-5,1,46,1,ARC,264,449.6780303030303,583.9090909090909,1721,123.05287623474725,123.05287623474725,False,retain
FR6-5,1,47,1,ARC,205,460.9756097560976,322.55121951219513,1721,123.05287623474725,123.05287623474725,False,retain
FR6-5,1,48,1,ARC,81,461.17283950617286,337.7901234567901,1721,123.05287623474725,123.05287623474725,True,exclude_below_local_dapi_mean
FR6-5,1,49,1,ARC,48,462.3541666666667,349.7708333333333,1721,123.05287623474725,123.05287623474725,True,exclude_below_local_dapi_mean
FR6-5,1,50,1,ARC,108,465.14814814814815,565.675925925926,1721,123.05287623474725,123.05287623474725,True,exclude_below_local_dapi_mean
FR6-5,1,51,1,ARC,96,472.03125,258.34375,1721,123.05287623474725,123.05287623474725,True,exclude_below_local_dapi_mean
FR6-5,1,52,1,ARC,95,475.2315789473684,382.2631578947368,1721,123.05287623474725,123.05287623474725,True,exclude_below_local_dapi_mean
FR6-5,1,53,1,ARC,120,488.925,357.15833333333336,1721,123.05287623474725,123.05287623474725,True,exclude_below_local_dapi_mean
FR6-5,1,54,1,ARC,158,491.84177215189874,516.8924050632911,1721,123.05287623474725,123.05287623474725,False,retain
FR6-5,1,55,1,ARC,23,507.4347826086956,239.91304347826087,1721,123.05287623474725,123.05287623474725,True,exclude_below_local_dapi_mean
FR6-5,1,56,1,ARC,174,537.6494252873563,530.5057471264367,1721,123.05287623474725,123.05287623474725,False,retain
FR6-5,1,57,1,ARC,97,536.8969072164948,304.2886597938144,1721,123.05287623474725,123.05287623474725,True,exclude_below_local_dapi_mean
FR6-5,1,58,1,ARC,26,538.5,379.0,1721,123.05287623474725,123.05287623474725,True,exclude_below_local_dapi_mean
FR6-5,1,59,1,ARC,39,540.4358974358975,349.5128205128205,1721,123.05287623474725,123.05287623474725,True,exclude_below_local_dapi_mean
FR6-5,2,1,0,OUTSIDE_DELINEATED_REGIONS,100,90.31,319.8,1881,114.2333864965444,114.2333864965444,True,exclude_below_local_dapi_mean
FR6-5,2,2,0,OUTSIDE_DELINEATED_REGIONS,147,133.5374149659864,572.0272108843537,1881,114.2333864965444,114.2333864965444,False,retain
FR6-5,2,3,0,OUTSIDE_DELINEATED_REGIONS,116,145.79310344827587,353.0431034482759,1881,114.2333864965444,114.2333864965444,False,retain
FR6-5,2,4,0,OUTSIDE_DELINEATED_REGIONS,103,147.7864077669903,656.4271844660194,1881,114.2333864965444,114.2333864965444,True,exclude_below_local_dapi_mean
FR6-5,2,5,0,OUTSIDE_DELINEATED_REGIONS,108,152.60185185185185,236.4814814814815,1881,114.2333864965444,114.2333864965444,True,exclude_below_local_dapi_mean
FR6-5,2,6,1,ARC,206,197.39320388349515,1109.9077669902913,1635,111.52415902140673,111.52415902140673,False,retain
FR6-5,2,7,0,OUTSIDE_DELINEATED_REGIONS,83,262.65060240963857,435.95180722891564,1881,114.2333864965444,114.2333864965444,True,exclude_below_local_dapi_mean
FR6-5,2,8,0,OUTSIDE_DELINEATED_REGIONS,157,287.4331210191083,1599.6050955414012,1881,114.2333864965444,114.2333864965444,False,retain
FR6-5,2,9,0,OUTSIDE_DELINEATED_REGIONS,173,295.15028901734104,212.53757225433526,1881,114.2333864965444,114.2333864965444,False,retain
FR6-5,2,10,0,OUTSIDE_DELINEATED_REGIONS,274,302.1970802919708,407.0839416058394,1881,114.2333864965444,114.2333864965444,False,retain
FR6-5,2,11,1,ARC,174,308.36206896551727,1167.557471264368,1635,111.52415902140673,111.52415902140673,False,retain
FR6-5,2,12,0,OUTSIDE_DELINEATED_REGIONS,201,323.8606965174129,383.03980099502485,1881,114.2333864965444,114.2333864965444,False,retain
FR6-5,2,13,0,OUTSIDE_DELINEATED_REGIONS,172,322.0348837209302,140.2674418604651,1881,114.2333864965444,114.2333864965444,False,retain
FR6-5,2,14,0,OUTSIDE_DELINEATED_REGIONS,285,366.9789473684211,1479.6912280701754,1881,114.2333864965444,114.2333864965444,False,retain
FR6-5,2,15,0,OUTSIDE_DELINEATED_REGIONS,343,380.2857142857143,203.87172011661806,1881,114.2333864965444,114.2333864965444,False,retain
FR6-5,2,16,0,OUTSIDE_DELINEATED_REGIONS,181,388.3922651933702,1650.0220994475137,1881,114.2333864965444,114.2333864965444,False,retain
FR6-5,2,17,1,ARC,265,404.82264150943394,523.3358490566038,1635,111.52415902140673,111.52415902140673,False,retain
FR6-5,2,18,0,OUTSIDE_DELINEATED_REGIONS,213,408.15492957746477,128.93896713615024,1881,114.2333864965444,114.2333864965444,False,retain
FR6-5,2,19,1,ARC,151,408.6092715231788,621.8874172185431,1635,111.52415902140673,111.52415902140673,False,retain
FR6-5,2,20,1,ARC,183,423.3333333333333,1175.8032786885246,1635,111.52415902140673,111.52415902140673,False,retain
FR6-5,2,21,0,OUTSIDE_DELINEATED_REGIONS,61,428.4590163934426,198.91803278688525,1881,114.2333864965444,114.2333864965444,True,exclude_below_local_dapi_mean
FR6-5,2,22,1,ARC,185,432.9837837837838,323.64324324324326,1635,111.52415902140673,111.52415902140673,False,retain
FR6-5,2,23,1,ARC,185,439.6918918918919,757.6162162162162,1635,111.52415902140673,111.52415902140673,False,retain
FR6-5,2,24,1,ARC,258,443.5813953488372,709.8720930232558,1635,111.52415902140673,111.52415902140673,False,retain
FR6-5,2,25,0,OUTSIDE_DELINEATED_REGIONS,446,445.71973094170403,1659.793721973094,1881,114.2333864965444,114.2333864965444,False,retain
FR6-5,2,26,1,ARC,157,448.4968152866242,399.6369426751592,1635,111.52415902140673,111.52415902140673,False,retain
FR6-5,2,27,1,ARC,269,453.52788104089217,599.1933085501859,1635,111.52415902140673,111.52415902140673,False,retain
FR6-5,2,28,1,ARC,363,453.0358126721763,1052.4380165289256,1635,111.52415902140673,111.52415902140673,False,retain
FR6-5,2,29,1,ARC,311,455.0289389067524,374.2379421221865,1635,111.52415902140673,111.52415902140673,False,retain
FR6-5,2,30,1,ARC,286,457.6118881118881,515.7797202797203,1635,111.52415902140673,111.52415902140673,False,retain
FR6-5,2,31,1,ARC,95,459.1578947368421,854.3263157894737,1635,111.52415902140673,111.52415902140673,True,exclude_below_local_dapi_mean
FR6-5,2,32,1,ARC,61,464.1311475409836,1245.016393442623,1635,111.52415902140673,111.52415902140673,True,exclude_below_local_dapi_mean
FR6-5,2,33,0,OUTSIDE_DELINEATED_REGIONS,237,469.789029535865,1559.535864978903,1881,114.2333864965444,114.2333864965444,False,retain
FR6-5,2,34,1,ARC,283,478.6537102473498,410.42402826855124,1635,111.52415902140673,111.52415902140673,False,retain
FR6-5,2,35,1,ARC,275,476.9490909090909,1063.6618181818183,1635,111.52415902140673,111.52415902140673,False,retain
FR6-5,2,36,1,ARC,258,478.6511627906977,1335.8992248062016,1635,111.52415902140673,111.52415902140673,False,retain
FR6-5,2,37,1,ARC,174,482.2988505747126,561.1551724137931,1635,111.52415902140673,111.52415902140673,False,retain
FR6-5,2,38,1,ARC,97,483.96907216494844,754.7938144329897,1635,111.52415902140673,111.52415902140673,True,exclude_below_local_dapi_mean
FR6-5,2,39,1,ARC,196,488.2857142857143,1020.1632653061224,1635,111.52415902140673,111.52415902140673,False,retain
FR6-5,2,40,1,ARC,74,488.9864864864865,612.7972972972973,1635,111.52415902140673,111.52415902140673,True,exclude_below_local_dapi_mean
FR6-5,2,41,1,ARC,128,491.671875,1201.5546875,1635,111.52415902140673,111.52415902140673,False,retain
FR6-5,2,42,1,ARC,146,497.0068493150685,760.6301369863014,1635,111.52415902140673,111.52415902140673,False,retain
FR6-5,2,43,1,ARC,149,500.73825503355704,1294.9328859060402,1635,111.52415902140673,111.52415902140673,False,retain
FR6-5,2,44,1,ARC,125,507.096,1001.04,1635,111.52415902140673,111.52415902140673,False,retain
FR6-5,2,45,1,ARC,388,513.3015463917526,471.6443298969072,1635,111.52415902140673,111.52415902140673,False,retain
FR6-5,2,46,1,ARC,111,511.6936936936937,669.8648648648649,1635,111.52415902140673,111.52415902140673,True,exclude_below_local_dapi_mean
FR6-5,2,47,1,ARC,214,513.303738317757,685.481308411215,1635,111.52415902140673,111.52415902140673,False,retain
FR6-5,2,48,1,ARC,248,518.0604838709677,502.4274193548387,1635,111.52415902140673,111.52415902140673,False,retain
FR6-5,2,49,1,ARC,75,515.9066666666666,800.1866666666666,1635,111.52415902140673,111.52415902140673,True,exclude_below_local_dapi_mean
FR6-5,2,50,1,ARC,351,520.0512820512821,1078.6581196581196,1635,111.52415902140673,111.52415902140673,False,retain
FR6-5,2,51,0,OUTSIDE_DELINEATED_REGIONS,112,522.7857142857143,839.2678571428571,1881,114.2333864965444,114.2333864965444,True,exclude_below_local_dapi_mean
FR6-5,2,52,1,ARC,170,524.9941176470588,366.61176470588236,1635,111.52415902140673,111.52415902140673,False,retain
FR6-5,2,53,1,ARC,352,532.7244318181819,995.2017045454545,1635,111.52415902140673,111.52415902140673,False,retain
FR6-5,2,54,1,ARC,634,539.198738170347,1221.3880126182964,1635,111.52415902140673,111.52415902140673,False,retain
FR6-5,2,55,1,ARC,178,533.2022471910112,1272.808988764045,1635,111.52415902140673,111.52415902140673,False,retain
FR6-5,2,56,1,ARC,160,533.55625,1104.975,1635,111.52415902140673,111.52415902140673,False,retain
FR6-5,2,57,1,ARC,87,537.471264367816,625.7931034482758,1635,111.52415902140673,111.52415902140673,True,exclude_below_local_dapi_mean
FR6-5,2,58,1,ARC,161,539.8944099378882,667.1925465838509,1635,111.52415902140673,111.52415902140673,False,retain
FR6-5,2,59,1,ARC,201,549.8258706467661,1152.9004975124378,1635,111.52415902140673,111.52415902140673,False,retain
FR6-5,2,60,1,ARC,118,565.7542372881356,1125.9915254237287,1635,111.52415902140673,111.52415902140673,False,retain
FR6-5,2,61,1,ARC,305,567.0032786885246,1359.5803278688525,1635,111.52415902140673,111.52415902140673,False,retain
FR6-5,2,62,1,ARC,140,581.4214285714286,1378.95,1635,111.52415902140673,111.52415902140673,False,retain
FR6-5,2,63,1,ARC,207,600.4927536231884,1130.1980676328503,1635,111.52415902140673,111.52415902140673,False,retain
FR6-5,2,64,1,ARC,165,605.2666666666667,1277.8727272727272,1635,111.52415902140673,111.52415902140673,False,retain
FR6-5,2,65,0,OUTSIDE_DELINEATED_REGIONS,122,610.516393442623,773.5245901639345,1881,114.2333864965444,114.2333864965444,False,retain
FR6-5,2,66,1,ARC,95,612.1789473684211,1162.6526315789474,1635,111.52415902140673,111.52415902140673,True,exclude_below_local_dapi_mean
FR6-5,2,67,1,ARC,109,618.183486238532,1302.532110091743,1635,111.52415902140673,111.52415902140673,True,exclude_below_local_dapi_mean
FR6-5,2,68,1,ARC,42,619.3809523809524,1468.8809523809523,1635,111.52415902140673,111.52415902140673,True,exclude_below_local_dapi_mean
FR6-5,2,69,2,ME,157,633.4267515923567,889.3184713375796,121,120.82644628099173,120.82644628099173,False,retain
FR6-5,2,70,1,ARC,196,632.2142857142857,1029.5408163265306,1635,111.52415902140673,111.52415902140673,False,retain
FR6-5,2,71,1,ARC,16,627.5,1513.5,1635,111.52415902140673,111.52415902140673,True,exclude_below_local_dapi_mean
FR6-5,2,72,2,ME,209,640.0909090909091,984.0287081339712,121,120.82644628099173,120.82644628099173,False,retain
FR6-5,2,73,1,ARC,151,636.1324503311258,1134.5629139072848,1635,111.52415902140673,111.52415902140673,False,retain
FR6-5,2,74,1,ARC,193,652.6891191709844,1067.139896373057,1635,111.52415902140673,111.52415902140673,False,retain
FR6-5,2,75,2,ME,217,655.0138248847926,965.6774193548387,121,120.82644628099173,120.82644628099173,False,retain
FR6-5,2,76,1,ARC,165,659.5575757575757,1191.139393939394,1635,111.52415902140673,111.52415902140673,False,retain
FR6-5,2,77,2,ME,282,664.5921985815603,788.563829787234,121,120.82644628099173,120.82644628099173,False,retain
FR6-5,2,78,0,OUTSIDE_DELINEATED_REGIONS,209,666.5071770334928,1035.5837320574162,1881,114.2333864965444,114.2333864965444,False,retain
FR6-5,2,79,2,ME,82,671.3170731707318,879.9878048780488,121,120.82644628099173,120.82644628099173,True,exclude_below_local_dapi_mean
FR6-5,2,80,1,ARC,146,672.582191780822,1142.6438356164383,1635,111.52415902140673,111.52415902140673,False,retain
FR6-5,2,81,2,ME,160,677.50625,836.93125,121,120.82644628099173,120.82644628099173,False,retain
FR6-5,2,82,1,ARC,116,676.198275862069,1184.1896551724137,1635,111.52415902140673,111.52415902140673,False,retain
FR6-5,3,1,0,OUTSIDE_DELINEATED_REGIONS,205,28.380487804878047,1185.3804878048782,1069,107.91206735266604,107.91206735266604,False,retain
FR6-5,3,2,1,ARC,136,96.70588235294117,1030.0367647058824,1561,106.85714285714286,106.85714285714286,False,retain
FR6-5,3,3,1,ARC,159,100.1006289308176,697.5534591194969,1561,106.85714285714286,106.85714285714286,False,retain
FR6-5,3,4,1,ARC,152,100.69736842105263,1147.0394736842106,1561,106.85714285714286,106.85714285714286,False,retain
FR6-5,3,5,1,ARC,119,174.98319327731093,1129.3529411764705,1561,106.85714285714286,106.85714285714286,False,retain
FR6-5,3,6,1,ARC,186,179.58602150537635,1151.510752688172,1561,106.85714285714286,106.85714285714286,False,retain
FR6-5,3,7,1,ARC,101,197.75247524752476,1282.4752475247524,1561,106.85714285714286,106.85714285714286,True,exclude_below_local_dapi_mean
FR6-5,3,8,1,ARC,99,209.1010101010101,595.5959595959596,1561,106.85714285714286,106.85714285714286,True,exclude_below_local_dapi_mean
FR6-5,3,9,1,ARC,212,215.41509433962264,444.7641509433962,1561,106.85714285714286,106.85714285714286,False,retain
FR6-5,3,10,1,ARC,171,225.56140350877192,1126.9181286549708,1561,106.85714285714286,106.85714285714286,False,retain
FR6-5,3,11,1,ARC,351,235.35897435897436,638.6096866096866,1561,106.85714285714286,106.85714285714286,False,retain
FR6-5,3,12,1,ARC,190,243.25263157894736,1348.0526315789473,1561,106.85714285714286,106.85714285714286,False,retain
FR6-5,3,13,1,ARC,338,253.2958579881657,1268.026627218935,1561,106.85714285714286,106.85714285714286,False,retain
FR6-5,3,14,1,ARC,174,255.82758620689654,1083.6206896551723,1561,106.85714285714286,106.85714285714286,False,retain
FR6-5,3,15,1,ARC,267,284.7003745318352,1243.0898876404494,1561,106.85714285714286,106.85714285714286,False,retain
FR6-5,3,16,1,ARC,207,297.35748792270533,618.6763285024155,1561,106.85714285714286,106.85714285714286,False,retain
FR6-5,3,17,1,ARC,115,296.18260869565216,1378.4782608695652,1561,106.85714285714286,106.85714285714286,False,retain
FR6-5,3,18,1,ARC,182,299.2307692307692,1298.7692307692307,1561,106.85714285714286,106.85714285714286,False,retain
FR6-5,3,19,1,ARC,234,307.2435897435897,683.7948717948718,1561,106.85714285714286,106.85714285714286,False,retain
FR6-5,3,20,1,ARC,154,314.96753246753246,1371.448051948052,1561,106.85714285714286,106.85714285714286,False,retain
FR6-5,3,21,1,ARC,124,316.23387096774195,1350.1532258064517,1561,106.85714285714286,106.85714285714286,False,retain
FR6-5,3,22,1,ARC,262,320.27862595419845,526.087786259542,1561,106.85714285714286,106.85714285714286,False,retain
FR6-5,3,23,1,ARC,161,324.99378881987576,1294.4596273291925,1561,106.85714285714286,106.85714285714286,False,retain
FR6-5,3,24,1,ARC,262,330.89312977099235,1230.8931297709923,1561,106.85714285714286,106.85714285714286,False,retain
FR6-5,3,25,1,ARC,174,326.0344827586207,681.6551724137931,1561,106.85714285714286,106.85714285714286,False,retain
FR6-5,3,26,1,ARC,106,325.24528301886795,715.1509433962265,1561,106.85714285714286,106.85714285714286,True,exclude_below_local_dapi_mean
FR6-5,3,27,1,ARC,155,335.7548387096774,580.0129032258064,1561,106.85714285714286,106.85714285714286,False,retain
FR6-5,3,28,1,ARC,140,345.6714285714286,607.4071428571428,1561,106.85714285714286,106.85714285714286,False,retain
FR6-5,3,29,0,OUTSIDE_DELINEATED_REGIONS,239,351.11297071129707,1068.0292887029289,1069,107.91206735266604,107.91206735266604,False,retain
FR6-5,3,30,1,ARC,218,356.79816513761466,650.5642201834862,1561,106.85714285714286,106.85714285714286,False,retain
FR6-5,3,31,1,ARC,178,361.2808988764045,611.1685393258427,1561,106.85714285714286,106.85714285714286,False,retain
FR6-5,3,32,1,ARC,371,364.9919137466307,1307.2722371967654,1561,106.85714285714286,106.85714285714286,False,retain
FR6-5,3,33,1,ARC,115,365.8,1338.9130434782608,1561,106.85714285714286,106.85714285714286,False,retain
FR6-5,3,34,1,ARC,129,371.015503875969,1440.2868217054263,1561,106.85714285714286,106.85714285714286,False,retain
FR6-5,3,35,1,ARC,199,371.84422110552765,1391.6231155778894,1561,106.85714285714286,106.85714285714286,False,retain
FR6-5,3,36,1,ARC,206,374.9611650485437,445.71844660194176,1561,106.85714285714286,106.85714285714286,False,retain
FR6-5,3,37,1,ARC,318,382.17610062893084,400.5974842767296,1561,106.85714285714286,106.85714285714286,False,retain
FR6-5,3,38,1,ARC,184,379.91847826086956,1622.2934782608695,1561,106.85714285714286,106.85714285714286,False,retain
FR6-5,3,39,1,ARC,258,384.8488372093023,1179.7170542635658,1561,106.85714285714286,106.85714285714286,False,retain
FR6-5,3,40,1,ARC,251,385.41434262948206,1337.01593625498,1561,106.85714285714286,106.85714285714286,False,retain
FR6-5,3,41,1,ARC,147,391.1224489795918,516.7142857142857,1561,106.85714285714286,106.85714285714286,False,retain
FR6-5,3,42,1,ARC,462,409.1060606060606,375.7445887445887,1561,106.85714285714286,106.85714285714286,False,retain
FR6-5,3,43,1,ARC,420,423.08809523809526,1335.0380952380951,1561,106.85714285714286,106.85714285714286,False,retain
FR6-5,3,44,1,ARC,176,447.9318181818182,490.90340909090907,1561,106.85714285714286,106.85714285714286,False,retain
FR6-5,3,45,1,ARC,214,456.0841121495327,535.2289719626168,1561,106.85714285714286,106.85714285714286,False,retain
FR6-5,3,46,1,ARC,235,457.54893617021276,1361.5531914893618,1561,106.85714285714286,106.85714285714286,False,retain
FR6-5,3,47,1,ARC,308,463.8279220779221,1342.185064935065,1561,106.85714285714286,106.85714285714286,False,retain
FR6-5,3,48,2,ME,243,482.8559670781893,904.312757201646,712,110.08567415730337,110.08567415730337,False,retain
FR6-5,3,49,1,ARC,58,483.8965517241379,1616.2758620689656,1561,106.85714285714286,106.85714285714286,True,exclude_below_local_dapi_mean
FR6-5,3,50,2,ME,49,657.7142857142857,894.8571428571429,712,110.08567415730337,110.08567415730337,True,exclude_below_local_dapi_mean
FR6-5,5,1,1,ARC,157,145.29299363057325,622.4140127388536,1317,98.84434320425208,98.84434320425208,False,retain
FR6-5,5,2,1,ARC,318,171.1823899371069,597.8144654088051,1317,98.84434320425208,98.84434320425208,False,retain
FR6-5,5,3,0,OUTSIDE_DELINEATED_REGIONS,210,176.84285714285716,510.3666666666667,808,111.40346534653466,111.40346534653466,False,retain
FR6-5,5,4,0,OUTSIDE_DELINEATED_REGIONS,143,221.04195804195805,1365.5524475524476,808,111.40346534653466,111.40346534653466,False,retain
FR6-5,5,5,0,OUTSIDE_DELINEATED_REGIONS,95,290.7157894736842,145.67368421052632,808,111.40346534653466,111.40346534653466,True,exclude_below_local_dapi_mean
FR6-5,5,6,0,OUTSIDE_DELINEATED_REGIONS,90,291.81111111111113,85.88888888888889,808,111.40346534653466,111.40346534653466,True,exclude_below_local_dapi_mean
FR6-5,5,7,1,ARC,173,295.8034682080925,558.4971098265896,1317,98.84434320425208,98.84434320425208,False,retain
FR6-5,5,8,1,ARC,116,308.2931034482759,1481.1293103448277,1317,98.84434320425208,98.84434320425208,False,retain
FR6-5,5,9,1,ARC,229,327.1484716157205,467.46724890829694,1317,98.84434320425208,98.84434320425208,False,retain
FR6-5,5,10,1,ARC,112,332.2857142857143,1512.392857142857,1317,98.84434320425208,98.84434320425208,False,retain
FR6-5,5,11,1,ARC,43,335.74418604651163,1336.139534883721,1317,98.84434320425208,98.84434320425208,True,exclude_below_local_dapi_mean
FR6-5,5,12,1,ARC,108,339.01851851851853,1386.5648148148148,1317,98.84434320425208,98.84434320425208,False,retain
FR6-5,5,13,1,ARC,327,346.6024464831804,413.2262996941896,1317,98.84434320425208,98.84434320425208,False,retain
FR6-5,5,14,1,ARC,147,344.5646258503401,552.1360544217687,1317,98.84434320425208,98.84434320425208,False,retain
FR6-5,5,15,1,ARC,178,354.0842696629214,1637.241573033708,1317,98.84434320425208,98.84434320425208,False,retain
FR6-5,5,16,1,ARC,89,356.6179775280899,1427.4831460674156,1317,98.84434320425208,98.84434320425208,True,exclude_below_local_dapi_mean
FR6-5,5,17,1,ARC,161,366.7080745341615,1253.024844720497,1317,98.84434320425208,98.84434320425208,False,retain
FR6-5,5,18,1,ARC,107,373.7196261682243,1312.3364485981308,1317,98.84434320425208,98.84434320425208,False,retain
FR6-5,5,19,1,ARC,152,374.3618421052632,1380.0197368421052,1317,98.84434320425208,98.84434320425208,False,retain
FR6-5,5,20,1,ARC,127,376.3543307086614,726.9448818897638,1317,98.84434320425208,98.84434320425208,False,retain
FR6-5,5,21,1,ARC,65,375.4769230769231,1097.4923076923078,1317,98.84434320425208,98.84434320425208,True,exclude_below_local_dapi_mean
FR6-5,5,22,1,ARC,304,381.76644736842104,1568.9309210526317,1317,98.84434320425208,98.84434320425208,False,retain
FR6-5,5,23,1,ARC,149,379.61073825503354,1197.8120805369128,1317,98.84434320425208,98.84434320425208,False,retain
FR6-5,5,24,1,ARC,159,397.57861635220127,1322.0503144654087,1317,98.84434320425208,98.84434320425208,False,retain
FR6-5,5,25,1,ARC,162,405.1358024691358,429.08641975308643,1317,98.84434320425208,98.84434320425208,False,retain
FR6-5,5,26,1,ARC,78,410.6794871794872,669.5128205128206,1317,98.84434320425208,98.84434320425208,True,exclude_below_local_dapi_mean
FR6-5,5,27,1,ARC,180,412.22222222222223,1327.3277777777778,1317,98.84434320425208,98.84434320425208,False,retain
FR6-5,5,28,1,ARC,131,417.9312977099237,1278.7480916030534,1317,98.84434320425208,98.84434320425208,False,retain
FR6-5,5,29,1,ARC,53,416.7358490566038,1503.7924528301887,1317,98.84434320425208,98.84434320425208,True,exclude_below_local_dapi_mean
FR6-5,5,30,1,ARC,345,425.4579710144927,1135.2782608695652,1317,98.84434320425208,98.84434320425208,False,retain
FR6-5,5,31,1,ARC,94,422.93617021276594,1297.0744680851064,1317,98.84434320425208,98.84434320425208,True,exclude_below_local_dapi_mean
FR6-5,5,32,1,ARC,172,431.1162790697674,484.3720930232558,1317,98.84434320425208,98.84434320425208,False,retain
FR6-5,5,33,1,ARC,86,429.19767441860466,1270.593023255814,1317,98.84434320425208,98.84434320425208,True,exclude_below_local_dapi_mean
FR6-5,5,34,1,ARC,112,441.69642857142856,1349.7589285714287,1317,98.84434320425208,98.84434320425208,False,retain
FR6-5,5,35,1,ARC,88,443.72727272727275,1261.9886363636363,1317,98.84434320425208,98.84434320425208,True,exclude_below_local_dapi_mean
FR6-5,5,36,1,ARC,158,453.8164556962025,1383.607594936709,1317,98.84434320425208,98.84434320425208,False,retain
FR6-5,5,37,1,ARC,171,456.4736842105263,1125.157894736842,1317,98.84434320425208,98.84434320425208,False,retain
FR6-5,5,38,1,ARC,169,461.88757396449705,688.301775147929,1317,98.84434320425208,98.84434320425208,False,retain
FR6-5,5,39,1,ARC,214,464.89719626168227,1435.6168224299065,1317,98.84434320425208,98.84434320425208,False,retain
FR6-5,5,40,1,ARC,391,475.3529411764706,1411.2864450127877,1317,98.84434320425208,98.84434320425208,False,retain
FR6-5,5,41,1,ARC,290,479.3689655172414,675.5862068965517,1317,98.84434320425208,98.84434320425208,False,retain
FR6-5,5,42,1,ARC,339,479.4985250737463,1382.5309734513273,1317,98.84434320425208,98.84434320425208,False,retain
FR6-5,5,43,1,ARC,218,476.0366972477064,445.3165137614679,1317,98.84434320425208,98.84434320425208,False,retain
FR6-5,5,44,1,ARC,382,478.40575916230364,612.3324607329843,1317,98.84434320425208,98.84434320425208,False,retain
FR6-5,5,45,1,ARC,404,481.96039603960395,1311.049504950495,1317,98.84434320425208,98.84434320425208,False,retain
FR6-5,5,46,1,ARC,48,475.1041666666667,527.375,1317,98.84434320425208,98.84434320425208,True,exclude_below_local_dapi_mean
FR6-5,5,47,1,ARC,189,478.95767195767195,655.4232804232804,1317,98.84434320425208,98.84434320425208,False,retain
FR6-5,5,48,1,ARC,97,477.7113402061856,1170.9072164948454,1317,98.84434320425208,98.84434320425208,True,exclude_below_local_dapi_mean
FR6-5,5,49,1,ARC,90,480.3222222222222,1157.3777777777777,1317,98.84434320425208,98.84434320425208,True,exclude_below_local_dapi_mean
FR6-5,5,50,1,ARC,84,481.01190476190476,1490.047619047619,1317,98.84434320425208,98.84434320425208,True,exclude_below_local_dapi_mean
FR6-5,5,51,1,ARC,158,484.4620253164557,585.5506329113924,1317,98.84434320425208,98.84434320425208,False,retain
FR6-5,5,52,1,ARC,161,494.7453416149068,529.3478260869565,1317,98.84434320425208,98.84434320425208,False,retain
FR6-5,5,53,1,ARC,100,494.75,1172.4,1317,98.84434320425208,98.84434320425208,False,retain
FR6-5,5,54,1,ARC,265,499.0566037735849,487.11698113207547,1317,98.84434320425208,98.84434320425208,False,retain
FR6-5,5,55,1,ARC,170,504.1411764705882,1157.764705882353,1317,98.84434320425208,98.84434320425208,False,retain
FR6-5,5,56,1,ARC,68,502.0882352941176,1187.25,1317,98.84434320425208,98.84434320425208,True,exclude_below_local_dapi_mean
FR6-5,5,57,1,ARC,189,508.25396825396825,1207.4920634920634,1317,98.84434320425208,98.84434320425208,False,retain
FR6-5,5,58,1,ARC,75,505.2266666666667,1292.2933333333333,1317,98.84434320425208,98.84434320425208,True,exclude_below_local_dapi_mean
FR6-5,5,59,1,ARC,100,509.44,1437.09,1317,98.84434320425208,98.84434320425208,False,retain
FR6-5,5,60,1,ARC,102,519.3823529411765,1162.0686274509803,1317,98.84434320425208,98.84434320425208,False,retain
FR6-5,5,61,1,ARC,173,520.6416184971098,1321.1271676300578,1317,98.84434320425208,98.84434320425208,False,retain
FR6-5,5,62,2,ME,49,543.0204081632653,1082.142857142857,281,80.87544483985765,80.87544483985765,True,exclude_below_local_dapi_mean
FR6-5,5,63,2,ME,285,564.1578947368421,1067.821052631579,281,80.87544483985765,80.87544483985765,False,retain
FR6-5,5,64,2,ME,271,567.4428044280443,955.7121771217712,281,80.87544483985765,80.87544483985765,False,retain
FR7-2,5,1,0,OUTSIDE_DELINEATED_REGIONS,56,20.392857142857142,504.6607142857143,1625,122.12676923076923,122.12676923076923,True,exclude_below_local_dapi_mean
FR7-2,5,2,0,OUTSIDE_DELINEATED_REGIONS,232,30.16810344827586,134.18534482758622,1625,122.12676923076923,122.12676923076923,False,retain
FR7-2,5,3,0,OUTSIDE_DELINEATED_REGIONS,84,37.964285714285715,1404.3809523809523,1625,122.12676923076923,122.12676923076923,True,exclude_below_local_dapi_mean
FR7-2,5,4,0,OUTSIDE_DELINEATED_REGIONS,83,50.98795180722892,543.2409638554217,1625,122.12676923076923,122.12676923076923,True,exclude_below_local_dapi_mean
FR7-2,5,5,0,OUTSIDE_DELINEATED_REGIONS,20,51.2,674.85,1625,122.12676923076923,122.12676923076923,True,exclude_below_local_dapi_mean
FR7-2,5,6,0,OUTSIDE_DELINEATED_REGIONS,56,52.69642857142857,724.9642857142857,1625,122.12676923076923,122.12676923076923,True,exclude_below_local_dapi_mean
FR7-2,5,7,0,OUTSIDE_DELINEATED_REGIONS,234,68.67094017094017,629.3888888888889,1625,122.12676923076923,122.12676923076923,False,retain
FR7-2,5,8,0,OUTSIDE_DELINEATED_REGIONS,43,70.83720930232558,710.0697674418604,1625,122.12676923076923,122.12676923076923,True,exclude_below_local_dapi_mean
FR7-2,5,9,0,OUTSIDE_DELINEATED_REGIONS,21,71.61904761904762,268.1904761904762,1625,122.12676923076923,122.12676923076923,True,exclude_below_local_dapi_mean
FR7-2,5,10,0,OUTSIDE_DELINEATED_REGIONS,82,79.57317073170732,580.5,1625,122.12676923076923,122.12676923076923,True,exclude_below_local_dapi_mean
FR7-2,5,11,0,OUTSIDE_DELINEATED_REGIONS,48,127.5,1291.7916666666667,1625,122.12676923076923,122.12676923076923,True,exclude_below_local_dapi_mean
FR7-2,5,12,0,OUTSIDE_DELINEATED_REGIONS,67,148.16417910447763,586.9701492537314,1625,122.12676923076923,122.12676923076923,True,exclude_below_local_dapi_mean
FR7-2,5,13,0,OUTSIDE_DELINEATED_REGIONS,77,150.36363636363637,1167.1168831168832,1625,122.12676923076923,122.12676923076923,True,exclude_below_local_dapi_mean
FR7-2,5,14,0,OUTSIDE_DELINEATED_REGIONS,47,157.4468085106383,615.8510638297872,1625,122.12676923076923,122.12676923076923,True,exclude_below_local_dapi_mean
FR7-2,5,15,0,OUTSIDE_DELINEATED_REGIONS,240,179.7875,1300.475,1625,122.12676923076923,122.12676923076923,False,retain
FR7-2,5,16,0,OUTSIDE_DELINEATED_REGIONS,23,184.43478260869566,20.08695652173913,1625,122.12676923076923,122.12676923076923,True,exclude_below_local_dapi_mean
FR7-2,5,17,0,OUTSIDE_DELINEATED_REGIONS,146,194.86986301369862,1281.445205479452,1625,122.12676923076923,122.12676923076923,False,retain
FR7-2,5,18,0,OUTSIDE_DELINEATED_REGIONS,155,203.05161290322582,1305.7548387096774,1625,122.12676923076923,122.12676923076923,False,retain
FR7-2,5,19,0,OUTSIDE_DELINEATED_REGIONS,52,203.32692307692307,297.63461538461536,1625,122.12676923076923,122.12676923076923,True,exclude_below_local_dapi_mean
FR7-2,5,20,0,OUTSIDE_DELINEATED_REGIONS,36,206.25,634.0555555555555,1625,122.12676923076923,122.12676923076923,True,exclude_below_local_dapi_mean
FR7-2,5,21,0,OUTSIDE_DELINEATED_REGIONS,106,211.1509433962264,589.9622641509434,1625,122.12676923076923,122.12676923076923,True,exclude_below_local_dapi_mean
FR7-2,5,22,1,ARC,118,217.4915254237288,1092.7033898305085,924,114.22186147186147,114.22186147186147,False,retain
FR7-2,5,23,1,ARC,73,221.43835616438355,747.5068493150685,924,114.22186147186147,114.22186147186147,True,exclude_below_local_dapi_mean
FR7-2,5,24,1,ARC,55,222.78181818181818,1047.8,924,114.22186147186147,114.22186147186147,True,exclude_below_local_dapi_mean
FR7-2,5,25,0,OUTSIDE_DELINEATED_REGIONS,24,224.54166666666666,585.75,1625,122.12676923076923,122.12676923076923,True,exclude_below_local_dapi_mean
FR7-2,5,26,0,OUTSIDE_DELINEATED_REGIONS,114,235.55263157894737,1357.0877192982457,1625,122.12676923076923,122.12676923076923,True,exclude_below_local_dapi_mean
FR7-2,5,27,1,ARC,116,237.85344827586206,1166.7241379310344,924,114.22186147186147,114.22186147186147,False,retain
FR7-2,5,28,1,ARC,73,247.4931506849315,1030.5342465753424,924,114.22186147186147,114.22186147186147,True,exclude_below_local_dapi_mean
FR7-2,5,29,0,OUTSIDE_DELINEATED_REGIONS,136,259.58088235294116,603.2352941176471,1625,122.12676923076923,122.12676923076923,False,retain
FR7-2,5,30,1,ARC,93,260.4623655913978,1072.6881720430108,924,114.22186147186147,114.22186147186147,True,exclude_below_local_dapi_mean
FR7-2,5,31,0,OUTSIDE_DELINEATED_REGIONS,53,261.3207547169811,81.64150943396227,1625,122.12676923076923,122.12676923076923,True,exclude_below_local_dapi_mean
FR7-2,5,32,1,ARC,79,273.63291139240505,721.4556962025316,924,114.22186147186147,114.22186147186147,True,exclude_below_local_dapi_mean
FR7-2,5,33,0,OUTSIDE_DELINEATED_REGIONS,79,279.43037974683546,237.0632911392405,1625,122.12676923076923,122.12676923076923,True,exclude_below_local_dapi_mean
FR7-2,5,34,1,ARC,51,282.5882352941176,799.8235294117648,924,114.22186147186147,114.22186147186147,True,exclude_below_local_dapi_mean
FR7-2,5,35,1,ARC,71,296.5633802816901,1198.6760563380283,924,114.22186147186147,114.22186147186147,True,exclude_below_local_dapi_mean
FR7-2,5,36,1,ARC,92,300.25,1085.6630434782608,924,114.22186147186147,114.22186147186147,True,exclude_below_local_dapi_mean
FR7-2,5,37,1,ARC,82,301.5,1233.5,924,114.22186147186147,114.22186147186147,True,exclude_below_local_dapi_mean
FR7-2,5,38,1,ARC,154,304.53246753246754,668.3506493506494,924,114.22186147186147,114.22186147186147,False,retain
FR7-2,5,39,0,OUTSIDE_DELINEATED_REGIONS,273,310.5970695970696,490.85714285714283,1625,122.12676923076923,122.12676923076923,False,retain
FR7-2,5,40,1,ARC,76,306.8421052631579,1206.75,924,114.22186147186147,114.22186147186147,True,exclude_below_local_dapi_mean
FR7-2,5,41,1,ARC,140,311.5285714285714,1296.7,924,114.22186147186147,114.22186147186147,False,retain
FR7-2,5,42,1,ARC,225,318.75555555555553,593.2311111111111,924,114.22186147186147,114.22186147186147,False,retain
FR7-2,5,43,0,OUTSIDE_DELINEATED_REGIONS,106,317.1698113207547,1826.9528301886792,1625,122.12676923076923,122.12676923076923,True,exclude_below_local_dapi_mean
FR7-2,5,44,0,OUTSIDE_DELINEATED_REGIONS,38,319.86842105263156,316.2368421052632,1625,122.12676923076923,122.12676923076923,True,exclude_below_local_dapi_mean
FR7-2,5,45,1,ARC,85,323.25882352941176,1317.3529411764705,924,114.22186147186147,114.22186147186147,True,exclude_below_local_dapi_mean
FR7-2,5,46,1,ARC,108,324.2962962962963,614.6296296296297,924,114.22186147186147,114.22186147186147,True,exclude_below_local_dapi_mean
FR7-2,5,47,0,OUTSIDE_DELINEATED_REGIONS,87,326.4942528735632,1843.9080459770114,1625,122.12676923076923,122.12676923076923,True,exclude_below_local_dapi_mean
FR7-2,5,48,1,ARC,162,331.0679012345679,1266.0987654320988,924,114.22186147186147,114.22186147186147,False,retain
FR7-2,5,49,1,ARC,247,338.417004048583,556.4291497975709,924,114.22186147186147,114.22186147186147,False,retain
FR7-2,5,50,1,ARC,157,337.69426751592357,1180.6114649681529,924,114.22186147186147,114.22186147186147,False,retain
FR7-2,5,51,1,ARC,68,337.22058823529414,1055.5,924,114.22186147186147,114.22186147186147,True,exclude_below_local_dapi_mean
FR7-2,5,52,1,ARC,80,339.15,1070.6875,924,114.22186147186147,114.22186147186147,True,exclude_below_local_dapi_mean
FR7-2,5,53,1,ARC,361,356.4792243767313,512.5373961218836,924,114.22186147186147,114.22186147186147,False,retain
FR7-2,5,54,0,OUTSIDE_DELINEATED_REGIONS,42,363.54761904761904,220.95238095238096,1625,122.12676923076923,122.12676923076923,True,exclude_below_local_dapi_mean
FR7-2,5,55,1,ARC,65,366.5230769230769,1171.553846153846,924,114.22186147186147,114.22186147186147,True,exclude_below_local_dapi_mean
FR7-2,5,56,1,ARC,117,369.017094017094,741.3247863247864,924,114.22186147186147,114.22186147186147,False,retain
FR7-2,5,57,1,ARC,170,380.27647058823527,585.1882352941177,924,114.22186147186147,114.22186147186147,False,retain
FR7-2,5,58,1,ARC,45,375.93333333333334,1221.6666666666667,924,114.22186147186147,114.22186147186147,True,exclude_below_local_dapi_mean
FR7-2,5,59,1,ARC,284,382.15492957746477,500.4823943661972,924,114.22186147186147,114.22186147186147,False,retain
FR7-2,5,60,1,ARC,57,379.64912280701753,692.6140350877193,924,114.22186147186147,114.22186147186147,True,exclude_below_local_dapi_mean
FR7-2,5,61,0,OUTSIDE_DELINEATED_REGIONS,282,402.64539007092196,1508.9645390070923,1625,122.12676923076923,122.12676923076923,False,retain
FR7-2,5,62,1,ARC,141,417.9503546099291,689.2340425531914,924,114.22186147186147,114.22186147186147,False,retain
FR7-2,5,63,1,ARC,190,421.36842105263156,562.5947368421052,924,114.22186147186147,114.22186147186147,False,retain
FR7-2,5,64,1,ARC,124,431.5806451612903,1157.1209677419354,924,114.22186147186147,114.22186147186147,False,retain
FR7-2,5,65,1,ARC,126,431.6825396825397,1184.357142857143,924,114.22186147186147,114.22186147186147,False,retain
FR7-2,5,66,1,ARC,223,441.7713004484305,1362.013452914798,924,114.22186147186147,114.22186147186147,False,retain
FR7-2,5,67,1,ARC,121,442.9504132231405,1320.6446280991736,924,114.22186147186147,114.22186147186147,False,retain
FR7-2,5,68,1,ARC,110,451.22727272727275,1132.6454545454546,924,114.22186147186147,114.22186147186147,True,exclude_below_local_dapi_mean
FR7-2,5,69,1,ARC,65,452.2,1307.3538461538462,924,114.22186147186147,114.22186147186147,True,exclude_below_local_dapi_mean
FR7-2,5,70,1,ARC,269,457.46840148698885,584.8141263940521,924,114.22186147186147,114.22186147186147,False,retain
FR7-2,5,71,1,ARC,60,452.3833333333333,1173.4833333333333,924,114.22186147186147,114.22186147186147,True,exclude_below_local_dapi_mean
FR7-2,5,72,1,ARC,96,459.875,1247.3020833333333,924,114.22186147186147,114.22186147186147,True,exclude_below_local_dapi_mean
FR7-2,5,73,1,ARC,347,479.8876080691643,758.6311239193084,924,114.22186147186147,114.22186147186147,False,retain
FR7-2,5,74,1,ARC,148,473.3716216216216,1294.5472972972973,924,114.22186147186147,114.22186147186147,False,retain
FR7-2,5,75,1,ARC,126,476.2857142857143,1131.6587301587301,924,114.22186147186147,114.22186147186147,False,retain
FR7-2,5,76,1,ARC,204,480.87745098039215,1250.6813725490197,924,114.22186147186147,114.22186147186147,False,retain
FR7-2,5,77,1,ARC,148,483.1554054054054,625.6824324324324,924,114.22186147186147,114.22186147186147,False,retain
FR7-2,5,78,1,ARC,104,488.7980769230769,1370.076923076923,924,114.22186147186147,114.22186147186147,True,exclude_below_local_dapi_mean
FR7-2,5,79,1,ARC,79,489.30379746835445,1160.6962025316457,924,114.22186147186147,114.22186147186147,True,exclude_below_local_dapi_mean
FR7-2,5,80,0,OUTSIDE_DELINEATED_REGIONS,355,500.0507042253521,1528.7211267605635,1625,122.12676923076923,122.12676923076923,False,retain
FR7-2,5,81,1,ARC,71,492.6478873239437,1195.5211267605634,924,114.22186147186147,114.22186147186147,True,exclude_below_local_dapi_mean
FR7-2,5,82,1,ARC,62,495.16129032258067,1175.0806451612902,924,114.22186147186147,114.22186147186147,True,exclude_below_local_dapi_mean
FR7-2,5,83,1,ARC,232,501.70258620689657,657.625,924,114.22186147186147,114.22186147186147,False,retain
FR7-2,5,84,1,ARC,47,495.8085106382979,1284.936170212766,924,114.22186147186147,114.22186147186147,True,exclude_below_local_dapi_mean
FR7-2,5,85,1,ARC,56,505.625,1127.9642857142858,924,114.22186147186147,114.22186147186147,True,exclude_below_local_dapi_mean
FR7-2,5,86,1,ARC,196,524.0663265306123,607.954081632653,924,114.22186147186147,114.22186147186147,False,retain
FR7-2,5,87,1,ARC,58,520.8448275862069,1134.2931034482758,924,114.22186147186147,114.22186147186147,True,exclude_below_local_dapi_mean
FR7-2,5,88,1,ARC,183,532.2513661202186,641.0928961748634,924,114.22186147186147,114.22186147186147,False,retain
FR7-2,5,89,1,ARC,43,534.7209302325581,1134.9767441860465,924,114.22186147186147,114.22186147186147,True,exclude_below_local_dapi_mean
FR7-2,5,90,1,ARC,64,537.5625,599.875,924,114.22186147186147,114.22186147186147,True,exclude_below_local_dapi_mean
FR7-2,5,91,1,ARC,285,564.4456140350877,588.2736842105263,924,114.22186147186147,114.22186147186147,False,retain
FR7-2,5,92,0,OUTSIDE_DELINEATED_REGIONS,48,580.125,273.6875,1625,122.12676923076923,122.12676923076923,True,exclude_below_local_dapi_mean
FR7-2,5,93,1,ARC,79,581.126582278481,339.55696202531647,924,114.22186147186147,114.22186147186147,True,exclude_below_local_dapi_mean
FR7-2,5,94,0,OUTSIDE_DELINEATED_REGIONS,32,581.8125,288.03125,1625,122.12676923076923,122.12676923076923,True,exclude_below_local_dapi_mean
FR7-2,5,95,1,ARC,283,595.0318021201414,590.4770318021201,924,114.22186147186147,114.22186147186147,False,retain
FR7-2,5,96,2,ME,160,617.875,1215.325,132,86.60606060606061,86.60606060606061,False,retain
FR7-2,5,97,2,ME,34,646.9117647058823,827.8529411764706,132,86.60606060606061,86.60606060606061,True,exclude_below_local_dapi_mean
FR7-2,5,98,2,ME,29,687.8965517241379,868.7241379310345,132,86.60606060606061,86.60606060606061,True,exclude_below_local_dapi_mean
FR7-2,1,1,0,OUTSIDE_DELINEATED_REGIONS,70,52.05714285714286,1396.857142857143,1736,116.13306451612904,116.13306451612904,True,exclude_below_local_dapi_mean
FR7-2,1,2,1,ARC,209,257.0382775119617,693.1674641148326,1071,114.31652661064426,114.31652661064426,False,retain
FR7-2,1,3,0,OUTSIDE_DELINEATED_REGIONS,90,273.96666666666664,112.41111111111111,1736,116.13306451612904,116.13306451612904,True,exclude_below_local_dapi_mean
FR7-2,1,4,1,ARC,105,295.20952380952383,760.3142857142857,1071,114.31652661064426,114.31652661064426,True,exclude_below_local_dapi_mean
FR7-2,1,5,0,OUTSIDE_DELINEATED_REGIONS,35,297.9142857142857,128.2,1736,116.13306451612904,116.13306451612904,True,exclude_below_local_dapi_mean
FR7-2,1,6,0,OUTSIDE_DELINEATED_REGIONS,87,303.6551724137931,35.172413793103445,1736,116.13306451612904,116.13306451612904,True,exclude_below_local_dapi_mean
FR7-2,1,7,1,ARC,226,307.353982300885,1078.146017699115,1071,114.31652661064426,114.31652661064426,False,retain
FR7-2,1,8,0,OUTSIDE_DELINEATED_REGIONS,64,311.484375,62.34375,1736,116.13306451612904,116.13306451612904,True,exclude_below_local_dapi_mean
FR7-2,1,9,0,OUTSIDE_DELINEATED_REGIONS,363,321.6969696969697,1314.9586776859503,1736,116.13306451612904,116.13306451612904,False,retain
FR7-2,1,10,1,ARC,151,322.5298013245033,798.7218543046357,1071,114.31652661064426,114.31652661064426,False,retain
FR7-2,1,11,1,ARC,123,330.8130081300813,772.8130081300814,1071,114.31652661064426,114.31652661064426,False,retain
FR7-2,1,12,0,OUTSIDE_DELINEATED_REGIONS,226,335.66814159292034,1704.2654867256638,1736,116.13306451612904,116.13306451612904,False,retain
FR7-2,1,13,1,ARC,148,345.2162162162162,1120.7364864864865,1071,114.31652661064426,114.31652661064426,False,retain
FR7-2,1,14,1,ARC,258,348.79457364341084,1079.9612403100775,1071,114.31652661064426,114.31652661064426,False,retain
FR7-2,1,15,1,ARC,232,354.7413793103448,629.5431034482758,1071,114.31652661064426,114.31652661064426,False,retain
FR7-2,1,16,1,ARC,193,370.8860103626943,661.9378238341969,1071,114.31652661064426,114.31652661064426,False,retain
FR7-2,1,17,1,ARC,227,371.11453744493394,1296.704845814978,1071,114.31652661064426,114.31652661064426,False,retain
FR7-2,1,18,0,OUTSIDE_DELINEATED_REGIONS,217,371.2304147465438,1473.115207373272,1736,116.13306451612904,116.13306451612904,False,retain
FR7-2,1,19,1,ARC,105,373.48571428571427,642.4095238095238,1071,114.31652661064426,114.31652661064426,True,exclude_below_local_dapi_mean
FR7-2,1,20,1,ARC,163,376.9079754601227,735.8711656441718,1071,114.31652661064426,114.31652661064426,False,retain
FR7-2,1,21,1,ARC,230,381.9217391304348,1232.791304347826,1071,114.31652661064426,114.31652661064426,False,retain
FR7-2,1,22,1,ARC,150,386.6066666666667,1255.0466666666666,1071,114.31652661064426,114.31652661064426,False,retain
FR7-2,1,23,1,ARC,251,394.1035856573705,586.5498007968127,1071,114.31652661064426,114.31652661064426,False,retain
FR7-2,1,24,1,ARC,153,395.57516339869284,546.6928104575163,1071,114.31652661064426,114.31652661064426,False,retain
FR7-2,1,25,1,ARC,258,396.92248062015506,685.562015503876,1071,114.31652661064426,114.31652661064426,False,retain
FR7-2,1,26,1,ARC,164,405.5548780487805,672.0121951219512,1071,114.31652661064426,114.31652661064426,False,retain
FR7-2,1,27,1,ARC,253,406.82608695652175,1310.2845849802372,1071,114.31652661064426,114.31652661064426,False,retain
FR7-2,1,28,1,ARC,121,414.08264462809916,493.0,1071,114.31652661064426,114.31652661064426,False,retain
FR7-2,1,29,0,OUTSIDE_DELINEATED_REGIONS,206,414.81067961165047,1524.3592233009708,1736,116.13306451612904,116.13306451612904,False,retain
FR7-2,1,30,1,ARC,223,418.93273542600895,589.9506726457399,1071,114.31652661064426,114.31652661064426,False,retain
FR7-2,1,31,1,ARC,347,422.6657060518732,707.3775216138329,1071,114.31652661064426,114.31652661064426,False,retain
FR7-2,1,32,1,ARC,260,432.08846153846156,1237.85,1071,114.31652661064426,114.31652661064426,False,retain
FR7-2,1,33,1,ARC,128,432.1953125,1318.0390625,1071,114.31652661064426,114.31652661064426,False,retain
FR7-2,1,34,1,ARC,149,442.06040268456377,1188.5838926174497,1071,114.31652661064426,114.31652661064426,False,retain
FR7-2,1,35,0,OUTSIDE_DELINEATED_REGIONS,86,440.40697674418607,1684.9302325581396,1736,116.13306451612904,116.13306451612904,True,exclude_below_local_dapi_mean
FR7-2,1,36,0,OUTSIDE_DELINEATED_REGIONS,191,443.9005235602094,289.020942408377,1736,116.13306451612904,116.13306451612904,False,retain
FR7-2,1,37,1,ARC,139,448.7338129496403,641.4244604316547,1071,114.31652661064426,114.31652661064426,False,retain
FR7-2,1,38,0,OUTSIDE_DELINEATED_REGIONS,256,449.37109375,179.75390625,1736,116.13306451612904,116.13306451612904,False,retain
FR7-2,1,39,1,ARC,174,450.4597701149425,1150.1896551724137,1071,114.31652661064426,114.31652661064426,False,retain
FR7-2,1,40,1,ARC,136,449.6397058823529,1383.5294117647059,1071,114.31652661064426,114.31652661064426,False,retain
FR7-2,1,41,1,ARC,252,453.36507936507934,534.4285714285714,1071,114.31652661064426,114.31652661064426,False,retain
FR7-2,1,42,1,ARC,123,455.8943089430894,690.9837398373984,1071,114.31652661064426,114.31652661064426,False,retain
FR7-2,1,43,1,ARC,281,459.30604982206404,1466.8220640569396,1071,114.31652661064426,114.31652661064426,False,retain
FR7-2,1,44,0,OUTSIDE_DELINEATED_REGIONS,165,464.2848484848485,305.0121212121212,1736,116.13306451612904,116.13306451612904,False,retain
FR7-2,1,45,0,OUTSIDE_DELINEATED_REGIONS,151,463.02649006622516,1716.132450331126,1736,116.13306451612904,116.13306451612904,False,retain
FR7-2,1,46,1,ARC,356,470.23595505617976,1156.247191011236,1071,114.31652661064426,114.31652661064426,False,retain
FR7-2,1,47,1,ARC,134,467.2313432835821,1299.7985074626865,1071,114.31652661064426,114.31652661064426,False,retain
FR7-2,1,48,1,ARC,215,469.51627906976745,395.1720930232558,1071,114.31652661064426,114.31652661064426,False,retain
FR7-2,1,49,1,ARC,126,468.07142857142856,618.1428571428571,1071,114.31652661064426,114.31652661064426,False,retain
FR7-2,1,50,1,ARC,97,471.9896907216495,589.5567010309278,1071,114.31652661064426,114.31652661064426,True,exclude_below_local_dapi_mean
FR7-2,1,51,1,ARC,210,479.5809523809524,1248.9476190476191,1071,114.31652661064426,114.31652661064426,False,retain
FR7-2,1,52,1,ARC,137,478.0729927007299,1108.9197080291972,1071,114.31652661064426,114.31652661064426,False,retain
FR7-2,1,53,1,ARC,227,480.18502202643174,1336.2026431718061,1071,114.31652661064426,114.31652661064426,False,retain
FR7-2,1,54,1,ARC,157,485.04458598726114,1298.3248407643312,1071,114.31652661064426,114.31652661064426,False,retain
FR7-2,1,55,1,ARC,371,495.70350404312666,1422.4123989218328,1071,114.31652661064426,114.31652661064426,False,retain
FR7-2,1,56,1,ARC,124,493.08870967741933,385.0806451612903,1071,114.31652661064426,114.31652661064426,False,retain
FR7-2,1,57,1,ARC,143,493.06293706293707,1270.7552447552448,1071,114.31652661064426,114.31652661064426,False,retain
FR7-2,1,58,1,ARC,294,498.3265306122449,428.1734693877551,1071,114.31652661064426,114.31652661064426,False,retain
FR7-2,1,59,1,ARC,177,497.42937853107344,1137.1412429378531,1071,114.31652661064426,114.31652661064426,False,retain
FR7-2,1,60,1,ARC,199,496.5678391959799,1110.5929648241206,1071,114.31652661064426,114.31652661064426,False,retain
FR7-2,1,61,1,ARC,119,501.14285714285717,706.8739495798319,1071,114.31652661064426,114.31652661064426,False,retain
FR7-2,1,62,1,ARC,116,500.0689655172414,1244.1637931034484,1071,114.31652661064426,114.31652661064426,False,retain
FR7-2,1,63,0,OUTSIDE_DELINEATED_REGIONS,169,508.905325443787,1634.2426035502958,1736,116.13306451612904,116.13306451612904,False,retain
FR7-2,1,64,1,ARC,154,512.0454545454545,734.9935064935065,1071,114.31652661064426,114.31652661064426,False,retain
FR7-2,1,65,0,OUTSIDE_DELINEATED_REGIONS,91,515.6703296703297,232.12087912087912,1736,116.13306451612904,116.13306451612904,True,exclude_below_local_dapi_mean
FR7-2,1,66,1,ARC,294,521.1156462585034,579.7448979591836,1071,114.31652661064426,114.31652661064426,False,retain
FR7-2,1,67,1,ARC,48,516.6666666666666,781.7083333333334,1071,114.31652661064426,114.31652661064426,True,exclude_below_local_dapi_mean
FR7-2,1,68,1,ARC,292,530.2431506849315,1086.7054794520548,1071,114.31652661064426,114.31652661064426,False,retain
FR7-2,1,69,1,ARC,126,528.7301587301587,1371.0555555555557,1071,114.31652661064426,114.31652661064426,False,retain
FR7-2,1,70,1,ARC,125,531.464,350.808,1071,114.31652661064426,114.31652661064426,False,retain
FR7-2,1,71,1,ARC,122,531.6639344262295,1453.8852459016393,1071,114.31652661064426,114.31652661064426,False,retain
FR7-2,1,72,1,ARC,256,537.09765625,510.59375,1071,114.31652661064426,114.31652661064426,False,retain
FR7-2,1,73,1,ARC,64,539.046875,788.09375,1071,114.31652661064426,114.31652661064426,True,exclude_below_local_dapi_mean
FR7-2,1,74,1,ARC,174,549.8448275862069,700.528735632184,1071,114.31652661064426,114.31652661064426,False,retain
FR7-2,1,75,1,ARC,68,547.3088235294117,1238.5441176470588,1071,114.31652661064426,114.31652661064426,True,exclude_below_local_dapi_mean
FR7-2,1,76,1,ARC,206,558.3446601941747,600.4320388349514,1071,114.31652661064426,114.31652661064426,False,retain
FR7-2,1,77,1,ARC,136,572.9191176470588,664.5073529411765,1071,114.31652661064426,114.31652661064426,False,retain
FR7-2,1,78,1,ARC,125,574.0,598.608,1071,114.31652661064426,114.31652661064426,False,retain
FR7-2,1,79,1,ARC,125,578.128,385.848,1071,114.31652661064426,114.31652661064426,False,retain
FR7-2,1,80,1,ARC,120,584.6083333333333,1254.9666666666667,1071,114.31652661064426,114.31652661064426,False,retain
FR7-2,1,81,2,ME,155,590.1483870967742,1051.2709677419355,98,94.66326530612245,94.66326530612245,False,retain
FR7-2,1,82,1,ARC,143,591.3286713286714,431.97902097902096,1071,114.31652661064426,114.31652661064426,False,retain
FR7-2,2,1,1,ARC,171,79.34502923976608,773.625730994152,1011,127.93867457962413,127.93867457962413,False,retain
FR7-2,2,2,1,ARC,32,118.09375,1013.9375,1011,127.93867457962413,127.93867457962413,True,exclude_below_local_dapi_mean
FR7-2,2,3,0,OUTSIDE_DELINEATED_REGIONS,46,178.54347826086956,89.93478260869566,1328,131.37876506024097,131.37876506024097,True,exclude_below_local_dapi_mean
FR7-2,2,4,0,OUTSIDE_DELINEATED_REGIONS,179,211.6927374301676,561.6145251396648,1328,131.37876506024097,131.37876506024097,False,retain
FR7-2,2,5,1,ARC,167,253.35329341317365,1164.6407185628743,1011,127.93867457962413,127.93867457962413,False,retain
FR7-2,2,6,1,ARC,205,294.01951219512193,1286.2,1011,127.93867457962413,127.93867457962413,False,retain
FR7-2,2,7,1,ARC,96,312.5520833333333,1154.3229166666667,1011,127.93867457962413,127.93867457962413,True,exclude_below_local_dapi_mean
FR7-2,2,8,1,ARC,354,321.92090395480227,689.9858757062146,1011,127.93867457962413,127.93867457962413,False,retain
FR7-2,2,9,1,ARC,129,331.8139534883721,1225.8837209302326,1011,127.93867457962413,127.93867457962413,False,retain
FR7-2,2,10,1,ARC,435,365.05057471264365,461.99770114942527,1011,127.93867457962413,127.93867457962413,False,retain
FR7-2,2,11,1,ARC,396,372.92424242424244,658.6237373737374,1011,127.93867457962413,127.93867457962413,False,retain
FR7-2,2,12,0,OUTSIDE_DELINEATED_REGIONS,76,369.88157894736844,1804.6842105263158,1328,131.37876506024097,131.37876506024097,True,exclude_below_local_dapi_mean
FR7-2,2,13,1,ARC,178,372.87640449438203,530.3876404494382,1011,127.93867457962413,127.93867457962413,False,retain
FR7-2,2,14,1,ARC,241,382.60165975103735,1163.609958506224,1011,127.93867457962413,127.93867457962413,False,retain
FR7-2,2,15,1,ARC,181,391.4475138121547,441.7900552486188,1011,127.93867457962413,127.93867457962413,False,retain
FR7-2,2,16,1,ARC,137,388.26277372262774,1244.021897810219,1011,127.93867457962413,127.93867457962413,False,retain
FR7-2,2,17,1,ARC,356,394.6825842696629,1437.0224719101125,1011,127.93867457962413,127.93867457962413,False,retain
FR7-2,2,18,1,ARC,395,398.7088607594937,1369.1594936708861,1011,127.93867457962413,127.93867457962413,False,retain
FR7-2,2,19,1,ARC,325,398.84923076923076,486.7353846153846,1011,127.93867457962413,127.93867457962413,False,retain
FR7-2,2,20,0,OUTSIDE_DELINEATED_REGIONS,80,400.2625,1656.4125,1328,131.37876506024097,131.37876506024097,True,exclude_below_local_dapi_mean
FR7-2,2,21,1,ARC,391,411.68797953964196,1339.3478260869565,1011,127.93867457962413,127.93867457962413,False,retain
FR7-2,2,22,1,ARC,152,405.5131578947368,1149.3157894736842,1011,127.93867457962413,127.93867457962413,False,retain
FR7-2,2,23,1,ARC,300,412.03333333333336,1198.26,1011,127.93867457962413,127.93867457962413,False,retain
FR7-2,2,24,1,ARC,176,413.3636363636364,561.5738636363636,1011,127.93867457962413,127.93867457962413,False,retain
FR7-2,2,25,1,ARC,212,415.0943396226415,599.1603773584906,1011,127.93867457962413,127.93867457962413,False,retain
FR7-2,2,26,1,ARC,281,417.52313167259786,1290.8256227758006,1011,127.93867457962413,127.93867457962413,False,retain
FR7-2,2,27,1,ARC,73,413.5068493150685,673.2876712328767,1011,127.93867457962413,127.93867457962413,True,exclude_below_local_dapi_mean
FR7-2,2,28,1,ARC,80,418.275,655.775,1011,127.93867457962413,127.93867457962413,True,exclude_below_local_dapi_mean
FR7-2,2,29,1,ARC,143,423.7412587412587,743.7902097902098,1011,127.93867457962413,127.93867457962413,False,retain
FR7-2,2,30,1,ARC,100,435.0,407.72,1011,127.93867457962413,127.93867457962413,True,exclude_below_local_dapi_mean
FR7-2,2,31,1,ARC,129,443.61240310077517,1108.3875968992247,1011,127.93867457962413,127.93867457962413,False,retain
FR7-2,2,32,0,OUTSIDE_DELINEATED_REGIONS,167,447.35928143712573,1765.5928143712574,1328,131.37876506024097,131.37876506024097,False,retain
FR7-2,2,33,1,ARC,167,448.5988023952096,528.5389221556886,1011,127.93867457962413,127.93867457962413,False,retain
FR7-2,2,34,1,ARC,80,450.8625,643.2375,1011,127.93867457962413,127.93867457962413,True,exclude_below_local_dapi_mean
FR7-2,2,35,1,ARC,288,456.1145833333333,1416.9409722222222,1011,127.93867457962413,127.93867457962413,False,retain
FR7-2,2,36,1,ARC,161,459.7826086956522,408.3975155279503,1011,127.93867457962413,127.93867457962413,False,retain
FR7-2,2,37,1,ARC,180,460.8666666666667,600.5111111111111,1011,127.93867457962413,127.93867457962413,False,retain
FR7-2,2,38,1,ARC,124,464.58870967741933,547.7016129032259,1011,127.93867457962413,127.93867457962413,True,exclude_below_local_dapi_mean
FR7-2,2,39,1,ARC,105,469.64761904761906,484.16190476190474,1011,127.93867457962413,127.93867457962413,True,exclude_below_local_dapi_mean
FR7-2,2,40,1,ARC,132,478.3181818181818,683.6666666666666,1011,127.93867457962413,127.93867457962413,False,retain
FR7-2,2,41,1,ARC,90,482.35555555555555,729.8444444444444,1011,127.93867457962413,127.93867457962413,True,exclude_below_local_dapi_mean
FR7-2,2,42,1,ARC,81,495.34567901234567,1151.6049382716049,1011,127.93867457962413,127.93867457962413,True,exclude_below_local_dapi_mean
FR7-2,2,43,1,ARC,116,498.5,1167.5862068965516,1011,127.93867457962413,127.93867457962413,True,exclude_below_local_dapi_mean
FR7-2,2,44,1,ARC,125,501.76,580.032,1011,127.93867457962413,127.93867457962413,True,exclude_below_local_dapi_mean
FR7-2,2,45,1,ARC,181,503.96685082872926,1227.1602209944751,1011,127.93867457962413,127.93867457962413,False,retain
FR7-2,2,46,1,ARC,253,509.3162055335968,1337.0869565217392,1011,127.93867457962413,127.93867457962413,False,retain
FR7-2,2,47,1,ARC,204,511.02450980392155,1127.0735294117646,1011,127.93867457962413,127.93867457962413,False,retain
FR7-2,2,48,1,ARC,75,509.68,606.64,1011,127.93867457962413,127.93867457962413,True,exclude_below_local_dapi_mean
FR7-2,2,49,1,ARC,63,511.7936507936508,691.0,1011,127.93867457962413,127.93867457962413,True,exclude_below_local_dapi_mean
FR7-2,2,50,1,ARC,82,512.7682926829268,735.7682926829268,1011,127.93867457962413,127.93867457962413,True,exclude_below_local_dapi_mean
FR7-2,2,51,1,ARC,71,514.887323943662,1268.1267605633802,1011,127.93867457962413,127.93867457962413,True,exclude_below_local_dapi_mean
FR7-2,2,52,1,ARC,185,522.0324324324324,1417.6378378378379,1011,127.93867457962413,127.93867457962413,False,retain
FR7-2,2,53,1,ARC,130,521.5461538461539,1226.3,1011,127.93867457962413,127.93867457962413,False,retain
FR7-2,2,54,1,ARC,147,528.7006802721088,542.4557823129252,1011,127.93867457962413,127.93867457962413,False,retain
FR7-2,2,55,1,ARC,74,528.9054054054054,1191.0675675675675,1011,127.93867457962413,127.93867457962413,True,exclude_below_local_dapi_mean
FR7-2,2,56,2,ME,74,531.972972972973,755.2972972972973,125,101.128,101.128,True,exclude_below_local_dapi_mean
FR7-2,2,57,1,ARC,115,534.5130434782609,442.96521739130435,1011,127.93867457962413,127.93867457962413,True,exclude_below_local_dapi_mean
FR7-2,2,58,2,ME,76,535.4736842105264,743.8815789473684,125,101.128,101.128,True,exclude_below_local_dapi_mean
FR7-2,2,59,1,ARC,65,539.8,549.0769230769231,1011,127.93867457962413,127.93867457962413,True,exclude_below_local_dapi_mean
FR7-2,2,60,2,ME,50,548.68,723.82,125,101.128,101.128,True,exclude_below_local_dapi_mean
FR7-2,2,61,2,ME,76,586.1052631578947,783.1184210526316,125,101.128,101.128,True,exclude_below_local_dapi_mean
FR7-2,3,1,0,OUTSIDE_DELINEATED_REGIONS,206,101.25242718446601,668.9174757281553,1633,119.92712798530312,119.92712798530312,False,retain
FR7-2,3,2,0,OUTSIDE_DELINEATED_REGIONS,213,116.03286384976526,1288.1784037558687,1633,119.92712798530312,119.92712798530312,False,retain
FR7-2,3,3,0,OUTSIDE_DELINEATED_REGIONS,218,162.22477064220183,1386.3532110091744,1633,119.92712798530312,119.92712798530312,False,retain
FR7-2,3,4,0,OUTSIDE_DELINEATED_REGIONS,314,188.29299363057325,513.6210191082803,1633,119.92712798530312,119.92712798530312,False,retain
FR7-2,3,5,0,OUTSIDE_DELINEATED_REGIONS,223,191.57847533632287,1225.3228699551569,1633,119.92712798530312,119.92712798530312,False,retain
FR7-2,3,6,0,OUTSIDE_DELINEATED_REGIONS,53,221.60377358490567,1450.6037735849056,1633,119.92712798530312,119.92712798530312,True,exclude_below_local_dapi_mean
FR7-2,3,7,0,OUTSIDE_DELINEATED_REGIONS,676,229.7810650887574,632.6819526627219,1633,119.92712798530312,119.92712798530312,False,retain
FR7-2,3,8,0,OUTSIDE_DELINEATED_REGIONS,89,262.69662921348316,1736.1348314606741,1633,119.92712798530312,119.92712798530312,True,exclude_below_local_dapi_mean
FR7-2,3,9,1,ARC,230,296.81304347826085,1227.504347826087,1304,115.80598159509202,115.80598159509202,False,retain
FR7-2,3,10,1,ARC,254,307.38188976377955,1284.5118110236222,1304,115.80598159509202,115.80598159509202,False,retain
FR7-2,3,11,0,OUTSIDE_DELINEATED_REGIONS,341,325.53958944281527,430.96187683284455,1633,119.92712798530312,119.92712798530312,False,retain
FR7-2,3,12,1,ARC,203,325.1182266009852,746.1083743842364,1304,115.80598159509202,115.80598159509202,False,retain
FR7-2,3,13,0,OUTSIDE_DELINEATED_REGIONS,158,333.3354430379747,367.55696202531647,1633,119.92712798530312,119.92712798530312,False,retain
FR7-2,3,14,1,ARC,139,333.7841726618705,1201.158273381295,1304,115.80598159509202,115.80598159509202,False,retain
FR7-2,3,15,1,ARC,212,341.2169811320755,542.872641509434,1304,115.80598159509202,115.80598159509202,False,retain
FR7-2,3,16,1,ARC,172,341.76162790697674,1228.1162790697674,1304,115.80598159509202,115.80598159509202,False,retain
FR7-2,3,17,1,ARC,224,344.26785714285717,1176.75,1304,115.80598159509202,115.80598159509202,False,retain
FR7-2,3,18,1,ARC,162,351.38271604938274,1146.9197530864199,1304,115.80598159509202,115.80598159509202,False,retain
FR7-2,3,19,1,ARC,171,353.87134502923976,1109.9590643274853,1304,115.80598159509202,115.80598159509202,False,retain
FR7-2,3,20,1,ARC,294,360.3809523809524,537.704081632653,1304,115.80598159509202,115.80598159509202,False,retain
FR7-2,3,21,1,ARC,499,365.15430861723445,1263.006012024048,1304,115.80598159509202,115.80598159509202,False,retain
FR7-2,3,22,0,OUTSIDE_DELINEATED_REGIONS,321,371.0747663551402,393.0,1633,119.92712798530312,119.92712798530312,False,retain
FR7-2,3,23,1,ARC,161,384.67080745341616,762.9006211180124,1304,115.80598159509202,115.80598159509202,False,retain
FR7-2,3,24,1,ARC,210,392.16190476190474,1079.4571428571428,1304,115.80598159509202,115.80598159509202,False,retain
FR7-2,3,25,1,ARC,209,400.11961722488036,660.0813397129186,1304,115.80598159509202,115.80598159509202,False,retain
FR7-2,3,26,1,ARC,147,399.9047619047619,1136.2312925170068,1304,115.80598159509202,115.80598159509202,False,retain
FR7-2,3,27,1,ARC,387,419.16795865633077,414.5968992248062,1304,115.80598159509202,115.80598159509202,False,retain
FR7-2,3,28,0,OUTSIDE_DELINEATED_REGIONS,225,416.8666666666667,148.68,1633,119.92712798530312,119.92712798530312,False,retain
FR7-2,3,29,1,ARC,229,427.3886462882096,1233.938864628821,1304,115.80598159509202,115.80598159509202,False,retain
FR7-2,3,30,1,ARC,399,431.4761904761905,1428.8947368421052,1304,115.80598159509202,115.80598159509202,False,retain
FR7-2,3,31,1,ARC,105,424.6,1200.6761904761904,1304,115.80598159509202,115.80598159509202,True,exclude_below_local_dapi_mean
FR7-2,3,32,1,ARC,164,428.640243902439,546.1829268292682,1304,115.80598159509202,115.80598159509202,False,retain
FR7-2,3,33,1,ARC,163,433.80981595092027,777.2944785276073,1304,115.80598159509202,115.80598159509202,False,retain
FR7-2,3,34,0,OUTSIDE_DELINEATED_REGIONS,409,444.21515892420535,364.5623471882641,1633,119.92712798530312,119.92712798530312,False,retain
FR7-2,3,35,1,ARC,115,436.53913043478263,1179.0086956521739,1304,115.80598159509202,115.80598159509202,True,exclude_below_local_dapi_mean
FR7-2,3,36,1,ARC,219,442.027397260274,1333.109589041096,1304,115.80598159509202,115.80598159509202,False,retain
FR7-2,3,37,1,ARC,225,449.3288888888889,1150.9022222222222,1304,115.80598159509202,115.80598159509202,False,retain
FR7-2,3,38,1,ARC,149,462.08053691275165,1186.2818791946308,1304,115.80598159509202,115.80598159509202,False,retain
FR7-2,3,39,1,ARC,27,463.14814814814815,1040.5925925925926,1304,115.80598159509202,115.80598159509202,True,exclude_below_local_dapi_mean
FR7-2,3,40,1,ARC,150,469.67333333333335,644.66,1304,115.80598159509202,115.80598159509202,False,retain
FR7-2,3,41,1,ARC,127,475.9133858267717,1377.259842519685,1304,115.80598159509202,115.80598159509202,False,retain
FR7-2,3,42,1,ARC,140,479.17857142857144,534.2428571428571,1304,115.80598159509202,115.80598159509202,False,retain
FR7-2,3,43,1,ARC,168,487.7142857142857,1313.779761904762,1304,115.80598159509202,115.80598159509202,False,retain
FR7-2,3,44,1,ARC,296,490.0168918918919,1410.0101351351352,1304,115.80598159509202,115.80598159509202,False,retain
FR7-2,3,45,1,ARC,421,492.70783847981,1452.413301662708,1304,115.80598159509202,115.80598159509202,False,retain
FR7-2,3,46,1,ARC,210,489.03333333333336,491.96666666666664,1304,115.80598159509202,115.80598159509202,False,retain
FR7-2,3,47,1,ARC,294,492.9965986394558,565.7925170068028,1304,115.80598159509202,115.80598159509202,False,retain
FR7-2,3,48,1,ARC,252,498.26984126984127,1275.1666666666667,1304,115.80598159509202,115.80598159509202,False,retain
FR7-2,3,49,1,ARC,258,499.0968992248062,1108.3488372093022,1304,115.80598159509202,115.80598159509202,False,retain
FR7-2,3,50,1,ARC,200,500.7,465.92,1304,115.80598159509202,115.80598159509202,False,retain
FR7-2,3,51,1,ARC,470,512.1489361702128,625.195744680851,1304,115.80598159509202,115.80598159509202,False,retain
FR7-2,3,52,1,ARC,192,520.9270833333334,1287.328125,1304,115.80598159509202,115.80598159509202,False,retain
FR7-2,3,53,1,ARC,110,521.6181818181818,1342.509090909091,1304,115.80598159509202,115.80598159509202,True,exclude_below_local_dapi_mean
FR7-2,3,54,1,ARC,187,525.4224598930481,589.8663101604278,1304,115.80598159509202,115.80598159509202,False,retain
FR7-2,3,55,1,ARC,158,544.9430379746835,1300.5696202531647,1304,115.80598159509202,115.80598159509202,False,retain
FR7-2,3,56,1,ARC,264,562.6704545454545,455.3787878787879,1304,115.80598159509202,115.80598159509202,False,retain
FR7-2,3,57,1,ARC,233,593.1330472103004,572.2274678111588,1304,115.80598159509202,115.80598159509202,False,retain
FR7-2,3,58,2,ME,28,630.2857142857143,907.2857142857143,254,88.2244094488189,88.2244094488189,True,exclude_below_local_dapi_mean
FR7-2,3,59,2,ME,40,644.85,742.9,254,88.2244094488189,88.2244094488189,True,exclude_below_local_dapi_mean
FR7-2,3,60,2,ME,67,672.3432835820895,812.5671641791045,254,88.2244094488189,88.2244094488189,True,exclude_below_local_dapi_mean
FR7-2,3,61,2,ME,24,675.5833333333334,802.3333333333334,254,88.2244094488189,88.2244094488189,True,exclude_below_local_dapi_mean
FR7-2,3,62,2,ME,25,684.52,796.68,254,88.2244094488189,88.2244094488189,True,exclude_below_local_dapi_mean
FR7-2,3,63,2,ME,16,688.5,807.5,254,88.2244094488189,88.2244094488189,True,exclude_below_local_dapi_mean
FR7-2,4,1,0,OUTSIDE_DELINEATED_REGIONS,43,99.48837209302326,1374.860465116279,1404,123.07122507122507,123.07122507122507,True,exclude_below_local_dapi_mean
FR7-2,4,2,0,OUTSIDE_DELINEATED_REGIONS,25,138.76,673.24,1404,123.07122507122507,123.07122507122507,True,exclude_below_local_dapi_mean
FR7-2,4,3,1,ARC,419,180.30071599045345,1102.7947494033413,1010,113.18514851485149,113.18514851485149,False,retain
FR7-2,4,4,0,OUTSIDE_DELINEATED_REGIONS,62,196.17741935483872,674.5,1404,123.07122507122507,123.07122507122507,True,exclude_below_local_dapi_mean
FR7-2,4,5,0,OUTSIDE_DELINEATED_REGIONS,58,203.91379310344828,648.5,1404,123.07122507122507,123.07122507122507,True,exclude_below_local_dapi_mean
FR7-2,4,6,0,OUTSIDE_DELINEATED_REGIONS,45,211.2888888888889,1679.088888888889,1404,123.07122507122507,123.07122507122507,True,exclude_below_local_dapi_mean
FR7-2,4,7,1,ARC,191,220.10471204188482,1115.4712041884816,1010,113.18514851485149,113.18514851485149,False,retain
FR7-2,4,8,1,ARC,116,239.5344827586207,666.7758620689655,1010,113.18514851485149,113.18514851485149,False,retain
FR7-2,4,9,1,ARC,217,249.3917050691244,1178.10599078341,1010,113.18514851485149,113.18514851485149,False,retain
FR7-2,4,10,1,ARC,28,249.28571428571428,684.4642857142857,1010,113.18514851485149,113.18514851485149,True,exclude_below_local_dapi_mean
FR7-2,4,11,1,ARC,84,257.51190476190476,626.3333333333334,1010,113.18514851485149,113.18514851485149,True,exclude_below_local_dapi_mean
FR7-2,4,12,1,ARC,243,280.238683127572,1134.9259259259259,1010,113.18514851485149,113.18514851485149,False,retain
FR7-2,4,13,1,ARC,288,322.28819444444446,727.8611111111111,1010,113.18514851485149,113.18514851485149,False,retain
FR7-2,4,14,0,OUTSIDE_DELINEATED_REGIONS,66,316.25757575757575,1703.1969696969697,1404,123.07122507122507,123.07122507122507,True,exclude_below_local_dapi_mean
FR7-2,4,15,1,ARC,119,336.11764705882354,1247.0840336134454,1010,113.18514851485149,113.18514851485149,False,retain
FR7-2,4,16,1,ARC,265,345.4490566037736,1146.2264150943397,1010,113.18514851485149,113.18514851485149,False,retain
FR7-2,4,17,1,ARC,255,383.7019607843137,667.8352941176471,1010,113.18514851485149,113.18514851485149,False,retain
FR7-2,4,18,1,ARC,101,393.1782178217822,803.0693069306931,1010,113.18514851485149,113.18514851485149,True,exclude_below_local_dapi_mean
FR7-2,4,19,1,ARC,212,398.82547169811323,1233.311320754717,1010,113.18514851485149,113.18514851485149,False,retain
FR7-2,4,20,1,ARC,244,401.3360655737705,696.6147540983607,1010,113.18514851485149,113.18514851485149,False,retain
FR7-2,4,21,1,ARC,249,406.859437751004,516.722891566265,1010,113.18514851485149,113.18514851485149,False,retain
FR7-2,4,22,1,ARC,88,408.21590909090907,1357.8863636363637,1010,113.18514851485149,113.18514851485149,True,exclude_below_local_dapi_mean
FR7-2,4,23,1,ARC,264,413.719696969697,474.96590909090907,1010,113.18514851485149,113.18514851485149,False,retain
FR7-2,4,24,1,ARC,349,415.1031518624642,1071.9713467048712,1010,113.18514851485149,113.18514851485149,False,retain
FR7-2,4,25,1,ARC,155,415.6516129032258,676.3161290322581,1010,113.18514851485149,113.18514851485149,False,retain
FR7-2,4,26,1,ARC,105,417.12380952380954,1130.7238095238095,1010,113.18514851485149,113.18514851485149,True,exclude_below_local_dapi_mean
FR7-2,4,27,1,ARC,109,417.7522935779817,1188.880733944954,1010,113.18514851485149,113.18514851485149,True,exclude_below_local_dapi_mean
FR7-2,4,28,1,ARC,217,426.889400921659,662.5622119815669,1010,113.18514851485149,113.18514851485149,False,retain
FR7-2,4,29,1,ARC,255,430.9294117647059,715.0705882352942,1010,113.18514851485149,113.18514851485149,False,retain
FR7-2,4,30,1,ARC,71,433.67605633802816,459.19718309859155,1010,113.18514851485149,113.18514851485149,True,exclude_below_local_dapi_mean
FR7-2,4,31,1,ARC,369,449.5934959349593,1522.6124661246613,1010,113.18514851485149,113.18514851485149,False,retain
FR7-2,4,32,1,ARC,318,451.80817610062894,569.5566037735849,1010,113.18514851485149,113.18514851485149,False,retain
FR7-2,4,33,0,OUTSIDE_DELINEATED_REGIONS,172,458.2093023255814,1628.9593023255813,1404,123.07122507122507,123.07122507122507,False,retain
FR7-2,4,34,1,ARC,259,461.2355212355212,1478.084942084942,1010,113.18514851485149,113.18514851485149,False,retain
FR7-2,4,35,1,ARC,260,462.69615384615383,1154.0115384615385,1010,113.18514851485149,113.18514851485149,False,retain
FR7-2,4,36,1,ARC,131,464.587786259542,478.618320610687,1010,113.18514851485149,113.18514851485149,False,retain
FR7-2,4,37,1,ARC,169,474.6568047337278,1355.7041420118344,1010,113.18514851485149,113.18514851485149,False,retain
FR7-2,4,38,1,ARC,58,476.2758620689655,1175.551724137931,1010,113.18514851485149,113.18514851485149,True,exclude_below_local_dapi_mean
FR7-2,4,39,1,ARC,148,479.75,457.9594594594595,1010,113.18514851485149,113.18514851485149,False,retain
FR7-2,4,40,1,ARC,174,481.235632183908,534.1149425287356,1010,113.18514851485149,113.18514851485149,False,retain
FR7-2,4,41,1,ARC,216,489.087962962963,1440.8009259259259,1010,113.18514851485149,113.18514851485149,False,retain
FR7-2,4,42,0,OUTSIDE_DELINEATED_REGIONS,193,488.8445595854922,1720.4352331606217,1404,123.07122507122507,123.07122507122507,False,retain
FR7-2,4,43,1,ARC,62,490.5806451612903,1264.6129032258063,1010,113.18514851485149,113.18514851485149,True,exclude_below_local_dapi_mean
FR7-2,4,44,1,ARC,103,494.8932038834951,1252.7281553398059,1010,113.18514851485149,113.18514851485149,True,exclude_below_local_dapi_mean
FR7-2,4,45,1,ARC,149,496.6241610738255,604.1543624161073,1010,113.18514851485149,113.18514851485149,False,retain
FR7-2,4,46,1,ARC,183,504.3114754098361,694.7267759562842,1010,113.18514851485149,113.18514851485149,False,retain
FR7-2,4,47,1,ARC,289,506.53287197231833,671.3771626297578,1010,113.18514851485149,113.18514851485149,False,retain
FR7-2,4,48,1,ARC,74,509.0945945945946,1182.7162162162163,1010,113.18514851485149,113.18514851485149,True,exclude_below_local_dapi_mean
FR7-2,4,49,1,ARC,476,519.9159663865546,605.7878151260504,1010,113.18514851485149,113.18514851485149,False,retain
FR7-2,4,50,1,ARC,211,521.6350710900474,484.7345971563981,1010,113.18514851485149,113.18514851485149,False,retain
FR7-2,4,51,1,ARC,128,530.8359375,1417.625,1010,113.18514851485149,113.18514851485149,False,retain
FR7-2,4,52,1,ARC,307,535.628664495114,371.6026058631922,1010,113.18514851485149,113.18514851485149,False,retain
FR7-2,4,53,2,ME,338,542.2307692307693,747.9822485207101,103,85.52427184466019,85.52427184466019,False,retain
FR7-2,4,54,1,ARC,83,536.1807228915662,1157.9397590361446,1010,113.18514851485149,113.18514851485149,True,exclude_below_local_dapi_mean
FR7-2,4,55,1,ARC,218,541.9724770642201,1126.9128440366972,1010,113.18514851485149,113.18514851485149,False,retain
FR7-2,4,56,1,ARC,68,541.2941176470588,1209.735294117647,1010,113.18514851485149,113.18514851485149,True,exclude_below_local_dapi_mean
FR7-2,4,57,1,ARC,96,558.34375,424.375,1010,113.18514851485149,113.18514851485149,True,exclude_below_local_dapi_mean
FR7-2,4,58,1,ARC,61,558.9508196721312,1130.5573770491803,1010,113.18514851485149,113.18514851485149,True,exclude_below_local_dapi_mean
FR7-2,4,59,1,ARC,353,566.6203966005666,612.9320113314448,1010,113.18514851485149,113.18514851485149,False,retain
FR7-2,4,60,1,ARC,90,565.4555555555555,1155.6333333333334,1010,113.18514851485149,113.18514851485149,True,exclude_below_local_dapi_mean
FR7-2,4,61,1,ARC,108,579.9444444444445,1274.4907407407406,1010,113.18514851485149,113.18514851485149,True,exclude_below_local_dapi_mean
FR7-2,4,62,2,ME,151,584.9139072847682,1099.3509933774835,103,85.52427184466019,85.52427184466019,False,retain
FR7-2,4,63,2,ME,70,585.3571428571429,795.3571428571429,103,85.52427184466019,85.52427184466019,True,exclude_below_local_dapi_mean
FR7-2,4,64,1,ARC,336,593.3511904761905,597.3363095238095,1010,113.18514851485149,113.18514851485149,False,retain
FR7-2,4,65,2,ME,34,597.5882352941177,806.9411764705883,103,85.52427184466019,85.52427184466019,True,exclude_below_local_dapi_mean
