analysis_unit_id,acquisition_id,marker,roi_label,roi_area_px,assigned_nucleus,best_overlap_px,roi_overlap_fraction,accepted,reason,marker_display,dapi_area_reference_n,dapi_area_quantile,dapi_area_threshold_px,dapi_area_median_px,size_filter_pass,likely_noncell_by_size,dapi_expansion_px
2026-07-09_FR4-1_Allulose,2026-07-09_FR4-1_Allulose,cFOS,1,786,18,666,0.8473282442748091,True,accepted_strict_direct_overlap,,,,,,,,
2026-07-09_FR4-1_Allulose,2026-07-09_FR4-1_Allulose,cFOS,2,504,26,252,0.5,True,accepted_strict_direct_overlap,,,,,,,,
2026-07-09_FR4-1_Allulose,2026-07-09_FR4-1_Allulose,cFOS,3,712,38,377,0.5294943820224719,True,accepted_strict_direct_overlap,,,,,,,,
2026-07-09_FR4-1_Allulose,2026-07-09_FR4-1_Allulose,cFOS,4,557,63,432,0.7755834829443446,True,accepted_strict_direct_overlap,,,,,,,,
2026-07-09_FR4-1_Allulose,2026-07-09_FR4-1_Allulose,cFOS,5,805,64,479,0.5950310559006211,True,accepted_strict_direct_overlap,,,,,,,,
2026-07-09_FR4-1_Allulose,2026-07-09_FR4-1_Allulose,cFOS,6,336,81,270,0.8035714285714286,True,accepted_strict_direct_overlap,,,,,,,,
2026-07-09_FR4-1_Allulose,2026-07-09_FR4-1_Allulose,cFOS,7,591,86,481,0.8138747884940778,True,accepted_strict_direct_overlap,,,,,,,,
2026-07-09_FR4-1_Allulose,2026-07-09_FR4-1_Allulose,cFOS,8,388,96,374,0.9639175257731959,True,accepted_strict_direct_overlap,,,,,,,,
2026-07-09_FR4-1_Allulose,2026-07-09_FR4-1_Allulose,cFOS,9,605,104,483,0.7983471074380165,True,accepted_strict_direct_overlap,,,,,,,,
2026-07-09_FR4-1_Allulose,2026-07-09_FR4-1_Allulose,cFOS,10,222,106,216,0.972972972972973,True,accepted_strict_direct_overlap,,,,,,,,
2026-07-09_FR4-1_Allulose,2026-07-09_FR4-1_Allulose,cFOS,11,881,121,399,0.452894438138479,True,accepted_strict_direct_overlap,,,,,,,,
2026-07-09_FR4-1_Allulose,2026-07-09_FR4-1_Allulose,cFOS,12,301,122,245,0.813953488372093,True,accepted_strict_direct_overlap,,,,,,,,
2026-07-09_FR4-1_Allulose,2026-07-09_FR4-1_Allulose,cFOS,13,712,137,440,0.6179775280898876,True,accepted_strict_direct_overlap,,,,,,,,
2026-07-09_FR4-1_Allulose,2026-07-09_FR4-1_Allulose,cFOS,14,313,138,254,0.8115015974440895,True,accepted_strict_direct_overlap,,,,,,,,
2026-07-09_FR4-1_Allulose,2026-07-09_FR4-1_Allulose,cFOS,15,989,164,418,0.42264914054600605,True,accepted_strict_direct_overlap,,,,,,,,
2026-07-09_FR4-1_Allulose,2026-07-09_FR4-1_Allulose,cFOS,16,659,172,525,0.7966616084977238,True,accepted_strict_direct_overlap,,,,,,,,
2026-07-09_FR4-1_Allulose,2026-07-09_FR4-1_Allulose,cFOS,17,407,175,398,0.9778869778869779,True,accepted_strict_direct_overlap,,,,,,,,
2026-07-09_FR4-1_Allulose,2026-07-09_FR4-1_Allulose,cFOS,18,720,196,339,0.4708333333333333,True,accepted_strict_direct_overlap,,,,,,,,
2026-07-09_FR4-1_Allulose,2026-07-09_FR4-1_Allulose,cFOS,19,613,225,433,0.7063621533442088,True,accepted_strict_direct_overlap,,,,,,,,
2026-07-09_FR4-1_Allulose,2026-07-09_FR4-1_Allulose,cFOS,20,961,228,755,0.785639958376691,True,accepted_strict_direct_overlap,,,,,,,,
2026-07-09_FR4-1_Allulose,2026-07-09_FR4-1_Allulose,cFOS,21,328,236,326,0.9939024390243902,True,accepted_strict_direct_overlap,,,,,,,,
2026-07-09_FR4-1_Allulose,2026-07-09_FR4-1_Allulose,cFOS,22,780,251,438,0.5615384615384615,True,accepted_strict_direct_overlap,,,,,,,,
2026-07-09_FR4-1_Allulose,2026-07-09_FR4-1_Allulose,cFOS,23,520,272,462,0.8884615384615384,True,accepted_strict_direct_overlap,,,,,,,,
2026-07-09_FR4-1_Allulose,2026-07-09_FR4-1_Allulose,cFOS,24,784,329,641,0.8176020408163265,True,accepted_strict_direct_overlap,,,,,,,,
2026-07-09_FR4-1_Allulose,2026-07-09_FR4-1_Allulose,cFOS,25,815,0,301,0.3693251533742331,False,overlap_below_threshold,,,,,,,,
2026-07-09_FR4-1_Allulose,2026-07-09_FR4-1_Allulose,cFOS,26,1039,0,393,0.3782483156881617,False,overlap_below_threshold,,,,,,,,
2026-07-09_FR4-1_Allulose,2026-07-09_FR4-1_Allulose,cFOS,27,676,484,401,0.5931952662721893,True,accepted_strict_direct_overlap,,,,,,,,
2026-07-09_FR4-1_Allulose,2026-07-09_FR4-1_Allulose,cFOS,28,131,515,131,1.0,True,accepted_strict_direct_overlap,,,,,,,,
2026-07-09_FR4-1_Allulose,2026-07-09_FR4-1_Allulose,cFOS,29,494,526,373,0.7550607287449392,True,accepted_strict_direct_overlap,,,,,,,,
2026-07-09_FR4-1_Allulose,2026-07-09_FR4-1_Allulose,cFOS,30,978,0,310,0.3169734151329243,False,overlap_below_threshold,,,,,,,,
2026-07-09_FR4-1_Allulose,2026-07-09_FR4-1_Allulose,cFOS,31,3699,0,498,0.13463098134630982,False,overlap_below_threshold,,,,,,,,
2026-07-09_FR4-1_Allulose,2026-07-09_FR4-1_Allulose,cFOS,32,333,605,333,1.0,True,accepted_strict_direct_overlap,,,,,,,,
2026-07-09_FR4-1_Allulose,2026-07-09_FR4-1_Allulose,cFOS,33,351,599,175,0.4985754985754986,True,accepted_strict_direct_overlap,,,,,,,,
2026-07-09_FR4-1_Allulose,2026-07-09_FR4-1_Allulose,cFOS,34,792,0,277,0.34974747474747475,False,overlap_below_threshold,,,,,,,,
2026-07-09_FR4-1_Allulose,2026-07-09_FR4-1_Allulose,cFOS,35,959,634,827,0.862356621480709,True,accepted_strict_direct_overlap,,,,,,,,
2026-07-09_FR4-1_Allulose,2026-07-09_FR4-1_Allulose,cFOS,36,1462,0,456,0.3119015047879617,False,overlap_below_threshold,,,,,,,,
2026-07-09_FR4-1_Allulose,2026-07-09_FR4-1_Allulose,cFOS,37,598,661,587,0.9816053511705686,True,accepted_strict_direct_overlap,,,,,,,,
2026-07-09_FR4-1_Allulose,2026-07-09_FR4-1_Allulose,cFOS,38,536,701,506,0.9440298507462687,True,accepted_strict_direct_overlap,,,,,,,,
2026-07-09_FR4-1_Allulose,2026-07-09_FR4-1_Allulose,cFOS,39,327,712,317,0.9694189602446484,True,accepted_strict_direct_overlap,,,,,,,,
2026-07-09_FR4-1_Allulose,2026-07-09_FR4-1_Allulose,cFOS,40,1945,0,338,0.1737789203084833,False,overlap_below_threshold,,,,,,,,
2026-07-09_FR4-1_Allulose,2026-07-09_FR4-1_Allulose,cFOS,41,667,744,615,0.9220389805097451,True,accepted_strict_direct_overlap,,,,,,,,
2026-07-09_FR4-1_Allulose,2026-07-09_FR4-1_Allulose,cFOS,42,467,818,375,0.8029978586723768,True,accepted_strict_direct_overlap,,,,,,,,
2026-07-09_FR4-1_Allulose,2026-07-09_FR4-1_Allulose,cFOS,43,826,851,678,0.8208232445520581,True,accepted_strict_direct_overlap,,,,,,,,
2026-07-09_FR4-1_Allulose,2026-07-09_FR4-1_Allulose,cFOS,44,292,867,192,0.6575342465753424,True,accepted_strict_direct_overlap,,,,,,,,
2026-07-09_FR4-1_Allulose,2026-07-09_FR4-1_Allulose,cFOS,45,656,872,575,0.8765243902439024,True,accepted_strict_direct_overlap,,,,,,,,
2026-07-09_FR4-1_Allulose,2026-07-09_FR4-1_Allulose,cFOS,46,510,895,443,0.8686274509803922,True,accepted_strict_direct_overlap,,,,,,,,
2026-07-09_FR4-1_Allulose,2026-07-09_FR4-1_Allulose,cFOS,47,781,896,750,0.9603072983354674,True,accepted_strict_direct_overlap,,,,,,,,
2026-07-09_FR4-1_Allulose,2026-07-09_FR4-1_Allulose,cFOS,48,637,911,478,0.750392464678179,True,accepted_strict_direct_overlap,,,,,,,,
2026-07-09_FR4-1_Allulose,2026-07-09_FR4-1_Allulose,cFOS,49,440,929,417,0.9477272727272728,True,accepted_strict_direct_overlap,,,,,,,,
2026-07-09_FR4-1_Allulose,2026-07-09_FR4-1_Allulose,cFOS,50,565,934,470,0.831858407079646,True,accepted_strict_direct_overlap,,,,,,,,
2026-07-09_FR4-1_Allulose,2026-07-09_FR4-1_Allulose,cFOS,51,469,946,319,0.6801705756929638,True,accepted_strict_direct_overlap,,,,,,,,
2026-07-09_FR4-1_Allulose,2026-07-09_FR4-1_Allulose,cFOS,52,494,941,418,0.8461538461538461,True,accepted_strict_direct_overlap,,,,,,,,
2026-07-09_FR4-1_Allulose,2026-07-09_FR4-1_Allulose,cFOS,53,552,974,426,0.7717391304347826,True,accepted_strict_direct_overlap,,,,,,,,
2026-07-09_FR4-1_Allulose,2026-07-09_FR4-1_Allulose,cFOS,54,355,980,326,0.9183098591549296,True,accepted_strict_direct_overlap,,,,,,,,
2026-07-09_FR4-1_Allulose,2026-07-09_FR4-1_Allulose,cFOS,55,676,1005,322,0.47633136094674555,True,accepted_strict_direct_overlap,,,,,,,,
2026-07-09_FR4-1_Allulose,2026-07-09_FR4-1_Allulose,cFOS,56,409,1002,368,0.8997555012224939,True,accepted_strict_direct_overlap,,,,,,,,
2026-07-09_FR4-1_Allulose,2026-07-09_FR4-1_Allulose,cFOS,57,308,1006,253,0.8214285714285714,True,accepted_strict_direct_overlap,,,,,,,,
2026-07-09_FR4-1_Allulose,2026-07-09_FR4-1_Allulose,cFOS,58,625,1009,539,0.8624,True,accepted_strict_direct_overlap,,,,,,,,
2026-07-09_FR4-1_Allulose,2026-07-09_FR4-1_Allulose,cFOS,59,642,1027,485,0.7554517133956387,True,accepted_strict_direct_overlap,,,,,,,,
2026-07-09_FR4-1_Allulose,2026-07-09_FR4-1_Allulose,cFOS,60,343,1041,295,0.8600583090379009,True,accepted_strict_direct_overlap,,,,,,,,
2026-07-09_FR4-1_Allulose,2026-07-09_FR4-1_Allulose,cFOS,61,567,1064,494,0.8712522045855379,True,accepted_strict_direct_overlap,,,,,,,,
2026-07-09_FR4-1_Allulose,2026-07-09_FR4-1_Allulose,cFOS,62,676,1072,551,0.8150887573964497,True,accepted_strict_direct_overlap,,,,,,,,
2026-07-09_FR4-1_Allulose,2026-07-09_FR4-1_Allulose,cFOS,63,494,1083,476,0.9635627530364372,True,accepted_strict_direct_overlap,,,,,,,,
2026-07-09_FR4-1_Allulose,2026-07-09_FR4-1_Allulose,cFOS,64,606,1090,553,0.9125412541254125,True,accepted_strict_direct_overlap,,,,,,,,
2026-07-09_FR4-1_Allulose,2026-07-09_FR4-1_Allulose,cFOS,65,708,1110,639,0.902542372881356,True,accepted_strict_direct_overlap,,,,,,,,
2026-07-09_FR4-1_Allulose,2026-07-09_FR4-1_Allulose,cFOS,66,523,1127,423,0.8087954110898662,True,accepted_strict_direct_overlap,,,,,,,,
2026-07-09_FR4-1_Allulose,2026-07-09_FR4-1_Allulose,cFOS,67,426,1129,359,0.8427230046948356,True,accepted_strict_direct_overlap,,,,,,,,
2026-07-09_FR4-1_Allulose,2026-07-09_FR4-1_Allulose,cFOS,68,450,1135,387,0.86,True,accepted_strict_direct_overlap,,,,,,,,
2026-07-09_FR4-1_Allulose,2026-07-09_FR4-1_Allulose,cFOS,69,412,1141,330,0.8009708737864077,True,accepted_strict_direct_overlap,,,,,,,,
2026-07-09_FR4-1_Allulose,2026-07-09_FR4-1_Allulose,cFOS,70,672,1151,448,0.6666666666666666,True,accepted_strict_direct_overlap,,,,,,,,
2026-07-09_FR4-1_Allulose,2026-07-09_FR4-1_Allulose,cFOS,71,501,1153,415,0.8283433133732535,True,accepted_strict_direct_overlap,,,,,,,,
2026-07-09_FR4-1_Allulose,2026-07-09_FR4-1_Allulose,cFOS,72,690,1155,568,0.8231884057971014,True,accepted_strict_direct_overlap,,,,,,,,
2026-07-09_FR4-1_Allulose,2026-07-09_FR4-1_Allulose,cFOS,73,208,1195,147,0.7067307692307693,True,accepted_strict_direct_overlap,,,,,,,,
2026-07-09_FR4-1_Allulose,2026-07-09_FR4-1_Allulose,cFOS,74,244,1224,239,0.9795081967213115,True,accepted_strict_direct_overlap,,,,,,,,
2026-07-09_FR4-1_Allulose,2026-07-09_FR4-1_Allulose,cFOS,75,523,1243,480,0.9177820267686424,True,accepted_strict_direct_overlap,,,,,,,,
2026-07-09_FR4-1_Allulose,2026-07-09_FR4-1_Allulose,cFOS,76,547,1287,478,0.8738574040219378,True,accepted_strict_direct_overlap,,,,,,,,
2026-07-09_FR4-1_Allulose,2026-07-09_FR4-1_Allulose,cFOS,77,420,1296,287,0.6833333333333333,True,accepted_strict_direct_overlap,,,,,,,,
2026-07-09_FR4-1_Allulose,2026-07-09_FR4-1_Allulose,cFOS,78,478,1298,349,0.7301255230125523,True,accepted_strict_direct_overlap,,,,,,,,
2026-07-09_FR4-1_Allulose,2026-07-09_FR4-1_Allulose,cFOS,79,533,1323,443,0.8311444652908068,True,accepted_strict_direct_overlap,,,,,,,,
2026-07-09_FR4-1_Allulose,2026-07-09_FR4-1_Allulose,cFOS,80,547,1341,478,0.8738574040219378,True,accepted_strict_direct_overlap,,,,,,,,
2026-07-09_FR4-1_Allulose,2026-07-09_FR4-1_Allulose,cFOS,81,323,1345,241,0.7461300309597523,True,accepted_strict_direct_overlap,,,,,,,,
2026-07-09_FR4-1_Allulose,2026-07-09_FR4-1_Allulose,cFOS,82,413,1342,411,0.9951573849878934,True,accepted_strict_direct_overlap,,,,,,,,
2026-07-09_FR4-1_Allulose,2026-07-09_FR4-1_Allulose,cFOS,83,250,1407,245,0.98,True,accepted_strict_direct_overlap,,,,,,,,
2026-07-09_FR4-1_Allulose,2026-07-09_FR4-1_Allulose,cFOS,84,627,1409,426,0.6794258373205742,True,accepted_strict_direct_overlap,,,,,,,,
2026-07-09_FR4-1_Allulose,2026-07-09_FR4-1_Allulose,cFOS,85,683,1428,592,0.8667642752562226,True,accepted_strict_direct_overlap,,,,,,,,
2026-07-09_FR4-1_Allulose,2026-07-09_FR4-1_Allulose,cFOS,86,625,1455,505,0.808,True,accepted_strict_direct_overlap,,,,,,,,
2026-07-09_FR4-1_Allulose,2026-07-09_FR4-1_Allulose,cFOS,87,570,0,29,0.05087719298245614,False,overlap_below_threshold,,,,,,,,
2026-07-09_FR4-1_Allulose,2026-07-09_FR4-1_Allulose,cFOS,88,469,1469,458,0.976545842217484,True,accepted_strict_direct_overlap,,,,,,,,
2026-07-09_FR4-1_Allulose,2026-07-09_FR4-1_Allulose,cFOS,89,623,1489,538,0.8635634028892456,True,accepted_strict_direct_overlap,,,,,,,,
2026-07-09_FR4-1_Allulose,2026-07-09_FR4-1_Allulose,cFOS,90,153,1494,131,0.8562091503267973,True,accepted_strict_direct_overlap,,,,,,,,
2026-07-09_FR4-1_Allulose,2026-07-09_FR4-1_Allulose,cFOS,91,586,1506,528,0.9010238907849829,True,accepted_strict_direct_overlap,,,,,,,,
2026-07-09_FR4-1_Allulose,2026-07-09_FR4-1_Allulose,cFOS,92,458,1503,440,0.9606986899563319,True,accepted_strict_direct_overlap,,,,,,,,
2026-07-09_FR4-1_Allulose,2026-07-09_FR4-1_Allulose,cFOS,93,608,1520,542,0.8914473684210527,True,accepted_strict_direct_overlap,,,,,,,,
2026-07-09_FR4-1_Allulose,2026-07-09_FR4-1_Allulose,cFOS,94,154,0,22,0.14285714285714285,False,overlap_below_threshold,,,,,,,,
2026-07-09_FR4-1_Allulose,2026-07-09_FR4-1_Allulose,cFOS,95,259,1569,244,0.9420849420849421,True,accepted_strict_direct_overlap,,,,,,,,
2026-07-09_FR4-1_Allulose,2026-07-09_FR4-1_Allulose,cFOS,96,601,1572,485,0.8069883527454242,True,accepted_strict_direct_overlap,,,,,,,,
2026-07-09_FR4-1_Allulose,2026-07-09_FR4-1_Allulose,cFOS,97,624,1615,481,0.7708333333333334,True,accepted_strict_direct_overlap,,,,,,,,
2026-07-09_FR4-1_Allulose,2026-07-09_FR4-1_Allulose,cFOS,98,421,1650,292,0.6935866983372921,True,accepted_strict_direct_overlap,,,,,,,,
2026-07-09_FR4-1_Allulose,2026-07-09_FR4-1_Allulose,cFOS,99,488,1661,439,0.8995901639344263,True,accepted_strict_direct_overlap,,,,,,,,
2026-07-09_FR4-1_Allulose,2026-07-09_FR4-1_Allulose,cFOS,100,1226,0,229,0.1867862969004894,False,overlap_below_threshold,,,,,,,,
2026-07-09_FR4-1_Allulose,2026-07-09_FR4-1_Allulose,cFOS,101,735,1690,555,0.7551020408163265,True,accepted_strict_direct_overlap,,,,,,,,
2026-07-09_FR4-1_Allulose,2026-07-09_FR4-1_Allulose,cFOS,102,508,1707,448,0.8818897637795275,True,accepted_strict_direct_overlap,,,,,,,,
2026-07-09_FR4-1_Allulose,2026-07-09_FR4-1_Allulose,cFOS,103,554,0,43,0.0776173285198556,False,overlap_below_threshold,,,,,,,,
2026-07-09_FR4-1_Allulose,2026-07-09_FR4-1_Allulose,cFOS,104,724,0,0,0.0,False,overlap_below_threshold,,,,,,,,
2026-07-09_FR4-1_Allulose,2026-07-09_FR4-1_Allulose,cFOS,105,852,1789,705,0.8274647887323944,True,accepted_strict_direct_overlap,,,,,,,,
2026-07-09_FR4-1_Allulose,2026-07-09_FR4-1_Allulose,cFOS,106,1154,1801,478,0.41421143847487,True,accepted_strict_direct_overlap,,,,,,,,
2026-07-09_FR4-1_Allulose,2026-07-09_FR4-1_Allulose,cFOS,107,778,0,0,0.0,False,overlap_below_threshold,,,,,,,,
2026-07-09_FR4-1_Allulose,2026-07-09_FR4-1_Allulose,cFOS,108,437,0,0,0.0,False,overlap_below_threshold,,,,,,,,
2026-07-09_FR4-1_Allulose,2026-07-09_FR4-1_Allulose,cFOS,109,281,1850,219,0.7793594306049823,True,accepted_strict_direct_overlap,,,,,,,,
2026-07-09_FR4-1_Allulose,2026-07-09_FR4-1_Allulose,cFOS,110,522,1861,317,0.60727969348659,True,accepted_strict_direct_overlap,,,,,,,,
2026-07-09_FR4-1_Allulose,2026-07-09_FR4-1_Allulose,cFOS,111,812,1885,592,0.729064039408867,True,accepted_strict_direct_overlap,,,,,,,,
2026-07-09_FR4-1_Allulose,2026-07-09_FR4-1_Allulose,cFOS,112,587,1938,489,0.8330494037478705,True,accepted_strict_direct_overlap,,,,,,,,
2026-07-09_FR4-1_Allulose,2026-07-09_FR4-1_Allulose,cFOS,113,825,1946,593,0.7187878787878788,True,accepted_strict_direct_overlap,,,,,,,,
2026-07-09_FR4-1_Allulose,2026-07-09_FR4-1_Allulose,cFOS,114,543,1967,515,0.9484346224677717,True,accepted_strict_direct_overlap,,,,,,,,
2026-07-09_FR4-1_Allulose,2026-07-09_FR4-1_Allulose,cFOS,115,878,2014,730,0.8314350797266514,True,accepted_strict_direct_overlap,,,,,,,,
2026-07-09_FR4-1_Allulose,2026-07-09_FR4-1_Allulose,cFOS,116,674,2054,494,0.7329376854599406,True,accepted_strict_direct_overlap,,,,,,,,
2026-07-09_FR4-1_Allulose,2026-07-09_FR4-1_Allulose,cFOS,117,851,2086,777,0.9130434782608695,True,accepted_strict_direct_overlap,,,,,,,,
2026-07-09_FR4-1_Allulose,2026-07-09_FR4-1_Allulose,cFOS,118,174,2092,174,1.0,True,accepted_strict_direct_overlap,,,,,,,,
2026-07-09_FR4-1_Allulose,2026-07-09_FR4-1_Allulose,cFOS,119,656,2103,586,0.8932926829268293,True,accepted_strict_direct_overlap,,,,,,,,
2026-07-09_FR4-1_Allulose,2026-07-09_FR4-1_Allulose,cFOS,120,436,2110,360,0.8256880733944955,True,accepted_strict_direct_overlap,,,,,,,,
2026-07-09_FR4-1_Allulose,2026-07-09_FR4-1_Allulose,cFOS,121,703,2118,532,0.7567567567567568,True,accepted_strict_direct_overlap,,,,,,,,
2026-07-09_FR4-1_Allulose,2026-07-09_FR4-1_Allulose,cFOS,122,1253,2143,767,0.6121308858739026,True,accepted_strict_direct_overlap,,,,,,,,
2026-07-09_FR4-1_Allulose,2026-07-09_FR4-1_Allulose,cFOS,123,544,2150,506,0.9301470588235294,True,accepted_strict_direct_overlap,,,,,,,,
2026-07-09_FR4-1_Allulose,2026-07-09_FR4-1_Allulose,cFOS,124,806,2155,708,0.8784119106699751,True,accepted_strict_direct_overlap,,,,,,,,
2026-07-09_FR4-1_Allulose,2026-07-09_FR4-1_Allulose,cFOS,125,324,0,116,0.35802469135802467,False,overlap_below_threshold,,,,,,,,
2026-07-09_FR4-1_Allulose,2026-07-09_FR4-1_Allulose,cFOS,126,529,2166,529,1.0,True,accepted_strict_direct_overlap,,,,,,,,
2026-07-09_FR4-1_Allulose,2026-07-09_FR4-1_Allulose,cFOS,127,482,2167,413,0.8568464730290456,True,accepted_strict_direct_overlap,,,,,,,,
2026-07-09_FR4-1_Allulose,2026-07-09_FR4-1_Allulose,cFOS,128,704,2176,580,0.8238636363636364,True,accepted_strict_direct_overlap,,,,,,,,
2026-07-09_FR4-1_Allulose,2026-07-09_FR4-1_Allulose,cFOS,129,759,2180,664,0.8748353096179183,True,accepted_strict_direct_overlap,,,,,,,,
2026-07-09_FR4-1_Allulose,2026-07-09_FR4-1_Allulose,cFOS,130,620,0,245,0.3951612903225806,False,overlap_below_threshold,,,,,,,,
2026-07-09_FR4-1_Allulose,2026-07-09_FR4-1_Allulose,cFOS,131,636,2190,579,0.910377358490566,True,accepted_strict_direct_overlap,,,,,,,,
2026-07-09_FR4-1_Allulose,2026-07-09_FR4-1_Allulose,cFOS,132,745,2191,598,0.8026845637583893,True,accepted_strict_direct_overlap,,,,,,,,
2026-07-09_FR4-1_Allulose,2026-07-09_FR4-1_Allulose,cFOS,133,886,2210,623,0.7031602708803611,True,accepted_strict_direct_overlap,,,,,,,,
2026-07-09_FR4-1_Allulose,2026-07-09_FR4-1_Allulose,cFOS,134,807,2223,704,0.872366790582404,True,accepted_strict_direct_overlap,,,,,,,,
2026-07-09_FR4-1_Allulose,2026-07-09_FR4-1_Allulose,cFOS,135,439,2221,410,0.9339407744874715,True,accepted_strict_direct_overlap,,,,,,,,
2026-07-09_FR4-1_Allulose,2026-07-09_FR4-1_Allulose,cFOS,136,593,2231,493,0.8313659359190556,True,accepted_strict_direct_overlap,,,,,,,,
2026-07-09_FR4-1_Allulose,2026-07-09_FR4-1_Allulose,cFOS,137,663,2233,585,0.8823529411764706,True,accepted_strict_direct_overlap,,,,,,,,
2026-07-09_FR4-1_Allulose,2026-07-09_FR4-1_Allulose,cFOS,138,703,2242,588,0.8364153627311522,True,accepted_strict_direct_overlap,,,,,,,,
2026-07-09_FR4-1_Allulose,2026-07-09_FR4-1_Allulose,cFOS,139,176,2289,176,1.0,True,accepted_strict_direct_overlap,,,,,,,,
2026-07-09_FR4-1_Allulose,2026-07-09_FR4-1_Allulose,cFOS,140,724,2347,708,0.9779005524861878,True,accepted_strict_direct_overlap,,,,,,,,
2026-07-09_FR4-1_Allulose,2026-07-09_FR4-1_Allulose,cFOS,141,570,2348,533,0.9350877192982456,True,accepted_strict_direct_overlap,,,,,,,,
2026-07-09_FR4-1_Allulose,2026-07-09_FR4-1_Allulose,cFOS,142,379,2360,253,0.6675461741424802,True,accepted_strict_direct_overlap,,,,,,,,
2026-07-09_FR4-1_Allulose,2026-07-09_FR4-1_Allulose,cFOS,143,275,2364,144,0.5236363636363637,True,accepted_strict_direct_overlap,,,,,,,,
2026-07-09_FR4-1_Allulose,2026-07-09_FR4-1_Allulose,cFOS,144,350,2384,287,0.82,True,accepted_strict_direct_overlap,,,,,,,,
2026-07-09_FR4-1_Allulose,2026-07-09_FR4-1_Allulose,cFOS,145,454,2415,356,0.7841409691629956,True,accepted_strict_direct_overlap,,,,,,,,
2026-07-09_FR4-1_Allulose,2026-07-09_FR4-1_Allulose,cFOS,146,624,2419,548,0.8782051282051282,True,accepted_strict_direct_overlap,,,,,,,,
2026-07-09_FR4-1_Allulose,2026-07-09_FR4-1_Allulose,cFOS,147,700,2446,666,0.9514285714285714,True,accepted_strict_direct_overlap,,,,,,,,
2026-07-09_FR4-1_Allulose,2026-07-09_FR4-1_Allulose,cFOS,148,547,2457,477,0.8720292504570384,True,accepted_strict_direct_overlap,,,,,,,,
2026-07-09_FR4-1_Allulose,2026-07-09_FR4-1_Allulose,cFOS,149,460,2493,383,0.8326086956521739,True,accepted_strict_direct_overlap,,,,,,,,
2026-07-09_FR4-1_Allulose,2026-07-09_FR4-1_Allulose,cFOS,150,722,2575,291,0.40304709141274236,True,accepted_strict_direct_overlap,,,,,,,,
2026-07-09_FR4-1_Allulose,2026-07-09_FR4-1_Allulose,cFOS,151,139,2581,139,1.0,True,accepted_strict_direct_overlap,,,,,,,,
2026-07-09_FR4-1_Allulose,2026-07-09_FR4-1_Allulose,cFOS,152,1516,2615,842,0.5554089709762533,True,accepted_strict_direct_overlap,,,,,,,,
2026-07-09_FR4-1_Allulose,2026-07-09_FR4-1_Allulose,cFOS,153,765,2607,748,0.9777777777777777,True,accepted_strict_direct_overlap,,,,,,,,
2026-07-09_FR4-1_Allulose,2026-07-09_FR4-1_Allulose,cFOS,154,714,2613,481,0.6736694677871149,True,accepted_strict_direct_overlap,,,,,,,,
2026-07-09_FR4-1_Allulose,2026-07-09_FR4-1_Allulose,cFOS,155,217,2612,124,0.5714285714285714,True,accepted_strict_direct_overlap,,,,,,,,
2026-07-09_FR4-1_Allulose,2026-07-09_FR4-1_Allulose,cFOS,156,942,0,356,0.37791932059447986,False,overlap_below_threshold,,,,,,,,
2026-07-09_FR4-1_Allulose,2026-07-09_FR4-1_Allulose,cFOS,157,328,2629,328,1.0,True,accepted_strict_direct_overlap,,,,,,,,
2026-07-09_FR4-1_Allulose,2026-07-09_FR4-1_Allulose,cFOS,158,629,2630,534,0.848966613672496,True,accepted_strict_direct_overlap,,,,,,,,
2026-07-09_FR4-1_Allulose,2026-07-09_FR4-1_Allulose,cFOS,159,1184,2636,717,0.6055743243243243,True,accepted_strict_direct_overlap,,,,,,,,
2026-07-09_FR4-1_Allulose,2026-07-09_FR4-1_Allulose,cFOS,160,755,2643,644,0.8529801324503311,True,accepted_strict_direct_overlap,,,,,,,,
2026-07-09_FR4-1_Allulose,2026-07-09_FR4-1_Allulose,cFOS,161,723,2648,637,0.8810511756569848,True,accepted_strict_direct_overlap,,,,,,,,
2026-07-09_FR4-1_Allulose,2026-07-09_FR4-1_Allulose,cFOS,162,529,2647,468,0.8846880907372401,True,accepted_strict_direct_overlap,,,,,,,,
2026-07-09_FR4-1_Allulose,2026-07-09_FR4-1_Allulose,cFOS,163,611,2652,561,0.9181669394435352,True,accepted_strict_direct_overlap,,,,,,,,
2026-07-09_FR4-1_Allulose,2026-07-09_FR4-1_Allulose,cFOS,164,264,2671,258,0.9772727272727273,True,accepted_strict_direct_overlap,,,,,,,,
2026-07-09_FR4-1_Allulose,2026-07-09_FR4-1_Allulose,cFOS,165,613,2701,450,0.734094616639478,True,accepted_strict_direct_overlap,,,,,,,,
2026-07-09_FR4-1_Allulose,2026-07-09_FR4-1_Allulose,cFOS,166,545,2738,435,0.7981651376146789,True,accepted_strict_direct_overlap,,,,,,,,
2026-07-09_FR4-1_Allulose,2026-07-09_FR4-1_Allulose,cFOS,167,330,2742,330,1.0,True,accepted_strict_direct_overlap,,,,,,,,
2026-07-09_FR4-1_Allulose,2026-07-09_FR4-1_Allulose,cFOS,168,630,2749,432,0.6857142857142857,True,accepted_strict_direct_overlap,,,,,,,,
2026-07-09_FR4-1_Allulose,2026-07-09_FR4-1_Allulose,cFOS,169,545,2786,397,0.728440366972477,True,accepted_strict_direct_overlap,,,,,,,,
2026-07-09_FR4-1_Allulose,2026-07-09_FR4-1_Allulose,cFOS,170,331,2796,327,0.9879154078549849,True,accepted_strict_direct_overlap,,,,,,,,
2026-07-09_FR4-1_Allulose,2026-07-09_FR4-1_Allulose,cFOS,171,590,2801,556,0.9423728813559322,True,accepted_strict_direct_overlap,,,,,,,,
2026-07-09_FR4-1_Allulose,2026-07-09_FR4-1_Allulose,cFOS,172,969,2826,758,0.782249742002064,True,accepted_strict_direct_overlap,,,,,,,,
2026-07-09_FR4-1_Allulose,2026-07-09_FR4-1_Allulose,cFOS,173,662,2834,550,0.8308157099697885,True,accepted_strict_direct_overlap,,,,,,,,
2026-07-09_FR4-1_Allulose,2026-07-09_FR4-1_Allulose,cFOS,174,782,2847,603,0.7710997442455243,True,accepted_strict_direct_overlap,,,,,,,,
2026-07-09_FR4-1_Allulose,2026-07-09_FR4-1_Allulose,cFOS,175,936,2859,656,0.7008547008547008,True,accepted_strict_direct_overlap,,,,,,,,
2026-07-09_FR4-1_Allulose,2026-07-09_FR4-1_Allulose,cFOS,176,752,2875,457,0.6077127659574468,True,accepted_strict_direct_overlap,,,,,,,,
2026-07-09_FR4-1_Allulose,2026-07-09_FR4-1_Allulose,cFOS,177,265,2881,239,0.9018867924528302,True,accepted_strict_direct_overlap,,,,,,,,
2026-07-09_FR4-1_Allulose,2026-07-09_FR4-1_Allulose,cFOS,178,651,2904,592,0.9093701996927803,True,accepted_strict_direct_overlap,,,,,,,,
2026-07-09_FR4-1_Allulose,2026-07-09_FR4-1_Allulose,cFOS,179,432,2912,242,0.5601851851851852,True,accepted_strict_direct_overlap,,,,,,,,
2026-07-09_FR4-1_Allulose,2026-07-09_FR4-1_Allulose,cFOS,180,540,2915,440,0.8148148148148148,True,accepted_strict_direct_overlap,,,,,,,,
2026-07-09_FR4-1_Allulose,2026-07-09_FR4-1_Allulose,cFOS,181,146,2909,146,1.0,True,accepted_strict_direct_overlap,,,,,,,,
2026-07-09_FR4-1_Allulose,2026-07-09_FR4-1_Allulose,cFOS,182,1005,2922,599,0.5960199004975124,True,accepted_strict_direct_overlap,,,,,,,,
2026-07-09_FR4-1_Allulose,2026-07-09_FR4-1_Allulose,cFOS,183,1489,0,381,0.2558764271323036,False,overlap_below_threshold,,,,,,,,
2026-07-09_FR4-1_Allulose,2026-07-09_FR4-1_Allulose,cFOS,184,654,2938,570,0.8715596330275229,True,accepted_strict_direct_overlap,,,,,,,,
2026-07-09_FR4-1_Allulose,2026-07-09_FR4-1_Allulose,cFOS,185,493,0,0,0.0,False,overlap_below_threshold,,,,,,,,
2026-07-09_FR4-1_Allulose,2026-07-09_FR4-1_Allulose,cFOS,186,864,2950,695,0.8043981481481481,True,accepted_strict_direct_overlap,,,,,,,,
2026-07-09_FR4-1_Allulose,2026-07-09_FR4-1_Allulose,cFOS,187,785,2952,545,0.6942675159235668,True,accepted_strict_direct_overlap,,,,,,,,
2026-07-09_FR4-1_Allulose,2026-07-09_FR4-1_Allulose,cFOS,188,996,2959,522,0.5240963855421686,True,accepted_strict_direct_overlap,,,,,,,,
2026-07-09_FR4-1_Allulose,2026-07-09_FR4-1_Allulose,cFOS,189,843,2983,788,0.9347568208778173,True,accepted_strict_direct_overlap,,,,,,,,
2026-07-09_FR4-1_Allulose,2026-07-09_FR4-1_Allulose,cFOS,190,184,3002,184,1.0,True,accepted_strict_direct_overlap,,,,,,,,
2026-07-09_FR4-1_Allulose,2026-07-09_FR4-1_Allulose,cFOS,191,494,0,84,0.1700404858299595,False,overlap_below_threshold,,,,,,,,
2026-07-09_FR4-1_Allulose,2026-07-09_FR4-1_Allulose,cFOS,192,572,3004,559,0.9772727272727273,True,accepted_strict_direct_overlap,,,,,,,,
2026-07-09_FR4-1_Allulose,2026-07-09_FR4-1_Allulose,cFOS,193,806,0,303,0.3759305210918114,False,overlap_below_threshold,,,,,,,,
2026-07-09_FR4-1_Allulose,2026-07-09_FR4-1_Allulose,cFOS,194,731,3037,729,0.9972640218878249,True,accepted_strict_direct_overlap,,,,,,,,
2026-07-09_FR4-1_Allulose,2026-07-09_FR4-1_Allulose,cFOS,195,1124,0,273,0.24288256227758007,False,overlap_below_threshold,,,,,,,,
2026-07-09_FR4-1_Allulose,2026-07-09_FR4-1_Allulose,cFOS,196,266,3065,238,0.8947368421052632,True,accepted_strict_direct_overlap,,,,,,,,
2026-07-09_FR4-1_Allulose,2026-07-09_FR4-1_Allulose,cFOS,197,886,3091,571,0.6444695259593679,True,accepted_strict_direct_overlap,,,,,,,,
2026-07-09_FR4-1_Allulose,2026-07-09_FR4-1_Allulose,cFOS,198,500,3098,265,0.53,True,accepted_strict_direct_overlap,,,,,,,,
2026-07-09_FR4-1_Allulose,2026-07-09_FR4-1_Allulose,cFOS,199,157,2593,81,0.5159235668789809,True,accepted_strict_direct_overlap,,,,,,,,
2026-07-09_FR4-1_Allulose,2026-07-09_FR4-1_Allulose,ACTH_CLIP,1,1124,528,727,0.646797153024911,True,accepted_size_and_best_expanded_dapi,ACTH/CLIP,3121.0,0.05,174.0,470.0,True,False,23.0
2026-07-09_FR4-1_Allulose,2026-07-09_FR4-1_Allulose,ACTH_CLIP,2,111,0,0,0.0,False,below_acquisition_dapi_area_p05_likely_noncell,ACTH/CLIP,3121.0,0.05,174.0,470.0,False,True,23.0
2026-07-09_FR4-1_Allulose,2026-07-09_FR4-1_Allulose,ACTH_CLIP,3,729,560,653,0.8957475994513031,True,accepted_size_and_best_expanded_dapi,ACTH/CLIP,3121.0,0.05,174.0,470.0,True,False,23.0
2026-07-09_FR4-1_Allulose,2026-07-09_FR4-1_Allulose,ACTH_CLIP,4,1444,676,1408,0.9750692520775623,True,accepted_size_and_best_expanded_dapi,ACTH/CLIP,3121.0,0.05,174.0,470.0,True,False,23.0
2026-07-09_FR4-1_Allulose,2026-07-09_FR4-1_Allulose,ACTH_CLIP,5,358,811,358,1.0,True,accepted_size_and_best_expanded_dapi,ACTH/CLIP,3121.0,0.05,174.0,470.0,True,False,23.0
2026-07-09_FR4-1_Allulose,2026-07-09_FR4-1_Allulose,ACTH_CLIP,6,839,872,515,0.6138259833134684,True,accepted_size_and_best_expanded_dapi,ACTH/CLIP,3121.0,0.05,174.0,470.0,True,False,23.0
2026-07-09_FR4-1_Allulose,2026-07-09_FR4-1_Allulose,ACTH_CLIP,7,894,885,894,1.0,True,accepted_size_and_best_expanded_dapi,ACTH/CLIP,3121.0,0.05,174.0,470.0,True,False,23.0
2026-07-09_FR4-1_Allulose,2026-07-09_FR4-1_Allulose,ACTH_CLIP,8,897,889,894,0.9966555183946488,True,accepted_size_and_best_expanded_dapi,ACTH/CLIP,3121.0,0.05,174.0,470.0,True,False,23.0
2026-07-09_FR4-1_Allulose,2026-07-09_FR4-1_Allulose,ACTH_CLIP,9,1398,907,1229,0.8791130185979972,True,accepted_size_and_best_expanded_dapi,ACTH/CLIP,3121.0,0.05,174.0,470.0,True,False,23.0
2026-07-09_FR4-1_Allulose,2026-07-09_FR4-1_Allulose,ACTH_CLIP,10,452,1041,438,0.9690265486725663,True,accepted_size_and_best_expanded_dapi,ACTH/CLIP,3121.0,0.05,174.0,470.0,True,False,23.0
2026-07-09_FR4-1_Allulose,2026-07-09_FR4-1_Allulose,ACTH_CLIP,11,1192,1077,1075,0.9018456375838926,True,accepted_size_and_best_expanded_dapi,ACTH/CLIP,3121.0,0.05,174.0,470.0,True,False,23.0
2026-07-09_FR4-1_Allulose,2026-07-09_FR4-1_Allulose,ACTH_CLIP,12,826,1083,826,1.0,True,accepted_size_and_best_expanded_dapi,ACTH/CLIP,3121.0,0.05,174.0,470.0,True,False,23.0
2026-07-09_FR4-1_Allulose,2026-07-09_FR4-1_Allulose,ACTH_CLIP,13,529,1088,481,0.9092627599243857,True,accepted_size_and_best_expanded_dapi,ACTH/CLIP,3121.0,0.05,174.0,470.0,True,False,23.0
2026-07-09_FR4-1_Allulose,2026-07-09_FR4-1_Allulose,ACTH_CLIP,14,435,1095,435,1.0,True,accepted_size_and_best_expanded_dapi,ACTH/CLIP,3121.0,0.05,174.0,470.0,True,False,23.0
2026-07-09_FR4-1_Allulose,2026-07-09_FR4-1_Allulose,ACTH_CLIP,15,754,1099,678,0.8992042440318302,True,accepted_size_and_best_expanded_dapi,ACTH/CLIP,3121.0,0.05,174.0,470.0,True,False,23.0
2026-07-09_FR4-1_Allulose,2026-07-09_FR4-1_Allulose,ACTH_CLIP,16,452,1125,309,0.6836283185840708,True,accepted_size_and_best_expanded_dapi,ACTH/CLIP,3121.0,0.05,174.0,470.0,True,False,23.0
2026-07-09_FR4-1_Allulose,2026-07-09_FR4-1_Allulose,ACTH_CLIP,17,227,1110,208,0.9162995594713657,True,accepted_size_and_best_expanded_dapi,ACTH/CLIP,3121.0,0.05,174.0,470.0,True,False,23.0
2026-07-09_FR4-1_Allulose,2026-07-09_FR4-1_Allulose,ACTH_CLIP,18,668,1135,508,0.7604790419161677,True,accepted_size_and_best_expanded_dapi,ACTH/CLIP,3121.0,0.05,174.0,470.0,True,False,23.0
2026-07-09_FR4-1_Allulose,2026-07-09_FR4-1_Allulose,ACTH_CLIP,19,964,1151,914,0.9481327800829875,True,accepted_size_and_best_expanded_dapi,ACTH/CLIP,3121.0,0.05,174.0,470.0,True,False,23.0
2026-07-09_FR4-1_Allulose,2026-07-09_FR4-1_Allulose,ACTH_CLIP,20,372,1141,340,0.9139784946236559,True,accepted_size_and_best_expanded_dapi,ACTH/CLIP,3121.0,0.05,174.0,470.0,True,False,23.0
2026-07-09_FR4-1_Allulose,2026-07-09_FR4-1_Allulose,ACTH_CLIP,21,561,1184,561,1.0,True,accepted_size_and_best_expanded_dapi,ACTH/CLIP,3121.0,0.05,174.0,470.0,True,False,23.0
2026-07-09_FR4-1_Allulose,2026-07-09_FR4-1_Allulose,ACTH_CLIP,22,636,1198,287,0.45125786163522014,True,accepted_size_and_best_expanded_dapi,ACTH/CLIP,3121.0,0.05,174.0,470.0,True,False,23.0
2026-07-09_FR4-1_Allulose,2026-07-09_FR4-1_Allulose,ACTH_CLIP,23,975,1225,871,0.8933333333333333,True,accepted_size_and_best_expanded_dapi,ACTH/CLIP,3121.0,0.05,174.0,470.0,True,False,23.0
2026-07-09_FR4-1_Allulose,2026-07-09_FR4-1_Allulose,ACTH_CLIP,24,184,1249,184,1.0,True,accepted_size_and_best_expanded_dapi,ACTH/CLIP,3121.0,0.05,174.0,470.0,True,False,23.0
2026-07-09_FR4-1_Allulose,2026-07-09_FR4-1_Allulose,ACTH_CLIP,25,821,1287,821,1.0,True,accepted_size_and_best_expanded_dapi,ACTH/CLIP,3121.0,0.05,174.0,470.0,True,False,23.0
2026-07-09_FR4-1_Allulose,2026-07-09_FR4-1_Allulose,ACTH_CLIP,26,140,0,0,0.0,False,below_acquisition_dapi_area_p05_likely_noncell,ACTH/CLIP,3121.0,0.05,174.0,470.0,False,True,23.0
2026-07-09_FR4-1_Allulose,2026-07-09_FR4-1_Allulose,ACTH_CLIP,27,542,1298,542,1.0,True,accepted_size_and_best_expanded_dapi,ACTH/CLIP,3121.0,0.05,174.0,470.0,True,False,23.0
2026-07-09_FR4-1_Allulose,2026-07-09_FR4-1_Allulose,ACTH_CLIP,28,460,1311,460,1.0,True,accepted_size_and_best_expanded_dapi,ACTH/CLIP,3121.0,0.05,174.0,470.0,True,False,23.0
2026-07-09_FR4-1_Allulose,2026-07-09_FR4-1_Allulose,ACTH_CLIP,29,983,1332,929,0.9450661241098678,True,accepted_size_and_best_expanded_dapi,ACTH/CLIP,3121.0,0.05,174.0,470.0,True,False,23.0
2026-07-09_FR4-1_Allulose,2026-07-09_FR4-1_Allulose,ACTH_CLIP,30,688,1359,688,1.0,True,accepted_size_and_best_expanded_dapi,ACTH/CLIP,3121.0,0.05,174.0,470.0,True,False,23.0
2026-07-09_FR4-1_Allulose,2026-07-09_FR4-1_Allulose,ACTH_CLIP,31,99,0,0,0.0,False,below_acquisition_dapi_area_p05_likely_noncell,ACTH/CLIP,3121.0,0.05,174.0,470.0,False,True,23.0
2026-07-09_FR4-1_Allulose,2026-07-09_FR4-1_Allulose,ACTH_CLIP,32,74,0,0,0.0,False,below_acquisition_dapi_area_p05_likely_noncell,ACTH/CLIP,3121.0,0.05,174.0,470.0,False,True,23.0
2026-07-09_FR4-1_Allulose,2026-07-09_FR4-1_Allulose,ACTH_CLIP,33,788,1409,788,1.0,True,accepted_size_and_best_expanded_dapi,ACTH/CLIP,3121.0,0.05,174.0,470.0,True,False,23.0
2026-07-09_FR4-1_Allulose,2026-07-09_FR4-1_Allulose,ACTH_CLIP,34,73,0,0,0.0,False,below_acquisition_dapi_area_p05_likely_noncell,ACTH/CLIP,3121.0,0.05,174.0,470.0,False,True,23.0
2026-07-09_FR4-1_Allulose,2026-07-09_FR4-1_Allulose,ACTH_CLIP,35,184,1552,167,0.907608695652174,True,accepted_size_and_best_expanded_dapi,ACTH/CLIP,3121.0,0.05,174.0,470.0,True,False,23.0
2026-07-09_FR4-1_Allulose,2026-07-09_FR4-1_Allulose,ACTH_CLIP,36,714,1746,714,1.0,True,accepted_size_and_best_expanded_dapi,ACTH/CLIP,3121.0,0.05,174.0,470.0,True,False,23.0
2026-07-09_FR4-1_Allulose,2026-07-09_FR4-1_Allulose,ACTH_CLIP,37,331,1756,331,1.0,True,accepted_size_and_best_expanded_dapi,ACTH/CLIP,3121.0,0.05,174.0,470.0,True,False,23.0
2026-07-09_FR4-1_Allulose,2026-07-09_FR4-1_Allulose,ACTH_CLIP,38,465,1784,237,0.5096774193548387,True,accepted_size_and_best_expanded_dapi,ACTH/CLIP,3121.0,0.05,174.0,470.0,True,False,23.0
2026-07-09_FR4-1_Allulose,2026-07-09_FR4-1_Allulose,ACTH_CLIP,39,551,1793,546,0.9909255898366606,True,accepted_size_and_best_expanded_dapi,ACTH/CLIP,3121.0,0.05,174.0,470.0,True,False,23.0
2026-07-09_FR4-1_Allulose,2026-07-09_FR4-1_Allulose,ACTH_CLIP,40,604,1808,593,0.9817880794701986,True,accepted_size_and_best_expanded_dapi,ACTH/CLIP,3121.0,0.05,174.0,470.0,True,False,23.0
2026-07-09_FR4-1_Allulose,2026-07-09_FR4-1_Allulose,ACTH_CLIP,41,201,1817,188,0.9353233830845771,True,accepted_size_and_best_expanded_dapi,ACTH/CLIP,3121.0,0.05,174.0,470.0,True,False,23.0
2026-07-09_FR4-1_Allulose,2026-07-09_FR4-1_Allulose,ACTH_CLIP,42,646,1834,646,1.0,True,accepted_size_and_best_expanded_dapi,ACTH/CLIP,3121.0,0.05,174.0,470.0,True,False,23.0
2026-07-09_FR4-1_Allulose,2026-07-09_FR4-1_Allulose,ACTH_CLIP,43,671,1844,606,0.9031296572280179,True,accepted_size_and_best_expanded_dapi,ACTH/CLIP,3121.0,0.05,174.0,470.0,True,False,23.0
2026-07-09_FR4-1_Allulose,2026-07-09_FR4-1_Allulose,ACTH_CLIP,44,596,1860,596,1.0,True,accepted_size_and_best_expanded_dapi,ACTH/CLIP,3121.0,0.05,174.0,470.0,True,False,23.0
2026-07-09_FR4-1_Allulose,2026-07-09_FR4-1_Allulose,ACTH_CLIP,45,608,1861,608,1.0,True,accepted_size_and_best_expanded_dapi,ACTH/CLIP,3121.0,0.05,174.0,470.0,True,False,23.0
2026-07-09_FR4-1_Allulose,2026-07-09_FR4-1_Allulose,ACTH_CLIP,46,923,1887,912,0.9880823401950163,True,accepted_size_and_best_expanded_dapi,ACTH/CLIP,3121.0,0.05,174.0,470.0,True,False,23.0
2026-07-09_FR4-1_Allulose,2026-07-09_FR4-1_Allulose,ACTH_CLIP,47,266,1885,266,1.0,True,accepted_size_and_best_expanded_dapi,ACTH/CLIP,3121.0,0.05,174.0,470.0,True,False,23.0
2026-07-09_FR4-1_Allulose,2026-07-09_FR4-1_Allulose,ACTH_CLIP,48,1040,1905,909,0.8740384615384615,True,accepted_size_and_best_expanded_dapi,ACTH/CLIP,3121.0,0.05,174.0,470.0,True,False,23.0
2026-07-09_FR4-1_Allulose,2026-07-09_FR4-1_Allulose,ACTH_CLIP,49,842,1938,835,0.9916864608076009,True,accepted_size_and_best_expanded_dapi,ACTH/CLIP,3121.0,0.05,174.0,470.0,True,False,23.0
2026-07-09_FR4-1_Allulose,2026-07-09_FR4-1_Allulose,ACTH_CLIP,50,1102,1944,906,0.822141560798548,True,accepted_size_and_best_expanded_dapi,ACTH/CLIP,3121.0,0.05,174.0,470.0,True,False,23.0
2026-07-09_FR4-1_Allulose,2026-07-09_FR4-1_Allulose,ACTH_CLIP,51,1063,1946,868,0.8165569143932268,True,accepted_size_and_best_expanded_dapi,ACTH/CLIP,3121.0,0.05,174.0,470.0,True,False,23.0
2026-07-09_FR4-1_Allulose,2026-07-09_FR4-1_Allulose,ACTH_CLIP,52,1180,1948,1180,1.0,True,accepted_size_and_best_expanded_dapi,ACTH/CLIP,3121.0,0.05,174.0,470.0,True,False,23.0
2026-07-09_FR4-1_Allulose,2026-07-09_FR4-1_Allulose,ACTH_CLIP,53,592,1967,592,1.0,True,accepted_size_and_best_expanded_dapi,ACTH/CLIP,3121.0,0.05,174.0,470.0,True,False,23.0
2026-07-09_FR4-1_Allulose,2026-07-09_FR4-1_Allulose,ACTH_CLIP,54,585,1980,585,1.0,True,accepted_size_and_best_expanded_dapi,ACTH/CLIP,3121.0,0.05,174.0,470.0,True,False,23.0
2026-07-09_FR4-1_Allulose,2026-07-09_FR4-1_Allulose,ACTH_CLIP,55,684,1981,511,0.7470760233918129,True,accepted_size_and_best_expanded_dapi,ACTH/CLIP,3121.0,0.05,174.0,470.0,True,False,23.0
2026-07-09_FR4-1_Allulose,2026-07-09_FR4-1_Allulose,ACTH_CLIP,56,582,1990,582,1.0,True,accepted_size_and_best_expanded_dapi,ACTH/CLIP,3121.0,0.05,174.0,470.0,True,False,23.0
2026-07-09_FR4-1_Allulose,2026-07-09_FR4-1_Allulose,ACTH_CLIP,57,962,2041,962,1.0,True,accepted_size_and_best_expanded_dapi,ACTH/CLIP,3121.0,0.05,174.0,470.0,True,False,23.0
2026-07-09_FR4-1_Allulose,2026-07-09_FR4-1_Allulose,ACTH_CLIP,58,554,2049,311,0.5613718411552346,True,accepted_size_and_best_expanded_dapi,ACTH/CLIP,3121.0,0.05,174.0,470.0,True,False,23.0
2026-07-09_FR4-1_Allulose,2026-07-09_FR4-1_Allulose,ACTH_CLIP,59,762,2044,634,0.8320209973753281,True,accepted_size_and_best_expanded_dapi,ACTH/CLIP,3121.0,0.05,174.0,470.0,True,False,23.0
2026-07-09_FR4-1_Allulose,2026-07-09_FR4-1_Allulose,ACTH_CLIP,60,1442,2054,1432,0.9930651872399445,True,accepted_size_and_best_expanded_dapi,ACTH/CLIP,3121.0,0.05,174.0,470.0,True,False,23.0
2026-07-09_FR4-1_Allulose,2026-07-09_FR4-1_Allulose,ACTH_CLIP,61,1148,2064,1148,1.0,True,accepted_size_and_best_expanded_dapi,ACTH/CLIP,3121.0,0.05,174.0,470.0,True,False,23.0
2026-07-09_FR4-1_Allulose,2026-07-09_FR4-1_Allulose,ACTH_CLIP,62,811,2075,811,1.0,True,accepted_size_and_best_expanded_dapi,ACTH/CLIP,3121.0,0.05,174.0,470.0,True,False,23.0
2026-07-09_FR4-1_Allulose,2026-07-09_FR4-1_Allulose,ACTH_CLIP,63,965,2078,838,0.8683937823834197,True,accepted_size_and_best_expanded_dapi,ACTH/CLIP,3121.0,0.05,174.0,470.0,True,False,23.0
2026-07-09_FR4-1_Allulose,2026-07-09_FR4-1_Allulose,ACTH_CLIP,64,870,2090,804,0.9241379310344827,True,accepted_size_and_best_expanded_dapi,ACTH/CLIP,3121.0,0.05,174.0,470.0,True,False,23.0
2026-07-09_FR4-1_Allulose,2026-07-09_FR4-1_Allulose,ACTH_CLIP,65,880,2086,880,1.0,True,accepted_size_and_best_expanded_dapi,ACTH/CLIP,3121.0,0.05,174.0,470.0,True,False,23.0
2026-07-09_FR4-1_Allulose,2026-07-09_FR4-1_Allulose,ACTH_CLIP,66,553,2089,534,0.9656419529837251,True,accepted_size_and_best_expanded_dapi,ACTH/CLIP,3121.0,0.05,174.0,470.0,True,False,23.0
2026-07-09_FR4-1_Allulose,2026-07-09_FR4-1_Allulose,ACTH_CLIP,67,402,2098,333,0.8283582089552238,True,accepted_size_and_best_expanded_dapi,ACTH/CLIP,3121.0,0.05,174.0,470.0,True,False,23.0
2026-07-09_FR4-1_Allulose,2026-07-09_FR4-1_Allulose,ACTH_CLIP,68,825,2093,825,1.0,True,accepted_size_and_best_expanded_dapi,ACTH/CLIP,3121.0,0.05,174.0,470.0,True,False,23.0
2026-07-09_FR4-1_Allulose,2026-07-09_FR4-1_Allulose,ACTH_CLIP,69,757,2112,751,0.9920739762219286,True,accepted_size_and_best_expanded_dapi,ACTH/CLIP,3121.0,0.05,174.0,470.0,True,False,23.0
2026-07-09_FR4-1_Allulose,2026-07-09_FR4-1_Allulose,ACTH_CLIP,70,293,2126,293,1.0,True,accepted_size_and_best_expanded_dapi,ACTH/CLIP,3121.0,0.05,174.0,470.0,True,False,23.0
2026-07-09_FR4-1_Allulose,2026-07-09_FR4-1_Allulose,ACTH_CLIP,71,492,2133,269,0.5467479674796748,True,accepted_size_and_best_expanded_dapi,ACTH/CLIP,3121.0,0.05,174.0,470.0,True,False,23.0
2026-07-09_FR4-1_Allulose,2026-07-09_FR4-1_Allulose,ACTH_CLIP,72,466,2137,466,1.0,True,accepted_size_and_best_expanded_dapi,ACTH/CLIP,3121.0,0.05,174.0,470.0,True,False,23.0
2026-07-09_FR4-1_Allulose,2026-07-09_FR4-1_Allulose,ACTH_CLIP,73,979,2150,977,0.9979570990806946,True,accepted_size_and_best_expanded_dapi,ACTH/CLIP,3121.0,0.05,174.0,470.0,True,False,23.0
2026-07-09_FR4-1_Allulose,2026-07-09_FR4-1_Allulose,ACTH_CLIP,74,899,2149,899,1.0,True,accepted_size_and_best_expanded_dapi,ACTH/CLIP,3121.0,0.05,174.0,470.0,True,False,23.0
2026-07-09_FR4-1_Allulose,2026-07-09_FR4-1_Allulose,ACTH_CLIP,75,350,2148,350,1.0,True,accepted_size_and_best_expanded_dapi,ACTH/CLIP,3121.0,0.05,174.0,470.0,True,False,23.0
2026-07-09_FR4-1_Allulose,2026-07-09_FR4-1_Allulose,ACTH_CLIP,76,968,2155,883,0.9121900826446281,True,accepted_size_and_best_expanded_dapi,ACTH/CLIP,3121.0,0.05,174.0,470.0,True,False,23.0
2026-07-09_FR4-1_Allulose,2026-07-09_FR4-1_Allulose,ACTH_CLIP,77,1221,2166,1217,0.9967239967239967,True,accepted_size_and_best_expanded_dapi,ACTH/CLIP,3121.0,0.05,174.0,470.0,True,False,23.0
2026-07-09_FR4-1_Allulose,2026-07-09_FR4-1_Allulose,ACTH_CLIP,78,964,2167,676,0.7012448132780082,True,accepted_size_and_best_expanded_dapi,ACTH/CLIP,3121.0,0.05,174.0,470.0,True,False,23.0
2026-07-09_FR4-1_Allulose,2026-07-09_FR4-1_Allulose,ACTH_CLIP,79,716,2174,716,1.0,True,accepted_size_and_best_expanded_dapi,ACTH/CLIP,3121.0,0.05,174.0,470.0,True,False,23.0
2026-07-09_FR4-1_Allulose,2026-07-09_FR4-1_Allulose,ACTH_CLIP,80,839,2184,839,1.0,True,accepted_size_and_best_expanded_dapi,ACTH/CLIP,3121.0,0.05,174.0,470.0,True,False,23.0
2026-07-09_FR4-1_Allulose,2026-07-09_FR4-1_Allulose,ACTH_CLIP,81,829,2188,829,1.0,True,accepted_size_and_best_expanded_dapi,ACTH/CLIP,3121.0,0.05,174.0,470.0,True,False,23.0
2026-07-09_FR4-1_Allulose,2026-07-09_FR4-1_Allulose,ACTH_CLIP,82,1056,2191,913,0.8645833333333334,True,accepted_size_and_best_expanded_dapi,ACTH/CLIP,3121.0,0.05,174.0,470.0,True,False,23.0
2026-07-09_FR4-1_Allulose,2026-07-09_FR4-1_Allulose,ACTH_CLIP,83,317,2190,314,0.9905362776025236,True,accepted_size_and_best_expanded_dapi,ACTH/CLIP,3121.0,0.05,174.0,470.0,True,False,23.0
2026-07-09_FR4-1_Allulose,2026-07-09_FR4-1_Allulose,ACTH_CLIP,84,608,2198,548,0.9013157894736842,True,accepted_size_and_best_expanded_dapi,ACTH/CLIP,3121.0,0.05,174.0,470.0,True,False,23.0
2026-07-09_FR4-1_Allulose,2026-07-09_FR4-1_Allulose,ACTH_CLIP,85,853,2209,853,1.0,True,accepted_size_and_best_expanded_dapi,ACTH/CLIP,3121.0,0.05,174.0,470.0,True,False,23.0
2026-07-09_FR4-1_Allulose,2026-07-09_FR4-1_Allulose,ACTH_CLIP,86,125,0,0,0.0,False,below_acquisition_dapi_area_p05_likely_noncell,ACTH/CLIP,3121.0,0.05,174.0,470.0,False,True,23.0
2026-07-09_FR4-1_Allulose,2026-07-09_FR4-1_Allulose,ACTH_CLIP,87,512,2227,509,0.994140625,True,accepted_size_and_best_expanded_dapi,ACTH/CLIP,3121.0,0.05,174.0,470.0,True,False,23.0
2026-07-09_FR4-1_Allulose,2026-07-09_FR4-1_Allulose,ACTH_CLIP,88,893,2233,893,1.0,True,accepted_size_and_best_expanded_dapi,ACTH/CLIP,3121.0,0.05,174.0,470.0,True,False,23.0
2026-07-09_FR4-1_Allulose,2026-07-09_FR4-1_Allulose,ACTH_CLIP,89,646,2236,646,1.0,True,accepted_size_and_best_expanded_dapi,ACTH/CLIP,3121.0,0.05,174.0,470.0,True,False,23.0
2026-07-09_FR4-1_Allulose,2026-07-09_FR4-1_Allulose,ACTH_CLIP,90,561,2239,561,1.0,True,accepted_size_and_best_expanded_dapi,ACTH/CLIP,3121.0,0.05,174.0,470.0,True,False,23.0
2026-07-09_FR4-1_Allulose,2026-07-09_FR4-1_Allulose,ACTH_CLIP,91,730,2248,730,1.0,True,accepted_size_and_best_expanded_dapi,ACTH/CLIP,3121.0,0.05,174.0,470.0,True,False,23.0
2026-07-09_FR4-1_Allulose,2026-07-09_FR4-1_Allulose,ACTH_CLIP,92,780,2250,780,1.0,True,accepted_size_and_best_expanded_dapi,ACTH/CLIP,3121.0,0.05,174.0,470.0,True,False,23.0
2026-07-09_FR4-1_Allulose,2026-07-09_FR4-1_Allulose,ACTH_CLIP,93,852,2265,852,1.0,True,accepted_size_and_best_expanded_dapi,ACTH/CLIP,3121.0,0.05,174.0,470.0,True,False,23.0
2026-07-09_FR4-1_Allulose,2026-07-09_FR4-1_Allulose,ACTH_CLIP,94,299,2266,274,0.9163879598662207,True,accepted_size_and_best_expanded_dapi,ACTH/CLIP,3121.0,0.05,174.0,470.0,True,False,23.0
2026-07-09_FR4-1_Allulose,2026-07-09_FR4-1_Allulose,ACTH_CLIP,95,832,2282,832,1.0,True,accepted_size_and_best_expanded_dapi,ACTH/CLIP,3121.0,0.05,174.0,470.0,True,False,23.0
2026-07-09_FR4-1_Allulose,2026-07-09_FR4-1_Allulose,ACTH_CLIP,96,577,2320,294,0.5095320623916811,True,accepted_size_and_best_expanded_dapi,ACTH/CLIP,3121.0,0.05,174.0,470.0,True,False,23.0
2026-07-09_FR4-1_Allulose,2026-07-09_FR4-1_Allulose,ACTH_CLIP,97,1213,2305,615,0.5070074196207749,True,accepted_size_and_best_expanded_dapi,ACTH/CLIP,3121.0,0.05,174.0,470.0,True,False,23.0
2026-07-09_FR4-1_Allulose,2026-07-09_FR4-1_Allulose,ACTH_CLIP,98,1037,2311,1037,1.0,True,accepted_size_and_best_expanded_dapi,ACTH/CLIP,3121.0,0.05,174.0,470.0,True,False,23.0
2026-07-09_FR4-1_Allulose,2026-07-09_FR4-1_Allulose,ACTH_CLIP,99,817,2331,817,1.0,True,accepted_size_and_best_expanded_dapi,ACTH/CLIP,3121.0,0.05,174.0,470.0,True,False,23.0
2026-07-09_FR4-1_Allulose,2026-07-09_FR4-1_Allulose,ACTH_CLIP,100,174,0,0,0.0,False,insufficient_expanded_dapi_pixels,ACTH/CLIP,3121.0,0.05,174.0,470.0,True,False,23.0
2026-07-09_FR4-1_Allulose,2026-07-09_FR4-1_Allulose,ACTH_CLIP,101,964,2341,670,0.6950207468879668,True,accepted_size_and_best_expanded_dapi,ACTH/CLIP,3121.0,0.05,174.0,470.0,True,False,23.0
2026-07-09_FR4-1_Allulose,2026-07-09_FR4-1_Allulose,ACTH_CLIP,102,970,2372,970,1.0,True,accepted_size_and_best_expanded_dapi,ACTH/CLIP,3121.0,0.05,174.0,470.0,True,False,23.0
2026-07-09_FR4-1_Allulose,2026-07-09_FR4-1_Allulose,ACTH_CLIP,103,1134,2373,1134,1.0,True,accepted_size_and_best_expanded_dapi,ACTH/CLIP,3121.0,0.05,174.0,470.0,True,False,23.0
2026-07-09_FR4-1_Allulose,2026-07-09_FR4-1_Allulose,ACTH_CLIP,104,1187,2381,954,0.8037068239258636,True,accepted_size_and_best_expanded_dapi,ACTH/CLIP,3121.0,0.05,174.0,470.0,True,False,23.0
2026-07-09_FR4-1_Allulose,2026-07-09_FR4-1_Allulose,ACTH_CLIP,105,249,2395,165,0.6626506024096386,True,accepted_size_and_best_expanded_dapi,ACTH/CLIP,3121.0,0.05,174.0,470.0,True,False,23.0
2026-07-09_FR4-1_Allulose,2026-07-09_FR4-1_Allulose,ACTH_CLIP,106,338,0,0,0.0,False,insufficient_expanded_dapi_pixels,ACTH/CLIP,3121.0,0.05,174.0,470.0,True,False,23.0
2026-07-09_FR4-1_Allulose,2026-07-09_FR4-1_Allulose,ACTH_CLIP,107,674,2413,674,1.0,True,accepted_size_and_best_expanded_dapi,ACTH/CLIP,3121.0,0.05,174.0,470.0,True,False,23.0
2026-07-09_FR4-1_Allulose,2026-07-09_FR4-1_Allulose,ACTH_CLIP,108,150,0,0,0.0,False,below_acquisition_dapi_area_p05_likely_noncell,ACTH/CLIP,3121.0,0.05,174.0,470.0,False,True,23.0
2026-07-09_FR4-1_Allulose,2026-07-09_FR4-1_Allulose,ACTH_CLIP,109,663,2431,663,1.0,True,accepted_size_and_best_expanded_dapi,ACTH/CLIP,3121.0,0.05,174.0,470.0,True,False,23.0
2026-07-09_FR4-1_Allulose,2026-07-09_FR4-1_Allulose,ACTH_CLIP,110,982,2440,940,0.9572301425661914,True,accepted_size_and_best_expanded_dapi,ACTH/CLIP,3121.0,0.05,174.0,470.0,True,False,23.0
2026-07-09_FR4-1_Allulose,2026-07-09_FR4-1_Allulose,ACTH_CLIP,111,734,2436,707,0.9632152588555858,True,accepted_size_and_best_expanded_dapi,ACTH/CLIP,3121.0,0.05,174.0,470.0,True,False,23.0
2026-07-09_FR4-1_Allulose,2026-07-09_FR4-1_Allulose,ACTH_CLIP,112,890,2445,766,0.8606741573033708,True,accepted_size_and_best_expanded_dapi,ACTH/CLIP,3121.0,0.05,174.0,470.0,True,False,23.0
2026-07-09_FR4-1_Allulose,2026-07-09_FR4-1_Allulose,ACTH_CLIP,113,543,2455,351,0.6464088397790055,True,accepted_size_and_best_expanded_dapi,ACTH/CLIP,3121.0,0.05,174.0,470.0,True,False,23.0
2026-07-09_FR4-1_Allulose,2026-07-09_FR4-1_Allulose,ACTH_CLIP,114,674,2455,674,1.0,True,accepted_size_and_best_expanded_dapi,ACTH/CLIP,3121.0,0.05,174.0,470.0,True,False,23.0
2026-07-09_FR4-1_Allulose,2026-07-09_FR4-1_Allulose,ACTH_CLIP,115,21,0,0,0.0,False,below_acquisition_dapi_area_p05_likely_noncell,ACTH/CLIP,3121.0,0.05,174.0,470.0,False,True,23.0
2026-07-09_FR4-1_Allulose,2026-07-09_FR4-1_Allulose,ACTH_CLIP,116,661,2468,661,1.0,True,accepted_size_and_best_expanded_dapi,ACTH/CLIP,3121.0,0.05,174.0,470.0,True,False,23.0
2026-07-09_FR4-1_Allulose,2026-07-09_FR4-1_Allulose,ACTH_CLIP,117,261,2462,261,1.0,True,accepted_size_and_best_expanded_dapi,ACTH/CLIP,3121.0,0.05,174.0,470.0,True,False,23.0
2026-07-09_FR4-1_Allulose,2026-07-09_FR4-1_Allulose,ACTH_CLIP,118,130,0,0,0.0,False,below_acquisition_dapi_area_p05_likely_noncell,ACTH/CLIP,3121.0,0.05,174.0,470.0,False,True,23.0
2026-07-09_FR4-1_Allulose,2026-07-09_FR4-1_Allulose,ACTH_CLIP,119,624,2491,554,0.8878205128205128,True,accepted_size_and_best_expanded_dapi,ACTH/CLIP,3121.0,0.05,174.0,470.0,True,False,23.0
2026-07-09_FR4-1_Allulose,2026-07-09_FR4-1_Allulose,ACTH_CLIP,120,484,2495,311,0.6425619834710744,True,accepted_size_and_best_expanded_dapi,ACTH/CLIP,3121.0,0.05,174.0,470.0,True,False,23.0
2026-07-09_FR4-1_Allulose,2026-07-09_FR4-1_Allulose,ACTH_CLIP,121,363,2511,363,1.0,True,accepted_size_and_best_expanded_dapi,ACTH/CLIP,3121.0,0.05,174.0,470.0,True,False,23.0
2026-07-09_FR4-1_Allulose,2026-07-09_FR4-1_Allulose,ACTH_CLIP,122,642,2512,642,1.0,True,accepted_size_and_best_expanded_dapi,ACTH/CLIP,3121.0,0.05,174.0,470.0,True,False,23.0
2026-07-09_FR4-1_Allulose,2026-07-09_FR4-1_Allulose,ACTH_CLIP,123,705,2516,705,1.0,True,accepted_size_and_best_expanded_dapi,ACTH/CLIP,3121.0,0.05,174.0,470.0,True,False,23.0
2026-07-09_FR4-1_Allulose,2026-07-09_FR4-1_Allulose,ACTH_CLIP,124,715,2551,618,0.8643356643356643,True,accepted_size_and_best_expanded_dapi,ACTH/CLIP,3121.0,0.05,174.0,470.0,True,False,23.0
2026-07-09_FR4-1_Allulose,2026-07-09_FR4-1_Allulose,ACTH_CLIP,125,178,2524,44,0.24719101123595505,True,accepted_size_and_best_expanded_dapi,ACTH/CLIP,3121.0,0.05,174.0,470.0,True,False,23.0
2026-07-09_FR4-1_Allulose,2026-07-09_FR4-1_Allulose,ACTH_CLIP,126,1435,2575,1397,0.9735191637630662,True,accepted_size_and_best_expanded_dapi,ACTH/CLIP,3121.0,0.05,174.0,470.0,True,False,23.0
2026-07-09_FR4-1_Allulose,2026-07-09_FR4-1_Allulose,ACTH_CLIP,127,870,2579,706,0.8114942528735632,True,accepted_size_and_best_expanded_dapi,ACTH/CLIP,3121.0,0.05,174.0,470.0,True,False,23.0
2026-07-09_FR4-1_Allulose,2026-07-09_FR4-1_Allulose,ACTH_CLIP,128,1074,2588,992,0.9236499068901304,True,accepted_size_and_best_expanded_dapi,ACTH/CLIP,3121.0,0.05,174.0,470.0,True,False,23.0
2026-07-09_FR4-1_Allulose,2026-07-09_FR4-1_Allulose,ACTH_CLIP,129,249,2585,249,1.0,True,accepted_size_and_best_expanded_dapi,ACTH/CLIP,3121.0,0.05,174.0,470.0,True,False,23.0
2026-07-09_FR4-1_Allulose,2026-07-09_FR4-1_Allulose,ACTH_CLIP,130,742,2613,742,1.0,True,accepted_size_and_best_expanded_dapi,ACTH/CLIP,3121.0,0.05,174.0,470.0,True,False,23.0
2026-07-09_FR4-1_Allulose,2026-07-09_FR4-1_Allulose,ACTH_CLIP,131,771,2617,771,1.0,True,accepted_size_and_best_expanded_dapi,ACTH/CLIP,3121.0,0.05,174.0,470.0,True,False,23.0
2026-07-09_FR4-1_Allulose,2026-07-09_FR4-1_Allulose,ACTH_CLIP,132,303,2616,303,1.0,True,accepted_size_and_best_expanded_dapi,ACTH/CLIP,3121.0,0.05,174.0,470.0,True,False,23.0
2026-07-09_FR4-1_Allulose,2026-07-09_FR4-1_Allulose,ACTH_CLIP,133,453,2661,60,0.13245033112582782,True,accepted_size_and_best_expanded_dapi,ACTH/CLIP,3121.0,0.05,174.0,470.0,True,False,23.0
2026-07-09_FR4-1_Allulose,2026-07-09_FR4-1_Allulose,ACTH_CLIP,134,822,2632,822,1.0,True,accepted_size_and_best_expanded_dapi,ACTH/CLIP,3121.0,0.05,174.0,470.0,True,False,23.0
2026-07-09_FR4-1_Allulose,2026-07-09_FR4-1_Allulose,ACTH_CLIP,135,47,0,0,0.0,False,below_acquisition_dapi_area_p05_likely_noncell,ACTH/CLIP,3121.0,0.05,174.0,470.0,False,True,23.0
2026-07-09_FR4-1_Allulose,2026-07-09_FR4-1_Allulose,ACTH_CLIP,136,318,2639,318,1.0,True,accepted_size_and_best_expanded_dapi,ACTH/CLIP,3121.0,0.05,174.0,470.0,True,False,23.0
2026-07-09_FR4-1_Allulose,2026-07-09_FR4-1_Allulose,ACTH_CLIP,137,753,2635,753,1.0,True,accepted_size_and_best_expanded_dapi,ACTH/CLIP,3121.0,0.05,174.0,470.0,True,False,23.0
2026-07-09_FR4-1_Allulose,2026-07-09_FR4-1_Allulose,ACTH_CLIP,138,55,0,0,0.0,False,below_acquisition_dapi_area_p05_likely_noncell,ACTH/CLIP,3121.0,0.05,174.0,470.0,False,True,23.0
2026-07-09_FR4-1_Allulose,2026-07-09_FR4-1_Allulose,ACTH_CLIP,139,495,2662,495,1.0,True,accepted_size_and_best_expanded_dapi,ACTH/CLIP,3121.0,0.05,174.0,470.0,True,False,23.0
2026-07-09_FR4-1_Allulose,2026-07-09_FR4-1_Allulose,ACTH_CLIP,140,760,2665,760,1.0,True,accepted_size_and_best_expanded_dapi,ACTH/CLIP,3121.0,0.05,174.0,470.0,True,False,23.0
2026-07-09_FR4-1_Allulose,2026-07-09_FR4-1_Allulose,ACTH_CLIP,141,692,2658,692,1.0,True,accepted_size_and_best_expanded_dapi,ACTH/CLIP,3121.0,0.05,174.0,470.0,True,False,23.0
2026-07-09_FR4-1_Allulose,2026-07-09_FR4-1_Allulose,ACTH_CLIP,142,390,2661,370,0.9487179487179487,True,accepted_size_and_best_expanded_dapi,ACTH/CLIP,3121.0,0.05,174.0,470.0,True,False,23.0
2026-07-09_FR4-1_Allulose,2026-07-09_FR4-1_Allulose,ACTH_CLIP,143,602,2659,509,0.845514950166113,True,accepted_size_and_best_expanded_dapi,ACTH/CLIP,3121.0,0.05,174.0,470.0,True,False,23.0
2026-07-09_FR4-1_Allulose,2026-07-09_FR4-1_Allulose,ACTH_CLIP,144,1251,2674,1163,0.929656274980016,True,accepted_size_and_best_expanded_dapi,ACTH/CLIP,3121.0,0.05,174.0,470.0,True,False,23.0
2026-07-09_FR4-1_Allulose,2026-07-09_FR4-1_Allulose,ACTH_CLIP,145,825,2685,825,1.0,True,accepted_size_and_best_expanded_dapi,ACTH/CLIP,3121.0,0.05,174.0,470.0,True,False,23.0
2026-07-09_FR4-1_Allulose,2026-07-09_FR4-1_Allulose,ACTH_CLIP,146,469,2701,469,1.0,True,accepted_size_and_best_expanded_dapi,ACTH/CLIP,3121.0,0.05,174.0,470.0,True,False,23.0
2026-07-09_FR4-1_Allulose,2026-07-09_FR4-1_Allulose,ACTH_CLIP,147,28,0,0,0.0,False,below_acquisition_dapi_area_p05_likely_noncell,ACTH/CLIP,3121.0,0.05,174.0,470.0,False,True,23.0
2026-07-09_FR4-1_Allulose,2026-07-09_FR4-1_Allulose,ACTH_CLIP,148,600,2710,600,1.0,True,accepted_size_and_best_expanded_dapi,ACTH/CLIP,3121.0,0.05,174.0,470.0,True,False,23.0
2026-07-09_FR4-1_Allulose,2026-07-09_FR4-1_Allulose,ACTH_CLIP,149,67,0,0,0.0,False,below_acquisition_dapi_area_p05_likely_noncell,ACTH/CLIP,3121.0,0.05,174.0,470.0,False,True,23.0
2026-07-09_FR4-1_Allulose,2026-07-09_FR4-1_Allulose,ACTH_CLIP,150,361,2749,361,1.0,True,accepted_size_and_best_expanded_dapi,ACTH/CLIP,3121.0,0.05,174.0,470.0,True,False,23.0
2026-07-09_FR4-1_Allulose,2026-07-09_FR4-1_Allulose,ACTH_CLIP,151,649,2777,649,1.0,True,accepted_size_and_best_expanded_dapi,ACTH/CLIP,3121.0,0.05,174.0,470.0,True,False,23.0
2026-07-09_FR4-1_Allulose,2026-07-09_FR4-1_Allulose,ACTH_CLIP,152,675,2836,675,1.0,True,accepted_size_and_best_expanded_dapi,ACTH/CLIP,3121.0,0.05,174.0,470.0,True,False,23.0
2026-07-09_FR4-1_Allulose,2026-07-09_FR4-1_Allulose,ACTH_CLIP,153,370,2875,370,1.0,True,accepted_size_and_best_expanded_dapi,ACTH/CLIP,3121.0,0.05,174.0,470.0,True,False,23.0
2026-07-09_FR4-1_Allulose,2026-07-09_FR4-1_Allulose,ACTH_CLIP,154,286,2951,286,1.0,True,accepted_size_and_best_expanded_dapi,ACTH/CLIP,3121.0,0.05,174.0,470.0,True,False,23.0
2026-07-09_FR5-1_Allulose,2026-07-09_FR5-1_Allulose,cFOS,1,187,26,116,0.6203208556149733,True,accepted_strict_direct_overlap,,,,,,,,
2026-07-09_FR5-1_Allulose,2026-07-09_FR5-1_Allulose,cFOS,2,261,19,120,0.45977011494252873,True,accepted_strict_direct_overlap,,,,,,,,
2026-07-09_FR5-1_Allulose,2026-07-09_FR5-1_Allulose,cFOS,3,590,52,509,0.8627118644067797,True,accepted_strict_direct_overlap,,,,,,,,
2026-07-09_FR5-1_Allulose,2026-07-09_FR5-1_Allulose,cFOS,4,683,69,575,0.8418740849194729,True,accepted_strict_direct_overlap,,,,,,,,
2026-07-09_FR5-1_Allulose,2026-07-09_FR5-1_Allulose,cFOS,5,391,90,342,0.8746803069053708,True,accepted_strict_direct_overlap,,,,,,,,
2026-07-09_FR5-1_Allulose,2026-07-09_FR5-1_Allulose,cFOS,6,428,104,293,0.6845794392523364,True,accepted_strict_direct_overlap,,,,,,,,
2026-07-09_FR5-1_Allulose,2026-07-09_FR5-1_Allulose,cFOS,7,781,110,596,0.7631241997439181,True,accepted_strict_direct_overlap,,,,,,,,
2026-07-09_FR5-1_Allulose,2026-07-09_FR5-1_Allulose,cFOS,8,562,118,388,0.6903914590747331,True,accepted_strict_direct_overlap,,,,,,,,
2026-07-09_FR5-1_Allulose,2026-07-09_FR5-1_Allulose,cFOS,9,448,131,352,0.7857142857142857,True,accepted_strict_direct_overlap,,,,,,,,
2026-07-09_FR5-1_Allulose,2026-07-09_FR5-1_Allulose,cFOS,10,454,137,387,0.8524229074889867,True,accepted_strict_direct_overlap,,,,,,,,
2026-07-09_FR5-1_Allulose,2026-07-09_FR5-1_Allulose,cFOS,11,314,177,215,0.6847133757961783,True,accepted_strict_direct_overlap,,,,,,,,
2026-07-09_FR5-1_Allulose,2026-07-09_FR5-1_Allulose,cFOS,12,732,190,556,0.7595628415300546,True,accepted_strict_direct_overlap,,,,,,,,
2026-07-09_FR5-1_Allulose,2026-07-09_FR5-1_Allulose,cFOS,13,701,192,485,0.6918687589158345,True,accepted_strict_direct_overlap,,,,,,,,
2026-07-09_FR5-1_Allulose,2026-07-09_FR5-1_Allulose,cFOS,14,389,208,291,0.7480719794344473,True,accepted_strict_direct_overlap,,,,,,,,
2026-07-09_FR5-1_Allulose,2026-07-09_FR5-1_Allulose,cFOS,15,1008,0,292,0.2896825396825397,False,overlap_below_threshold,,,,,,,,
2026-07-09_FR5-1_Allulose,2026-07-09_FR5-1_Allulose,cFOS,16,873,237,720,0.8247422680412371,True,accepted_strict_direct_overlap,,,,,,,,
2026-07-09_FR5-1_Allulose,2026-07-09_FR5-1_Allulose,cFOS,17,382,261,223,0.5837696335078534,True,accepted_strict_direct_overlap,,,,,,,,
2026-07-09_FR5-1_Allulose,2026-07-09_FR5-1_Allulose,cFOS,18,654,267,429,0.6559633027522935,True,accepted_strict_direct_overlap,,,,,,,,
2026-07-09_FR5-1_Allulose,2026-07-09_FR5-1_Allulose,cFOS,19,180,276,89,0.49444444444444446,True,accepted_strict_direct_overlap,,,,,,,,
2026-07-09_FR5-1_Allulose,2026-07-09_FR5-1_Allulose,cFOS,20,413,296,399,0.9661016949152542,True,accepted_strict_direct_overlap,,,,,,,,
2026-07-09_FR5-1_Allulose,2026-07-09_FR5-1_Allulose,cFOS,21,394,382,315,0.799492385786802,True,accepted_strict_direct_overlap,,,,,,,,
2026-07-09_FR5-1_Allulose,2026-07-09_FR5-1_Allulose,cFOS,22,528,385,481,0.9109848484848485,True,accepted_strict_direct_overlap,,,,,,,,
2026-07-09_FR5-1_Allulose,2026-07-09_FR5-1_Allulose,cFOS,23,694,393,667,0.9610951008645533,True,accepted_strict_direct_overlap,,,,,,,,
2026-07-09_FR5-1_Allulose,2026-07-09_FR5-1_Allulose,cFOS,24,478,405,392,0.8200836820083682,True,accepted_strict_direct_overlap,,,,,,,,
2026-07-09_FR5-1_Allulose,2026-07-09_FR5-1_Allulose,cFOS,25,657,478,561,0.8538812785388128,True,accepted_strict_direct_overlap,,,,,,,,
2026-07-09_FR5-1_Allulose,2026-07-09_FR5-1_Allulose,cFOS,26,205,485,124,0.6048780487804878,True,accepted_strict_direct_overlap,,,,,,,,
2026-07-09_FR5-1_Allulose,2026-07-09_FR5-1_Allulose,cFOS,27,194,496,177,0.9123711340206185,True,accepted_strict_direct_overlap,,,,,,,,
2026-07-09_FR5-1_Allulose,2026-07-09_FR5-1_Allulose,cFOS,28,817,504,714,0.8739290085679314,True,accepted_strict_direct_overlap,,,,,,,,
2026-07-09_FR5-1_Allulose,2026-07-09_FR5-1_Allulose,cFOS,29,168,554,148,0.8809523809523809,True,accepted_strict_direct_overlap,,,,,,,,
2026-07-09_FR5-1_Allulose,2026-07-09_FR5-1_Allulose,cFOS,30,309,0,0,0.0,False,overlap_below_threshold,,,,,,,,
2026-07-09_FR5-1_Allulose,2026-07-09_FR5-1_Allulose,cFOS,31,500,620,394,0.788,True,accepted_strict_direct_overlap,,,,,,,,
2026-07-09_FR5-1_Allulose,2026-07-09_FR5-1_Allulose,cFOS,32,706,629,285,0.40368271954674223,True,accepted_strict_direct_overlap,,,,,,,,
2026-07-09_FR5-1_Allulose,2026-07-09_FR5-1_Allulose,cFOS,33,956,0,266,0.27824267782426776,False,overlap_below_threshold,,,,,,,,
2026-07-09_FR5-1_Allulose,2026-07-09_FR5-1_Allulose,cFOS,34,580,643,539,0.9293103448275862,True,accepted_strict_direct_overlap,,,,,,,,
2026-07-09_FR5-1_Allulose,2026-07-09_FR5-1_Allulose,cFOS,35,491,655,471,0.9592668024439919,True,accepted_strict_direct_overlap,,,,,,,,
2026-07-09_FR5-1_Allulose,2026-07-09_FR5-1_Allulose,cFOS,36,727,678,301,0.4140302613480055,True,accepted_strict_direct_overlap,,,,,,,,
2026-07-09_FR5-1_Allulose,2026-07-09_FR5-1_Allulose,cFOS,37,815,0,156,0.19141104294478528,False,overlap_below_threshold,,,,,,,,
2026-07-09_FR5-1_Allulose,2026-07-09_FR5-1_Allulose,cFOS,38,608,683,593,0.975328947368421,True,accepted_strict_direct_overlap,,,,,,,,
2026-07-09_FR5-1_Allulose,2026-07-09_FR5-1_Allulose,cFOS,39,282,0,0,0.0,False,overlap_below_threshold,,,,,,,,
2026-07-09_FR5-1_Allulose,2026-07-09_FR5-1_Allulose,cFOS,40,408,713,408,1.0,True,accepted_strict_direct_overlap,,,,,,,,
2026-07-09_FR5-1_Allulose,2026-07-09_FR5-1_Allulose,cFOS,41,656,720,571,0.8704268292682927,True,accepted_strict_direct_overlap,,,,,,,,
2026-07-09_FR5-1_Allulose,2026-07-09_FR5-1_Allulose,cFOS,42,70,0,0,0.0,False,overlap_below_threshold,,,,,,,,
2026-07-09_FR5-1_Allulose,2026-07-09_FR5-1_Allulose,cFOS,43,863,791,666,0.7717265353418308,True,accepted_strict_direct_overlap,,,,,,,,
2026-07-09_FR5-1_Allulose,2026-07-09_FR5-1_Allulose,cFOS,44,995,795,893,0.8974874371859296,True,accepted_strict_direct_overlap,,,,,,,,
2026-07-09_FR5-1_Allulose,2026-07-09_FR5-1_Allulose,cFOS,45,652,800,517,0.7929447852760736,True,accepted_strict_direct_overlap,,,,,,,,
2026-07-09_FR5-1_Allulose,2026-07-09_FR5-1_Allulose,cFOS,46,405,809,174,0.42962962962962964,True,accepted_strict_direct_overlap,,,,,,,,
2026-07-09_FR5-1_Allulose,2026-07-09_FR5-1_Allulose,cFOS,47,494,807,439,0.888663967611336,True,accepted_strict_direct_overlap,,,,,,,,
2026-07-09_FR5-1_Allulose,2026-07-09_FR5-1_Allulose,cFOS,48,713,817,624,0.8751753155680224,True,accepted_strict_direct_overlap,,,,,,,,
2026-07-09_FR5-1_Allulose,2026-07-09_FR5-1_Allulose,cFOS,49,391,828,391,1.0,True,accepted_strict_direct_overlap,,,,,,,,
2026-07-09_FR5-1_Allulose,2026-07-09_FR5-1_Allulose,cFOS,50,308,0,120,0.38961038961038963,False,overlap_below_threshold,,,,,,,,
2026-07-09_FR5-1_Allulose,2026-07-09_FR5-1_Allulose,cFOS,51,327,849,255,0.7798165137614679,True,accepted_strict_direct_overlap,,,,,,,,
2026-07-09_FR5-1_Allulose,2026-07-09_FR5-1_Allulose,cFOS,52,165,859,157,0.9515151515151515,True,accepted_strict_direct_overlap,,,,,,,,
2026-07-09_FR5-1_Allulose,2026-07-09_FR5-1_Allulose,cFOS,53,769,916,552,0.717815344603381,True,accepted_strict_direct_overlap,,,,,,,,
2026-07-09_FR5-1_Allulose,2026-07-09_FR5-1_Allulose,cFOS,54,594,955,424,0.7138047138047138,True,accepted_strict_direct_overlap,,,,,,,,
2026-07-09_FR5-1_Allulose,2026-07-09_FR5-1_Allulose,cFOS,55,410,961,266,0.6487804878048781,True,accepted_strict_direct_overlap,,,,,,,,
2026-07-09_FR5-1_Allulose,2026-07-09_FR5-1_Allulose,cFOS,56,518,973,339,0.6544401544401545,True,accepted_strict_direct_overlap,,,,,,,,
2026-07-09_FR5-1_Allulose,2026-07-09_FR5-1_Allulose,cFOS,57,267,983,266,0.9962546816479401,True,accepted_strict_direct_overlap,,,,,,,,
2026-07-09_FR5-1_Allulose,2026-07-09_FR5-1_Allulose,cFOS,58,634,993,479,0.7555205047318612,True,accepted_strict_direct_overlap,,,,,,,,
2026-07-09_FR5-1_Allulose,2026-07-09_FR5-1_Allulose,cFOS,59,529,998,378,0.7145557655954632,True,accepted_strict_direct_overlap,,,,,,,,
2026-07-09_FR5-1_Allulose,2026-07-09_FR5-1_Allulose,cFOS,60,282,1006,254,0.900709219858156,True,accepted_strict_direct_overlap,,,,,,,,
2026-07-09_FR5-1_Allulose,2026-07-09_FR5-1_Allulose,cFOS,61,779,1023,621,0.7971758664955071,True,accepted_strict_direct_overlap,,,,,,,,
2026-07-09_FR5-1_Allulose,2026-07-09_FR5-1_Allulose,cFOS,62,403,1027,358,0.8883374689826302,True,accepted_strict_direct_overlap,,,,,,,,
2026-07-09_FR5-1_Allulose,2026-07-09_FR5-1_Allulose,cFOS,63,583,1033,529,0.9073756432246999,True,accepted_strict_direct_overlap,,,,,,,,
2026-07-09_FR5-1_Allulose,2026-07-09_FR5-1_Allulose,cFOS,64,789,1045,659,0.835234474017744,True,accepted_strict_direct_overlap,,,,,,,,
2026-07-09_FR5-1_Allulose,2026-07-09_FR5-1_Allulose,cFOS,65,534,1043,385,0.7209737827715356,True,accepted_strict_direct_overlap,,,,,,,,
2026-07-09_FR5-1_Allulose,2026-07-09_FR5-1_Allulose,cFOS,66,511,1048,412,0.8062622309197651,True,accepted_strict_direct_overlap,,,,,,,,
2026-07-09_FR5-1_Allulose,2026-07-09_FR5-1_Allulose,cFOS,67,459,1051,363,0.7908496732026143,True,accepted_strict_direct_overlap,,,,,,,,
2026-07-09_FR5-1_Allulose,2026-07-09_FR5-1_Allulose,cFOS,68,518,1055,449,0.8667953667953668,True,accepted_strict_direct_overlap,,,,,,,,
2026-07-09_FR5-1_Allulose,2026-07-09_FR5-1_Allulose,cFOS,69,518,1058,365,0.7046332046332047,True,accepted_strict_direct_overlap,,,,,,,,
2026-07-09_FR5-1_Allulose,2026-07-09_FR5-1_Allulose,cFOS,70,641,1059,454,0.7082683307332294,True,accepted_strict_direct_overlap,,,,,,,,
2026-07-09_FR5-1_Allulose,2026-07-09_FR5-1_Allulose,cFOS,71,447,1063,349,0.7807606263982103,True,accepted_strict_direct_overlap,,,,,,,,
2026-07-09_FR5-1_Allulose,2026-07-09_FR5-1_Allulose,cFOS,72,125,0,0,0.0,False,overlap_below_threshold,,,,,,,,
2026-07-09_FR5-1_Allulose,2026-07-09_FR5-1_Allulose,cFOS,73,583,1077,339,0.58147512864494,True,accepted_strict_direct_overlap,,,,,,,,
2026-07-09_FR5-1_Allulose,2026-07-09_FR5-1_Allulose,cFOS,74,570,1092,557,0.9771929824561404,True,accepted_strict_direct_overlap,,,,,,,,
2026-07-09_FR5-1_Allulose,2026-07-09_FR5-1_Allulose,cFOS,75,409,1102,219,0.5354523227383863,True,accepted_strict_direct_overlap,,,,,,,,
2026-07-09_FR5-1_Allulose,2026-07-09_FR5-1_Allulose,cFOS,76,495,1116,428,0.8646464646464647,True,accepted_strict_direct_overlap,,,,,,,,
2026-07-09_FR5-1_Allulose,2026-07-09_FR5-1_Allulose,cFOS,77,411,1131,356,0.8661800486618005,True,accepted_strict_direct_overlap,,,,,,,,
2026-07-09_FR5-1_Allulose,2026-07-09_FR5-1_Allulose,cFOS,78,576,1134,491,0.8524305555555556,True,accepted_strict_direct_overlap,,,,,,,,
2026-07-09_FR5-1_Allulose,2026-07-09_FR5-1_Allulose,cFOS,79,874,1143,419,0.4794050343249428,True,accepted_strict_direct_overlap,,,,,,,,
2026-07-09_FR5-1_Allulose,2026-07-09_FR5-1_Allulose,cFOS,80,526,1144,468,0.8897338403041825,True,accepted_strict_direct_overlap,,,,,,,,
2026-07-09_FR5-1_Allulose,2026-07-09_FR5-1_Allulose,cFOS,81,749,1151,700,0.9345794392523364,True,accepted_strict_direct_overlap,,,,,,,,
2026-07-09_FR5-1_Allulose,2026-07-09_FR5-1_Allulose,cFOS,82,696,1202,575,0.8261494252873564,True,accepted_strict_direct_overlap,,,,,,,,
2026-07-09_FR5-1_Allulose,2026-07-09_FR5-1_Allulose,cFOS,83,697,1212,474,0.6800573888091822,True,accepted_strict_direct_overlap,,,,,,,,
2026-07-09_FR5-1_Allulose,2026-07-09_FR5-1_Allulose,cFOS,84,786,1231,576,0.732824427480916,True,accepted_strict_direct_overlap,,,,,,,,
2026-07-09_FR5-1_Allulose,2026-07-09_FR5-1_Allulose,cFOS,85,547,1233,523,0.9561243144424132,True,accepted_strict_direct_overlap,,,,,,,,
2026-07-09_FR5-1_Allulose,2026-07-09_FR5-1_Allulose,cFOS,86,554,1228,470,0.8483754512635379,True,accepted_strict_direct_overlap,,,,,,,,
2026-07-09_FR5-1_Allulose,2026-07-09_FR5-1_Allulose,cFOS,87,1849,1245,1000,0.5408328826392644,True,accepted_strict_direct_overlap,,,,,,,,
2026-07-09_FR5-1_Allulose,2026-07-09_FR5-1_Allulose,cFOS,88,723,1254,479,0.6625172890733056,True,accepted_strict_direct_overlap,,,,,,,,
2026-07-09_FR5-1_Allulose,2026-07-09_FR5-1_Allulose,cFOS,89,874,1258,672,0.7688787185354691,True,accepted_strict_direct_overlap,,,,,,,,
2026-07-09_FR5-1_Allulose,2026-07-09_FR5-1_Allulose,cFOS,90,693,0,224,0.32323232323232326,False,overlap_below_threshold,,,,,,,,
2026-07-09_FR5-1_Allulose,2026-07-09_FR5-1_Allulose,cFOS,91,668,1281,609,0.9116766467065869,True,accepted_strict_direct_overlap,,,,,,,,
2026-07-09_FR5-1_Allulose,2026-07-09_FR5-1_Allulose,cFOS,92,563,1294,493,0.8756660746003553,True,accepted_strict_direct_overlap,,,,,,,,
2026-07-09_FR5-1_Allulose,2026-07-09_FR5-1_Allulose,cFOS,93,1521,1313,953,0.6265614727153189,True,accepted_strict_direct_overlap,,,,,,,,
2026-07-09_FR5-1_Allulose,2026-07-09_FR5-1_Allulose,cFOS,94,399,1305,316,0.7919799498746867,True,accepted_strict_direct_overlap,,,,,,,,
2026-07-09_FR5-1_Allulose,2026-07-09_FR5-1_Allulose,cFOS,95,864,0,342,0.3958333333333333,False,overlap_below_threshold,,,,,,,,
2026-07-09_FR5-1_Allulose,2026-07-09_FR5-1_Allulose,cFOS,96,1160,1324,761,0.6560344827586206,True,accepted_strict_direct_overlap,,,,,,,,
2026-07-09_FR5-1_Allulose,2026-07-09_FR5-1_Allulose,cFOS,97,206,1334,206,1.0,True,accepted_strict_direct_overlap,,,,,,,,
2026-07-09_FR5-1_Allulose,2026-07-09_FR5-1_Allulose,cFOS,98,453,1340,331,0.7306843267108167,True,accepted_strict_direct_overlap,,,,,,,,
2026-07-09_FR5-1_Allulose,2026-07-09_FR5-1_Allulose,cFOS,99,411,1356,283,0.6885644768856448,True,accepted_strict_direct_overlap,,,,,,,,
2026-07-09_FR5-1_Allulose,2026-07-09_FR5-1_Allulose,cFOS,100,568,1374,535,0.9419014084507042,True,accepted_strict_direct_overlap,,,,,,,,
2026-07-09_FR5-1_Allulose,2026-07-09_FR5-1_Allulose,cFOS,101,464,1407,457,0.9849137931034483,True,accepted_strict_direct_overlap,,,,,,,,
2026-07-09_FR5-1_Allulose,2026-07-09_FR5-1_Allulose,cFOS,102,339,1430,314,0.9262536873156342,True,accepted_strict_direct_overlap,,,,,,,,
2026-07-09_FR5-1_Allulose,2026-07-09_FR5-1_Allulose,cFOS,103,503,1454,411,0.8170974155069582,True,accepted_strict_direct_overlap,,,,,,,,
2026-07-09_FR5-1_Allulose,2026-07-09_FR5-1_Allulose,cFOS,104,544,1455,528,0.9705882352941176,True,accepted_strict_direct_overlap,,,,,,,,
2026-07-09_FR5-1_Allulose,2026-07-09_FR5-1_Allulose,cFOS,105,419,1450,400,0.954653937947494,True,accepted_strict_direct_overlap,,,,,,,,
2026-07-09_FR5-1_Allulose,2026-07-09_FR5-1_Allulose,cFOS,106,702,1492,697,0.9928774928774928,True,accepted_strict_direct_overlap,,,,,,,,
2026-07-09_FR5-1_Allulose,2026-07-09_FR5-1_Allulose,cFOS,107,623,1544,328,0.5264847512038523,True,accepted_strict_direct_overlap,,,,,,,,
2026-07-09_FR5-1_Allulose,2026-07-09_FR5-1_Allulose,cFOS,108,637,1539,568,0.8916797488226059,True,accepted_strict_direct_overlap,,,,,,,,
2026-07-09_FR5-1_Allulose,2026-07-09_FR5-1_Allulose,cFOS,109,652,1542,599,0.9187116564417178,True,accepted_strict_direct_overlap,,,,,,,,
2026-07-09_FR5-1_Allulose,2026-07-09_FR5-1_Allulose,cFOS,110,293,1543,281,0.9590443686006825,True,accepted_strict_direct_overlap,,,,,,,,
2026-07-09_FR5-1_Allulose,2026-07-09_FR5-1_Allulose,cFOS,111,619,1602,580,0.9369951534733441,True,accepted_strict_direct_overlap,,,,,,,,
2026-07-09_FR5-1_Allulose,2026-07-09_FR5-1_Allulose,cFOS,112,419,1607,400,0.954653937947494,True,accepted_strict_direct_overlap,,,,,,,,
2026-07-09_FR5-1_Allulose,2026-07-09_FR5-1_Allulose,cFOS,113,168,0,0,0.0,False,overlap_below_threshold,,,,,,,,
2026-07-09_FR5-1_Allulose,2026-07-09_FR5-1_Allulose,cFOS,114,547,1629,515,0.9414990859232175,True,accepted_strict_direct_overlap,,,,,,,,
2026-07-09_FR5-1_Allulose,2026-07-09_FR5-1_Allulose,cFOS,115,712,1636,599,0.8412921348314607,True,accepted_strict_direct_overlap,,,,,,,,
2026-07-09_FR5-1_Allulose,2026-07-09_FR5-1_Allulose,cFOS,116,631,1656,534,0.8462757527733756,True,accepted_strict_direct_overlap,,,,,,,,
2026-07-09_FR5-1_Allulose,2026-07-09_FR5-1_Allulose,cFOS,117,487,1694,367,0.7535934291581109,True,accepted_strict_direct_overlap,,,,,,,,
2026-07-09_FR5-1_Allulose,2026-07-09_FR5-1_Allulose,cFOS,118,569,1712,509,0.8945518453427065,True,accepted_strict_direct_overlap,,,,,,,,
2026-07-09_FR5-1_Allulose,2026-07-09_FR5-1_Allulose,cFOS,119,514,1707,372,0.7237354085603113,True,accepted_strict_direct_overlap,,,,,,,,
2026-07-09_FR5-1_Allulose,2026-07-09_FR5-1_Allulose,cFOS,120,787,0,155,0.19695044472681067,False,overlap_below_threshold,,,,,,,,
2026-07-09_FR5-1_Allulose,2026-07-09_FR5-1_Allulose,cFOS,121,667,1846,477,0.7151424287856072,True,accepted_strict_direct_overlap,,,,,,,,
2026-07-09_FR5-1_Allulose,2026-07-09_FR5-1_Allulose,cFOS,122,481,1937,220,0.4573804573804574,True,accepted_strict_direct_overlap,,,,,,,,
2026-07-09_FR5-1_Allulose,2026-07-09_FR5-1_Allulose,cFOS,123,480,0,0,0.0,False,overlap_below_threshold,,,,,,,,
2026-07-09_FR5-1_Allulose,2026-07-09_FR5-1_Allulose,cFOS,124,597,2012,477,0.7989949748743719,True,accepted_strict_direct_overlap,,,,,,,,
2026-07-09_FR5-1_Allulose,2026-07-09_FR5-1_Allulose,cFOS,125,350,2021,350,1.0,True,accepted_strict_direct_overlap,,,,,,,,
2026-07-09_FR5-1_Allulose,2026-07-09_FR5-1_Allulose,cFOS,126,536,2035,362,0.6753731343283582,True,accepted_strict_direct_overlap,,,,,,,,
2026-07-09_FR5-1_Allulose,2026-07-09_FR5-1_Allulose,cFOS,127,249,2049,194,0.7791164658634538,True,accepted_strict_direct_overlap,,,,,,,,
2026-07-09_FR5-1_Allulose,2026-07-09_FR5-1_Allulose,cFOS,128,724,2085,586,0.8093922651933702,True,accepted_strict_direct_overlap,,,,,,,,
2026-07-09_FR5-1_Allulose,2026-07-09_FR5-1_Allulose,cFOS,129,439,2099,224,0.510250569476082,True,accepted_strict_direct_overlap,,,,,,,,
2026-07-09_FR5-1_Allulose,2026-07-09_FR5-1_Allulose,cFOS,130,602,2094,549,0.9119601328903655,True,accepted_strict_direct_overlap,,,,,,,,
2026-07-09_FR5-1_Allulose,2026-07-09_FR5-1_Allulose,cFOS,131,566,2131,557,0.9840989399293286,True,accepted_strict_direct_overlap,,,,,,,,
2026-07-09_FR5-1_Allulose,2026-07-09_FR5-1_Allulose,cFOS,132,204,2177,95,0.46568627450980393,True,accepted_strict_direct_overlap,,,,,,,,
2026-07-09_FR5-1_Allulose,2026-07-09_FR5-1_Allulose,cFOS,133,463,2192,439,0.9481641468682506,True,accepted_strict_direct_overlap,,,,,,,,
2026-07-09_FR5-1_Allulose,2026-07-09_FR5-1_Allulose,cFOS,134,704,2219,561,0.796875,True,accepted_strict_direct_overlap,,,,,,,,
2026-07-09_FR5-1_Allulose,2026-07-09_FR5-1_Allulose,cFOS,135,384,2225,283,0.7369791666666666,True,accepted_strict_direct_overlap,,,,,,,,
2026-07-09_FR5-1_Allulose,2026-07-09_FR5-1_Allulose,cFOS,136,680,2246,576,0.8470588235294118,True,accepted_strict_direct_overlap,,,,,,,,
2026-07-09_FR5-1_Allulose,2026-07-09_FR5-1_Allulose,cFOS,137,567,3550,310,0.54673721340388,True,accepted_strict_direct_overlap,,,,,,,,
2026-07-09_FR5-1_Allulose,2026-07-09_FR5-1_Allulose,cFOS,138,451,2271,441,0.9778270509977827,True,accepted_strict_direct_overlap,,,,,,,,
2026-07-09_FR5-1_Allulose,2026-07-09_FR5-1_Allulose,cFOS,139,375,2281,337,0.8986666666666666,True,accepted_strict_direct_overlap,,,,,,,,
2026-07-09_FR5-1_Allulose,2026-07-09_FR5-1_Allulose,cFOS,140,320,2313,239,0.746875,True,accepted_strict_direct_overlap,,,,,,,,
2026-07-09_FR5-1_Allulose,2026-07-09_FR5-1_Allulose,cFOS,141,382,2322,320,0.837696335078534,True,accepted_strict_direct_overlap,,,,,,,,
2026-07-09_FR5-1_Allulose,2026-07-09_FR5-1_Allulose,cFOS,142,709,2320,653,0.921015514809591,True,accepted_strict_direct_overlap,,,,,,,,
2026-07-09_FR5-1_Allulose,2026-07-09_FR5-1_Allulose,cFOS,143,763,2332,682,0.8938401048492791,True,accepted_strict_direct_overlap,,,,,,,,
2026-07-09_FR5-1_Allulose,2026-07-09_FR5-1_Allulose,cFOS,144,322,2343,318,0.9875776397515528,True,accepted_strict_direct_overlap,,,,,,,,
2026-07-09_FR5-1_Allulose,2026-07-09_FR5-1_Allulose,cFOS,145,376,2345,357,0.949468085106383,True,accepted_strict_direct_overlap,,,,,,,,
2026-07-09_FR5-1_Allulose,2026-07-09_FR5-1_Allulose,cFOS,146,670,2351,619,0.9238805970149254,True,accepted_strict_direct_overlap,,,,,,,,
2026-07-09_FR5-1_Allulose,2026-07-09_FR5-1_Allulose,cFOS,147,530,2359,426,0.8037735849056604,True,accepted_strict_direct_overlap,,,,,,,,
2026-07-09_FR5-1_Allulose,2026-07-09_FR5-1_Allulose,cFOS,148,297,2365,220,0.7407407407407407,True,accepted_strict_direct_overlap,,,,,,,,
2026-07-09_FR5-1_Allulose,2026-07-09_FR5-1_Allulose,cFOS,149,751,2387,658,0.8761651131824234,True,accepted_strict_direct_overlap,,,,,,,,
2026-07-09_FR5-1_Allulose,2026-07-09_FR5-1_Allulose,cFOS,150,523,2403,452,0.864244741873805,True,accepted_strict_direct_overlap,,,,,,,,
2026-07-09_FR5-1_Allulose,2026-07-09_FR5-1_Allulose,cFOS,151,490,2411,460,0.9387755102040817,True,accepted_strict_direct_overlap,,,,,,,,
2026-07-09_FR5-1_Allulose,2026-07-09_FR5-1_Allulose,cFOS,152,285,2413,243,0.8526315789473684,True,accepted_strict_direct_overlap,,,,,,,,
2026-07-09_FR5-1_Allulose,2026-07-09_FR5-1_Allulose,cFOS,153,573,2421,527,0.9197207678883071,True,accepted_strict_direct_overlap,,,,,,,,
2026-07-09_FR5-1_Allulose,2026-07-09_FR5-1_Allulose,cFOS,154,375,2417,375,1.0,True,accepted_strict_direct_overlap,,,,,,,,
2026-07-09_FR5-1_Allulose,2026-07-09_FR5-1_Allulose,cFOS,155,680,2425,642,0.9441176470588235,True,accepted_strict_direct_overlap,,,,,,,,
2026-07-09_FR5-1_Allulose,2026-07-09_FR5-1_Allulose,cFOS,156,602,2437,585,0.9717607973421927,True,accepted_strict_direct_overlap,,,,,,,,
2026-07-09_FR5-1_Allulose,2026-07-09_FR5-1_Allulose,cFOS,157,951,2442,815,0.8569926393270242,True,accepted_strict_direct_overlap,,,,,,,,
2026-07-09_FR5-1_Allulose,2026-07-09_FR5-1_Allulose,cFOS,158,380,2453,380,1.0,True,accepted_strict_direct_overlap,,,,,,,,
2026-07-09_FR5-1_Allulose,2026-07-09_FR5-1_Allulose,cFOS,159,349,2451,349,1.0,True,accepted_strict_direct_overlap,,,,,,,,
2026-07-09_FR5-1_Allulose,2026-07-09_FR5-1_Allulose,cFOS,160,388,2457,267,0.6881443298969072,True,accepted_strict_direct_overlap,,,,,,,,
2026-07-09_FR5-1_Allulose,2026-07-09_FR5-1_Allulose,cFOS,161,314,2460,246,0.7834394904458599,True,accepted_strict_direct_overlap,,,,,,,,
2026-07-09_FR5-1_Allulose,2026-07-09_FR5-1_Allulose,cFOS,162,609,2473,604,0.9917898193760263,True,accepted_strict_direct_overlap,,,,,,,,
2026-07-09_FR5-1_Allulose,2026-07-09_FR5-1_Allulose,cFOS,163,375,2474,351,0.936,True,accepted_strict_direct_overlap,,,,,,,,
2026-07-09_FR5-1_Allulose,2026-07-09_FR5-1_Allulose,cFOS,164,398,2482,347,0.871859296482412,True,accepted_strict_direct_overlap,,,,,,,,
2026-07-09_FR5-1_Allulose,2026-07-09_FR5-1_Allulose,cFOS,165,468,0,164,0.3504273504273504,False,overlap_below_threshold,,,,,,,,
2026-07-09_FR5-1_Allulose,2026-07-09_FR5-1_Allulose,cFOS,166,382,2522,338,0.8848167539267016,True,accepted_strict_direct_overlap,,,,,,,,
2026-07-09_FR5-1_Allulose,2026-07-09_FR5-1_Allulose,cFOS,167,468,2524,468,1.0,True,accepted_strict_direct_overlap,,,,,,,,
2026-07-09_FR5-1_Allulose,2026-07-09_FR5-1_Allulose,cFOS,168,355,2529,355,1.0,True,accepted_strict_direct_overlap,,,,,,,,
2026-07-09_FR5-1_Allulose,2026-07-09_FR5-1_Allulose,cFOS,169,516,2539,447,0.8662790697674418,True,accepted_strict_direct_overlap,,,,,,,,
2026-07-09_FR5-1_Allulose,2026-07-09_FR5-1_Allulose,cFOS,170,547,2551,483,0.8829981718464351,True,accepted_strict_direct_overlap,,,,,,,,
2026-07-09_FR5-1_Allulose,2026-07-09_FR5-1_Allulose,cFOS,171,523,2555,482,0.9216061185468452,True,accepted_strict_direct_overlap,,,,,,,,
2026-07-09_FR5-1_Allulose,2026-07-09_FR5-1_Allulose,cFOS,172,111,2554,111,1.0,True,accepted_strict_direct_overlap,,,,,,,,
2026-07-09_FR5-1_Allulose,2026-07-09_FR5-1_Allulose,cFOS,173,381,2564,364,0.9553805774278216,True,accepted_strict_direct_overlap,,,,,,,,
2026-07-09_FR5-1_Allulose,2026-07-09_FR5-1_Allulose,cFOS,174,376,2572,376,1.0,True,accepted_strict_direct_overlap,,,,,,,,
2026-07-09_FR5-1_Allulose,2026-07-09_FR5-1_Allulose,cFOS,175,1014,2573,502,0.49506903353057197,True,accepted_strict_direct_overlap,,,,,,,,
2026-07-09_FR5-1_Allulose,2026-07-09_FR5-1_Allulose,cFOS,176,484,2595,451,0.9318181818181818,True,accepted_strict_direct_overlap,,,,,,,,
2026-07-09_FR5-1_Allulose,2026-07-09_FR5-1_Allulose,cFOS,177,479,2603,403,0.8413361169102297,True,accepted_strict_direct_overlap,,,,,,,,
2026-07-09_FR5-1_Allulose,2026-07-09_FR5-1_Allulose,cFOS,178,675,2614,575,0.8518518518518519,True,accepted_strict_direct_overlap,,,,,,,,
2026-07-09_FR5-1_Allulose,2026-07-09_FR5-1_Allulose,cFOS,179,658,2620,523,0.7948328267477204,True,accepted_strict_direct_overlap,,,,,,,,
2026-07-09_FR5-1_Allulose,2026-07-09_FR5-1_Allulose,cFOS,180,196,2633,172,0.8775510204081632,True,accepted_strict_direct_overlap,,,,,,,,
2026-07-09_FR5-1_Allulose,2026-07-09_FR5-1_Allulose,cFOS,181,514,2645,484,0.9416342412451362,True,accepted_strict_direct_overlap,,,,,,,,
2026-07-09_FR5-1_Allulose,2026-07-09_FR5-1_Allulose,cFOS,182,279,2667,216,0.7741935483870968,True,accepted_strict_direct_overlap,,,,,,,,
2026-07-09_FR5-1_Allulose,2026-07-09_FR5-1_Allulose,cFOS,183,337,2674,227,0.6735905044510386,True,accepted_strict_direct_overlap,,,,,,,,
2026-07-09_FR5-1_Allulose,2026-07-09_FR5-1_Allulose,cFOS,184,316,2685,153,0.48417721518987344,True,accepted_strict_direct_overlap,,,,,,,,
2026-07-09_FR5-1_Allulose,2026-07-09_FR5-1_Allulose,cFOS,185,527,2715,439,0.8330170777988615,True,accepted_strict_direct_overlap,,,,,,,,
2026-07-09_FR5-1_Allulose,2026-07-09_FR5-1_Allulose,cFOS,186,253,2719,171,0.6758893280632411,True,accepted_strict_direct_overlap,,,,,,,,
2026-07-09_FR5-1_Allulose,2026-07-09_FR5-1_Allulose,cFOS,187,464,2757,364,0.7844827586206896,True,accepted_strict_direct_overlap,,,,,,,,
2026-07-09_FR5-1_Allulose,2026-07-09_FR5-1_Allulose,cFOS,188,240,0,22,0.09166666666666666,False,overlap_below_threshold,,,,,,,,
2026-07-09_FR5-1_Allulose,2026-07-09_FR5-1_Allulose,cFOS,189,411,2788,235,0.5717761557177615,True,accepted_strict_direct_overlap,,,,,,,,
2026-07-09_FR5-1_Allulose,2026-07-09_FR5-1_Allulose,cFOS,190,242,2783,242,1.0,True,accepted_strict_direct_overlap,,,,,,,,
2026-07-09_FR5-1_Allulose,2026-07-09_FR5-1_Allulose,cFOS,191,208,2791,181,0.8701923076923077,True,accepted_strict_direct_overlap,,,,,,,,
2026-07-09_FR5-1_Allulose,2026-07-09_FR5-1_Allulose,cFOS,192,379,2805,274,0.7229551451187335,True,accepted_strict_direct_overlap,,,,,,,,
2026-07-09_FR5-1_Allulose,2026-07-09_FR5-1_Allulose,cFOS,193,490,2803,471,0.9612244897959183,True,accepted_strict_direct_overlap,,,,,,,,
2026-07-09_FR5-1_Allulose,2026-07-09_FR5-1_Allulose,cFOS,194,324,2840,306,0.9444444444444444,True,accepted_strict_direct_overlap,,,,,,,,
2026-07-09_FR5-1_Allulose,2026-07-09_FR5-1_Allulose,cFOS,195,604,2857,478,0.7913907284768212,True,accepted_strict_direct_overlap,,,,,,,,
2026-07-09_FR5-1_Allulose,2026-07-09_FR5-1_Allulose,cFOS,196,654,2853,576,0.8807339449541285,True,accepted_strict_direct_overlap,,,,,,,,
2026-07-09_FR5-1_Allulose,2026-07-09_FR5-1_Allulose,cFOS,197,562,2865,490,0.8718861209964412,True,accepted_strict_direct_overlap,,,,,,,,
2026-07-09_FR5-1_Allulose,2026-07-09_FR5-1_Allulose,cFOS,198,215,2909,140,0.6511627906976745,True,accepted_strict_direct_overlap,,,,,,,,
2026-07-09_FR5-1_Allulose,2026-07-09_FR5-1_Allulose,cFOS,199,247,0,3,0.012145748987854251,False,overlap_below_threshold,,,,,,,,
2026-07-09_FR5-1_Allulose,2026-07-09_FR5-1_Allulose,cFOS,200,802,2942,772,0.9625935162094763,True,accepted_strict_direct_overlap,,,,,,,,
2026-07-09_FR5-1_Allulose,2026-07-09_FR5-1_Allulose,cFOS,201,515,2948,429,0.8330097087378641,True,accepted_strict_direct_overlap,,,,,,,,
2026-07-09_FR5-1_Allulose,2026-07-09_FR5-1_Allulose,cFOS,202,579,2963,455,0.7858376511226253,True,accepted_strict_direct_overlap,,,,,,,,
2026-07-09_FR5-1_Allulose,2026-07-09_FR5-1_Allulose,cFOS,203,470,2967,365,0.776595744680851,True,accepted_strict_direct_overlap,,,,,,,,
2026-07-09_FR5-1_Allulose,2026-07-09_FR5-1_Allulose,cFOS,204,894,2976,842,0.941834451901566,True,accepted_strict_direct_overlap,,,,,,,,
2026-07-09_FR5-1_Allulose,2026-07-09_FR5-1_Allulose,cFOS,205,44,0,9,0.20454545454545456,False,overlap_below_threshold,,,,,,,,
2026-07-09_FR5-1_Allulose,2026-07-09_FR5-1_Allulose,cFOS,206,22,0,3,0.13636363636363635,False,overlap_below_threshold,,,,,,,,
2026-07-09_FR5-1_Allulose,2026-07-09_FR5-1_Allulose,cFOS,207,736,3025,652,0.8858695652173914,True,accepted_strict_direct_overlap,,,,,,,,
2026-07-09_FR5-1_Allulose,2026-07-09_FR5-1_Allulose,cFOS,208,647,3052,581,0.8979907264296755,True,accepted_strict_direct_overlap,,,,,,,,
2026-07-09_FR5-1_Allulose,2026-07-09_FR5-1_Allulose,cFOS,209,1187,3061,603,0.5080033698399326,True,accepted_strict_direct_overlap,,,,,,,,
2026-07-09_FR5-1_Allulose,2026-07-09_FR5-1_Allulose,cFOS,210,890,3151,476,0.5348314606741573,True,accepted_strict_direct_overlap,,,,,,,,
2026-07-09_FR5-1_Allulose,2026-07-09_FR5-1_Allulose,cFOS,211,460,3146,448,0.9739130434782609,True,accepted_strict_direct_overlap,,,,,,,,
2026-07-09_FR5-1_Allulose,2026-07-09_FR5-1_Allulose,cFOS,212,1224,3161,731,0.5972222222222222,True,accepted_strict_direct_overlap,,,,,,,,
2026-07-09_FR5-1_Allulose,2026-07-09_FR5-1_Allulose,cFOS,213,356,3183,268,0.7528089887640449,True,accepted_strict_direct_overlap,,,,,,,,
2026-07-09_FR5-1_Allulose,2026-07-09_FR5-1_Allulose,cFOS,214,544,3190,486,0.8933823529411765,True,accepted_strict_direct_overlap,,,,,,,,
2026-07-09_FR5-1_Allulose,2026-07-09_FR5-1_Allulose,cFOS,215,715,3195,658,0.9202797202797203,True,accepted_strict_direct_overlap,,,,,,,,
2026-07-09_FR5-1_Allulose,2026-07-09_FR5-1_Allulose,cFOS,216,483,3215,483,1.0,True,accepted_strict_direct_overlap,,,,,,,,
2026-07-09_FR5-1_Allulose,2026-07-09_FR5-1_Allulose,cFOS,217,703,3229,654,0.930298719772404,True,accepted_strict_direct_overlap,,,,,,,,
2026-07-09_FR5-1_Allulose,2026-07-09_FR5-1_Allulose,cFOS,218,805,3250,744,0.924223602484472,True,accepted_strict_direct_overlap,,,,,,,,
2026-07-09_FR5-1_Allulose,2026-07-09_FR5-1_Allulose,cFOS,219,646,3291,536,0.8297213622291022,True,accepted_strict_direct_overlap,,,,,,,,
2026-07-09_FR5-1_Allulose,2026-07-09_FR5-1_Allulose,cFOS,220,609,3292,573,0.9408866995073891,True,accepted_strict_direct_overlap,,,,,,,,
2026-07-09_FR5-1_Allulose,2026-07-09_FR5-1_Allulose,cFOS,221,356,3296,345,0.9691011235955056,True,accepted_strict_direct_overlap,,,,,,,,
2026-07-09_FR5-1_Allulose,2026-07-09_FR5-1_Allulose,cFOS,222,497,3316,497,1.0,True,accepted_strict_direct_overlap,,,,,,,,
2026-07-09_FR5-1_Allulose,2026-07-09_FR5-1_Allulose,cFOS,223,377,3341,347,0.9204244031830239,True,accepted_strict_direct_overlap,,,,,,,,
2026-07-09_FR5-1_Allulose,2026-07-09_FR5-1_Allulose,cFOS,224,583,3342,563,0.9656946826758147,True,accepted_strict_direct_overlap,,,,,,,,
2026-07-09_FR5-1_Allulose,2026-07-09_FR5-1_Allulose,cFOS,225,382,3345,381,0.9973821989528796,True,accepted_strict_direct_overlap,,,,,,,,
2026-07-09_FR5-1_Allulose,2026-07-09_FR5-1_Allulose,cFOS,226,518,3372,439,0.8474903474903475,True,accepted_strict_direct_overlap,,,,,,,,
2026-07-09_FR5-1_Allulose,2026-07-09_FR5-1_Allulose,cFOS,227,608,3431,605,0.9950657894736842,True,accepted_strict_direct_overlap,,,,,,,,
2026-07-09_FR5-1_Allulose,2026-07-09_FR5-1_Allulose,cFOS,228,333,3453,333,1.0,True,accepted_strict_direct_overlap,,,,,,,,
2026-07-09_FR5-1_Allulose,2026-07-09_FR5-1_Allulose,cFOS,229,527,3468,467,0.8861480075901328,True,accepted_strict_direct_overlap,,,,,,,,
2026-07-09_FR5-1_Allulose,2026-07-09_FR5-1_Allulose,cFOS,230,349,3490,307,0.8796561604584527,True,accepted_strict_direct_overlap,,,,,,,,
2026-07-09_FR5-1_Allulose,2026-07-09_FR5-1_Allulose,cFOS,231,381,3495,367,0.963254593175853,True,accepted_strict_direct_overlap,,,,,,,,
2026-07-09_FR5-1_Allulose,2026-07-09_FR5-1_Allulose,cFOS,232,560,3527,560,1.0,True,accepted_strict_direct_overlap,,,,,,,,
2026-07-09_FR5-1_Allulose,2026-07-09_FR5-1_Allulose,cFOS,233,192,3536,180,0.9375,True,accepted_strict_direct_overlap,,,,,,,,
2026-07-09_FR5-1_Allulose,2026-07-09_FR5-1_Allulose,cFOS,234,165,3545,165,1.0,True,accepted_strict_direct_overlap,,,,,,,,
2026-07-09_FR5-1_Allulose,2026-07-09_FR5-1_Allulose,cFOS,235,520,2683,224,0.4307692307692308,True,accepted_strict_direct_overlap,,,,,,,,
2026-07-09_FR5-1_Allulose,2026-07-09_FR5-1_Allulose,ACTH_CLIP,1,472,345,459,0.972457627118644,True,accepted_size_and_best_expanded_dapi,ACTH/CLIP,3550.0,0.05,176.0,497.0,True,False,23.0
2026-07-09_FR5-1_Allulose,2026-07-09_FR5-1_Allulose,ACTH_CLIP,2,545,437,351,0.6440366972477064,True,accepted_size_and_best_expanded_dapi,ACTH/CLIP,3550.0,0.05,176.0,497.0,True,False,23.0
2026-07-09_FR5-1_Allulose,2026-07-09_FR5-1_Allulose,ACTH_CLIP,3,702,458,702,1.0,True,accepted_size_and_best_expanded_dapi,ACTH/CLIP,3550.0,0.05,176.0,497.0,True,False,23.0
2026-07-09_FR5-1_Allulose,2026-07-09_FR5-1_Allulose,ACTH_CLIP,4,382,441,382,1.0,True,accepted_size_and_best_expanded_dapi,ACTH/CLIP,3550.0,0.05,176.0,497.0,True,False,23.0
2026-07-09_FR5-1_Allulose,2026-07-09_FR5-1_Allulose,ACTH_CLIP,5,861,562,836,0.9709639953542393,True,accepted_size_and_best_expanded_dapi,ACTH/CLIP,3550.0,0.05,176.0,497.0,True,False,23.0
2026-07-09_FR5-1_Allulose,2026-07-09_FR5-1_Allulose,ACTH_CLIP,6,967,587,967,1.0,True,accepted_size_and_best_expanded_dapi,ACTH/CLIP,3550.0,0.05,176.0,497.0,True,False,23.0
2026-07-09_FR5-1_Allulose,2026-07-09_FR5-1_Allulose,ACTH_CLIP,7,597,549,200,0.33500837520938026,True,accepted_size_and_best_expanded_dapi,ACTH/CLIP,3550.0,0.05,176.0,497.0,True,False,23.0
2026-07-09_FR5-1_Allulose,2026-07-09_FR5-1_Allulose,ACTH_CLIP,8,129,0,0,0.0,False,below_acquisition_dapi_area_p05_likely_noncell,ACTH/CLIP,3550.0,0.05,176.0,497.0,False,True,23.0
2026-07-09_FR5-1_Allulose,2026-07-09_FR5-1_Allulose,ACTH_CLIP,9,1743,626,1332,0.7641996557659209,True,accepted_size_and_best_expanded_dapi,ACTH/CLIP,3550.0,0.05,176.0,497.0,True,False,23.0
2026-07-09_FR5-1_Allulose,2026-07-09_FR5-1_Allulose,ACTH_CLIP,10,856,659,823,0.9614485981308412,True,accepted_size_and_best_expanded_dapi,ACTH/CLIP,3550.0,0.05,176.0,497.0,True,False,23.0
2026-07-09_FR5-1_Allulose,2026-07-09_FR5-1_Allulose,ACTH_CLIP,11,123,0,0,0.0,False,below_acquisition_dapi_area_p05_likely_noncell,ACTH/CLIP,3550.0,0.05,176.0,497.0,False,True,23.0
2026-07-09_FR5-1_Allulose,2026-07-09_FR5-1_Allulose,ACTH_CLIP,12,589,731,437,0.7419354838709677,True,accepted_size_and_best_expanded_dapi,ACTH/CLIP,3550.0,0.05,176.0,497.0,True,False,23.0
2026-07-09_FR5-1_Allulose,2026-07-09_FR5-1_Allulose,ACTH_CLIP,13,674,751,674,1.0,True,accepted_size_and_best_expanded_dapi,ACTH/CLIP,3550.0,0.05,176.0,497.0,True,False,23.0
2026-07-09_FR5-1_Allulose,2026-07-09_FR5-1_Allulose,ACTH_CLIP,14,586,762,579,0.9880546075085325,True,accepted_size_and_best_expanded_dapi,ACTH/CLIP,3550.0,0.05,176.0,497.0,True,False,23.0
2026-07-09_FR5-1_Allulose,2026-07-09_FR5-1_Allulose,ACTH_CLIP,15,940,790,931,0.9904255319148936,True,accepted_size_and_best_expanded_dapi,ACTH/CLIP,3550.0,0.05,176.0,497.0,True,False,23.0
2026-07-09_FR5-1_Allulose,2026-07-09_FR5-1_Allulose,ACTH_CLIP,16,438,809,263,0.6004566210045662,True,accepted_size_and_best_expanded_dapi,ACTH/CLIP,3550.0,0.05,176.0,497.0,True,False,23.0
2026-07-09_FR5-1_Allulose,2026-07-09_FR5-1_Allulose,ACTH_CLIP,17,959,870,959,1.0,True,accepted_size_and_best_expanded_dapi,ACTH/CLIP,3550.0,0.05,176.0,497.0,True,False,23.0
2026-07-09_FR5-1_Allulose,2026-07-09_FR5-1_Allulose,ACTH_CLIP,18,246,989,213,0.8658536585365854,True,accepted_size_and_best_expanded_dapi,ACTH/CLIP,3550.0,0.05,176.0,497.0,True,False,23.0
2026-07-09_FR5-1_Allulose,2026-07-09_FR5-1_Allulose,ACTH_CLIP,19,40,0,0,0.0,False,below_acquisition_dapi_area_p05_likely_noncell,ACTH/CLIP,3550.0,0.05,176.0,497.0,False,True,23.0
2026-07-09_FR5-1_Allulose,2026-07-09_FR5-1_Allulose,ACTH_CLIP,20,225,1000,212,0.9422222222222222,True,accepted_size_and_best_expanded_dapi,ACTH/CLIP,3550.0,0.05,176.0,497.0,True,False,23.0
2026-07-09_FR5-1_Allulose,2026-07-09_FR5-1_Allulose,ACTH_CLIP,21,465,1007,378,0.8129032258064516,True,accepted_size_and_best_expanded_dapi,ACTH/CLIP,3550.0,0.05,176.0,497.0,True,False,23.0
2026-07-09_FR5-1_Allulose,2026-07-09_FR5-1_Allulose,ACTH_CLIP,22,1402,1029,1380,0.9843081312410842,True,accepted_size_and_best_expanded_dapi,ACTH/CLIP,3550.0,0.05,176.0,497.0,True,False,23.0
2026-07-09_FR5-1_Allulose,2026-07-09_FR5-1_Allulose,ACTH_CLIP,23,1329,1093,583,0.43867569601203915,True,accepted_size_and_best_expanded_dapi,ACTH/CLIP,3550.0,0.05,176.0,497.0,True,False,23.0
2026-07-09_FR5-1_Allulose,2026-07-09_FR5-1_Allulose,ACTH_CLIP,24,732,1142,538,0.7349726775956285,True,accepted_size_and_best_expanded_dapi,ACTH/CLIP,3550.0,0.05,176.0,497.0,True,False,23.0
2026-07-09_FR5-1_Allulose,2026-07-09_FR5-1_Allulose,ACTH_CLIP,25,721,1176,721,1.0,True,accepted_size_and_best_expanded_dapi,ACTH/CLIP,3550.0,0.05,176.0,497.0,True,False,23.0
2026-07-09_FR5-1_Allulose,2026-07-09_FR5-1_Allulose,ACTH_CLIP,26,453,1328,453,1.0,True,accepted_size_and_best_expanded_dapi,ACTH/CLIP,3550.0,0.05,176.0,497.0,True,False,23.0
2026-07-09_FR5-1_Allulose,2026-07-09_FR5-1_Allulose,ACTH_CLIP,27,1262,1408,1227,0.9722662440570523,True,accepted_size_and_best_expanded_dapi,ACTH/CLIP,3550.0,0.05,176.0,497.0,True,False,23.0
2026-07-09_FR5-1_Allulose,2026-07-09_FR5-1_Allulose,ACTH_CLIP,28,386,1544,339,0.8782383419689119,True,accepted_size_and_best_expanded_dapi,ACTH/CLIP,3550.0,0.05,176.0,497.0,True,False,23.0
2026-07-09_FR5-1_Allulose,2026-07-09_FR5-1_Allulose,ACTH_CLIP,29,646,1609,646,1.0,True,accepted_size_and_best_expanded_dapi,ACTH/CLIP,3550.0,0.05,176.0,497.0,True,False,23.0
2026-07-09_FR5-1_Allulose,2026-07-09_FR5-1_Allulose,ACTH_CLIP,30,984,1606,697,0.7083333333333334,True,accepted_size_and_best_expanded_dapi,ACTH/CLIP,3550.0,0.05,176.0,497.0,True,False,23.0
2026-07-09_FR5-1_Allulose,2026-07-09_FR5-1_Allulose,ACTH_CLIP,31,962,1642,962,1.0,True,accepted_size_and_best_expanded_dapi,ACTH/CLIP,3550.0,0.05,176.0,497.0,True,False,23.0
2026-07-09_FR5-1_Allulose,2026-07-09_FR5-1_Allulose,ACTH_CLIP,32,773,1729,740,0.9573091849935317,True,accepted_size_and_best_expanded_dapi,ACTH/CLIP,3550.0,0.05,176.0,497.0,True,False,23.0
2026-07-09_FR5-1_Allulose,2026-07-09_FR5-1_Allulose,ACTH_CLIP,33,253,1750,253,1.0,True,accepted_size_and_best_expanded_dapi,ACTH/CLIP,3550.0,0.05,176.0,497.0,True,False,23.0
2026-07-09_FR5-1_Allulose,2026-07-09_FR5-1_Allulose,ACTH_CLIP,34,895,1835,810,0.9050279329608939,True,accepted_size_and_best_expanded_dapi,ACTH/CLIP,3550.0,0.05,176.0,497.0,True,False,23.0
2026-07-09_FR5-1_Allulose,2026-07-09_FR5-1_Allulose,ACTH_CLIP,35,797,1840,794,0.9962358845671268,True,accepted_size_and_best_expanded_dapi,ACTH/CLIP,3550.0,0.05,176.0,497.0,True,False,23.0
2026-07-09_FR5-1_Allulose,2026-07-09_FR5-1_Allulose,ACTH_CLIP,36,1150,1894,1038,0.9026086956521739,True,accepted_size_and_best_expanded_dapi,ACTH/CLIP,3550.0,0.05,176.0,497.0,True,False,23.0
2026-07-09_FR5-1_Allulose,2026-07-09_FR5-1_Allulose,ACTH_CLIP,37,36,0,0,0.0,False,below_acquisition_dapi_area_p05_likely_noncell,ACTH/CLIP,3550.0,0.05,176.0,497.0,False,True,23.0
2026-07-09_FR5-1_Allulose,2026-07-09_FR5-1_Allulose,ACTH_CLIP,38,627,2014,627,1.0,True,accepted_size_and_best_expanded_dapi,ACTH/CLIP,3550.0,0.05,176.0,497.0,True,False,23.0
2026-07-09_FR5-1_Allulose,2026-07-09_FR5-1_Allulose,ACTH_CLIP,39,881,2016,750,0.8513053348467651,True,accepted_size_and_best_expanded_dapi,ACTH/CLIP,3550.0,0.05,176.0,497.0,True,False,23.0
2026-07-09_FR5-1_Allulose,2026-07-09_FR5-1_Allulose,ACTH_CLIP,40,658,2035,658,1.0,True,accepted_size_and_best_expanded_dapi,ACTH/CLIP,3550.0,0.05,176.0,497.0,True,False,23.0
2026-07-09_FR5-1_Allulose,2026-07-09_FR5-1_Allulose,ACTH_CLIP,41,432,2055,432,1.0,True,accepted_size_and_best_expanded_dapi,ACTH/CLIP,3550.0,0.05,176.0,497.0,True,False,23.0
2026-07-09_FR5-1_Allulose,2026-07-09_FR5-1_Allulose,ACTH_CLIP,42,740,2080,726,0.981081081081081,True,accepted_size_and_best_expanded_dapi,ACTH/CLIP,3550.0,0.05,176.0,497.0,True,False,23.0
2026-07-09_FR5-1_Allulose,2026-07-09_FR5-1_Allulose,ACTH_CLIP,43,518,2081,518,1.0,True,accepted_size_and_best_expanded_dapi,ACTH/CLIP,3550.0,0.05,176.0,497.0,True,False,23.0
2026-07-09_FR5-1_Allulose,2026-07-09_FR5-1_Allulose,ACTH_CLIP,44,734,2157,734,1.0,True,accepted_size_and_best_expanded_dapi,ACTH/CLIP,3550.0,0.05,176.0,497.0,True,False,23.0
2026-07-09_FR5-1_Allulose,2026-07-09_FR5-1_Allulose,ACTH_CLIP,45,644,2264,631,0.9798136645962733,True,accepted_size_and_best_expanded_dapi,ACTH/CLIP,3550.0,0.05,176.0,497.0,True,False,23.0
2026-07-09_FR5-1_Allulose,2026-07-09_FR5-1_Allulose,ACTH_CLIP,46,390,2291,129,0.33076923076923076,True,accepted_size_and_best_expanded_dapi,ACTH/CLIP,3550.0,0.05,176.0,497.0,True,False,23.0
2026-07-09_FR5-1_Allulose,2026-07-09_FR5-1_Allulose,ACTH_CLIP,47,866,2424,661,0.7632794457274826,True,accepted_size_and_best_expanded_dapi,ACTH/CLIP,3550.0,0.05,176.0,497.0,True,False,23.0
2026-07-09_FR5-1_Allulose,2026-07-09_FR5-1_Allulose,ACTH_CLIP,48,330,2526,288,0.8727272727272727,True,accepted_size_and_best_expanded_dapi,ACTH/CLIP,3550.0,0.05,176.0,497.0,True,False,23.0
2026-07-09_FR5-1_Allulose,2026-07-09_FR5-1_Allulose,ACTH_CLIP,49,810,2619,770,0.9506172839506173,True,accepted_size_and_best_expanded_dapi,ACTH/CLIP,3550.0,0.05,176.0,497.0,True,False,23.0
2026-07-09_FR5-1_Allulose,2026-07-09_FR5-1_Allulose,ACTH_CLIP,50,389,2702,389,1.0,True,accepted_size_and_best_expanded_dapi,ACTH/CLIP,3550.0,0.05,176.0,497.0,True,False,23.0
2026-07-09_FR5-1_Allulose,2026-07-09_FR5-1_Allulose,ACTH_CLIP,51,70,0,0,0.0,False,below_acquisition_dapi_area_p05_likely_noncell,ACTH/CLIP,3550.0,0.05,176.0,497.0,False,True,23.0
2026-07-09_FR5-1_Allulose,2026-07-09_FR5-1_Allulose,ACTH_CLIP,52,91,0,0,0.0,False,below_acquisition_dapi_area_p05_likely_noncell,ACTH/CLIP,3550.0,0.05,176.0,497.0,False,True,23.0
2026-07-09_FR5-1_Allulose,2026-07-09_FR5-1_Allulose,ACTH_CLIP,53,203,2803,203,1.0,True,accepted_size_and_best_expanded_dapi,ACTH/CLIP,3550.0,0.05,176.0,497.0,True,False,23.0
2026-07-09_FR5-1_Allulose,2026-07-09_FR5-1_Allulose,ACTH_CLIP,54,62,0,0,0.0,False,below_acquisition_dapi_area_p05_likely_noncell,ACTH/CLIP,3550.0,0.05,176.0,497.0,False,True,23.0
2026-07-09_FR5-1_Allulose,2026-07-09_FR5-1_Allulose,ACTH_CLIP,55,762,3061,761,0.9986876640419947,True,accepted_size_and_best_expanded_dapi,ACTH/CLIP,3550.0,0.05,176.0,497.0,True,False,23.0
2026-07-09_FR5-1_Allulose,2026-07-09_FR5-1_Allulose,ACTH_CLIP,56,771,3205,771,1.0,True,accepted_size_and_best_expanded_dapi,ACTH/CLIP,3550.0,0.05,176.0,497.0,True,False,23.0
2026-07-09_FR5-1_Allulose,2026-07-09_FR5-1_Allulose,ACTH_CLIP,57,756,0,0,0.0,False,insufficient_expanded_dapi_pixels,ACTH/CLIP,3550.0,0.05,176.0,497.0,True,False,23.0
2026-07-09_FR5-2_Allulose,2026-07-09_FR5-2_Allulose,cFOS,1,577,15,443,0.7677642980935875,True,accepted_strict_direct_overlap,,,,,,,,
2026-07-09_FR5-2_Allulose,2026-07-09_FR5-2_Allulose,cFOS,2,711,20,615,0.8649789029535865,True,accepted_strict_direct_overlap,,,,,,,,
2026-07-09_FR5-2_Allulose,2026-07-09_FR5-2_Allulose,cFOS,3,857,21,793,0.9253208868144691,True,accepted_strict_direct_overlap,,,,,,,,
2026-07-09_FR5-2_Allulose,2026-07-09_FR5-2_Allulose,cFOS,4,774,30,589,0.7609819121447028,True,accepted_strict_direct_overlap,,,,,,,,
2026-07-09_FR5-2_Allulose,2026-07-09_FR5-2_Allulose,cFOS,5,589,53,474,0.8047538200339559,True,accepted_strict_direct_overlap,,,,,,,,
2026-07-09_FR5-2_Allulose,2026-07-09_FR5-2_Allulose,cFOS,6,422,67,396,0.9383886255924171,True,accepted_strict_direct_overlap,,,,,,,,
2026-07-09_FR5-2_Allulose,2026-07-09_FR5-2_Allulose,cFOS,7,693,72,588,0.8484848484848485,True,accepted_strict_direct_overlap,,,,,,,,
2026-07-09_FR5-2_Allulose,2026-07-09_FR5-2_Allulose,cFOS,8,665,108,617,0.9278195488721804,True,accepted_strict_direct_overlap,,,,,,,,
2026-07-09_FR5-2_Allulose,2026-07-09_FR5-2_Allulose,cFOS,9,461,0,0,0.0,False,overlap_below_threshold,,,,,,,,
2026-07-09_FR5-2_Allulose,2026-07-09_FR5-2_Allulose,cFOS,10,661,149,471,0.7125567322239031,True,accepted_strict_direct_overlap,,,,,,,,
2026-07-09_FR5-2_Allulose,2026-07-09_FR5-2_Allulose,cFOS,11,583,162,538,0.9228130360205832,True,accepted_strict_direct_overlap,,,,,,,,
2026-07-09_FR5-2_Allulose,2026-07-09_FR5-2_Allulose,cFOS,12,654,174,527,0.8058103975535168,True,accepted_strict_direct_overlap,,,,,,,,
2026-07-09_FR5-2_Allulose,2026-07-09_FR5-2_Allulose,cFOS,13,621,202,529,0.8518518518518519,True,accepted_strict_direct_overlap,,,,,,,,
2026-07-09_FR5-2_Allulose,2026-07-09_FR5-2_Allulose,cFOS,14,982,223,617,0.6283095723014257,True,accepted_strict_direct_overlap,,,,,,,,
2026-07-09_FR5-2_Allulose,2026-07-09_FR5-2_Allulose,cFOS,15,450,224,345,0.7666666666666667,True,accepted_strict_direct_overlap,,,,,,,,
2026-07-09_FR5-2_Allulose,2026-07-09_FR5-2_Allulose,cFOS,16,543,267,482,0.8876611418047882,True,accepted_strict_direct_overlap,,,,,,,,
2026-07-09_FR5-2_Allulose,2026-07-09_FR5-2_Allulose,cFOS,17,468,345,379,0.8098290598290598,True,accepted_strict_direct_overlap,,,,,,,,
2026-07-09_FR5-2_Allulose,2026-07-09_FR5-2_Allulose,cFOS,18,788,356,672,0.8527918781725888,True,accepted_strict_direct_overlap,,,,,,,,
2026-07-09_FR5-2_Allulose,2026-07-09_FR5-2_Allulose,cFOS,19,768,367,714,0.9296875,True,accepted_strict_direct_overlap,,,,,,,,
2026-07-09_FR5-2_Allulose,2026-07-09_FR5-2_Allulose,cFOS,20,1099,388,702,0.6387625113739763,True,accepted_strict_direct_overlap,,,,,,,,
2026-07-09_FR5-2_Allulose,2026-07-09_FR5-2_Allulose,cFOS,21,592,422,554,0.9358108108108109,True,accepted_strict_direct_overlap,,,,,,,,
2026-07-09_FR5-2_Allulose,2026-07-09_FR5-2_Allulose,cFOS,22,565,451,319,0.5646017699115045,True,accepted_strict_direct_overlap,,,,,,,,
2026-07-09_FR5-2_Allulose,2026-07-09_FR5-2_Allulose,cFOS,23,1031,465,644,0.6246362754607178,True,accepted_strict_direct_overlap,,,,,,,,
2026-07-09_FR5-2_Allulose,2026-07-09_FR5-2_Allulose,cFOS,24,658,462,523,0.7948328267477204,True,accepted_strict_direct_overlap,,,,,,,,
2026-07-09_FR5-2_Allulose,2026-07-09_FR5-2_Allulose,cFOS,25,250,482,250,1.0,True,accepted_strict_direct_overlap,,,,,,,,
2026-07-09_FR5-2_Allulose,2026-07-09_FR5-2_Allulose,cFOS,26,666,552,570,0.8558558558558559,True,accepted_strict_direct_overlap,,,,,,,,
2026-07-09_FR5-2_Allulose,2026-07-09_FR5-2_Allulose,cFOS,27,224,545,109,0.48660714285714285,True,accepted_strict_direct_overlap,,,,,,,,
2026-07-09_FR5-2_Allulose,2026-07-09_FR5-2_Allulose,cFOS,28,345,0,0,0.0,False,overlap_below_threshold,,,,,,,,
2026-07-09_FR5-2_Allulose,2026-07-09_FR5-2_Allulose,cFOS,29,585,563,474,0.8102564102564103,True,accepted_strict_direct_overlap,,,,,,,,
2026-07-09_FR5-2_Allulose,2026-07-09_FR5-2_Allulose,cFOS,30,702,577,641,0.9131054131054132,True,accepted_strict_direct_overlap,,,,,,,,
2026-07-09_FR5-2_Allulose,2026-07-09_FR5-2_Allulose,cFOS,31,857,586,567,0.661610268378063,True,accepted_strict_direct_overlap,,,,,,,,
2026-07-09_FR5-2_Allulose,2026-07-09_FR5-2_Allulose,cFOS,32,746,592,706,0.9463806970509383,True,accepted_strict_direct_overlap,,,,,,,,
2026-07-09_FR5-2_Allulose,2026-07-09_FR5-2_Allulose,cFOS,33,238,596,108,0.453781512605042,True,accepted_strict_direct_overlap,,,,,,,,
2026-07-09_FR5-2_Allulose,2026-07-09_FR5-2_Allulose,cFOS,34,283,605,249,0.8798586572438163,True,accepted_strict_direct_overlap,,,,,,,,
2026-07-09_FR5-2_Allulose,2026-07-09_FR5-2_Allulose,cFOS,35,477,634,350,0.7337526205450734,True,accepted_strict_direct_overlap,,,,,,,,
2026-07-09_FR5-2_Allulose,2026-07-09_FR5-2_Allulose,cFOS,36,715,642,630,0.8811188811188811,True,accepted_strict_direct_overlap,,,,,,,,
2026-07-09_FR5-2_Allulose,2026-07-09_FR5-2_Allulose,cFOS,37,594,658,549,0.9242424242424242,True,accepted_strict_direct_overlap,,,,,,,,
2026-07-09_FR5-2_Allulose,2026-07-09_FR5-2_Allulose,cFOS,38,492,667,434,0.8821138211382114,True,accepted_strict_direct_overlap,,,,,,,,
2026-07-09_FR5-2_Allulose,2026-07-09_FR5-2_Allulose,cFOS,39,330,671,330,1.0,True,accepted_strict_direct_overlap,,,,,,,,
2026-07-09_FR5-2_Allulose,2026-07-09_FR5-2_Allulose,cFOS,40,665,684,574,0.8631578947368421,True,accepted_strict_direct_overlap,,,,,,,,
2026-07-09_FR5-2_Allulose,2026-07-09_FR5-2_Allulose,cFOS,41,856,686,789,0.9217289719626168,True,accepted_strict_direct_overlap,,,,,,,,
2026-07-09_FR5-2_Allulose,2026-07-09_FR5-2_Allulose,cFOS,42,995,695,559,0.5618090452261306,True,accepted_strict_direct_overlap,,,,,,,,
2026-07-09_FR5-2_Allulose,2026-07-09_FR5-2_Allulose,cFOS,43,1448,727,726,0.5013812154696132,True,accepted_strict_direct_overlap,,,,,,,,
2026-07-09_FR5-2_Allulose,2026-07-09_FR5-2_Allulose,cFOS,44,512,716,464,0.90625,True,accepted_strict_direct_overlap,,,,,,,,
2026-07-09_FR5-2_Allulose,2026-07-09_FR5-2_Allulose,cFOS,45,516,720,446,0.8643410852713178,True,accepted_strict_direct_overlap,,,,,,,,
2026-07-09_FR5-2_Allulose,2026-07-09_FR5-2_Allulose,cFOS,46,621,725,524,0.8438003220611916,True,accepted_strict_direct_overlap,,,,,,,,
2026-07-09_FR5-2_Allulose,2026-07-09_FR5-2_Allulose,cFOS,47,685,733,541,0.7897810218978102,True,accepted_strict_direct_overlap,,,,,,,,
2026-07-09_FR5-2_Allulose,2026-07-09_FR5-2_Allulose,cFOS,48,634,750,531,0.8375394321766562,True,accepted_strict_direct_overlap,,,,,,,,
2026-07-09_FR5-2_Allulose,2026-07-09_FR5-2_Allulose,cFOS,49,476,749,436,0.9159663865546218,True,accepted_strict_direct_overlap,,,,,,,,
2026-07-09_FR5-2_Allulose,2026-07-09_FR5-2_Allulose,cFOS,50,553,760,500,0.9041591320072333,True,accepted_strict_direct_overlap,,,,,,,,
2026-07-09_FR5-2_Allulose,2026-07-09_FR5-2_Allulose,cFOS,51,233,762,233,1.0,True,accepted_strict_direct_overlap,,,,,,,,
2026-07-09_FR5-2_Allulose,2026-07-09_FR5-2_Allulose,cFOS,52,473,770,368,0.7780126849894292,True,accepted_strict_direct_overlap,,,,,,,,
2026-07-09_FR5-2_Allulose,2026-07-09_FR5-2_Allulose,cFOS,53,690,774,524,0.7594202898550725,True,accepted_strict_direct_overlap,,,,,,,,
2026-07-09_FR5-2_Allulose,2026-07-09_FR5-2_Allulose,cFOS,54,385,791,385,1.0,True,accepted_strict_direct_overlap,,,,,,,,
2026-07-09_FR5-2_Allulose,2026-07-09_FR5-2_Allulose,cFOS,55,496,799,454,0.9153225806451613,True,accepted_strict_direct_overlap,,,,,,,,
2026-07-09_FR5-2_Allulose,2026-07-09_FR5-2_Allulose,cFOS,56,789,805,779,0.9873257287705957,True,accepted_strict_direct_overlap,,,,,,,,
2026-07-09_FR5-2_Allulose,2026-07-09_FR5-2_Allulose,cFOS,57,427,820,398,0.9320843091334895,True,accepted_strict_direct_overlap,,,,,,,,
2026-07-09_FR5-2_Allulose,2026-07-09_FR5-2_Allulose,cFOS,58,514,843,417,0.811284046692607,True,accepted_strict_direct_overlap,,,,,,,,
2026-07-09_FR5-2_Allulose,2026-07-09_FR5-2_Allulose,cFOS,59,413,829,326,0.7893462469733656,True,accepted_strict_direct_overlap,,,,,,,,
2026-07-09_FR5-2_Allulose,2026-07-09_FR5-2_Allulose,cFOS,60,496,854,463,0.9334677419354839,True,accepted_strict_direct_overlap,,,,,,,,
2026-07-09_FR5-2_Allulose,2026-07-09_FR5-2_Allulose,cFOS,61,179,856,89,0.4972067039106145,True,accepted_strict_direct_overlap,,,,,,,,
2026-07-09_FR5-2_Allulose,2026-07-09_FR5-2_Allulose,cFOS,62,506,897,474,0.9367588932806324,True,accepted_strict_direct_overlap,,,,,,,,
2026-07-09_FR5-2_Allulose,2026-07-09_FR5-2_Allulose,cFOS,63,368,914,329,0.8940217391304348,True,accepted_strict_direct_overlap,,,,,,,,
2026-07-09_FR5-2_Allulose,2026-07-09_FR5-2_Allulose,cFOS,64,371,941,238,0.6415094339622641,True,accepted_strict_direct_overlap,,,,,,,,
2026-07-09_FR5-2_Allulose,2026-07-09_FR5-2_Allulose,cFOS,65,513,952,439,0.8557504873294347,True,accepted_strict_direct_overlap,,,,,,,,
2026-07-09_FR5-2_Allulose,2026-07-09_FR5-2_Allulose,cFOS,66,640,954,633,0.9890625,True,accepted_strict_direct_overlap,,,,,,,,
2026-07-09_FR5-2_Allulose,2026-07-09_FR5-2_Allulose,cFOS,67,150,958,149,0.9933333333333333,True,accepted_strict_direct_overlap,,,,,,,,
2026-07-09_FR5-2_Allulose,2026-07-09_FR5-2_Allulose,cFOS,68,569,968,475,0.8347978910369068,True,accepted_strict_direct_overlap,,,,,,,,
2026-07-09_FR5-2_Allulose,2026-07-09_FR5-2_Allulose,cFOS,69,570,969,531,0.9315789473684211,True,accepted_strict_direct_overlap,,,,,,,,
2026-07-09_FR5-2_Allulose,2026-07-09_FR5-2_Allulose,cFOS,70,645,981,505,0.7829457364341085,True,accepted_strict_direct_overlap,,,,,,,,
2026-07-09_FR5-2_Allulose,2026-07-09_FR5-2_Allulose,cFOS,71,166,986,166,1.0,True,accepted_strict_direct_overlap,,,,,,,,
2026-07-09_FR5-2_Allulose,2026-07-09_FR5-2_Allulose,cFOS,72,524,1000,502,0.9580152671755725,True,accepted_strict_direct_overlap,,,,,,,,
2026-07-09_FR5-2_Allulose,2026-07-09_FR5-2_Allulose,cFOS,73,1078,1004,494,0.4582560296846011,True,accepted_strict_direct_overlap,,,,,,,,
2026-07-09_FR5-2_Allulose,2026-07-09_FR5-2_Allulose,cFOS,74,688,1016,521,0.7572674418604651,True,accepted_strict_direct_overlap,,,,,,,,
2026-07-09_FR5-2_Allulose,2026-07-09_FR5-2_Allulose,cFOS,75,497,1021,393,0.7907444668008048,True,accepted_strict_direct_overlap,,,,,,,,
2026-07-09_FR5-2_Allulose,2026-07-09_FR5-2_Allulose,cFOS,76,836,1037,475,0.5681818181818182,True,accepted_strict_direct_overlap,,,,,,,,
2026-07-09_FR5-2_Allulose,2026-07-09_FR5-2_Allulose,cFOS,77,887,1042,646,0.7282976324689966,True,accepted_strict_direct_overlap,,,,,,,,
2026-07-09_FR5-2_Allulose,2026-07-09_FR5-2_Allulose,cFOS,78,1242,1040,820,0.6602254428341385,True,accepted_strict_direct_overlap,,,,,,,,
2026-07-09_FR5-2_Allulose,2026-07-09_FR5-2_Allulose,cFOS,79,834,0,282,0.3381294964028777,False,overlap_below_threshold,,,,,,,,
2026-07-09_FR5-2_Allulose,2026-07-09_FR5-2_Allulose,cFOS,80,355,1051,240,0.676056338028169,True,accepted_strict_direct_overlap,,,,,,,,
2026-07-09_FR5-2_Allulose,2026-07-09_FR5-2_Allulose,cFOS,81,558,1055,447,0.8010752688172043,True,accepted_strict_direct_overlap,,,,,,,,
2026-07-09_FR5-2_Allulose,2026-07-09_FR5-2_Allulose,cFOS,82,551,1060,507,0.9201451905626135,True,accepted_strict_direct_overlap,,,,,,,,
2026-07-09_FR5-2_Allulose,2026-07-09_FR5-2_Allulose,cFOS,83,602,1074,578,0.9601328903654485,True,accepted_strict_direct_overlap,,,,,,,,
2026-07-09_FR5-2_Allulose,2026-07-09_FR5-2_Allulose,cFOS,84,340,1095,235,0.6911764705882353,True,accepted_strict_direct_overlap,,,,,,,,
2026-07-09_FR5-2_Allulose,2026-07-09_FR5-2_Allulose,cFOS,85,216,1119,209,0.9675925925925926,True,accepted_strict_direct_overlap,,,,,,,,
2026-07-09_FR5-2_Allulose,2026-07-09_FR5-2_Allulose,cFOS,86,675,1140,429,0.6355555555555555,True,accepted_strict_direct_overlap,,,,,,,,
2026-07-09_FR5-2_Allulose,2026-07-09_FR5-2_Allulose,cFOS,87,363,1136,327,0.9008264462809917,True,accepted_strict_direct_overlap,,,,,,,,
2026-07-09_FR5-2_Allulose,2026-07-09_FR5-2_Allulose,cFOS,88,473,1141,451,0.9534883720930233,True,accepted_strict_direct_overlap,,,,,,,,
2026-07-09_FR5-2_Allulose,2026-07-09_FR5-2_Allulose,cFOS,89,188,1167,154,0.8191489361702128,True,accepted_strict_direct_overlap,,,,,,,,
2026-07-09_FR5-2_Allulose,2026-07-09_FR5-2_Allulose,cFOS,90,409,1176,381,0.9315403422982885,True,accepted_strict_direct_overlap,,,,,,,,
2026-07-09_FR5-2_Allulose,2026-07-09_FR5-2_Allulose,cFOS,91,479,1177,452,0.9436325678496869,True,accepted_strict_direct_overlap,,,,,,,,
2026-07-09_FR5-2_Allulose,2026-07-09_FR5-2_Allulose,cFOS,92,339,1181,339,1.0,True,accepted_strict_direct_overlap,,,,,,,,
2026-07-09_FR5-2_Allulose,2026-07-09_FR5-2_Allulose,cFOS,93,543,1210,353,0.6500920810313076,True,accepted_strict_direct_overlap,,,,,,,,
2026-07-09_FR5-2_Allulose,2026-07-09_FR5-2_Allulose,cFOS,94,616,1215,491,0.797077922077922,True,accepted_strict_direct_overlap,,,,,,,,
2026-07-09_FR5-2_Allulose,2026-07-09_FR5-2_Allulose,cFOS,95,218,1225,218,1.0,True,accepted_strict_direct_overlap,,,,,,,,
2026-07-09_FR5-2_Allulose,2026-07-09_FR5-2_Allulose,cFOS,96,480,1245,389,0.8104166666666667,True,accepted_strict_direct_overlap,,,,,,,,
2026-07-09_FR5-2_Allulose,2026-07-09_FR5-2_Allulose,cFOS,97,996,1264,566,0.5682730923694779,True,accepted_strict_direct_overlap,,,,,,,,
2026-07-09_FR5-2_Allulose,2026-07-09_FR5-2_Allulose,cFOS,98,470,1259,378,0.8042553191489362,True,accepted_strict_direct_overlap,,,,,,,,
2026-07-09_FR5-2_Allulose,2026-07-09_FR5-2_Allulose,cFOS,99,509,1286,481,0.9449901768172888,True,accepted_strict_direct_overlap,,,,,,,,
2026-07-09_FR5-2_Allulose,2026-07-09_FR5-2_Allulose,cFOS,100,597,1299,498,0.8341708542713567,True,accepted_strict_direct_overlap,,,,,,,,
2026-07-09_FR5-2_Allulose,2026-07-09_FR5-2_Allulose,cFOS,101,595,1305,560,0.9411764705882353,True,accepted_strict_direct_overlap,,,,,,,,
2026-07-09_FR5-2_Allulose,2026-07-09_FR5-2_Allulose,cFOS,102,465,1330,374,0.8043010752688172,True,accepted_strict_direct_overlap,,,,,,,,
2026-07-09_FR5-2_Allulose,2026-07-09_FR5-2_Allulose,cFOS,103,270,1338,162,0.6,True,accepted_strict_direct_overlap,,,,,,,,
2026-07-09_FR5-2_Allulose,2026-07-09_FR5-2_Allulose,cFOS,104,296,1348,296,1.0,True,accepted_strict_direct_overlap,,,,,,,,
2026-07-09_FR5-2_Allulose,2026-07-09_FR5-2_Allulose,cFOS,105,1065,1371,548,0.5145539906103287,True,accepted_strict_direct_overlap,,,,,,,,
2026-07-09_FR5-2_Allulose,2026-07-09_FR5-2_Allulose,cFOS,106,252,1352,248,0.9841269841269841,True,accepted_strict_direct_overlap,,,,,,,,
2026-07-09_FR5-2_Allulose,2026-07-09_FR5-2_Allulose,cFOS,107,626,1361,475,0.7587859424920128,True,accepted_strict_direct_overlap,,,,,,,,
2026-07-09_FR5-2_Allulose,2026-07-09_FR5-2_Allulose,cFOS,108,570,1366,431,0.756140350877193,True,accepted_strict_direct_overlap,,,,,,,,
2026-07-09_FR5-2_Allulose,2026-07-09_FR5-2_Allulose,cFOS,109,266,1389,264,0.9924812030075187,True,accepted_strict_direct_overlap,,,,,,,,
2026-07-09_FR5-2_Allulose,2026-07-09_FR5-2_Allulose,cFOS,110,822,1401,545,0.6630170316301703,True,accepted_strict_direct_overlap,,,,,,,,
2026-07-09_FR5-2_Allulose,2026-07-09_FR5-2_Allulose,cFOS,111,636,1436,564,0.8867924528301887,True,accepted_strict_direct_overlap,,,,,,,,
2026-07-09_FR5-2_Allulose,2026-07-09_FR5-2_Allulose,cFOS,112,845,1445,568,0.672189349112426,True,accepted_strict_direct_overlap,,,,,,,,
2026-07-09_FR5-2_Allulose,2026-07-09_FR5-2_Allulose,cFOS,113,903,1450,576,0.6378737541528239,True,accepted_strict_direct_overlap,,,,,,,,
2026-07-09_FR5-2_Allulose,2026-07-09_FR5-2_Allulose,cFOS,114,542,1449,468,0.8634686346863468,True,accepted_strict_direct_overlap,,,,,,,,
2026-07-09_FR5-2_Allulose,2026-07-09_FR5-2_Allulose,cFOS,115,758,1444,449,0.5923482849604221,True,accepted_strict_direct_overlap,,,,,,,,
2026-07-09_FR5-2_Allulose,2026-07-09_FR5-2_Allulose,cFOS,116,689,1483,684,0.9927431059506531,True,accepted_strict_direct_overlap,,,,,,,,
2026-07-09_FR5-2_Allulose,2026-07-09_FR5-2_Allulose,cFOS,117,604,1498,504,0.8344370860927153,True,accepted_strict_direct_overlap,,,,,,,,
2026-07-09_FR5-2_Allulose,2026-07-09_FR5-2_Allulose,cFOS,118,514,1533,467,0.9085603112840467,True,accepted_strict_direct_overlap,,,,,,,,
2026-07-09_FR5-2_Allulose,2026-07-09_FR5-2_Allulose,cFOS,119,595,1595,512,0.8605042016806723,True,accepted_strict_direct_overlap,,,,,,,,
2026-07-09_FR5-2_Allulose,2026-07-09_FR5-2_Allulose,cFOS,120,526,1608,496,0.9429657794676806,True,accepted_strict_direct_overlap,,,,,,,,
2026-07-09_FR5-2_Allulose,2026-07-09_FR5-2_Allulose,cFOS,121,629,1620,552,0.8775834658187599,True,accepted_strict_direct_overlap,,,,,,,,
2026-07-09_FR5-2_Allulose,2026-07-09_FR5-2_Allulose,cFOS,122,323,1648,312,0.9659442724458205,True,accepted_strict_direct_overlap,,,,,,,,
2026-07-09_FR5-2_Allulose,2026-07-09_FR5-2_Allulose,cFOS,123,485,1666,442,0.911340206185567,True,accepted_strict_direct_overlap,,,,,,,,
2026-07-09_FR5-2_Allulose,2026-07-09_FR5-2_Allulose,cFOS,124,213,2006,139,0.6525821596244131,True,accepted_strict_direct_overlap,,,,,,,,
2026-07-09_FR5-2_Allulose,2026-07-09_FR5-2_Allulose,cFOS,125,597,2062,326,0.5460636515912898,True,accepted_strict_direct_overlap,,,,,,,,
2026-07-09_FR5-2_Allulose,2026-07-09_FR5-2_Allulose,cFOS,126,627,2068,476,0.759170653907496,True,accepted_strict_direct_overlap,,,,,,,,
2026-07-09_FR5-2_Allulose,2026-07-09_FR5-2_Allulose,cFOS,127,541,2090,464,0.8576709796672828,True,accepted_strict_direct_overlap,,,,,,,,
2026-07-09_FR5-2_Allulose,2026-07-09_FR5-2_Allulose,cFOS,128,810,2098,633,0.7814814814814814,True,accepted_strict_direct_overlap,,,,,,,,
2026-07-09_FR5-2_Allulose,2026-07-09_FR5-2_Allulose,cFOS,129,1099,2107,573,0.521383075523203,True,accepted_strict_direct_overlap,,,,,,,,
2026-07-09_FR5-2_Allulose,2026-07-09_FR5-2_Allulose,cFOS,130,366,2102,337,0.9207650273224044,True,accepted_strict_direct_overlap,,,,,,,,
2026-07-09_FR5-2_Allulose,2026-07-09_FR5-2_Allulose,cFOS,131,374,2108,249,0.6657754010695187,True,accepted_strict_direct_overlap,,,,,,,,
2026-07-09_FR5-2_Allulose,2026-07-09_FR5-2_Allulose,cFOS,132,1175,2120,591,0.5029787234042553,True,accepted_strict_direct_overlap,,,,,,,,
2026-07-09_FR5-2_Allulose,2026-07-09_FR5-2_Allulose,cFOS,133,1623,2139,798,0.49168207024029575,True,accepted_strict_direct_overlap,,,,,,,,
2026-07-09_FR5-2_Allulose,2026-07-09_FR5-2_Allulose,cFOS,134,572,2129,503,0.8793706293706294,True,accepted_strict_direct_overlap,,,,,,,,
2026-07-09_FR5-2_Allulose,2026-07-09_FR5-2_Allulose,cFOS,135,700,2128,329,0.47,True,accepted_strict_direct_overlap,,,,,,,,
2026-07-09_FR5-2_Allulose,2026-07-09_FR5-2_Allulose,cFOS,136,201,2144,185,0.9203980099502488,True,accepted_strict_direct_overlap,,,,,,,,
2026-07-09_FR5-2_Allulose,2026-07-09_FR5-2_Allulose,cFOS,137,294,2166,235,0.7993197278911565,True,accepted_strict_direct_overlap,,,,,,,,
2026-07-09_FR5-2_Allulose,2026-07-09_FR5-2_Allulose,cFOS,138,1053,0,366,0.3475783475783476,False,overlap_below_threshold,,,,,,,,
2026-07-09_FR5-2_Allulose,2026-07-09_FR5-2_Allulose,cFOS,139,936,2251,526,0.561965811965812,True,accepted_strict_direct_overlap,,,,,,,,
2026-07-09_FR5-2_Allulose,2026-07-09_FR5-2_Allulose,cFOS,140,398,2235,374,0.9396984924623115,True,accepted_strict_direct_overlap,,,,,,,,
2026-07-09_FR5-2_Allulose,2026-07-09_FR5-2_Allulose,cFOS,141,791,2243,392,0.49557522123893805,True,accepted_strict_direct_overlap,,,,,,,,
2026-07-09_FR5-2_Allulose,2026-07-09_FR5-2_Allulose,cFOS,142,918,2244,496,0.5403050108932462,True,accepted_strict_direct_overlap,,,,,,,,
2026-07-09_FR5-2_Allulose,2026-07-09_FR5-2_Allulose,cFOS,143,695,2265,541,0.7784172661870503,True,accepted_strict_direct_overlap,,,,,,,,
2026-07-09_FR5-2_Allulose,2026-07-09_FR5-2_Allulose,cFOS,144,358,2260,320,0.8938547486033519,True,accepted_strict_direct_overlap,,,,,,,,
2026-07-09_FR5-2_Allulose,2026-07-09_FR5-2_Allulose,cFOS,145,363,2273,312,0.859504132231405,True,accepted_strict_direct_overlap,,,,,,,,
2026-07-09_FR5-2_Allulose,2026-07-09_FR5-2_Allulose,cFOS,146,661,2277,437,0.6611195158850227,True,accepted_strict_direct_overlap,,,,,,,,
2026-07-09_FR5-2_Allulose,2026-07-09_FR5-2_Allulose,cFOS,147,688,2285,408,0.5930232558139535,True,accepted_strict_direct_overlap,,,,,,,,
2026-07-09_FR5-2_Allulose,2026-07-09_FR5-2_Allulose,cFOS,148,909,2323,580,0.6380638063806381,True,accepted_strict_direct_overlap,,,,,,,,
2026-07-09_FR5-2_Allulose,2026-07-09_FR5-2_Allulose,cFOS,149,600,2322,525,0.875,True,accepted_strict_direct_overlap,,,,,,,,
2026-07-09_FR5-2_Allulose,2026-07-09_FR5-2_Allulose,cFOS,150,611,2359,530,0.867430441898527,True,accepted_strict_direct_overlap,,,,,,,,
2026-07-09_FR5-2_Allulose,2026-07-09_FR5-2_Allulose,cFOS,151,781,2362,686,0.8783610755441741,True,accepted_strict_direct_overlap,,,,,,,,
2026-07-09_FR5-2_Allulose,2026-07-09_FR5-2_Allulose,cFOS,152,430,2365,430,1.0,True,accepted_strict_direct_overlap,,,,,,,,
2026-07-09_FR5-2_Allulose,2026-07-09_FR5-2_Allulose,cFOS,153,882,2392,704,0.7981859410430839,True,accepted_strict_direct_overlap,,,,,,,,
2026-07-09_FR5-2_Allulose,2026-07-09_FR5-2_Allulose,cFOS,154,1154,2411,536,0.464471403812825,True,accepted_strict_direct_overlap,,,,,,,,
2026-07-09_FR5-2_Allulose,2026-07-09_FR5-2_Allulose,cFOS,155,1843,0,703,0.38144329896907214,False,overlap_below_threshold,,,,,,,,
2026-07-09_FR5-2_Allulose,2026-07-09_FR5-2_Allulose,cFOS,156,690,2419,415,0.6014492753623188,True,accepted_strict_direct_overlap,,,,,,,,
2026-07-09_FR5-2_Allulose,2026-07-09_FR5-2_Allulose,cFOS,157,604,2416,462,0.7649006622516556,True,accepted_strict_direct_overlap,,,,,,,,
2026-07-09_FR5-2_Allulose,2026-07-09_FR5-2_Allulose,cFOS,158,1192,2453,655,0.549496644295302,True,accepted_strict_direct_overlap,,,,,,,,
2026-07-09_FR5-2_Allulose,2026-07-09_FR5-2_Allulose,cFOS,159,1250,2450,651,0.5208,True,accepted_strict_direct_overlap,,,,,,,,
2026-07-09_FR5-2_Allulose,2026-07-09_FR5-2_Allulose,cFOS,160,505,2446,382,0.7564356435643564,True,accepted_strict_direct_overlap,,,,,,,,
2026-07-09_FR5-2_Allulose,2026-07-09_FR5-2_Allulose,cFOS,161,384,2455,384,1.0,True,accepted_strict_direct_overlap,,,,,,,,
2026-07-09_FR5-2_Allulose,2026-07-09_FR5-2_Allulose,cFOS,162,394,2457,364,0.9238578680203046,True,accepted_strict_direct_overlap,,,,,,,,
2026-07-09_FR5-2_Allulose,2026-07-09_FR5-2_Allulose,cFOS,163,1027,2483,711,0.6923076923076923,True,accepted_strict_direct_overlap,,,,,,,,
2026-07-09_FR5-2_Allulose,2026-07-09_FR5-2_Allulose,cFOS,164,884,2487,527,0.5961538461538461,True,accepted_strict_direct_overlap,,,,,,,,
2026-07-09_FR5-2_Allulose,2026-07-09_FR5-2_Allulose,cFOS,165,856,2494,569,0.6647196261682243,True,accepted_strict_direct_overlap,,,,,,,,
2026-07-09_FR5-2_Allulose,2026-07-09_FR5-2_Allulose,cFOS,166,641,2503,521,0.8127925117004681,True,accepted_strict_direct_overlap,,,,,,,,
2026-07-09_FR5-2_Allulose,2026-07-09_FR5-2_Allulose,cFOS,167,950,2517,566,0.5957894736842105,True,accepted_strict_direct_overlap,,,,,,,,
2026-07-09_FR5-2_Allulose,2026-07-09_FR5-2_Allulose,cFOS,168,882,2524,589,0.6678004535147393,True,accepted_strict_direct_overlap,,,,,,,,
2026-07-09_FR5-2_Allulose,2026-07-09_FR5-2_Allulose,cFOS,169,593,2523,515,0.8684654300168634,True,accepted_strict_direct_overlap,,,,,,,,
2026-07-09_FR5-2_Allulose,2026-07-09_FR5-2_Allulose,cFOS,170,635,2532,320,0.5039370078740157,True,accepted_strict_direct_overlap,,,,,,,,
2026-07-09_FR5-2_Allulose,2026-07-09_FR5-2_Allulose,cFOS,171,654,2542,547,0.8363914373088684,True,accepted_strict_direct_overlap,,,,,,,,
2026-07-09_FR5-2_Allulose,2026-07-09_FR5-2_Allulose,cFOS,172,571,2557,383,0.670753064798599,True,accepted_strict_direct_overlap,,,,,,,,
2026-07-09_FR5-2_Allulose,2026-07-09_FR5-2_Allulose,cFOS,173,1213,2562,820,0.6760098928277,True,accepted_strict_direct_overlap,,,,,,,,
2026-07-09_FR5-2_Allulose,2026-07-09_FR5-2_Allulose,cFOS,174,289,2565,278,0.9619377162629758,True,accepted_strict_direct_overlap,,,,,,,,
2026-07-09_FR5-2_Allulose,2026-07-09_FR5-2_Allulose,cFOS,175,1175,0,302,0.2570212765957447,False,overlap_below_threshold,,,,,,,,
2026-07-09_FR5-2_Allulose,2026-07-09_FR5-2_Allulose,cFOS,176,615,2601,574,0.9333333333333333,True,accepted_strict_direct_overlap,,,,,,,,
2026-07-09_FR5-2_Allulose,2026-07-09_FR5-2_Allulose,cFOS,177,609,2625,593,0.9737274220032841,True,accepted_strict_direct_overlap,,,,,,,,
2026-07-09_FR5-2_Allulose,2026-07-09_FR5-2_Allulose,cFOS,178,337,2627,322,0.9554896142433235,True,accepted_strict_direct_overlap,,,,,,,,
2026-07-09_FR5-2_Allulose,2026-07-09_FR5-2_Allulose,cFOS,179,1229,2632,669,0.5443449959316518,True,accepted_strict_direct_overlap,,,,,,,,
2026-07-09_FR5-2_Allulose,2026-07-09_FR5-2_Allulose,cFOS,180,857,2644,396,0.4620770128354726,True,accepted_strict_direct_overlap,,,,,,,,
2026-07-09_FR5-2_Allulose,2026-07-09_FR5-2_Allulose,cFOS,181,639,2678,406,0.6353677621283255,True,accepted_strict_direct_overlap,,,,,,,,
2026-07-09_FR5-2_Allulose,2026-07-09_FR5-2_Allulose,cFOS,182,498,2685,429,0.8614457831325302,True,accepted_strict_direct_overlap,,,,,,,,
2026-07-09_FR5-2_Allulose,2026-07-09_FR5-2_Allulose,cFOS,183,367,2683,311,0.8474114441416893,True,accepted_strict_direct_overlap,,,,,,,,
2026-07-09_FR5-2_Allulose,2026-07-09_FR5-2_Allulose,cFOS,184,340,2692,339,0.9970588235294118,True,accepted_strict_direct_overlap,,,,,,,,
2026-07-09_FR5-2_Allulose,2026-07-09_FR5-2_Allulose,cFOS,185,959,2703,708,0.7382690302398331,True,accepted_strict_direct_overlap,,,,,,,,
2026-07-09_FR5-2_Allulose,2026-07-09_FR5-2_Allulose,cFOS,186,382,2719,382,1.0,True,accepted_strict_direct_overlap,,,,,,,,
2026-07-09_FR5-2_Allulose,2026-07-09_FR5-2_Allulose,cFOS,187,752,2728,610,0.8111702127659575,True,accepted_strict_direct_overlap,,,,,,,,
2026-07-09_FR5-2_Allulose,2026-07-09_FR5-2_Allulose,cFOS,188,978,2739,500,0.5112474437627812,True,accepted_strict_direct_overlap,,,,,,,,
2026-07-09_FR5-2_Allulose,2026-07-09_FR5-2_Allulose,cFOS,189,928,2766,546,0.5883620689655172,True,accepted_strict_direct_overlap,,,,,,,,
2026-07-09_FR5-2_Allulose,2026-07-09_FR5-2_Allulose,cFOS,190,327,2765,195,0.5963302752293578,True,accepted_strict_direct_overlap,,,,,,,,
2026-07-09_FR5-2_Allulose,2026-07-09_FR5-2_Allulose,cFOS,191,337,0,0,0.0,False,overlap_below_threshold,,,,,,,,
2026-07-09_FR5-2_Allulose,2026-07-09_FR5-2_Allulose,cFOS,192,787,2793,659,0.8373570520965693,True,accepted_strict_direct_overlap,,,,,,,,
2026-07-09_FR5-2_Allulose,2026-07-09_FR5-2_Allulose,cFOS,193,401,2790,205,0.5112219451371571,True,accepted_strict_direct_overlap,,,,,,,,
2026-07-09_FR5-2_Allulose,2026-07-09_FR5-2_Allulose,cFOS,194,567,2796,471,0.8306878306878307,True,accepted_strict_direct_overlap,,,,,,,,
2026-07-09_FR5-2_Allulose,2026-07-09_FR5-2_Allulose,cFOS,195,849,2800,692,0.8150765606595995,True,accepted_strict_direct_overlap,,,,,,,,
2026-07-09_FR5-2_Allulose,2026-07-09_FR5-2_Allulose,cFOS,196,410,2804,307,0.748780487804878,True,accepted_strict_direct_overlap,,,,,,,,
2026-07-09_FR5-2_Allulose,2026-07-09_FR5-2_Allulose,cFOS,197,315,2818,315,1.0,True,accepted_strict_direct_overlap,,,,,,,,
2026-07-09_FR5-2_Allulose,2026-07-09_FR5-2_Allulose,cFOS,198,458,2835,253,0.5524017467248908,True,accepted_strict_direct_overlap,,,,,,,,
2026-07-09_FR5-2_Allulose,2026-07-09_FR5-2_Allulose,cFOS,199,1972,0,745,0.377789046653144,False,overlap_below_threshold,,,,,,,,
2026-07-09_FR5-2_Allulose,2026-07-09_FR5-2_Allulose,cFOS,200,521,2833,428,0.8214971209213052,True,accepted_strict_direct_overlap,,,,,,,,
2026-07-09_FR5-2_Allulose,2026-07-09_FR5-2_Allulose,cFOS,201,273,2853,272,0.9963369963369964,True,accepted_strict_direct_overlap,,,,,,,,
2026-07-09_FR5-2_Allulose,2026-07-09_FR5-2_Allulose,cFOS,202,1136,2866,720,0.6338028169014085,True,accepted_strict_direct_overlap,,,,,,,,
2026-07-09_FR5-2_Allulose,2026-07-09_FR5-2_Allulose,cFOS,203,725,2873,458,0.6317241379310344,True,accepted_strict_direct_overlap,,,,,,,,
2026-07-09_FR5-2_Allulose,2026-07-09_FR5-2_Allulose,cFOS,204,733,2871,454,0.6193724420190996,True,accepted_strict_direct_overlap,,,,,,,,
2026-07-09_FR5-2_Allulose,2026-07-09_FR5-2_Allulose,cFOS,205,983,2907,698,0.7100712105798576,True,accepted_strict_direct_overlap,,,,,,,,
2026-07-09_FR5-2_Allulose,2026-07-09_FR5-2_Allulose,cFOS,206,117,0,0,0.0,False,overlap_below_threshold,,,,,,,,
2026-07-09_FR5-2_Allulose,2026-07-09_FR5-2_Allulose,cFOS,207,786,2915,575,0.7315521628498728,True,accepted_strict_direct_overlap,,,,,,,,
2026-07-09_FR5-2_Allulose,2026-07-09_FR5-2_Allulose,cFOS,208,366,2911,344,0.9398907103825137,True,accepted_strict_direct_overlap,,,,,,,,
2026-07-09_FR5-2_Allulose,2026-07-09_FR5-2_Allulose,cFOS,209,316,2910,242,0.7658227848101266,True,accepted_strict_direct_overlap,,,,,,,,
2026-07-09_FR5-2_Allulose,2026-07-09_FR5-2_Allulose,cFOS,210,730,0,121,0.16575342465753426,False,overlap_below_threshold,,,,,,,,
2026-07-09_FR5-2_Allulose,2026-07-09_FR5-2_Allulose,cFOS,211,382,2923,319,0.8350785340314136,True,accepted_strict_direct_overlap,,,,,,,,
2026-07-09_FR5-2_Allulose,2026-07-09_FR5-2_Allulose,cFOS,212,642,2927,442,0.6884735202492211,True,accepted_strict_direct_overlap,,,,,,,,
2026-07-09_FR5-2_Allulose,2026-07-09_FR5-2_Allulose,cFOS,213,475,2939,440,0.9263157894736842,True,accepted_strict_direct_overlap,,,,,,,,
2026-07-09_FR5-2_Allulose,2026-07-09_FR5-2_Allulose,cFOS,214,289,2936,237,0.8200692041522492,True,accepted_strict_direct_overlap,,,,,,,,
2026-07-09_FR5-2_Allulose,2026-07-09_FR5-2_Allulose,cFOS,215,430,2952,398,0.9255813953488372,True,accepted_strict_direct_overlap,,,,,,,,
2026-07-09_FR5-2_Allulose,2026-07-09_FR5-2_Allulose,cFOS,216,1130,2956,881,0.779646017699115,True,accepted_strict_direct_overlap,,,,,,,,
2026-07-09_FR5-2_Allulose,2026-07-09_FR5-2_Allulose,cFOS,217,703,2961,506,0.7197724039829303,True,accepted_strict_direct_overlap,,,,,,,,
2026-07-09_FR5-2_Allulose,2026-07-09_FR5-2_Allulose,cFOS,218,736,2966,625,0.8491847826086957,True,accepted_strict_direct_overlap,,,,,,,,
2026-07-09_FR5-2_Allulose,2026-07-09_FR5-2_Allulose,cFOS,219,762,2963,643,0.8438320209973753,True,accepted_strict_direct_overlap,,,,,,,,
2026-07-09_FR5-2_Allulose,2026-07-09_FR5-2_Allulose,cFOS,220,671,0,80,0.11922503725782414,False,overlap_below_threshold,,,,,,,,
2026-07-09_FR5-2_Allulose,2026-07-09_FR5-2_Allulose,cFOS,221,480,3006,353,0.7354166666666667,True,accepted_strict_direct_overlap,,,,,,,,
2026-07-09_FR5-2_Allulose,2026-07-09_FR5-2_Allulose,cFOS,222,1081,3013,510,0.47178538390379277,True,accepted_strict_direct_overlap,,,,,,,,
2026-07-09_FR5-2_Allulose,2026-07-09_FR5-2_Allulose,cFOS,223,427,3017,410,0.9601873536299765,True,accepted_strict_direct_overlap,,,,,,,,
2026-07-09_FR5-2_Allulose,2026-07-09_FR5-2_Allulose,cFOS,224,519,3021,471,0.9075144508670521,True,accepted_strict_direct_overlap,,,,,,,,
2026-07-09_FR5-2_Allulose,2026-07-09_FR5-2_Allulose,cFOS,225,669,3026,539,0.8056801195814649,True,accepted_strict_direct_overlap,,,,,,,,
2026-07-09_FR5-2_Allulose,2026-07-09_FR5-2_Allulose,cFOS,226,714,3043,604,0.84593837535014,True,accepted_strict_direct_overlap,,,,,,,,
2026-07-09_FR5-2_Allulose,2026-07-09_FR5-2_Allulose,cFOS,227,213,3038,165,0.7746478873239436,True,accepted_strict_direct_overlap,,,,,,,,
2026-07-09_FR5-2_Allulose,2026-07-09_FR5-2_Allulose,cFOS,228,801,3047,555,0.6928838951310862,True,accepted_strict_direct_overlap,,,,,,,,
2026-07-09_FR5-2_Allulose,2026-07-09_FR5-2_Allulose,cFOS,229,1326,3051,764,0.5761689291101055,True,accepted_strict_direct_overlap,,,,,,,,
2026-07-09_FR5-2_Allulose,2026-07-09_FR5-2_Allulose,cFOS,230,445,3055,374,0.8404494382022472,True,accepted_strict_direct_overlap,,,,,,,,
2026-07-09_FR5-2_Allulose,2026-07-09_FR5-2_Allulose,cFOS,231,348,3065,281,0.8074712643678161,True,accepted_strict_direct_overlap,,,,,,,,
2026-07-09_FR5-2_Allulose,2026-07-09_FR5-2_Allulose,cFOS,232,261,3066,186,0.7126436781609196,True,accepted_strict_direct_overlap,,,,,,,,
2026-07-09_FR5-2_Allulose,2026-07-09_FR5-2_Allulose,cFOS,233,468,3076,315,0.6730769230769231,True,accepted_strict_direct_overlap,,,,,,,,
2026-07-09_FR5-2_Allulose,2026-07-09_FR5-2_Allulose,cFOS,234,660,3091,390,0.5909090909090909,True,accepted_strict_direct_overlap,,,,,,,,
2026-07-09_FR5-2_Allulose,2026-07-09_FR5-2_Allulose,cFOS,235,368,3099,368,1.0,True,accepted_strict_direct_overlap,,,,,,,,
2026-07-09_FR5-2_Allulose,2026-07-09_FR5-2_Allulose,cFOS,236,127,3109,123,0.968503937007874,True,accepted_strict_direct_overlap,,,,,,,,
2026-07-09_FR5-2_Allulose,2026-07-09_FR5-2_Allulose,cFOS,237,449,3120,423,0.9420935412026726,True,accepted_strict_direct_overlap,,,,,,,,
2026-07-09_FR5-2_Allulose,2026-07-09_FR5-2_Allulose,cFOS,238,295,3124,245,0.8305084745762712,True,accepted_strict_direct_overlap,,,,,,,,
2026-07-09_FR5-2_Allulose,2026-07-09_FR5-2_Allulose,cFOS,239,531,3140,525,0.9887005649717514,True,accepted_strict_direct_overlap,,,,,,,,
2026-07-09_FR5-2_Allulose,2026-07-09_FR5-2_Allulose,cFOS,240,326,3144,312,0.9570552147239264,True,accepted_strict_direct_overlap,,,,,,,,
2026-07-09_FR5-2_Allulose,2026-07-09_FR5-2_Allulose,cFOS,241,509,3152,474,0.931237721021611,True,accepted_strict_direct_overlap,,,,,,,,
2026-07-09_FR5-2_Allulose,2026-07-09_FR5-2_Allulose,cFOS,242,509,3162,509,1.0,True,accepted_strict_direct_overlap,,,,,,,,
2026-07-09_FR5-2_Allulose,2026-07-09_FR5-2_Allulose,cFOS,243,147,3174,139,0.9455782312925171,True,accepted_strict_direct_overlap,,,,,,,,
2026-07-09_FR5-2_Allulose,2026-07-09_FR5-2_Allulose,cFOS,244,577,3190,506,0.8769497400346621,True,accepted_strict_direct_overlap,,,,,,,,
2026-07-09_FR5-2_Allulose,2026-07-09_FR5-2_Allulose,cFOS,245,695,3195,688,0.9899280575539569,True,accepted_strict_direct_overlap,,,,,,,,
2026-07-09_FR5-2_Allulose,2026-07-09_FR5-2_Allulose,cFOS,246,174,0,0,0.0,False,overlap_below_threshold,,,,,,,,
2026-07-09_FR5-2_Allulose,2026-07-09_FR5-2_Allulose,cFOS,247,572,3199,405,0.708041958041958,True,accepted_strict_direct_overlap,,,,,,,,
2026-07-09_FR5-2_Allulose,2026-07-09_FR5-2_Allulose,cFOS,248,575,3202,512,0.8904347826086957,True,accepted_strict_direct_overlap,,,,,,,,
2026-07-09_FR5-2_Allulose,2026-07-09_FR5-2_Allulose,cFOS,249,756,3214,401,0.5304232804232805,True,accepted_strict_direct_overlap,,,,,,,,
2026-07-09_FR5-2_Allulose,2026-07-09_FR5-2_Allulose,cFOS,250,651,3218,558,0.8571428571428571,True,accepted_strict_direct_overlap,,,,,,,,
2026-07-09_FR5-2_Allulose,2026-07-09_FR5-2_Allulose,cFOS,251,736,3233,685,0.9307065217391305,True,accepted_strict_direct_overlap,,,,,,,,
2026-07-09_FR5-2_Allulose,2026-07-09_FR5-2_Allulose,cFOS,252,314,3229,311,0.9904458598726115,True,accepted_strict_direct_overlap,,,,,,,,
2026-07-09_FR5-2_Allulose,2026-07-09_FR5-2_Allulose,cFOS,253,675,3242,431,0.6385185185185185,True,accepted_strict_direct_overlap,,,,,,,,
2026-07-09_FR5-2_Allulose,2026-07-09_FR5-2_Allulose,cFOS,254,570,3246,529,0.9280701754385965,True,accepted_strict_direct_overlap,,,,,,,,
2026-07-09_FR5-2_Allulose,2026-07-09_FR5-2_Allulose,cFOS,255,977,0,215,0.22006141248720573,False,overlap_below_threshold,,,,,,,,
2026-07-09_FR5-2_Allulose,2026-07-09_FR5-2_Allulose,cFOS,256,604,3255,558,0.9238410596026491,True,accepted_strict_direct_overlap,,,,,,,,
2026-07-09_FR5-2_Allulose,2026-07-09_FR5-2_Allulose,cFOS,257,455,3256,416,0.9142857142857143,True,accepted_strict_direct_overlap,,,,,,,,
2026-07-09_FR5-2_Allulose,2026-07-09_FR5-2_Allulose,cFOS,258,338,3261,305,0.9023668639053254,True,accepted_strict_direct_overlap,,,,,,,,
2026-07-09_FR5-2_Allulose,2026-07-09_FR5-2_Allulose,cFOS,259,426,3262,270,0.6338028169014085,True,accepted_strict_direct_overlap,,,,,,,,
2026-07-09_FR5-2_Allulose,2026-07-09_FR5-2_Allulose,cFOS,260,761,3269,685,0.900131406044678,True,accepted_strict_direct_overlap,,,,,,,,
2026-07-09_FR5-2_Allulose,2026-07-09_FR5-2_Allulose,cFOS,261,210,0,0,0.0,False,overlap_below_threshold,,,,,,,,
2026-07-09_FR5-2_Allulose,2026-07-09_FR5-2_Allulose,cFOS,262,655,3294,558,0.8519083969465648,True,accepted_strict_direct_overlap,,,,,,,,
2026-07-09_FR5-2_Allulose,2026-07-09_FR5-2_Allulose,cFOS,263,708,3299,480,0.6779661016949152,True,accepted_strict_direct_overlap,,,,,,,,
2026-07-09_FR5-2_Allulose,2026-07-09_FR5-2_Allulose,cFOS,264,568,0,9,0.01584507042253521,False,overlap_below_threshold,,,,,,,,
2026-07-09_FR5-2_Allulose,2026-07-09_FR5-2_Allulose,cFOS,265,665,3308,598,0.8992481203007519,True,accepted_strict_direct_overlap,,,,,,,,
2026-07-09_FR5-2_Allulose,2026-07-09_FR5-2_Allulose,cFOS,266,1170,3322,524,0.4478632478632479,True,accepted_strict_direct_overlap,,,,,,,,
2026-07-09_FR5-2_Allulose,2026-07-09_FR5-2_Allulose,cFOS,267,269,3317,175,0.6505576208178439,True,accepted_strict_direct_overlap,,,,,,,,
2026-07-09_FR5-2_Allulose,2026-07-09_FR5-2_Allulose,cFOS,268,546,3323,496,0.9084249084249084,True,accepted_strict_direct_overlap,,,,,,,,
2026-07-09_FR5-2_Allulose,2026-07-09_FR5-2_Allulose,cFOS,269,509,3333,491,0.9646365422396856,True,accepted_strict_direct_overlap,,,,,,,,
2026-07-09_FR5-2_Allulose,2026-07-09_FR5-2_Allulose,cFOS,270,536,3337,510,0.9514925373134329,True,accepted_strict_direct_overlap,,,,,,,,
2026-07-09_FR5-2_Allulose,2026-07-09_FR5-2_Allulose,cFOS,271,249,3353,247,0.9919678714859438,True,accepted_strict_direct_overlap,,,,,,,,
2026-07-09_FR5-2_Allulose,2026-07-09_FR5-2_Allulose,cFOS,272,727,3370,567,0.7799174690508941,True,accepted_strict_direct_overlap,,,,,,,,
2026-07-09_FR5-2_Allulose,2026-07-09_FR5-2_Allulose,cFOS,273,729,3373,660,0.9053497942386831,True,accepted_strict_direct_overlap,,,,,,,,
2026-07-09_FR5-2_Allulose,2026-07-09_FR5-2_Allulose,cFOS,274,360,3378,326,0.9055555555555556,True,accepted_strict_direct_overlap,,,,,,,,
2026-07-09_FR5-2_Allulose,2026-07-09_FR5-2_Allulose,cFOS,275,497,3385,427,0.8591549295774648,True,accepted_strict_direct_overlap,,,,,,,,
2026-07-09_FR5-2_Allulose,2026-07-09_FR5-2_Allulose,cFOS,276,386,3388,384,0.9948186528497409,True,accepted_strict_direct_overlap,,,,,,,,
2026-07-09_FR5-2_Allulose,2026-07-09_FR5-2_Allulose,cFOS,277,639,3397,527,0.8247261345852895,True,accepted_strict_direct_overlap,,,,,,,,
2026-07-09_FR5-2_Allulose,2026-07-09_FR5-2_Allulose,cFOS,278,702,3410,614,0.8746438746438746,True,accepted_strict_direct_overlap,,,,,,,,
2026-07-09_FR5-2_Allulose,2026-07-09_FR5-2_Allulose,cFOS,279,401,3415,397,0.9900249376558603,True,accepted_strict_direct_overlap,,,,,,,,
2026-07-09_FR5-2_Allulose,2026-07-09_FR5-2_Allulose,cFOS,280,592,3420,572,0.9662162162162162,True,accepted_strict_direct_overlap,,,,,,,,
2026-07-09_FR5-2_Allulose,2026-07-09_FR5-2_Allulose,cFOS,281,710,3424,608,0.856338028169014,True,accepted_strict_direct_overlap,,,,,,,,
2026-07-09_FR5-2_Allulose,2026-07-09_FR5-2_Allulose,cFOS,282,826,3428,642,0.7772397094430993,True,accepted_strict_direct_overlap,,,,,,,,
2026-07-09_FR5-2_Allulose,2026-07-09_FR5-2_Allulose,cFOS,283,928,3441,623,0.6713362068965517,True,accepted_strict_direct_overlap,,,,,,,,
2026-07-09_FR5-2_Allulose,2026-07-09_FR5-2_Allulose,cFOS,284,496,3442,490,0.9879032258064516,True,accepted_strict_direct_overlap,,,,,,,,
2026-07-09_FR5-2_Allulose,2026-07-09_FR5-2_Allulose,cFOS,285,441,3455,358,0.8117913832199547,True,accepted_strict_direct_overlap,,,,,,,,
2026-07-09_FR5-2_Allulose,2026-07-09_FR5-2_Allulose,cFOS,286,429,3462,397,0.9254079254079254,True,accepted_strict_direct_overlap,,,,,,,,
2026-07-09_FR5-2_Allulose,2026-07-09_FR5-2_Allulose,cFOS,287,697,3474,645,0.9253945480631277,True,accepted_strict_direct_overlap,,,,,,,,
2026-07-09_FR5-2_Allulose,2026-07-09_FR5-2_Allulose,cFOS,288,644,3479,264,0.40993788819875776,True,accepted_strict_direct_overlap,,,,,,,,
2026-07-09_FR5-2_Allulose,2026-07-09_FR5-2_Allulose,cFOS,289,535,3480,526,0.983177570093458,True,accepted_strict_direct_overlap,,,,,,,,
2026-07-09_FR5-2_Allulose,2026-07-09_FR5-2_Allulose,cFOS,290,1085,3494,524,0.48294930875576036,True,accepted_strict_direct_overlap,,,,,,,,
2026-07-09_FR5-2_Allulose,2026-07-09_FR5-2_Allulose,cFOS,291,878,3498,845,0.9624145785876993,True,accepted_strict_direct_overlap,,,,,,,,
2026-07-09_FR5-2_Allulose,2026-07-09_FR5-2_Allulose,cFOS,292,1444,3502,862,0.5969529085872576,True,accepted_strict_direct_overlap,,,,,,,,
2026-07-09_FR5-2_Allulose,2026-07-09_FR5-2_Allulose,cFOS,293,1703,0,292,0.17146212566059893,False,overlap_below_threshold,,,,,,,,
2026-07-09_FR5-2_Allulose,2026-07-09_FR5-2_Allulose,cFOS,294,338,3501,338,1.0,True,accepted_strict_direct_overlap,,,,,,,,
2026-07-09_FR5-2_Allulose,2026-07-09_FR5-2_Allulose,cFOS,295,685,3512,656,0.9576642335766423,True,accepted_strict_direct_overlap,,,,,,,,
2026-07-09_FR5-2_Allulose,2026-07-09_FR5-2_Allulose,cFOS,296,680,3519,680,1.0,True,accepted_strict_direct_overlap,,,,,,,,
2026-07-09_FR5-2_Allulose,2026-07-09_FR5-2_Allulose,cFOS,297,421,3525,382,0.9073634204275535,True,accepted_strict_direct_overlap,,,,,,,,
2026-07-09_FR5-2_Allulose,2026-07-09_FR5-2_Allulose,cFOS,298,407,3552,402,0.9877149877149877,True,accepted_strict_direct_overlap,,,,,,,,
2026-07-09_FR5-2_Allulose,2026-07-09_FR5-2_Allulose,cFOS,299,254,3554,252,0.9921259842519685,True,accepted_strict_direct_overlap,,,,,,,,
2026-07-09_FR5-2_Allulose,2026-07-09_FR5-2_Allulose,ACTH_CLIP,1,167,5,167,1.0,True,accepted_size_and_best_expanded_dapi,ACTH/CLIP,3559.0,0.05,160.0,457.0,True,False,23.0
2026-07-09_FR5-2_Allulose,2026-07-09_FR5-2_Allulose,ACTH_CLIP,2,176,52,69,0.39204545454545453,True,accepted_size_and_best_expanded_dapi,ACTH/CLIP,3559.0,0.05,160.0,457.0,True,False,23.0
2026-07-09_FR5-2_Allulose,2026-07-09_FR5-2_Allulose,ACTH_CLIP,3,71,0,0,0.0,False,below_acquisition_dapi_area_p05_likely_noncell,ACTH/CLIP,3559.0,0.05,160.0,457.0,False,True,23.0
2026-07-09_FR5-2_Allulose,2026-07-09_FR5-2_Allulose,ACTH_CLIP,4,86,0,0,0.0,False,below_acquisition_dapi_area_p05_likely_noncell,ACTH/CLIP,3559.0,0.05,160.0,457.0,False,True,23.0
2026-07-09_FR5-2_Allulose,2026-07-09_FR5-2_Allulose,ACTH_CLIP,5,78,0,0,0.0,False,below_acquisition_dapi_area_p05_likely_noncell,ACTH/CLIP,3559.0,0.05,160.0,457.0,False,True,23.0
2026-07-09_FR5-2_Allulose,2026-07-09_FR5-2_Allulose,ACTH_CLIP,6,71,0,0,0.0,False,below_acquisition_dapi_area_p05_likely_noncell,ACTH/CLIP,3559.0,0.05,160.0,457.0,False,True,23.0
2026-07-09_FR5-2_Allulose,2026-07-09_FR5-2_Allulose,ACTH_CLIP,7,72,0,0,0.0,False,below_acquisition_dapi_area_p05_likely_noncell,ACTH/CLIP,3559.0,0.05,160.0,457.0,False,True,23.0
2026-07-09_FR5-2_Allulose,2026-07-09_FR5-2_Allulose,ACTH_CLIP,8,280,0,0,0.0,False,insufficient_expanded_dapi_pixels,ACTH/CLIP,3559.0,0.05,160.0,457.0,True,False,23.0
2026-07-09_FR5-2_Allulose,2026-07-09_FR5-2_Allulose,ACTH_CLIP,9,187,533,166,0.8877005347593583,True,accepted_size_and_best_expanded_dapi,ACTH/CLIP,3559.0,0.05,160.0,457.0,True,False,23.0
2026-07-09_FR5-2_Allulose,2026-07-09_FR5-2_Allulose,ACTH_CLIP,10,505,682,235,0.46534653465346537,True,accepted_size_and_best_expanded_dapi,ACTH/CLIP,3559.0,0.05,160.0,457.0,True,False,23.0
2026-07-09_FR5-2_Allulose,2026-07-09_FR5-2_Allulose,ACTH_CLIP,11,1793,686,1756,0.9793641940881205,True,accepted_size_and_best_expanded_dapi,ACTH/CLIP,3559.0,0.05,160.0,457.0,True,False,23.0
2026-07-09_FR5-2_Allulose,2026-07-09_FR5-2_Allulose,ACTH_CLIP,12,1030,695,953,0.925242718446602,True,accepted_size_and_best_expanded_dapi,ACTH/CLIP,3559.0,0.05,160.0,457.0,True,False,23.0
2026-07-09_FR5-2_Allulose,2026-07-09_FR5-2_Allulose,ACTH_CLIP,13,1354,727,1315,0.9711964549483013,True,accepted_size_and_best_expanded_dapi,ACTH/CLIP,3559.0,0.05,160.0,457.0,True,False,23.0
2026-07-09_FR5-2_Allulose,2026-07-09_FR5-2_Allulose,ACTH_CLIP,14,46,0,0,0.0,False,below_acquisition_dapi_area_p05_likely_noncell,ACTH/CLIP,3559.0,0.05,160.0,457.0,False,True,23.0
2026-07-09_FR5-2_Allulose,2026-07-09_FR5-2_Allulose,ACTH_CLIP,15,490,954,490,1.0,True,accepted_size_and_best_expanded_dapi,ACTH/CLIP,3559.0,0.05,160.0,457.0,True,False,23.0
2026-07-09_FR5-2_Allulose,2026-07-09_FR5-2_Allulose,ACTH_CLIP,16,839,1042,834,0.9940405244338498,True,accepted_size_and_best_expanded_dapi,ACTH/CLIP,3559.0,0.05,160.0,457.0,True,False,23.0
2026-07-09_FR5-2_Allulose,2026-07-09_FR5-2_Allulose,ACTH_CLIP,17,869,1055,822,0.9459148446490219,True,accepted_size_and_best_expanded_dapi,ACTH/CLIP,3559.0,0.05,160.0,457.0,True,False,23.0
2026-07-09_FR5-2_Allulose,2026-07-09_FR5-2_Allulose,ACTH_CLIP,18,86,0,0,0.0,False,below_acquisition_dapi_area_p05_likely_noncell,ACTH/CLIP,3559.0,0.05,160.0,457.0,False,True,23.0
2026-07-09_FR5-2_Allulose,2026-07-09_FR5-2_Allulose,ACTH_CLIP,19,85,0,0,0.0,False,below_acquisition_dapi_area_p05_likely_noncell,ACTH/CLIP,3559.0,0.05,160.0,457.0,False,True,23.0
2026-07-09_FR5-2_Allulose,2026-07-09_FR5-2_Allulose,ACTH_CLIP,20,677,1173,514,0.7592319054652881,True,accepted_size_and_best_expanded_dapi,ACTH/CLIP,3559.0,0.05,160.0,457.0,True,False,23.0
2026-07-09_FR5-2_Allulose,2026-07-09_FR5-2_Allulose,ACTH_CLIP,21,433,1193,429,0.9907621247113164,True,accepted_size_and_best_expanded_dapi,ACTH/CLIP,3559.0,0.05,160.0,457.0,True,False,23.0
2026-07-09_FR5-2_Allulose,2026-07-09_FR5-2_Allulose,ACTH_CLIP,22,45,0,0,0.0,False,below_acquisition_dapi_area_p05_likely_noncell,ACTH/CLIP,3559.0,0.05,160.0,457.0,False,True,23.0
2026-07-09_FR5-2_Allulose,2026-07-09_FR5-2_Allulose,ACTH_CLIP,23,28,0,0,0.0,False,below_acquisition_dapi_area_p05_likely_noncell,ACTH/CLIP,3559.0,0.05,160.0,457.0,False,True,23.0
2026-07-09_FR5-2_Allulose,2026-07-09_FR5-2_Allulose,ACTH_CLIP,24,1475,1266,816,0.5532203389830509,True,accepted_size_and_best_expanded_dapi,ACTH/CLIP,3559.0,0.05,160.0,457.0,True,False,23.0
2026-07-09_FR5-2_Allulose,2026-07-09_FR5-2_Allulose,ACTH_CLIP,25,1217,1264,1217,1.0,True,accepted_size_and_best_expanded_dapi,ACTH/CLIP,3559.0,0.05,160.0,457.0,True,False,23.0
2026-07-09_FR5-2_Allulose,2026-07-09_FR5-2_Allulose,ACTH_CLIP,26,41,0,0,0.0,False,below_acquisition_dapi_area_p05_likely_noncell,ACTH/CLIP,3559.0,0.05,160.0,457.0,False,True,23.0
2026-07-09_FR5-2_Allulose,2026-07-09_FR5-2_Allulose,ACTH_CLIP,27,44,0,0,0.0,False,below_acquisition_dapi_area_p05_likely_noncell,ACTH/CLIP,3559.0,0.05,160.0,457.0,False,True,23.0
2026-07-09_FR5-2_Allulose,2026-07-09_FR5-2_Allulose,ACTH_CLIP,28,650,1288,616,0.9476923076923077,True,accepted_size_and_best_expanded_dapi,ACTH/CLIP,3559.0,0.05,160.0,457.0,True,False,23.0
2026-07-09_FR5-2_Allulose,2026-07-09_FR5-2_Allulose,ACTH_CLIP,29,40,0,0,0.0,False,below_acquisition_dapi_area_p05_likely_noncell,ACTH/CLIP,3559.0,0.05,160.0,457.0,False,True,23.0
2026-07-09_FR5-2_Allulose,2026-07-09_FR5-2_Allulose,ACTH_CLIP,30,539,1392,420,0.7792207792207793,True,accepted_size_and_best_expanded_dapi,ACTH/CLIP,3559.0,0.05,160.0,457.0,True,False,23.0
2026-07-09_FR5-2_Allulose,2026-07-09_FR5-2_Allulose,ACTH_CLIP,31,1205,1401,1205,1.0,True,accepted_size_and_best_expanded_dapi,ACTH/CLIP,3559.0,0.05,160.0,457.0,True,False,23.0
2026-07-09_FR5-2_Allulose,2026-07-09_FR5-2_Allulose,ACTH_CLIP,32,847,1446,841,0.9929161747343566,True,accepted_size_and_best_expanded_dapi,ACTH/CLIP,3559.0,0.05,160.0,457.0,True,False,23.0
2026-07-09_FR5-2_Allulose,2026-07-09_FR5-2_Allulose,ACTH_CLIP,33,242,1460,242,1.0,True,accepted_size_and_best_expanded_dapi,ACTH/CLIP,3559.0,0.05,160.0,457.0,True,False,23.0
2026-07-09_FR5-2_Allulose,2026-07-09_FR5-2_Allulose,ACTH_CLIP,34,133,0,0,0.0,False,below_acquisition_dapi_area_p05_likely_noncell,ACTH/CLIP,3559.0,0.05,160.0,457.0,False,True,23.0
2026-07-09_FR5-2_Allulose,2026-07-09_FR5-2_Allulose,ACTH_CLIP,35,156,0,0,0.0,False,below_acquisition_dapi_area_p05_likely_noncell,ACTH/CLIP,3559.0,0.05,160.0,457.0,False,True,23.0
2026-07-09_FR5-2_Allulose,2026-07-09_FR5-2_Allulose,ACTH_CLIP,36,84,0,0,0.0,False,below_acquisition_dapi_area_p05_likely_noncell,ACTH/CLIP,3559.0,0.05,160.0,457.0,False,True,23.0
2026-07-09_FR5-2_Allulose,2026-07-09_FR5-2_Allulose,ACTH_CLIP,37,103,0,0,0.0,False,below_acquisition_dapi_area_p05_likely_noncell,ACTH/CLIP,3559.0,0.05,160.0,457.0,False,True,23.0
2026-07-09_FR5-2_Allulose,2026-07-09_FR5-2_Allulose,ACTH_CLIP,38,358,1931,344,0.9608938547486033,True,accepted_size_and_best_expanded_dapi,ACTH/CLIP,3559.0,0.05,160.0,457.0,True,False,23.0
2026-07-09_FR5-2_Allulose,2026-07-09_FR5-2_Allulose,ACTH_CLIP,39,219,2053,215,0.9817351598173516,True,accepted_size_and_best_expanded_dapi,ACTH/CLIP,3559.0,0.05,160.0,457.0,True,False,23.0
2026-07-09_FR5-2_Allulose,2026-07-09_FR5-2_Allulose,ACTH_CLIP,40,663,2048,365,0.55052790346908,True,accepted_size_and_best_expanded_dapi,ACTH/CLIP,3559.0,0.05,160.0,457.0,True,False,23.0
2026-07-09_FR5-2_Allulose,2026-07-09_FR5-2_Allulose,ACTH_CLIP,41,467,2063,467,1.0,True,accepted_size_and_best_expanded_dapi,ACTH/CLIP,3559.0,0.05,160.0,457.0,True,False,23.0
2026-07-09_FR5-2_Allulose,2026-07-09_FR5-2_Allulose,ACTH_CLIP,42,1056,2105,810,0.7670454545454546,True,accepted_size_and_best_expanded_dapi,ACTH/CLIP,3559.0,0.05,160.0,457.0,True,False,23.0
2026-07-09_FR5-2_Allulose,2026-07-09_FR5-2_Allulose,ACTH_CLIP,43,572,2101,572,1.0,True,accepted_size_and_best_expanded_dapi,ACTH/CLIP,3559.0,0.05,160.0,457.0,True,False,23.0
2026-07-09_FR5-2_Allulose,2026-07-09_FR5-2_Allulose,ACTH_CLIP,44,930,2120,919,0.9881720430107527,True,accepted_size_and_best_expanded_dapi,ACTH/CLIP,3559.0,0.05,160.0,457.0,True,False,23.0
2026-07-09_FR5-2_Allulose,2026-07-09_FR5-2_Allulose,ACTH_CLIP,45,499,2168,353,0.7074148296593187,True,accepted_size_and_best_expanded_dapi,ACTH/CLIP,3559.0,0.05,160.0,457.0,True,False,23.0
2026-07-09_FR5-2_Allulose,2026-07-09_FR5-2_Allulose,ACTH_CLIP,46,515,2211,312,0.6058252427184466,True,accepted_size_and_best_expanded_dapi,ACTH/CLIP,3559.0,0.05,160.0,457.0,True,False,23.0
2026-07-09_FR5-2_Allulose,2026-07-09_FR5-2_Allulose,ACTH_CLIP,47,799,2244,779,0.9749687108886108,True,accepted_size_and_best_expanded_dapi,ACTH/CLIP,3559.0,0.05,160.0,457.0,True,False,23.0
2026-07-09_FR5-2_Allulose,2026-07-09_FR5-2_Allulose,ACTH_CLIP,48,407,2256,310,0.7616707616707616,True,accepted_size_and_best_expanded_dapi,ACTH/CLIP,3559.0,0.05,160.0,457.0,True,False,23.0
2026-07-09_FR5-2_Allulose,2026-07-09_FR5-2_Allulose,ACTH_CLIP,49,621,2243,550,0.8856682769726248,True,accepted_size_and_best_expanded_dapi,ACTH/CLIP,3559.0,0.05,160.0,457.0,True,False,23.0
2026-07-09_FR5-2_Allulose,2026-07-09_FR5-2_Allulose,ACTH_CLIP,50,324,2287,324,1.0,True,accepted_size_and_best_expanded_dapi,ACTH/CLIP,3559.0,0.05,160.0,457.0,True,False,23.0
2026-07-09_FR5-2_Allulose,2026-07-09_FR5-2_Allulose,ACTH_CLIP,51,410,2393,410,1.0,True,accepted_size_and_best_expanded_dapi,ACTH/CLIP,3559.0,0.05,160.0,457.0,True,False,23.0
2026-07-09_FR5-2_Allulose,2026-07-09_FR5-2_Allulose,ACTH_CLIP,52,970,2442,941,0.9701030927835051,True,accepted_size_and_best_expanded_dapi,ACTH/CLIP,3559.0,0.05,160.0,457.0,True,False,23.0
2026-07-09_FR5-2_Allulose,2026-07-09_FR5-2_Allulose,ACTH_CLIP,53,600,2469,493,0.8216666666666667,True,accepted_size_and_best_expanded_dapi,ACTH/CLIP,3559.0,0.05,160.0,457.0,True,False,23.0
2026-07-09_FR5-2_Allulose,2026-07-09_FR5-2_Allulose,ACTH_CLIP,54,520,2472,520,1.0,True,accepted_size_and_best_expanded_dapi,ACTH/CLIP,3559.0,0.05,160.0,457.0,True,False,23.0
2026-07-09_FR5-2_Allulose,2026-07-09_FR5-2_Allulose,ACTH_CLIP,55,394,2503,394,1.0,True,accepted_size_and_best_expanded_dapi,ACTH/CLIP,3559.0,0.05,160.0,457.0,True,False,23.0
2026-07-09_FR5-2_Allulose,2026-07-09_FR5-2_Allulose,ACTH_CLIP,56,660,2532,515,0.7803030303030303,True,accepted_size_and_best_expanded_dapi,ACTH/CLIP,3559.0,0.05,160.0,457.0,True,False,23.0
2026-07-09_FR5-2_Allulose,2026-07-09_FR5-2_Allulose,ACTH_CLIP,57,558,2538,558,1.0,True,accepted_size_and_best_expanded_dapi,ACTH/CLIP,3559.0,0.05,160.0,457.0,True,False,23.0
2026-07-09_FR5-2_Allulose,2026-07-09_FR5-2_Allulose,ACTH_CLIP,58,856,2644,666,0.7780373831775701,True,accepted_size_and_best_expanded_dapi,ACTH/CLIP,3559.0,0.05,160.0,457.0,True,False,23.0
2026-07-09_FR5-2_Allulose,2026-07-09_FR5-2_Allulose,ACTH_CLIP,59,998,2703,998,1.0,True,accepted_size_and_best_expanded_dapi,ACTH/CLIP,3559.0,0.05,160.0,457.0,True,False,23.0
2026-07-09_FR5-2_Allulose,2026-07-09_FR5-2_Allulose,ACTH_CLIP,60,1129,2746,1114,0.9867139061116031,True,accepted_size_and_best_expanded_dapi,ACTH/CLIP,3559.0,0.05,160.0,457.0,True,False,23.0
2026-07-09_FR5-2_Allulose,2026-07-09_FR5-2_Allulose,ACTH_CLIP,61,1145,2766,1030,0.8995633187772926,True,accepted_size_and_best_expanded_dapi,ACTH/CLIP,3559.0,0.05,160.0,457.0,True,False,23.0
2026-07-09_FR5-2_Allulose,2026-07-09_FR5-2_Allulose,ACTH_CLIP,62,388,2776,216,0.5567010309278351,True,accepted_size_and_best_expanded_dapi,ACTH/CLIP,3559.0,0.05,160.0,457.0,True,False,23.0
2026-07-09_FR5-2_Allulose,2026-07-09_FR5-2_Allulose,ACTH_CLIP,63,847,2837,489,0.577331759149941,True,accepted_size_and_best_expanded_dapi,ACTH/CLIP,3559.0,0.05,160.0,457.0,True,False,23.0
2026-07-09_FR5-2_Allulose,2026-07-09_FR5-2_Allulose,ACTH_CLIP,64,1669,2832,1420,0.8508088675853804,True,accepted_size_and_best_expanded_dapi,ACTH/CLIP,3559.0,0.05,160.0,457.0,True,False,23.0
2026-07-09_FR5-2_Allulose,2026-07-09_FR5-2_Allulose,ACTH_CLIP,65,1312,2866,1306,0.9954268292682927,True,accepted_size_and_best_expanded_dapi,ACTH/CLIP,3559.0,0.05,160.0,457.0,True,False,23.0
2026-07-09_FR5-2_Allulose,2026-07-09_FR5-2_Allulose,ACTH_CLIP,66,716,2918,603,0.8421787709497207,True,accepted_size_and_best_expanded_dapi,ACTH/CLIP,3559.0,0.05,160.0,457.0,True,False,23.0
2026-07-09_FR5-2_Allulose,2026-07-09_FR5-2_Allulose,ACTH_CLIP,67,31,0,0,0.0,False,below_acquisition_dapi_area_p05_likely_noncell,ACTH/CLIP,3559.0,0.05,160.0,457.0,False,True,23.0
2026-07-09_FR5-2_Allulose,2026-07-09_FR5-2_Allulose,ACTH_CLIP,68,219,3076,219,1.0,True,accepted_size_and_best_expanded_dapi,ACTH/CLIP,3559.0,0.05,160.0,457.0,True,False,23.0
2026-07-09_FR5-2_Allulose,2026-07-09_FR5-2_Allulose,ACTH_CLIP,69,269,3179,158,0.587360594795539,True,accepted_size_and_best_expanded_dapi,ACTH/CLIP,3559.0,0.05,160.0,457.0,True,False,23.0
2026-07-09_FR5-2_Allulose,2026-07-09_FR5-2_Allulose,ACTH_CLIP,70,147,0,0,0.0,False,below_acquisition_dapi_area_p05_likely_noncell,ACTH/CLIP,3559.0,0.05,160.0,457.0,False,True,23.0
2026-07-09_FR5-2_Allulose,2026-07-09_FR5-2_Allulose,ACTH_CLIP,71,268,3195,268,1.0,True,accepted_size_and_best_expanded_dapi,ACTH/CLIP,3559.0,0.05,160.0,457.0,True,False,23.0
2026-07-09_FR5-2_Allulose,2026-07-09_FR5-2_Allulose,ACTH_CLIP,72,819,3265,447,0.5457875457875457,True,accepted_size_and_best_expanded_dapi,ACTH/CLIP,3559.0,0.05,160.0,457.0,True,False,23.0
2026-07-09_FR5-2_Allulose,2026-07-09_FR5-2_Allulose,ACTH_CLIP,73,868,3370,868,1.0,True,accepted_size_and_best_expanded_dapi,ACTH/CLIP,3559.0,0.05,160.0,457.0,True,False,23.0
2026-07-09_FR5-2_Allulose,2026-07-09_FR5-2_Allulose,ACTH_CLIP,74,232,3369,232,1.0,True,accepted_size_and_best_expanded_dapi,ACTH/CLIP,3559.0,0.05,160.0,457.0,True,False,23.0
2026-07-09_FR5-2_Allulose,2026-07-09_FR5-2_Allulose,ACTH_CLIP,75,149,0,0,0.0,False,below_acquisition_dapi_area_p05_likely_noncell,ACTH/CLIP,3559.0,0.05,160.0,457.0,False,True,23.0
2026-07-09_FR5-3_Sucrose,2026-07-09_FR5-3_Sucrose,cFOS,1,488,24,466,0.9549180327868853,True,accepted_strict_direct_overlap,,,,,,,,
2026-07-09_FR5-3_Sucrose,2026-07-09_FR5-3_Sucrose,cFOS,2,372,0,0,0.0,False,overlap_below_threshold,,,,,,,,
2026-07-09_FR5-3_Sucrose,2026-07-09_FR5-3_Sucrose,cFOS,3,637,53,465,0.7299843014128728,True,accepted_strict_direct_overlap,,,,,,,,
2026-07-09_FR5-3_Sucrose,2026-07-09_FR5-3_Sucrose,cFOS,4,776,52,654,0.8427835051546392,True,accepted_strict_direct_overlap,,,,,,,,
2026-07-09_FR5-3_Sucrose,2026-07-09_FR5-3_Sucrose,cFOS,5,549,78,474,0.8633879781420765,True,accepted_strict_direct_overlap,,,,,,,,
2026-07-09_FR5-3_Sucrose,2026-07-09_FR5-3_Sucrose,cFOS,6,242,0,73,0.30165289256198347,False,overlap_below_threshold,,,,,,,,
2026-07-09_FR5-3_Sucrose,2026-07-09_FR5-3_Sucrose,cFOS,7,667,89,560,0.8395802098950524,True,accepted_strict_direct_overlap,,,,,,,,
2026-07-09_FR5-3_Sucrose,2026-07-09_FR5-3_Sucrose,cFOS,8,406,122,376,0.9261083743842364,True,accepted_strict_direct_overlap,,,,,,,,
2026-07-09_FR5-3_Sucrose,2026-07-09_FR5-3_Sucrose,cFOS,9,427,119,371,0.8688524590163934,True,accepted_strict_direct_overlap,,,,,,,,
2026-07-09_FR5-3_Sucrose,2026-07-09_FR5-3_Sucrose,cFOS,10,592,196,418,0.706081081081081,True,accepted_strict_direct_overlap,,,,,,,,
2026-07-09_FR5-3_Sucrose,2026-07-09_FR5-3_Sucrose,cFOS,11,536,225,481,0.8973880597014925,True,accepted_strict_direct_overlap,,,,,,,,
2026-07-09_FR5-3_Sucrose,2026-07-09_FR5-3_Sucrose,cFOS,12,681,245,602,0.8839941262848752,True,accepted_strict_direct_overlap,,,,,,,,
2026-07-09_FR5-3_Sucrose,2026-07-09_FR5-3_Sucrose,cFOS,13,400,262,399,0.9975,True,accepted_strict_direct_overlap,,,,,,,,
2026-07-09_FR5-3_Sucrose,2026-07-09_FR5-3_Sucrose,cFOS,14,664,261,368,0.5542168674698795,True,accepted_strict_direct_overlap,,,,,,,,
2026-07-09_FR5-3_Sucrose,2026-07-09_FR5-3_Sucrose,cFOS,15,476,274,457,0.9600840336134454,True,accepted_strict_direct_overlap,,,,,,,,
2026-07-09_FR5-3_Sucrose,2026-07-09_FR5-3_Sucrose,cFOS,16,952,287,773,0.8119747899159664,True,accepted_strict_direct_overlap,,,,,,,,
2026-07-09_FR5-3_Sucrose,2026-07-09_FR5-3_Sucrose,cFOS,17,788,298,519,0.6586294416243654,True,accepted_strict_direct_overlap,,,,,,,,
2026-07-09_FR5-3_Sucrose,2026-07-09_FR5-3_Sucrose,cFOS,18,247,303,247,1.0,True,accepted_strict_direct_overlap,,,,,,,,
2026-07-09_FR5-3_Sucrose,2026-07-09_FR5-3_Sucrose,cFOS,19,282,308,274,0.9716312056737588,True,accepted_strict_direct_overlap,,,,,,,,
2026-07-09_FR5-3_Sucrose,2026-07-09_FR5-3_Sucrose,cFOS,20,181,312,181,1.0,True,accepted_strict_direct_overlap,,,,,,,,
2026-07-09_FR5-3_Sucrose,2026-07-09_FR5-3_Sucrose,cFOS,21,687,331,675,0.982532751091703,True,accepted_strict_direct_overlap,,,,,,,,
2026-07-09_FR5-3_Sucrose,2026-07-09_FR5-3_Sucrose,cFOS,22,992,341,869,0.876008064516129,True,accepted_strict_direct_overlap,,,,,,,,
2026-07-09_FR5-3_Sucrose,2026-07-09_FR5-3_Sucrose,cFOS,23,705,358,690,0.9787234042553191,True,accepted_strict_direct_overlap,,,,,,,,
2026-07-09_FR5-3_Sucrose,2026-07-09_FR5-3_Sucrose,cFOS,24,782,371,659,0.8427109974424553,True,accepted_strict_direct_overlap,,,,,,,,
2026-07-09_FR5-3_Sucrose,2026-07-09_FR5-3_Sucrose,cFOS,25,703,381,581,0.8264580369843528,True,accepted_strict_direct_overlap,,,,,,,,
2026-07-09_FR5-3_Sucrose,2026-07-09_FR5-3_Sucrose,cFOS,26,802,411,742,0.9251870324189526,True,accepted_strict_direct_overlap,,,,,,,,
2026-07-09_FR5-3_Sucrose,2026-07-09_FR5-3_Sucrose,cFOS,27,263,426,263,1.0,True,accepted_strict_direct_overlap,,,,,,,,
2026-07-09_FR5-3_Sucrose,2026-07-09_FR5-3_Sucrose,cFOS,28,466,429,466,1.0,True,accepted_strict_direct_overlap,,,,,,,,
2026-07-09_FR5-3_Sucrose,2026-07-09_FR5-3_Sucrose,cFOS,29,865,443,778,0.8994219653179191,True,accepted_strict_direct_overlap,,,,,,,,
2026-07-09_FR5-3_Sucrose,2026-07-09_FR5-3_Sucrose,cFOS,30,556,466,511,0.9190647482014388,True,accepted_strict_direct_overlap,,,,,,,,
2026-07-09_FR5-3_Sucrose,2026-07-09_FR5-3_Sucrose,cFOS,31,355,467,328,0.923943661971831,True,accepted_strict_direct_overlap,,,,,,,,
2026-07-09_FR5-3_Sucrose,2026-07-09_FR5-3_Sucrose,cFOS,32,720,472,581,0.8069444444444445,True,accepted_strict_direct_overlap,,,,,,,,
2026-07-09_FR5-3_Sucrose,2026-07-09_FR5-3_Sucrose,cFOS,33,792,490,401,0.5063131313131313,True,accepted_strict_direct_overlap,,,,,,,,
2026-07-09_FR5-3_Sucrose,2026-07-09_FR5-3_Sucrose,cFOS,34,596,476,545,0.9144295302013423,True,accepted_strict_direct_overlap,,,,,,,,
2026-07-09_FR5-3_Sucrose,2026-07-09_FR5-3_Sucrose,cFOS,35,576,485,535,0.9288194444444444,True,accepted_strict_direct_overlap,,,,,,,,
2026-07-09_FR5-3_Sucrose,2026-07-09_FR5-3_Sucrose,cFOS,36,824,509,678,0.8228155339805825,True,accepted_strict_direct_overlap,,,,,,,,
2026-07-09_FR5-3_Sucrose,2026-07-09_FR5-3_Sucrose,cFOS,37,160,548,159,0.99375,True,accepted_strict_direct_overlap,,,,,,,,
2026-07-09_FR5-3_Sucrose,2026-07-09_FR5-3_Sucrose,cFOS,38,768,562,697,0.9075520833333334,True,accepted_strict_direct_overlap,,,,,,,,
2026-07-09_FR5-3_Sucrose,2026-07-09_FR5-3_Sucrose,cFOS,39,640,592,604,0.94375,True,accepted_strict_direct_overlap,,,,,,,,
2026-07-09_FR5-3_Sucrose,2026-07-09_FR5-3_Sucrose,cFOS,40,465,610,447,0.9612903225806452,True,accepted_strict_direct_overlap,,,,,,,,
2026-07-09_FR5-3_Sucrose,2026-07-09_FR5-3_Sucrose,cFOS,41,653,628,466,0.7136294027565084,True,accepted_strict_direct_overlap,,,,,,,,
2026-07-09_FR5-3_Sucrose,2026-07-09_FR5-3_Sucrose,cFOS,42,639,634,635,0.9937402190923318,True,accepted_strict_direct_overlap,,,,,,,,
2026-07-09_FR5-3_Sucrose,2026-07-09_FR5-3_Sucrose,cFOS,43,733,651,676,0.922237380627558,True,accepted_strict_direct_overlap,,,,,,,,
2026-07-09_FR5-3_Sucrose,2026-07-09_FR5-3_Sucrose,cFOS,44,302,676,243,0.804635761589404,True,accepted_strict_direct_overlap,,,,,,,,
2026-07-09_FR5-3_Sucrose,2026-07-09_FR5-3_Sucrose,cFOS,45,372,719,344,0.9247311827956989,True,accepted_strict_direct_overlap,,,,,,,,
2026-07-09_FR5-3_Sucrose,2026-07-09_FR5-3_Sucrose,cFOS,46,202,0,14,0.06930693069306931,False,overlap_below_threshold,,,,,,,,
2026-07-09_FR5-3_Sucrose,2026-07-09_FR5-3_Sucrose,cFOS,47,177,0,69,0.3898305084745763,False,overlap_below_threshold,,,,,,,,
2026-07-09_FR5-3_Sucrose,2026-07-09_FR5-3_Sucrose,cFOS,48,609,742,484,0.7947454844006568,True,accepted_strict_direct_overlap,,,,,,,,
2026-07-09_FR5-3_Sucrose,2026-07-09_FR5-3_Sucrose,cFOS,49,252,763,157,0.623015873015873,True,accepted_strict_direct_overlap,,,,,,,,
2026-07-09_FR5-3_Sucrose,2026-07-09_FR5-3_Sucrose,cFOS,50,775,809,682,0.88,True,accepted_strict_direct_overlap,,,,,,,,
2026-07-09_FR5-3_Sucrose,2026-07-09_FR5-3_Sucrose,cFOS,51,571,818,532,0.9316987740805605,True,accepted_strict_direct_overlap,,,,,,,,
2026-07-09_FR5-3_Sucrose,2026-07-09_FR5-3_Sucrose,cFOS,52,581,828,570,0.9810671256454389,True,accepted_strict_direct_overlap,,,,,,,,
2026-07-09_FR5-3_Sucrose,2026-07-09_FR5-3_Sucrose,cFOS,53,735,863,703,0.9564625850340136,True,accepted_strict_direct_overlap,,,,,,,,
2026-07-09_FR5-3_Sucrose,2026-07-09_FR5-3_Sucrose,cFOS,54,509,900,467,0.9174852652259332,True,accepted_strict_direct_overlap,,,,,,,,
2026-07-09_FR5-3_Sucrose,2026-07-09_FR5-3_Sucrose,cFOS,55,501,910,317,0.6327345309381237,True,accepted_strict_direct_overlap,,,,,,,,
2026-07-09_FR5-3_Sucrose,2026-07-09_FR5-3_Sucrose,cFOS,56,824,930,722,0.8762135922330098,True,accepted_strict_direct_overlap,,,,,,,,
2026-07-09_FR5-3_Sucrose,2026-07-09_FR5-3_Sucrose,cFOS,57,297,941,286,0.9629629629629629,True,accepted_strict_direct_overlap,,,,,,,,
2026-07-09_FR5-3_Sucrose,2026-07-09_FR5-3_Sucrose,cFOS,58,620,949,476,0.7677419354838709,True,accepted_strict_direct_overlap,,,,,,,,
2026-07-09_FR5-3_Sucrose,2026-07-09_FR5-3_Sucrose,cFOS,59,440,951,438,0.9954545454545455,True,accepted_strict_direct_overlap,,,,,,,,
2026-07-09_FR5-3_Sucrose,2026-07-09_FR5-3_Sucrose,cFOS,60,476,957,413,0.8676470588235294,True,accepted_strict_direct_overlap,,,,,,,,
2026-07-09_FR5-3_Sucrose,2026-07-09_FR5-3_Sucrose,cFOS,61,556,965,462,0.8309352517985612,True,accepted_strict_direct_overlap,,,,,,,,
2026-07-09_FR5-3_Sucrose,2026-07-09_FR5-3_Sucrose,cFOS,62,555,993,477,0.8594594594594595,True,accepted_strict_direct_overlap,,,,,,,,
2026-07-09_FR5-3_Sucrose,2026-07-09_FR5-3_Sucrose,cFOS,63,803,1017,648,0.8069738480697385,True,accepted_strict_direct_overlap,,,,,,,,
2026-07-09_FR5-3_Sucrose,2026-07-09_FR5-3_Sucrose,cFOS,64,613,1015,544,0.8874388254486134,True,accepted_strict_direct_overlap,,,,,,,,
2026-07-09_FR5-3_Sucrose,2026-07-09_FR5-3_Sucrose,cFOS,65,697,1037,610,0.8751793400286944,True,accepted_strict_direct_overlap,,,,,,,,
2026-07-09_FR5-3_Sucrose,2026-07-09_FR5-3_Sucrose,cFOS,66,681,1041,587,0.8619676945668135,True,accepted_strict_direct_overlap,,,,,,,,
2026-07-09_FR5-3_Sucrose,2026-07-09_FR5-3_Sucrose,cFOS,67,451,1055,268,0.5942350332594235,True,accepted_strict_direct_overlap,,,,,,,,
2026-07-09_FR5-3_Sucrose,2026-07-09_FR5-3_Sucrose,cFOS,68,776,1064,675,0.8698453608247423,True,accepted_strict_direct_overlap,,,,,,,,
2026-07-09_FR5-3_Sucrose,2026-07-09_FR5-3_Sucrose,cFOS,69,716,1077,628,0.8770949720670391,True,accepted_strict_direct_overlap,,,,,,,,
2026-07-09_FR5-3_Sucrose,2026-07-09_FR5-3_Sucrose,cFOS,70,690,1076,657,0.9521739130434783,True,accepted_strict_direct_overlap,,,,,,,,
2026-07-09_FR5-3_Sucrose,2026-07-09_FR5-3_Sucrose,cFOS,71,341,1099,274,0.8035190615835777,True,accepted_strict_direct_overlap,,,,,,,,
2026-07-09_FR5-3_Sucrose,2026-07-09_FR5-3_Sucrose,cFOS,72,415,1101,393,0.946987951807229,True,accepted_strict_direct_overlap,,,,,,,,
2026-07-09_FR5-3_Sucrose,2026-07-09_FR5-3_Sucrose,cFOS,73,552,1118,485,0.8786231884057971,True,accepted_strict_direct_overlap,,,,,,,,
2026-07-09_FR5-3_Sucrose,2026-07-09_FR5-3_Sucrose,cFOS,74,542,1137,505,0.9317343173431735,True,accepted_strict_direct_overlap,,,,,,,,
2026-07-09_FR5-3_Sucrose,2026-07-09_FR5-3_Sucrose,cFOS,75,209,1152,177,0.84688995215311,True,accepted_strict_direct_overlap,,,,,,,,
2026-07-09_FR5-3_Sucrose,2026-07-09_FR5-3_Sucrose,cFOS,76,427,1158,420,0.9836065573770492,True,accepted_strict_direct_overlap,,,,,,,,
2026-07-09_FR5-3_Sucrose,2026-07-09_FR5-3_Sucrose,cFOS,77,464,1170,464,1.0,True,accepted_strict_direct_overlap,,,,,,,,
2026-07-09_FR5-3_Sucrose,2026-07-09_FR5-3_Sucrose,cFOS,78,813,1185,728,0.8954489544895449,True,accepted_strict_direct_overlap,,,,,,,,
2026-07-09_FR5-3_Sucrose,2026-07-09_FR5-3_Sucrose,cFOS,79,533,1182,531,0.9962476547842402,True,accepted_strict_direct_overlap,,,,,,,,
2026-07-09_FR5-3_Sucrose,2026-07-09_FR5-3_Sucrose,cFOS,80,467,1210,388,0.8308351177730193,True,accepted_strict_direct_overlap,,,,,,,,
2026-07-09_FR5-3_Sucrose,2026-07-09_FR5-3_Sucrose,cFOS,81,486,1220,433,0.8909465020576132,True,accepted_strict_direct_overlap,,,,,,,,
2026-07-09_FR5-3_Sucrose,2026-07-09_FR5-3_Sucrose,cFOS,82,235,1226,215,0.9148936170212766,True,accepted_strict_direct_overlap,,,,,,,,
2026-07-09_FR5-3_Sucrose,2026-07-09_FR5-3_Sucrose,cFOS,83,636,1239,628,0.9874213836477987,True,accepted_strict_direct_overlap,,,,,,,,
2026-07-09_FR5-3_Sucrose,2026-07-09_FR5-3_Sucrose,cFOS,84,204,1251,204,1.0,True,accepted_strict_direct_overlap,,,,,,,,
2026-07-09_FR5-3_Sucrose,2026-07-09_FR5-3_Sucrose,cFOS,85,734,1273,662,0.9019073569482289,True,accepted_strict_direct_overlap,,,,,,,,
2026-07-09_FR5-3_Sucrose,2026-07-09_FR5-3_Sucrose,cFOS,86,407,1274,404,0.9926289926289926,True,accepted_strict_direct_overlap,,,,,,,,
2026-07-09_FR5-3_Sucrose,2026-07-09_FR5-3_Sucrose,cFOS,87,631,1281,565,0.8954041204437401,True,accepted_strict_direct_overlap,,,,,,,,
2026-07-09_FR5-3_Sucrose,2026-07-09_FR5-3_Sucrose,cFOS,88,734,1306,720,0.9809264305177112,True,accepted_strict_direct_overlap,,,,,,,,
2026-07-09_FR5-3_Sucrose,2026-07-09_FR5-3_Sucrose,cFOS,89,742,1311,643,0.866576819407008,True,accepted_strict_direct_overlap,,,,,,,,
2026-07-09_FR5-3_Sucrose,2026-07-09_FR5-3_Sucrose,cFOS,90,568,1340,497,0.875,True,accepted_strict_direct_overlap,,,,,,,,
2026-07-09_FR5-3_Sucrose,2026-07-09_FR5-3_Sucrose,cFOS,91,363,1411,353,0.9724517906336089,True,accepted_strict_direct_overlap,,,,,,,,
2026-07-09_FR5-3_Sucrose,2026-07-09_FR5-3_Sucrose,cFOS,92,552,1415,552,1.0,True,accepted_strict_direct_overlap,,,,,,,,
2026-07-09_FR5-3_Sucrose,2026-07-09_FR5-3_Sucrose,cFOS,93,454,1437,414,0.9118942731277533,True,accepted_strict_direct_overlap,,,,,,,,
2026-07-09_FR5-3_Sucrose,2026-07-09_FR5-3_Sucrose,cFOS,94,454,1452,435,0.9581497797356828,True,accepted_strict_direct_overlap,,,,,,,,
2026-07-09_FR5-3_Sucrose,2026-07-09_FR5-3_Sucrose,cFOS,95,660,1478,639,0.9681818181818181,True,accepted_strict_direct_overlap,,,,,,,,
2026-07-09_FR5-3_Sucrose,2026-07-09_FR5-3_Sucrose,cFOS,96,343,0,125,0.36443148688046645,False,overlap_below_threshold,,,,,,,,
2026-07-09_FR5-3_Sucrose,2026-07-09_FR5-3_Sucrose,cFOS,97,325,1716,325,1.0,True,accepted_strict_direct_overlap,,,,,,,,
2026-07-09_FR5-3_Sucrose,2026-07-09_FR5-3_Sucrose,cFOS,98,517,1757,504,0.9748549323017408,True,accepted_strict_direct_overlap,,,,,,,,
2026-07-09_FR5-3_Sucrose,2026-07-09_FR5-3_Sucrose,cFOS,99,546,1755,486,0.8901098901098901,True,accepted_strict_direct_overlap,,,,,,,,
2026-07-09_FR5-3_Sucrose,2026-07-09_FR5-3_Sucrose,cFOS,100,539,1779,459,0.8515769944341373,True,accepted_strict_direct_overlap,,,,,,,,
2026-07-09_FR5-3_Sucrose,2026-07-09_FR5-3_Sucrose,cFOS,101,488,1821,422,0.8647540983606558,True,accepted_strict_direct_overlap,,,,,,,,
2026-07-09_FR5-3_Sucrose,2026-07-09_FR5-3_Sucrose,cFOS,102,520,1842,473,0.9096153846153846,True,accepted_strict_direct_overlap,,,,,,,,
2026-07-09_FR5-3_Sucrose,2026-07-09_FR5-3_Sucrose,cFOS,103,463,1866,430,0.9287257019438445,True,accepted_strict_direct_overlap,,,,,,,,
2026-07-09_FR5-3_Sucrose,2026-07-09_FR5-3_Sucrose,cFOS,104,434,1986,380,0.8755760368663594,True,accepted_strict_direct_overlap,,,,,,,,
2026-07-09_FR5-3_Sucrose,2026-07-09_FR5-3_Sucrose,cFOS,105,690,2001,644,0.9333333333333333,True,accepted_strict_direct_overlap,,,,,,,,
2026-07-09_FR5-3_Sucrose,2026-07-09_FR5-3_Sucrose,cFOS,106,407,2035,385,0.9459459459459459,True,accepted_strict_direct_overlap,,,,,,,,
2026-07-09_FR5-3_Sucrose,2026-07-09_FR5-3_Sucrose,cFOS,107,428,2036,423,0.9883177570093458,True,accepted_strict_direct_overlap,,,,,,,,
2026-07-09_FR5-3_Sucrose,2026-07-09_FR5-3_Sucrose,cFOS,108,851,2039,742,0.8719153936545241,True,accepted_strict_direct_overlap,,,,,,,,
2026-07-09_FR5-3_Sucrose,2026-07-09_FR5-3_Sucrose,cFOS,109,545,2086,511,0.9376146788990826,True,accepted_strict_direct_overlap,,,,,,,,
2026-07-09_FR5-3_Sucrose,2026-07-09_FR5-3_Sucrose,cFOS,110,362,2084,362,1.0,True,accepted_strict_direct_overlap,,,,,,,,
2026-07-09_FR5-3_Sucrose,2026-07-09_FR5-3_Sucrose,cFOS,111,437,2099,377,0.8627002288329519,True,accepted_strict_direct_overlap,,,,,,,,
2026-07-09_FR5-3_Sucrose,2026-07-09_FR5-3_Sucrose,cFOS,112,370,2114,333,0.9,True,accepted_strict_direct_overlap,,,,,,,,
2026-07-09_FR5-3_Sucrose,2026-07-09_FR5-3_Sucrose,cFOS,113,249,2122,242,0.9718875502008032,True,accepted_strict_direct_overlap,,,,,,,,
2026-07-09_FR5-3_Sucrose,2026-07-09_FR5-3_Sucrose,cFOS,114,708,2165,678,0.9576271186440678,True,accepted_strict_direct_overlap,,,,,,,,
2026-07-09_FR5-3_Sucrose,2026-07-09_FR5-3_Sucrose,cFOS,115,558,2188,503,0.9014336917562724,True,accepted_strict_direct_overlap,,,,,,,,
2026-07-09_FR5-3_Sucrose,2026-07-09_FR5-3_Sucrose,cFOS,116,573,2202,389,0.6788830715532286,True,accepted_strict_direct_overlap,,,,,,,,
2026-07-09_FR5-3_Sucrose,2026-07-09_FR5-3_Sucrose,cFOS,117,642,2203,538,0.838006230529595,True,accepted_strict_direct_overlap,,,,,,,,
2026-07-09_FR5-3_Sucrose,2026-07-09_FR5-3_Sucrose,cFOS,118,885,2221,733,0.8282485875706215,True,accepted_strict_direct_overlap,,,,,,,,
2026-07-09_FR5-3_Sucrose,2026-07-09_FR5-3_Sucrose,cFOS,119,788,2223,723,0.9175126903553299,True,accepted_strict_direct_overlap,,,,,,,,
2026-07-09_FR5-3_Sucrose,2026-07-09_FR5-3_Sucrose,cFOS,120,415,2220,219,0.5277108433734939,True,accepted_strict_direct_overlap,,,,,,,,
2026-07-09_FR5-3_Sucrose,2026-07-09_FR5-3_Sucrose,cFOS,121,293,2257,293,1.0,True,accepted_strict_direct_overlap,,,,,,,,
2026-07-09_FR5-3_Sucrose,2026-07-09_FR5-3_Sucrose,cFOS,122,705,2270,547,0.775886524822695,True,accepted_strict_direct_overlap,,,,,,,,
2026-07-09_FR5-3_Sucrose,2026-07-09_FR5-3_Sucrose,cFOS,123,560,2269,535,0.9553571428571429,True,accepted_strict_direct_overlap,,,,,,,,
2026-07-09_FR5-3_Sucrose,2026-07-09_FR5-3_Sucrose,cFOS,124,693,2274,632,0.911976911976912,True,accepted_strict_direct_overlap,,,,,,,,
2026-07-09_FR5-3_Sucrose,2026-07-09_FR5-3_Sucrose,cFOS,125,442,2282,442,1.0,True,accepted_strict_direct_overlap,,,,,,,,
2026-07-09_FR5-3_Sucrose,2026-07-09_FR5-3_Sucrose,cFOS,126,432,2296,383,0.8865740740740741,True,accepted_strict_direct_overlap,,,,,,,,
2026-07-09_FR5-3_Sucrose,2026-07-09_FR5-3_Sucrose,cFOS,127,427,0,0,0.0,False,overlap_below_threshold,,,,,,,,
2026-07-09_FR5-3_Sucrose,2026-07-09_FR5-3_Sucrose,cFOS,128,244,2315,214,0.8770491803278688,True,accepted_strict_direct_overlap,,,,,,,,
2026-07-09_FR5-3_Sucrose,2026-07-09_FR5-3_Sucrose,cFOS,129,292,2327,270,0.9246575342465754,True,accepted_strict_direct_overlap,,,,,,,,
2026-07-09_FR5-3_Sucrose,2026-07-09_FR5-3_Sucrose,cFOS,130,639,2325,623,0.974960876369327,True,accepted_strict_direct_overlap,,,,,,,,
2026-07-09_FR5-3_Sucrose,2026-07-09_FR5-3_Sucrose,cFOS,131,417,2328,417,1.0,True,accepted_strict_direct_overlap,,,,,,,,
2026-07-09_FR5-3_Sucrose,2026-07-09_FR5-3_Sucrose,cFOS,132,472,2377,462,0.9788135593220338,True,accepted_strict_direct_overlap,,,,,,,,
2026-07-09_FR5-3_Sucrose,2026-07-09_FR5-3_Sucrose,cFOS,133,640,2390,581,0.9078125,True,accepted_strict_direct_overlap,,,,,,,,
2026-07-09_FR5-3_Sucrose,2026-07-09_FR5-3_Sucrose,cFOS,134,326,2403,280,0.8588957055214724,True,accepted_strict_direct_overlap,,,,,,,,
2026-07-09_FR5-3_Sucrose,2026-07-09_FR5-3_Sucrose,cFOS,135,407,2408,404,0.9926289926289926,True,accepted_strict_direct_overlap,,,,,,,,
2026-07-09_FR5-3_Sucrose,2026-07-09_FR5-3_Sucrose,cFOS,136,416,2457,416,1.0,True,accepted_strict_direct_overlap,,,,,,,,
2026-07-09_FR5-3_Sucrose,2026-07-09_FR5-3_Sucrose,cFOS,137,499,2465,499,1.0,True,accepted_strict_direct_overlap,,,,,,,,
2026-07-09_FR5-3_Sucrose,2026-07-09_FR5-3_Sucrose,cFOS,138,408,2501,396,0.9705882352941176,True,accepted_strict_direct_overlap,,,,,,,,
2026-07-09_FR5-3_Sucrose,2026-07-09_FR5-3_Sucrose,cFOS,139,385,2513,385,1.0,True,accepted_strict_direct_overlap,,,,,,,,
2026-07-09_FR5-3_Sucrose,2026-07-09_FR5-3_Sucrose,cFOS,140,159,2534,159,1.0,True,accepted_strict_direct_overlap,,,,,,,,
2026-07-09_FR5-3_Sucrose,2026-07-09_FR5-3_Sucrose,cFOS,141,621,2562,621,1.0,True,accepted_strict_direct_overlap,,,,,,,,
2026-07-09_FR5-3_Sucrose,2026-07-09_FR5-3_Sucrose,cFOS,142,185,2719,185,1.0,True,accepted_strict_direct_overlap,,,,,,,,
2026-07-09_FR5-3_Sucrose,2026-07-09_FR5-3_Sucrose,cFOS,143,419,2731,349,0.8329355608591885,True,accepted_strict_direct_overlap,,,,,,,,
2026-07-09_FR5-3_Sucrose,2026-07-09_FR5-3_Sucrose,cFOS,144,602,2764,502,0.8338870431893688,True,accepted_strict_direct_overlap,,,,,,,,
2026-07-09_FR5-3_Sucrose,2026-07-09_FR5-3_Sucrose,cFOS,145,603,2832,563,0.9336650082918739,True,accepted_strict_direct_overlap,,,,,,,,
2026-07-09_FR5-3_Sucrose,2026-07-09_FR5-3_Sucrose,cFOS,146,205,2841,205,1.0,True,accepted_strict_direct_overlap,,,,,,,,
2026-07-09_FR5-3_Sucrose,2026-07-09_FR5-3_Sucrose,cFOS,147,462,2853,462,1.0,True,accepted_strict_direct_overlap,,,,,,,,
2026-07-09_FR5-3_Sucrose,2026-07-09_FR5-3_Sucrose,cFOS,148,736,2858,709,0.9633152173913043,True,accepted_strict_direct_overlap,,,,,,,,
2026-07-09_FR5-3_Sucrose,2026-07-09_FR5-3_Sucrose,cFOS,149,636,2860,617,0.970125786163522,True,accepted_strict_direct_overlap,,,,,,,,
2026-07-09_FR5-3_Sucrose,2026-07-09_FR5-3_Sucrose,cFOS,150,719,2868,698,0.9707927677329624,True,accepted_strict_direct_overlap,,,,,,,,
2026-07-09_FR5-3_Sucrose,2026-07-09_FR5-3_Sucrose,cFOS,151,316,2900,316,1.0,True,accepted_strict_direct_overlap,,,,,,,,
2026-07-09_FR5-3_Sucrose,2026-07-09_FR5-3_Sucrose,cFOS,152,411,2921,411,1.0,True,accepted_strict_direct_overlap,,,,,,,,
2026-07-09_FR5-3_Sucrose,2026-07-09_FR5-3_Sucrose,cFOS,153,656,2931,563,0.8582317073170732,True,accepted_strict_direct_overlap,,,,,,,,
2026-07-09_FR5-3_Sucrose,2026-07-09_FR5-3_Sucrose,cFOS,154,364,2938,364,1.0,True,accepted_strict_direct_overlap,,,,,,,,
2026-07-09_FR5-3_Sucrose,2026-07-09_FR5-3_Sucrose,cFOS,155,599,2960,548,0.9148580968280468,True,accepted_strict_direct_overlap,,,,,,,,
2026-07-09_FR5-3_Sucrose,2026-07-09_FR5-3_Sucrose,cFOS,156,130,2967,130,1.0,True,accepted_strict_direct_overlap,,,,,,,,
2026-07-09_FR5-3_Sucrose,2026-07-09_FR5-3_Sucrose,cFOS,157,139,2971,139,1.0,True,accepted_strict_direct_overlap,,,,,,,,
2026-07-09_FR5-3_Sucrose,2026-07-09_FR5-3_Sucrose,cFOS,158,428,2983,252,0.5887850467289719,True,accepted_strict_direct_overlap,,,,,,,,
2026-07-09_FR5-3_Sucrose,2026-07-09_FR5-3_Sucrose,cFOS,159,495,2991,490,0.98989898989899,True,accepted_strict_direct_overlap,,,,,,,,
2026-07-09_FR5-3_Sucrose,2026-07-09_FR5-3_Sucrose,cFOS,160,609,3010,581,0.9540229885057471,True,accepted_strict_direct_overlap,,,,,,,,
2026-07-09_FR5-3_Sucrose,2026-07-09_FR5-3_Sucrose,cFOS,161,940,3123,887,0.9436170212765957,True,accepted_strict_direct_overlap,,,,,,,,
2026-07-09_FR5-3_Sucrose,2026-07-09_FR5-3_Sucrose,ACTH_CLIP,1,34,0,0,0.0,False,below_acquisition_dapi_area_p05_likely_noncell,ACTH/CLIP,3147.0,0.05,159.0,516.0,False,True,23.0
2026-07-09_FR5-3_Sucrose,2026-07-09_FR5-3_Sucrose,ACTH_CLIP,2,48,0,0,0.0,False,below_acquisition_dapi_area_p05_likely_noncell,ACTH/CLIP,3147.0,0.05,159.0,516.0,False,True,23.0
2026-07-09_FR5-3_Sucrose,2026-07-09_FR5-3_Sucrose,ACTH_CLIP,3,28,0,0,0.0,False,below_acquisition_dapi_area_p05_likely_noncell,ACTH/CLIP,3147.0,0.05,159.0,516.0,False,True,23.0
2026-07-09_FR5-3_Sucrose,2026-07-09_FR5-3_Sucrose,ACTH_CLIP,4,48,0,0,0.0,False,below_acquisition_dapi_area_p05_likely_noncell,ACTH/CLIP,3147.0,0.05,159.0,516.0,False,True,23.0
2026-07-09_FR5-3_Sucrose,2026-07-09_FR5-3_Sucrose,ACTH_CLIP,5,897,330,705,0.7859531772575251,True,accepted_size_and_best_expanded_dapi,ACTH/CLIP,3147.0,0.05,159.0,516.0,True,False,23.0
2026-07-09_FR5-3_Sucrose,2026-07-09_FR5-3_Sucrose,ACTH_CLIP,6,107,0,0,0.0,False,below_acquisition_dapi_area_p05_likely_noncell,ACTH/CLIP,3147.0,0.05,159.0,516.0,False,True,23.0
2026-07-09_FR5-3_Sucrose,2026-07-09_FR5-3_Sucrose,ACTH_CLIP,7,45,0,0,0.0,False,below_acquisition_dapi_area_p05_likely_noncell,ACTH/CLIP,3147.0,0.05,159.0,516.0,False,True,23.0
2026-07-09_FR5-3_Sucrose,2026-07-09_FR5-3_Sucrose,ACTH_CLIP,8,62,0,0,0.0,False,below_acquisition_dapi_area_p05_likely_noncell,ACTH/CLIP,3147.0,0.05,159.0,516.0,False,True,23.0
2026-07-09_FR5-3_Sucrose,2026-07-09_FR5-3_Sucrose,ACTH_CLIP,9,732,526,702,0.9590163934426229,True,accepted_size_and_best_expanded_dapi,ACTH/CLIP,3147.0,0.05,159.0,516.0,True,False,23.0
2026-07-09_FR5-3_Sucrose,2026-07-09_FR5-3_Sucrose,ACTH_CLIP,10,1067,587,1063,0.9962511715089035,True,accepted_size_and_best_expanded_dapi,ACTH/CLIP,3147.0,0.05,159.0,516.0,True,False,23.0
2026-07-09_FR5-3_Sucrose,2026-07-09_FR5-3_Sucrose,ACTH_CLIP,11,421,632,313,0.7434679334916865,True,accepted_size_and_best_expanded_dapi,ACTH/CLIP,3147.0,0.05,159.0,516.0,True,False,23.0
2026-07-09_FR5-3_Sucrose,2026-07-09_FR5-3_Sucrose,ACTH_CLIP,12,228,668,228,1.0,True,accepted_size_and_best_expanded_dapi,ACTH/CLIP,3147.0,0.05,159.0,516.0,True,False,23.0
2026-07-09_FR5-3_Sucrose,2026-07-09_FR5-3_Sucrose,ACTH_CLIP,13,563,682,563,1.0,True,accepted_size_and_best_expanded_dapi,ACTH/CLIP,3147.0,0.05,159.0,516.0,True,False,23.0
2026-07-09_FR5-3_Sucrose,2026-07-09_FR5-3_Sucrose,ACTH_CLIP,14,630,879,569,0.9031746031746032,True,accepted_size_and_best_expanded_dapi,ACTH/CLIP,3147.0,0.05,159.0,516.0,True,False,23.0
2026-07-09_FR5-3_Sucrose,2026-07-09_FR5-3_Sucrose,ACTH_CLIP,15,862,1048,806,0.9350348027842227,True,accepted_size_and_best_expanded_dapi,ACTH/CLIP,3147.0,0.05,159.0,516.0,True,False,23.0
2026-07-09_FR5-3_Sucrose,2026-07-09_FR5-3_Sucrose,ACTH_CLIP,16,135,0,0,0.0,False,below_acquisition_dapi_area_p05_likely_noncell,ACTH/CLIP,3147.0,0.05,159.0,516.0,False,True,23.0
2026-07-09_FR5-3_Sucrose,2026-07-09_FR5-3_Sucrose,ACTH_CLIP,17,530,1281,530,1.0,True,accepted_size_and_best_expanded_dapi,ACTH/CLIP,3147.0,0.05,159.0,516.0,True,False,23.0
2026-07-09_FR5-3_Sucrose,2026-07-09_FR5-3_Sucrose,ACTH_CLIP,18,1155,1415,1155,1.0,True,accepted_size_and_best_expanded_dapi,ACTH/CLIP,3147.0,0.05,159.0,516.0,True,False,23.0
2026-07-09_FR5-3_Sucrose,2026-07-09_FR5-3_Sucrose,ACTH_CLIP,19,109,0,0,0.0,False,below_acquisition_dapi_area_p05_likely_noncell,ACTH/CLIP,3147.0,0.05,159.0,516.0,False,True,23.0
2026-07-09_FR5-3_Sucrose,2026-07-09_FR5-3_Sucrose,ACTH_CLIP,20,132,0,0,0.0,False,below_acquisition_dapi_area_p05_likely_noncell,ACTH/CLIP,3147.0,0.05,159.0,516.0,False,True,23.0
2026-07-09_FR5-3_Sucrose,2026-07-09_FR5-3_Sucrose,ACTH_CLIP,21,1017,2700,1016,0.9990167158308751,True,accepted_size_and_best_expanded_dapi,ACTH/CLIP,3147.0,0.05,159.0,516.0,True,False,23.0
2026-07-09_FR5-3_Sucrose,2026-07-09_FR5-3_Sucrose,ACTH_CLIP,22,763,2758,763,1.0,True,accepted_size_and_best_expanded_dapi,ACTH/CLIP,3147.0,0.05,159.0,516.0,True,False,23.0
2026-07-09_FR5-3_Sucrose,2026-07-09_FR5-3_Sucrose,ACTH_CLIP,23,270,2785,200,0.7407407407407407,True,accepted_size_and_best_expanded_dapi,ACTH/CLIP,3147.0,0.05,159.0,516.0,True,False,23.0
2026-07-09_FR5-3_Sucrose,2026-07-09_FR5-3_Sucrose,ACTH_CLIP,24,1187,2820,1128,0.9502948609941028,True,accepted_size_and_best_expanded_dapi,ACTH/CLIP,3147.0,0.05,159.0,516.0,True,False,23.0
2026-07-09_FR5-3_Sucrose,2026-07-09_FR5-3_Sucrose,ACTH_CLIP,25,851,2822,433,0.5088131609870741,True,accepted_size_and_best_expanded_dapi,ACTH/CLIP,3147.0,0.05,159.0,516.0,True,False,23.0
2026-07-09_FR5-3_Sucrose,2026-07-09_FR5-3_Sucrose,ACTH_CLIP,26,109,0,0,0.0,False,below_acquisition_dapi_area_p05_likely_noncell,ACTH/CLIP,3147.0,0.05,159.0,516.0,False,True,23.0
2026-07-09_FR5-3_Sucrose,2026-07-09_FR5-3_Sucrose,ACTH_CLIP,27,93,0,0,0.0,False,below_acquisition_dapi_area_p05_likely_noncell,ACTH/CLIP,3147.0,0.05,159.0,516.0,False,True,23.0
2026-07-09_FR5-3_Sucrose,2026-07-09_FR5-3_Sucrose,ACTH_CLIP,28,1423,2906,1422,0.9992972593113141,True,accepted_size_and_best_expanded_dapi,ACTH/CLIP,3147.0,0.05,159.0,516.0,True,False,23.0
2026-07-09_FR5-3_Sucrose,2026-07-09_FR5-3_Sucrose,ACTH_CLIP,29,84,0,0,0.0,False,below_acquisition_dapi_area_p05_likely_noncell,ACTH/CLIP,3147.0,0.05,159.0,516.0,False,True,23.0
2026-07-09_FR5-3_Sucrose,2026-07-09_FR5-3_Sucrose,ACTH_CLIP,30,29,0,0,0.0,False,below_acquisition_dapi_area_p05_likely_noncell,ACTH/CLIP,3147.0,0.05,159.0,516.0,False,True,23.0
2026-07-09_FR5-3_Sucrose,2026-07-09_FR5-3_Sucrose,ACTH_CLIP,31,62,0,0,0.0,False,below_acquisition_dapi_area_p05_likely_noncell,ACTH/CLIP,3147.0,0.05,159.0,516.0,False,True,23.0
2026-07-09_FR5-3_Sucrose,2026-07-09_FR5-3_Sucrose,ACTH_CLIP,32,63,0,0,0.0,False,below_acquisition_dapi_area_p05_likely_noncell,ACTH/CLIP,3147.0,0.05,159.0,516.0,False,True,23.0
2026-07-09_FR5-3_Sucrose,2026-07-09_FR5-3_Sucrose,ACTH_CLIP,33,64,0,0,0.0,False,below_acquisition_dapi_area_p05_likely_noncell,ACTH/CLIP,3147.0,0.05,159.0,516.0,False,True,23.0
2026-07-09_FR5-3_Sucrose,2026-07-09_FR5-3_Sucrose,ACTH_CLIP,34,70,0,0,0.0,False,below_acquisition_dapi_area_p05_likely_noncell,ACTH/CLIP,3147.0,0.05,159.0,516.0,False,True,23.0
2026-07-09_FR5-3_Sucrose,2026-07-09_FR5-3_Sucrose,ACTH_CLIP,35,40,0,0,0.0,False,below_acquisition_dapi_area_p05_likely_noncell,ACTH/CLIP,3147.0,0.05,159.0,516.0,False,True,23.0
2026-07-09_FR5-3_Sucrose,2026-07-09_FR5-3_Sucrose,ACTH_CLIP,36,60,0,0,0.0,False,below_acquisition_dapi_area_p05_likely_noncell,ACTH/CLIP,3147.0,0.05,159.0,516.0,False,True,23.0
2026-07-09_FR5-4_Sucrose,2026-07-09_FR5-4_Sucrose,cFOS,1,399,4,339,0.849624060150376,True,accepted_strict_direct_overlap,,,,,,,,
2026-07-09_FR5-4_Sucrose,2026-07-09_FR5-4_Sucrose,cFOS,2,728,14,495,0.679945054945055,True,accepted_strict_direct_overlap,,,,,,,,
2026-07-09_FR5-4_Sucrose,2026-07-09_FR5-4_Sucrose,cFOS,3,467,30,451,0.9657387580299786,True,accepted_strict_direct_overlap,,,,,,,,
2026-07-09_FR5-4_Sucrose,2026-07-09_FR5-4_Sucrose,cFOS,4,393,61,245,0.6234096692111959,True,accepted_strict_direct_overlap,,,,,,,,
2026-07-09_FR5-4_Sucrose,2026-07-09_FR5-4_Sucrose,cFOS,5,630,62,534,0.8476190476190476,True,accepted_strict_direct_overlap,,,,,,,,
2026-07-09_FR5-4_Sucrose,2026-07-09_FR5-4_Sucrose,cFOS,6,652,64,527,0.808282208588957,True,accepted_strict_direct_overlap,,,,,,,,
2026-07-09_FR5-4_Sucrose,2026-07-09_FR5-4_Sucrose,cFOS,7,241,68,189,0.7842323651452282,True,accepted_strict_direct_overlap,,,,,,,,
2026-07-09_FR5-4_Sucrose,2026-07-09_FR5-4_Sucrose,cFOS,8,344,84,148,0.43023255813953487,True,accepted_strict_direct_overlap,,,,,,,,
2026-07-09_FR5-4_Sucrose,2026-07-09_FR5-4_Sucrose,cFOS,9,832,74,780,0.9375,True,accepted_strict_direct_overlap,,,,,,,,
2026-07-09_FR5-4_Sucrose,2026-07-09_FR5-4_Sucrose,cFOS,10,766,75,598,0.7806788511749347,True,accepted_strict_direct_overlap,,,,,,,,
2026-07-09_FR5-4_Sucrose,2026-07-09_FR5-4_Sucrose,cFOS,11,531,105,415,0.7815442561205274,True,accepted_strict_direct_overlap,,,,,,,,
2026-07-09_FR5-4_Sucrose,2026-07-09_FR5-4_Sucrose,cFOS,12,594,114,467,0.7861952861952862,True,accepted_strict_direct_overlap,,,,,,,,
2026-07-09_FR5-4_Sucrose,2026-07-09_FR5-4_Sucrose,cFOS,13,361,126,343,0.9501385041551247,True,accepted_strict_direct_overlap,,,,,,,,
2026-07-09_FR5-4_Sucrose,2026-07-09_FR5-4_Sucrose,cFOS,14,732,163,666,0.9098360655737705,True,accepted_strict_direct_overlap,,,,,,,,
2026-07-09_FR5-4_Sucrose,2026-07-09_FR5-4_Sucrose,cFOS,15,617,166,518,0.839546191247974,True,accepted_strict_direct_overlap,,,,,,,,
2026-07-09_FR5-4_Sucrose,2026-07-09_FR5-4_Sucrose,cFOS,16,404,168,375,0.9282178217821783,True,accepted_strict_direct_overlap,,,,,,,,
2026-07-09_FR5-4_Sucrose,2026-07-09_FR5-4_Sucrose,cFOS,17,569,224,518,0.9103690685413005,True,accepted_strict_direct_overlap,,,,,,,,
2026-07-09_FR5-4_Sucrose,2026-07-09_FR5-4_Sucrose,cFOS,18,598,238,541,0.9046822742474916,True,accepted_strict_direct_overlap,,,,,,,,
2026-07-09_FR5-4_Sucrose,2026-07-09_FR5-4_Sucrose,cFOS,19,510,0,0,0.0,False,overlap_below_threshold,,,,,,,,
2026-07-09_FR5-4_Sucrose,2026-07-09_FR5-4_Sucrose,cFOS,20,817,253,705,0.8629130966952264,True,accepted_strict_direct_overlap,,,,,,,,
2026-07-09_FR5-4_Sucrose,2026-07-09_FR5-4_Sucrose,cFOS,21,900,0,0,0.0,False,overlap_below_threshold,,,,,,,,
2026-07-09_FR5-4_Sucrose,2026-07-09_FR5-4_Sucrose,cFOS,22,587,267,356,0.606473594548552,True,accepted_strict_direct_overlap,,,,,,,,
2026-07-09_FR5-4_Sucrose,2026-07-09_FR5-4_Sucrose,cFOS,23,229,268,224,0.9781659388646288,True,accepted_strict_direct_overlap,,,,,,,,
2026-07-09_FR5-4_Sucrose,2026-07-09_FR5-4_Sucrose,cFOS,24,740,277,536,0.7243243243243244,True,accepted_strict_direct_overlap,,,,,,,,
2026-07-09_FR5-4_Sucrose,2026-07-09_FR5-4_Sucrose,cFOS,25,1056,281,681,0.6448863636363636,True,accepted_strict_direct_overlap,,,,,,,,
2026-07-09_FR5-4_Sucrose,2026-07-09_FR5-4_Sucrose,cFOS,26,681,284,614,0.9016152716593245,True,accepted_strict_direct_overlap,,,,,,,,
2026-07-09_FR5-4_Sucrose,2026-07-09_FR5-4_Sucrose,cFOS,27,260,286,257,0.9884615384615385,True,accepted_strict_direct_overlap,,,,,,,,
2026-07-09_FR5-4_Sucrose,2026-07-09_FR5-4_Sucrose,cFOS,28,324,295,321,0.9907407407407407,True,accepted_strict_direct_overlap,,,,,,,,
2026-07-09_FR5-4_Sucrose,2026-07-09_FR5-4_Sucrose,cFOS,29,594,307,415,0.6986531986531986,True,accepted_strict_direct_overlap,,,,,,,,
2026-07-09_FR5-4_Sucrose,2026-07-09_FR5-4_Sucrose,cFOS,30,867,0,0,0.0,False,overlap_below_threshold,,,,,,,,
2026-07-09_FR5-4_Sucrose,2026-07-09_FR5-4_Sucrose,cFOS,31,623,319,406,0.651685393258427,True,accepted_strict_direct_overlap,,,,,,,,
2026-07-09_FR5-4_Sucrose,2026-07-09_FR5-4_Sucrose,cFOS,32,753,314,562,0.7463479415670651,True,accepted_strict_direct_overlap,,,,,,,,
2026-07-09_FR5-4_Sucrose,2026-07-09_FR5-4_Sucrose,cFOS,33,686,358,626,0.9125364431486881,True,accepted_strict_direct_overlap,,,,,,,,
2026-07-09_FR5-4_Sucrose,2026-07-09_FR5-4_Sucrose,cFOS,34,452,370,415,0.918141592920354,True,accepted_strict_direct_overlap,,,,,,,,
2026-07-09_FR5-4_Sucrose,2026-07-09_FR5-4_Sucrose,cFOS,35,698,380,612,0.8767908309455588,True,accepted_strict_direct_overlap,,,,,,,,
2026-07-09_FR5-4_Sucrose,2026-07-09_FR5-4_Sucrose,cFOS,36,591,382,492,0.8324873096446701,True,accepted_strict_direct_overlap,,,,,,,,
2026-07-09_FR5-4_Sucrose,2026-07-09_FR5-4_Sucrose,cFOS,37,691,385,467,0.6758321273516642,True,accepted_strict_direct_overlap,,,,,,,,
2026-07-09_FR5-4_Sucrose,2026-07-09_FR5-4_Sucrose,cFOS,38,265,397,265,1.0,True,accepted_strict_direct_overlap,,,,,,,,
2026-07-09_FR5-4_Sucrose,2026-07-09_FR5-4_Sucrose,cFOS,39,346,405,226,0.653179190751445,True,accepted_strict_direct_overlap,,,,,,,,
2026-07-09_FR5-4_Sucrose,2026-07-09_FR5-4_Sucrose,cFOS,40,241,439,234,0.970954356846473,True,accepted_strict_direct_overlap,,,,,,,,
2026-07-09_FR5-4_Sucrose,2026-07-09_FR5-4_Sucrose,cFOS,41,647,491,637,0.9845440494590417,True,accepted_strict_direct_overlap,,,,,,,,
2026-07-09_FR5-4_Sucrose,2026-07-09_FR5-4_Sucrose,cFOS,42,449,494,417,0.9287305122494433,True,accepted_strict_direct_overlap,,,,,,,,
2026-07-09_FR5-4_Sucrose,2026-07-09_FR5-4_Sucrose,cFOS,43,470,524,391,0.8319148936170213,True,accepted_strict_direct_overlap,,,,,,,,
2026-07-09_FR5-4_Sucrose,2026-07-09_FR5-4_Sucrose,cFOS,44,197,0,0,0.0,False,overlap_below_threshold,,,,,,,,
2026-07-09_FR5-4_Sucrose,2026-07-09_FR5-4_Sucrose,cFOS,45,725,563,479,0.6606896551724138,True,accepted_strict_direct_overlap,,,,,,,,
2026-07-09_FR5-4_Sucrose,2026-07-09_FR5-4_Sucrose,cFOS,46,700,602,669,0.9557142857142857,True,accepted_strict_direct_overlap,,,,,,,,
2026-07-09_FR5-4_Sucrose,2026-07-09_FR5-4_Sucrose,cFOS,47,559,622,532,0.9516994633273703,True,accepted_strict_direct_overlap,,,,,,,,
2026-07-09_FR5-4_Sucrose,2026-07-09_FR5-4_Sucrose,cFOS,48,697,656,568,0.8149210903873745,True,accepted_strict_direct_overlap,,,,,,,,
2026-07-09_FR5-4_Sucrose,2026-07-09_FR5-4_Sucrose,cFOS,49,850,672,629,0.74,True,accepted_strict_direct_overlap,,,,,,,,
2026-07-09_FR5-4_Sucrose,2026-07-09_FR5-4_Sucrose,cFOS,50,712,704,651,0.9143258426966292,True,accepted_strict_direct_overlap,,,,,,,,
2026-07-09_FR5-4_Sucrose,2026-07-09_FR5-4_Sucrose,cFOS,51,555,0,208,0.3747747747747748,False,overlap_below_threshold,,,,,,,,
2026-07-09_FR5-4_Sucrose,2026-07-09_FR5-4_Sucrose,cFOS,52,500,726,433,0.866,True,accepted_strict_direct_overlap,,,,,,,,
2026-07-09_FR5-4_Sucrose,2026-07-09_FR5-4_Sucrose,cFOS,53,601,738,508,0.8452579034941764,True,accepted_strict_direct_overlap,,,,,,,,
2026-07-09_FR5-4_Sucrose,2026-07-09_FR5-4_Sucrose,cFOS,54,1057,743,654,0.618732261116367,True,accepted_strict_direct_overlap,,,,,,,,
2026-07-09_FR5-4_Sucrose,2026-07-09_FR5-4_Sucrose,cFOS,55,4024,0,298,0.07405566600397614,False,overlap_below_threshold,,,,,,,,
2026-07-09_FR5-4_Sucrose,2026-07-09_FR5-4_Sucrose,cFOS,56,705,813,596,0.8453900709219858,True,accepted_strict_direct_overlap,,,,,,,,
2026-07-09_FR5-4_Sucrose,2026-07-09_FR5-4_Sucrose,cFOS,57,629,836,531,0.8441971383147854,True,accepted_strict_direct_overlap,,,,,,,,
2026-07-09_FR5-4_Sucrose,2026-07-09_FR5-4_Sucrose,cFOS,58,223,852,201,0.9013452914798207,True,accepted_strict_direct_overlap,,,,,,,,
2026-07-09_FR5-4_Sucrose,2026-07-09_FR5-4_Sucrose,cFOS,59,718,857,481,0.66991643454039,True,accepted_strict_direct_overlap,,,,,,,,
2026-07-09_FR5-4_Sucrose,2026-07-09_FR5-4_Sucrose,cFOS,60,279,898,199,0.7132616487455197,True,accepted_strict_direct_overlap,,,,,,,,
2026-07-09_FR5-4_Sucrose,2026-07-09_FR5-4_Sucrose,cFOS,61,612,902,552,0.9019607843137255,True,accepted_strict_direct_overlap,,,,,,,,
2026-07-09_FR5-4_Sucrose,2026-07-09_FR5-4_Sucrose,cFOS,62,556,915,482,0.8669064748201439,True,accepted_strict_direct_overlap,,,,,,,,
2026-07-09_FR5-4_Sucrose,2026-07-09_FR5-4_Sucrose,cFOS,63,417,928,411,0.9856115107913669,True,accepted_strict_direct_overlap,,,,,,,,
2026-07-09_FR5-4_Sucrose,2026-07-09_FR5-4_Sucrose,cFOS,64,911,0,339,0.3721185510428101,False,overlap_below_threshold,,,,,,,,
2026-07-09_FR5-4_Sucrose,2026-07-09_FR5-4_Sucrose,cFOS,65,361,979,342,0.9473684210526315,True,accepted_strict_direct_overlap,,,,,,,,
2026-07-09_FR5-4_Sucrose,2026-07-09_FR5-4_Sucrose,cFOS,66,554,992,419,0.7563176895306859,True,accepted_strict_direct_overlap,,,,,,,,
2026-07-09_FR5-4_Sucrose,2026-07-09_FR5-4_Sucrose,cFOS,67,859,1025,626,0.7287543655413271,True,accepted_strict_direct_overlap,,,,,,,,
2026-07-09_FR5-4_Sucrose,2026-07-09_FR5-4_Sucrose,cFOS,68,410,1045,368,0.8975609756097561,True,accepted_strict_direct_overlap,,,,,,,,
2026-07-09_FR5-4_Sucrose,2026-07-09_FR5-4_Sucrose,cFOS,69,486,1049,446,0.9176954732510288,True,accepted_strict_direct_overlap,,,,,,,,
2026-07-09_FR5-4_Sucrose,2026-07-09_FR5-4_Sucrose,cFOS,70,871,1105,687,0.7887485648679678,True,accepted_strict_direct_overlap,,,,,,,,
2026-07-09_FR5-4_Sucrose,2026-07-09_FR5-4_Sucrose,cFOS,71,567,1110,524,0.9241622574955908,True,accepted_strict_direct_overlap,,,,,,,,
2026-07-09_FR5-4_Sucrose,2026-07-09_FR5-4_Sucrose,cFOS,72,422,1137,320,0.7582938388625592,True,accepted_strict_direct_overlap,,,,,,,,
2026-07-09_FR5-4_Sucrose,2026-07-09_FR5-4_Sucrose,cFOS,73,1069,1192,708,0.6623012160898035,True,accepted_strict_direct_overlap,,,,,,,,
2026-07-09_FR5-4_Sucrose,2026-07-09_FR5-4_Sucrose,cFOS,74,490,1200,439,0.8959183673469387,True,accepted_strict_direct_overlap,,,,,,,,
2026-07-09_FR5-4_Sucrose,2026-07-09_FR5-4_Sucrose,cFOS,75,584,1220,537,0.9195205479452054,True,accepted_strict_direct_overlap,,,,,,,,
2026-07-09_FR5-4_Sucrose,2026-07-09_FR5-4_Sucrose,cFOS,76,1196,1230,540,0.451505016722408,True,accepted_strict_direct_overlap,,,,,,,,
2026-07-09_FR5-4_Sucrose,2026-07-09_FR5-4_Sucrose,cFOS,77,522,1245,467,0.8946360153256705,True,accepted_strict_direct_overlap,,,,,,,,
2026-07-09_FR5-4_Sucrose,2026-07-09_FR5-4_Sucrose,cFOS,78,1516,1276,675,0.44525065963060684,True,accepted_strict_direct_overlap,,,,,,,,
2026-07-09_FR5-4_Sucrose,2026-07-09_FR5-4_Sucrose,cFOS,79,354,1269,197,0.556497175141243,True,accepted_strict_direct_overlap,,,,,,,,
2026-07-09_FR5-4_Sucrose,2026-07-09_FR5-4_Sucrose,cFOS,80,548,1281,527,0.9616788321167883,True,accepted_strict_direct_overlap,,,,,,,,
2026-07-09_FR5-4_Sucrose,2026-07-09_FR5-4_Sucrose,cFOS,81,577,1287,531,0.9202772963604853,True,accepted_strict_direct_overlap,,,,,,,,
2026-07-09_FR5-4_Sucrose,2026-07-09_FR5-4_Sucrose,cFOS,82,667,1314,599,0.8980509745127436,True,accepted_strict_direct_overlap,,,,,,,,
2026-07-09_FR5-4_Sucrose,2026-07-09_FR5-4_Sucrose,cFOS,83,468,1318,455,0.9722222222222222,True,accepted_strict_direct_overlap,,,,,,,,
2026-07-09_FR5-4_Sucrose,2026-07-09_FR5-4_Sucrose,cFOS,84,570,1325,532,0.9333333333333333,True,accepted_strict_direct_overlap,,,,,,,,
2026-07-09_FR5-4_Sucrose,2026-07-09_FR5-4_Sucrose,cFOS,85,400,1357,386,0.965,True,accepted_strict_direct_overlap,,,,,,,,
2026-07-09_FR5-4_Sucrose,2026-07-09_FR5-4_Sucrose,cFOS,86,326,1379,313,0.9601226993865031,True,accepted_strict_direct_overlap,,,,,,,,
2026-07-09_FR5-4_Sucrose,2026-07-09_FR5-4_Sucrose,cFOS,87,1195,1404,748,0.6259414225941422,True,accepted_strict_direct_overlap,,,,,,,,
2026-07-09_FR5-4_Sucrose,2026-07-09_FR5-4_Sucrose,cFOS,88,450,1397,416,0.9244444444444444,True,accepted_strict_direct_overlap,,,,,,,,
2026-07-09_FR5-4_Sucrose,2026-07-09_FR5-4_Sucrose,cFOS,89,717,1410,409,0.5704323570432357,True,accepted_strict_direct_overlap,,,,,,,,
2026-07-09_FR5-4_Sucrose,2026-07-09_FR5-4_Sucrose,cFOS,90,338,1429,333,0.985207100591716,True,accepted_strict_direct_overlap,,,,,,,,
2026-07-09_FR5-4_Sucrose,2026-07-09_FR5-4_Sucrose,cFOS,91,635,1456,573,0.9023622047244094,True,accepted_strict_direct_overlap,,,,,,,,
2026-07-09_FR5-4_Sucrose,2026-07-09_FR5-4_Sucrose,cFOS,92,582,1458,493,0.8470790378006873,True,accepted_strict_direct_overlap,,,,,,,,
2026-07-09_FR5-4_Sucrose,2026-07-09_FR5-4_Sucrose,cFOS,93,469,1457,393,0.837953091684435,True,accepted_strict_direct_overlap,,,,,,,,
2026-07-09_FR5-4_Sucrose,2026-07-09_FR5-4_Sucrose,cFOS,94,471,1463,471,1.0,True,accepted_strict_direct_overlap,,,,,,,,
2026-07-09_FR5-4_Sucrose,2026-07-09_FR5-4_Sucrose,cFOS,95,713,1474,701,0.9831697054698457,True,accepted_strict_direct_overlap,,,,,,,,
2026-07-09_FR5-4_Sucrose,2026-07-09_FR5-4_Sucrose,cFOS,96,392,1471,380,0.9693877551020408,True,accepted_strict_direct_overlap,,,,,,,,
2026-07-09_FR5-4_Sucrose,2026-07-09_FR5-4_Sucrose,cFOS,97,499,1492,467,0.935871743486974,True,accepted_strict_direct_overlap,,,,,,,,
2026-07-09_FR5-4_Sucrose,2026-07-09_FR5-4_Sucrose,cFOS,98,375,1578,375,1.0,True,accepted_strict_direct_overlap,,,,,,,,
2026-07-09_FR5-4_Sucrose,2026-07-09_FR5-4_Sucrose,cFOS,99,647,1606,559,0.8639876352395672,True,accepted_strict_direct_overlap,,,,,,,,
2026-07-09_FR5-4_Sucrose,2026-07-09_FR5-4_Sucrose,cFOS,100,1005,1660,657,0.6537313432835821,True,accepted_strict_direct_overlap,,,,,,,,
2026-07-09_FR5-4_Sucrose,2026-07-09_FR5-4_Sucrose,cFOS,101,288,1649,280,0.9722222222222222,True,accepted_strict_direct_overlap,,,,,,,,
2026-07-09_FR5-4_Sucrose,2026-07-09_FR5-4_Sucrose,cFOS,102,589,1680,549,0.9320882852292021,True,accepted_strict_direct_overlap,,,,,,,,
2026-07-09_FR5-4_Sucrose,2026-07-09_FR5-4_Sucrose,cFOS,103,440,1721,433,0.9840909090909091,True,accepted_strict_direct_overlap,,,,,,,,
2026-07-09_FR5-4_Sucrose,2026-07-09_FR5-4_Sucrose,cFOS,104,174,1726,174,1.0,True,accepted_strict_direct_overlap,,,,,,,,
2026-07-09_FR5-4_Sucrose,2026-07-09_FR5-4_Sucrose,cFOS,105,673,1799,536,0.7964338781575037,True,accepted_strict_direct_overlap,,,,,,,,
2026-07-09_FR5-4_Sucrose,2026-07-09_FR5-4_Sucrose,cFOS,106,283,1806,282,0.9964664310954063,True,accepted_strict_direct_overlap,,,,,,,,
2026-07-09_FR5-4_Sucrose,2026-07-09_FR5-4_Sucrose,cFOS,107,507,1856,420,0.8284023668639053,True,accepted_strict_direct_overlap,,,,,,,,
2026-07-09_FR5-4_Sucrose,2026-07-09_FR5-4_Sucrose,cFOS,108,407,2214,407,1.0,True,accepted_strict_direct_overlap,,,,,,,,
2026-07-09_FR5-4_Sucrose,2026-07-09_FR5-4_Sucrose,cFOS,109,288,2257,280,0.9722222222222222,True,accepted_strict_direct_overlap,,,,,,,,
2026-07-09_FR5-4_Sucrose,2026-07-09_FR5-4_Sucrose,cFOS,110,163,2265,160,0.9815950920245399,True,accepted_strict_direct_overlap,,,,,,,,
2026-07-09_FR5-4_Sucrose,2026-07-09_FR5-4_Sucrose,cFOS,111,305,2313,282,0.9245901639344263,True,accepted_strict_direct_overlap,,,,,,,,
2026-07-09_FR5-4_Sucrose,2026-07-09_FR5-4_Sucrose,cFOS,112,394,2346,394,1.0,True,accepted_strict_direct_overlap,,,,,,,,
2026-07-09_FR5-4_Sucrose,2026-07-09_FR5-4_Sucrose,cFOS,113,345,2363,335,0.9710144927536232,True,accepted_strict_direct_overlap,,,,,,,,
2026-07-09_FR5-4_Sucrose,2026-07-09_FR5-4_Sucrose,cFOS,114,432,2495,409,0.9467592592592593,True,accepted_strict_direct_overlap,,,,,,,,
2026-07-09_FR5-4_Sucrose,2026-07-09_FR5-4_Sucrose,cFOS,115,237,2502,237,1.0,True,accepted_strict_direct_overlap,,,,,,,,
2026-07-09_FR5-4_Sucrose,2026-07-09_FR5-4_Sucrose,cFOS,116,632,2522,503,0.7958860759493671,True,accepted_strict_direct_overlap,,,,,,,,
2026-07-09_FR5-4_Sucrose,2026-07-09_FR5-4_Sucrose,cFOS,117,181,2521,180,0.994475138121547,True,accepted_strict_direct_overlap,,,,,,,,
2026-07-09_FR5-4_Sucrose,2026-07-09_FR5-4_Sucrose,cFOS,118,494,2558,452,0.9149797570850202,True,accepted_strict_direct_overlap,,,,,,,,
2026-07-09_FR5-4_Sucrose,2026-07-09_FR5-4_Sucrose,cFOS,119,306,2561,295,0.9640522875816994,True,accepted_strict_direct_overlap,,,,,,,,
2026-07-09_FR5-4_Sucrose,2026-07-09_FR5-4_Sucrose,cFOS,120,416,2590,392,0.9423076923076923,True,accepted_strict_direct_overlap,,,,,,,,
2026-07-09_FR5-4_Sucrose,2026-07-09_FR5-4_Sucrose,cFOS,121,467,2593,437,0.9357601713062098,True,accepted_strict_direct_overlap,,,,,,,,
2026-07-09_FR5-4_Sucrose,2026-07-09_FR5-4_Sucrose,cFOS,122,394,2607,374,0.949238578680203,True,accepted_strict_direct_overlap,,,,,,,,
2026-07-09_FR5-4_Sucrose,2026-07-09_FR5-4_Sucrose,cFOS,123,704,2616,614,0.8721590909090909,True,accepted_strict_direct_overlap,,,,,,,,
2026-07-09_FR5-4_Sucrose,2026-07-09_FR5-4_Sucrose,cFOS,124,487,2624,436,0.8952772073921971,True,accepted_strict_direct_overlap,,,,,,,,
2026-07-09_FR5-4_Sucrose,2026-07-09_FR5-4_Sucrose,cFOS,125,263,2647,263,1.0,True,accepted_strict_direct_overlap,,,,,,,,
2026-07-09_FR5-4_Sucrose,2026-07-09_FR5-4_Sucrose,cFOS,126,349,2686,324,0.9283667621776505,True,accepted_strict_direct_overlap,,,,,,,,
2026-07-09_FR5-4_Sucrose,2026-07-09_FR5-4_Sucrose,cFOS,127,672,2692,612,0.9107142857142857,True,accepted_strict_direct_overlap,,,,,,,,
2026-07-09_FR5-4_Sucrose,2026-07-09_FR5-4_Sucrose,cFOS,128,280,2695,246,0.8785714285714286,True,accepted_strict_direct_overlap,,,,,,,,
2026-07-09_FR5-4_Sucrose,2026-07-09_FR5-4_Sucrose,cFOS,129,451,2700,447,0.991130820399113,True,accepted_strict_direct_overlap,,,,,,,,
2026-07-09_FR5-4_Sucrose,2026-07-09_FR5-4_Sucrose,cFOS,130,705,2712,585,0.8297872340425532,True,accepted_strict_direct_overlap,,,,,,,,
2026-07-09_FR5-4_Sucrose,2026-07-09_FR5-4_Sucrose,cFOS,131,421,2743,411,0.9762470308788599,True,accepted_strict_direct_overlap,,,,,,,,
2026-07-09_FR5-4_Sucrose,2026-07-09_FR5-4_Sucrose,cFOS,132,404,2762,355,0.8787128712871287,True,accepted_strict_direct_overlap,,,,,,,,
2026-07-09_FR5-4_Sucrose,2026-07-09_FR5-4_Sucrose,cFOS,133,513,2790,413,0.8050682261208577,True,accepted_strict_direct_overlap,,,,,,,,
2026-07-09_FR5-4_Sucrose,2026-07-09_FR5-4_Sucrose,cFOS,134,541,2794,449,0.8299445471349353,True,accepted_strict_direct_overlap,,,,,,,,
2026-07-09_FR5-4_Sucrose,2026-07-09_FR5-4_Sucrose,cFOS,135,384,2797,330,0.859375,True,accepted_strict_direct_overlap,,,,,,,,
2026-07-09_FR5-4_Sucrose,2026-07-09_FR5-4_Sucrose,cFOS,136,513,2815,425,0.8284600389863548,True,accepted_strict_direct_overlap,,,,,,,,
2026-07-09_FR5-4_Sucrose,2026-07-09_FR5-4_Sucrose,cFOS,137,400,2813,360,0.9,True,accepted_strict_direct_overlap,,,,,,,,
2026-07-09_FR5-4_Sucrose,2026-07-09_FR5-4_Sucrose,cFOS,138,223,2818,214,0.9596412556053812,True,accepted_strict_direct_overlap,,,,,,,,
2026-07-09_FR5-4_Sucrose,2026-07-09_FR5-4_Sucrose,cFOS,139,431,2830,385,0.8932714617169374,True,accepted_strict_direct_overlap,,,,,,,,
2026-07-09_FR5-4_Sucrose,2026-07-09_FR5-4_Sucrose,cFOS,140,929,2836,450,0.48439181916038754,True,accepted_strict_direct_overlap,,,,,,,,
2026-07-09_FR5-4_Sucrose,2026-07-09_FR5-4_Sucrose,cFOS,141,520,2861,448,0.8615384615384616,True,accepted_strict_direct_overlap,,,,,,,,
2026-07-09_FR5-4_Sucrose,2026-07-09_FR5-4_Sucrose,cFOS,142,519,2872,437,0.8420038535645472,True,accepted_strict_direct_overlap,,,,,,,,
2026-07-09_FR5-4_Sucrose,2026-07-09_FR5-4_Sucrose,cFOS,143,632,2871,584,0.9240506329113924,True,accepted_strict_direct_overlap,,,,,,,,
2026-07-09_FR5-4_Sucrose,2026-07-09_FR5-4_Sucrose,cFOS,144,408,2878,337,0.8259803921568627,True,accepted_strict_direct_overlap,,,,,,,,
2026-07-09_FR5-4_Sucrose,2026-07-09_FR5-4_Sucrose,cFOS,145,656,2889,631,0.961890243902439,True,accepted_strict_direct_overlap,,,,,,,,
2026-07-09_FR5-4_Sucrose,2026-07-09_FR5-4_Sucrose,cFOS,146,645,2906,487,0.7550387596899225,True,accepted_strict_direct_overlap,,,,,,,,
2026-07-09_FR5-4_Sucrose,2026-07-09_FR5-4_Sucrose,cFOS,147,346,2917,286,0.8265895953757225,True,accepted_strict_direct_overlap,,,,,,,,
2026-07-09_FR5-4_Sucrose,2026-07-09_FR5-4_Sucrose,cFOS,148,573,2920,457,0.7975567190226877,True,accepted_strict_direct_overlap,,,,,,,,
2026-07-09_FR5-4_Sucrose,2026-07-09_FR5-4_Sucrose,cFOS,149,832,2926,675,0.8112980769230769,True,accepted_strict_direct_overlap,,,,,,,,
2026-07-09_FR5-4_Sucrose,2026-07-09_FR5-4_Sucrose,cFOS,150,604,2925,558,0.9238410596026491,True,accepted_strict_direct_overlap,,,,,,,,
2026-07-09_FR5-4_Sucrose,2026-07-09_FR5-4_Sucrose,cFOS,151,403,2927,401,0.9950372208436724,True,accepted_strict_direct_overlap,,,,,,,,
2026-07-09_FR5-4_Sucrose,2026-07-09_FR5-4_Sucrose,cFOS,152,775,2939,419,0.5406451612903226,True,accepted_strict_direct_overlap,,,,,,,,
2026-07-09_FR5-4_Sucrose,2026-07-09_FR5-4_Sucrose,cFOS,153,466,2942,407,0.8733905579399142,True,accepted_strict_direct_overlap,,,,,,,,
2026-07-09_FR5-4_Sucrose,2026-07-09_FR5-4_Sucrose,cFOS,154,518,2945,372,0.7181467181467182,True,accepted_strict_direct_overlap,,,,,,,,
2026-07-09_FR5-4_Sucrose,2026-07-09_FR5-4_Sucrose,cFOS,155,583,2971,521,0.8936535162950258,True,accepted_strict_direct_overlap,,,,,,,,
2026-07-09_FR5-4_Sucrose,2026-07-09_FR5-4_Sucrose,cFOS,156,435,3002,369,0.8482758620689655,True,accepted_strict_direct_overlap,,,,,,,,
2026-07-09_FR5-4_Sucrose,2026-07-09_FR5-4_Sucrose,cFOS,157,687,3003,623,0.9068413391557496,True,accepted_strict_direct_overlap,,,,,,,,
2026-07-09_FR5-4_Sucrose,2026-07-09_FR5-4_Sucrose,cFOS,158,718,3034,618,0.8607242339832869,True,accepted_strict_direct_overlap,,,,,,,,
2026-07-09_FR5-4_Sucrose,2026-07-09_FR5-4_Sucrose,cFOS,159,165,3039,146,0.8848484848484849,True,accepted_strict_direct_overlap,,,,,,,,
2026-07-09_FR5-4_Sucrose,2026-07-09_FR5-4_Sucrose,cFOS,160,277,0,102,0.36823104693140796,False,overlap_below_threshold,,,,,,,,
2026-07-09_FR5-4_Sucrose,2026-07-09_FR5-4_Sucrose,cFOS,161,431,3073,407,0.9443155452436195,True,accepted_strict_direct_overlap,,,,,,,,
2026-07-09_FR5-4_Sucrose,2026-07-09_FR5-4_Sucrose,cFOS,162,504,3077,449,0.8908730158730159,True,accepted_strict_direct_overlap,,,,,,,,
2026-07-09_FR5-4_Sucrose,2026-07-09_FR5-4_Sucrose,cFOS,163,631,3080,585,0.9270998415213946,True,accepted_strict_direct_overlap,,,,,,,,
2026-07-09_FR5-4_Sucrose,2026-07-09_FR5-4_Sucrose,cFOS,164,875,3088,660,0.7542857142857143,True,accepted_strict_direct_overlap,,,,,,,,
2026-07-09_FR5-4_Sucrose,2026-07-09_FR5-4_Sucrose,cFOS,165,627,3097,563,0.89792663476874,True,accepted_strict_direct_overlap,,,,,,,,
2026-07-09_FR5-4_Sucrose,2026-07-09_FR5-4_Sucrose,cFOS,166,560,3128,504,0.9,True,accepted_strict_direct_overlap,,,,,,,,
2026-07-09_FR5-4_Sucrose,2026-07-09_FR5-4_Sucrose,cFOS,167,212,3140,192,0.9056603773584906,True,accepted_strict_direct_overlap,,,,,,,,
2026-07-09_FR5-4_Sucrose,2026-07-09_FR5-4_Sucrose,cFOS,168,803,3151,687,0.8555417185554172,True,accepted_strict_direct_overlap,,,,,,,,
2026-07-09_FR5-4_Sucrose,2026-07-09_FR5-4_Sucrose,cFOS,169,1070,3194,799,0.7467289719626168,True,accepted_strict_direct_overlap,,,,,,,,
2026-07-09_FR5-4_Sucrose,2026-07-09_FR5-4_Sucrose,cFOS,170,530,3209,510,0.9622641509433962,True,accepted_strict_direct_overlap,,,,,,,,
2026-07-09_FR5-4_Sucrose,2026-07-09_FR5-4_Sucrose,cFOS,171,1346,3218,631,0.4687964338781575,True,accepted_strict_direct_overlap,,,,,,,,
2026-07-09_FR5-4_Sucrose,2026-07-09_FR5-4_Sucrose,cFOS,172,808,3221,726,0.8985148514851485,True,accepted_strict_direct_overlap,,,,,,,,
2026-07-09_FR5-4_Sucrose,2026-07-09_FR5-4_Sucrose,cFOS,173,458,3220,435,0.9497816593886463,True,accepted_strict_direct_overlap,,,,,,,,
2026-07-09_FR5-4_Sucrose,2026-07-09_FR5-4_Sucrose,cFOS,174,853,3234,714,0.8370457209847597,True,accepted_strict_direct_overlap,,,,,,,,
2026-07-09_FR5-4_Sucrose,2026-07-09_FR5-4_Sucrose,cFOS,175,512,3272,460,0.8984375,True,accepted_strict_direct_overlap,,,,,,,,
2026-07-09_FR5-4_Sucrose,2026-07-09_FR5-4_Sucrose,cFOS,176,527,3285,368,0.698292220113852,True,accepted_strict_direct_overlap,,,,,,,,
2026-07-09_FR5-4_Sucrose,2026-07-09_FR5-4_Sucrose,cFOS,177,490,3278,482,0.9836734693877551,True,accepted_strict_direct_overlap,,,,,,,,
2026-07-09_FR5-4_Sucrose,2026-07-09_FR5-4_Sucrose,cFOS,178,640,3303,640,1.0,True,accepted_strict_direct_overlap,,,,,,,,
2026-07-09_FR5-4_Sucrose,2026-07-09_FR5-4_Sucrose,cFOS,179,730,3306,637,0.8726027397260274,True,accepted_strict_direct_overlap,,,,,,,,
2026-07-09_FR5-4_Sucrose,2026-07-09_FR5-4_Sucrose,cFOS,180,729,3353,722,0.99039780521262,True,accepted_strict_direct_overlap,,,,,,,,
2026-07-09_FR5-4_Sucrose,2026-07-09_FR5-4_Sucrose,cFOS,181,488,3354,488,1.0,True,accepted_strict_direct_overlap,,,,,,,,
2026-07-09_FR5-4_Sucrose,2026-07-09_FR5-4_Sucrose,ACTH_CLIP,1,221,0,1,0.004524886877828055,False,insufficient_expanded_dapi_pixels,ACTH/CLIP,3390.0,0.05,150.0,443.0,True,False,23.0
2026-07-09_FR5-4_Sucrose,2026-07-09_FR5-4_Sucrose,ACTH_CLIP,2,338,126,174,0.514792899408284,True,accepted_size_and_best_expanded_dapi,ACTH/CLIP,3390.0,0.05,150.0,443.0,True,False,23.0
2026-07-09_FR5-4_Sucrose,2026-07-09_FR5-4_Sucrose,ACTH_CLIP,3,134,0,0,0.0,False,below_acquisition_dapi_area_p05_likely_noncell,ACTH/CLIP,3390.0,0.05,150.0,443.0,False,True,23.0
2026-07-09_FR5-4_Sucrose,2026-07-09_FR5-4_Sucrose,ACTH_CLIP,4,236,154,190,0.8050847457627118,True,accepted_size_and_best_expanded_dapi,ACTH/CLIP,3390.0,0.05,150.0,443.0,True,False,23.0
2026-07-09_FR5-4_Sucrose,2026-07-09_FR5-4_Sucrose,ACTH_CLIP,5,937,230,854,0.9114194236926361,True,accepted_size_and_best_expanded_dapi,ACTH/CLIP,3390.0,0.05,150.0,443.0,True,False,23.0
2026-07-09_FR5-4_Sucrose,2026-07-09_FR5-4_Sucrose,ACTH_CLIP,6,800,399,744,0.93,True,accepted_size_and_best_expanded_dapi,ACTH/CLIP,3390.0,0.05,150.0,443.0,True,False,23.0
2026-07-09_FR5-4_Sucrose,2026-07-09_FR5-4_Sucrose,ACTH_CLIP,7,1216,672,1131,0.9300986842105263,True,accepted_size_and_best_expanded_dapi,ACTH/CLIP,3390.0,0.05,150.0,443.0,True,False,23.0
2026-07-09_FR5-4_Sucrose,2026-07-09_FR5-4_Sucrose,ACTH_CLIP,8,1615,704,1615,1.0,True,accepted_size_and_best_expanded_dapi,ACTH/CLIP,3390.0,0.05,150.0,443.0,True,False,23.0
2026-07-09_FR5-4_Sucrose,2026-07-09_FR5-4_Sucrose,ACTH_CLIP,9,617,707,617,1.0,True,accepted_size_and_best_expanded_dapi,ACTH/CLIP,3390.0,0.05,150.0,443.0,True,False,23.0
2026-07-09_FR5-4_Sucrose,2026-07-09_FR5-4_Sucrose,ACTH_CLIP,10,1075,773,1040,0.9674418604651163,True,accepted_size_and_best_expanded_dapi,ACTH/CLIP,3390.0,0.05,150.0,443.0,True,False,23.0
2026-07-09_FR5-4_Sucrose,2026-07-09_FR5-4_Sucrose,ACTH_CLIP,11,1284,857,1206,0.9392523364485982,True,accepted_size_and_best_expanded_dapi,ACTH/CLIP,3390.0,0.05,150.0,443.0,True,False,23.0
2026-07-09_FR5-4_Sucrose,2026-07-09_FR5-4_Sucrose,ACTH_CLIP,12,917,901,531,0.579062159214831,True,accepted_size_and_best_expanded_dapi,ACTH/CLIP,3390.0,0.05,150.0,443.0,True,False,23.0
2026-07-09_FR5-4_Sucrose,2026-07-09_FR5-4_Sucrose,ACTH_CLIP,13,201,957,119,0.5920398009950248,True,accepted_size_and_best_expanded_dapi,ACTH/CLIP,3390.0,0.05,150.0,443.0,True,False,23.0
2026-07-09_FR5-4_Sucrose,2026-07-09_FR5-4_Sucrose,ACTH_CLIP,14,540,978,457,0.8462962962962963,True,accepted_size_and_best_expanded_dapi,ACTH/CLIP,3390.0,0.05,150.0,443.0,True,False,23.0
2026-07-09_FR5-4_Sucrose,2026-07-09_FR5-4_Sucrose,ACTH_CLIP,15,1534,1003,975,0.635593220338983,True,accepted_size_and_best_expanded_dapi,ACTH/CLIP,3390.0,0.05,150.0,443.0,True,False,23.0
2026-07-09_FR5-4_Sucrose,2026-07-09_FR5-4_Sucrose,ACTH_CLIP,16,997,1030,550,0.551654964894684,True,accepted_size_and_best_expanded_dapi,ACTH/CLIP,3390.0,0.05,150.0,443.0,True,False,23.0
2026-07-09_FR5-4_Sucrose,2026-07-09_FR5-4_Sucrose,ACTH_CLIP,17,918,1105,785,0.855119825708061,True,accepted_size_and_best_expanded_dapi,ACTH/CLIP,3390.0,0.05,150.0,443.0,True,False,23.0
2026-07-09_FR5-4_Sucrose,2026-07-09_FR5-4_Sucrose,ACTH_CLIP,18,360,1077,360,1.0,True,accepted_size_and_best_expanded_dapi,ACTH/CLIP,3390.0,0.05,150.0,443.0,True,False,23.0
2026-07-09_FR5-4_Sucrose,2026-07-09_FR5-4_Sucrose,ACTH_CLIP,19,1800,1132,1398,0.7766666666666666,True,accepted_size_and_best_expanded_dapi,ACTH/CLIP,3390.0,0.05,150.0,443.0,True,False,23.0
2026-07-09_FR5-4_Sucrose,2026-07-09_FR5-4_Sucrose,ACTH_CLIP,20,1266,1240,1222,0.9652448657187994,True,accepted_size_and_best_expanded_dapi,ACTH/CLIP,3390.0,0.05,150.0,443.0,True,False,23.0
2026-07-09_FR5-4_Sucrose,2026-07-09_FR5-4_Sucrose,ACTH_CLIP,21,985,1285,774,0.7857868020304568,True,accepted_size_and_best_expanded_dapi,ACTH/CLIP,3390.0,0.05,150.0,443.0,True,False,23.0
2026-07-09_FR5-4_Sucrose,2026-07-09_FR5-4_Sucrose,ACTH_CLIP,22,533,1319,303,0.5684803001876173,True,accepted_size_and_best_expanded_dapi,ACTH/CLIP,3390.0,0.05,150.0,443.0,True,False,23.0
2026-07-09_FR5-4_Sucrose,2026-07-09_FR5-4_Sucrose,ACTH_CLIP,23,252,1315,252,1.0,True,accepted_size_and_best_expanded_dapi,ACTH/CLIP,3390.0,0.05,150.0,443.0,True,False,23.0
2026-07-09_FR5-4_Sucrose,2026-07-09_FR5-4_Sucrose,ACTH_CLIP,24,628,1374,517,0.8232484076433121,True,accepted_size_and_best_expanded_dapi,ACTH/CLIP,3390.0,0.05,150.0,443.0,True,False,23.0
2026-07-09_FR5-4_Sucrose,2026-07-09_FR5-4_Sucrose,ACTH_CLIP,25,1887,1474,1747,0.9258081611022787,True,accepted_size_and_best_expanded_dapi,ACTH/CLIP,3390.0,0.05,150.0,443.0,True,False,23.0
2026-07-09_FR5-4_Sucrose,2026-07-09_FR5-4_Sucrose,ACTH_CLIP,26,1119,1530,600,0.5361930294906166,True,accepted_size_and_best_expanded_dapi,ACTH/CLIP,3390.0,0.05,150.0,443.0,True,False,23.0
2026-07-09_FR5-4_Sucrose,2026-07-09_FR5-4_Sucrose,ACTH_CLIP,27,1717,1500,653,0.38031450203843914,True,accepted_size_and_best_expanded_dapi,ACTH/CLIP,3390.0,0.05,150.0,443.0,True,False,23.0
2026-07-09_FR5-4_Sucrose,2026-07-09_FR5-4_Sucrose,ACTH_CLIP,28,293,1449,199,0.6791808873720137,True,accepted_size_and_best_expanded_dapi,ACTH/CLIP,3390.0,0.05,150.0,443.0,True,False,23.0
2026-07-09_FR5-4_Sucrose,2026-07-09_FR5-4_Sucrose,ACTH_CLIP,29,914,1522,462,0.5054704595185996,True,accepted_size_and_best_expanded_dapi,ACTH/CLIP,3390.0,0.05,150.0,443.0,True,False,23.0
2026-07-09_FR5-4_Sucrose,2026-07-09_FR5-4_Sucrose,ACTH_CLIP,30,917,1552,917,1.0,True,accepted_size_and_best_expanded_dapi,ACTH/CLIP,3390.0,0.05,150.0,443.0,True,False,23.0
2026-07-09_FR5-4_Sucrose,2026-07-09_FR5-4_Sucrose,ACTH_CLIP,31,1178,1596,796,0.6757215619694398,True,accepted_size_and_best_expanded_dapi,ACTH/CLIP,3390.0,0.05,150.0,443.0,True,False,23.0
2026-07-09_FR5-4_Sucrose,2026-07-09_FR5-4_Sucrose,ACTH_CLIP,32,930,1653,327,0.35161290322580646,True,accepted_size_and_best_expanded_dapi,ACTH/CLIP,3390.0,0.05,150.0,443.0,True,False,23.0
2026-07-09_FR5-4_Sucrose,2026-07-09_FR5-4_Sucrose,ACTH_CLIP,33,957,1680,957,1.0,True,accepted_size_and_best_expanded_dapi,ACTH/CLIP,3390.0,0.05,150.0,443.0,True,False,23.0
2026-07-09_FR5-4_Sucrose,2026-07-09_FR5-4_Sucrose,ACTH_CLIP,34,523,0,0,0.0,False,insufficient_expanded_dapi_pixels,ACTH/CLIP,3390.0,0.05,150.0,443.0,True,False,23.0
2026-07-09_FR5-4_Sucrose,2026-07-09_FR5-4_Sucrose,ACTH_CLIP,35,154,2099,106,0.6883116883116883,True,accepted_size_and_best_expanded_dapi,ACTH/CLIP,3390.0,0.05,150.0,443.0,True,False,23.0
2026-07-09_FR5-4_Sucrose,2026-07-09_FR5-4_Sucrose,ACTH_CLIP,36,955,2241,955,1.0,True,accepted_size_and_best_expanded_dapi,ACTH/CLIP,3390.0,0.05,150.0,443.0,True,False,23.0
2026-07-09_FR5-4_Sucrose,2026-07-09_FR5-4_Sucrose,ACTH_CLIP,37,950,2310,950,1.0,True,accepted_size_and_best_expanded_dapi,ACTH/CLIP,3390.0,0.05,150.0,443.0,True,False,23.0
2026-07-09_FR5-4_Sucrose,2026-07-09_FR5-4_Sucrose,ACTH_CLIP,38,142,0,0,0.0,False,below_acquisition_dapi_area_p05_likely_noncell,ACTH/CLIP,3390.0,0.05,150.0,443.0,False,True,23.0
2026-07-09_FR5-4_Sucrose,2026-07-09_FR5-4_Sucrose,ACTH_CLIP,39,1388,2358,1105,0.7961095100864554,True,accepted_size_and_best_expanded_dapi,ACTH/CLIP,3390.0,0.05,150.0,443.0,True,False,23.0
2026-07-09_FR5-4_Sucrose,2026-07-09_FR5-4_Sucrose,ACTH_CLIP,40,288,2379,279,0.96875,True,accepted_size_and_best_expanded_dapi,ACTH/CLIP,3390.0,0.05,150.0,443.0,True,False,23.0
2026-07-09_FR5-4_Sucrose,2026-07-09_FR5-4_Sucrose,ACTH_CLIP,41,790,2420,790,1.0,True,accepted_size_and_best_expanded_dapi,ACTH/CLIP,3390.0,0.05,150.0,443.0,True,False,23.0
2026-07-09_FR5-4_Sucrose,2026-07-09_FR5-4_Sucrose,ACTH_CLIP,42,1556,2460,933,0.5996143958868895,True,accepted_size_and_best_expanded_dapi,ACTH/CLIP,3390.0,0.05,150.0,443.0,True,False,23.0
2026-07-09_FR5-4_Sucrose,2026-07-09_FR5-4_Sucrose,ACTH_CLIP,43,1485,2462,1060,0.7138047138047138,True,accepted_size_and_best_expanded_dapi,ACTH/CLIP,3390.0,0.05,150.0,443.0,True,False,23.0
2026-07-09_FR5-4_Sucrose,2026-07-09_FR5-4_Sucrose,ACTH_CLIP,44,1641,2515,1589,0.9683120048750762,True,accepted_size_and_best_expanded_dapi,ACTH/CLIP,3390.0,0.05,150.0,443.0,True,False,23.0
2026-07-09_FR5-4_Sucrose,2026-07-09_FR5-4_Sucrose,ACTH_CLIP,45,374,2526,374,1.0,True,accepted_size_and_best_expanded_dapi,ACTH/CLIP,3390.0,0.05,150.0,443.0,True,False,23.0
2026-07-09_FR5-4_Sucrose,2026-07-09_FR5-4_Sucrose,ACTH_CLIP,46,69,0,0,0.0,False,below_acquisition_dapi_area_p05_likely_noncell,ACTH/CLIP,3390.0,0.05,150.0,443.0,False,True,23.0
2026-07-09_FR5-4_Sucrose,2026-07-09_FR5-4_Sucrose,ACTH_CLIP,47,1017,2697,1015,0.9980334316617503,True,accepted_size_and_best_expanded_dapi,ACTH/CLIP,3390.0,0.05,150.0,443.0,True,False,23.0
2026-07-09_FR5-4_Sucrose,2026-07-09_FR5-4_Sucrose,ACTH_CLIP,48,201,2679,201,1.0,True,accepted_size_and_best_expanded_dapi,ACTH/CLIP,3390.0,0.05,150.0,443.0,True,False,23.0
2026-07-09_FR5-4_Sucrose,2026-07-09_FR5-4_Sucrose,ACTH_CLIP,49,476,2736,315,0.6617647058823529,True,accepted_size_and_best_expanded_dapi,ACTH/CLIP,3390.0,0.05,150.0,443.0,True,False,23.0
2026-07-09_FR5-4_Sucrose,2026-07-09_FR5-4_Sucrose,ACTH_CLIP,50,513,2735,465,0.9064327485380117,True,accepted_size_and_best_expanded_dapi,ACTH/CLIP,3390.0,0.05,150.0,443.0,True,False,23.0
2026-07-09_FR5-4_Sucrose,2026-07-09_FR5-4_Sucrose,ACTH_CLIP,51,1016,2757,1016,1.0,True,accepted_size_and_best_expanded_dapi,ACTH/CLIP,3390.0,0.05,150.0,443.0,True,False,23.0
2026-07-09_FR5-4_Sucrose,2026-07-09_FR5-4_Sucrose,ACTH_CLIP,52,204,2822,148,0.7254901960784313,True,accepted_size_and_best_expanded_dapi,ACTH/CLIP,3390.0,0.05,150.0,443.0,True,False,23.0
2026-07-09_FR5-4_Sucrose,2026-07-09_FR5-4_Sucrose,ACTH_CLIP,53,314,0,0,0.0,False,insufficient_expanded_dapi_pixels,ACTH/CLIP,3390.0,0.05,150.0,443.0,True,False,23.0
2026-07-09_FR5-4_Sucrose,2026-07-09_FR5-4_Sucrose,ACTH_CLIP,54,355,2853,9,0.02535211267605634,True,accepted_size_and_best_expanded_dapi,ACTH/CLIP,3390.0,0.05,150.0,443.0,True,False,23.0
2026-07-09_FR5-4_Sucrose,2026-07-09_FR5-4_Sucrose,ACTH_CLIP,55,1257,2894,1185,0.9427207637231504,True,accepted_size_and_best_expanded_dapi,ACTH/CLIP,3390.0,0.05,150.0,443.0,True,False,23.0
2026-07-09_FR5-4_Sucrose,2026-07-09_FR5-4_Sucrose,ACTH_CLIP,56,164,2903,89,0.5426829268292683,True,accepted_size_and_best_expanded_dapi,ACTH/CLIP,3390.0,0.05,150.0,443.0,True,False,23.0
2026-07-09_FR5-4_Sucrose,2026-07-09_FR5-4_Sucrose,ACTH_CLIP,57,384,2935,384,1.0,True,accepted_size_and_best_expanded_dapi,ACTH/CLIP,3390.0,0.05,150.0,443.0,True,False,23.0
2026-07-09_FR5-4_Sucrose,2026-07-09_FR5-4_Sucrose,ACTH_CLIP,58,226,3134,226,1.0,True,accepted_size_and_best_expanded_dapi,ACTH/CLIP,3390.0,0.05,150.0,443.0,True,False,23.0
2026-07-09_FR5-4_Sucrose,2026-07-09_FR5-4_Sucrose,ACTH_CLIP,59,1040,3161,1018,0.9788461538461538,True,accepted_size_and_best_expanded_dapi,ACTH/CLIP,3390.0,0.05,150.0,443.0,True,False,23.0
2026-07-09_FR5-4_Sucrose,2026-07-09_FR5-4_Sucrose,ACTH_CLIP,60,1762,3218,1629,0.9245175936435869,True,accepted_size_and_best_expanded_dapi,ACTH/CLIP,3390.0,0.05,150.0,443.0,True,False,23.0
2026-07-09_FR5-4_Sucrose,2026-07-09_FR5-4_Sucrose,ACTH_CLIP,61,375,3257,375,1.0,True,accepted_size_and_best_expanded_dapi,ACTH/CLIP,3390.0,0.05,150.0,443.0,True,False,23.0
2026-07-09_FR5-4_Sucrose,2026-07-09_FR5-4_Sucrose,ACTH_CLIP,62,937,3353,937,1.0,True,accepted_size_and_best_expanded_dapi,ACTH/CLIP,3390.0,0.05,150.0,443.0,True,False,23.0
2026-07-10_FR4-3_Sucrose,2026-07-10_FR4-3_Sucrose,cFOS,1,495,18,430,0.8686868686868687,True,accepted_strict_direct_overlap,,,,,,,,
2026-07-10_FR4-3_Sucrose,2026-07-10_FR4-3_Sucrose,cFOS,2,365,39,296,0.810958904109589,True,accepted_strict_direct_overlap,,,,,,,,
2026-07-10_FR4-3_Sucrose,2026-07-10_FR4-3_Sucrose,cFOS,3,248,72,230,0.9274193548387096,True,accepted_strict_direct_overlap,,,,,,,,
2026-07-10_FR4-3_Sucrose,2026-07-10_FR4-3_Sucrose,cFOS,4,63,0,0,0.0,False,overlap_below_threshold,,,,,,,,
2026-07-10_FR4-3_Sucrose,2026-07-10_FR4-3_Sucrose,cFOS,5,472,109,217,0.4597457627118644,True,accepted_strict_direct_overlap,,,,,,,,
2026-07-10_FR4-3_Sucrose,2026-07-10_FR4-3_Sucrose,cFOS,6,275,134,261,0.9490909090909091,True,accepted_strict_direct_overlap,,,,,,,,
2026-07-10_FR4-3_Sucrose,2026-07-10_FR4-3_Sucrose,cFOS,7,620,160,465,0.75,True,accepted_strict_direct_overlap,,,,,,,,
2026-07-10_FR4-3_Sucrose,2026-07-10_FR4-3_Sucrose,cFOS,8,466,177,375,0.8047210300429185,True,accepted_strict_direct_overlap,,,,,,,,
2026-07-10_FR4-3_Sucrose,2026-07-10_FR4-3_Sucrose,cFOS,9,628,185,556,0.8853503184713376,True,accepted_strict_direct_overlap,,,,,,,,
2026-07-10_FR4-3_Sucrose,2026-07-10_FR4-3_Sucrose,cFOS,10,455,193,286,0.6285714285714286,True,accepted_strict_direct_overlap,,,,,,,,
2026-07-10_FR4-3_Sucrose,2026-07-10_FR4-3_Sucrose,cFOS,11,180,231,106,0.5888888888888889,True,accepted_strict_direct_overlap,,,,,,,,
2026-07-10_FR4-3_Sucrose,2026-07-10_FR4-3_Sucrose,cFOS,12,217,233,209,0.9631336405529954,True,accepted_strict_direct_overlap,,,,,,,,
2026-07-10_FR4-3_Sucrose,2026-07-10_FR4-3_Sucrose,cFOS,13,249,247,126,0.5060240963855421,True,accepted_strict_direct_overlap,,,,,,,,
2026-07-10_FR4-3_Sucrose,2026-07-10_FR4-3_Sucrose,cFOS,14,440,0,0,0.0,False,overlap_below_threshold,,,,,,,,
2026-07-10_FR4-3_Sucrose,2026-07-10_FR4-3_Sucrose,cFOS,15,593,283,484,0.8161888701517707,True,accepted_strict_direct_overlap,,,,,,,,
2026-07-10_FR4-3_Sucrose,2026-07-10_FR4-3_Sucrose,cFOS,16,569,315,393,0.6906854130052724,True,accepted_strict_direct_overlap,,,,,,,,
2026-07-10_FR4-3_Sucrose,2026-07-10_FR4-3_Sucrose,cFOS,17,342,323,312,0.9122807017543859,True,accepted_strict_direct_overlap,,,,,,,,
2026-07-10_FR4-3_Sucrose,2026-07-10_FR4-3_Sucrose,cFOS,18,690,342,483,0.7,True,accepted_strict_direct_overlap,,,,,,,,
2026-07-10_FR4-3_Sucrose,2026-07-10_FR4-3_Sucrose,cFOS,19,3235,0,275,0.08500772797527048,False,overlap_below_threshold,,,,,,,,
2026-07-10_FR4-3_Sucrose,2026-07-10_FR4-3_Sucrose,cFOS,20,573,410,436,0.7609075043630017,True,accepted_strict_direct_overlap,,,,,,,,
2026-07-10_FR4-3_Sucrose,2026-07-10_FR4-3_Sucrose,cFOS,21,391,433,270,0.690537084398977,True,accepted_strict_direct_overlap,,,,,,,,
2026-07-10_FR4-3_Sucrose,2026-07-10_FR4-3_Sucrose,cFOS,22,473,429,450,0.9513742071881607,True,accepted_strict_direct_overlap,,,,,,,,
2026-07-10_FR4-3_Sucrose,2026-07-10_FR4-3_Sucrose,cFOS,23,779,438,662,0.8498074454428755,True,accepted_strict_direct_overlap,,,,,,,,
2026-07-10_FR4-3_Sucrose,2026-07-10_FR4-3_Sucrose,cFOS,24,488,0,144,0.29508196721311475,False,overlap_below_threshold,,,,,,,,
2026-07-10_FR4-3_Sucrose,2026-07-10_FR4-3_Sucrose,cFOS,25,1455,0,219,0.15051546391752577,False,overlap_below_threshold,,,,,,,,
2026-07-10_FR4-3_Sucrose,2026-07-10_FR4-3_Sucrose,cFOS,26,728,506,317,0.43543956043956045,True,accepted_strict_direct_overlap,,,,,,,,
2026-07-10_FR4-3_Sucrose,2026-07-10_FR4-3_Sucrose,cFOS,27,813,517,491,0.6039360393603936,True,accepted_strict_direct_overlap,,,,,,,,
2026-07-10_FR4-3_Sucrose,2026-07-10_FR4-3_Sucrose,cFOS,28,3389,0,401,0.11832398937739746,False,overlap_below_threshold,,,,,,,,
2026-07-10_FR4-3_Sucrose,2026-07-10_FR4-3_Sucrose,cFOS,29,926,636,818,0.8833693304535637,True,accepted_strict_direct_overlap,,,,,,,,
2026-07-10_FR4-3_Sucrose,2026-07-10_FR4-3_Sucrose,cFOS,30,303,0,0,0.0,False,overlap_below_threshold,,,,,,,,
2026-07-10_FR4-3_Sucrose,2026-07-10_FR4-3_Sucrose,cFOS,31,509,722,493,0.9685658153241651,True,accepted_strict_direct_overlap,,,,,,,,
2026-07-10_FR4-3_Sucrose,2026-07-10_FR4-3_Sucrose,cFOS,32,285,720,239,0.8385964912280702,True,accepted_strict_direct_overlap,,,,,,,,
2026-07-10_FR4-3_Sucrose,2026-07-10_FR4-3_Sucrose,cFOS,33,237,731,199,0.8396624472573839,True,accepted_strict_direct_overlap,,,,,,,,
2026-07-10_FR4-3_Sucrose,2026-07-10_FR4-3_Sucrose,cFOS,34,482,0,6,0.012448132780082987,False,overlap_below_threshold,,,,,,,,
2026-07-10_FR4-3_Sucrose,2026-07-10_FR4-3_Sucrose,cFOS,35,497,743,462,0.9295774647887324,True,accepted_strict_direct_overlap,,,,,,,,
2026-07-10_FR4-3_Sucrose,2026-07-10_FR4-3_Sucrose,cFOS,36,491,749,314,0.639511201629328,True,accepted_strict_direct_overlap,,,,,,,,
2026-07-10_FR4-3_Sucrose,2026-07-10_FR4-3_Sucrose,cFOS,37,508,774,494,0.9724409448818898,True,accepted_strict_direct_overlap,,,,,,,,
2026-07-10_FR4-3_Sucrose,2026-07-10_FR4-3_Sucrose,cFOS,38,807,783,386,0.47831474597273854,True,accepted_strict_direct_overlap,,,,,,,,
2026-07-10_FR4-3_Sucrose,2026-07-10_FR4-3_Sucrose,cFOS,39,473,785,472,0.9978858350951374,True,accepted_strict_direct_overlap,,,,,,,,
2026-07-10_FR4-3_Sucrose,2026-07-10_FR4-3_Sucrose,cFOS,40,630,787,594,0.9428571428571428,True,accepted_strict_direct_overlap,,,,,,,,
2026-07-10_FR4-3_Sucrose,2026-07-10_FR4-3_Sucrose,cFOS,41,397,803,345,0.8690176322418136,True,accepted_strict_direct_overlap,,,,,,,,
2026-07-10_FR4-3_Sucrose,2026-07-10_FR4-3_Sucrose,cFOS,42,235,817,235,1.0,True,accepted_strict_direct_overlap,,,,,,,,
2026-07-10_FR4-3_Sucrose,2026-07-10_FR4-3_Sucrose,cFOS,43,627,857,584,0.9314194577352473,True,accepted_strict_direct_overlap,,,,,,,,
2026-07-10_FR4-3_Sucrose,2026-07-10_FR4-3_Sucrose,cFOS,44,684,871,460,0.672514619883041,True,accepted_strict_direct_overlap,,,,,,,,
2026-07-10_FR4-3_Sucrose,2026-07-10_FR4-3_Sucrose,cFOS,45,616,890,550,0.8928571428571429,True,accepted_strict_direct_overlap,,,,,,,,
2026-07-10_FR4-3_Sucrose,2026-07-10_FR4-3_Sucrose,cFOS,46,604,903,464,0.7682119205298014,True,accepted_strict_direct_overlap,,,,,,,,
2026-07-10_FR4-3_Sucrose,2026-07-10_FR4-3_Sucrose,cFOS,47,377,909,271,0.7188328912466844,True,accepted_strict_direct_overlap,,,,,,,,
2026-07-10_FR4-3_Sucrose,2026-07-10_FR4-3_Sucrose,cFOS,48,466,910,421,0.9034334763948498,True,accepted_strict_direct_overlap,,,,,,,,
2026-07-10_FR4-3_Sucrose,2026-07-10_FR4-3_Sucrose,cFOS,49,623,915,568,0.9117174959871589,True,accepted_strict_direct_overlap,,,,,,,,
2026-07-10_FR4-3_Sucrose,2026-07-10_FR4-3_Sucrose,cFOS,50,669,927,610,0.9118086696562033,True,accepted_strict_direct_overlap,,,,,,,,
2026-07-10_FR4-3_Sucrose,2026-07-10_FR4-3_Sucrose,cFOS,51,402,934,397,0.9875621890547264,True,accepted_strict_direct_overlap,,,,,,,,
2026-07-10_FR4-3_Sucrose,2026-07-10_FR4-3_Sucrose,cFOS,52,703,941,609,0.8662873399715505,True,accepted_strict_direct_overlap,,,,,,,,
2026-07-10_FR4-3_Sucrose,2026-07-10_FR4-3_Sucrose,cFOS,53,607,939,519,0.8550247116968699,True,accepted_strict_direct_overlap,,,,,,,,
2026-07-10_FR4-3_Sucrose,2026-07-10_FR4-3_Sucrose,cFOS,54,312,944,263,0.842948717948718,True,accepted_strict_direct_overlap,,,,,,,,
2026-07-10_FR4-3_Sucrose,2026-07-10_FR4-3_Sucrose,cFOS,55,378,958,209,0.5529100529100529,True,accepted_strict_direct_overlap,,,,,,,,
2026-07-10_FR4-3_Sucrose,2026-07-10_FR4-3_Sucrose,cFOS,56,769,956,628,0.8166449934980494,True,accepted_strict_direct_overlap,,,,,,,,
2026-07-10_FR4-3_Sucrose,2026-07-10_FR4-3_Sucrose,cFOS,57,462,955,413,0.8939393939393939,True,accepted_strict_direct_overlap,,,,,,,,
2026-07-10_FR4-3_Sucrose,2026-07-10_FR4-3_Sucrose,cFOS,58,784,979,684,0.8724489795918368,True,accepted_strict_direct_overlap,,,,,,,,
2026-07-10_FR4-3_Sucrose,2026-07-10_FR4-3_Sucrose,cFOS,59,431,1017,372,0.8631090487238979,True,accepted_strict_direct_overlap,,,,,,,,
2026-07-10_FR4-3_Sucrose,2026-07-10_FR4-3_Sucrose,cFOS,60,469,1022,372,0.7931769722814499,True,accepted_strict_direct_overlap,,,,,,,,
2026-07-10_FR4-3_Sucrose,2026-07-10_FR4-3_Sucrose,cFOS,61,513,1084,470,0.9161793372319688,True,accepted_strict_direct_overlap,,,,,,,,
2026-07-10_FR4-3_Sucrose,2026-07-10_FR4-3_Sucrose,cFOS,62,815,1095,765,0.9386503067484663,True,accepted_strict_direct_overlap,,,,,,,,
2026-07-10_FR4-3_Sucrose,2026-07-10_FR4-3_Sucrose,cFOS,63,654,1110,507,0.7752293577981652,True,accepted_strict_direct_overlap,,,,,,,,
2026-07-10_FR4-3_Sucrose,2026-07-10_FR4-3_Sucrose,cFOS,64,492,1140,313,0.6361788617886179,True,accepted_strict_direct_overlap,,,,,,,,
2026-07-10_FR4-3_Sucrose,2026-07-10_FR4-3_Sucrose,cFOS,65,446,1175,444,0.9955156950672646,True,accepted_strict_direct_overlap,,,,,,,,
2026-07-10_FR4-3_Sucrose,2026-07-10_FR4-3_Sucrose,cFOS,66,495,1182,333,0.6727272727272727,True,accepted_strict_direct_overlap,,,,,,,,
2026-07-10_FR4-3_Sucrose,2026-07-10_FR4-3_Sucrose,cFOS,67,303,1187,273,0.900990099009901,True,accepted_strict_direct_overlap,,,,,,,,
2026-07-10_FR4-3_Sucrose,2026-07-10_FR4-3_Sucrose,cFOS,68,445,1216,413,0.9280898876404494,True,accepted_strict_direct_overlap,,,,,,,,
2026-07-10_FR4-3_Sucrose,2026-07-10_FR4-3_Sucrose,cFOS,69,558,1231,488,0.8745519713261649,True,accepted_strict_direct_overlap,,,,,,,,
2026-07-10_FR4-3_Sucrose,2026-07-10_FR4-3_Sucrose,cFOS,70,390,1258,333,0.8538461538461538,True,accepted_strict_direct_overlap,,,,,,,,
2026-07-10_FR4-3_Sucrose,2026-07-10_FR4-3_Sucrose,cFOS,71,477,1264,341,0.7148846960167715,True,accepted_strict_direct_overlap,,,,,,,,
2026-07-10_FR4-3_Sucrose,2026-07-10_FR4-3_Sucrose,cFOS,72,1279,0,112,0.0875684128225176,False,overlap_below_threshold,,,,,,,,
2026-07-10_FR4-3_Sucrose,2026-07-10_FR4-3_Sucrose,cFOS,73,1070,1308,499,0.4663551401869159,True,accepted_strict_direct_overlap,,,,,,,,
2026-07-10_FR4-3_Sucrose,2026-07-10_FR4-3_Sucrose,cFOS,74,238,1276,238,1.0,True,accepted_strict_direct_overlap,,,,,,,,
2026-07-10_FR4-3_Sucrose,2026-07-10_FR4-3_Sucrose,cFOS,75,550,1283,527,0.9581818181818181,True,accepted_strict_direct_overlap,,,,,,,,
2026-07-10_FR4-3_Sucrose,2026-07-10_FR4-3_Sucrose,cFOS,76,593,1293,519,0.8752107925801011,True,accepted_strict_direct_overlap,,,,,,,,
2026-07-10_FR4-3_Sucrose,2026-07-10_FR4-3_Sucrose,cFOS,77,624,1345,544,0.8717948717948718,True,accepted_strict_direct_overlap,,,,,,,,
2026-07-10_FR4-3_Sucrose,2026-07-10_FR4-3_Sucrose,cFOS,78,453,1349,392,0.8653421633554084,True,accepted_strict_direct_overlap,,,,,,,,
2026-07-10_FR4-3_Sucrose,2026-07-10_FR4-3_Sucrose,cFOS,79,373,1362,368,0.9865951742627346,True,accepted_strict_direct_overlap,,,,,,,,
2026-07-10_FR4-3_Sucrose,2026-07-10_FR4-3_Sucrose,cFOS,80,181,1379,181,1.0,True,accepted_strict_direct_overlap,,,,,,,,
2026-07-10_FR4-3_Sucrose,2026-07-10_FR4-3_Sucrose,cFOS,81,584,1382,537,0.9195205479452054,True,accepted_strict_direct_overlap,,,,,,,,
2026-07-10_FR4-3_Sucrose,2026-07-10_FR4-3_Sucrose,cFOS,82,579,1410,515,0.8894645941278065,True,accepted_strict_direct_overlap,,,,,,,,
2026-07-10_FR4-3_Sucrose,2026-07-10_FR4-3_Sucrose,cFOS,83,317,1426,189,0.5962145110410094,True,accepted_strict_direct_overlap,,,,,,,,
2026-07-10_FR4-3_Sucrose,2026-07-10_FR4-3_Sucrose,cFOS,84,730,0,185,0.2534246575342466,False,overlap_below_threshold,,,,,,,,
2026-07-10_FR4-3_Sucrose,2026-07-10_FR4-3_Sucrose,cFOS,85,589,1520,485,0.8234295415959253,True,accepted_strict_direct_overlap,,,,,,,,
2026-07-10_FR4-3_Sucrose,2026-07-10_FR4-3_Sucrose,cFOS,86,605,1528,246,0.4066115702479339,True,accepted_strict_direct_overlap,,,,,,,,
2026-07-10_FR4-3_Sucrose,2026-07-10_FR4-3_Sucrose,cFOS,87,347,1524,329,0.9481268011527377,True,accepted_strict_direct_overlap,,,,,,,,
2026-07-10_FR4-3_Sucrose,2026-07-10_FR4-3_Sucrose,cFOS,88,466,1551,370,0.7939914163090128,True,accepted_strict_direct_overlap,,,,,,,,
2026-07-10_FR4-3_Sucrose,2026-07-10_FR4-3_Sucrose,cFOS,89,636,1696,492,0.7735849056603774,True,accepted_strict_direct_overlap,,,,,,,,
2026-07-10_FR4-3_Sucrose,2026-07-10_FR4-3_Sucrose,cFOS,90,760,0,0,0.0,False,overlap_below_threshold,,,,,,,,
2026-07-10_FR4-3_Sucrose,2026-07-10_FR4-3_Sucrose,cFOS,91,371,1875,313,0.8436657681940701,True,accepted_strict_direct_overlap,,,,,,,,
2026-07-10_FR4-3_Sucrose,2026-07-10_FR4-3_Sucrose,cFOS,92,1289,0,0,0.0,False,overlap_below_threshold,,,,,,,,
2026-07-10_FR4-3_Sucrose,2026-07-10_FR4-3_Sucrose,cFOS,93,742,1917,632,0.8517520215633423,True,accepted_strict_direct_overlap,,,,,,,,
2026-07-10_FR4-3_Sucrose,2026-07-10_FR4-3_Sucrose,cFOS,94,839,0,0,0.0,False,overlap_below_threshold,,,,,,,,
2026-07-10_FR4-3_Sucrose,2026-07-10_FR4-3_Sucrose,cFOS,95,615,1923,478,0.7772357723577236,True,accepted_strict_direct_overlap,,,,,,,,
2026-07-10_FR4-3_Sucrose,2026-07-10_FR4-3_Sucrose,cFOS,96,343,1934,253,0.7376093294460642,True,accepted_strict_direct_overlap,,,,,,,,
2026-07-10_FR4-3_Sucrose,2026-07-10_FR4-3_Sucrose,cFOS,97,488,1938,471,0.9651639344262295,True,accepted_strict_direct_overlap,,,,,,,,
2026-07-10_FR4-3_Sucrose,2026-07-10_FR4-3_Sucrose,cFOS,98,63,0,0,0.0,False,overlap_below_threshold,,,,,,,,
2026-07-10_FR4-3_Sucrose,2026-07-10_FR4-3_Sucrose,cFOS,99,341,1954,231,0.6774193548387096,True,accepted_strict_direct_overlap,,,,,,,,
2026-07-10_FR4-3_Sucrose,2026-07-10_FR4-3_Sucrose,cFOS,100,531,1981,431,0.8116760828625236,True,accepted_strict_direct_overlap,,,,,,,,
2026-07-10_FR4-3_Sucrose,2026-07-10_FR4-3_Sucrose,cFOS,101,1161,0,3,0.002583979328165375,False,overlap_below_threshold,,,,,,,,
2026-07-10_FR4-3_Sucrose,2026-07-10_FR4-3_Sucrose,cFOS,102,497,1987,418,0.8410462776659959,True,accepted_strict_direct_overlap,,,,,,,,
2026-07-10_FR4-3_Sucrose,2026-07-10_FR4-3_Sucrose,cFOS,103,595,1979,525,0.8823529411764706,True,accepted_strict_direct_overlap,,,,,,,,
2026-07-10_FR4-3_Sucrose,2026-07-10_FR4-3_Sucrose,cFOS,104,159,1997,144,0.9056603773584906,True,accepted_strict_direct_overlap,,,,,,,,
2026-07-10_FR4-3_Sucrose,2026-07-10_FR4-3_Sucrose,cFOS,105,393,2002,329,0.8371501272264631,True,accepted_strict_direct_overlap,,,,,,,,
2026-07-10_FR4-3_Sucrose,2026-07-10_FR4-3_Sucrose,cFOS,106,406,0,0,0.0,False,overlap_below_threshold,,,,,,,,
2026-07-10_FR4-3_Sucrose,2026-07-10_FR4-3_Sucrose,cFOS,107,1277,0,103,0.08065779169929523,False,overlap_below_threshold,,,,,,,,
2026-07-10_FR4-3_Sucrose,2026-07-10_FR4-3_Sucrose,cFOS,108,2815,0,0,0.0,False,overlap_below_threshold,,,,,,,,
2026-07-10_FR4-3_Sucrose,2026-07-10_FR4-3_Sucrose,cFOS,109,464,2037,423,0.9116379310344828,True,accepted_strict_direct_overlap,,,,,,,,
2026-07-10_FR4-3_Sucrose,2026-07-10_FR4-3_Sucrose,cFOS,110,419,2042,360,0.8591885441527446,True,accepted_strict_direct_overlap,,,,,,,,
2026-07-10_FR4-3_Sucrose,2026-07-10_FR4-3_Sucrose,cFOS,111,1504,0,0,0.0,False,overlap_below_threshold,,,,,,,,
2026-07-10_FR4-3_Sucrose,2026-07-10_FR4-3_Sucrose,cFOS,112,646,2061,619,0.958204334365325,True,accepted_strict_direct_overlap,,,,,,,,
2026-07-10_FR4-3_Sucrose,2026-07-10_FR4-3_Sucrose,cFOS,113,325,2060,211,0.6492307692307693,True,accepted_strict_direct_overlap,,,,,,,,
2026-07-10_FR4-3_Sucrose,2026-07-10_FR4-3_Sucrose,cFOS,114,213,2068,213,1.0,True,accepted_strict_direct_overlap,,,,,,,,
2026-07-10_FR4-3_Sucrose,2026-07-10_FR4-3_Sucrose,cFOS,115,754,2083,746,0.9893899204244032,True,accepted_strict_direct_overlap,,,,,,,,
2026-07-10_FR4-3_Sucrose,2026-07-10_FR4-3_Sucrose,cFOS,116,419,2088,376,0.8973747016706444,True,accepted_strict_direct_overlap,,,,,,,,
2026-07-10_FR4-3_Sucrose,2026-07-10_FR4-3_Sucrose,cFOS,117,785,2091,665,0.8471337579617835,True,accepted_strict_direct_overlap,,,,,,,,
2026-07-10_FR4-3_Sucrose,2026-07-10_FR4-3_Sucrose,cFOS,118,633,2094,496,0.7835703001579779,True,accepted_strict_direct_overlap,,,,,,,,
2026-07-10_FR4-3_Sucrose,2026-07-10_FR4-3_Sucrose,cFOS,119,546,2110,439,0.8040293040293041,True,accepted_strict_direct_overlap,,,,,,,,
2026-07-10_FR4-3_Sucrose,2026-07-10_FR4-3_Sucrose,cFOS,120,620,2126,508,0.8193548387096774,True,accepted_strict_direct_overlap,,,,,,,,
2026-07-10_FR4-3_Sucrose,2026-07-10_FR4-3_Sucrose,cFOS,121,706,2149,625,0.8852691218130312,True,accepted_strict_direct_overlap,,,,,,,,
2026-07-10_FR4-3_Sucrose,2026-07-10_FR4-3_Sucrose,cFOS,122,292,2145,196,0.6712328767123288,True,accepted_strict_direct_overlap,,,,,,,,
2026-07-10_FR4-3_Sucrose,2026-07-10_FR4-3_Sucrose,cFOS,123,648,2161,595,0.9182098765432098,True,accepted_strict_direct_overlap,,,,,,,,
2026-07-10_FR4-3_Sucrose,2026-07-10_FR4-3_Sucrose,cFOS,124,381,2172,345,0.905511811023622,True,accepted_strict_direct_overlap,,,,,,,,
2026-07-10_FR4-3_Sucrose,2026-07-10_FR4-3_Sucrose,cFOS,125,198,0,14,0.0707070707070707,False,overlap_below_threshold,,,,,,,,
2026-07-10_FR4-3_Sucrose,2026-07-10_FR4-3_Sucrose,cFOS,126,231,2204,227,0.9826839826839827,True,accepted_strict_direct_overlap,,,,,,,,
2026-07-10_FR4-3_Sucrose,2026-07-10_FR4-3_Sucrose,cFOS,127,251,0,0,0.0,False,overlap_below_threshold,,,,,,,,
2026-07-10_FR4-3_Sucrose,2026-07-10_FR4-3_Sucrose,cFOS,128,723,2207,602,0.8326417704011065,True,accepted_strict_direct_overlap,,,,,,,,
2026-07-10_FR4-3_Sucrose,2026-07-10_FR4-3_Sucrose,cFOS,129,449,2235,378,0.8418708240534521,True,accepted_strict_direct_overlap,,,,,,,,
2026-07-10_FR4-3_Sucrose,2026-07-10_FR4-3_Sucrose,cFOS,130,730,2250,675,0.9246575342465754,True,accepted_strict_direct_overlap,,,,,,,,
2026-07-10_FR4-3_Sucrose,2026-07-10_FR4-3_Sucrose,cFOS,131,448,2288,390,0.8705357142857143,True,accepted_strict_direct_overlap,,,,,,,,
2026-07-10_FR4-3_Sucrose,2026-07-10_FR4-3_Sucrose,cFOS,132,287,2323,186,0.6480836236933798,True,accepted_strict_direct_overlap,,,,,,,,
2026-07-10_FR4-3_Sucrose,2026-07-10_FR4-3_Sucrose,cFOS,133,410,2359,344,0.8390243902439024,True,accepted_strict_direct_overlap,,,,,,,,
2026-07-10_FR4-3_Sucrose,2026-07-10_FR4-3_Sucrose,cFOS,134,381,2361,314,0.8241469816272966,True,accepted_strict_direct_overlap,,,,,,,,
2026-07-10_FR4-3_Sucrose,2026-07-10_FR4-3_Sucrose,cFOS,135,491,2371,304,0.6191446028513238,True,accepted_strict_direct_overlap,,,,,,,,
2026-07-10_FR4-3_Sucrose,2026-07-10_FR4-3_Sucrose,cFOS,136,714,2390,580,0.8123249299719888,True,accepted_strict_direct_overlap,,,,,,,,
2026-07-10_FR4-3_Sucrose,2026-07-10_FR4-3_Sucrose,cFOS,137,222,0,86,0.38738738738738737,False,overlap_below_threshold,,,,,,,,
2026-07-10_FR4-3_Sucrose,2026-07-10_FR4-3_Sucrose,cFOS,138,577,2442,457,0.7920277296360485,True,accepted_strict_direct_overlap,,,,,,,,
2026-07-10_FR4-3_Sucrose,2026-07-10_FR4-3_Sucrose,cFOS,139,431,2459,332,0.7703016241299304,True,accepted_strict_direct_overlap,,,,,,,,
2026-07-10_FR4-3_Sucrose,2026-07-10_FR4-3_Sucrose,cFOS,140,465,2496,376,0.8086021505376344,True,accepted_strict_direct_overlap,,,,,,,,
2026-07-10_FR4-3_Sucrose,2026-07-10_FR4-3_Sucrose,cFOS,141,776,0,0,0.0,False,overlap_below_threshold,,,,,,,,
2026-07-10_FR4-3_Sucrose,2026-07-10_FR4-3_Sucrose,cFOS,142,571,2504,505,0.8844133099824869,True,accepted_strict_direct_overlap,,,,,,,,
2026-07-10_FR4-3_Sucrose,2026-07-10_FR4-3_Sucrose,cFOS,143,164,0,38,0.23170731707317074,False,overlap_below_threshold,,,,,,,,
2026-07-10_FR4-3_Sucrose,2026-07-10_FR4-3_Sucrose,cFOS,144,480,2530,398,0.8291666666666667,True,accepted_strict_direct_overlap,,,,,,,,
2026-07-10_FR4-3_Sucrose,2026-07-10_FR4-3_Sucrose,cFOS,145,469,2552,467,0.9957356076759062,True,accepted_strict_direct_overlap,,,,,,,,
2026-07-10_FR4-3_Sucrose,2026-07-10_FR4-3_Sucrose,cFOS,146,352,2558,312,0.8863636363636364,True,accepted_strict_direct_overlap,,,,,,,,
2026-07-10_FR4-3_Sucrose,2026-07-10_FR4-3_Sucrose,cFOS,147,495,2561,393,0.793939393939394,True,accepted_strict_direct_overlap,,,,,,,,
2026-07-10_FR4-3_Sucrose,2026-07-10_FR4-3_Sucrose,cFOS,148,695,2566,332,0.4776978417266187,True,accepted_strict_direct_overlap,,,,,,,,
2026-07-10_FR4-3_Sucrose,2026-07-10_FR4-3_Sucrose,cFOS,149,404,2587,322,0.7970297029702971,True,accepted_strict_direct_overlap,,,,,,,,
2026-07-10_FR4-3_Sucrose,2026-07-10_FR4-3_Sucrose,cFOS,150,381,2596,375,0.984251968503937,True,accepted_strict_direct_overlap,,,,,,,,
2026-07-10_FR4-3_Sucrose,2026-07-10_FR4-3_Sucrose,cFOS,151,715,2598,678,0.9482517482517483,True,accepted_strict_direct_overlap,,,,,,,,
2026-07-10_FR4-3_Sucrose,2026-07-10_FR4-3_Sucrose,cFOS,152,818,0,322,0.39364303178484106,False,overlap_below_threshold,,,,,,,,
2026-07-10_FR4-3_Sucrose,2026-07-10_FR4-3_Sucrose,cFOS,153,575,2607,507,0.8817391304347826,True,accepted_strict_direct_overlap,,,,,,,,
2026-07-10_FR4-3_Sucrose,2026-07-10_FR4-3_Sucrose,cFOS,154,592,2621,320,0.5405405405405406,True,accepted_strict_direct_overlap,,,,,,,,
2026-07-10_FR4-3_Sucrose,2026-07-10_FR4-3_Sucrose,cFOS,155,416,2640,378,0.9086538461538461,True,accepted_strict_direct_overlap,,,,,,,,
2026-07-10_FR4-3_Sucrose,2026-07-10_FR4-3_Sucrose,cFOS,156,469,2652,326,0.6950959488272921,True,accepted_strict_direct_overlap,,,,,,,,
2026-07-10_FR4-3_Sucrose,2026-07-10_FR4-3_Sucrose,cFOS,157,264,2650,261,0.9886363636363636,True,accepted_strict_direct_overlap,,,,,,,,
2026-07-10_FR4-3_Sucrose,2026-07-10_FR4-3_Sucrose,cFOS,158,949,2693,527,0.5553213909378293,True,accepted_strict_direct_overlap,,,,,,,,
2026-07-10_FR4-3_Sucrose,2026-07-10_FR4-3_Sucrose,cFOS,159,482,2703,393,0.8153526970954357,True,accepted_strict_direct_overlap,,,,,,,,
2026-07-10_FR4-3_Sucrose,2026-07-10_FR4-3_Sucrose,cFOS,160,523,2708,476,0.9101338432122371,True,accepted_strict_direct_overlap,,,,,,,,
2026-07-10_FR4-3_Sucrose,2026-07-10_FR4-3_Sucrose,cFOS,161,453,2738,418,0.9227373068432672,True,accepted_strict_direct_overlap,,,,,,,,
2026-07-10_FR4-3_Sucrose,2026-07-10_FR4-3_Sucrose,cFOS,162,536,2757,501,0.9347014925373134,True,accepted_strict_direct_overlap,,,,,,,,
2026-07-10_FR4-3_Sucrose,2026-07-10_FR4-3_Sucrose,cFOS,163,1418,2767,806,0.5684062059238364,True,accepted_strict_direct_overlap,,,,,,,,
2026-07-10_FR4-3_Sucrose,2026-07-10_FR4-3_Sucrose,cFOS,164,517,2774,468,0.9052224371373307,True,accepted_strict_direct_overlap,,,,,,,,
2026-07-10_FR4-3_Sucrose,2026-07-10_FR4-3_Sucrose,cFOS,165,492,2795,407,0.8272357723577236,True,accepted_strict_direct_overlap,,,,,,,,
2026-07-10_FR4-3_Sucrose,2026-07-10_FR4-3_Sucrose,cFOS,166,560,2799,439,0.7839285714285714,True,accepted_strict_direct_overlap,,,,,,,,
2026-07-10_FR4-3_Sucrose,2026-07-10_FR4-3_Sucrose,cFOS,167,790,0,239,0.30253164556962026,False,overlap_below_threshold,,,,,,,,
2026-07-10_FR4-3_Sucrose,2026-07-10_FR4-3_Sucrose,cFOS,168,137,2810,137,1.0,True,accepted_strict_direct_overlap,,,,,,,,
2026-07-10_FR4-3_Sucrose,2026-07-10_FR4-3_Sucrose,cFOS,169,348,2821,305,0.8764367816091954,True,accepted_strict_direct_overlap,,,,,,,,
2026-07-10_FR4-3_Sucrose,2026-07-10_FR4-3_Sucrose,cFOS,170,394,2841,306,0.7766497461928934,True,accepted_strict_direct_overlap,,,,,,,,
2026-07-10_FR4-3_Sucrose,2026-07-10_FR4-3_Sucrose,cFOS,171,479,2843,429,0.8956158663883089,True,accepted_strict_direct_overlap,,,,,,,,
2026-07-10_FR4-3_Sucrose,2026-07-10_FR4-3_Sucrose,cFOS,172,547,2847,512,0.9360146252285192,True,accepted_strict_direct_overlap,,,,,,,,
2026-07-10_FR4-3_Sucrose,2026-07-10_FR4-3_Sucrose,cFOS,173,889,2874,669,0.7525309336332958,True,accepted_strict_direct_overlap,,,,,,,,
2026-07-10_FR4-3_Sucrose,2026-07-10_FR4-3_Sucrose,cFOS,174,796,2886,704,0.8844221105527639,True,accepted_strict_direct_overlap,,,,,,,,
2026-07-10_FR4-3_Sucrose,2026-07-10_FR4-3_Sucrose,cFOS,175,539,2893,414,0.7680890538033395,True,accepted_strict_direct_overlap,,,,,,,,
2026-07-10_FR4-3_Sucrose,2026-07-10_FR4-3_Sucrose,cFOS,176,774,2898,569,0.7351421188630491,True,accepted_strict_direct_overlap,,,,,,,,
2026-07-10_FR4-3_Sucrose,2026-07-10_FR4-3_Sucrose,cFOS,177,900,2901,723,0.8033333333333333,True,accepted_strict_direct_overlap,,,,,,,,
2026-07-10_FR4-3_Sucrose,2026-07-10_FR4-3_Sucrose,cFOS,178,532,2921,492,0.924812030075188,True,accepted_strict_direct_overlap,,,,,,,,
2026-07-10_FR4-3_Sucrose,2026-07-10_FR4-3_Sucrose,cFOS,179,224,0,83,0.3705357142857143,False,overlap_below_threshold,,,,,,,,
2026-07-10_FR4-3_Sucrose,2026-07-10_FR4-3_Sucrose,cFOS,180,858,2988,517,0.6025641025641025,True,accepted_strict_direct_overlap,,,,,,,,
2026-07-10_FR4-3_Sucrose,2026-07-10_FR4-3_Sucrose,cFOS,181,884,3009,519,0.5871040723981901,True,accepted_strict_direct_overlap,,,,,,,,
2026-07-10_FR4-3_Sucrose,2026-07-10_FR4-3_Sucrose,cFOS,182,471,3028,464,0.9851380042462845,True,accepted_strict_direct_overlap,,,,,,,,
2026-07-10_FR4-3_Sucrose,2026-07-10_FR4-3_Sucrose,cFOS,183,477,3035,348,0.7295597484276729,True,accepted_strict_direct_overlap,,,,,,,,
2026-07-10_FR4-3_Sucrose,2026-07-10_FR4-3_Sucrose,cFOS,184,644,3036,517,0.8027950310559007,True,accepted_strict_direct_overlap,,,,,,,,
2026-07-10_FR4-3_Sucrose,2026-07-10_FR4-3_Sucrose,ACTH_CLIP,1,330,683,330,1.0,True,accepted_size_and_best_expanded_dapi,ACTH/CLIP,3044.0,0.05,157.0,452.5,True,False,23.0
2026-07-10_FR4-3_Sucrose,2026-07-10_FR4-3_Sucrose,ACTH_CLIP,2,335,686,335,1.0,True,accepted_size_and_best_expanded_dapi,ACTH/CLIP,3044.0,0.05,157.0,452.5,True,False,23.0
2026-07-10_FR4-3_Sucrose,2026-07-10_FR4-3_Sucrose,ACTH_CLIP,3,1855,704,1130,0.6091644204851752,True,accepted_size_and_best_expanded_dapi,ACTH/CLIP,3044.0,0.05,157.0,452.5,True,False,23.0
2026-07-10_FR4-3_Sucrose,2026-07-10_FR4-3_Sucrose,ACTH_CLIP,4,559,738,511,0.9141323792486583,True,accepted_size_and_best_expanded_dapi,ACTH/CLIP,3044.0,0.05,157.0,452.5,True,False,23.0
2026-07-10_FR4-3_Sucrose,2026-07-10_FR4-3_Sucrose,ACTH_CLIP,5,1213,761,1213,1.0,True,accepted_size_and_best_expanded_dapi,ACTH/CLIP,3044.0,0.05,157.0,452.5,True,False,23.0
2026-07-10_FR4-3_Sucrose,2026-07-10_FR4-3_Sucrose,ACTH_CLIP,6,706,777,654,0.9263456090651558,True,accepted_size_and_best_expanded_dapi,ACTH/CLIP,3044.0,0.05,157.0,452.5,True,False,23.0
2026-07-10_FR4-3_Sucrose,2026-07-10_FR4-3_Sucrose,ACTH_CLIP,7,618,783,618,1.0,True,accepted_size_and_best_expanded_dapi,ACTH/CLIP,3044.0,0.05,157.0,452.5,True,False,23.0
2026-07-10_FR4-3_Sucrose,2026-07-10_FR4-3_Sucrose,ACTH_CLIP,8,1119,795,1119,1.0,True,accepted_size_and_best_expanded_dapi,ACTH/CLIP,3044.0,0.05,157.0,452.5,True,False,23.0
2026-07-10_FR4-3_Sucrose,2026-07-10_FR4-3_Sucrose,ACTH_CLIP,9,1017,803,781,0.767944936086529,True,accepted_size_and_best_expanded_dapi,ACTH/CLIP,3044.0,0.05,157.0,452.5,True,False,23.0
2026-07-10_FR4-3_Sucrose,2026-07-10_FR4-3_Sucrose,ACTH_CLIP,10,1150,809,710,0.6173913043478261,True,accepted_size_and_best_expanded_dapi,ACTH/CLIP,3044.0,0.05,157.0,452.5,True,False,23.0
2026-07-10_FR4-3_Sucrose,2026-07-10_FR4-3_Sucrose,ACTH_CLIP,11,763,795,398,0.5216251638269986,True,accepted_size_and_best_expanded_dapi,ACTH/CLIP,3044.0,0.05,157.0,452.5,True,False,23.0
2026-07-10_FR4-3_Sucrose,2026-07-10_FR4-3_Sucrose,ACTH_CLIP,12,560,856,560,1.0,True,accepted_size_and_best_expanded_dapi,ACTH/CLIP,3044.0,0.05,157.0,452.5,True,False,23.0
2026-07-10_FR4-3_Sucrose,2026-07-10_FR4-3_Sucrose,ACTH_CLIP,13,877,862,632,0.7206385404789054,True,accepted_size_and_best_expanded_dapi,ACTH/CLIP,3044.0,0.05,157.0,452.5,True,False,23.0
2026-07-10_FR4-3_Sucrose,2026-07-10_FR4-3_Sucrose,ACTH_CLIP,14,530,857,527,0.9943396226415094,True,accepted_size_and_best_expanded_dapi,ACTH/CLIP,3044.0,0.05,157.0,452.5,True,False,23.0
2026-07-10_FR4-3_Sucrose,2026-07-10_FR4-3_Sucrose,ACTH_CLIP,15,297,863,297,1.0,True,accepted_size_and_best_expanded_dapi,ACTH/CLIP,3044.0,0.05,157.0,452.5,True,False,23.0
2026-07-10_FR4-3_Sucrose,2026-07-10_FR4-3_Sucrose,ACTH_CLIP,16,1453,914,1114,0.76668960770819,True,accepted_size_and_best_expanded_dapi,ACTH/CLIP,3044.0,0.05,157.0,452.5,True,False,23.0
2026-07-10_FR4-3_Sucrose,2026-07-10_FR4-3_Sucrose,ACTH_CLIP,17,868,918,868,1.0,True,accepted_size_and_best_expanded_dapi,ACTH/CLIP,3044.0,0.05,157.0,452.5,True,False,23.0
2026-07-10_FR4-3_Sucrose,2026-07-10_FR4-3_Sucrose,ACTH_CLIP,18,1647,930,1069,0.6490588949605343,True,accepted_size_and_best_expanded_dapi,ACTH/CLIP,3044.0,0.05,157.0,452.5,True,False,23.0
2026-07-10_FR4-3_Sucrose,2026-07-10_FR4-3_Sucrose,ACTH_CLIP,19,1093,934,1093,1.0,True,accepted_size_and_best_expanded_dapi,ACTH/CLIP,3044.0,0.05,157.0,452.5,True,False,23.0
2026-07-10_FR4-3_Sucrose,2026-07-10_FR4-3_Sucrose,ACTH_CLIP,20,804,939,792,0.9850746268656716,True,accepted_size_and_best_expanded_dapi,ACTH/CLIP,3044.0,0.05,157.0,452.5,True,False,23.0
2026-07-10_FR4-3_Sucrose,2026-07-10_FR4-3_Sucrose,ACTH_CLIP,21,1342,941,1342,1.0,True,accepted_size_and_best_expanded_dapi,ACTH/CLIP,3044.0,0.05,157.0,452.5,True,False,23.0
2026-07-10_FR4-3_Sucrose,2026-07-10_FR4-3_Sucrose,ACTH_CLIP,22,1505,979,1475,0.9800664451827242,True,accepted_size_and_best_expanded_dapi,ACTH/CLIP,3044.0,0.05,157.0,452.5,True,False,23.0
2026-07-10_FR4-3_Sucrose,2026-07-10_FR4-3_Sucrose,ACTH_CLIP,23,1396,1002,658,0.4713467048710602,True,accepted_size_and_best_expanded_dapi,ACTH/CLIP,3044.0,0.05,157.0,452.5,True,False,23.0
2026-07-10_FR4-3_Sucrose,2026-07-10_FR4-3_Sucrose,ACTH_CLIP,24,686,990,642,0.9358600583090378,True,accepted_size_and_best_expanded_dapi,ACTH/CLIP,3044.0,0.05,157.0,452.5,True,False,23.0
2026-07-10_FR4-3_Sucrose,2026-07-10_FR4-3_Sucrose,ACTH_CLIP,25,1452,1033,1048,0.721763085399449,True,accepted_size_and_best_expanded_dapi,ACTH/CLIP,3044.0,0.05,157.0,452.5,True,False,23.0
2026-07-10_FR4-3_Sucrose,2026-07-10_FR4-3_Sucrose,ACTH_CLIP,26,647,1022,646,0.9984544049459042,True,accepted_size_and_best_expanded_dapi,ACTH/CLIP,3044.0,0.05,157.0,452.5,True,False,23.0
2026-07-10_FR4-3_Sucrose,2026-07-10_FR4-3_Sucrose,ACTH_CLIP,27,1112,1065,1065,0.9577338129496403,True,accepted_size_and_best_expanded_dapi,ACTH/CLIP,3044.0,0.05,157.0,452.5,True,False,23.0
2026-07-10_FR4-3_Sucrose,2026-07-10_FR4-3_Sucrose,ACTH_CLIP,28,391,1078,391,1.0,True,accepted_size_and_best_expanded_dapi,ACTH/CLIP,3044.0,0.05,157.0,452.5,True,False,23.0
2026-07-10_FR4-3_Sucrose,2026-07-10_FR4-3_Sucrose,ACTH_CLIP,29,1117,1095,1069,0.9570277529095792,True,accepted_size_and_best_expanded_dapi,ACTH/CLIP,3044.0,0.05,157.0,452.5,True,False,23.0
2026-07-10_FR4-3_Sucrose,2026-07-10_FR4-3_Sucrose,ACTH_CLIP,30,532,1108,119,0.2236842105263158,True,accepted_size_and_best_expanded_dapi,ACTH/CLIP,3044.0,0.05,157.0,452.5,True,False,23.0
2026-07-10_FR4-3_Sucrose,2026-07-10_FR4-3_Sucrose,ACTH_CLIP,31,1098,1107,1098,1.0,True,accepted_size_and_best_expanded_dapi,ACTH/CLIP,3044.0,0.05,157.0,452.5,True,False,23.0
2026-07-10_FR4-3_Sucrose,2026-07-10_FR4-3_Sucrose,ACTH_CLIP,32,675,1108,675,1.0,True,accepted_size_and_best_expanded_dapi,ACTH/CLIP,3044.0,0.05,157.0,452.5,True,False,23.0
2026-07-10_FR4-3_Sucrose,2026-07-10_FR4-3_Sucrose,ACTH_CLIP,33,1089,1120,924,0.8484848484848485,True,accepted_size_and_best_expanded_dapi,ACTH/CLIP,3044.0,0.05,157.0,452.5,True,False,23.0
2026-07-10_FR4-3_Sucrose,2026-07-10_FR4-3_Sucrose,ACTH_CLIP,34,1189,1135,1132,0.9520605550883096,True,accepted_size_and_best_expanded_dapi,ACTH/CLIP,3044.0,0.05,157.0,452.5,True,False,23.0
2026-07-10_FR4-3_Sucrose,2026-07-10_FR4-3_Sucrose,ACTH_CLIP,35,558,1131,556,0.996415770609319,True,accepted_size_and_best_expanded_dapi,ACTH/CLIP,3044.0,0.05,157.0,452.5,True,False,23.0
2026-07-10_FR4-3_Sucrose,2026-07-10_FR4-3_Sucrose,ACTH_CLIP,36,1172,1146,965,0.8233788395904437,True,accepted_size_and_best_expanded_dapi,ACTH/CLIP,3044.0,0.05,157.0,452.5,True,False,23.0
2026-07-10_FR4-3_Sucrose,2026-07-10_FR4-3_Sucrose,ACTH_CLIP,37,168,0,0,0.0,False,insufficient_expanded_dapi_pixels,ACTH/CLIP,3044.0,0.05,157.0,452.5,True,False,23.0
2026-07-10_FR4-3_Sucrose,2026-07-10_FR4-3_Sucrose,ACTH_CLIP,38,421,1157,388,0.9216152019002375,True,accepted_size_and_best_expanded_dapi,ACTH/CLIP,3044.0,0.05,157.0,452.5,True,False,23.0
2026-07-10_FR4-3_Sucrose,2026-07-10_FR4-3_Sucrose,ACTH_CLIP,39,1148,1181,1148,1.0,True,accepted_size_and_best_expanded_dapi,ACTH/CLIP,3044.0,0.05,157.0,452.5,True,False,23.0
2026-07-10_FR4-3_Sucrose,2026-07-10_FR4-3_Sucrose,ACTH_CLIP,40,897,1179,840,0.9364548494983278,True,accepted_size_and_best_expanded_dapi,ACTH/CLIP,3044.0,0.05,157.0,452.5,True,False,23.0
2026-07-10_FR4-3_Sucrose,2026-07-10_FR4-3_Sucrose,ACTH_CLIP,41,960,1186,960,1.0,True,accepted_size_and_best_expanded_dapi,ACTH/CLIP,3044.0,0.05,157.0,452.5,True,False,23.0
2026-07-10_FR4-3_Sucrose,2026-07-10_FR4-3_Sucrose,ACTH_CLIP,42,537,1195,498,0.9273743016759777,True,accepted_size_and_best_expanded_dapi,ACTH/CLIP,3044.0,0.05,157.0,452.5,True,False,23.0
2026-07-10_FR4-3_Sucrose,2026-07-10_FR4-3_Sucrose,ACTH_CLIP,43,931,1208,931,1.0,True,accepted_size_and_best_expanded_dapi,ACTH/CLIP,3044.0,0.05,157.0,452.5,True,False,23.0
2026-07-10_FR4-3_Sucrose,2026-07-10_FR4-3_Sucrose,ACTH_CLIP,44,574,1216,574,1.0,True,accepted_size_and_best_expanded_dapi,ACTH/CLIP,3044.0,0.05,157.0,452.5,True,False,23.0
2026-07-10_FR4-3_Sucrose,2026-07-10_FR4-3_Sucrose,ACTH_CLIP,45,760,1228,760,1.0,True,accepted_size_and_best_expanded_dapi,ACTH/CLIP,3044.0,0.05,157.0,452.5,True,False,23.0
2026-07-10_FR4-3_Sucrose,2026-07-10_FR4-3_Sucrose,ACTH_CLIP,46,916,1231,916,1.0,True,accepted_size_and_best_expanded_dapi,ACTH/CLIP,3044.0,0.05,157.0,452.5,True,False,23.0
2026-07-10_FR4-3_Sucrose,2026-07-10_FR4-3_Sucrose,ACTH_CLIP,47,889,1254,313,0.35208098987626546,True,accepted_size_and_best_expanded_dapi,ACTH/CLIP,3044.0,0.05,157.0,452.5,True,False,23.0
2026-07-10_FR4-3_Sucrose,2026-07-10_FR4-3_Sucrose,ACTH_CLIP,48,1197,1245,1188,0.9924812030075187,True,accepted_size_and_best_expanded_dapi,ACTH/CLIP,3044.0,0.05,157.0,452.5,True,False,23.0
2026-07-10_FR4-3_Sucrose,2026-07-10_FR4-3_Sucrose,ACTH_CLIP,49,463,1239,463,1.0,True,accepted_size_and_best_expanded_dapi,ACTH/CLIP,3044.0,0.05,157.0,452.5,True,False,23.0
2026-07-10_FR4-3_Sucrose,2026-07-10_FR4-3_Sucrose,ACTH_CLIP,50,910,1279,638,0.701098901098901,True,accepted_size_and_best_expanded_dapi,ACTH/CLIP,3044.0,0.05,157.0,452.5,True,False,23.0
2026-07-10_FR4-3_Sucrose,2026-07-10_FR4-3_Sucrose,ACTH_CLIP,51,1135,1293,1135,1.0,True,accepted_size_and_best_expanded_dapi,ACTH/CLIP,3044.0,0.05,157.0,452.5,True,False,23.0
2026-07-10_FR4-3_Sucrose,2026-07-10_FR4-3_Sucrose,ACTH_CLIP,52,880,1282,727,0.8261363636363637,True,accepted_size_and_best_expanded_dapi,ACTH/CLIP,3044.0,0.05,157.0,452.5,True,False,23.0
2026-07-10_FR4-3_Sucrose,2026-07-10_FR4-3_Sucrose,ACTH_CLIP,53,856,1292,856,1.0,True,accepted_size_and_best_expanded_dapi,ACTH/CLIP,3044.0,0.05,157.0,452.5,True,False,23.0
2026-07-10_FR4-3_Sucrose,2026-07-10_FR4-3_Sucrose,ACTH_CLIP,54,218,1284,200,0.9174311926605505,True,accepted_size_and_best_expanded_dapi,ACTH/CLIP,3044.0,0.05,157.0,452.5,True,False,23.0
2026-07-10_FR4-3_Sucrose,2026-07-10_FR4-3_Sucrose,ACTH_CLIP,55,504,1280,251,0.498015873015873,True,accepted_size_and_best_expanded_dapi,ACTH/CLIP,3044.0,0.05,157.0,452.5,True,False,23.0
2026-07-10_FR4-3_Sucrose,2026-07-10_FR4-3_Sucrose,ACTH_CLIP,56,1336,1313,873,0.6534431137724551,True,accepted_size_and_best_expanded_dapi,ACTH/CLIP,3044.0,0.05,157.0,452.5,True,False,23.0
2026-07-10_FR4-3_Sucrose,2026-07-10_FR4-3_Sucrose,ACTH_CLIP,57,532,1329,264,0.49624060150375937,True,accepted_size_and_best_expanded_dapi,ACTH/CLIP,3044.0,0.05,157.0,452.5,True,False,23.0
2026-07-10_FR4-3_Sucrose,2026-07-10_FR4-3_Sucrose,ACTH_CLIP,58,642,1331,642,1.0,True,accepted_size_and_best_expanded_dapi,ACTH/CLIP,3044.0,0.05,157.0,452.5,True,False,23.0
2026-07-10_FR4-3_Sucrose,2026-07-10_FR4-3_Sucrose,ACTH_CLIP,59,138,0,0,0.0,False,below_acquisition_dapi_area_p05_likely_noncell,ACTH/CLIP,3044.0,0.05,157.0,452.5,False,True,23.0
2026-07-10_FR4-3_Sucrose,2026-07-10_FR4-3_Sucrose,ACTH_CLIP,60,1199,1345,1029,0.8582151793160967,True,accepted_size_and_best_expanded_dapi,ACTH/CLIP,3044.0,0.05,157.0,452.5,True,False,23.0
2026-07-10_FR4-3_Sucrose,2026-07-10_FR4-3_Sucrose,ACTH_CLIP,61,143,0,0,0.0,False,below_acquisition_dapi_area_p05_likely_noncell,ACTH/CLIP,3044.0,0.05,157.0,452.5,False,True,23.0
2026-07-10_FR4-3_Sucrose,2026-07-10_FR4-3_Sucrose,ACTH_CLIP,62,886,1361,864,0.9751693002257337,True,accepted_size_and_best_expanded_dapi,ACTH/CLIP,3044.0,0.05,157.0,452.5,True,False,23.0
2026-07-10_FR4-3_Sucrose,2026-07-10_FR4-3_Sucrose,ACTH_CLIP,63,1834,1375,1415,0.7715376226826608,True,accepted_size_and_best_expanded_dapi,ACTH/CLIP,3044.0,0.05,157.0,452.5,True,False,23.0
2026-07-10_FR4-3_Sucrose,2026-07-10_FR4-3_Sucrose,ACTH_CLIP,64,45,0,0,0.0,False,below_acquisition_dapi_area_p05_likely_noncell,ACTH/CLIP,3044.0,0.05,157.0,452.5,False,True,23.0
2026-07-10_FR4-3_Sucrose,2026-07-10_FR4-3_Sucrose,ACTH_CLIP,65,77,0,0,0.0,False,below_acquisition_dapi_area_p05_likely_noncell,ACTH/CLIP,3044.0,0.05,157.0,452.5,False,True,23.0
2026-07-10_FR4-3_Sucrose,2026-07-10_FR4-3_Sucrose,ACTH_CLIP,66,1008,1398,1008,1.0,True,accepted_size_and_best_expanded_dapi,ACTH/CLIP,3044.0,0.05,157.0,452.5,True,False,23.0
2026-07-10_FR4-3_Sucrose,2026-07-10_FR4-3_Sucrose,ACTH_CLIP,67,1186,1403,1083,0.9131534569983136,True,accepted_size_and_best_expanded_dapi,ACTH/CLIP,3044.0,0.05,157.0,452.5,True,False,23.0
2026-07-10_FR4-3_Sucrose,2026-07-10_FR4-3_Sucrose,ACTH_CLIP,68,868,1410,807,0.9297235023041475,True,accepted_size_and_best_expanded_dapi,ACTH/CLIP,3044.0,0.05,157.0,452.5,True,False,23.0
2026-07-10_FR4-3_Sucrose,2026-07-10_FR4-3_Sucrose,ACTH_CLIP,69,27,0,0,0.0,False,below_acquisition_dapi_area_p05_likely_noncell,ACTH/CLIP,3044.0,0.05,157.0,452.5,False,True,23.0
2026-07-10_FR4-3_Sucrose,2026-07-10_FR4-3_Sucrose,ACTH_CLIP,70,132,0,0,0.0,False,below_acquisition_dapi_area_p05_likely_noncell,ACTH/CLIP,3044.0,0.05,157.0,452.5,False,True,23.0
2026-07-10_FR4-3_Sucrose,2026-07-10_FR4-3_Sucrose,ACTH_CLIP,71,35,0,0,0.0,False,below_acquisition_dapi_area_p05_likely_noncell,ACTH/CLIP,3044.0,0.05,157.0,452.5,False,True,23.0
2026-07-10_FR4-3_Sucrose,2026-07-10_FR4-3_Sucrose,ACTH_CLIP,72,62,0,0,0.0,False,below_acquisition_dapi_area_p05_likely_noncell,ACTH/CLIP,3044.0,0.05,157.0,452.5,False,True,23.0
2026-07-10_FR4-3_Sucrose,2026-07-10_FR4-3_Sucrose,ACTH_CLIP,73,111,0,0,0.0,False,below_acquisition_dapi_area_p05_likely_noncell,ACTH/CLIP,3044.0,0.05,157.0,452.5,False,True,23.0
2026-07-10_FR4-3_Sucrose,2026-07-10_FR4-3_Sucrose,ACTH_CLIP,74,113,0,0,0.0,False,below_acquisition_dapi_area_p05_likely_noncell,ACTH/CLIP,3044.0,0.05,157.0,452.5,False,True,23.0
2026-07-10_FR4-3_Sucrose,2026-07-10_FR4-3_Sucrose,ACTH_CLIP,75,22,0,0,0.0,False,below_acquisition_dapi_area_p05_likely_noncell,ACTH/CLIP,3044.0,0.05,157.0,452.5,False,True,23.0
2026-07-10_FR4-3_Sucrose,2026-07-10_FR4-3_Sucrose,ACTH_CLIP,76,88,0,0,0.0,False,below_acquisition_dapi_area_p05_likely_noncell,ACTH/CLIP,3044.0,0.05,157.0,452.5,False,True,23.0
2026-07-10_FR4-3_Sucrose,2026-07-10_FR4-3_Sucrose,ACTH_CLIP,77,83,0,0,0.0,False,below_acquisition_dapi_area_p05_likely_noncell,ACTH/CLIP,3044.0,0.05,157.0,452.5,False,True,23.0
2026-07-10_FR4-3_Sucrose,2026-07-10_FR4-3_Sucrose,ACTH_CLIP,78,48,0,0,0.0,False,below_acquisition_dapi_area_p05_likely_noncell,ACTH/CLIP,3044.0,0.05,157.0,452.5,False,True,23.0
2026-07-10_FR4-3_Sucrose,2026-07-10_FR4-3_Sucrose,ACTH_CLIP,79,102,0,0,0.0,False,below_acquisition_dapi_area_p05_likely_noncell,ACTH/CLIP,3044.0,0.05,157.0,452.5,False,True,23.0
2026-07-10_FR4-3_Sucrose,2026-07-10_FR4-3_Sucrose,ACTH_CLIP,80,901,1467,766,0.8501664816870145,True,accepted_size_and_best_expanded_dapi,ACTH/CLIP,3044.0,0.05,157.0,452.5,True,False,23.0
2026-07-10_FR4-3_Sucrose,2026-07-10_FR4-3_Sucrose,ACTH_CLIP,81,39,0,0,0.0,False,below_acquisition_dapi_area_p05_likely_noncell,ACTH/CLIP,3044.0,0.05,157.0,452.5,False,True,23.0
2026-07-10_FR4-3_Sucrose,2026-07-10_FR4-3_Sucrose,ACTH_CLIP,82,128,0,0,0.0,False,below_acquisition_dapi_area_p05_likely_noncell,ACTH/CLIP,3044.0,0.05,157.0,452.5,False,True,23.0
2026-07-10_FR4-3_Sucrose,2026-07-10_FR4-3_Sucrose,ACTH_CLIP,83,163,1492,163,1.0,True,accepted_size_and_best_expanded_dapi,ACTH/CLIP,3044.0,0.05,157.0,452.5,True,False,23.0
2026-07-10_FR4-3_Sucrose,2026-07-10_FR4-3_Sucrose,ACTH_CLIP,84,69,0,0,0.0,False,below_acquisition_dapi_area_p05_likely_noncell,ACTH/CLIP,3044.0,0.05,157.0,452.5,False,True,23.0
2026-07-10_FR4-3_Sucrose,2026-07-10_FR4-3_Sucrose,ACTH_CLIP,85,35,0,0,0.0,False,below_acquisition_dapi_area_p05_likely_noncell,ACTH/CLIP,3044.0,0.05,157.0,452.5,False,True,23.0
2026-07-10_FR4-3_Sucrose,2026-07-10_FR4-3_Sucrose,ACTH_CLIP,86,26,0,0,0.0,False,below_acquisition_dapi_area_p05_likely_noncell,ACTH/CLIP,3044.0,0.05,157.0,452.5,False,True,23.0
2026-07-10_FR4-3_Sucrose,2026-07-10_FR4-3_Sucrose,ACTH_CLIP,87,56,0,0,0.0,False,below_acquisition_dapi_area_p05_likely_noncell,ACTH/CLIP,3044.0,0.05,157.0,452.5,False,True,23.0
2026-07-10_FR4-3_Sucrose,2026-07-10_FR4-3_Sucrose,ACTH_CLIP,88,90,0,0,0.0,False,below_acquisition_dapi_area_p05_likely_noncell,ACTH/CLIP,3044.0,0.05,157.0,452.5,False,True,23.0
2026-07-10_FR4-3_Sucrose,2026-07-10_FR4-3_Sucrose,ACTH_CLIP,89,184,1525,180,0.9782608695652174,True,accepted_size_and_best_expanded_dapi,ACTH/CLIP,3044.0,0.05,157.0,452.5,True,False,23.0
2026-07-10_FR4-3_Sucrose,2026-07-10_FR4-3_Sucrose,ACTH_CLIP,90,16,0,0,0.0,False,below_acquisition_dapi_area_p05_likely_noncell,ACTH/CLIP,3044.0,0.05,157.0,452.5,False,True,23.0
2026-07-10_FR4-3_Sucrose,2026-07-10_FR4-3_Sucrose,ACTH_CLIP,91,80,0,0,0.0,False,below_acquisition_dapi_area_p05_likely_noncell,ACTH/CLIP,3044.0,0.05,157.0,452.5,False,True,23.0
2026-07-10_FR4-3_Sucrose,2026-07-10_FR4-3_Sucrose,ACTH_CLIP,92,64,0,0,0.0,False,below_acquisition_dapi_area_p05_likely_noncell,ACTH/CLIP,3044.0,0.05,157.0,452.5,False,True,23.0
2026-07-10_FR4-3_Sucrose,2026-07-10_FR4-3_Sucrose,ACTH_CLIP,93,414,1519,242,0.5845410628019324,True,accepted_size_and_best_expanded_dapi,ACTH/CLIP,3044.0,0.05,157.0,452.5,True,False,23.0
2026-07-10_FR4-3_Sucrose,2026-07-10_FR4-3_Sucrose,ACTH_CLIP,94,39,0,0,0.0,False,below_acquisition_dapi_area_p05_likely_noncell,ACTH/CLIP,3044.0,0.05,157.0,452.5,False,True,23.0
2026-07-10_FR4-3_Sucrose,2026-07-10_FR4-3_Sucrose,ACTH_CLIP,95,43,0,0,0.0,False,below_acquisition_dapi_area_p05_likely_noncell,ACTH/CLIP,3044.0,0.05,157.0,452.5,False,True,23.0
2026-07-10_FR4-3_Sucrose,2026-07-10_FR4-3_Sucrose,ACTH_CLIP,96,79,0,0,0.0,False,below_acquisition_dapi_area_p05_likely_noncell,ACTH/CLIP,3044.0,0.05,157.0,452.5,False,True,23.0
2026-07-10_FR4-3_Sucrose,2026-07-10_FR4-3_Sucrose,ACTH_CLIP,97,45,0,0,0.0,False,below_acquisition_dapi_area_p05_likely_noncell,ACTH/CLIP,3044.0,0.05,157.0,452.5,False,True,23.0
2026-07-10_FR4-3_Sucrose,2026-07-10_FR4-3_Sucrose,ACTH_CLIP,98,65,0,0,0.0,False,below_acquisition_dapi_area_p05_likely_noncell,ACTH/CLIP,3044.0,0.05,157.0,452.5,False,True,23.0
2026-07-10_FR4-3_Sucrose,2026-07-10_FR4-3_Sucrose,ACTH_CLIP,99,60,0,0,0.0,False,below_acquisition_dapi_area_p05_likely_noncell,ACTH/CLIP,3044.0,0.05,157.0,452.5,False,True,23.0
2026-07-10_FR4-3_Sucrose,2026-07-10_FR4-3_Sucrose,ACTH_CLIP,100,56,0,0,0.0,False,below_acquisition_dapi_area_p05_likely_noncell,ACTH/CLIP,3044.0,0.05,157.0,452.5,False,True,23.0
2026-07-10_FR4-3_Sucrose,2026-07-10_FR4-3_Sucrose,ACTH_CLIP,101,17,0,0,0.0,False,below_acquisition_dapi_area_p05_likely_noncell,ACTH/CLIP,3044.0,0.05,157.0,452.5,False,True,23.0
2026-07-10_FR4-3_Sucrose,2026-07-10_FR4-3_Sucrose,ACTH_CLIP,102,15,0,0,0.0,False,below_acquisition_dapi_area_p05_likely_noncell,ACTH/CLIP,3044.0,0.05,157.0,452.5,False,True,23.0
2026-07-10_FR4-3_Sucrose,2026-07-10_FR4-3_Sucrose,ACTH_CLIP,103,57,0,0,0.0,False,below_acquisition_dapi_area_p05_likely_noncell,ACTH/CLIP,3044.0,0.05,157.0,452.5,False,True,23.0
2026-07-10_FR4-3_Sucrose,2026-07-10_FR4-3_Sucrose,ACTH_CLIP,104,53,0,0,0.0,False,below_acquisition_dapi_area_p05_likely_noncell,ACTH/CLIP,3044.0,0.05,157.0,452.5,False,True,23.0
2026-07-10_FR4-3_Sucrose,2026-07-10_FR4-3_Sucrose,ACTH_CLIP,105,58,0,0,0.0,False,below_acquisition_dapi_area_p05_likely_noncell,ACTH/CLIP,3044.0,0.05,157.0,452.5,False,True,23.0
2026-07-10_FR4-3_Sucrose,2026-07-10_FR4-3_Sucrose,ACTH_CLIP,106,66,0,0,0.0,False,below_acquisition_dapi_area_p05_likely_noncell,ACTH/CLIP,3044.0,0.05,157.0,452.5,False,True,23.0
2026-07-10_FR4-3_Sucrose,2026-07-10_FR4-3_Sucrose,ACTH_CLIP,107,36,0,0,0.0,False,below_acquisition_dapi_area_p05_likely_noncell,ACTH/CLIP,3044.0,0.05,157.0,452.5,False,True,23.0
2026-07-10_FR4-3_Sucrose,2026-07-10_FR4-3_Sucrose,ACTH_CLIP,108,18,0,0,0.0,False,below_acquisition_dapi_area_p05_likely_noncell,ACTH/CLIP,3044.0,0.05,157.0,452.5,False,True,23.0
2026-07-10_FR4-3_Sucrose,2026-07-10_FR4-3_Sucrose,ACTH_CLIP,109,37,0,0,0.0,False,below_acquisition_dapi_area_p05_likely_noncell,ACTH/CLIP,3044.0,0.05,157.0,452.5,False,True,23.0
2026-07-10_FR4-3_Sucrose,2026-07-10_FR4-3_Sucrose,ACTH_CLIP,110,26,0,0,0.0,False,below_acquisition_dapi_area_p05_likely_noncell,ACTH/CLIP,3044.0,0.05,157.0,452.5,False,True,23.0
2026-07-10_FR4-3_Sucrose,2026-07-10_FR4-3_Sucrose,ACTH_CLIP,111,29,0,0,0.0,False,below_acquisition_dapi_area_p05_likely_noncell,ACTH/CLIP,3044.0,0.05,157.0,452.5,False,True,23.0
2026-07-10_FR4-3_Sucrose,2026-07-10_FR4-3_Sucrose,ACTH_CLIP,112,74,0,0,0.0,False,below_acquisition_dapi_area_p05_likely_noncell,ACTH/CLIP,3044.0,0.05,157.0,452.5,False,True,23.0
2026-07-10_FR4-3_Sucrose,2026-07-10_FR4-3_Sucrose,ACTH_CLIP,113,49,0,0,0.0,False,below_acquisition_dapi_area_p05_likely_noncell,ACTH/CLIP,3044.0,0.05,157.0,452.5,False,True,23.0
2026-07-10_FR4-3_Sucrose,2026-07-10_FR4-3_Sucrose,ACTH_CLIP,114,22,0,0,0.0,False,below_acquisition_dapi_area_p05_likely_noncell,ACTH/CLIP,3044.0,0.05,157.0,452.5,False,True,23.0
2026-07-10_FR4-3_Sucrose,2026-07-10_FR4-3_Sucrose,ACTH_CLIP,115,38,0,0,0.0,False,below_acquisition_dapi_area_p05_likely_noncell,ACTH/CLIP,3044.0,0.05,157.0,452.5,False,True,23.0
2026-07-10_FR4-3_Sucrose,2026-07-10_FR4-3_Sucrose,ACTH_CLIP,116,31,0,0,0.0,False,below_acquisition_dapi_area_p05_likely_noncell,ACTH/CLIP,3044.0,0.05,157.0,452.5,False,True,23.0
2026-07-10_FR4-3_Sucrose,2026-07-10_FR4-3_Sucrose,ACTH_CLIP,117,38,0,0,0.0,False,below_acquisition_dapi_area_p05_likely_noncell,ACTH/CLIP,3044.0,0.05,157.0,452.5,False,True,23.0
2026-07-10_FR4-3_Sucrose,2026-07-10_FR4-3_Sucrose,ACTH_CLIP,118,29,0,0,0.0,False,below_acquisition_dapi_area_p05_likely_noncell,ACTH/CLIP,3044.0,0.05,157.0,452.5,False,True,23.0
2026-07-10_FR4-3_Sucrose,2026-07-10_FR4-3_Sucrose,ACTH_CLIP,119,48,0,0,0.0,False,below_acquisition_dapi_area_p05_likely_noncell,ACTH/CLIP,3044.0,0.05,157.0,452.5,False,True,23.0
2026-07-10_FR4-3_Sucrose,2026-07-10_FR4-3_Sucrose,ACTH_CLIP,120,58,0,0,0.0,False,below_acquisition_dapi_area_p05_likely_noncell,ACTH/CLIP,3044.0,0.05,157.0,452.5,False,True,23.0
2026-07-10_FR4-3_Sucrose,2026-07-10_FR4-3_Sucrose,ACTH_CLIP,121,69,0,0,0.0,False,below_acquisition_dapi_area_p05_likely_noncell,ACTH/CLIP,3044.0,0.05,157.0,452.5,False,True,23.0
2026-07-10_FR4-3_Sucrose,2026-07-10_FR4-3_Sucrose,ACTH_CLIP,122,56,0,0,0.0,False,below_acquisition_dapi_area_p05_likely_noncell,ACTH/CLIP,3044.0,0.05,157.0,452.5,False,True,23.0
2026-07-10_FR4-3_Sucrose,2026-07-10_FR4-3_Sucrose,ACTH_CLIP,123,41,0,0,0.0,False,below_acquisition_dapi_area_p05_likely_noncell,ACTH/CLIP,3044.0,0.05,157.0,452.5,False,True,23.0
2026-07-10_FR4-3_Sucrose,2026-07-10_FR4-3_Sucrose,ACTH_CLIP,124,21,0,0,0.0,False,below_acquisition_dapi_area_p05_likely_noncell,ACTH/CLIP,3044.0,0.05,157.0,452.5,False,True,23.0
2026-07-10_FR4-3_Sucrose,2026-07-10_FR4-3_Sucrose,ACTH_CLIP,125,15,0,0,0.0,False,below_acquisition_dapi_area_p05_likely_noncell,ACTH/CLIP,3044.0,0.05,157.0,452.5,False,True,23.0
2026-07-10_FR4-3_Sucrose,2026-07-10_FR4-3_Sucrose,ACTH_CLIP,126,51,0,0,0.0,False,below_acquisition_dapi_area_p05_likely_noncell,ACTH/CLIP,3044.0,0.05,157.0,452.5,False,True,23.0
2026-07-10_FR4-3_Sucrose,2026-07-10_FR4-3_Sucrose,ACTH_CLIP,127,19,0,0,0.0,False,below_acquisition_dapi_area_p05_likely_noncell,ACTH/CLIP,3044.0,0.05,157.0,452.5,False,True,23.0
2026-07-10_FR4-3_Sucrose,2026-07-10_FR4-3_Sucrose,ACTH_CLIP,128,75,0,0,0.0,False,below_acquisition_dapi_area_p05_likely_noncell,ACTH/CLIP,3044.0,0.05,157.0,452.5,False,True,23.0
2026-07-10_FR4-3_Sucrose,2026-07-10_FR4-3_Sucrose,ACTH_CLIP,129,1104,1858,427,0.3867753623188406,True,accepted_size_and_best_expanded_dapi,ACTH/CLIP,3044.0,0.05,157.0,452.5,True,False,23.0
2026-07-10_FR4-3_Sucrose,2026-07-10_FR4-3_Sucrose,ACTH_CLIP,130,1331,1881,1329,0.9984973703981969,True,accepted_size_and_best_expanded_dapi,ACTH/CLIP,3044.0,0.05,157.0,452.5,True,False,23.0
2026-07-10_FR4-3_Sucrose,2026-07-10_FR4-3_Sucrose,ACTH_CLIP,131,614,1933,608,0.990228013029316,True,accepted_size_and_best_expanded_dapi,ACTH/CLIP,3044.0,0.05,157.0,452.5,True,False,23.0
2026-07-10_FR4-3_Sucrose,2026-07-10_FR4-3_Sucrose,ACTH_CLIP,132,731,1972,662,0.905608755129959,True,accepted_size_and_best_expanded_dapi,ACTH/CLIP,3044.0,0.05,157.0,452.5,True,False,23.0
2026-07-10_FR4-3_Sucrose,2026-07-10_FR4-3_Sucrose,ACTH_CLIP,133,806,2053,806,1.0,True,accepted_size_and_best_expanded_dapi,ACTH/CLIP,3044.0,0.05,157.0,452.5,True,False,23.0
2026-07-10_FR4-3_Sucrose,2026-07-10_FR4-3_Sucrose,ACTH_CLIP,134,324,2092,324,1.0,True,accepted_size_and_best_expanded_dapi,ACTH/CLIP,3044.0,0.05,157.0,452.5,True,False,23.0
2026-07-10_FR4-3_Sucrose,2026-07-10_FR4-3_Sucrose,ACTH_CLIP,135,646,2098,532,0.8235294117647058,True,accepted_size_and_best_expanded_dapi,ACTH/CLIP,3044.0,0.05,157.0,452.5,True,False,23.0
2026-07-10_FR4-3_Sucrose,2026-07-10_FR4-3_Sucrose,ACTH_CLIP,136,927,2150,927,1.0,True,accepted_size_and_best_expanded_dapi,ACTH/CLIP,3044.0,0.05,157.0,452.5,True,False,23.0
2026-07-10_FR4-3_Sucrose,2026-07-10_FR4-3_Sucrose,ACTH_CLIP,137,567,2188,567,1.0,True,accepted_size_and_best_expanded_dapi,ACTH/CLIP,3044.0,0.05,157.0,452.5,True,False,23.0
2026-07-10_FR4-3_Sucrose,2026-07-10_FR4-3_Sucrose,ACTH_CLIP,138,363,2475,171,0.47107438016528924,True,accepted_size_and_best_expanded_dapi,ACTH/CLIP,3044.0,0.05,157.0,452.5,True,False,23.0
2026-07-10_FR4-3_Sucrose,2026-07-10_FR4-3_Sucrose,ACTH_CLIP,139,875,2493,875,1.0,True,accepted_size_and_best_expanded_dapi,ACTH/CLIP,3044.0,0.05,157.0,452.5,True,False,23.0
2026-07-10_FR4-3_Sucrose,2026-07-10_FR4-3_Sucrose,ACTH_CLIP,140,494,2543,494,1.0,True,accepted_size_and_best_expanded_dapi,ACTH/CLIP,3044.0,0.05,157.0,452.5,True,False,23.0
2026-07-10_FR4-3_Sucrose,2026-07-10_FR4-3_Sucrose,ACTH_CLIP,141,525,2719,525,1.0,True,accepted_size_and_best_expanded_dapi,ACTH/CLIP,3044.0,0.05,157.0,452.5,True,False,23.0
2026-07-10_FR4-3_Sucrose,2026-07-10_FR4-3_Sucrose,ACTH_CLIP,142,298,0,0,0.0,False,insufficient_expanded_dapi_pixels,ACTH/CLIP,3044.0,0.05,157.0,452.5,True,False,23.0
2026-07-10_FR4-3_Sucrose,2026-07-10_FR4-3_Sucrose,ACTH_CLIP,143,1739,2791,1692,0.972972972972973,True,accepted_size_and_best_expanded_dapi,ACTH/CLIP,3044.0,0.05,157.0,452.5,True,False,23.0
2026-07-10_FR4-3_Sucrose,2026-07-10_FR4-3_Sucrose,ACTH_CLIP,144,154,0,0,0.0,False,below_acquisition_dapi_area_p05_likely_noncell,ACTH/CLIP,3044.0,0.05,157.0,452.5,False,True,23.0
2026-07-10_FR4-3_Sucrose,2026-07-10_FR4-3_Sucrose,ACTH_CLIP,145,1534,2986,1534,1.0,True,accepted_size_and_best_expanded_dapi,ACTH/CLIP,3044.0,0.05,157.0,452.5,True,False,23.0
2026-07-10_AGUA-M_Water,2026-07-10_AGUA-M_Water,cFOS,1,695,27,562,0.8086330935251799,True,accepted_strict_direct_overlap,,,,,,,,
2026-07-10_AGUA-M_Water,2026-07-10_AGUA-M_Water,cFOS,2,409,25,351,0.8581907090464548,True,accepted_strict_direct_overlap,,,,,,,,
2026-07-10_AGUA-M_Water,2026-07-10_AGUA-M_Water,cFOS,3,302,19,274,0.9072847682119205,True,accepted_strict_direct_overlap,,,,,,,,
2026-07-10_AGUA-M_Water,2026-07-10_AGUA-M_Water,cFOS,4,240,42,202,0.8416666666666667,True,accepted_strict_direct_overlap,,,,,,,,
2026-07-10_AGUA-M_Water,2026-07-10_AGUA-M_Water,cFOS,5,693,77,551,0.7950937950937951,True,accepted_strict_direct_overlap,,,,,,,,
2026-07-10_AGUA-M_Water,2026-07-10_AGUA-M_Water,cFOS,6,613,84,561,0.9151712887438825,True,accepted_strict_direct_overlap,,,,,,,,
2026-07-10_AGUA-M_Water,2026-07-10_AGUA-M_Water,cFOS,7,342,88,255,0.7456140350877193,True,accepted_strict_direct_overlap,,,,,,,,
2026-07-10_AGUA-M_Water,2026-07-10_AGUA-M_Water,cFOS,8,624,97,472,0.7564102564102564,True,accepted_strict_direct_overlap,,,,,,,,
2026-07-10_AGUA-M_Water,2026-07-10_AGUA-M_Water,cFOS,9,430,92,370,0.8604651162790697,True,accepted_strict_direct_overlap,,,,,,,,
2026-07-10_AGUA-M_Water,2026-07-10_AGUA-M_Water,cFOS,10,551,108,476,0.8638838475499092,True,accepted_strict_direct_overlap,,,,,,,,
2026-07-10_AGUA-M_Water,2026-07-10_AGUA-M_Water,cFOS,11,765,113,531,0.6941176470588235,True,accepted_strict_direct_overlap,,,,,,,,
2026-07-10_AGUA-M_Water,2026-07-10_AGUA-M_Water,cFOS,12,468,150,399,0.8525641025641025,True,accepted_strict_direct_overlap,,,,,,,,
2026-07-10_AGUA-M_Water,2026-07-10_AGUA-M_Water,cFOS,13,447,165,384,0.8590604026845637,True,accepted_strict_direct_overlap,,,,,,,,
2026-07-10_AGUA-M_Water,2026-07-10_AGUA-M_Water,cFOS,14,682,172,592,0.8680351906158358,True,accepted_strict_direct_overlap,,,,,,,,
2026-07-10_AGUA-M_Water,2026-07-10_AGUA-M_Water,cFOS,15,698,260,543,0.7779369627507163,True,accepted_strict_direct_overlap,,,,,,,,
2026-07-10_AGUA-M_Water,2026-07-10_AGUA-M_Water,cFOS,16,572,282,572,1.0,True,accepted_strict_direct_overlap,,,,,,,,
2026-07-10_AGUA-M_Water,2026-07-10_AGUA-M_Water,cFOS,17,350,284,313,0.8942857142857142,True,accepted_strict_direct_overlap,,,,,,,,
2026-07-10_AGUA-M_Water,2026-07-10_AGUA-M_Water,cFOS,18,606,292,529,0.8729372937293729,True,accepted_strict_direct_overlap,,,,,,,,
2026-07-10_AGUA-M_Water,2026-07-10_AGUA-M_Water,cFOS,19,185,291,161,0.8702702702702703,True,accepted_strict_direct_overlap,,,,,,,,
2026-07-10_AGUA-M_Water,2026-07-10_AGUA-M_Water,cFOS,20,509,0,166,0.32612966601178783,False,overlap_below_threshold,,,,,,,,
2026-07-10_AGUA-M_Water,2026-07-10_AGUA-M_Water,cFOS,21,621,324,522,0.8405797101449275,True,accepted_strict_direct_overlap,,,,,,,,
2026-07-10_AGUA-M_Water,2026-07-10_AGUA-M_Water,cFOS,22,295,327,182,0.6169491525423729,True,accepted_strict_direct_overlap,,,,,,,,
2026-07-10_AGUA-M_Water,2026-07-10_AGUA-M_Water,cFOS,23,319,0,0,0.0,False,overlap_below_threshold,,,,,,,,
2026-07-10_AGUA-M_Water,2026-07-10_AGUA-M_Water,cFOS,24,715,337,561,0.7846153846153846,True,accepted_strict_direct_overlap,,,,,,,,
2026-07-10_AGUA-M_Water,2026-07-10_AGUA-M_Water,cFOS,25,469,0,117,0.24946695095948826,False,overlap_below_threshold,,,,,,,,
2026-07-10_AGUA-M_Water,2026-07-10_AGUA-M_Water,cFOS,26,372,387,354,0.9516129032258065,True,accepted_strict_direct_overlap,,,,,,,,
2026-07-10_AGUA-M_Water,2026-07-10_AGUA-M_Water,cFOS,27,501,414,501,1.0,True,accepted_strict_direct_overlap,,,,,,,,
2026-07-10_AGUA-M_Water,2026-07-10_AGUA-M_Water,cFOS,28,549,430,499,0.9089253187613844,True,accepted_strict_direct_overlap,,,,,,,,
2026-07-10_AGUA-M_Water,2026-07-10_AGUA-M_Water,cFOS,29,399,0,57,0.14285714285714285,False,overlap_below_threshold,,,,,,,,
2026-07-10_AGUA-M_Water,2026-07-10_AGUA-M_Water,cFOS,30,495,0,0,0.0,False,overlap_below_threshold,,,,,,,,
2026-07-10_AGUA-M_Water,2026-07-10_AGUA-M_Water,cFOS,31,561,473,553,0.9857397504456328,True,accepted_strict_direct_overlap,,,,,,,,
2026-07-10_AGUA-M_Water,2026-07-10_AGUA-M_Water,cFOS,32,473,501,462,0.9767441860465116,True,accepted_strict_direct_overlap,,,,,,,,
2026-07-10_AGUA-M_Water,2026-07-10_AGUA-M_Water,cFOS,33,744,510,672,0.9032258064516129,True,accepted_strict_direct_overlap,,,,,,,,
2026-07-10_AGUA-M_Water,2026-07-10_AGUA-M_Water,cFOS,34,520,519,491,0.9442307692307692,True,accepted_strict_direct_overlap,,,,,,,,
2026-07-10_AGUA-M_Water,2026-07-10_AGUA-M_Water,cFOS,35,664,526,561,0.8448795180722891,True,accepted_strict_direct_overlap,,,,,,,,
2026-07-10_AGUA-M_Water,2026-07-10_AGUA-M_Water,cFOS,36,883,529,758,0.8584371460928653,True,accepted_strict_direct_overlap,,,,,,,,
2026-07-10_AGUA-M_Water,2026-07-10_AGUA-M_Water,cFOS,37,1092,0,329,0.30128205128205127,False,overlap_below_threshold,,,,,,,,
2026-07-10_AGUA-M_Water,2026-07-10_AGUA-M_Water,cFOS,38,455,567,299,0.6571428571428571,True,accepted_strict_direct_overlap,,,,,,,,
2026-07-10_AGUA-M_Water,2026-07-10_AGUA-M_Water,cFOS,39,599,640,470,0.7846410684474123,True,accepted_strict_direct_overlap,,,,,,,,
2026-07-10_AGUA-M_Water,2026-07-10_AGUA-M_Water,cFOS,40,420,673,420,1.0,True,accepted_strict_direct_overlap,,,,,,,,
2026-07-10_AGUA-M_Water,2026-07-10_AGUA-M_Water,cFOS,41,197,694,128,0.649746192893401,True,accepted_strict_direct_overlap,,,,,,,,
2026-07-10_AGUA-M_Water,2026-07-10_AGUA-M_Water,cFOS,42,599,699,243,0.4056761268781302,True,accepted_strict_direct_overlap,,,,,,,,
2026-07-10_AGUA-M_Water,2026-07-10_AGUA-M_Water,cFOS,43,917,723,524,0.5714285714285714,True,accepted_strict_direct_overlap,,,,,,,,
2026-07-10_AGUA-M_Water,2026-07-10_AGUA-M_Water,cFOS,44,107,0,0,0.0,False,overlap_below_threshold,,,,,,,,
2026-07-10_AGUA-M_Water,2026-07-10_AGUA-M_Water,cFOS,45,526,803,287,0.5456273764258555,True,accepted_strict_direct_overlap,,,,,,,,
2026-07-10_AGUA-M_Water,2026-07-10_AGUA-M_Water,cFOS,46,420,813,289,0.6880952380952381,True,accepted_strict_direct_overlap,,,,,,,,
2026-07-10_AGUA-M_Water,2026-07-10_AGUA-M_Water,cFOS,47,1578,904,846,0.5361216730038023,True,accepted_strict_direct_overlap,,,,,,,,
2026-07-10_AGUA-M_Water,2026-07-10_AGUA-M_Water,cFOS,48,407,896,384,0.9434889434889435,True,accepted_strict_direct_overlap,,,,,,,,
2026-07-10_AGUA-M_Water,2026-07-10_AGUA-M_Water,cFOS,49,554,0,184,0.33212996389891697,False,overlap_below_threshold,,,,,,,,
2026-07-10_AGUA-M_Water,2026-07-10_AGUA-M_Water,cFOS,50,594,965,536,0.9023569023569024,True,accepted_strict_direct_overlap,,,,,,,,
2026-07-10_AGUA-M_Water,2026-07-10_AGUA-M_Water,cFOS,51,617,985,477,0.773095623987034,True,accepted_strict_direct_overlap,,,,,,,,
2026-07-10_AGUA-M_Water,2026-07-10_AGUA-M_Water,cFOS,52,469,996,385,0.8208955223880597,True,accepted_strict_direct_overlap,,,,,,,,
2026-07-10_AGUA-M_Water,2026-07-10_AGUA-M_Water,cFOS,53,612,1008,518,0.8464052287581699,True,accepted_strict_direct_overlap,,,,,,,,
2026-07-10_AGUA-M_Water,2026-07-10_AGUA-M_Water,cFOS,54,359,1068,302,0.841225626740947,True,accepted_strict_direct_overlap,,,,,,,,
2026-07-10_AGUA-M_Water,2026-07-10_AGUA-M_Water,cFOS,55,614,1073,514,0.8371335504885994,True,accepted_strict_direct_overlap,,,,,,,,
2026-07-10_AGUA-M_Water,2026-07-10_AGUA-M_Water,cFOS,56,350,1096,331,0.9457142857142857,True,accepted_strict_direct_overlap,,,,,,,,
2026-07-10_AGUA-M_Water,2026-07-10_AGUA-M_Water,cFOS,57,965,1143,475,0.49222797927461137,True,accepted_strict_direct_overlap,,,,,,,,
2026-07-10_AGUA-M_Water,2026-07-10_AGUA-M_Water,cFOS,58,465,1148,316,0.6795698924731183,True,accepted_strict_direct_overlap,,,,,,,,
2026-07-10_AGUA-M_Water,2026-07-10_AGUA-M_Water,cFOS,59,629,1154,590,0.9379968203497615,True,accepted_strict_direct_overlap,,,,,,,,
2026-07-10_AGUA-M_Water,2026-07-10_AGUA-M_Water,cFOS,60,281,1163,151,0.5373665480427047,True,accepted_strict_direct_overlap,,,,,,,,
2026-07-10_AGUA-M_Water,2026-07-10_AGUA-M_Water,cFOS,61,326,1167,292,0.8957055214723927,True,accepted_strict_direct_overlap,,,,,,,,
2026-07-10_AGUA-M_Water,2026-07-10_AGUA-M_Water,cFOS,62,353,1168,312,0.8838526912181303,True,accepted_strict_direct_overlap,,,,,,,,
2026-07-10_AGUA-M_Water,2026-07-10_AGUA-M_Water,cFOS,63,316,1191,289,0.9145569620253164,True,accepted_strict_direct_overlap,,,,,,,,
2026-07-10_AGUA-M_Water,2026-07-10_AGUA-M_Water,cFOS,64,587,1187,392,0.6678023850085179,True,accepted_strict_direct_overlap,,,,,,,,
2026-07-10_AGUA-M_Water,2026-07-10_AGUA-M_Water,cFOS,65,505,1194,398,0.7881188118811882,True,accepted_strict_direct_overlap,,,,,,,,
2026-07-10_AGUA-M_Water,2026-07-10_AGUA-M_Water,cFOS,66,948,1245,853,0.8997890295358649,True,accepted_strict_direct_overlap,,,,,,,,
2026-07-10_AGUA-M_Water,2026-07-10_AGUA-M_Water,cFOS,67,297,1243,228,0.7676767676767676,True,accepted_strict_direct_overlap,,,,,,,,
2026-07-10_AGUA-M_Water,2026-07-10_AGUA-M_Water,cFOS,68,396,1247,323,0.8156565656565656,True,accepted_strict_direct_overlap,,,,,,,,
2026-07-10_AGUA-M_Water,2026-07-10_AGUA-M_Water,cFOS,69,267,1250,236,0.8838951310861424,True,accepted_strict_direct_overlap,,,,,,,,
2026-07-10_AGUA-M_Water,2026-07-10_AGUA-M_Water,cFOS,70,269,1255,269,1.0,True,accepted_strict_direct_overlap,,,,,,,,
2026-07-10_AGUA-M_Water,2026-07-10_AGUA-M_Water,cFOS,71,975,1284,539,0.5528205128205128,True,accepted_strict_direct_overlap,,,,,,,,
2026-07-10_AGUA-M_Water,2026-07-10_AGUA-M_Water,cFOS,72,278,1291,278,1.0,True,accepted_strict_direct_overlap,,,,,,,,
2026-07-10_AGUA-M_Water,2026-07-10_AGUA-M_Water,cFOS,73,344,1337,341,0.9912790697674418,True,accepted_strict_direct_overlap,,,,,,,,
2026-07-10_AGUA-M_Water,2026-07-10_AGUA-M_Water,cFOS,74,415,1356,300,0.7228915662650602,True,accepted_strict_direct_overlap,,,,,,,,
2026-07-10_AGUA-M_Water,2026-07-10_AGUA-M_Water,cFOS,75,383,1357,344,0.8981723237597912,True,accepted_strict_direct_overlap,,,,,,,,
2026-07-10_AGUA-M_Water,2026-07-10_AGUA-M_Water,cFOS,76,331,1381,323,0.9758308157099698,True,accepted_strict_direct_overlap,,,,,,,,
2026-07-10_AGUA-M_Water,2026-07-10_AGUA-M_Water,cFOS,77,686,0,3,0.004373177842565598,False,overlap_below_threshold,,,,,,,,
2026-07-10_AGUA-M_Water,2026-07-10_AGUA-M_Water,cFOS,78,575,1418,519,0.9026086956521739,True,accepted_strict_direct_overlap,,,,,,,,
2026-07-10_AGUA-M_Water,2026-07-10_AGUA-M_Water,cFOS,79,700,1535,378,0.54,True,accepted_strict_direct_overlap,,,,,,,,
2026-07-10_AGUA-M_Water,2026-07-10_AGUA-M_Water,cFOS,80,294,1570,268,0.9115646258503401,True,accepted_strict_direct_overlap,,,,,,,,
2026-07-10_AGUA-M_Water,2026-07-10_AGUA-M_Water,cFOS,81,627,1582,609,0.9712918660287081,True,accepted_strict_direct_overlap,,,,,,,,
2026-07-10_AGUA-M_Water,2026-07-10_AGUA-M_Water,cFOS,82,593,1583,560,0.9443507588532883,True,accepted_strict_direct_overlap,,,,,,,,
2026-07-10_AGUA-M_Water,2026-07-10_AGUA-M_Water,cFOS,83,334,1596,267,0.7994011976047904,True,accepted_strict_direct_overlap,,,,,,,,
2026-07-10_AGUA-M_Water,2026-07-10_AGUA-M_Water,cFOS,84,216,1590,207,0.9583333333333334,True,accepted_strict_direct_overlap,,,,,,,,
2026-07-10_AGUA-M_Water,2026-07-10_AGUA-M_Water,cFOS,85,612,1613,579,0.946078431372549,True,accepted_strict_direct_overlap,,,,,,,,
2026-07-10_AGUA-M_Water,2026-07-10_AGUA-M_Water,cFOS,86,258,0,0,0.0,False,overlap_below_threshold,,,,,,,,
2026-07-10_AGUA-M_Water,2026-07-10_AGUA-M_Water,cFOS,87,370,1668,370,1.0,True,accepted_strict_direct_overlap,,,,,,,,
2026-07-10_AGUA-M_Water,2026-07-10_AGUA-M_Water,cFOS,88,151,1714,151,1.0,True,accepted_strict_direct_overlap,,,,,,,,
2026-07-10_AGUA-M_Water,2026-07-10_AGUA-M_Water,cFOS,89,700,1726,435,0.6214285714285714,True,accepted_strict_direct_overlap,,,,,,,,
2026-07-10_AGUA-M_Water,2026-07-10_AGUA-M_Water,cFOS,90,323,1809,200,0.6191950464396285,True,accepted_strict_direct_overlap,,,,,,,,
2026-07-10_AGUA-M_Water,2026-07-10_AGUA-M_Water,cFOS,91,121,1813,121,1.0,True,accepted_strict_direct_overlap,,,,,,,,
2026-07-10_AGUA-M_Water,2026-07-10_AGUA-M_Water,cFOS,92,347,1924,298,0.8587896253602305,True,accepted_strict_direct_overlap,,,,,,,,
2026-07-10_AGUA-M_Water,2026-07-10_AGUA-M_Water,cFOS,93,554,1994,460,0.8303249097472925,True,accepted_strict_direct_overlap,,,,,,,,
2026-07-10_AGUA-M_Water,2026-07-10_AGUA-M_Water,cFOS,94,1495,0,232,0.1551839464882943,False,overlap_below_threshold,,,,,,,,
2026-07-10_AGUA-M_Water,2026-07-10_AGUA-M_Water,cFOS,95,179,2273,174,0.9720670391061452,True,accepted_strict_direct_overlap,,,,,,,,
2026-07-10_AGUA-M_Water,2026-07-10_AGUA-M_Water,cFOS,96,582,0,204,0.35051546391752575,False,overlap_below_threshold,,,,,,,,
2026-07-10_AGUA-M_Water,2026-07-10_AGUA-M_Water,cFOS,97,433,0,67,0.15473441108545036,False,overlap_below_threshold,,,,,,,,
2026-07-10_AGUA-M_Water,2026-07-10_AGUA-M_Water,cFOS,98,367,2421,242,0.659400544959128,True,accepted_strict_direct_overlap,,,,,,,,
2026-07-10_AGUA-M_Water,2026-07-10_AGUA-M_Water,cFOS,99,333,2444,294,0.8828828828828829,True,accepted_strict_direct_overlap,,,,,,,,
2026-07-10_AGUA-M_Water,2026-07-10_AGUA-M_Water,cFOS,100,616,2461,379,0.6152597402597403,True,accepted_strict_direct_overlap,,,,,,,,
2026-07-10_AGUA-M_Water,2026-07-10_AGUA-M_Water,cFOS,101,503,2462,467,0.9284294234592445,True,accepted_strict_direct_overlap,,,,,,,,
2026-07-10_AGUA-M_Water,2026-07-10_AGUA-M_Water,cFOS,102,456,2470,441,0.9671052631578947,True,accepted_strict_direct_overlap,,,,,,,,
2026-07-10_AGUA-M_Water,2026-07-10_AGUA-M_Water,cFOS,103,608,2497,298,0.4901315789473684,True,accepted_strict_direct_overlap,,,,,,,,
2026-07-10_AGUA-M_Water,2026-07-10_AGUA-M_Water,cFOS,104,474,2499,342,0.7215189873417721,True,accepted_strict_direct_overlap,,,,,,,,
2026-07-10_AGUA-M_Water,2026-07-10_AGUA-M_Water,cFOS,105,396,2506,361,0.9116161616161617,True,accepted_strict_direct_overlap,,,,,,,,
2026-07-10_AGUA-M_Water,2026-07-10_AGUA-M_Water,cFOS,106,382,2526,361,0.9450261780104712,True,accepted_strict_direct_overlap,,,,,,,,
2026-07-10_AGUA-M_Water,2026-07-10_AGUA-M_Water,cFOS,107,490,2524,379,0.773469387755102,True,accepted_strict_direct_overlap,,,,,,,,
2026-07-10_AGUA-M_Water,2026-07-10_AGUA-M_Water,cFOS,108,476,2531,415,0.8718487394957983,True,accepted_strict_direct_overlap,,,,,,,,
2026-07-10_AGUA-M_Water,2026-07-10_AGUA-M_Water,cFOS,109,880,0,350,0.3977272727272727,False,overlap_below_threshold,,,,,,,,
2026-07-10_AGUA-M_Water,2026-07-10_AGUA-M_Water,cFOS,110,760,2558,720,0.9473684210526315,True,accepted_strict_direct_overlap,,,,,,,,
2026-07-10_AGUA-M_Water,2026-07-10_AGUA-M_Water,cFOS,111,429,2560,414,0.965034965034965,True,accepted_strict_direct_overlap,,,,,,,,
2026-07-10_AGUA-M_Water,2026-07-10_AGUA-M_Water,cFOS,112,280,2574,227,0.8107142857142857,True,accepted_strict_direct_overlap,,,,,,,,
2026-07-10_AGUA-M_Water,2026-07-10_AGUA-M_Water,cFOS,113,694,2576,609,0.877521613832853,True,accepted_strict_direct_overlap,,,,,,,,
2026-07-10_AGUA-M_Water,2026-07-10_AGUA-M_Water,cFOS,114,408,2596,226,0.553921568627451,True,accepted_strict_direct_overlap,,,,,,,,
2026-07-10_AGUA-M_Water,2026-07-10_AGUA-M_Water,cFOS,115,516,2592,481,0.9321705426356589,True,accepted_strict_direct_overlap,,,,,,,,
2026-07-10_AGUA-M_Water,2026-07-10_AGUA-M_Water,cFOS,116,247,2616,136,0.5506072874493927,True,accepted_strict_direct_overlap,,,,,,,,
2026-07-10_AGUA-M_Water,2026-07-10_AGUA-M_Water,cFOS,117,974,2656,494,0.5071868583162218,True,accepted_strict_direct_overlap,,,,,,,,
2026-07-10_AGUA-M_Water,2026-07-10_AGUA-M_Water,cFOS,118,339,2654,324,0.9557522123893806,True,accepted_strict_direct_overlap,,,,,,,,
2026-07-10_AGUA-M_Water,2026-07-10_AGUA-M_Water,cFOS,119,499,2669,466,0.9338677354709419,True,accepted_strict_direct_overlap,,,,,,,,
2026-07-10_AGUA-M_Water,2026-07-10_AGUA-M_Water,cFOS,120,270,0,81,0.3,False,overlap_below_threshold,,,,,,,,
2026-07-10_AGUA-M_Water,2026-07-10_AGUA-M_Water,cFOS,121,359,2715,339,0.9442896935933147,True,accepted_strict_direct_overlap,,,,,,,,
2026-07-10_AGUA-M_Water,2026-07-10_AGUA-M_Water,cFOS,122,578,2726,520,0.8996539792387543,True,accepted_strict_direct_overlap,,,,,,,,
2026-07-10_AGUA-M_Water,2026-07-10_AGUA-M_Water,cFOS,123,574,2737,533,0.9285714285714286,True,accepted_strict_direct_overlap,,,,,,,,
2026-07-10_AGUA-M_Water,2026-07-10_AGUA-M_Water,cFOS,124,418,0,118,0.2822966507177033,False,overlap_below_threshold,,,,,,,,
2026-07-10_AGUA-M_Water,2026-07-10_AGUA-M_Water,cFOS,125,527,2747,523,0.9924098671726755,True,accepted_strict_direct_overlap,,,,,,,,
2026-07-10_AGUA-M_Water,2026-07-10_AGUA-M_Water,cFOS,126,810,2850,657,0.8111111111111111,True,accepted_strict_direct_overlap,,,,,,,,
2026-07-10_AGUA-M_Water,2026-07-10_AGUA-M_Water,cFOS,127,318,2838,318,1.0,True,accepted_strict_direct_overlap,,,,,,,,
2026-07-10_AGUA-M_Water,2026-07-10_AGUA-M_Water,cFOS,128,387,2857,387,1.0,True,accepted_strict_direct_overlap,,,,,,,,
2026-07-10_AGUA-M_Water,2026-07-10_AGUA-M_Water,cFOS,129,397,0,0,0.0,False,overlap_below_threshold,,,,,,,,
2026-07-10_AGUA-M_Water,2026-07-10_AGUA-M_Water,cFOS,130,564,2876,443,0.7854609929078015,True,accepted_strict_direct_overlap,,,,,,,,
2026-07-10_AGUA-M_Water,2026-07-10_AGUA-M_Water,cFOS,131,329,2887,282,0.8571428571428571,True,accepted_strict_direct_overlap,,,,,,,,
2026-07-10_AGUA-M_Water,2026-07-10_AGUA-M_Water,cFOS,132,702,0,150,0.21367521367521367,False,overlap_below_threshold,,,,,,,,
2026-07-10_AGUA-M_Water,2026-07-10_AGUA-M_Water,cFOS,133,940,2926,652,0.6936170212765957,True,accepted_strict_direct_overlap,,,,,,,,
2026-07-10_AGUA-M_Water,2026-07-10_AGUA-M_Water,cFOS,134,758,2936,548,0.7229551451187335,True,accepted_strict_direct_overlap,,,,,,,,
2026-07-10_AGUA-M_Water,2026-07-10_AGUA-M_Water,cFOS,135,588,2967,443,0.7534013605442177,True,accepted_strict_direct_overlap,,,,,,,,
2026-07-10_AGUA-M_Water,2026-07-10_AGUA-M_Water,cFOS,136,435,2970,235,0.5402298850574713,True,accepted_strict_direct_overlap,,,,,,,,
2026-07-10_AGUA-M_Water,2026-07-10_AGUA-M_Water,cFOS,137,829,2980,750,0.9047044632086851,True,accepted_strict_direct_overlap,,,,,,,,
2026-07-10_AGUA-M_Water,2026-07-10_AGUA-M_Water,cFOS,138,447,3009,413,0.9239373601789709,True,accepted_strict_direct_overlap,,,,,,,,
2026-07-10_AGUA-M_Water,2026-07-10_AGUA-M_Water,cFOS,139,439,3029,438,0.9977220956719818,True,accepted_strict_direct_overlap,,,,,,,,
2026-07-10_AGUA-M_Water,2026-07-10_AGUA-M_Water,cFOS,140,505,3027,420,0.8316831683168316,True,accepted_strict_direct_overlap,,,,,,,,
2026-07-10_AGUA-M_Water,2026-07-10_AGUA-M_Water,cFOS,141,642,3073,572,0.8909657320872274,True,accepted_strict_direct_overlap,,,,,,,,
2026-07-10_AGUA-M_Water,2026-07-10_AGUA-M_Water,cFOS,142,375,3087,301,0.8026666666666666,True,accepted_strict_direct_overlap,,,,,,,,
2026-07-10_AGUA-M_Water,2026-07-10_AGUA-M_Water,cFOS,143,871,3135,600,0.6888633754305397,True,accepted_strict_direct_overlap,,,,,,,,
2026-07-10_AGUA-M_Water,2026-07-10_AGUA-M_Water,cFOS,144,275,3125,272,0.9890909090909091,True,accepted_strict_direct_overlap,,,,,,,,
2026-07-10_AGUA-M_Water,2026-07-10_AGUA-M_Water,cFOS,145,514,3162,482,0.9377431906614786,True,accepted_strict_direct_overlap,,,,,,,,
2026-07-10_AGUA-M_Water,2026-07-10_AGUA-M_Water,cFOS,146,767,3160,673,0.877444589308996,True,accepted_strict_direct_overlap,,,,,,,,
2026-07-10_AGUA-M_Water,2026-07-10_AGUA-M_Water,cFOS,147,496,3217,430,0.8669354838709677,True,accepted_strict_direct_overlap,,,,,,,,
2026-07-10_AGUA-M_Water,2026-07-10_AGUA-M_Water,cFOS,148,311,3219,202,0.6495176848874598,True,accepted_strict_direct_overlap,,,,,,,,
2026-07-10_AGUA-M_Water,2026-07-10_AGUA-M_Water,cFOS,149,205,0,15,0.07317073170731707,False,overlap_below_threshold,,,,,,,,
2026-07-10_AGUA-M_Water,2026-07-10_AGUA-M_Water,cFOS,150,234,3275,160,0.6837606837606838,True,accepted_strict_direct_overlap,,,,,,,,
2026-07-10_AGUA-M_Water,2026-07-10_AGUA-M_Water,cFOS,151,1257,3337,634,0.5043754972155927,True,accepted_strict_direct_overlap,,,,,,,,
2026-07-10_AGUA-M_Water,2026-07-10_AGUA-M_Water,cFOS,152,612,3306,545,0.8905228758169934,True,accepted_strict_direct_overlap,,,,,,,,
2026-07-10_AGUA-M_Water,2026-07-10_AGUA-M_Water,cFOS,153,674,3336,634,0.9406528189910979,True,accepted_strict_direct_overlap,,,,,,,,
2026-07-10_AGUA-M_Water,2026-07-10_AGUA-M_Water,cFOS,154,199,3355,199,1.0,True,accepted_strict_direct_overlap,,,,,,,,
2026-07-10_AGUA-M_Water,2026-07-10_AGUA-M_Water,cFOS,155,324,3408,149,0.45987654320987653,True,accepted_strict_direct_overlap,,,,,,,,
2026-07-10_AGUA-M_Water,2026-07-10_AGUA-M_Water,cFOS,156,310,3453,263,0.8483870967741935,True,accepted_strict_direct_overlap,,,,,,,,
2026-07-10_AGUA-M_Water,2026-07-10_AGUA-M_Water,cFOS,157,216,3510,172,0.7962962962962963,True,accepted_strict_direct_overlap,,,,,,,,
2026-07-10_AGUA-M_Water,2026-07-10_AGUA-M_Water,cFOS,158,382,3538,265,0.693717277486911,True,accepted_strict_direct_overlap,,,,,,,,
2026-07-10_AGUA-M_Water,2026-07-10_AGUA-M_Water,cFOS,159,674,3561,633,0.9391691394658753,True,accepted_strict_direct_overlap,,,,,,,,
2026-07-10_AGUA-M_Water,2026-07-10_AGUA-M_Water,cFOS,160,431,3566,392,0.9095127610208816,True,accepted_strict_direct_overlap,,,,,,,,
2026-07-10_AGUA-M_Water,2026-07-10_AGUA-M_Water,cFOS,161,672,3573,648,0.9642857142857143,True,accepted_strict_direct_overlap,,,,,,,,
2026-07-10_AGUA-M_Water,2026-07-10_AGUA-M_Water,cFOS,162,548,3645,531,0.968978102189781,True,accepted_strict_direct_overlap,,,,,,,,
2026-07-10_AGUA-M_Water,2026-07-10_AGUA-M_Water,cFOS,163,2088,0,0,0.0,False,overlap_below_threshold,,,,,,,,
2026-07-10_AGUA-M_Water,2026-07-10_AGUA-M_Water,cFOS,164,399,3764,370,0.9273182957393483,True,accepted_strict_direct_overlap,,,,,,,,
2026-07-10_AGUA-M_Water,2026-07-10_AGUA-M_Water,cFOS,165,144,3834,144,1.0,True,accepted_strict_direct_overlap,,,,,,,,
2026-07-10_AGUA-M_Water,2026-07-10_AGUA-M_Water,cFOS,166,131,3836,131,1.0,True,accepted_strict_direct_overlap,,,,,,,,
2026-07-10_AGUA-M_Water,2026-07-10_AGUA-M_Water,cFOS,167,145,3856,100,0.6896551724137931,True,accepted_strict_direct_overlap,,,,,,,,
2026-07-10_AGUA-M_Water,2026-07-10_AGUA-M_Water,cFOS,168,449,3876,441,0.9821826280623608,True,accepted_strict_direct_overlap,,,,,,,,
2026-07-10_AGUA-M_Water,2026-07-10_AGUA-M_Water,cFOS,169,564,3903,508,0.900709219858156,True,accepted_strict_direct_overlap,,,,,,,,
2026-07-10_AGUA-M_Water,2026-07-10_AGUA-M_Water,cFOS,170,511,3918,511,1.0,True,accepted_strict_direct_overlap,,,,,,,,
2026-07-10_AGUA-M_Water,2026-07-10_AGUA-M_Water,cFOS,171,461,3943,444,0.9631236442516269,True,accepted_strict_direct_overlap,,,,,,,,
2026-07-10_AGUA-M_Water,2026-07-10_AGUA-M_Water,cFOS,172,434,3953,404,0.9308755760368663,True,accepted_strict_direct_overlap,,,,,,,,
2026-07-10_AGUA-M_Water,2026-07-10_AGUA-M_Water,cFOS,173,472,3954,456,0.9661016949152542,True,accepted_strict_direct_overlap,,,,,,,,
2026-07-10_AGUA-M_Water,2026-07-10_AGUA-M_Water,cFOS,174,91,3957,90,0.989010989010989,True,accepted_strict_direct_overlap,,,,,,,,
2026-07-10_AGUA-M_Water,2026-07-10_AGUA-M_Water,cFOS,175,353,3981,353,1.0,True,accepted_strict_direct_overlap,,,,,,,,
2026-07-10_AGUA-M_Water,2026-07-10_AGUA-M_Water,cFOS,176,457,3999,453,0.9912472647702407,True,accepted_strict_direct_overlap,,,,,,,,
2026-07-10_AGUA-M_Water,2026-07-10_AGUA-M_Water,cFOS,177,143,3992,143,1.0,True,accepted_strict_direct_overlap,,,,,,,,
2026-07-10_AGUA-M_Water,2026-07-10_AGUA-M_Water,cFOS,178,320,4006,318,0.99375,True,accepted_strict_direct_overlap,,,,,,,,
2026-07-10_AGUA-M_Water,2026-07-10_AGUA-M_Water,cFOS,179,671,0,103,0.15350223546944858,False,overlap_below_threshold,,,,,,,,
2026-07-10_AGUA-M_Water,2026-07-10_AGUA-M_Water,cFOS,180,476,4037,476,1.0,True,accepted_strict_direct_overlap,,,,,,,,
2026-07-10_AGUA-M_Water,2026-07-10_AGUA-M_Water,ACTH_CLIP,1,1583,904,1486,0.9387239418825016,True,accepted_size_and_best_expanded_dapi,ACTH/CLIP,4062.0,0.05,157.0,436.0,True,False,23.0
2026-07-10_AGUA-M_Water,2026-07-10_AGUA-M_Water,ACTH_CLIP,2,2116,1106,1777,0.8397920604914934,True,accepted_size_and_best_expanded_dapi,ACTH/CLIP,4062.0,0.05,157.0,436.0,True,False,23.0
2026-07-10_AGUA-M_Water,2026-07-10_AGUA-M_Water,ACTH_CLIP,3,1429,1120,1025,0.7172848145556333,True,accepted_size_and_best_expanded_dapi,ACTH/CLIP,4062.0,0.05,157.0,436.0,True,False,23.0
2026-07-10_AGUA-M_Water,2026-07-10_AGUA-M_Water,ACTH_CLIP,4,104,0,0,0.0,False,below_acquisition_dapi_area_p05_likely_noncell,ACTH/CLIP,4062.0,0.05,157.0,436.0,False,True,23.0
2026-07-10_AGUA-M_Water,2026-07-10_AGUA-M_Water,ACTH_CLIP,5,53,0,0,0.0,False,below_acquisition_dapi_area_p05_likely_noncell,ACTH/CLIP,4062.0,0.05,157.0,436.0,False,True,23.0
2026-07-10_AGUA-M_Water,2026-07-10_AGUA-M_Water,ACTH_CLIP,6,1783,1168,1666,0.9343802579921481,True,accepted_size_and_best_expanded_dapi,ACTH/CLIP,4062.0,0.05,157.0,436.0,True,False,23.0
2026-07-10_AGUA-M_Water,2026-07-10_AGUA-M_Water,ACTH_CLIP,7,1262,1191,857,0.679080824088748,True,accepted_size_and_best_expanded_dapi,ACTH/CLIP,4062.0,0.05,157.0,436.0,True,False,23.0
2026-07-10_AGUA-M_Water,2026-07-10_AGUA-M_Water,ACTH_CLIP,8,1667,1196,1551,0.9304139172165566,True,accepted_size_and_best_expanded_dapi,ACTH/CLIP,4062.0,0.05,157.0,436.0,True,False,23.0
2026-07-10_AGUA-M_Water,2026-07-10_AGUA-M_Water,ACTH_CLIP,9,71,0,0,0.0,False,below_acquisition_dapi_area_p05_likely_noncell,ACTH/CLIP,4062.0,0.05,157.0,436.0,False,True,23.0
2026-07-10_AGUA-M_Water,2026-07-10_AGUA-M_Water,ACTH_CLIP,10,593,1194,593,1.0,True,accepted_size_and_best_expanded_dapi,ACTH/CLIP,4062.0,0.05,157.0,436.0,True,False,23.0
2026-07-10_AGUA-M_Water,2026-07-10_AGUA-M_Water,ACTH_CLIP,11,98,0,0,0.0,False,below_acquisition_dapi_area_p05_likely_noncell,ACTH/CLIP,4062.0,0.05,157.0,436.0,False,True,23.0
2026-07-10_AGUA-M_Water,2026-07-10_AGUA-M_Water,ACTH_CLIP,12,1734,1230,1134,0.6539792387543253,True,accepted_size_and_best_expanded_dapi,ACTH/CLIP,4062.0,0.05,157.0,436.0,True,False,23.0
2026-07-10_AGUA-M_Water,2026-07-10_AGUA-M_Water,ACTH_CLIP,13,1720,1245,1599,0.9296511627906977,True,accepted_size_and_best_expanded_dapi,ACTH/CLIP,4062.0,0.05,157.0,436.0,True,False,23.0
2026-07-10_AGUA-M_Water,2026-07-10_AGUA-M_Water,ACTH_CLIP,14,1513,1259,1467,0.969596827495043,True,accepted_size_and_best_expanded_dapi,ACTH/CLIP,4062.0,0.05,157.0,436.0,True,False,23.0
2026-07-10_AGUA-M_Water,2026-07-10_AGUA-M_Water,ACTH_CLIP,15,44,0,0,0.0,False,below_acquisition_dapi_area_p05_likely_noncell,ACTH/CLIP,4062.0,0.05,157.0,436.0,False,True,23.0
2026-07-10_AGUA-M_Water,2026-07-10_AGUA-M_Water,ACTH_CLIP,16,1108,1275,1001,0.9034296028880866,True,accepted_size_and_best_expanded_dapi,ACTH/CLIP,4062.0,0.05,157.0,436.0,True,False,23.0
2026-07-10_AGUA-M_Water,2026-07-10_AGUA-M_Water,ACTH_CLIP,17,1142,1284,853,0.7469352014010507,True,accepted_size_and_best_expanded_dapi,ACTH/CLIP,4062.0,0.05,157.0,436.0,True,False,23.0
2026-07-10_AGUA-M_Water,2026-07-10_AGUA-M_Water,ACTH_CLIP,18,231,1675,133,0.5757575757575758,True,accepted_size_and_best_expanded_dapi,ACTH/CLIP,4062.0,0.05,157.0,436.0,True,False,23.0
2026-07-10_AGUA-M_Water,2026-07-10_AGUA-M_Water,ACTH_CLIP,19,911,1726,732,0.8035126234906695,True,accepted_size_and_best_expanded_dapi,ACTH/CLIP,4062.0,0.05,157.0,436.0,True,False,23.0
2026-07-10_AGUA-M_Water,2026-07-10_AGUA-M_Water,ACTH_CLIP,20,827,2349,652,0.788391777509069,True,accepted_size_and_best_expanded_dapi,ACTH/CLIP,4062.0,0.05,157.0,436.0,True,False,23.0
2026-07-10_AGUA-M_Water,2026-07-10_AGUA-M_Water,ACTH_CLIP,21,56,0,0,0.0,False,below_acquisition_dapi_area_p05_likely_noncell,ACTH/CLIP,4062.0,0.05,157.0,436.0,False,True,23.0
2026-07-10_AGUA-M_Water,2026-07-10_AGUA-M_Water,ACTH_CLIP,22,57,0,0,0.0,False,below_acquisition_dapi_area_p05_likely_noncell,ACTH/CLIP,4062.0,0.05,157.0,436.0,False,True,23.0
2026-07-10_AGUA-M_Water,2026-07-10_AGUA-M_Water,ACTH_CLIP,23,81,0,0,0.0,False,below_acquisition_dapi_area_p05_likely_noncell,ACTH/CLIP,4062.0,0.05,157.0,436.0,False,True,23.0
2026-07-10_AGUA-M_Water,2026-07-10_AGUA-M_Water,ACTH_CLIP,24,40,0,0,0.0,False,below_acquisition_dapi_area_p05_likely_noncell,ACTH/CLIP,4062.0,0.05,157.0,436.0,False,True,23.0
2026-07-10_AGUA-M_Water,2026-07-10_AGUA-M_Water,ACTH_CLIP,25,36,0,0,0.0,False,below_acquisition_dapi_area_p05_likely_noncell,ACTH/CLIP,4062.0,0.05,157.0,436.0,False,True,23.0
2026-07-10_AGUA-M_Water,2026-07-10_AGUA-M_Water,ACTH_CLIP,26,162,2516,153,0.9444444444444444,True,accepted_size_and_best_expanded_dapi,ACTH/CLIP,4062.0,0.05,157.0,436.0,True,False,23.0
2026-07-10_AGUA-M_Water,2026-07-10_AGUA-M_Water,ACTH_CLIP,27,308,2515,308,1.0,True,accepted_size_and_best_expanded_dapi,ACTH/CLIP,4062.0,0.05,157.0,436.0,True,False,23.0
2026-07-10_AGUA-M_Water,2026-07-10_AGUA-M_Water,ACTH_CLIP,28,356,2560,356,1.0,True,accepted_size_and_best_expanded_dapi,ACTH/CLIP,4062.0,0.05,157.0,436.0,True,False,23.0
2026-07-10_AGUA-M_Water,2026-07-10_AGUA-M_Water,ACTH_CLIP,29,64,0,0,0.0,False,below_acquisition_dapi_area_p05_likely_noncell,ACTH/CLIP,4062.0,0.05,157.0,436.0,False,True,23.0
2026-07-10_AGUA-M_Water,2026-07-10_AGUA-M_Water,ACTH_CLIP,30,47,0,0,0.0,False,below_acquisition_dapi_area_p05_likely_noncell,ACTH/CLIP,4062.0,0.05,157.0,436.0,False,True,23.0
2026-07-10_AGUA-M_Water,2026-07-10_AGUA-M_Water,ACTH_CLIP,31,43,0,0,0.0,False,below_acquisition_dapi_area_p05_likely_noncell,ACTH/CLIP,4062.0,0.05,157.0,436.0,False,True,23.0
2026-07-10_AGUA-M_Water,2026-07-10_AGUA-M_Water,ACTH_CLIP,32,61,0,0,0.0,False,below_acquisition_dapi_area_p05_likely_noncell,ACTH/CLIP,4062.0,0.05,157.0,436.0,False,True,23.0
2026-07-10_AGUA-M_Water,2026-07-10_AGUA-M_Water,ACTH_CLIP,33,87,0,0,0.0,False,below_acquisition_dapi_area_p05_likely_noncell,ACTH/CLIP,4062.0,0.05,157.0,436.0,False,True,23.0
2026-07-10_AGUA-M_Water,2026-07-10_AGUA-M_Water,ACTH_CLIP,34,92,0,0,0.0,False,below_acquisition_dapi_area_p05_likely_noncell,ACTH/CLIP,4062.0,0.05,157.0,436.0,False,True,23.0
2026-07-10_AGUA-M_Water,2026-07-10_AGUA-M_Water,ACTH_CLIP,35,214,2780,214,1.0,True,accepted_size_and_best_expanded_dapi,ACTH/CLIP,4062.0,0.05,157.0,436.0,True,False,23.0
2026-07-10_AGUA-M_Water,2026-07-10_AGUA-M_Water,ACTH_CLIP,36,734,2850,734,1.0,True,accepted_size_and_best_expanded_dapi,ACTH/CLIP,4062.0,0.05,157.0,436.0,True,False,23.0
2026-07-10_AGUA-M_Water,2026-07-10_AGUA-M_Water,ACTH_CLIP,37,317,2974,242,0.7634069400630915,True,accepted_size_and_best_expanded_dapi,ACTH/CLIP,4062.0,0.05,157.0,436.0,True,False,23.0
2026-07-10_AGUA-M_Water,2026-07-10_AGUA-M_Water,ACTH_CLIP,38,229,3060,229,1.0,True,accepted_size_and_best_expanded_dapi,ACTH/CLIP,4062.0,0.05,157.0,436.0,True,False,23.0
2026-07-10_AGUA-M_Water,2026-07-10_AGUA-M_Water,ACTH_CLIP,39,810,3136,672,0.8296296296296296,True,accepted_size_and_best_expanded_dapi,ACTH/CLIP,4062.0,0.05,157.0,436.0,True,False,23.0
2026-07-10_AGUA-M_Water,2026-07-10_AGUA-M_Water,ACTH_CLIP,40,2305,3149,1252,0.5431670281995662,True,accepted_size_and_best_expanded_dapi,ACTH/CLIP,4062.0,0.05,157.0,436.0,True,False,23.0
2026-07-10_AGUA-M_Water,2026-07-10_AGUA-M_Water,ACTH_CLIP,41,1013,3173,982,0.9693978282329714,True,accepted_size_and_best_expanded_dapi,ACTH/CLIP,4062.0,0.05,157.0,436.0,True,False,23.0
2026-07-10_AGUA-M_Water,2026-07-10_AGUA-M_Water,ACTH_CLIP,42,1605,3213,1397,0.870404984423676,True,accepted_size_and_best_expanded_dapi,ACTH/CLIP,4062.0,0.05,157.0,436.0,True,False,23.0
2026-07-10_AGUA-M_Water,2026-07-10_AGUA-M_Water,ACTH_CLIP,43,888,3337,664,0.7477477477477478,True,accepted_size_and_best_expanded_dapi,ACTH/CLIP,4062.0,0.05,157.0,436.0,True,False,23.0
2026-07-10_AGUA-M_Water,2026-07-10_AGUA-M_Water,ACTH_CLIP,44,2302,3307,1773,0.7701998262380538,True,accepted_size_and_best_expanded_dapi,ACTH/CLIP,4062.0,0.05,157.0,436.0,True,False,23.0
2026-07-10_AGUA-M_Water,2026-07-10_AGUA-M_Water,ACTH_CLIP,45,1613,3316,1149,0.7123372597644141,True,accepted_size_and_best_expanded_dapi,ACTH/CLIP,4062.0,0.05,157.0,436.0,True,False,23.0
2026-07-10_AGUA-M_Water,2026-07-10_AGUA-M_Water,ACTH_CLIP,46,79,0,0,0.0,False,below_acquisition_dapi_area_p05_likely_noncell,ACTH/CLIP,4062.0,0.05,157.0,436.0,False,True,23.0
2026-07-10_AGUA-M_Water,2026-07-10_AGUA-M_Water,ACTH_CLIP,47,60,0,0,0.0,False,below_acquisition_dapi_area_p05_likely_noncell,ACTH/CLIP,4062.0,0.05,157.0,436.0,False,True,23.0
2026-07-10_AGUA-M_Water,2026-07-10_AGUA-M_Water,ACTH_CLIP,48,618,3411,332,0.5372168284789643,True,accepted_size_and_best_expanded_dapi,ACTH/CLIP,4062.0,0.05,157.0,436.0,True,False,23.0
2026-07-10_AGUA-M_Water,2026-07-10_AGUA-M_Water,ACTH_CLIP,49,761,3420,652,0.8567674113009198,True,accepted_size_and_best_expanded_dapi,ACTH/CLIP,4062.0,0.05,157.0,436.0,True,False,23.0
2026-07-10_AGUA-M_Water,2026-07-10_AGUA-M_Water,ACTH_CLIP,50,71,0,0,0.0,False,below_acquisition_dapi_area_p05_likely_noncell,ACTH/CLIP,4062.0,0.05,157.0,436.0,False,True,23.0
2026-07-10_AGUA-M_Water,2026-07-10_AGUA-M_Water,ACTH_CLIP,51,116,0,0,0.0,False,below_acquisition_dapi_area_p05_likely_noncell,ACTH/CLIP,4062.0,0.05,157.0,436.0,False,True,23.0
2026-07-10_AGUA-M_Water,2026-07-10_AGUA-M_Water,ACTH_CLIP,52,100,0,0,0.0,False,below_acquisition_dapi_area_p05_likely_noncell,ACTH/CLIP,4062.0,0.05,157.0,436.0,False,True,23.0
2026-07-10_AGUA-M_Water,2026-07-10_AGUA-M_Water,ACTH_CLIP,53,90,0,0,0.0,False,below_acquisition_dapi_area_p05_likely_noncell,ACTH/CLIP,4062.0,0.05,157.0,436.0,False,True,23.0
2026-07-10_AGUA-M_Water,2026-07-10_AGUA-M_Water,ACTH_CLIP,54,958,3612,759,0.7922755741127349,True,accepted_size_and_best_expanded_dapi,ACTH/CLIP,4062.0,0.05,157.0,436.0,True,False,23.0
2026-07-10_AGUA-M_Water,2026-07-10_AGUA-M_Water,ACTH_CLIP,55,1149,3610,876,0.762402088772846,True,accepted_size_and_best_expanded_dapi,ACTH/CLIP,4062.0,0.05,157.0,436.0,True,False,23.0
2026-07-10_AGUA-M_Water,2026-07-10_AGUA-M_Water,ACTH_CLIP,56,49,0,0,0.0,False,below_acquisition_dapi_area_p05_likely_noncell,ACTH/CLIP,4062.0,0.05,157.0,436.0,False,True,23.0
2026-07-10_AGUA-M_Water,2026-07-10_AGUA-M_Water,ACTH_CLIP,57,52,0,0,0.0,False,below_acquisition_dapi_area_p05_likely_noncell,ACTH/CLIP,4062.0,0.05,157.0,436.0,False,True,23.0
2026-07-10_AGUA-M_Water,2026-07-10_AGUA-M_Water,ACTH_CLIP,58,82,0,0,0.0,False,below_acquisition_dapi_area_p05_likely_noncell,ACTH/CLIP,4062.0,0.05,157.0,436.0,False,True,23.0
2026-07-10_AGUA-M_Water,2026-07-10_AGUA-M_Water,ACTH_CLIP,59,18,0,0,0.0,False,below_acquisition_dapi_area_p05_likely_noncell,ACTH/CLIP,4062.0,0.05,157.0,436.0,False,True,23.0
2026-07-10_AGUA-M_Water,2026-07-10_AGUA-M_Water,ACTH_CLIP,60,58,0,0,0.0,False,below_acquisition_dapi_area_p05_likely_noncell,ACTH/CLIP,4062.0,0.05,157.0,436.0,False,True,23.0
2026-07-10_AGUA-M_Water,2026-07-10_AGUA-M_Water,ACTH_CLIP,61,126,0,0,0.0,False,below_acquisition_dapi_area_p05_likely_noncell,ACTH/CLIP,4062.0,0.05,157.0,436.0,False,True,23.0
2026-07-10_AGUA-M_Water,2026-07-10_AGUA-M_Water,ACTH_CLIP,62,39,0,0,0.0,False,below_acquisition_dapi_area_p05_likely_noncell,ACTH/CLIP,4062.0,0.05,157.0,436.0,False,True,23.0
2026-07-10_AGUA-M_Water,2026-07-10_AGUA-M_Water,ACTH_CLIP,63,100,0,0,0.0,False,below_acquisition_dapi_area_p05_likely_noncell,ACTH/CLIP,4062.0,0.05,157.0,436.0,False,True,23.0
2026-07-10_AGUA-M_Water,2026-07-10_AGUA-M_Water,ACTH_CLIP,64,62,0,0,0.0,False,below_acquisition_dapi_area_p05_likely_noncell,ACTH/CLIP,4062.0,0.05,157.0,436.0,False,True,23.0
2026-07-10_AGUA-M_Water,2026-07-10_AGUA-M_Water,ACTH_CLIP,65,95,0,0,0.0,False,below_acquisition_dapi_area_p05_likely_noncell,ACTH/CLIP,4062.0,0.05,157.0,436.0,False,True,23.0
2026-07-10_AGUA-M_Water,2026-07-10_AGUA-M_Water,ACTH_CLIP,66,40,0,0,0.0,False,below_acquisition_dapi_area_p05_likely_noncell,ACTH/CLIP,4062.0,0.05,157.0,436.0,False,True,23.0
2026-07-10_AGUA-M_Water,2026-07-10_AGUA-M_Water,ACTH_CLIP,67,54,0,0,0.0,False,below_acquisition_dapi_area_p05_likely_noncell,ACTH/CLIP,4062.0,0.05,157.0,436.0,False,True,23.0
2026-07-10_AGUA-M_Water,2026-07-10_AGUA-M_Water,ACTH_CLIP,68,98,0,0,0.0,False,below_acquisition_dapi_area_p05_likely_noncell,ACTH/CLIP,4062.0,0.05,157.0,436.0,False,True,23.0
2026-07-10_AGUA-M_Water,2026-07-10_AGUA-M_Water,ACTH_CLIP,69,54,0,0,0.0,False,below_acquisition_dapi_area_p05_likely_noncell,ACTH/CLIP,4062.0,0.05,157.0,436.0,False,True,23.0
2026-07-10_AGUA-M_Water,2026-07-10_AGUA-M_Water,ACTH_CLIP,70,25,0,0,0.0,False,below_acquisition_dapi_area_p05_likely_noncell,ACTH/CLIP,4062.0,0.05,157.0,436.0,False,True,23.0
2026-07-10_FR5-5_Water,2026-07-10_FR5-5_Water,cFOS,1,591,0,0,0.0,False,overlap_below_threshold,,,,,,,,
2026-07-10_FR5-5_Water,2026-07-10_FR5-5_Water,cFOS,2,125,22,102,0.816,True,accepted_strict_direct_overlap,,,,,,,,
2026-07-10_FR5-5_Water,2026-07-10_FR5-5_Water,cFOS,3,502,46,461,0.9183266932270916,True,accepted_strict_direct_overlap,,,,,,,,
2026-07-10_FR5-5_Water,2026-07-10_FR5-5_Water,cFOS,4,113,0,0,0.0,False,overlap_below_threshold,,,,,,,,
2026-07-10_FR5-5_Water,2026-07-10_FR5-5_Water,cFOS,5,332,59,329,0.9909638554216867,True,accepted_strict_direct_overlap,,,,,,,,
2026-07-10_FR5-5_Water,2026-07-10_FR5-5_Water,cFOS,6,683,71,650,0.9516837481698389,True,accepted_strict_direct_overlap,,,,,,,,
2026-07-10_FR5-5_Water,2026-07-10_FR5-5_Water,cFOS,7,613,90,326,0.531810766721044,True,accepted_strict_direct_overlap,,,,,,,,
2026-07-10_FR5-5_Water,2026-07-10_FR5-5_Water,cFOS,8,511,95,511,1.0,True,accepted_strict_direct_overlap,,,,,,,,
2026-07-10_FR5-5_Water,2026-07-10_FR5-5_Water,cFOS,9,588,0,116,0.19727891156462585,False,overlap_below_threshold,,,,,,,,
2026-07-10_FR5-5_Water,2026-07-10_FR5-5_Water,cFOS,10,527,132,523,0.9924098671726755,True,accepted_strict_direct_overlap,,,,,,,,
2026-07-10_FR5-5_Water,2026-07-10_FR5-5_Water,cFOS,11,298,133,298,1.0,True,accepted_strict_direct_overlap,,,,,,,,
2026-07-10_FR5-5_Water,2026-07-10_FR5-5_Water,cFOS,12,617,143,534,0.8654781199351702,True,accepted_strict_direct_overlap,,,,,,,,
2026-07-10_FR5-5_Water,2026-07-10_FR5-5_Water,cFOS,13,550,152,506,0.92,True,accepted_strict_direct_overlap,,,,,,,,
2026-07-10_FR5-5_Water,2026-07-10_FR5-5_Water,cFOS,14,201,0,0,0.0,False,overlap_below_threshold,,,,,,,,
2026-07-10_FR5-5_Water,2026-07-10_FR5-5_Water,cFOS,15,813,244,732,0.9003690036900369,True,accepted_strict_direct_overlap,,,,,,,,
2026-07-10_FR5-5_Water,2026-07-10_FR5-5_Water,cFOS,16,639,258,565,0.8841940532081377,True,accepted_strict_direct_overlap,,,,,,,,
2026-07-10_FR5-5_Water,2026-07-10_FR5-5_Water,cFOS,17,428,262,394,0.9205607476635514,True,accepted_strict_direct_overlap,,,,,,,,
2026-07-10_FR5-5_Water,2026-07-10_FR5-5_Water,cFOS,18,493,341,439,0.8904665314401623,True,accepted_strict_direct_overlap,,,,,,,,
2026-07-10_FR5-5_Water,2026-07-10_FR5-5_Water,cFOS,19,401,352,238,0.5935162094763092,True,accepted_strict_direct_overlap,,,,,,,,
2026-07-10_FR5-5_Water,2026-07-10_FR5-5_Water,cFOS,20,576,355,517,0.8975694444444444,True,accepted_strict_direct_overlap,,,,,,,,
2026-07-10_FR5-5_Water,2026-07-10_FR5-5_Water,cFOS,21,286,368,255,0.8916083916083916,True,accepted_strict_direct_overlap,,,,,,,,
2026-07-10_FR5-5_Water,2026-07-10_FR5-5_Water,cFOS,22,735,376,530,0.7210884353741497,True,accepted_strict_direct_overlap,,,,,,,,
2026-07-10_FR5-5_Water,2026-07-10_FR5-5_Water,cFOS,23,571,382,523,0.9159369527145359,True,accepted_strict_direct_overlap,,,,,,,,
2026-07-10_FR5-5_Water,2026-07-10_FR5-5_Water,cFOS,24,862,404,664,0.7703016241299304,True,accepted_strict_direct_overlap,,,,,,,,
2026-07-10_FR5-5_Water,2026-07-10_FR5-5_Water,cFOS,25,676,408,668,0.9881656804733728,True,accepted_strict_direct_overlap,,,,,,,,
2026-07-10_FR5-5_Water,2026-07-10_FR5-5_Water,cFOS,26,202,417,184,0.9108910891089109,True,accepted_strict_direct_overlap,,,,,,,,
2026-07-10_FR5-5_Water,2026-07-10_FR5-5_Water,cFOS,27,316,421,316,1.0,True,accepted_strict_direct_overlap,,,,,,,,
2026-07-10_FR5-5_Water,2026-07-10_FR5-5_Water,cFOS,28,302,443,296,0.9801324503311258,True,accepted_strict_direct_overlap,,,,,,,,
2026-07-10_FR5-5_Water,2026-07-10_FR5-5_Water,cFOS,29,574,473,422,0.735191637630662,True,accepted_strict_direct_overlap,,,,,,,,
2026-07-10_FR5-5_Water,2026-07-10_FR5-5_Water,cFOS,30,1110,480,712,0.6414414414414414,True,accepted_strict_direct_overlap,,,,,,,,
2026-07-10_FR5-5_Water,2026-07-10_FR5-5_Water,cFOS,31,451,482,364,0.8070953436807096,True,accepted_strict_direct_overlap,,,,,,,,
2026-07-10_FR5-5_Water,2026-07-10_FR5-5_Water,cFOS,32,837,497,414,0.4946236559139785,True,accepted_strict_direct_overlap,,,,,,,,
2026-07-10_FR5-5_Water,2026-07-10_FR5-5_Water,cFOS,33,1288,517,925,0.718167701863354,True,accepted_strict_direct_overlap,,,,,,,,
2026-07-10_FR5-5_Water,2026-07-10_FR5-5_Water,cFOS,34,678,525,595,0.8775811209439528,True,accepted_strict_direct_overlap,,,,,,,,
2026-07-10_FR5-5_Water,2026-07-10_FR5-5_Water,cFOS,35,661,538,554,0.8381240544629349,True,accepted_strict_direct_overlap,,,,,,,,
2026-07-10_FR5-5_Water,2026-07-10_FR5-5_Water,cFOS,36,898,545,736,0.8195991091314031,True,accepted_strict_direct_overlap,,,,,,,,
2026-07-10_FR5-5_Water,2026-07-10_FR5-5_Water,cFOS,37,1353,0,288,0.21286031042128603,False,overlap_below_threshold,,,,,,,,
2026-07-10_FR5-5_Water,2026-07-10_FR5-5_Water,cFOS,38,616,577,556,0.9025974025974026,True,accepted_strict_direct_overlap,,,,,,,,
2026-07-10_FR5-5_Water,2026-07-10_FR5-5_Water,cFOS,39,551,619,413,0.7495462794918331,True,accepted_strict_direct_overlap,,,,,,,,
2026-07-10_FR5-5_Water,2026-07-10_FR5-5_Water,cFOS,40,1540,0,242,0.15714285714285714,False,overlap_below_threshold,,,,,,,,
2026-07-10_FR5-5_Water,2026-07-10_FR5-5_Water,cFOS,41,572,679,478,0.8356643356643356,True,accepted_strict_direct_overlap,,,,,,,,
2026-07-10_FR5-5_Water,2026-07-10_FR5-5_Water,cFOS,42,347,692,335,0.9654178674351584,True,accepted_strict_direct_overlap,,,,,,,,
2026-07-10_FR5-5_Water,2026-07-10_FR5-5_Water,cFOS,43,423,699,404,0.9550827423167849,True,accepted_strict_direct_overlap,,,,,,,,
2026-07-10_FR5-5_Water,2026-07-10_FR5-5_Water,cFOS,44,1026,726,424,0.41325536062378165,True,accepted_strict_direct_overlap,,,,,,,,
2026-07-10_FR5-5_Water,2026-07-10_FR5-5_Water,cFOS,45,544,721,513,0.9430147058823529,True,accepted_strict_direct_overlap,,,,,,,,
2026-07-10_FR5-5_Water,2026-07-10_FR5-5_Water,cFOS,46,426,723,351,0.823943661971831,True,accepted_strict_direct_overlap,,,,,,,,
2026-07-10_FR5-5_Water,2026-07-10_FR5-5_Water,cFOS,47,553,738,489,0.8842676311030742,True,accepted_strict_direct_overlap,,,,,,,,
2026-07-10_FR5-5_Water,2026-07-10_FR5-5_Water,cFOS,48,924,745,796,0.8614718614718615,True,accepted_strict_direct_overlap,,,,,,,,
2026-07-10_FR5-5_Water,2026-07-10_FR5-5_Water,cFOS,49,490,0,0,0.0,False,overlap_below_threshold,,,,,,,,
2026-07-10_FR5-5_Water,2026-07-10_FR5-5_Water,cFOS,50,392,744,367,0.9362244897959183,True,accepted_strict_direct_overlap,,,,,,,,
2026-07-10_FR5-5_Water,2026-07-10_FR5-5_Water,cFOS,51,390,743,336,0.8615384615384616,True,accepted_strict_direct_overlap,,,,,,,,
2026-07-10_FR5-5_Water,2026-07-10_FR5-5_Water,cFOS,52,341,770,311,0.9120234604105572,True,accepted_strict_direct_overlap,,,,,,,,
2026-07-10_FR5-5_Water,2026-07-10_FR5-5_Water,cFOS,53,424,794,348,0.8207547169811321,True,accepted_strict_direct_overlap,,,,,,,,
2026-07-10_FR5-5_Water,2026-07-10_FR5-5_Water,cFOS,54,591,862,466,0.7884940778341794,True,accepted_strict_direct_overlap,,,,,,,,
2026-07-10_FR5-5_Water,2026-07-10_FR5-5_Water,cFOS,55,431,876,359,0.8329466357308585,True,accepted_strict_direct_overlap,,,,,,,,
2026-07-10_FR5-5_Water,2026-07-10_FR5-5_Water,cFOS,56,982,906,625,0.6364562118126272,True,accepted_strict_direct_overlap,,,,,,,,
2026-07-10_FR5-5_Water,2026-07-10_FR5-5_Water,cFOS,57,289,902,235,0.8131487889273357,True,accepted_strict_direct_overlap,,,,,,,,
2026-07-10_FR5-5_Water,2026-07-10_FR5-5_Water,cFOS,58,649,921,457,0.7041602465331279,True,accepted_strict_direct_overlap,,,,,,,,
2026-07-10_FR5-5_Water,2026-07-10_FR5-5_Water,cFOS,59,194,941,143,0.7371134020618557,True,accepted_strict_direct_overlap,,,,,,,,
2026-07-10_FR5-5_Water,2026-07-10_FR5-5_Water,cFOS,60,889,952,528,0.59392575928009,True,accepted_strict_direct_overlap,,,,,,,,
2026-07-10_FR5-5_Water,2026-07-10_FR5-5_Water,cFOS,61,438,946,417,0.952054794520548,True,accepted_strict_direct_overlap,,,,,,,,
2026-07-10_FR5-5_Water,2026-07-10_FR5-5_Water,cFOS,62,363,980,201,0.5537190082644629,True,accepted_strict_direct_overlap,,,,,,,,
2026-07-10_FR5-5_Water,2026-07-10_FR5-5_Water,cFOS,63,439,978,288,0.6560364464692483,True,accepted_strict_direct_overlap,,,,,,,,
2026-07-10_FR5-5_Water,2026-07-10_FR5-5_Water,cFOS,64,281,999,226,0.8042704626334519,True,accepted_strict_direct_overlap,,,,,,,,
2026-07-10_FR5-5_Water,2026-07-10_FR5-5_Water,cFOS,65,354,1007,203,0.5734463276836158,True,accepted_strict_direct_overlap,,,,,,,,
2026-07-10_FR5-5_Water,2026-07-10_FR5-5_Water,cFOS,66,845,1019,711,0.8414201183431953,True,accepted_strict_direct_overlap,,,,,,,,
2026-07-10_FR5-5_Water,2026-07-10_FR5-5_Water,cFOS,67,779,1045,428,0.5494223363286265,True,accepted_strict_direct_overlap,,,,,,,,
2026-07-10_FR5-5_Water,2026-07-10_FR5-5_Water,cFOS,68,137,1042,136,0.9927007299270073,True,accepted_strict_direct_overlap,,,,,,,,
2026-07-10_FR5-5_Water,2026-07-10_FR5-5_Water,cFOS,69,686,1070,424,0.6180758017492711,True,accepted_strict_direct_overlap,,,,,,,,
2026-07-10_FR5-5_Water,2026-07-10_FR5-5_Water,cFOS,70,942,0,356,0.37791932059447986,False,overlap_below_threshold,,,,,,,,
2026-07-10_FR5-5_Water,2026-07-10_FR5-5_Water,cFOS,71,518,1101,451,0.8706563706563707,True,accepted_strict_direct_overlap,,,,,,,,
2026-07-10_FR5-5_Water,2026-07-10_FR5-5_Water,cFOS,72,487,1106,393,0.8069815195071869,True,accepted_strict_direct_overlap,,,,,,,,
2026-07-10_FR5-5_Water,2026-07-10_FR5-5_Water,cFOS,73,407,1113,378,0.9287469287469288,True,accepted_strict_direct_overlap,,,,,,,,
2026-07-10_FR5-5_Water,2026-07-10_FR5-5_Water,cFOS,74,707,1132,569,0.8048090523338048,True,accepted_strict_direct_overlap,,,,,,,,
2026-07-10_FR5-5_Water,2026-07-10_FR5-5_Water,cFOS,75,746,1136,609,0.8163538873994638,True,accepted_strict_direct_overlap,,,,,,,,
2026-07-10_FR5-5_Water,2026-07-10_FR5-5_Water,cFOS,76,865,1139,490,0.5664739884393064,True,accepted_strict_direct_overlap,,,,,,,,
2026-07-10_FR5-5_Water,2026-07-10_FR5-5_Water,cFOS,77,219,1143,213,0.9726027397260274,True,accepted_strict_direct_overlap,,,,,,,,
2026-07-10_FR5-5_Water,2026-07-10_FR5-5_Water,cFOS,78,804,1164,644,0.8009950248756219,True,accepted_strict_direct_overlap,,,,,,,,
2026-07-10_FR5-5_Water,2026-07-10_FR5-5_Water,cFOS,79,457,1165,388,0.849015317286652,True,accepted_strict_direct_overlap,,,,,,,,
2026-07-10_FR5-5_Water,2026-07-10_FR5-5_Water,cFOS,80,207,1176,178,0.8599033816425121,True,accepted_strict_direct_overlap,,,,,,,,
2026-07-10_FR5-5_Water,2026-07-10_FR5-5_Water,cFOS,81,668,1182,543,0.812874251497006,True,accepted_strict_direct_overlap,,,,,,,,
2026-07-10_FR5-5_Water,2026-07-10_FR5-5_Water,cFOS,82,214,1186,188,0.8785046728971962,True,accepted_strict_direct_overlap,,,,,,,,
2026-07-10_FR5-5_Water,2026-07-10_FR5-5_Water,cFOS,83,359,1192,334,0.9303621169916435,True,accepted_strict_direct_overlap,,,,,,,,
2026-07-10_FR5-5_Water,2026-07-10_FR5-5_Water,cFOS,84,538,1222,499,0.9275092936802974,True,accepted_strict_direct_overlap,,,,,,,,
2026-07-10_FR5-5_Water,2026-07-10_FR5-5_Water,cFOS,85,536,1229,466,0.8694029850746269,True,accepted_strict_direct_overlap,,,,,,,,
2026-07-10_FR5-5_Water,2026-07-10_FR5-5_Water,cFOS,86,382,1239,382,1.0,True,accepted_strict_direct_overlap,,,,,,,,
2026-07-10_FR5-5_Water,2026-07-10_FR5-5_Water,cFOS,87,409,1255,372,0.9095354523227384,True,accepted_strict_direct_overlap,,,,,,,,
2026-07-10_FR5-5_Water,2026-07-10_FR5-5_Water,cFOS,88,430,1257,378,0.8790697674418605,True,accepted_strict_direct_overlap,,,,,,,,
2026-07-10_FR5-5_Water,2026-07-10_FR5-5_Water,cFOS,89,331,1262,322,0.972809667673716,True,accepted_strict_direct_overlap,,,,,,,,
2026-07-10_FR5-5_Water,2026-07-10_FR5-5_Water,cFOS,90,723,1306,616,0.8520055325034578,True,accepted_strict_direct_overlap,,,,,,,,
2026-07-10_FR5-5_Water,2026-07-10_FR5-5_Water,cFOS,91,207,1370,206,0.9951690821256038,True,accepted_strict_direct_overlap,,,,,,,,
2026-07-10_FR5-5_Water,2026-07-10_FR5-5_Water,cFOS,92,871,1392,542,0.6222732491389208,True,accepted_strict_direct_overlap,,,,,,,,
2026-07-10_FR5-5_Water,2026-07-10_FR5-5_Water,cFOS,93,515,1428,392,0.7611650485436893,True,accepted_strict_direct_overlap,,,,,,,,
2026-07-10_FR5-5_Water,2026-07-10_FR5-5_Water,cFOS,94,403,1433,241,0.598014888337469,True,accepted_strict_direct_overlap,,,,,,,,
2026-07-10_FR5-5_Water,2026-07-10_FR5-5_Water,cFOS,95,1051,1449,595,0.566127497621313,True,accepted_strict_direct_overlap,,,,,,,,
2026-07-10_FR5-5_Water,2026-07-10_FR5-5_Water,cFOS,96,761,1463,608,0.7989487516425755,True,accepted_strict_direct_overlap,,,,,,,,
2026-07-10_FR5-5_Water,2026-07-10_FR5-5_Water,cFOS,97,327,1512,315,0.963302752293578,True,accepted_strict_direct_overlap,,,,,,,,
2026-07-10_FR5-5_Water,2026-07-10_FR5-5_Water,cFOS,98,436,1510,411,0.9426605504587156,True,accepted_strict_direct_overlap,,,,,,,,
2026-07-10_FR5-5_Water,2026-07-10_FR5-5_Water,cFOS,99,325,1721,287,0.8830769230769231,True,accepted_strict_direct_overlap,,,,,,,,
2026-07-10_FR5-5_Water,2026-07-10_FR5-5_Water,cFOS,100,440,0,99,0.225,False,overlap_below_threshold,,,,,,,,
2026-07-10_FR5-5_Water,2026-07-10_FR5-5_Water,cFOS,101,826,1796,593,0.7179176755447942,True,accepted_strict_direct_overlap,,,,,,,,
2026-07-10_FR5-5_Water,2026-07-10_FR5-5_Water,cFOS,102,652,0,0,0.0,False,overlap_below_threshold,,,,,,,,
2026-07-10_FR5-5_Water,2026-07-10_FR5-5_Water,cFOS,103,536,1824,505,0.9421641791044776,True,accepted_strict_direct_overlap,,,,,,,,
2026-07-10_FR5-5_Water,2026-07-10_FR5-5_Water,cFOS,104,594,1831,490,0.8249158249158249,True,accepted_strict_direct_overlap,,,,,,,,
2026-07-10_FR5-5_Water,2026-07-10_FR5-5_Water,cFOS,105,464,1827,424,0.9137931034482759,True,accepted_strict_direct_overlap,,,,,,,,
2026-07-10_FR5-5_Water,2026-07-10_FR5-5_Water,cFOS,106,338,1833,251,0.742603550295858,True,accepted_strict_direct_overlap,,,,,,,,
2026-07-10_FR5-5_Water,2026-07-10_FR5-5_Water,cFOS,107,346,1855,304,0.8786127167630058,True,accepted_strict_direct_overlap,,,,,,,,
2026-07-10_FR5-5_Water,2026-07-10_FR5-5_Water,cFOS,108,506,1872,425,0.8399209486166008,True,accepted_strict_direct_overlap,,,,,,,,
2026-07-10_FR5-5_Water,2026-07-10_FR5-5_Water,cFOS,109,396,1883,347,0.8762626262626263,True,accepted_strict_direct_overlap,,,,,,,,
2026-07-10_FR5-5_Water,2026-07-10_FR5-5_Water,cFOS,110,396,1886,319,0.8055555555555556,True,accepted_strict_direct_overlap,,,,,,,,
2026-07-10_FR5-5_Water,2026-07-10_FR5-5_Water,cFOS,111,511,1899,416,0.8140900195694716,True,accepted_strict_direct_overlap,,,,,,,,
2026-07-10_FR5-5_Water,2026-07-10_FR5-5_Water,cFOS,112,200,1900,187,0.935,True,accepted_strict_direct_overlap,,,,,,,,
2026-07-10_FR5-5_Water,2026-07-10_FR5-5_Water,cFOS,113,699,1919,602,0.8612303290414879,True,accepted_strict_direct_overlap,,,,,,,,
2026-07-10_FR5-5_Water,2026-07-10_FR5-5_Water,cFOS,114,327,1923,307,0.9388379204892966,True,accepted_strict_direct_overlap,,,,,,,,
2026-07-10_FR5-5_Water,2026-07-10_FR5-5_Water,cFOS,115,396,1921,393,0.9924242424242424,True,accepted_strict_direct_overlap,,,,,,,,
2026-07-10_FR5-5_Water,2026-07-10_FR5-5_Water,cFOS,116,499,1946,418,0.8376753507014028,True,accepted_strict_direct_overlap,,,,,,,,
2026-07-10_FR5-5_Water,2026-07-10_FR5-5_Water,cFOS,117,328,1945,259,0.7896341463414634,True,accepted_strict_direct_overlap,,,,,,,,
2026-07-10_FR5-5_Water,2026-07-10_FR5-5_Water,cFOS,118,421,1949,360,0.8551068883610451,True,accepted_strict_direct_overlap,,,,,,,,
2026-07-10_FR5-5_Water,2026-07-10_FR5-5_Water,cFOS,119,433,1970,359,0.8290993071593533,True,accepted_strict_direct_overlap,,,,,,,,
2026-07-10_FR5-5_Water,2026-07-10_FR5-5_Water,cFOS,120,731,1972,476,0.6511627906976745,True,accepted_strict_direct_overlap,,,,,,,,
2026-07-10_FR5-5_Water,2026-07-10_FR5-5_Water,cFOS,121,654,1976,531,0.8119266055045872,True,accepted_strict_direct_overlap,,,,,,,,
2026-07-10_FR5-5_Water,2026-07-10_FR5-5_Water,cFOS,122,643,1990,508,0.7900466562986003,True,accepted_strict_direct_overlap,,,,,,,,
2026-07-10_FR5-5_Water,2026-07-10_FR5-5_Water,cFOS,123,487,1989,300,0.6160164271047228,True,accepted_strict_direct_overlap,,,,,,,,
2026-07-10_FR5-5_Water,2026-07-10_FR5-5_Water,cFOS,124,1016,0,341,0.33562992125984253,False,overlap_below_threshold,,,,,,,,
2026-07-10_FR5-5_Water,2026-07-10_FR5-5_Water,cFOS,125,364,1988,334,0.9175824175824175,True,accepted_strict_direct_overlap,,,,,,,,
2026-07-10_FR5-5_Water,2026-07-10_FR5-5_Water,cFOS,126,528,2005,401,0.759469696969697,True,accepted_strict_direct_overlap,,,,,,,,
2026-07-10_FR5-5_Water,2026-07-10_FR5-5_Water,cFOS,127,281,2017,205,0.7295373665480427,True,accepted_strict_direct_overlap,,,,,,,,
2026-07-10_FR5-5_Water,2026-07-10_FR5-5_Water,cFOS,128,448,2018,336,0.75,True,accepted_strict_direct_overlap,,,,,,,,
2026-07-10_FR5-5_Water,2026-07-10_FR5-5_Water,cFOS,129,376,2016,244,0.648936170212766,True,accepted_strict_direct_overlap,,,,,,,,
2026-07-10_FR5-5_Water,2026-07-10_FR5-5_Water,cFOS,130,240,2036,145,0.6041666666666666,True,accepted_strict_direct_overlap,,,,,,,,
2026-07-10_FR5-5_Water,2026-07-10_FR5-5_Water,cFOS,131,476,2044,412,0.865546218487395,True,accepted_strict_direct_overlap,,,,,,,,
2026-07-10_FR5-5_Water,2026-07-10_FR5-5_Water,cFOS,132,618,2050,530,0.8576051779935275,True,accepted_strict_direct_overlap,,,,,,,,
2026-07-10_FR5-5_Water,2026-07-10_FR5-5_Water,cFOS,133,572,2060,403,0.7045454545454546,True,accepted_strict_direct_overlap,,,,,,,,
2026-07-10_FR5-5_Water,2026-07-10_FR5-5_Water,cFOS,134,484,2053,339,0.7004132231404959,True,accepted_strict_direct_overlap,,,,,,,,
2026-07-10_FR5-5_Water,2026-07-10_FR5-5_Water,cFOS,135,411,2063,405,0.9854014598540146,True,accepted_strict_direct_overlap,,,,,,,,
2026-07-10_FR5-5_Water,2026-07-10_FR5-5_Water,cFOS,136,293,2068,268,0.9146757679180887,True,accepted_strict_direct_overlap,,,,,,,,
2026-07-10_FR5-5_Water,2026-07-10_FR5-5_Water,cFOS,137,513,2069,487,0.949317738791423,True,accepted_strict_direct_overlap,,,,,,,,
2026-07-10_FR5-5_Water,2026-07-10_FR5-5_Water,cFOS,138,595,2072,559,0.9394957983193277,True,accepted_strict_direct_overlap,,,,,,,,
2026-07-10_FR5-5_Water,2026-07-10_FR5-5_Water,cFOS,139,414,2079,369,0.8913043478260869,True,accepted_strict_direct_overlap,,,,,,,,
2026-07-10_FR5-5_Water,2026-07-10_FR5-5_Water,cFOS,140,457,2100,374,0.8183807439824945,True,accepted_strict_direct_overlap,,,,,,,,
2026-07-10_FR5-5_Water,2026-07-10_FR5-5_Water,cFOS,141,110,2106,109,0.990909090909091,True,accepted_strict_direct_overlap,,,,,,,,
2026-07-10_FR5-5_Water,2026-07-10_FR5-5_Water,cFOS,142,443,2130,337,0.7607223476297968,True,accepted_strict_direct_overlap,,,,,,,,
2026-07-10_FR5-5_Water,2026-07-10_FR5-5_Water,cFOS,143,542,2143,454,0.8376383763837638,True,accepted_strict_direct_overlap,,,,,,,,
2026-07-10_FR5-5_Water,2026-07-10_FR5-5_Water,cFOS,144,687,2161,537,0.7816593886462883,True,accepted_strict_direct_overlap,,,,,,,,
2026-07-10_FR5-5_Water,2026-07-10_FR5-5_Water,cFOS,145,426,2158,349,0.8192488262910798,True,accepted_strict_direct_overlap,,,,,,,,
2026-07-10_FR5-5_Water,2026-07-10_FR5-5_Water,cFOS,146,825,2182,621,0.7527272727272727,True,accepted_strict_direct_overlap,,,,,,,,
2026-07-10_FR5-5_Water,2026-07-10_FR5-5_Water,cFOS,147,783,2188,524,0.669220945083014,True,accepted_strict_direct_overlap,,,,,,,,
2026-07-10_FR5-5_Water,2026-07-10_FR5-5_Water,cFOS,148,548,2202,533,0.9726277372262774,True,accepted_strict_direct_overlap,,,,,,,,
2026-07-10_FR5-5_Water,2026-07-10_FR5-5_Water,cFOS,149,554,2207,552,0.9963898916967509,True,accepted_strict_direct_overlap,,,,,,,,
2026-07-10_FR5-5_Water,2026-07-10_FR5-5_Water,cFOS,150,898,2213,575,0.6403118040089086,True,accepted_strict_direct_overlap,,,,,,,,
2026-07-10_FR5-5_Water,2026-07-10_FR5-5_Water,cFOS,151,884,2220,653,0.7386877828054299,True,accepted_strict_direct_overlap,,,,,,,,
2026-07-10_FR5-5_Water,2026-07-10_FR5-5_Water,cFOS,152,751,2221,466,0.6205059920106525,True,accepted_strict_direct_overlap,,,,,,,,
2026-07-10_FR5-5_Water,2026-07-10_FR5-5_Water,cFOS,153,1114,2238,696,0.6247755834829444,True,accepted_strict_direct_overlap,,,,,,,,
2026-07-10_FR5-5_Water,2026-07-10_FR5-5_Water,cFOS,154,1143,2251,824,0.7209098862642169,True,accepted_strict_direct_overlap,,,,,,,,
2026-07-10_FR5-5_Water,2026-07-10_FR5-5_Water,cFOS,155,665,0,262,0.39398496240601505,False,overlap_below_threshold,,,,,,,,
2026-07-10_FR5-5_Water,2026-07-10_FR5-5_Water,cFOS,156,315,2265,226,0.7174603174603175,True,accepted_strict_direct_overlap,,,,,,,,
2026-07-10_FR5-5_Water,2026-07-10_FR5-5_Water,cFOS,157,638,2305,567,0.8887147335423198,True,accepted_strict_direct_overlap,,,,,,,,
2026-07-10_FR5-5_Water,2026-07-10_FR5-5_Water,cFOS,158,581,2320,424,0.729776247848537,True,accepted_strict_direct_overlap,,,,,,,,
2026-07-10_FR5-5_Water,2026-07-10_FR5-5_Water,cFOS,159,443,2372,320,0.7223476297968398,True,accepted_strict_direct_overlap,,,,,,,,
2026-07-10_FR5-5_Water,2026-07-10_FR5-5_Water,cFOS,160,580,2377,551,0.95,True,accepted_strict_direct_overlap,,,,,,,,
2026-07-10_FR5-5_Water,2026-07-10_FR5-5_Water,cFOS,161,562,2380,461,0.8202846975088968,True,accepted_strict_direct_overlap,,,,,,,,
2026-07-10_FR5-5_Water,2026-07-10_FR5-5_Water,cFOS,162,715,2383,598,0.8363636363636363,True,accepted_strict_direct_overlap,,,,,,,,
2026-07-10_FR5-5_Water,2026-07-10_FR5-5_Water,cFOS,163,678,2392,581,0.8569321533923304,True,accepted_strict_direct_overlap,,,,,,,,
2026-07-10_FR5-5_Water,2026-07-10_FR5-5_Water,cFOS,164,477,2397,410,0.859538784067086,True,accepted_strict_direct_overlap,,,,,,,,
2026-07-10_FR5-5_Water,2026-07-10_FR5-5_Water,cFOS,165,543,2402,496,0.9134438305709024,True,accepted_strict_direct_overlap,,,,,,,,
2026-07-10_FR5-5_Water,2026-07-10_FR5-5_Water,cFOS,166,639,2404,622,0.97339593114241,True,accepted_strict_direct_overlap,,,,,,,,
2026-07-10_FR5-5_Water,2026-07-10_FR5-5_Water,cFOS,167,256,2416,256,1.0,True,accepted_strict_direct_overlap,,,,,,,,
2026-07-10_FR5-5_Water,2026-07-10_FR5-5_Water,cFOS,168,484,2436,404,0.8347107438016529,True,accepted_strict_direct_overlap,,,,,,,,
2026-07-10_FR5-5_Water,2026-07-10_FR5-5_Water,cFOS,169,418,2448,309,0.7392344497607656,True,accepted_strict_direct_overlap,,,,,,,,
2026-07-10_FR5-5_Water,2026-07-10_FR5-5_Water,cFOS,170,199,2498,190,0.9547738693467337,True,accepted_strict_direct_overlap,,,,,,,,
2026-07-10_FR5-5_Water,2026-07-10_FR5-5_Water,cFOS,171,697,2504,522,0.7489239598278336,True,accepted_strict_direct_overlap,,,,,,,,
2026-07-10_FR5-5_Water,2026-07-10_FR5-5_Water,cFOS,172,276,2541,252,0.9130434782608695,True,accepted_strict_direct_overlap,,,,,,,,
2026-07-10_FR5-5_Water,2026-07-10_FR5-5_Water,cFOS,173,672,2551,596,0.8869047619047619,True,accepted_strict_direct_overlap,,,,,,,,
2026-07-10_FR5-5_Water,2026-07-10_FR5-5_Water,cFOS,174,514,0,0,0.0,False,overlap_below_threshold,,,,,,,,
2026-07-10_FR5-5_Water,2026-07-10_FR5-5_Water,cFOS,175,784,2604,438,0.5586734693877551,True,accepted_strict_direct_overlap,,,,,,,,
2026-07-10_FR5-5_Water,2026-07-10_FR5-5_Water,cFOS,176,552,2601,438,0.7934782608695652,True,accepted_strict_direct_overlap,,,,,,,,
2026-07-10_FR5-5_Water,2026-07-10_FR5-5_Water,cFOS,177,567,2609,507,0.8941798941798942,True,accepted_strict_direct_overlap,,,,,,,,
2026-07-10_FR5-5_Water,2026-07-10_FR5-5_Water,cFOS,178,753,2607,598,0.7941567065073041,True,accepted_strict_direct_overlap,,,,,,,,
2026-07-10_FR5-5_Water,2026-07-10_FR5-5_Water,cFOS,179,429,2625,410,0.9557109557109557,True,accepted_strict_direct_overlap,,,,,,,,
2026-07-10_FR5-5_Water,2026-07-10_FR5-5_Water,cFOS,180,422,2637,313,0.7417061611374408,True,accepted_strict_direct_overlap,,,,,,,,
2026-07-10_FR5-5_Water,2026-07-10_FR5-5_Water,cFOS,181,590,2642,490,0.8305084745762712,True,accepted_strict_direct_overlap,,,,,,,,
2026-07-10_FR5-5_Water,2026-07-10_FR5-5_Water,cFOS,182,517,0,201,0.38878143133462284,False,overlap_below_threshold,,,,,,,,
2026-07-10_FR5-5_Water,2026-07-10_FR5-5_Water,cFOS,183,429,2678,374,0.8717948717948718,True,accepted_strict_direct_overlap,,,,,,,,
2026-07-10_FR5-5_Water,2026-07-10_FR5-5_Water,cFOS,184,612,2694,503,0.8218954248366013,True,accepted_strict_direct_overlap,,,,,,,,
2026-07-10_FR5-5_Water,2026-07-10_FR5-5_Water,cFOS,185,331,2696,235,0.7099697885196374,True,accepted_strict_direct_overlap,,,,,,,,
2026-07-10_FR5-5_Water,2026-07-10_FR5-5_Water,cFOS,186,279,2813,272,0.974910394265233,True,accepted_strict_direct_overlap,,,,,,,,
2026-07-10_FR5-5_Water,2026-07-10_FR5-5_Water,cFOS,187,855,2834,771,0.9017543859649123,True,accepted_strict_direct_overlap,,,,,,,,
2026-07-10_FR5-5_Water,2026-07-10_FR5-5_Water,cFOS,188,726,2850,672,0.9256198347107438,True,accepted_strict_direct_overlap,,,,,,,,
2026-07-10_FR5-5_Water,2026-07-10_FR5-5_Water,cFOS,189,728,2865,650,0.8928571428571429,True,accepted_strict_direct_overlap,,,,,,,,
2026-07-10_FR5-5_Water,2026-07-10_FR5-5_Water,cFOS,190,462,2879,379,0.8203463203463204,True,accepted_strict_direct_overlap,,,,,,,,
2026-07-10_FR5-5_Water,2026-07-10_FR5-5_Water,cFOS,191,427,2887,395,0.9250585480093677,True,accepted_strict_direct_overlap,,,,,,,,
2026-07-10_FR5-5_Water,2026-07-10_FR5-5_Water,cFOS,192,765,2903,312,0.40784313725490196,True,accepted_strict_direct_overlap,,,,,,,,
2026-07-10_FR5-5_Water,2026-07-10_FR5-5_Water,cFOS,193,513,2909,450,0.8771929824561403,True,accepted_strict_direct_overlap,,,,,,,,
2026-07-10_FR5-5_Water,2026-07-10_FR5-5_Water,cFOS,194,539,2910,523,0.9703153988868275,True,accepted_strict_direct_overlap,,,,,,,,
2026-07-10_FR5-5_Water,2026-07-10_FR5-5_Water,cFOS,195,646,2912,585,0.9055727554179567,True,accepted_strict_direct_overlap,,,,,,,,
2026-07-10_FR5-5_Water,2026-07-10_FR5-5_Water,cFOS,196,523,2936,277,0.5296367112810707,True,accepted_strict_direct_overlap,,,,,,,,
2026-07-10_FR5-5_Water,2026-07-10_FR5-5_Water,cFOS,197,549,2944,484,0.8816029143897997,True,accepted_strict_direct_overlap,,,,,,,,
2026-07-10_FR5-5_Water,2026-07-10_FR5-5_Water,cFOS,198,1048,0,373,0.35591603053435117,False,overlap_below_threshold,,,,,,,,
2026-07-10_FR5-5_Water,2026-07-10_FR5-5_Water,cFOS,199,721,2978,660,0.9153952843273232,True,accepted_strict_direct_overlap,,,,,,,,
2026-07-10_FR5-5_Water,2026-07-10_FR5-5_Water,cFOS,200,477,2997,424,0.8888888888888888,True,accepted_strict_direct_overlap,,,,,,,,
2026-07-10_FR5-5_Water,2026-07-10_FR5-5_Water,cFOS,201,479,2993,473,0.9874739039665971,True,accepted_strict_direct_overlap,,,,,,,,
2026-07-10_FR5-5_Water,2026-07-10_FR5-5_Water,cFOS,202,787,3012,724,0.9199491740787802,True,accepted_strict_direct_overlap,,,,,,,,
2026-07-10_FR5-5_Water,2026-07-10_FR5-5_Water,cFOS,203,542,3015,542,1.0,True,accepted_strict_direct_overlap,,,,,,,,
2026-07-10_FR5-5_Water,2026-07-10_FR5-5_Water,cFOS,204,829,3033,595,0.7177322074788902,True,accepted_strict_direct_overlap,,,,,,,,
2026-07-10_FR5-5_Water,2026-07-10_FR5-5_Water,cFOS,205,544,3055,439,0.8069852941176471,True,accepted_strict_direct_overlap,,,,,,,,
2026-07-10_FR5-5_Water,2026-07-10_FR5-5_Water,cFOS,206,810,3063,590,0.7283950617283951,True,accepted_strict_direct_overlap,,,,,,,,
2026-07-10_FR5-5_Water,2026-07-10_FR5-5_Water,cFOS,207,1311,0,466,0.35545385202135776,False,overlap_below_threshold,,,,,,,,
2026-07-10_FR5-5_Water,2026-07-10_FR5-5_Water,cFOS,208,611,3121,590,0.9656301145662848,True,accepted_strict_direct_overlap,,,,,,,,
2026-07-10_FR5-5_Water,2026-07-10_FR5-5_Water,cFOS,209,905,3124,372,0.41104972375690607,True,accepted_strict_direct_overlap,,,,,,,,
2026-07-10_FR5-5_Water,2026-07-10_FR5-5_Water,ACTH_CLIP,1,1318,333,1318,1.0,True,accepted_size_and_best_expanded_dapi,ACTH/CLIP,3138.0,0.05,157.0,454.0,True,False,23.0
2026-07-10_FR5-5_Water,2026-07-10_FR5-5_Water,ACTH_CLIP,2,1494,405,1491,0.9979919678714859,True,accepted_size_and_best_expanded_dapi,ACTH/CLIP,3138.0,0.05,157.0,454.0,True,False,23.0
2026-07-10_FR5-5_Water,2026-07-10_FR5-5_Water,ACTH_CLIP,3,1709,517,1709,1.0,True,accepted_size_and_best_expanded_dapi,ACTH/CLIP,3138.0,0.05,157.0,454.0,True,False,23.0
2026-07-10_FR5-5_Water,2026-07-10_FR5-5_Water,ACTH_CLIP,4,394,552,394,1.0,True,accepted_size_and_best_expanded_dapi,ACTH/CLIP,3138.0,0.05,157.0,454.0,True,False,23.0
2026-07-10_FR5-5_Water,2026-07-10_FR5-5_Water,ACTH_CLIP,5,894,563,894,1.0,True,accepted_size_and_best_expanded_dapi,ACTH/CLIP,3138.0,0.05,157.0,454.0,True,False,23.0
2026-07-10_FR5-5_Water,2026-07-10_FR5-5_Water,ACTH_CLIP,6,1702,578,1599,0.9394829612220916,True,accepted_size_and_best_expanded_dapi,ACTH/CLIP,3138.0,0.05,157.0,454.0,True,False,23.0
2026-07-10_FR5-5_Water,2026-07-10_FR5-5_Water,ACTH_CLIP,7,647,702,493,0.7619783616692427,True,accepted_size_and_best_expanded_dapi,ACTH/CLIP,3138.0,0.05,157.0,454.0,True,False,23.0
2026-07-10_FR5-5_Water,2026-07-10_FR5-5_Water,ACTH_CLIP,8,1032,687,874,0.8468992248062015,True,accepted_size_and_best_expanded_dapi,ACTH/CLIP,3138.0,0.05,157.0,454.0,True,False,23.0
2026-07-10_FR5-5_Water,2026-07-10_FR5-5_Water,ACTH_CLIP,9,1251,899,884,0.706634692246203,True,accepted_size_and_best_expanded_dapi,ACTH/CLIP,3138.0,0.05,157.0,454.0,True,False,23.0
2026-07-10_FR5-5_Water,2026-07-10_FR5-5_Water,ACTH_CLIP,10,579,941,579,1.0,True,accepted_size_and_best_expanded_dapi,ACTH/CLIP,3138.0,0.05,157.0,454.0,True,False,23.0
2026-07-10_FR5-5_Water,2026-07-10_FR5-5_Water,ACTH_CLIP,11,308,973,252,0.8181818181818182,True,accepted_size_and_best_expanded_dapi,ACTH/CLIP,3138.0,0.05,157.0,454.0,True,False,23.0
2026-07-10_FR5-5_Water,2026-07-10_FR5-5_Water,ACTH_CLIP,12,595,978,595,1.0,True,accepted_size_and_best_expanded_dapi,ACTH/CLIP,3138.0,0.05,157.0,454.0,True,False,23.0
2026-07-10_FR5-5_Water,2026-07-10_FR5-5_Water,ACTH_CLIP,13,312,1041,312,1.0,True,accepted_size_and_best_expanded_dapi,ACTH/CLIP,3138.0,0.05,157.0,454.0,True,False,23.0
2026-07-10_FR5-5_Water,2026-07-10_FR5-5_Water,ACTH_CLIP,14,302,1078,146,0.48344370860927155,True,accepted_size_and_best_expanded_dapi,ACTH/CLIP,3138.0,0.05,157.0,454.0,True,False,23.0
2026-07-10_FR5-5_Water,2026-07-10_FR5-5_Water,ACTH_CLIP,15,1077,1079,923,0.8570102135561746,True,accepted_size_and_best_expanded_dapi,ACTH/CLIP,3138.0,0.05,157.0,454.0,True,False,23.0
2026-07-10_FR5-5_Water,2026-07-10_FR5-5_Water,ACTH_CLIP,16,98,0,0,0.0,False,below_acquisition_dapi_area_p05_likely_noncell,ACTH/CLIP,3138.0,0.05,157.0,454.0,False,True,23.0
2026-07-10_FR5-5_Water,2026-07-10_FR5-5_Water,ACTH_CLIP,17,380,1071,295,0.7763157894736842,True,accepted_size_and_best_expanded_dapi,ACTH/CLIP,3138.0,0.05,157.0,454.0,True,False,23.0
2026-07-10_FR5-5_Water,2026-07-10_FR5-5_Water,ACTH_CLIP,18,125,0,0,0.0,False,below_acquisition_dapi_area_p05_likely_noncell,ACTH/CLIP,3138.0,0.05,157.0,454.0,False,True,23.0
2026-07-10_FR5-5_Water,2026-07-10_FR5-5_Water,ACTH_CLIP,19,551,1171,209,0.3793103448275862,True,accepted_size_and_best_expanded_dapi,ACTH/CLIP,3138.0,0.05,157.0,454.0,True,False,23.0
2026-07-10_FR5-5_Water,2026-07-10_FR5-5_Water,ACTH_CLIP,20,238,1281,238,1.0,True,accepted_size_and_best_expanded_dapi,ACTH/CLIP,3138.0,0.05,157.0,454.0,True,False,23.0
2026-07-10_FR5-5_Water,2026-07-10_FR5-5_Water,ACTH_CLIP,21,234,1328,234,1.0,True,accepted_size_and_best_expanded_dapi,ACTH/CLIP,3138.0,0.05,157.0,454.0,True,False,23.0
2026-07-10_FR5-5_Water,2026-07-10_FR5-5_Water,ACTH_CLIP,22,246,1333,246,1.0,True,accepted_size_and_best_expanded_dapi,ACTH/CLIP,3138.0,0.05,157.0,454.0,True,False,23.0
2026-07-10_FR5-5_Water,2026-07-10_FR5-5_Water,ACTH_CLIP,23,546,0,0,0.0,False,insufficient_expanded_dapi_pixels,ACTH/CLIP,3138.0,0.05,157.0,454.0,True,False,23.0
2026-07-10_FR5-5_Water,2026-07-10_FR5-5_Water,ACTH_CLIP,24,108,0,0,0.0,False,below_acquisition_dapi_area_p05_likely_noncell,ACTH/CLIP,3138.0,0.05,157.0,454.0,False,True,23.0
2026-07-10_FR5-5_Water,2026-07-10_FR5-5_Water,ACTH_CLIP,25,115,0,0,0.0,False,below_acquisition_dapi_area_p05_likely_noncell,ACTH/CLIP,3138.0,0.05,157.0,454.0,False,True,23.0
2026-07-10_FR5-5_Water,2026-07-10_FR5-5_Water,ACTH_CLIP,26,142,0,0,0.0,False,below_acquisition_dapi_area_p05_likely_noncell,ACTH/CLIP,3138.0,0.05,157.0,454.0,False,True,23.0
2026-07-10_FR5-5_Water,2026-07-10_FR5-5_Water,ACTH_CLIP,27,50,0,0,0.0,False,below_acquisition_dapi_area_p05_likely_noncell,ACTH/CLIP,3138.0,0.05,157.0,454.0,False,True,23.0
2026-07-10_FR5-5_Water,2026-07-10_FR5-5_Water,ACTH_CLIP,28,41,0,0,0.0,False,below_acquisition_dapi_area_p05_likely_noncell,ACTH/CLIP,3138.0,0.05,157.0,454.0,False,True,23.0
2026-07-10_FR5-5_Water,2026-07-10_FR5-5_Water,ACTH_CLIP,29,1206,1790,1086,0.900497512437811,True,accepted_size_and_best_expanded_dapi,ACTH/CLIP,3138.0,0.05,157.0,454.0,True,False,23.0
2026-07-10_FR5-5_Water,2026-07-10_FR5-5_Water,ACTH_CLIP,30,760,1789,760,1.0,True,accepted_size_and_best_expanded_dapi,ACTH/CLIP,3138.0,0.05,157.0,454.0,True,False,23.0
2026-07-10_FR5-5_Water,2026-07-10_FR5-5_Water,ACTH_CLIP,31,808,1807,618,0.7648514851485149,True,accepted_size_and_best_expanded_dapi,ACTH/CLIP,3138.0,0.05,157.0,454.0,True,False,23.0
2026-07-10_FR5-5_Water,2026-07-10_FR5-5_Water,ACTH_CLIP,32,36,0,0,0.0,False,below_acquisition_dapi_area_p05_likely_noncell,ACTH/CLIP,3138.0,0.05,157.0,454.0,False,True,23.0
2026-07-10_FR5-5_Water,2026-07-10_FR5-5_Water,ACTH_CLIP,33,769,1817,767,0.9973992197659298,True,accepted_size_and_best_expanded_dapi,ACTH/CLIP,3138.0,0.05,157.0,454.0,True,False,23.0
2026-07-10_FR5-5_Water,2026-07-10_FR5-5_Water,ACTH_CLIP,34,129,0,0,0.0,False,below_acquisition_dapi_area_p05_likely_noncell,ACTH/CLIP,3138.0,0.05,157.0,454.0,False,True,23.0
2026-07-10_FR5-5_Water,2026-07-10_FR5-5_Water,ACTH_CLIP,35,22,0,0,0.0,False,below_acquisition_dapi_area_p05_likely_noncell,ACTH/CLIP,3138.0,0.05,157.0,454.0,False,True,23.0
2026-07-10_FR5-5_Water,2026-07-10_FR5-5_Water,ACTH_CLIP,36,445,1860,445,1.0,True,accepted_size_and_best_expanded_dapi,ACTH/CLIP,3138.0,0.05,157.0,454.0,True,False,23.0
2026-07-10_FR5-5_Water,2026-07-10_FR5-5_Water,ACTH_CLIP,37,533,1873,531,0.9962476547842402,True,accepted_size_and_best_expanded_dapi,ACTH/CLIP,3138.0,0.05,157.0,454.0,True,False,23.0
2026-07-10_FR5-5_Water,2026-07-10_FR5-5_Water,ACTH_CLIP,38,94,0,0,0.0,False,below_acquisition_dapi_area_p05_likely_noncell,ACTH/CLIP,3138.0,0.05,157.0,454.0,False,True,23.0
2026-07-10_FR5-5_Water,2026-07-10_FR5-5_Water,ACTH_CLIP,39,283,1895,267,0.9434628975265018,True,accepted_size_and_best_expanded_dapi,ACTH/CLIP,3138.0,0.05,157.0,454.0,True,False,23.0
2026-07-10_FR5-5_Water,2026-07-10_FR5-5_Water,ACTH_CLIP,40,59,0,0,0.0,False,below_acquisition_dapi_area_p05_likely_noncell,ACTH/CLIP,3138.0,0.05,157.0,454.0,False,True,23.0
2026-07-10_FR5-5_Water,2026-07-10_FR5-5_Water,ACTH_CLIP,41,537,1951,499,0.9292364990689013,True,accepted_size_and_best_expanded_dapi,ACTH/CLIP,3138.0,0.05,157.0,454.0,True,False,23.0
2026-07-10_FR5-5_Water,2026-07-10_FR5-5_Water,ACTH_CLIP,42,1278,1972,1278,1.0,True,accepted_size_and_best_expanded_dapi,ACTH/CLIP,3138.0,0.05,157.0,454.0,True,False,23.0
2026-07-10_FR5-5_Water,2026-07-10_FR5-5_Water,ACTH_CLIP,43,103,0,0,0.0,False,below_acquisition_dapi_area_p05_likely_noncell,ACTH/CLIP,3138.0,0.05,157.0,454.0,False,True,23.0
2026-07-10_FR5-5_Water,2026-07-10_FR5-5_Water,ACTH_CLIP,44,131,0,0,0.0,False,below_acquisition_dapi_area_p05_likely_noncell,ACTH/CLIP,3138.0,0.05,157.0,454.0,False,True,23.0
2026-07-10_FR5-5_Water,2026-07-10_FR5-5_Water,ACTH_CLIP,45,1175,1992,877,0.7463829787234042,True,accepted_size_and_best_expanded_dapi,ACTH/CLIP,3138.0,0.05,157.0,454.0,True,False,23.0
2026-07-10_FR5-5_Water,2026-07-10_FR5-5_Water,ACTH_CLIP,46,215,2001,215,1.0,True,accepted_size_and_best_expanded_dapi,ACTH/CLIP,3138.0,0.05,157.0,454.0,True,False,23.0
2026-07-10_FR5-5_Water,2026-07-10_FR5-5_Water,ACTH_CLIP,47,554,2011,550,0.9927797833935018,True,accepted_size_and_best_expanded_dapi,ACTH/CLIP,3138.0,0.05,157.0,454.0,True,False,23.0
2026-07-10_FR5-5_Water,2026-07-10_FR5-5_Water,ACTH_CLIP,48,513,2013,513,1.0,True,accepted_size_and_best_expanded_dapi,ACTH/CLIP,3138.0,0.05,157.0,454.0,True,False,23.0
2026-07-10_FR5-5_Water,2026-07-10_FR5-5_Water,ACTH_CLIP,49,897,2053,640,0.7134894091415831,True,accepted_size_and_best_expanded_dapi,ACTH/CLIP,3138.0,0.05,157.0,454.0,True,False,23.0
2026-07-10_FR5-5_Water,2026-07-10_FR5-5_Water,ACTH_CLIP,50,1087,2069,1087,1.0,True,accepted_size_and_best_expanded_dapi,ACTH/CLIP,3138.0,0.05,157.0,454.0,True,False,23.0
2026-07-10_FR5-5_Water,2026-07-10_FR5-5_Water,ACTH_CLIP,51,1200,2072,1139,0.9491666666666667,True,accepted_size_and_best_expanded_dapi,ACTH/CLIP,3138.0,0.05,157.0,454.0,True,False,23.0
2026-07-10_FR5-5_Water,2026-07-10_FR5-5_Water,ACTH_CLIP,52,566,2077,566,1.0,True,accepted_size_and_best_expanded_dapi,ACTH/CLIP,3138.0,0.05,157.0,454.0,True,False,23.0
2026-07-10_FR5-5_Water,2026-07-10_FR5-5_Water,ACTH_CLIP,53,875,2089,753,0.8605714285714285,True,accepted_size_and_best_expanded_dapi,ACTH/CLIP,3138.0,0.05,157.0,454.0,True,False,23.0
2026-07-10_FR5-5_Water,2026-07-10_FR5-5_Water,ACTH_CLIP,54,317,2110,317,1.0,True,accepted_size_and_best_expanded_dapi,ACTH/CLIP,3138.0,0.05,157.0,454.0,True,False,23.0
2026-07-10_FR5-5_Water,2026-07-10_FR5-5_Water,ACTH_CLIP,55,637,2125,637,1.0,True,accepted_size_and_best_expanded_dapi,ACTH/CLIP,3138.0,0.05,157.0,454.0,True,False,23.0
2026-07-10_FR5-5_Water,2026-07-10_FR5-5_Water,ACTH_CLIP,56,606,2129,606,1.0,True,accepted_size_and_best_expanded_dapi,ACTH/CLIP,3138.0,0.05,157.0,454.0,True,False,23.0
2026-07-10_FR5-5_Water,2026-07-10_FR5-5_Water,ACTH_CLIP,57,162,2128,162,1.0,True,accepted_size_and_best_expanded_dapi,ACTH/CLIP,3138.0,0.05,157.0,454.0,True,False,23.0
2026-07-10_FR5-5_Water,2026-07-10_FR5-5_Water,ACTH_CLIP,58,340,2130,340,1.0,True,accepted_size_and_best_expanded_dapi,ACTH/CLIP,3138.0,0.05,157.0,454.0,True,False,23.0
2026-07-10_FR5-5_Water,2026-07-10_FR5-5_Water,ACTH_CLIP,59,930,2177,928,0.9978494623655914,True,accepted_size_and_best_expanded_dapi,ACTH/CLIP,3138.0,0.05,157.0,454.0,True,False,23.0
2026-07-10_FR5-5_Water,2026-07-10_FR5-5_Water,ACTH_CLIP,60,1085,2221,1085,1.0,True,accepted_size_and_best_expanded_dapi,ACTH/CLIP,3138.0,0.05,157.0,454.0,True,False,23.0
2026-07-10_FR5-5_Water,2026-07-10_FR5-5_Water,ACTH_CLIP,61,579,2231,579,1.0,True,accepted_size_and_best_expanded_dapi,ACTH/CLIP,3138.0,0.05,157.0,454.0,True,False,23.0
2026-07-10_FR5-5_Water,2026-07-10_FR5-5_Water,ACTH_CLIP,62,487,2238,487,1.0,True,accepted_size_and_best_expanded_dapi,ACTH/CLIP,3138.0,0.05,157.0,454.0,True,False,23.0
2026-07-10_FR5-5_Water,2026-07-10_FR5-5_Water,ACTH_CLIP,63,1057,2267,972,0.9195837275307474,True,accepted_size_and_best_expanded_dapi,ACTH/CLIP,3138.0,0.05,157.0,454.0,True,False,23.0
2026-07-10_FR5-5_Water,2026-07-10_FR5-5_Water,ACTH_CLIP,64,770,2302,729,0.9467532467532468,True,accepted_size_and_best_expanded_dapi,ACTH/CLIP,3138.0,0.05,157.0,454.0,True,False,23.0
2026-07-10_FR5-5_Water,2026-07-10_FR5-5_Water,ACTH_CLIP,65,1058,2423,393,0.3714555765595463,True,accepted_size_and_best_expanded_dapi,ACTH/CLIP,3138.0,0.05,157.0,454.0,True,False,23.0
2026-07-10_FR5-5_Water,2026-07-10_FR5-5_Water,ACTH_CLIP,66,573,2397,573,1.0,True,accepted_size_and_best_expanded_dapi,ACTH/CLIP,3138.0,0.05,157.0,454.0,True,False,23.0
2026-07-10_FR5-5_Water,2026-07-10_FR5-5_Water,ACTH_CLIP,67,546,2425,546,1.0,True,accepted_size_and_best_expanded_dapi,ACTH/CLIP,3138.0,0.05,157.0,454.0,True,False,23.0
2026-07-10_FR5-5_Water,2026-07-10_FR5-5_Water,ACTH_CLIP,68,1410,2448,1292,0.9163120567375886,True,accepted_size_and_best_expanded_dapi,ACTH/CLIP,3138.0,0.05,157.0,454.0,True,False,23.0
2026-07-10_FR5-5_Water,2026-07-10_FR5-5_Water,ACTH_CLIP,69,1129,2527,1072,0.9495128432240921,True,accepted_size_and_best_expanded_dapi,ACTH/CLIP,3138.0,0.05,157.0,454.0,True,False,23.0
2026-07-10_FR5-5_Water,2026-07-10_FR5-5_Water,ACTH_CLIP,70,746,2604,746,1.0,True,accepted_size_and_best_expanded_dapi,ACTH/CLIP,3138.0,0.05,157.0,454.0,True,False,23.0
2026-07-10_FR5-5_Water,2026-07-10_FR5-5_Water,ACTH_CLIP,71,423,2606,423,1.0,True,accepted_size_and_best_expanded_dapi,ACTH/CLIP,3138.0,0.05,157.0,454.0,True,False,23.0
2026-07-10_FR5-5_Water,2026-07-10_FR5-5_Water,ACTH_CLIP,72,189,2654,189,1.0,True,accepted_size_and_best_expanded_dapi,ACTH/CLIP,3138.0,0.05,157.0,454.0,True,False,23.0
2026-07-10_FR5-5_Water,2026-07-10_FR5-5_Water,ACTH_CLIP,73,140,0,0,0.0,False,below_acquisition_dapi_area_p05_likely_noncell,ACTH/CLIP,3138.0,0.05,157.0,454.0,False,True,23.0
2026-07-10_FR5-5_Water,2026-07-10_FR5-5_Water,ACTH_CLIP,74,861,2727,861,1.0,True,accepted_size_and_best_expanded_dapi,ACTH/CLIP,3138.0,0.05,157.0,454.0,True,False,23.0
2026-07-10_FR5-5_Water,2026-07-10_FR5-5_Water,ACTH_CLIP,75,30,0,0,0.0,False,below_acquisition_dapi_area_p05_likely_noncell,ACTH/CLIP,3138.0,0.05,157.0,454.0,False,True,23.0
2026-07-10_FR5-5_Water,2026-07-10_FR5-5_Water,ACTH_CLIP,76,1881,2793,552,0.2934609250398724,True,accepted_size_and_best_expanded_dapi,ACTH/CLIP,3138.0,0.05,157.0,454.0,True,False,23.0
2026-07-10_FR5-5_Water,2026-07-10_FR5-5_Water,ACTH_CLIP,77,1408,2903,1396,0.9914772727272727,True,accepted_size_and_best_expanded_dapi,ACTH/CLIP,3138.0,0.05,157.0,454.0,True,False,23.0
2026-07-10_FR5-5_Water,2026-07-10_FR5-5_Water,ACTH_CLIP,78,1183,2904,1183,1.0,True,accepted_size_and_best_expanded_dapi,ACTH/CLIP,3138.0,0.05,157.0,454.0,True,False,23.0
2026-07-10_FR5-5_Water,2026-07-10_FR5-5_Water,ACTH_CLIP,79,1016,2909,1014,0.9980314960629921,True,accepted_size_and_best_expanded_dapi,ACTH/CLIP,3138.0,0.05,157.0,454.0,True,False,23.0
2026-07-10_FR5-5_Water,2026-07-10_FR5-5_Water,ACTH_CLIP,80,2251,2987,2251,1.0,True,accepted_size_and_best_expanded_dapi,ACTH/CLIP,3138.0,0.05,157.0,454.0,True,False,23.0
2026-07-10_FR5-5_Water,2026-07-10_FR5-5_Water,ACTH_CLIP,81,1028,3033,1028,1.0,True,accepted_size_and_best_expanded_dapi,ACTH/CLIP,3138.0,0.05,157.0,454.0,True,False,23.0
2026-07-10_FR5-5_Water,2026-07-10_FR5-5_Water,ACTH_CLIP,82,1016,3062,1016,1.0,True,accepted_size_and_best_expanded_dapi,ACTH/CLIP,3138.0,0.05,157.0,454.0,True,False,23.0
2026-07-10_FR5-5_Water,2026-07-10_FR5-5_Water,ACTH_CLIP,83,624,3088,209,0.3349358974358974,True,accepted_size_and_best_expanded_dapi,ACTH/CLIP,3138.0,0.05,157.0,454.0,True,False,23.0
2026-07-10_NPY-M_Water,2026-07-10_NPY-M_Water,cFOS,1,246,0,53,0.21544715447154472,False,overlap_below_threshold,,,,,,,,
2026-07-10_NPY-M_Water,2026-07-10_NPY-M_Water,cFOS,2,57,0,0,0.0,False,overlap_below_threshold,,,,,,,,
2026-07-10_NPY-M_Water,2026-07-10_NPY-M_Water,cFOS,3,149,0,22,0.1476510067114094,False,overlap_below_threshold,,,,,,,,
2026-07-10_NPY-M_Water,2026-07-10_NPY-M_Water,cFOS,4,206,0,8,0.038834951456310676,False,overlap_below_threshold,,,,,,,,
2026-07-10_NPY-M_Water,2026-07-10_NPY-M_Water,cFOS,5,35,0,0,0.0,False,overlap_below_threshold,,,,,,,,
2026-07-10_NPY-M_Water,2026-07-10_NPY-M_Water,cFOS,6,71,0,0,0.0,False,overlap_below_threshold,,,,,,,,
2026-07-10_NPY-M_Water,2026-07-10_NPY-M_Water,cFOS,7,585,0,0,0.0,False,overlap_below_threshold,,,,,,,,
2026-07-10_NPY-M_Water,2026-07-10_NPY-M_Water,cFOS,8,16,0,0,0.0,False,overlap_below_threshold,,,,,,,,
2026-07-10_NPY-M_Water,2026-07-10_NPY-M_Water,cFOS,9,69,0,0,0.0,False,overlap_below_threshold,,,,,,,,
2026-07-10_NPY-M_Water,2026-07-10_NPY-M_Water,cFOS,10,109,0,0,0.0,False,overlap_below_threshold,,,,,,,,
2026-07-10_NPY-M_Water,2026-07-10_NPY-M_Water,cFOS,11,70,0,0,0.0,False,overlap_below_threshold,,,,,,,,
2026-07-10_NPY-M_Water,2026-07-10_NPY-M_Water,cFOS,12,53,0,0,0.0,False,overlap_below_threshold,,,,,,,,
2026-07-10_NPY-M_Water,2026-07-10_NPY-M_Water,cFOS,13,93,0,0,0.0,False,overlap_below_threshold,,,,,,,,
2026-07-10_NPY-M_Water,2026-07-10_NPY-M_Water,cFOS,14,42,105,29,0.6904761904761905,True,accepted_strict_direct_overlap,,,,,,,,
2026-07-10_NPY-M_Water,2026-07-10_NPY-M_Water,cFOS,15,46,0,0,0.0,False,overlap_below_threshold,,,,,,,,
2026-07-10_NPY-M_Water,2026-07-10_NPY-M_Water,cFOS,16,202,0,0,0.0,False,overlap_below_threshold,,,,,,,,
2026-07-10_NPY-M_Water,2026-07-10_NPY-M_Water,cFOS,17,57,0,0,0.0,False,overlap_below_threshold,,,,,,,,
2026-07-10_NPY-M_Water,2026-07-10_NPY-M_Water,cFOS,18,182,0,0,0.0,False,overlap_below_threshold,,,,,,,,
2026-07-10_NPY-M_Water,2026-07-10_NPY-M_Water,cFOS,19,192,0,0,0.0,False,overlap_below_threshold,,,,,,,,
2026-07-10_NPY-M_Water,2026-07-10_NPY-M_Water,cFOS,20,136,0,11,0.08088235294117647,False,overlap_below_threshold,,,,,,,,
2026-07-10_NPY-M_Water,2026-07-10_NPY-M_Water,cFOS,21,131,0,43,0.3282442748091603,False,overlap_below_threshold,,,,,,,,
2026-07-10_NPY-M_Water,2026-07-10_NPY-M_Water,cFOS,22,51,0,0,0.0,False,overlap_below_threshold,,,,,,,,
2026-07-10_NPY-M_Water,2026-07-10_NPY-M_Water,cFOS,23,67,0,0,0.0,False,overlap_below_threshold,,,,,,,,
2026-07-10_NPY-M_Water,2026-07-10_NPY-M_Water,cFOS,24,63,0,0,0.0,False,overlap_below_threshold,,,,,,,,
2026-07-10_NPY-M_Water,2026-07-10_NPY-M_Water,cFOS,25,1125,0,0,0.0,False,overlap_below_threshold,,,,,,,,
2026-07-10_NPY-M_Water,2026-07-10_NPY-M_Water,cFOS,26,447,0,0,0.0,False,overlap_below_threshold,,,,,,,,
2026-07-10_NPY-M_Water,2026-07-10_NPY-M_Water,cFOS,27,670,0,0,0.0,False,overlap_below_threshold,,,,,,,,
2026-07-10_NPY-M_Water,2026-07-10_NPY-M_Water,cFOS,28,1123,319,466,0.41495992876224397,True,accepted_strict_direct_overlap,,,,,,,,
2026-07-10_NPY-M_Water,2026-07-10_NPY-M_Water,cFOS,29,1760,0,0,0.0,False,overlap_below_threshold,,,,,,,,
2026-07-10_NPY-M_Water,2026-07-10_NPY-M_Water,cFOS,30,699,369,408,0.5836909871244635,True,accepted_strict_direct_overlap,,,,,,,,
2026-07-10_NPY-M_Water,2026-07-10_NPY-M_Water,cFOS,31,877,567,674,0.7685290763968073,True,accepted_strict_direct_overlap,,,,,,,,
2026-07-10_NPY-M_Water,2026-07-10_NPY-M_Water,cFOS,32,215,0,0,0.0,False,overlap_below_threshold,,,,,,,,
2026-07-10_NPY-M_Water,2026-07-10_NPY-M_Water,cFOS,33,913,0,95,0.10405257393209201,False,overlap_below_threshold,,,,,,,,
2026-07-10_NPY-M_Water,2026-07-10_NPY-M_Water,cFOS,34,275,0,39,0.14181818181818182,False,overlap_below_threshold,,,,,,,,
2026-07-10_NPY-M_Water,2026-07-10_NPY-M_Water,cFOS,35,506,0,106,0.20948616600790515,False,overlap_below_threshold,,,,,,,,
2026-07-10_NPY-M_Water,2026-07-10_NPY-M_Water,cFOS,36,141,0,0,0.0,False,overlap_below_threshold,,,,,,,,
2026-07-10_NPY-M_Water,2026-07-10_NPY-M_Water,cFOS,37,1641,0,391,0.23826934795856186,False,overlap_below_threshold,,,,,,,,
2026-07-10_NPY-M_Water,2026-07-10_NPY-M_Water,cFOS,38,834,1579,367,0.44004796163069543,True,accepted_strict_direct_overlap,,,,,,,,
2026-07-10_NPY-M_Water,2026-07-10_NPY-M_Water,cFOS,39,820,1658,518,0.6317073170731707,True,accepted_strict_direct_overlap,,,,,,,,
2026-07-10_NPY-M_Water,2026-07-10_NPY-M_Water,cFOS,40,176,1741,109,0.6193181818181818,True,accepted_strict_direct_overlap,,,,,,,,
2026-07-10_NPY-M_Water,2026-07-10_NPY-M_Water,cFOS,41,51,1847,33,0.6470588235294118,True,accepted_strict_direct_overlap,,,,,,,,
2026-07-10_NPY-M_Water,2026-07-10_NPY-M_Water,cFOS,42,145,0,0,0.0,False,overlap_below_threshold,,,,,,,,
2026-07-10_NPY-M_Water,2026-07-10_NPY-M_Water,cFOS,43,4270,0,671,0.15714285714285714,False,overlap_below_threshold,,,,,,,,
2026-07-10_NPY-M_Water,2026-07-10_NPY-M_Water,cFOS,44,243,1873,111,0.4567901234567901,True,accepted_strict_direct_overlap,,,,,,,,
2026-07-10_NPY-M_Water,2026-07-10_NPY-M_Water,cFOS,45,62,0,4,0.06451612903225806,False,overlap_below_threshold,,,,,,,,
2026-07-10_NPY-M_Water,2026-07-10_NPY-M_Water,cFOS,46,269,0,0,0.0,False,overlap_below_threshold,,,,,,,,
2026-07-10_NPY-M_Water,2026-07-10_NPY-M_Water,cFOS,47,556,2082,258,0.46402877697841727,True,accepted_strict_direct_overlap,,,,,,,,
2026-07-10_NPY-M_Water,2026-07-10_NPY-M_Water,cFOS,48,60,0,0,0.0,False,overlap_below_threshold,,,,,,,,
2026-07-10_NPY-M_Water,2026-07-10_NPY-M_Water,cFOS,49,67,0,0,0.0,False,overlap_below_threshold,,,,,,,,
2026-07-10_NPY-M_Water,2026-07-10_NPY-M_Water,cFOS,50,526,2094,359,0.6825095057034221,True,accepted_strict_direct_overlap,,,,,,,,
2026-07-10_NPY-M_Water,2026-07-10_NPY-M_Water,cFOS,51,233,2121,167,0.7167381974248928,True,accepted_strict_direct_overlap,,,,,,,,
2026-07-10_NPY-M_Water,2026-07-10_NPY-M_Water,cFOS,52,53,0,9,0.16981132075471697,False,overlap_below_threshold,,,,,,,,
2026-07-10_NPY-M_Water,2026-07-10_NPY-M_Water,cFOS,53,78,0,0,0.0,False,overlap_below_threshold,,,,,,,,
2026-07-10_NPY-M_Water,2026-07-10_NPY-M_Water,cFOS,54,67,0,0,0.0,False,overlap_below_threshold,,,,,,,,
2026-07-10_NPY-M_Water,2026-07-10_NPY-M_Water,cFOS,55,1231,0,0,0.0,False,overlap_below_threshold,,,,,,,,
2026-07-10_NPY-M_Water,2026-07-10_NPY-M_Water,cFOS,56,167,0,44,0.2634730538922156,False,overlap_below_threshold,,,,,,,,
2026-07-10_NPY-M_Water,2026-07-10_NPY-M_Water,cFOS,57,1088,0,238,0.21875,False,overlap_below_threshold,,,,,,,,
2026-07-10_NPY-M_Water,2026-07-10_NPY-M_Water,cFOS,58,943,2386,501,0.5312831389183457,True,accepted_strict_direct_overlap,,,,,,,,
2026-07-10_NPY-M_Water,2026-07-10_NPY-M_Water,cFOS,59,694,2412,298,0.42939481268011526,True,accepted_strict_direct_overlap,,,,,,,,
2026-07-10_NPY-M_Water,2026-07-10_NPY-M_Water,cFOS,60,1857,0,557,0.2999461497038234,False,overlap_below_threshold,,,,,,,,
2026-07-10_NPY-M_Water,2026-07-10_NPY-M_Water,cFOS,61,1455,0,0,0.0,False,overlap_below_threshold,,,,,,,,
2026-07-10_NPY-M_Water,2026-07-10_NPY-M_Water,cFOS,62,1937,0,400,0.20650490449148168,False,overlap_below_threshold,,,,,,,,
2026-07-10_NPY-M_Water,2026-07-10_NPY-M_Water,cFOS,63,1718,0,625,0.3637951105937136,False,overlap_below_threshold,,,,,,,,
2026-07-10_NPY-M_Water,2026-07-10_NPY-M_Water,cFOS,64,1229,0,0,0.0,False,overlap_below_threshold,,,,,,,,
2026-07-10_NPY-M_Water,2026-07-10_NPY-M_Water,cFOS,65,687,2534,511,0.7438136826783115,True,accepted_strict_direct_overlap,,,,,,,,
2026-07-10_NPY-M_Water,2026-07-10_NPY-M_Water,cFOS,66,822,0,18,0.021897810218978103,False,overlap_below_threshold,,,,,,,,
2026-07-10_NPY-M_Water,2026-07-10_NPY-M_Water,cFOS,67,63,2535,33,0.5238095238095238,True,accepted_strict_direct_overlap,,,,,,,,
2026-07-10_NPY-M_Water,2026-07-10_NPY-M_Water,cFOS,68,648,2537,551,0.8503086419753086,True,accepted_strict_direct_overlap,,,,,,,,
2026-07-10_NPY-M_Water,2026-07-10_NPY-M_Water,cFOS,69,99,0,0,0.0,False,overlap_below_threshold,,,,,,,,
2026-07-10_NPY-M_Water,2026-07-10_NPY-M_Water,cFOS,70,1802,0,0,0.0,False,overlap_below_threshold,,,,,,,,
2026-07-10_NPY-M_Water,2026-07-10_NPY-M_Water,cFOS,71,64,0,0,0.0,False,overlap_below_threshold,,,,,,,,
2026-07-10_NPY-M_Water,2026-07-10_NPY-M_Water,cFOS,72,607,2612,428,0.7051070840197694,True,accepted_strict_direct_overlap,,,,,,,,
2026-07-10_NPY-M_Water,2026-07-10_NPY-M_Water,cFOS,73,101,0,0,0.0,False,overlap_below_threshold,,,,,,,,
2026-07-10_NPY-M_Water,2026-07-10_NPY-M_Water,cFOS,74,1767,0,575,0.3254102999434069,False,overlap_below_threshold,,,,,,,,
2026-07-10_NPY-M_Water,2026-07-10_NPY-M_Water,cFOS,75,1559,2656,875,0.5612572161642079,True,accepted_strict_direct_overlap,,,,,,,,
2026-07-10_NPY-M_Water,2026-07-10_NPY-M_Water,cFOS,76,654,0,91,0.13914373088685014,False,overlap_below_threshold,,,,,,,,
2026-07-10_NPY-M_Water,2026-07-10_NPY-M_Water,cFOS,77,1818,0,0,0.0,False,overlap_below_threshold,,,,,,,,
2026-07-10_NPY-M_Water,2026-07-10_NPY-M_Water,cFOS,78,1346,0,0,0.0,False,overlap_below_threshold,,,,,,,,
2026-07-10_NPY-M_Water,2026-07-10_NPY-M_Water,cFOS,79,107,0,0,0.0,False,overlap_below_threshold,,,,,,,,
2026-07-10_NPY-M_Water,2026-07-10_NPY-M_Water,cFOS,80,118,0,0,0.0,False,overlap_below_threshold,,,,,,,,
2026-07-10_NPY-M_Water,2026-07-10_NPY-M_Water,cFOS,81,63,0,0,0.0,False,overlap_below_threshold,,,,,,,,
2026-07-10_NPY-M_Water,2026-07-10_NPY-M_Water,cFOS,82,143,0,0,0.0,False,overlap_below_threshold,,,,,,,,
2026-07-10_NPY-M_Water,2026-07-10_NPY-M_Water,cFOS,83,196,0,0,0.0,False,overlap_below_threshold,,,,,,,,
2026-07-10_NPY-M_Water,2026-07-10_NPY-M_Water,cFOS,84,33,0,0,0.0,False,overlap_below_threshold,,,,,,,,
2026-07-10_NPY-M_Water,2026-07-10_NPY-M_Water,cFOS,85,95,0,0,0.0,False,overlap_below_threshold,,,,,,,,
2026-07-10_NPY-M_Water,2026-07-10_NPY-M_Water,cFOS,86,81,0,0,0.0,False,overlap_below_threshold,,,,,,,,
2026-07-10_NPY-M_Water,2026-07-10_NPY-M_Water,cFOS,87,79,0,0,0.0,False,overlap_below_threshold,,,,,,,,
2026-07-10_NPY-M_Water,2026-07-10_NPY-M_Water,cFOS,88,134,0,0,0.0,False,overlap_below_threshold,,,,,,,,
2026-07-10_NPY-M_Water,2026-07-10_NPY-M_Water,cFOS,89,110,0,0,0.0,False,overlap_below_threshold,,,,,,,,
2026-07-10_NPY-M_Water,2026-07-10_NPY-M_Water,cFOS,90,233,0,0,0.0,False,overlap_below_threshold,,,,,,,,
2026-07-10_NPY-M_Water,2026-07-10_NPY-M_Water,cFOS,91,602,0,0,0.0,False,overlap_below_threshold,,,,,,,,
2026-07-10_NPY-M_Water,2026-07-10_NPY-M_Water,cFOS,92,41,0,0,0.0,False,overlap_below_threshold,,,,,,,,
2026-07-10_NPY-M_Water,2026-07-10_NPY-M_Water,cFOS,93,45,2779,45,1.0,True,accepted_strict_direct_overlap,,,,,,,,
2026-07-10_NPY-M_Water,2026-07-10_NPY-M_Water,cFOS,94,206,0,0,0.0,False,overlap_below_threshold,,,,,,,,
2026-07-10_NPY-M_Water,2026-07-10_NPY-M_Water,cFOS,95,63,2816,35,0.5555555555555556,True,accepted_strict_direct_overlap,,,,,,,,
2026-07-10_NPY-M_Water,2026-07-10_NPY-M_Water,cFOS,96,171,0,0,0.0,False,overlap_below_threshold,,,,,,,,
2026-07-10_NPY-M_Water,2026-07-10_NPY-M_Water,cFOS,97,53,0,0,0.0,False,overlap_below_threshold,,,,,,,,
2026-07-10_NPY-M_Water,2026-07-10_NPY-M_Water,ACTH_CLIP,1,315,1,272,0.8634920634920635,True,accepted_size_and_best_expanded_dapi,ACTH/CLIP,2836.0,0.05,154.0,381.0,True,False,23.0
2026-07-10_NPY-M_Water,2026-07-10_NPY-M_Water,ACTH_CLIP,2,261,18,194,0.7432950191570882,True,accepted_size_and_best_expanded_dapi,ACTH/CLIP,2836.0,0.05,154.0,381.0,True,False,23.0
2026-07-10_NPY-M_Water,2026-07-10_NPY-M_Water,ACTH_CLIP,3,108,0,0,0.0,False,below_acquisition_dapi_area_p05_likely_noncell,ACTH/CLIP,2836.0,0.05,154.0,381.0,False,True,23.0
2026-07-10_NPY-M_Water,2026-07-10_NPY-M_Water,ACTH_CLIP,4,647,81,223,0.3446676970633694,True,accepted_size_and_best_expanded_dapi,ACTH/CLIP,2836.0,0.05,154.0,381.0,True,False,23.0
2026-07-10_NPY-M_Water,2026-07-10_NPY-M_Water,ACTH_CLIP,5,1061,0,0,0.0,False,insufficient_expanded_dapi_pixels,ACTH/CLIP,2836.0,0.05,154.0,381.0,True,False,23.0
2026-07-10_NPY-M_Water,2026-07-10_NPY-M_Water,ACTH_CLIP,6,1213,48,378,0.31162407254740315,True,accepted_size_and_best_expanded_dapi,ACTH/CLIP,2836.0,0.05,154.0,381.0,True,False,23.0
2026-07-10_NPY-M_Water,2026-07-10_NPY-M_Water,ACTH_CLIP,7,1236,71,794,0.6423948220064725,True,accepted_size_and_best_expanded_dapi,ACTH/CLIP,2836.0,0.05,154.0,381.0,True,False,23.0
2026-07-10_NPY-M_Water,2026-07-10_NPY-M_Water,ACTH_CLIP,8,157,93,157,1.0,True,accepted_size_and_best_expanded_dapi,ACTH/CLIP,2836.0,0.05,154.0,381.0,True,False,23.0
2026-07-10_NPY-M_Water,2026-07-10_NPY-M_Water,ACTH_CLIP,9,668,0,0,0.0,False,insufficient_expanded_dapi_pixels,ACTH/CLIP,2836.0,0.05,154.0,381.0,True,False,23.0
2026-07-10_NPY-M_Water,2026-07-10_NPY-M_Water,ACTH_CLIP,10,1008,0,0,0.0,False,insufficient_expanded_dapi_pixels,ACTH/CLIP,2836.0,0.05,154.0,381.0,True,False,23.0
2026-07-10_NPY-M_Water,2026-07-10_NPY-M_Water,ACTH_CLIP,11,623,0,0,0.0,False,insufficient_expanded_dapi_pixels,ACTH/CLIP,2836.0,0.05,154.0,381.0,True,False,23.0
2026-07-10_NPY-M_Water,2026-07-10_NPY-M_Water,ACTH_CLIP,12,265,320,214,0.8075471698113208,True,accepted_size_and_best_expanded_dapi,ACTH/CLIP,2836.0,0.05,154.0,381.0,True,False,23.0
2026-07-10_NPY-M_Water,2026-07-10_NPY-M_Water,ACTH_CLIP,13,924,319,912,0.987012987012987,True,accepted_size_and_best_expanded_dapi,ACTH/CLIP,2836.0,0.05,154.0,381.0,True,False,23.0
2026-07-10_NPY-M_Water,2026-07-10_NPY-M_Water,ACTH_CLIP,14,541,369,530,0.9796672828096118,True,accepted_size_and_best_expanded_dapi,ACTH/CLIP,2836.0,0.05,154.0,381.0,True,False,23.0
2026-07-10_NPY-M_Water,2026-07-10_NPY-M_Water,ACTH_CLIP,15,1800,479,418,0.23222222222222222,True,accepted_size_and_best_expanded_dapi,ACTH/CLIP,2836.0,0.05,154.0,381.0,True,False,23.0
2026-07-10_NPY-M_Water,2026-07-10_NPY-M_Water,ACTH_CLIP,16,2356,492,1257,0.5335314091680815,True,accepted_size_and_best_expanded_dapi,ACTH/CLIP,2836.0,0.05,154.0,381.0,True,False,23.0
2026-07-10_NPY-M_Water,2026-07-10_NPY-M_Water,ACTH_CLIP,17,1285,522,1211,0.9424124513618677,True,accepted_size_and_best_expanded_dapi,ACTH/CLIP,2836.0,0.05,154.0,381.0,True,False,23.0
2026-07-10_NPY-M_Water,2026-07-10_NPY-M_Water,ACTH_CLIP,18,844,567,840,0.995260663507109,True,accepted_size_and_best_expanded_dapi,ACTH/CLIP,2836.0,0.05,154.0,381.0,True,False,23.0
2026-07-10_NPY-M_Water,2026-07-10_NPY-M_Water,ACTH_CLIP,19,1298,572,1021,0.7865947611710323,True,accepted_size_and_best_expanded_dapi,ACTH/CLIP,2836.0,0.05,154.0,381.0,True,False,23.0
2026-07-10_NPY-M_Water,2026-07-10_NPY-M_Water,ACTH_CLIP,20,877,622,873,0.9954389965792474,True,accepted_size_and_best_expanded_dapi,ACTH/CLIP,2836.0,0.05,154.0,381.0,True,False,23.0
2026-07-10_NPY-M_Water,2026-07-10_NPY-M_Water,ACTH_CLIP,21,1762,684,602,0.3416572077185017,True,accepted_size_and_best_expanded_dapi,ACTH/CLIP,2836.0,0.05,154.0,381.0,True,False,23.0
2026-07-10_NPY-M_Water,2026-07-10_NPY-M_Water,ACTH_CLIP,22,555,0,1,0.0018018018018018018,False,insufficient_expanded_dapi_pixels,ACTH/CLIP,2836.0,0.05,154.0,381.0,True,False,23.0
2026-07-10_NPY-M_Water,2026-07-10_NPY-M_Water,ACTH_CLIP,23,650,664,398,0.6123076923076923,True,accepted_size_and_best_expanded_dapi,ACTH/CLIP,2836.0,0.05,154.0,381.0,True,False,23.0
2026-07-10_NPY-M_Water,2026-07-10_NPY-M_Water,ACTH_CLIP,24,415,781,415,1.0,True,accepted_size_and_best_expanded_dapi,ACTH/CLIP,2836.0,0.05,154.0,381.0,True,False,23.0
2026-07-10_NPY-M_Water,2026-07-10_NPY-M_Water,ACTH_CLIP,25,3688,919,1847,0.5008134490238612,True,accepted_size_and_best_expanded_dapi,ACTH/CLIP,2836.0,0.05,154.0,381.0,True,False,23.0
2026-07-10_NPY-M_Water,2026-07-10_NPY-M_Water,ACTH_CLIP,26,3708,942,3038,0.8193096008629989,True,accepted_size_and_best_expanded_dapi,ACTH/CLIP,2836.0,0.05,154.0,381.0,True,False,23.0
2026-07-10_NPY-M_Water,2026-07-10_NPY-M_Water,ACTH_CLIP,27,2354,1091,1102,0.46813933729821583,True,accepted_size_and_best_expanded_dapi,ACTH/CLIP,2836.0,0.05,154.0,381.0,True,False,23.0
2026-07-10_NPY-M_Water,2026-07-10_NPY-M_Water,ACTH_CLIP,28,713,1141,713,1.0,True,accepted_size_and_best_expanded_dapi,ACTH/CLIP,2836.0,0.05,154.0,381.0,True,False,23.0
2026-07-10_NPY-M_Water,2026-07-10_NPY-M_Water,ACTH_CLIP,29,136,0,0,0.0,False,below_acquisition_dapi_area_p05_likely_noncell,ACTH/CLIP,2836.0,0.05,154.0,381.0,False,True,23.0
2026-07-10_NPY-M_Water,2026-07-10_NPY-M_Water,ACTH_CLIP,30,246,1741,246,1.0,True,accepted_size_and_best_expanded_dapi,ACTH/CLIP,2836.0,0.05,154.0,381.0,True,False,23.0
2026-07-10_NPY-M_Water,2026-07-10_NPY-M_Water,ACTH_CLIP,31,627,1760,596,0.9505582137161085,True,accepted_size_and_best_expanded_dapi,ACTH/CLIP,2836.0,0.05,154.0,381.0,True,False,23.0
2026-07-10_NPY-M_Water,2026-07-10_NPY-M_Water,ACTH_CLIP,32,547,1871,518,0.946983546617916,True,accepted_size_and_best_expanded_dapi,ACTH/CLIP,2836.0,0.05,154.0,381.0,True,False,23.0
2026-07-10_NPY-M_Water,2026-07-10_NPY-M_Water,ACTH_CLIP,33,4560,1905,2057,0.45109649122807016,True,accepted_size_and_best_expanded_dapi,ACTH/CLIP,2836.0,0.05,154.0,381.0,True,False,23.0
2026-07-10_NPY-M_Water,2026-07-10_NPY-M_Water,ACTH_CLIP,34,261,1873,261,1.0,True,accepted_size_and_best_expanded_dapi,ACTH/CLIP,2836.0,0.05,154.0,381.0,True,False,23.0
2026-07-10_NPY-M_Water,2026-07-10_NPY-M_Water,ACTH_CLIP,35,732,2082,526,0.7185792349726776,True,accepted_size_and_best_expanded_dapi,ACTH/CLIP,2836.0,0.05,154.0,381.0,True,False,23.0
2026-07-10_NPY-M_Water,2026-07-10_NPY-M_Water,ACTH_CLIP,36,4398,2213,641,0.14574806730331968,True,accepted_size_and_best_expanded_dapi,ACTH/CLIP,2836.0,0.05,154.0,381.0,True,False,23.0
2026-07-10_NPY-M_Water,2026-07-10_NPY-M_Water,ACTH_CLIP,37,1226,0,0,0.0,False,insufficient_expanded_dapi_pixels,ACTH/CLIP,2836.0,0.05,154.0,381.0,True,False,23.0
2026-07-10_NPY-M_Water,2026-07-10_NPY-M_Water,ACTH_CLIP,38,980,2356,923,0.9418367346938775,True,accepted_size_and_best_expanded_dapi,ACTH/CLIP,2836.0,0.05,154.0,381.0,True,False,23.0
2026-07-10_NPY-M_Water,2026-07-10_NPY-M_Water,ACTH_CLIP,39,902,2378,249,0.27605321507760533,True,accepted_size_and_best_expanded_dapi,ACTH/CLIP,2836.0,0.05,154.0,381.0,True,False,23.0
2026-07-10_NPY-M_Water,2026-07-10_NPY-M_Water,ACTH_CLIP,40,962,2427,962,1.0,True,accepted_size_and_best_expanded_dapi,ACTH/CLIP,2836.0,0.05,154.0,381.0,True,False,23.0
2026-07-10_NPY-M_Water,2026-07-10_NPY-M_Water,ACTH_CLIP,41,849,2459,361,0.425206124852768,True,accepted_size_and_best_expanded_dapi,ACTH/CLIP,2836.0,0.05,154.0,381.0,True,False,23.0
2026-07-10_NPY-M_Water,2026-07-10_NPY-M_Water,ACTH_CLIP,42,595,2491,226,0.3798319327731092,True,accepted_size_and_best_expanded_dapi,ACTH/CLIP,2836.0,0.05,154.0,381.0,True,False,23.0
2026-07-10_NPY-M_Water,2026-07-10_NPY-M_Water,ACTH_CLIP,43,314,2612,314,1.0,True,accepted_size_and_best_expanded_dapi,ACTH/CLIP,2836.0,0.05,154.0,381.0,True,False,23.0
2026-07-10_NPY-M_Water,2026-07-10_NPY-M_Water,ACTH_CLIP,44,2467,2671,1226,0.4969598702877989,True,accepted_size_and_best_expanded_dapi,ACTH/CLIP,2836.0,0.05,154.0,381.0,True,False,23.0
2026-07-10_NPY-M_Water,2026-07-10_NPY-M_Water,ACTH_CLIP,45,2003,2677,637,0.3180229655516725,True,accepted_size_and_best_expanded_dapi,ACTH/CLIP,2836.0,0.05,154.0,381.0,True,False,23.0
2026-07-10_NPY-M_Water,2026-07-10_NPY-M_Water,ACTH_CLIP,46,1475,2678,1472,0.9979661016949153,True,accepted_size_and_best_expanded_dapi,ACTH/CLIP,2836.0,0.05,154.0,381.0,True,False,23.0
2026-07-10_NPY-M_Water,2026-07-10_NPY-M_Water,ACTH_CLIP,47,1552,2698,921,0.5934278350515464,True,accepted_size_and_best_expanded_dapi,ACTH/CLIP,2836.0,0.05,154.0,381.0,True,False,23.0
2026-07-10_NPY-M_Water,2026-07-10_NPY-M_Water,ACTH_CLIP,48,1691,2717,1634,0.9662921348314607,True,accepted_size_and_best_expanded_dapi,ACTH/CLIP,2836.0,0.05,154.0,381.0,True,False,23.0
2026-07-10_NPY-M_Water,2026-07-10_NPY-M_Water,ACTH_CLIP,49,596,2712,345,0.5788590604026845,True,accepted_size_and_best_expanded_dapi,ACTH/CLIP,2836.0,0.05,154.0,381.0,True,False,23.0
2026-07-10_NPY-M_Water,2026-07-10_NPY-M_Water,ACTH_CLIP,50,186,2813,28,0.15053763440860216,True,accepted_size_and_best_expanded_dapi,ACTH/CLIP,2836.0,0.05,154.0,381.0,True,False,23.0
2026-07-10_NPY-M_Water,2026-07-10_NPY-M_Water,ACTH_CLIP,51,641,0,0,0.0,False,insufficient_expanded_dapi_pixels,ACTH/CLIP,2836.0,0.05,154.0,381.0,True,False,23.0
