endpoint,allocation_index,water_animals,sucrose_animals,allulose_animals,pseudo_f,r_squared,is_observed_allocation,is_as_or_more_extreme
cfos,1,AGUA-M;FR4-1;FR4-3,FR5-1;FR5-2;FR5-3,FR5-4;FR5-5;NPY-M,0.8243052747957929,0.21554379568712867,False,False
cfos,2,AGUA-M;FR4-1;FR4-3,FR5-1;FR5-2;FR5-4,FR5-3;FR5-5;NPY-M,0.4142638511413291,0.12133328565185374,False,False
cfos,3,AGUA-M;FR4-1;FR4-3,FR5-1;FR5-2;FR5-5,FR5-3;FR5-4;NPY-M,3.8597778802442275,0.5626680553841502,False,True
cfos,4,AGUA-M;FR4-1;FR4-3,FR5-1;FR5-2;NPY-M,FR5-3;FR5-4;FR5-5,0.36459783160246056,0.10836297526495557,False,False
cfos,5,AGUA-M;FR4-1;FR4-3,FR5-1;FR5-3;FR5-4,FR5-2;FR5-5;NPY-M,0.3840428077396309,0.11348639173868845,False,False
cfos,6,AGUA-M;FR4-1;FR4-3,FR5-1;FR5-3;FR5-5,FR5-2;FR5-4;NPY-M,1.5084695558699834,0.33458572519492136,False,True
cfos,7,AGUA-M;FR4-1;FR4-3,FR5-1;FR5-3;NPY-M,FR5-2;FR5-4;FR5-5,0.7357094632282154,0.19693968989559793,False,False
cfos,8,AGUA-M;FR4-1;FR4-3,FR5-1;FR5-4;FR5-5,FR5-2;FR5-3;NPY-M,0.5336420649905204,0.1510175776651425,False,False
cfos,9,AGUA-M;FR4-1;FR4-3,FR5-1;FR5-4;NPY-M,FR5-2;FR5-3;FR5-5,1.093138212899879,0.2670660398065131,False,True
cfos,10,AGUA-M;FR4-1;FR4-3,FR5-1;FR5-5;NPY-M,FR5-2;FR5-3;FR5-4,0.3558187259567987,0.10603037738736884,False,False
cfos,11,AGUA-M;FR4-1;FR4-3,FR5-2;FR5-3;FR5-4,FR5-1;FR5-5;NPY-M,0.35581872595679853,0.10603037738736883,False,False
cfos,12,AGUA-M;FR4-1;FR4-3,FR5-2;FR5-3;FR5-5,FR5-1;FR5-4;NPY-M,1.093138212899879,0.2670660398065131,False,True
cfos,13,AGUA-M;FR4-1;FR4-3,FR5-2;FR5-3;NPY-M,FR5-1;FR5-4;FR5-5,0.5336420649905204,0.1510175776651425,False,False
cfos,14,AGUA-M;FR4-1;FR4-3,FR5-2;FR5-4;FR5-5,FR5-1;FR5-3;NPY-M,0.7357094632282154,0.19693968989559793,False,False
cfos,15,AGUA-M;FR4-1;FR4-3,FR5-2;FR5-4;NPY-M,FR5-1;FR5-3;FR5-5,1.5084695558699834,0.33458572519492136,False,True
cfos,16,AGUA-M;FR4-1;FR4-3,FR5-2;FR5-5;NPY-M,FR5-1;FR5-3;FR5-4,0.3840428077396309,0.11348639173868845,False,False
cfos,17,AGUA-M;FR4-1;FR4-3,FR5-3;FR5-4;FR5-5,FR5-1;FR5-2;NPY-M,0.36459783160246056,0.10836297526495557,False,False
cfos,18,AGUA-M;FR4-1;FR4-3,FR5-3;FR5-4;NPY-M,FR5-1;FR5-2;FR5-5,3.8597778802442275,0.5626680553841502,False,True
cfos,19,AGUA-M;FR4-1;FR4-3,FR5-3;FR5-5;NPY-M,FR5-1;FR5-2;FR5-4,0.4142638511413291,0.12133328565185374,False,False
cfos,20,AGUA-M;FR4-1;FR4-3,FR5-4;FR5-5;NPY-M,FR5-1;FR5-2;FR5-3,0.8243052747957929,0.21554379568712867,False,False
cfos,21,AGUA-M;FR4-1;FR5-1,FR4-3;FR5-2;FR5-3,FR5-4;FR5-5;NPY-M,0.7906741353879604,0.20858404261305305,False,False
cfos,22,AGUA-M;FR4-1;FR5-1,FR4-3;FR5-2;FR5-4,FR5-3;FR5-5;NPY-M,0.5308497241884486,0.1503461675391643,False,False
cfos,23,AGUA-M;FR4-1;FR5-1,FR4-3;FR5-2;FR5-5,FR5-3;FR5-4;NPY-M,2.963739897907019,0.49695995275500643,False,True
cfos,24,AGUA-M;FR4-1;FR5-1,FR4-3;FR5-2;NPY-M,FR5-3;FR5-4;FR5-5,0.6743237081634166,0.1835232172563457,False,False
cfos,25,AGUA-M;FR4-1;FR5-1,FR4-3;FR5-3;FR5-4,FR5-2;FR5-5;NPY-M,0.6862800737370444,0.18617144113016715,False,False
cfos,26,AGUA-M;FR4-1;FR5-1,FR4-3;FR5-3;FR5-5,FR5-2;FR5-4;NPY-M,1.3639524094482987,0.31254979006994554,False,True
cfos,27,AGUA-M;FR4-1;FR5-1,FR4-3;FR5-3;NPY-M,FR5-2;FR5-4;FR5-5,1.3845040480379727,0.315772099391156,False,True
cfos,28,AGUA-M;FR4-1;FR5-1,FR4-3;FR5-4;FR5-5,FR5-2;FR5-3;NPY-M,0.5926176485570572,0.1649542775015529,False,False
cfos,29,AGUA-M;FR4-1;FR5-1,FR4-3;FR5-4;NPY-M,FR5-2;FR5-3;FR5-5,2.1891540421879214,0.4218710842634575,False,True
cfos,30,AGUA-M;FR4-1;FR5-1,FR4-3;FR5-5;NPY-M,FR5-2;FR5-3;FR5-4,0.5976159491077677,0.16611443732785883,False,False
cfos,31,AGUA-M;FR4-1;FR5-1,FR5-2;FR5-3;FR5-4,FR4-3;FR5-5;NPY-M,0.5976159491077677,0.16611443732785883,False,False
cfos,32,AGUA-M;FR4-1;FR5-1,FR5-2;FR5-3;FR5-5,FR4-3;FR5-4;NPY-M,2.1891540421879214,0.4218710842634575,False,True
cfos,33,AGUA-M;FR4-1;FR5-1,FR5-2;FR5-3;NPY-M,FR4-3;FR5-4;FR5-5,0.5926176485570571,0.16495427750155287,False,False
cfos,34,AGUA-M;FR4-1;FR5-1,FR5-2;FR5-4;FR5-5,FR4-3;FR5-3;NPY-M,1.3845040480379727,0.315772099391156,False,True
cfos,35,AGUA-M;FR4-1;FR5-1,FR5-2;FR5-4;NPY-M,FR4-3;FR5-3;FR5-5,1.3639524094482987,0.31254979006994554,False,True
cfos,36,AGUA-M;FR4-1;FR5-1,FR5-2;FR5-5;NPY-M,FR4-3;FR5-3;FR5-4,0.6862800737370442,0.18617144113016712,False,False
cfos,37,AGUA-M;FR4-1;FR5-1,FR5-3;FR5-4;FR5-5,FR4-3;FR5-2;NPY-M,0.6743237081634167,0.18352321725634574,False,False
cfos,38,AGUA-M;FR4-1;FR5-1,FR5-3;FR5-4;NPY-M,FR4-3;FR5-2;FR5-5,2.963739897907019,0.49695995275500643,False,True
cfos,39,AGUA-M;FR4-1;FR5-1,FR5-3;FR5-5;NPY-M,FR4-3;FR5-2;FR5-4,0.5308497241884486,0.1503461675391643,False,False
cfos,40,AGUA-M;FR4-1;FR5-1,FR5-4;FR5-5;NPY-M,FR4-3;FR5-2;FR5-3,0.7906741353879604,0.20858404261305305,False,False
cfos,41,AGUA-M;FR4-1;FR5-2,FR4-3;FR5-1;FR5-3,FR5-4;FR5-5;NPY-M,1.1718984150788403,0.28090291241108606,False,True
cfos,42,AGUA-M;FR4-1;FR5-2,FR4-3;FR5-1;FR5-4,FR5-3;FR5-5;NPY-M,0.5968813823867235,0.1659441385277656,False,False
cfos,43,AGUA-M;FR4-1;FR5-2,FR4-3;FR5-1;FR5-5,FR5-3;FR5-4;NPY-M,3.55866382694166,0.542589759262152,False,True
cfos,44,AGUA-M;FR4-1;FR5-2,FR4-3;FR5-1;NPY-M,FR5-3;FR5-4;FR5-5,0.8380557315298578,0.218354237184515,False,False
cfos,45,AGUA-M;FR4-1;FR5-2,FR4-3;FR5-3;FR5-4,FR5-1;FR5-5;NPY-M,0.7308481359392257,0.19589329538744085,False,False
cfos,46,AGUA-M;FR4-1;FR5-2,FR4-3;FR5-3;FR5-5,FR5-1;FR5-4;NPY-M,1.2387238464914252,0.2922398088086749,False,True
cfos,47,AGUA-M;FR4-1;FR5-2,FR4-3;FR5-3;NPY-M,FR5-1;FR5-4;FR5-5,1.3243922972814501,0.3062609047088618,False,True
cfos,48,AGUA-M;FR4-1;FR5-2,FR4-3;FR5-4;FR5-5,FR5-1;FR5-3;NPY-M,0.7564102909173192,0.20136519504971406,False,False
cfos,49,AGUA-M;FR4-1;FR5-2,FR4-3;FR5-4;NPY-M,FR5-1;FR5-3;FR5-5,2.650577214762926,0.469080788390595,False,True
cfos,50,AGUA-M;FR4-1;FR5-2,FR4-3;FR5-5;NPY-M,FR5-1;FR5-3;FR5-4,0.6732848506341739,0.18329230593645213,False,False
cfos,51,AGUA-M;FR4-1;FR5-2,FR5-1;FR5-3;FR5-4,FR4-3;FR5-5;NPY-M,0.6732848506341739,0.18329230593645213,False,False
cfos,52,AGUA-M;FR4-1;FR5-2,FR5-1;FR5-3;FR5-5,FR4-3;FR5-4;NPY-M,2.650577214762926,0.469080788390595,False,True
cfos,53,AGUA-M;FR4-1;FR5-2,FR5-1;FR5-3;NPY-M,FR4-3;FR5-4;FR5-5,0.7564102909173194,0.20136519504971412,False,False
cfos,54,AGUA-M;FR4-1;FR5-2,FR5-1;FR5-4;FR5-5,FR4-3;FR5-3;NPY-M,1.3243922972814504,0.3062609047088618,False,True
cfos,55,AGUA-M;FR4-1;FR5-2,FR5-1;FR5-4;NPY-M,FR4-3;FR5-3;FR5-5,1.2387238464914252,0.2922398088086749,False,True
cfos,56,AGUA-M;FR4-1;FR5-2,FR5-1;FR5-5;NPY-M,FR4-3;FR5-3;FR5-4,0.7308481359392257,0.19589329538744082,False,False
cfos,57,AGUA-M;FR4-1;FR5-2,FR5-3;FR5-4;FR5-5,FR4-3;FR5-1;NPY-M,0.8380557315298578,0.218354237184515,False,False
cfos,58,AGUA-M;FR4-1;FR5-2,FR5-3;FR5-4;NPY-M,FR4-3;FR5-1;FR5-5,3.55866382694166,0.542589759262152,False,True
cfos,59,AGUA-M;FR4-1;FR5-2,FR5-3;FR5-5;NPY-M,FR4-3;FR5-1;FR5-4,0.5968813823867235,0.1659441385277656,False,False
cfos,60,AGUA-M;FR4-1;FR5-2,FR5-4;FR5-5;NPY-M,FR4-3;FR5-1;FR5-3,1.1718984150788403,0.28090291241108606,False,True
cfos,61,AGUA-M;FR4-1;FR5-3,FR4-3;FR5-1;FR5-2,FR5-4;FR5-5;NPY-M,0.8185879084347841,0.21436927159032415,False,False
cfos,62,AGUA-M;FR4-1;FR5-3,FR4-3;FR5-1;FR5-4,FR5-2;FR5-5;NPY-M,0.2102143491100211,0.06548296351871319,False,False
cfos,63,AGUA-M;FR4-1;FR5-3,FR4-3;FR5-1;FR5-5,FR5-2;FR5-4;NPY-M,1.4910910190296303,0.33201086611506786,False,True
cfos,64,AGUA-M;FR4-1;FR5-3,FR4-3;FR5-1;NPY-M,FR5-2;FR5-4;FR5-5,0.5975746581217416,0.16610486644736636,False,False
cfos,65,AGUA-M;FR4-1;FR5-3,FR4-3;FR5-2;FR5-4,FR5-1;FR5-5;NPY-M,0.1901550854036546,0.05960684678738558,False,False
cfos,66,AGUA-M;FR4-1;FR5-3,FR4-3;FR5-2;FR5-5,FR5-1;FR5-4;NPY-M,1.0875892903113709,0.26607107834665156,False,False
cfos,67,AGUA-M;FR4-1;FR5-3,FR4-3;FR5-2;NPY-M,FR5-1;FR5-4;FR5-5,0.4159330689758721,0.12176265183690284,False,False
cfos,68,AGUA-M;FR4-1;FR5-3,FR4-3;FR5-4;FR5-5,FR5-1;FR5-2;NPY-M,0.1933207980422456,0.06053910968192306,False,False
cfos,69,AGUA-M;FR4-1;FR5-3,FR4-3;FR5-4;NPY-M,FR5-1;FR5-2;FR5-5,2.8432174245689907,0.4865842254327397,False,True
cfos,70,AGUA-M;FR4-1;FR5-3,FR4-3;FR5-5;NPY-M,FR5-1;FR5-2;FR5-4,0.29916144330944855,0.09067802484056503,False,False
cfos,71,AGUA-M;FR4-1;FR5-3,FR5-1;FR5-2;FR5-4,FR4-3;FR5-5;NPY-M,0.2991614433094485,0.09067802484056502,False,False
cfos,72,AGUA-M;FR4-1;FR5-3,FR5-1;FR5-2;FR5-5,FR4-3;FR5-4;NPY-M,2.8432174245689907,0.4865842254327397,False,True
cfos,73,AGUA-M;FR4-1;FR5-3,FR5-1;FR5-2;NPY-M,FR4-3;FR5-4;FR5-5,0.1933207980422456,0.06053910968192306,False,False
cfos,74,AGUA-M;FR4-1;FR5-3,FR5-1;FR5-4;FR5-5,FR4-3;FR5-2;NPY-M,0.4159330689758721,0.12176265183690284,False,False
cfos,75,AGUA-M;FR4-1;FR5-3,FR5-1;FR5-4;NPY-M,FR4-3;FR5-2;FR5-5,1.0875892903113709,0.26607107834665156,False,False
cfos,76,AGUA-M;FR4-1;FR5-3,FR5-1;FR5-5;NPY-M,FR4-3;FR5-2;FR5-4,0.1901550854036546,0.05960684678738558,False,False
cfos,77,AGUA-M;FR4-1;FR5-3,FR5-2;FR5-4;FR5-5,FR4-3;FR5-1;NPY-M,0.5975746581217415,0.16610486644736636,False,False
cfos,78,AGUA-M;FR4-1;FR5-3,FR5-2;FR5-4;NPY-M,FR4-3;FR5-1;FR5-5,1.4910910190296303,0.33201086611506786,False,True
cfos,79,AGUA-M;FR4-1;FR5-3,FR5-2;FR5-5;NPY-M,FR4-3;FR5-1;FR5-4,0.2102143491100211,0.06548296351871319,False,False
cfos,80,AGUA-M;FR4-1;FR5-3,FR5-4;FR5-5;NPY-M,FR4-3;FR5-1;FR5-2,0.8185879084347841,0.21436927159032415,False,False
cfos,81,AGUA-M;FR4-1;FR5-4,FR4-3;FR5-1;FR5-2,FR5-3;FR5-5;NPY-M,0.6537108509851425,0.178916963505441,False,False
cfos,82,AGUA-M;FR4-1;FR5-4,FR4-3;FR5-1;FR5-3,FR5-2;FR5-5;NPY-M,0.5087285501091133,0.14498942931715053,False,False
cfos,83,AGUA-M;FR4-1;FR5-4,FR4-3;FR5-1;FR5-5,FR5-2;FR5-3;NPY-M,1.0100504658496003,0.2518797392829327,False,False
cfos,84,AGUA-M;FR4-1;FR5-4,FR4-3;FR5-1;NPY-M,FR5-2;FR5-3;FR5-5,0.8110772207413918,0.21282098833557825,False,False
cfos,85,AGUA-M;FR4-1;FR5-4,FR4-3;FR5-2;FR5-3,FR5-1;FR5-5;NPY-M,0.2693714012832275,0.08239241377639116,False,False
cfos,86,AGUA-M;FR4-1;FR5-4,FR4-3;FR5-2;FR5-5,FR5-1;FR5-3;NPY-M,0.9612371832134072,0.24266085032394832,False,False
cfos,87,AGUA-M;FR4-1;FR5-4,FR4-3;FR5-2;NPY-M,FR5-1;FR5-3;FR5-5,0.8719653227479605,0.22519967253454656,False,False
cfos,88,AGUA-M;FR4-1;FR5-4,FR4-3;FR5-3;FR5-5,FR5-1;FR5-2;NPY-M,0.4403807632677387,0.12800349541818062,False,False
cfos,89,AGUA-M;FR4-1;FR5-4,FR4-3;FR5-3;NPY-M,FR5-1;FR5-2;FR5-5,2.2374426252559974,0.4272013624486502,False,True
cfos,90,AGUA-M;FR4-1;FR5-4,FR4-3;FR5-5;NPY-M,FR5-1;FR5-2;FR5-3,0.5270723895064003,0.1494362267909568,False,False
cfos,91,AGUA-M;FR4-1;FR5-4,FR5-1;FR5-2;FR5-3,FR4-3;FR5-5;NPY-M,0.5270723895064005,0.14943622679095683,False,False
cfos,92,AGUA-M;FR4-1;FR5-4,FR5-1;FR5-2;FR5-5,FR4-3;FR5-3;NPY-M,2.2374426252559974,0.4272013624486502,False,True
cfos,93,AGUA-M;FR4-1;FR5-4,FR5-1;FR5-2;NPY-M,FR4-3;FR5-3;FR5-5,0.4403807632677386,0.1280034954181806,False,False
cfos,94,AGUA-M;FR4-1;FR5-4,FR5-1;FR5-3;FR5-5,FR4-3;FR5-2;NPY-M,0.8719653227479605,0.22519967253454656,False,False
cfos,95,AGUA-M;FR4-1;FR5-4,FR5-1;FR5-3;NPY-M,FR4-3;FR5-2;FR5-5,0.9612371832134072,0.24266085032394832,False,False
cfos,96,AGUA-M;FR4-1;FR5-4,FR5-1;FR5-5;NPY-M,FR4-3;FR5-2;FR5-3,0.2693714012832275,0.08239241377639117,False,False
cfos,97,AGUA-M;FR4-1;FR5-4,FR5-2;FR5-3;FR5-5,FR4-3;FR5-1;NPY-M,0.8110772207413918,0.21282098833557825,False,False
cfos,98,AGUA-M;FR4-1;FR5-4,FR5-2;FR5-3;NPY-M,FR4-3;FR5-1;FR5-5,1.0100504658496003,0.2518797392829327,False,False
cfos,99,AGUA-M;FR4-1;FR5-4,FR5-2;FR5-5;NPY-M,FR4-3;FR5-1;FR5-3,0.5087285501091133,0.14498942931715053,False,False
cfos,100,AGUA-M;FR4-1;FR5-4,FR5-3;FR5-5;NPY-M,FR4-3;FR5-1;FR5-2,0.6537108509851425,0.178916963505441,False,False
cfos,101,AGUA-M;FR4-1;FR5-5,FR4-3;FR5-1;FR5-2,FR5-3;FR5-4;NPY-M,2.809549977534889,0.48360888337293184,False,True
cfos,102,AGUA-M;FR4-1;FR5-5,FR4-3;FR5-1;FR5-3,FR5-2;FR5-4;NPY-M,1.5424512353160884,0.33956363104660964,False,True
cfos,103,AGUA-M;FR4-1;FR5-5,FR4-3;FR5-1;FR5-4,FR5-2;FR5-3;NPY-M,0.6582066259066887,0.17992603841603722,False,False
cfos,104,AGUA-M;FR4-1;FR5-5,FR4-3;FR5-1;NPY-M,FR5-2;FR5-3;FR5-4,0.828130673831986,0.21632769212734876,False,False
cfos,105,AGUA-M;FR4-1;FR5-5,FR4-3;FR5-2;FR5-3,FR5-1;FR5-4;NPY-M,0.9837187009505372,0.24693477998730595,False,False
cfos,106,AGUA-M;FR4-1;FR5-5,FR4-3;FR5-2;FR5-4,FR5-1;FR5-3;NPY-M,0.7534671948292191,0.20073898497559706,False,False
cfos,107,AGUA-M;FR4-1;FR5-5,FR4-3;FR5-2;NPY-M,FR5-1;FR5-3;FR5-4,0.7437971870058109,0.1986745408077728,False,False
cfos,108,AGUA-M;FR4-1;FR5-5,FR4-3;FR5-3;FR5-4,FR5-1;FR5-2;NPY-M,0.7322686829268636,0.1961993482078613,False,False
cfos,109,AGUA-M;FR4-1;FR5-5,FR4-3;FR5-3;NPY-M,FR5-1;FR5-2;FR5-4,1.2286785495534642,0.2905585125838447,False,True
cfos,110,AGUA-M;FR4-1;FR5-5,FR4-3;FR5-4;NPY-M,FR5-1;FR5-2;FR5-3,2.0735630923601747,0.4086995775183259,False,True
cfos,111,AGUA-M;FR4-1;FR5-5,FR5-1;FR5-2;FR5-3,FR4-3;FR5-4;NPY-M,2.0735630923601747,0.4086995775183259,False,True
cfos,112,AGUA-M;FR4-1;FR5-5,FR5-1;FR5-2;FR5-4,FR4-3;FR5-3;NPY-M,1.228678549553464,0.29055851258384463,False,True
cfos,113,AGUA-M;FR4-1;FR5-5,FR5-1;FR5-2;NPY-M,FR4-3;FR5-3;FR5-4,0.7322686829268636,0.1961993482078613,False,False
cfos,114,AGUA-M;FR4-1;FR5-5,FR5-1;FR5-3;FR5-4,FR4-3;FR5-2;NPY-M,0.7437971870058109,0.1986745408077728,False,False
cfos,115,AGUA-M;FR4-1;FR5-5,FR5-1;FR5-3;NPY-M,FR4-3;FR5-2;FR5-4,0.7534671948292193,0.2007389849755971,False,False
cfos,116,AGUA-M;FR4-1;FR5-5,FR5-1;FR5-4;NPY-M,FR4-3;FR5-2;FR5-3,0.9837187009505372,0.24693477998730595,False,False
cfos,117,AGUA-M;FR4-1;FR5-5,FR5-2;FR5-3;FR5-4,FR4-3;FR5-1;NPY-M,0.828130673831986,0.21632769212734876,False,False
cfos,118,AGUA-M;FR4-1;FR5-5,FR5-2;FR5-3;NPY-M,FR4-3;FR5-1;FR5-4,0.6582066259066887,0.17992603841603722,False,False
cfos,119,AGUA-M;FR4-1;FR5-5,FR5-2;FR5-4;NPY-M,FR4-3;FR5-1;FR5-3,1.5424512353160886,0.3395636310466097,False,True
cfos,120,AGUA-M;FR4-1;FR5-5,FR5-3;FR5-4;NPY-M,FR4-3;FR5-1;FR5-2,2.8095499775348896,0.48360888337293195,False,True
cfos,121,AGUA-M;FR4-1;NPY-M,FR4-3;FR5-1;FR5-2,FR5-3;FR5-4;FR5-5,1.4156098066890608,0.32059214211921544,False,True
cfos,122,AGUA-M;FR4-1;NPY-M,FR4-3;FR5-1;FR5-3,FR5-2;FR5-4;FR5-5,1.5104399468611949,0.3348764122028288,False,True
cfos,123,AGUA-M;FR4-1;NPY-M,FR4-3;FR5-1;FR5-4,FR5-2;FR5-3;FR5-5,1.298524307518427,0.30208606829260337,False,True
cfos,124,AGUA-M;FR4-1;NPY-M,FR4-3;FR5-1;FR5-5,FR5-2;FR5-3;FR5-4,1.8196369200830895,0.37754647295126936,False,True
cfos,125,AGUA-M;FR4-1;NPY-M,FR4-3;FR5-2;FR5-3,FR5-1;FR5-4;FR5-5,1.0163134497740953,0.2530463477225015,False,False
cfos,126,AGUA-M;FR4-1;NPY-M,FR4-3;FR5-2;FR5-4,FR5-1;FR5-3;FR5-5,1.5024615053704624,0.3336978014311396,False,True
cfos,127,AGUA-M;FR4-1;NPY-M,FR4-3;FR5-2;FR5-5,FR5-1;FR5-3;FR5-4,1.6089642222361296,0.3490945350527171,False,True
cfos,128,AGUA-M;FR4-1;NPY-M,FR4-3;FR5-3;FR5-4,FR5-1;FR5-2;FR5-5,2.8535179045138257,0.48748768707333945,False,True
cfos,129,AGUA-M;FR4-1;NPY-M,FR4-3;FR5-3;FR5-5,FR5-1;FR5-2;FR5-4,1.1820530463313188,0.2826489844188533,False,True
cfos,130,AGUA-M;FR4-1;NPY-M,FR4-3;FR5-4;FR5-5,FR5-1;FR5-2;FR5-3,1.1319058644628064,0.27394280063298754,False,True
cfos,131,AGUA-M;FR4-1;NPY-M,FR5-1;FR5-2;FR5-3,FR4-3;FR5-4;FR5-5,1.1319058644628064,0.27394280063298754,False,True
cfos,132,AGUA-M;FR4-1;NPY-M,FR5-1;FR5-2;FR5-4,FR4-3;FR5-3;FR5-5,1.1820530463313188,0.2826489844188533,False,True
cfos,133,AGUA-M;FR4-1;NPY-M,FR5-1;FR5-2;FR5-5,FR4-3;FR5-3;FR5-4,2.8535179045138266,0.48748768707333956,False,True
cfos,134,AGUA-M;FR4-1;NPY-M,FR5-1;FR5-3;FR5-4,FR4-3;FR5-2;FR5-5,1.6089642222361296,0.3490945350527171,False,True
cfos,135,AGUA-M;FR4-1;NPY-M,FR5-1;FR5-3;FR5-5,FR4-3;FR5-2;FR5-4,1.5024615053704626,0.33369780143113964,False,True
cfos,136,AGUA-M;FR4-1;NPY-M,FR5-1;FR5-4;FR5-5,FR4-3;FR5-2;FR5-3,1.016313449774095,0.25304634772250145,False,False
cfos,137,AGUA-M;FR4-1;NPY-M,FR5-2;FR5-3;FR5-4,FR4-3;FR5-1;FR5-5,1.8196369200830895,0.37754647295126936,False,True
cfos,138,AGUA-M;FR4-1;NPY-M,FR5-2;FR5-3;FR5-5,FR4-3;FR5-1;FR5-4,1.298524307518427,0.30208606829260337,False,True
cfos,139,AGUA-M;FR4-1;NPY-M,FR5-2;FR5-4;FR5-5,FR4-3;FR5-1;FR5-3,1.5104399468611949,0.3348764122028288,False,True
cfos,140,AGUA-M;FR4-1;NPY-M,FR5-3;FR5-4;FR5-5,FR4-3;FR5-1;FR5-2,1.4156098066890608,0.32059214211921544,False,True
cfos,141,AGUA-M;FR4-3;FR5-1,FR4-1;FR5-2;FR5-3,FR5-4;FR5-5;NPY-M,0.6922328675004752,0.18748353431160883,False,False
cfos,142,AGUA-M;FR4-3;FR5-1,FR4-1;FR5-2;FR5-4,FR5-3;FR5-5;NPY-M,0.4879451656178491,0.13989473528074095,False,False
cfos,143,AGUA-M;FR4-3;FR5-1,FR4-1;FR5-2;FR5-5,FR5-3;FR5-4;NPY-M,3.0476538148159316,0.5039398596774163,False,True
cfos,144,AGUA-M;FR4-3;FR5-1,FR4-1;FR5-2;NPY-M,FR5-3;FR5-4;FR5-5,0.6885240199588597,0.18666654093431637,False,False
cfos,145,AGUA-M;FR4-3;FR5-1,FR4-1;FR5-3;FR5-4,FR5-2;FR5-5;NPY-M,0.4685321823809203,0.13508082316805942,False,False
cfos,146,AGUA-M;FR4-3;FR5-1,FR4-1;FR5-3;FR5-5,FR5-2;FR5-4;NPY-M,1.160255893125469,0.27889051128867104,False,True
cfos,147,AGUA-M;FR4-3;FR5-1,FR4-1;FR5-3;NPY-M,FR5-2;FR5-4;FR5-5,1.1567150138564022,0.2782762373654423,False,True
cfos,148,AGUA-M;FR4-3;FR5-1,FR4-1;FR5-4;FR5-5,FR5-2;FR5-3;NPY-M,0.49627560601300996,0.1419440747632992,False,False
cfos,149,AGUA-M;FR4-3;FR5-1,FR4-1;FR5-4;NPY-M,FR5-2;FR5-3;FR5-5,1.958876846581646,0.3950242982807647,False,True
cfos,150,AGUA-M;FR4-3;FR5-1,FR4-1;FR5-5;NPY-M,FR5-2;FR5-3;FR5-4,0.5574486052983795,0.1566989905259991,False,False
cfos,151,AGUA-M;FR4-3;FR5-1,FR5-2;FR5-3;FR5-4,FR4-1;FR5-5;NPY-M,0.5574486052983795,0.1566989905259991,False,False
cfos,152,AGUA-M;FR4-3;FR5-1,FR5-2;FR5-3;FR5-5,FR4-1;FR5-4;NPY-M,1.958876846581646,0.3950242982807647,False,True
cfos,153,AGUA-M;FR4-3;FR5-1,FR5-2;FR5-3;NPY-M,FR4-1;FR5-4;FR5-5,0.49627560601300996,0.1419440747632992,False,False
cfos,154,AGUA-M;FR4-3;FR5-1,FR5-2;FR5-4;FR5-5,FR4-1;FR5-3;NPY-M,1.1567150138564022,0.2782762373654423,False,True
cfos,155,AGUA-M;FR4-3;FR5-1,FR5-2;FR5-4;NPY-M,FR4-1;FR5-3;FR5-5,1.160255893125469,0.27889051128867104,False,True
cfos,156,AGUA-M;FR4-3;FR5-1,FR5-2;FR5-5;NPY-M,FR4-1;FR5-3;FR5-4,0.4685321823809203,0.13508082316805942,False,False
cfos,157,AGUA-M;FR4-3;FR5-1,FR5-3;FR5-4;FR5-5,FR4-1;FR5-2;NPY-M,0.6885240199588596,0.18666654093431637,False,False
cfos,158,AGUA-M;FR4-3;FR5-1,FR5-3;FR5-4;NPY-M,FR4-1;FR5-2;FR5-5,3.0476538148159316,0.5039398596774163,False,True
cfos,159,AGUA-M;FR4-3;FR5-1,FR5-3;FR5-5;NPY-M,FR4-1;FR5-2;FR5-4,0.4879451656178491,0.13989473528074095,False,False
cfos,160,AGUA-M;FR4-3;FR5-1,FR5-4;FR5-5;NPY-M,FR4-1;FR5-2;FR5-3,0.6922328675004751,0.18748353431160883,False,False
cfos,161,AGUA-M;FR4-3;FR5-2,FR4-1;FR5-1;FR5-3,FR5-4;FR5-5;NPY-M,0.8306610157711222,0.21684534662587676,False,False
cfos,162,AGUA-M;FR4-3;FR5-2,FR4-1;FR5-1;FR5-4,FR5-3;FR5-5;NPY-M,0.3804174735523103,0.11253564878557698,False,False
cfos,163,AGUA-M;FR4-3;FR5-2,FR4-1;FR5-1;FR5-5,FR5-3;FR5-4;NPY-M,3.0804148077240177,0.5066126087007966,False,True
cfos,164,AGUA-M;FR4-3;FR5-2,FR4-1;FR5-1;NPY-M,FR5-3;FR5-4;FR5-5,0.6520364209546665,0.17854050337872035,False,False
cfos,165,AGUA-M;FR4-3;FR5-2,FR4-1;FR5-3;FR5-4,FR5-1;FR5-5;NPY-M,0.42201738019217094,0.12332414868345047,False,False
cfos,166,AGUA-M;FR4-3;FR5-2,FR4-1;FR5-3;FR5-5,FR5-1;FR5-4;NPY-M,0.9323736660145081,0.23710200128551776,False,False
cfos,167,AGUA-M;FR4-3;FR5-2,FR4-1;FR5-3;NPY-M,FR5-1;FR5-4;FR5-5,0.9855802447598351,0.24728651394126544,False,False
cfos,168,AGUA-M;FR4-3;FR5-2,FR4-1;FR5-4;FR5-5,FR5-1;FR5-3;NPY-M,0.5581974294078687,0.15687646356957774,False,False
cfos,169,AGUA-M;FR4-3;FR5-2,FR4-1;FR5-4;NPY-M,FR5-1;FR5-3;FR5-5,2.179159860149049,0.4207554736660196,False,True
cfos,170,AGUA-M;FR4-3;FR5-2,FR4-1;FR5-5;NPY-M,FR5-1;FR5-3;FR5-4,0.5393984079691069,0.15239833039270975,False,False
cfos,171,AGUA-M;FR4-3;FR5-2,FR5-1;FR5-3;FR5-4,FR4-1;FR5-5;NPY-M,0.5393984079691069,0.15239833039270975,False,False
cfos,172,AGUA-M;FR4-3;FR5-2,FR5-1;FR5-3;FR5-5,FR4-1;FR5-4;NPY-M,2.179159860149049,0.4207554736660196,False,True
cfos,173,AGUA-M;FR4-3;FR5-2,FR5-1;FR5-3;NPY-M,FR4-1;FR5-4;FR5-5,0.5581974294078687,0.15687646356957774,False,False
cfos,174,AGUA-M;FR4-3;FR5-2,FR5-1;FR5-4;FR5-5,FR4-1;FR5-3;NPY-M,0.9855802447598351,0.24728651394126544,False,False
cfos,175,AGUA-M;FR4-3;FR5-2,FR5-1;FR5-4;NPY-M,FR4-1;FR5-3;FR5-5,0.9323736660145081,0.23710200128551776,False,False
cfos,176,AGUA-M;FR4-3;FR5-2,FR5-1;FR5-5;NPY-M,FR4-1;FR5-3;FR5-4,0.4220173801921709,0.12332414868345046,False,False
cfos,177,AGUA-M;FR4-3;FR5-2,FR5-3;FR5-4;FR5-5,FR4-1;FR5-1;NPY-M,0.6520364209546664,0.17854050337872032,False,False
cfos,178,AGUA-M;FR4-3;FR5-2,FR5-3;FR5-4;NPY-M,FR4-1;FR5-1;FR5-5,3.0804148077240177,0.5066126087007966,False,True
cfos,179,AGUA-M;FR4-3;FR5-2,FR5-3;FR5-5;NPY-M,FR4-1;FR5-1;FR5-4,0.3804174735523103,0.11253564878557698,False,False
cfos,180,AGUA-M;FR4-3;FR5-2,FR5-4;FR5-5;NPY-M,FR4-1;FR5-1;FR5-3,0.8306610157711223,0.2168453466258768,False,False
cfos,181,AGUA-M;FR4-3;FR5-3,FR4-1;FR5-1;FR5-2,FR5-4;FR5-5;NPY-M,0.9041661371538156,0.23159007721248348,False,False
cfos,182,AGUA-M;FR4-3;FR5-3,FR4-1;FR5-1;FR5-4,FR5-2;FR5-5;NPY-M,0.16694105222065422,0.05271365948020896,False,False
cfos,183,AGUA-M;FR4-3;FR5-3,FR4-1;FR5-1;FR5-5,FR5-2;FR5-4;NPY-M,1.5226555732258984,0.33667290125739685,False,True
cfos,184,AGUA-M;FR4-3;FR5-3,FR4-1;FR5-1;NPY-M,FR5-2;FR5-4;FR5-5,0.6011393357168352,0.16693031834525607,False,False
cfos,185,AGUA-M;FR4-3;FR5-3,FR4-1;FR5-2;FR5-4,FR5-1;FR5-5;NPY-M,0.2199761187253969,0.06831607149076396,False,False
cfos,186,AGUA-M;FR4-3;FR5-3,FR4-1;FR5-2;FR5-5,FR5-1;FR5-4;NPY-M,1.2385551656368528,0.2922116422308631,False,True
cfos,187,AGUA-M;FR4-3;FR5-3,FR4-1;FR5-2;NPY-M,FR5-1;FR5-4;FR5-5,0.5049457280542903,0.1440666324766752,False,False
cfos,188,AGUA-M;FR4-3;FR5-3,FR4-1;FR5-4;FR5-5,FR5-1;FR5-2;NPY-M,0.18028920831251224,0.0566895639054711,False,False
cfos,189,AGUA-M;FR4-3;FR5-3,FR4-1;FR5-4;NPY-M,FR5-1;FR5-2;FR5-5,2.7570313586323527,0.4788980964118487,False,True
cfos,190,AGUA-M;FR4-3;FR5-3,FR4-1;FR5-5;NPY-M,FR5-1;FR5-2;FR5-4,0.33490160787077566,0.10042323500050702,False,False
cfos,191,AGUA-M;FR4-3;FR5-3,FR5-1;FR5-2;FR5-4,FR4-1;FR5-5;NPY-M,0.33490160787077566,0.10042323500050702,False,False
cfos,192,AGUA-M;FR4-3;FR5-3,FR5-1;FR5-2;FR5-5,FR4-1;FR5-4;NPY-M,2.7570313586323527,0.4788980964118487,False,True
cfos,193,AGUA-M;FR4-3;FR5-3,FR5-1;FR5-2;NPY-M,FR4-1;FR5-4;FR5-5,0.18028920831251224,0.0566895639054711,False,False
cfos,194,AGUA-M;FR4-3;FR5-3,FR5-1;FR5-4;FR5-5,FR4-1;FR5-2;NPY-M,0.5049457280542903,0.1440666324766752,False,False
cfos,195,AGUA-M;FR4-3;FR5-3,FR5-1;FR5-4;NPY-M,FR4-1;FR5-2;FR5-5,1.2385551656368528,0.2922116422308631,False,True
cfos,196,AGUA-M;FR4-3;FR5-3,FR5-1;FR5-5;NPY-M,FR4-1;FR5-2;FR5-4,0.2199761187253969,0.06831607149076396,False,False
cfos,197,AGUA-M;FR4-3;FR5-3,FR5-2;FR5-4;FR5-5,FR4-1;FR5-1;NPY-M,0.6011393357168352,0.16693031834525607,False,False
cfos,198,AGUA-M;FR4-3;FR5-3,FR5-2;FR5-4;NPY-M,FR4-1;FR5-1;FR5-5,1.5226555732258984,0.33667290125739685,False,True
cfos,199,AGUA-M;FR4-3;FR5-3,FR5-2;FR5-5;NPY-M,FR4-1;FR5-1;FR5-4,0.16694105222065422,0.05271365948020896,False,False
cfos,200,AGUA-M;FR4-3;FR5-3,FR5-4;FR5-5;NPY-M,FR4-1;FR5-1;FR5-2,0.9041661371538156,0.23159007721248348,False,False
cfos,201,AGUA-M;FR4-3;FR5-4,FR4-1;FR5-1;FR5-2,FR5-3;FR5-5;NPY-M,0.6831901221372764,0.18548869308457958,False,False
cfos,202,AGUA-M;FR4-3;FR5-4,FR4-1;FR5-1;FR5-3,FR5-2;FR5-5;NPY-M,0.37428201973762526,0.11092197319260481,False,False
cfos,203,AGUA-M;FR4-3;FR5-4,FR4-1;FR5-1;FR5-5,FR5-2;FR5-3;NPY-M,0.9782137019018498,0.24589269838224095,False,False
cfos,204,AGUA-M;FR4-3;FR5-4,FR4-1;FR5-1;NPY-M,FR5-2;FR5-3;FR5-5,0.7641029843681256,0.2029973641904472,False,False
cfos,205,AGUA-M;FR4-3;FR5-4,FR4-1;FR5-2;FR5-3,FR5-1;FR5-5;NPY-M,0.22512496673345062,0.06980348639372792,False,False
cfos,206,AGUA-M;FR4-3;FR5-4,FR4-1;FR5-2;FR5-5,FR5-1;FR5-3;NPY-M,1.043956939326197,0.25815233816513905,False,False
cfos,207,AGUA-M;FR4-3;FR5-4,FR4-1;FR5-2;NPY-M,FR5-1;FR5-3;FR5-5,0.9310987265347801,0.23685457713129815,False,False
cfos,208,AGUA-M;FR4-3;FR5-4,FR4-1;FR5-3;FR5-5,FR5-1;FR5-2;NPY-M,0.3439440302086938,0.10285579755568708,False,False
cfos,209,AGUA-M;FR4-3;FR5-4,FR4-1;FR5-3;NPY-M,FR5-1;FR5-2;FR5-5,1.9851863636952531,0.3982170813417174,False,True
cfos,210,AGUA-M;FR4-3;FR5-4,FR4-1;FR5-5;NPY-M,FR5-1;FR5-2;FR5-3,0.5233282655330886,0.14853236090787802,False,False
cfos,211,AGUA-M;FR4-3;FR5-4,FR5-1;FR5-2;FR5-3,FR4-1;FR5-5;NPY-M,0.5233282655330886,0.14853236090787802,False,False
cfos,212,AGUA-M;FR4-3;FR5-4,FR5-1;FR5-2;FR5-5,FR4-1;FR5-3;NPY-M,1.9851863636952531,0.3982170813417174,False,True
cfos,213,AGUA-M;FR4-3;FR5-4,FR5-1;FR5-2;NPY-M,FR4-1;FR5-3;FR5-5,0.3439440302086938,0.10285579755568708,False,False
cfos,214,AGUA-M;FR4-3;FR5-4,FR5-1;FR5-3;FR5-5,FR4-1;FR5-2;NPY-M,0.9310987265347801,0.23685457713129815,False,False
cfos,215,AGUA-M;FR4-3;FR5-4,FR5-1;FR5-3;NPY-M,FR4-1;FR5-2;FR5-5,1.043956939326197,0.25815233816513905,False,False
cfos,216,AGUA-M;FR4-3;FR5-4,FR5-1;FR5-5;NPY-M,FR4-1;FR5-2;FR5-3,0.22512496673345062,0.06980348639372792,False,False
cfos,217,AGUA-M;FR4-3;FR5-4,FR5-2;FR5-3;FR5-5,FR4-1;FR5-1;NPY-M,0.7641029843681256,0.2029973641904472,False,False
cfos,218,AGUA-M;FR4-3;FR5-4,FR5-2;FR5-3;NPY-M,FR4-1;FR5-1;FR5-5,0.9782137019018498,0.24589269838224095,False,False
cfos,219,AGUA-M;FR4-3;FR5-4,FR5-2;FR5-5;NPY-M,FR4-1;FR5-1;FR5-3,0.37428201973762526,0.11092197319260481,False,False
cfos,220,AGUA-M;FR4-3;FR5-4,FR5-3;FR5-5;NPY-M,FR4-1;FR5-1;FR5-2,0.6831901221372764,0.18548869308457958,False,False
cfos,221,AGUA-M;FR4-3;FR5-5,FR4-1;FR5-1;FR5-2,FR5-3;FR5-4;NPY-M,2.689892589542616,0.4727492737712372,False,True
cfos,222,AGUA-M;FR4-3;FR5-5,FR4-1;FR5-1;FR5-3,FR5-2;FR5-4;NPY-M,1.213866866828312,0.28806483574123065,False,True
cfos,223,AGUA-M;FR4-3;FR5-5,FR4-1;FR5-1;FR5-4,FR5-2;FR5-3;NPY-M,0.48462943550453225,0.1390763191536789,False,False
cfos,224,AGUA-M;FR4-3;FR5-5,FR4-1;FR5-1;NPY-M,FR5-2;FR5-3;FR5-4,0.6994686287535493,0.1890727288013844,False,False
cfos,225,AGUA-M;FR4-3;FR5-5,FR4-1;FR5-2;FR5-3,FR5-1;FR5-4;NPY-M,0.8309993626833917,0.21691451342380938,False,False
cfos,226,AGUA-M;FR4-3;FR5-5,FR4-1;FR5-2;FR5-4,FR5-1;FR5-3;NPY-M,0.6646493745053812,0.1813677944551214,False,False
cfos,227,AGUA-M;FR4-3;FR5-5,FR4-1;FR5-2;NPY-M,FR5-1;FR5-3;FR5-4,0.7170028011747678,0.1928981062236911,False,False
cfos,228,AGUA-M;FR4-3;FR5-5,FR4-1;FR5-3;FR5-4,FR5-1;FR5-2;NPY-M,0.47298182438045316,0.13618897198370125,False,False
cfos,229,AGUA-M;FR4-3;FR5-5,FR4-1;FR5-3;NPY-M,FR5-1;FR5-2;FR5-4,0.9690041535934556,0.24414289229607858,False,False
cfos,230,AGUA-M;FR4-3;FR5-5,FR4-1;FR5-4;NPY-M,FR5-1;FR5-2;FR5-3,1.7841780211472367,0.37293303327358085,False,True
cfos,231,AGUA-M;FR4-3;FR5-5,FR5-1;FR5-2;FR5-3,FR4-1;FR5-4;NPY-M,1.7841780211472367,0.37293303327358085,False,True
cfos,232,AGUA-M;FR4-3;FR5-5,FR5-1;FR5-2;FR5-4,FR4-1;FR5-3;NPY-M,0.9690041535934556,0.24414289229607858,False,False
cfos,233,AGUA-M;FR4-3;FR5-5,FR5-1;FR5-2;NPY-M,FR4-1;FR5-3;FR5-4,0.4729818243804532,0.13618897198370128,False,False
cfos,234,AGUA-M;FR4-3;FR5-5,FR5-1;FR5-3;FR5-4,FR4-1;FR5-2;NPY-M,0.7170028011747678,0.1928981062236911,False,False
cfos,235,AGUA-M;FR4-3;FR5-5,FR5-1;FR5-3;NPY-M,FR4-1;FR5-2;FR5-4,0.6646493745053812,0.1813677944551214,False,False
cfos,236,AGUA-M;FR4-3;FR5-5,FR5-1;FR5-4;NPY-M,FR4-1;FR5-2;FR5-3,0.830999362683392,0.2169145134238094,False,False
cfos,237,AGUA-M;FR4-3;FR5-5,FR5-2;FR5-3;FR5-4,FR4-1;FR5-1;NPY-M,0.6994686287535493,0.1890727288013844,False,False
cfos,238,AGUA-M;FR4-3;FR5-5,FR5-2;FR5-3;NPY-M,FR4-1;FR5-1;FR5-4,0.48462943550453225,0.1390763191536789,False,False
cfos,239,AGUA-M;FR4-3;FR5-5,FR5-2;FR5-4;NPY-M,FR4-1;FR5-1;FR5-3,1.2138668668283117,0.28806483574123065,False,True
cfos,240,AGUA-M;FR4-3;FR5-5,FR5-3;FR5-4;NPY-M,FR4-1;FR5-1;FR5-2,2.689892589542616,0.4727492737712372,False,True
cfos,241,AGUA-M;FR4-3;NPY-M,FR4-1;FR5-1;FR5-2,FR5-3;FR5-4;FR5-5,1.3704327251098198,0.31356911576196006,False,True
cfos,242,AGUA-M;FR4-3;NPY-M,FR4-1;FR5-1;FR5-3,FR5-2;FR5-4;FR5-5,1.208838055692451,0.28721420014188903,False,True
cfos,243,AGUA-M;FR4-3;NPY-M,FR4-1;FR5-1;FR5-4,FR5-2;FR5-3;FR5-5,1.0820377038028377,0.26507293227468437,False,False
cfos,244,AGUA-M;FR4-3;NPY-M,FR4-1;FR5-1;FR5-5,FR5-2;FR5-3;FR5-4,1.6726400999916615,0.3579646761141836,False,True
cfos,245,AGUA-M;FR4-3;NPY-M,FR4-1;FR5-2;FR5-3,FR5-1;FR5-4;FR5-5,0.8802937872418078,0.22686266440344421,False,False
cfos,246,AGUA-M;FR4-3;NPY-M,FR4-1;FR5-2;FR5-4,FR5-1;FR5-3;FR5-5,1.3998798162304478,0.3181631941551032,False,True
cfos,247,AGUA-M;FR4-3;NPY-M,FR4-1;FR5-2;FR5-5,FR5-1;FR5-3;FR5-4,1.6224339477472185,0.3509912669575138,False,True
cfos,248,AGUA-M;FR4-3;NPY-M,FR4-1;FR5-3;FR5-4,FR5-1;FR5-2;FR5-5,2.275317910604745,0.43131389409361875,False,True
cfos,249,AGUA-M;FR4-3;NPY-M,FR4-1;FR5-3;FR5-5,FR5-1;FR5-2;FR5-4,0.9677634068971357,0.2439065306199657,False,False
cfos,250,AGUA-M;FR4-3;NPY-M,FR4-1;FR5-4;FR5-5,FR5-1;FR5-2;FR5-3,0.977985419629518,0.24584942287712078,False,False
cfos,251,AGUA-M;FR4-3;NPY-M,FR5-1;FR5-2;FR5-3,FR4-1;FR5-4;FR5-5,0.977985419629518,0.24584942287712078,False,False
cfos,252,AGUA-M;FR4-3;NPY-M,FR5-1;FR5-2;FR5-4,FR4-1;FR5-3;FR5-5,0.9677634068971358,0.24390653061996573,False,False
cfos,253,AGUA-M;FR4-3;NPY-M,FR5-1;FR5-2;FR5-5,FR4-1;FR5-3;FR5-4,2.275317910604745,0.43131389409361875,False,True
cfos,254,AGUA-M;FR4-3;NPY-M,FR5-1;FR5-3;FR5-4,FR4-1;FR5-2;FR5-5,1.6224339477472185,0.3509912669575138,False,True
cfos,255,AGUA-M;FR4-3;NPY-M,FR5-1;FR5-3;FR5-5,FR4-1;FR5-2;FR5-4,1.3998798162304478,0.3181631941551032,False,True
cfos,256,AGUA-M;FR4-3;NPY-M,FR5-1;FR5-4;FR5-5,FR4-1;FR5-2;FR5-3,0.8802937872418078,0.22686266440344421,False,False
cfos,257,AGUA-M;FR4-3;NPY-M,FR5-2;FR5-3;FR5-4,FR4-1;FR5-1;FR5-5,1.6726400999916615,0.3579646761141836,False,True
cfos,258,AGUA-M;FR4-3;NPY-M,FR5-2;FR5-3;FR5-5,FR4-1;FR5-1;FR5-4,1.0820377038028377,0.26507293227468437,False,False
cfos,259,AGUA-M;FR4-3;NPY-M,FR5-2;FR5-4;FR5-5,FR4-1;FR5-1;FR5-3,1.208838055692451,0.28721420014188903,False,True
cfos,260,AGUA-M;FR4-3;NPY-M,FR5-3;FR5-4;FR5-5,FR4-1;FR5-1;FR5-2,1.3704327251098198,0.31356911576196006,False,True
cfos,261,AGUA-M;FR5-1;FR5-2,FR4-1;FR4-3;FR5-3,FR5-4;FR5-5;NPY-M,1.0326687951333489,0.25607577700890793,False,False
cfos,262,AGUA-M;FR5-1;FR5-2,FR4-1;FR4-3;FR5-4,FR5-3;FR5-5;NPY-M,0.6933928185272641,0.18773871412999435,False,False
cfos,263,AGUA-M;FR5-1;FR5-2,FR4-1;FR4-3;FR5-5,FR5-3;FR5-4;NPY-M,2.8490328307260055,0.48709468952875956,False,True
cfos,264,AGUA-M;FR5-1;FR5-2,FR4-1;FR4-3;NPY-M,FR5-3;FR5-4;FR5-5,1.2850466070587698,0.29989092882721713,False,True
cfos,265,AGUA-M;FR5-1;FR5-2,FR4-1;FR5-3;FR5-4,FR4-3;FR5-5;NPY-M,0.7807340614430851,0.20650330035249378,False,False
cfos,266,AGUA-M;FR5-1;FR5-2,FR4-1;FR5-3;FR5-5,FR4-3;FR5-4;NPY-M,2.128223865692092,0.4150021374710155,False,True
cfos,267,AGUA-M;FR5-1;FR5-2,FR4-1;FR5-3;NPY-M,FR4-3;FR5-4;FR5-5,1.1918076472837764,0.28431830550622916,False,True
cfos,268,AGUA-M;FR5-1;FR5-2,FR4-1;FR5-4;FR5-5,FR4-3;FR5-3;NPY-M,1.2784041115083018,0.2988039647936892,False,True
cfos,269,AGUA-M;FR5-1;FR5-2,FR4-1;FR5-4;NPY-M,FR4-3;FR5-3;FR5-5,2.18864737341736,0.42181463026959715,False,True
cfos,270,AGUA-M;FR5-1;FR5-2,FR4-1;FR5-5;NPY-M,FR4-3;FR5-3;FR5-4,0.9903087186613382,0.2481784715127418,False,False
cfos,271,AGUA-M;FR5-1;FR5-2,FR4-3;FR5-3;FR5-4,FR4-1;FR5-5;NPY-M,0.9903087186613382,0.2481784715127418,False,False
cfos,272,AGUA-M;FR5-1;FR5-2,FR4-3;FR5-3;FR5-5,FR4-1;FR5-4;NPY-M,2.18864737341736,0.42181463026959715,False,True
cfos,273,AGUA-M;FR5-1;FR5-2,FR4-3;FR5-3;NPY-M,FR4-1;FR5-4;FR5-5,1.2784041115083014,0.29880396479368915,False,True
cfos,274,AGUA-M;FR5-1;FR5-2,FR4-3;FR5-4;FR5-5,FR4-1;FR5-3;NPY-M,1.1918076472837764,0.28431830550622916,False,True
cfos,275,AGUA-M;FR5-1;FR5-2,FR4-3;FR5-4;NPY-M,FR4-1;FR5-3;FR5-5,2.128223865692092,0.4150021374710155,False,True
cfos,276,AGUA-M;FR5-1;FR5-2,FR4-3;FR5-5;NPY-M,FR4-1;FR5-3;FR5-4,0.7807340614430851,0.20650330035249378,False,False
cfos,277,AGUA-M;FR5-1;FR5-2,FR5-3;FR5-4;FR5-5,FR4-1;FR4-3;NPY-M,1.28504660705877,0.2998909288272172,False,True
cfos,278,AGUA-M;FR5-1;FR5-2,FR5-3;FR5-4;NPY-M,FR4-1;FR4-3;FR5-5,2.849032830726004,0.4870946895287595,False,True
cfos,279,AGUA-M;FR5-1;FR5-2,FR5-3;FR5-5;NPY-M,FR4-1;FR4-3;FR5-4,0.6933928185272641,0.18773871412999435,False,False
cfos,280,AGUA-M;FR5-1;FR5-2,FR5-4;FR5-5;NPY-M,FR4-1;FR4-3;FR5-3,1.0326687951333489,0.25607577700890793,False,False
cfos,281,AGUA-M;FR5-1;FR5-3,FR4-1;FR4-3;FR5-2,FR5-4;FR5-5;NPY-M,0.6741120090831695,0.18347617258717872,False,False
cfos,282,AGUA-M;FR5-1;FR5-3,FR4-1;FR4-3;FR5-4,FR5-2;FR5-5;NPY-M,0.2759838054818052,0.08424455732045835,False,False
cfos,283,AGUA-M;FR5-1;FR5-3,FR4-1;FR4-3;FR5-5,FR5-2;FR5-4;NPY-M,1.1292897954927512,0.2734828145811918,False,True
cfos,284,AGUA-M;FR5-1;FR5-3,FR4-1;FR4-3;NPY-M,FR5-2;FR5-4;FR5-5,0.9714509667905264,0.24460857628958496,False,False
cfos,285,AGUA-M;FR5-1;FR5-3,FR4-1;FR5-2;FR5-4,FR4-3;FR5-5;NPY-M,0.3625616745842134,0.10782305565563932,False,False
cfos,286,AGUA-M;FR5-1;FR5-3,FR4-1;FR5-2;FR5-5,FR4-3;FR5-4;NPY-M,2.2304867230654,0.42643961091219285,False,True
cfos,287,AGUA-M;FR5-1;FR5-3,FR4-1;FR5-2;NPY-M,FR4-3;FR5-4;FR5-5,0.47796350484475736,0.13742625653747098,False,False
cfos,288,AGUA-M;FR5-1;FR5-3,FR4-1;FR5-4;FR5-5,FR4-3;FR5-2;NPY-M,0.37561375877357944,0.11127273012124664,False,False
cfos,289,AGUA-M;FR5-1;FR5-3,FR4-1;FR5-4;NPY-M,FR4-3;FR5-2;FR5-5,1.9391896682370013,0.3926129180070903,False,True
cfos,290,AGUA-M;FR5-1;FR5-3,FR4-1;FR5-5;NPY-M,FR4-3;FR5-2;FR5-4,0.3664707811704656,0.10885904111220293,False,False
cfos,291,AGUA-M;FR5-1;FR5-3,FR4-3;FR5-2;FR5-4,FR4-1;FR5-5;NPY-M,0.3664707811704656,0.10885904111220293,False,False
cfos,292,AGUA-M;FR5-1;FR5-3,FR4-3;FR5-2;FR5-5,FR4-1;FR5-4;NPY-M,1.9391896682370007,0.39261291800709025,False,True
cfos,293,AGUA-M;FR5-1;FR5-3,FR4-3;FR5-2;NPY-M,FR4-1;FR5-4;FR5-5,0.37561375877357944,0.11127273012124664,False,False
cfos,294,AGUA-M;FR5-1;FR5-3,FR4-3;FR5-4;FR5-5,FR4-1;FR5-2;NPY-M,0.47796350484475736,0.13742625653747098,False,False
cfos,295,AGUA-M;FR5-1;FR5-3,FR4-3;FR5-4;NPY-M,FR4-1;FR5-2;FR5-5,2.2304867230654,0.42643961091219285,False,True
cfos,296,AGUA-M;FR5-1;FR5-3,FR4-3;FR5-5;NPY-M,FR4-1;FR5-2;FR5-4,0.3625616745842134,0.10782305565563932,False,False
cfos,297,AGUA-M;FR5-1;FR5-3,FR5-2;FR5-4;FR5-5,FR4-1;FR4-3;NPY-M,0.9714509667905264,0.24460857628958496,False,False
cfos,298,AGUA-M;FR5-1;FR5-3,FR5-2;FR5-4;NPY-M,FR4-1;FR4-3;FR5-5,1.1292897954927512,0.2734828145811917,False,True
cfos,299,AGUA-M;FR5-1;FR5-3,FR5-2;FR5-5;NPY-M,FR4-1;FR4-3;FR5-4,0.2759838054818052,0.08424455732045835,False,False
cfos,300,AGUA-M;FR5-1;FR5-3,FR5-4;FR5-5;NPY-M,FR4-1;FR4-3;FR5-2,0.6741120090831695,0.18347617258717872,False,False
cfos,301,AGUA-M;FR5-1;FR5-4,FR4-1;FR4-3;FR5-2,FR5-3;FR5-5;NPY-M,0.3385345977378225,0.10140215349788861,False,False
cfos,302,AGUA-M;FR5-1;FR5-4,FR4-1;FR4-3;FR5-3,FR5-2;FR5-5;NPY-M,0.22756808294813882,0.07050760111008181,False,False
cfos,303,AGUA-M;FR5-1;FR5-4,FR4-1;FR4-3;FR5-5,FR5-2;FR5-3;NPY-M,0.5158858488366436,0.1467299767446497,False,False
cfos,304,AGUA-M;FR5-1;FR5-4,FR4-1;FR4-3;NPY-M,FR5-2;FR5-3;FR5-5,0.971947391626578,0.2447029871733899,False,False
cfos,305,AGUA-M;FR5-1;FR5-4,FR4-1;FR5-2;FR5-3,FR4-3;FR5-5;NPY-M,0.23742580116395065,0.07333783559721709,False,False
cfos,306,AGUA-M;FR5-1;FR5-4,FR4-1;FR5-2;FR5-5,FR4-3;FR5-3;NPY-M,1.4145889841338843,0.32043503692369635,False,True
cfos,307,AGUA-M;FR5-1;FR5-4,FR4-1;FR5-2;NPY-M,FR4-3;FR5-3;FR5-5,0.5640837215667568,0.15826893126932157,False,False
cfos,308,AGUA-M;FR5-1;FR5-4,FR4-1;FR5-3;FR5-5,FR4-3;FR5-2;NPY-M,0.41478089956036834,0.12146632881007643,False,False
cfos,309,AGUA-M;FR5-1;FR5-4,FR4-1;FR5-3;NPY-M,FR4-3;FR5-2;FR5-5,1.1434133016411405,0.27595926797557285,False,True
cfos,310,AGUA-M;FR5-1;FR5-4,FR4-1;FR5-5;NPY-M,FR4-3;FR5-2;FR5-3,0.27877057303519226,0.08502289709680158,False,False
cfos,311,AGUA-M;FR5-1;FR5-4,FR4-3;FR5-2;FR5-3,FR4-1;FR5-5;NPY-M,0.27877057303519226,0.08502289709680158,False,False
cfos,312,AGUA-M;FR5-1;FR5-4,FR4-3;FR5-2;FR5-5,FR4-1;FR5-3;NPY-M,1.1434133016411405,0.27595926797557285,False,True
cfos,313,AGUA-M;FR5-1;FR5-4,FR4-3;FR5-2;NPY-M,FR4-1;FR5-3;FR5-5,0.41478089956036834,0.12146632881007643,False,False
cfos,314,AGUA-M;FR5-1;FR5-4,FR4-3;FR5-3;FR5-5,FR4-1;FR5-2;NPY-M,0.5640837215667568,0.15826893126932157,False,False
cfos,315,AGUA-M;FR5-1;FR5-4,FR4-3;FR5-3;NPY-M,FR4-1;FR5-2;FR5-5,1.4145889841338843,0.32043503692369635,False,True
cfos,316,AGUA-M;FR5-1;FR5-4,FR4-3;FR5-5;NPY-M,FR4-1;FR5-2;FR5-3,0.23742580116395065,0.07333783559721709,False,False
cfos,317,AGUA-M;FR5-1;FR5-4,FR5-2;FR5-3;FR5-5,FR4-1;FR4-3;NPY-M,0.971947391626578,0.2447029871733899,False,False
cfos,318,AGUA-M;FR5-1;FR5-4,FR5-2;FR5-3;NPY-M,FR4-1;FR4-3;FR5-5,0.5158858488366436,0.1467299767446497,False,False
cfos,319,AGUA-M;FR5-1;FR5-4,FR5-2;FR5-5;NPY-M,FR4-1;FR4-3;FR5-3,0.22756808294813882,0.07050760111008181,False,False
cfos,320,AGUA-M;FR5-1;FR5-4,FR5-3;FR5-5;NPY-M,FR4-1;FR4-3;FR5-2,0.3385345977378225,0.10140215349788861,False,False
cfos,321,AGUA-M;FR5-1;FR5-5,FR4-1;FR4-3;FR5-2,FR5-3;FR5-4;NPY-M,2.8070179136760594,0.48338371870100055,False,True
cfos,322,AGUA-M;FR5-1;FR5-5,FR4-1;FR4-3;FR5-3,FR5-2;FR5-4;NPY-M,1.561845728375647,0.342371448175162,False,True
cfos,323,AGUA-M;FR5-1;FR5-5,FR4-1;FR4-3;FR5-4,FR5-2;FR5-3;NPY-M,0.8928458700022982,0.2293555665489965,False,False
cfos,324,AGUA-M;FR5-1;FR5-5,FR4-1;FR4-3;NPY-M,FR5-2;FR5-3;FR5-4,1.447734689461768,0.3254993363007815,False,True
cfos,325,AGUA-M;FR5-1;FR5-5,FR4-1;FR5-2;FR5-3,FR4-3;FR5-4;NPY-M,2.083805100741225,0.40989083166020734,False,True
cfos,326,AGUA-M;FR5-1;FR5-5,FR4-1;FR5-2;FR5-4,FR4-3;FR5-3;NPY-M,1.5342664335385947,0.3383714777301331,False,True
cfos,327,AGUA-M;FR5-1;FR5-5,FR4-1;FR5-2;NPY-M,FR4-3;FR5-3;FR5-4,1.3088245392951485,0.3037544293946233,False,True
cfos,328,AGUA-M;FR5-1;FR5-5,FR4-1;FR5-3;FR5-4,FR4-3;FR5-2;NPY-M,0.9974442353848127,0.249520487754545,False,False
cfos,329,AGUA-M;FR5-1;FR5-5,FR4-1;FR5-3;NPY-M,FR4-3;FR5-2;FR5-4,1.356204191155943,0.3113270479628428,False,True
cfos,330,AGUA-M;FR5-1;FR5-5,FR4-1;FR5-4;NPY-M,FR4-3;FR5-2;FR5-3,2.034778183254302,0.40414455397895876,False,True
cfos,331,AGUA-M;FR5-1;FR5-5,FR4-3;FR5-2;FR5-3,FR4-1;FR5-4;NPY-M,2.034778183254302,0.40414455397895876,False,True
cfos,332,AGUA-M;FR5-1;FR5-5,FR4-3;FR5-2;FR5-4,FR4-1;FR5-3;NPY-M,1.3562041911559426,0.3113270479628427,False,True
cfos,333,AGUA-M;FR5-1;FR5-5,FR4-3;FR5-2;NPY-M,FR4-1;FR5-3;FR5-4,0.9974442353848127,0.249520487754545,False,False
cfos,334,AGUA-M;FR5-1;FR5-5,FR4-3;FR5-3;FR5-4,FR4-1;FR5-2;NPY-M,1.3088245392951487,0.3037544293946234,False,True
cfos,335,AGUA-M;FR5-1;FR5-5,FR4-3;FR5-3;NPY-M,FR4-1;FR5-2;FR5-4,1.5342664335385947,0.3383714777301331,False,True
cfos,336,AGUA-M;FR5-1;FR5-5,FR4-3;FR5-4;NPY-M,FR4-1;FR5-2;FR5-3,2.083805100741225,0.40989083166020734,False,True
cfos,337,AGUA-M;FR5-1;FR5-5,FR5-2;FR5-3;FR5-4,FR4-1;FR4-3;NPY-M,1.447734689461768,0.3254993363007815,False,True
cfos,338,AGUA-M;FR5-1;FR5-5,FR5-2;FR5-3;NPY-M,FR4-1;FR4-3;FR5-4,0.8928458700022982,0.2293555665489965,False,False
cfos,339,AGUA-M;FR5-1;FR5-5,FR5-2;FR5-4;NPY-M,FR4-1;FR4-3;FR5-3,1.561845728375647,0.342371448175162,False,True
cfos,340,AGUA-M;FR5-1;FR5-5,FR5-3;FR5-4;NPY-M,FR4-1;FR4-3;FR5-2,2.8070179136760607,0.48338371870100066,False,True
cfos,341,AGUA-M;FR5-1;NPY-M,FR4-1;FR4-3;FR5-2,FR5-3;FR5-4;FR5-5,0.6734778565663154,0.1833352160711895,False,False
cfos,342,AGUA-M;FR5-1;NPY-M,FR4-1;FR4-3;FR5-3,FR5-2;FR5-4;FR5-5,0.7530609399969818,0.20065246795528646,False,False
cfos,343,AGUA-M;FR5-1;NPY-M,FR4-1;FR4-3;FR5-4,FR5-2;FR5-3;FR5-5,0.8191448296788715,0.21448383504946797,False,False
cfos,344,AGUA-M;FR5-1;NPY-M,FR4-1;FR4-3;FR5-5,FR5-2;FR5-3;FR5-4,0.8102718051794598,0.21265459437251275,False,False
cfos,345,AGUA-M;FR5-1;NPY-M,FR4-1;FR5-2;FR5-3,FR4-3;FR5-4;FR5-5,0.4806914753609038,0.1381022933987742,False,False
cfos,346,AGUA-M;FR5-1;NPY-M,FR4-1;FR5-2;FR5-4,FR4-3;FR5-3;FR5-5,0.719454851978953,0.19343018818904703,False,False
cfos,347,AGUA-M;FR5-1;NPY-M,FR4-1;FR5-2;FR5-5,FR4-3;FR5-3;FR5-4,1.4181271045890491,0.32097924550791207,False,True
cfos,348,AGUA-M;FR5-1;NPY-M,FR4-1;FR5-3;FR5-4,FR4-3;FR5-2;FR5-5,1.0700522227548919,0.26290872062339454,False,False
cfos,349,AGUA-M;FR5-1;NPY-M,FR4-1;FR5-3;FR5-5,FR4-3;FR5-2;FR5-4,0.6154263372479905,0.17022234166619588,False,False
cfos,350,AGUA-M;FR5-1;NPY-M,FR4-1;FR5-4;FR5-5,FR4-3;FR5-2;FR5-3,0.4729964068320175,0.13619259896196473,False,False
cfos,351,AGUA-M;FR5-1;NPY-M,FR4-3;FR5-2;FR5-3,FR4-1;FR5-4;FR5-5,0.4729964068320174,0.1361925989619647,False,False
cfos,352,AGUA-M;FR5-1;NPY-M,FR4-3;FR5-2;FR5-4,FR4-1;FR5-3;FR5-5,0.6154263372479905,0.17022234166619588,False,False
cfos,353,AGUA-M;FR5-1;NPY-M,FR4-3;FR5-2;FR5-5,FR4-1;FR5-3;FR5-4,1.070052222754892,0.2629087206233946,False,False
cfos,354,AGUA-M;FR5-1;NPY-M,FR4-3;FR5-3;FR5-4,FR4-1;FR5-2;FR5-5,1.4181271045890491,0.32097924550791207,False,True
cfos,355,AGUA-M;FR5-1;NPY-M,FR4-3;FR5-3;FR5-5,FR4-1;FR5-2;FR5-4,0.719454851978953,0.19343018818904703,False,False
cfos,356,AGUA-M;FR5-1;NPY-M,FR4-3;FR5-4;FR5-5,FR4-1;FR5-2;FR5-3,0.4806914753609038,0.1381022933987742,False,False
cfos,357,AGUA-M;FR5-1;NPY-M,FR5-2;FR5-3;FR5-4,FR4-1;FR4-3;FR5-5,0.8102718051794598,0.21265459437251275,False,False
cfos,358,AGUA-M;FR5-1;NPY-M,FR5-2;FR5-3;FR5-5,FR4-1;FR4-3;FR5-4,0.8191448296788715,0.21448383504946797,False,False
cfos,359,AGUA-M;FR5-1;NPY-M,FR5-2;FR5-4;FR5-5,FR4-1;FR4-3;FR5-3,0.7530609399969818,0.20065246795528646,False,False
cfos,360,AGUA-M;FR5-1;NPY-M,FR5-3;FR5-4;FR5-5,FR4-1;FR4-3;FR5-2,0.6734778565663154,0.1833352160711895,False,False
cfos,361,AGUA-M;FR5-2;FR5-3,FR4-1;FR4-3;FR5-1,FR5-4;FR5-5;NPY-M,0.7959220671322972,0.20967818966146268,False,False
cfos,362,AGUA-M;FR5-2;FR5-3,FR4-1;FR4-3;FR5-4,FR5-1;FR5-5;NPY-M,0.22895897528189885,0.07090798521585738,False,False
cfos,363,AGUA-M;FR5-2;FR5-3,FR4-1;FR4-3;FR5-5,FR5-1;FR5-4;NPY-M,0.8966828670562229,0.23011440695804647,False,False
cfos,364,AGUA-M;FR5-2;FR5-3,FR4-1;FR4-3;NPY-M,FR5-1;FR5-4;FR5-5,0.8072948148526446,0.21203895524541608,False,False
cfos,365,AGUA-M;FR5-2;FR5-3,FR4-1;FR5-1;FR5-4,FR4-3;FR5-5;NPY-M,0.2569190340864364,0.07888407154048337,False,False
cfos,366,AGUA-M;FR5-2;FR5-3,FR4-1;FR5-1;FR5-5,FR4-3;FR5-4;NPY-M,2.2404718215721684,0.42753246231558123,False,True
cfos,367,AGUA-M;FR5-2;FR5-3,FR4-1;FR5-1;NPY-M,FR4-3;FR5-4;FR5-5,0.4392638891735674,0.12772032136188294,False,False
cfos,368,AGUA-M;FR5-2;FR5-3,FR4-1;FR5-4;FR5-5,FR4-3;FR5-1;NPY-M,0.42092936047141927,0.12304532368754126,False,False
cfos,369,AGUA-M;FR5-2;FR5-3,FR4-1;FR5-4;NPY-M,FR4-3;FR5-1;FR5-5,2.129821224912299,0.41518429815236124,False,True
cfos,370,AGUA-M;FR5-2;FR5-3,FR4-1;FR5-5;NPY-M,FR4-3;FR5-1;FR5-4,0.3385213425987452,0.10139858573892958,False,False
cfos,371,AGUA-M;FR5-2;FR5-3,FR4-3;FR5-1;FR5-4,FR4-1;FR5-5;NPY-M,0.3385213425987452,0.10139858573892958,False,False
cfos,372,AGUA-M;FR5-2;FR5-3,FR4-3;FR5-1;FR5-5,FR4-1;FR5-4;NPY-M,2.129821224912299,0.41518429815236124,False,True
cfos,373,AGUA-M;FR5-2;FR5-3,FR4-3;FR5-1;NPY-M,FR4-1;FR5-4;FR5-5,0.42092936047141927,0.12304532368754126,False,False
cfos,374,AGUA-M;FR5-2;FR5-3,FR4-3;FR5-4;FR5-5,FR4-1;FR5-1;NPY-M,0.4392638891735674,0.12772032136188294,False,False
cfos,375,AGUA-M;FR5-2;FR5-3,FR4-3;FR5-4;NPY-M,FR4-1;FR5-1;FR5-5,2.2404718215721684,0.42753246231558123,False,True
cfos,376,AGUA-M;FR5-2;FR5-3,FR4-3;FR5-5;NPY-M,FR4-1;FR5-1;FR5-4,0.2569190340864364,0.07888407154048337,False,False
cfos,377,AGUA-M;FR5-2;FR5-3,FR5-1;FR5-4;FR5-5,FR4-1;FR4-3;NPY-M,0.8072948148526446,0.21203895524541608,False,False
cfos,378,AGUA-M;FR5-2;FR5-3,FR5-1;FR5-4;NPY-M,FR4-1;FR4-3;FR5-5,0.8966828670562229,0.23011440695804647,False,False
cfos,379,AGUA-M;FR5-2;FR5-3,FR5-1;FR5-5;NPY-M,FR4-1;FR4-3;FR5-4,0.22895897528189885,0.07090798521585738,False,False
cfos,380,AGUA-M;FR5-2;FR5-3,FR5-4;FR5-5;NPY-M,FR4-1;FR4-3;FR5-1,0.7959220671322972,0.20967818966146268,False,False
cfos,381,AGUA-M;FR5-2;FR5-4,FR4-1;FR4-3;FR5-1,FR5-3;FR5-5;NPY-M,0.6779357650793324,0.18432506938160442,False,False
cfos,382,AGUA-M;FR5-2;FR5-4,FR4-1;FR4-3;FR5-3,FR5-1;FR5-5;NPY-M,0.3855915482207344,0.1138919278149127,False,False
cfos,383,AGUA-M;FR5-2;FR5-4,FR4-1;FR4-3;FR5-5,FR5-1;FR5-3;NPY-M,0.830455689670325,0.2168033667403681,False,False
cfos,384,AGUA-M;FR5-2;FR5-4,FR4-1;FR4-3;NPY-M,FR5-1;FR5-3;FR5-5,1.448234760558879,0.32557516374808465,False,True
cfos,385,AGUA-M;FR5-2;FR5-4,FR4-1;FR5-1;FR5-3,FR4-3;FR5-5;NPY-M,0.5622711981969336,0.15784064910092493,False,False
cfos,386,AGUA-M;FR5-2;FR5-4,FR4-1;FR5-1;FR5-5,FR4-3;FR5-3;NPY-M,1.8250810580384085,0.37824878713651666,False,True
cfos,387,AGUA-M;FR5-2;FR5-4,FR4-1;FR5-1;NPY-M,FR4-3;FR5-3;FR5-5,0.7749329361262356,0.20528389490316537,False,False
cfos,388,AGUA-M;FR5-2;FR5-4,FR4-1;FR5-3;FR5-5,FR4-3;FR5-1;NPY-M,0.703519996244686,0.1899598211858029,False,False
cfos,389,AGUA-M;FR5-2;FR5-4,FR4-1;FR5-3;NPY-M,FR4-3;FR5-1;FR5-5,1.6529774297505357,0.35525154693027566,False,True
cfos,390,AGUA-M;FR5-2;FR5-4,FR4-1;FR5-5;NPY-M,FR4-3;FR5-1;FR5-3,0.7083012617536968,0.19100423934239183,False,False
cfos,391,AGUA-M;FR5-2;FR5-4,FR4-3;FR5-1;FR5-3,FR4-1;FR5-5;NPY-M,0.7083012617536968,0.19100423934239183,False,False
cfos,392,AGUA-M;FR5-2;FR5-4,FR4-3;FR5-1;FR5-5,FR4-1;FR5-3;NPY-M,1.6529774297505355,0.3552515469302756,False,True
cfos,393,AGUA-M;FR5-2;FR5-4,FR4-3;FR5-1;NPY-M,FR4-1;FR5-3;FR5-5,0.7035199962446861,0.18995982118580293,False,False
cfos,394,AGUA-M;FR5-2;FR5-4,FR4-3;FR5-3;FR5-5,FR4-1;FR5-1;NPY-M,0.7749329361262356,0.20528389490316537,False,False
cfos,395,AGUA-M;FR5-2;FR5-4,FR4-3;FR5-3;NPY-M,FR4-1;FR5-1;FR5-5,1.8250810580384083,0.3782487871365166,False,True
cfos,396,AGUA-M;FR5-2;FR5-4,FR4-3;FR5-5;NPY-M,FR4-1;FR5-1;FR5-3,0.5622711981969335,0.1578406491009249,False,False
cfos,397,AGUA-M;FR5-2;FR5-4,FR5-1;FR5-3;FR5-5,FR4-1;FR4-3;NPY-M,1.448234760558879,0.32557516374808465,False,True
cfos,398,AGUA-M;FR5-2;FR5-4,FR5-1;FR5-3;NPY-M,FR4-1;FR4-3;FR5-5,0.830455689670325,0.2168033667403681,False,False
cfos,399,AGUA-M;FR5-2;FR5-4,FR5-1;FR5-5;NPY-M,FR4-1;FR4-3;FR5-3,0.3855915482207344,0.1138919278149127,False,False
cfos,400,AGUA-M;FR5-2;FR5-4,FR5-3;FR5-5;NPY-M,FR4-1;FR4-3;FR5-1,0.6779357650793324,0.18432506938160442,False,False
cfos,401,AGUA-M;FR5-2;FR5-5,FR4-1;FR4-3;FR5-1,FR5-3;FR5-4;NPY-M,3.4693486443237123,0.5362747990661721,False,True
cfos,402,AGUA-M;FR5-2;FR5-5,FR4-1;FR4-3;FR5-3,FR5-1;FR5-4;NPY-M,1.4490061841142678,0.32569210384290437,False,True
cfos,403,AGUA-M;FR5-2;FR5-5,FR4-1;FR4-3;FR5-4,FR5-1;FR5-3;NPY-M,1.1061978899038283,0.2693971210261707,False,True
cfos,404,AGUA-M;FR5-2;FR5-5,FR4-1;FR4-3;NPY-M,FR5-1;FR5-3;FR5-4,1.5893161827685722,0.3463078418383878,False,True
cfos,405,AGUA-M;FR5-2;FR5-5,FR4-1;FR5-1;FR5-3,FR4-3;FR5-4;NPY-M,2.600795563165119,0.46436180964537094,False,True
cfos,406,AGUA-M;FR5-2;FR5-5,FR4-1;FR5-1;FR5-4,FR4-3;FR5-3;NPY-M,1.5188995533849747,0.33612155690586476,False,True
cfos,407,AGUA-M;FR5-2;FR5-5,FR4-1;FR5-1;NPY-M,FR4-3;FR5-3;FR5-4,1.4165550932014404,0.320737557509923,False,True
cfos,408,AGUA-M;FR5-2;FR5-5,FR4-1;FR5-3;FR5-4,FR4-3;FR5-1;NPY-M,1.213377483861076,0.2879821446117273,False,True
cfos,409,AGUA-M;FR5-2;FR5-5,FR4-1;FR5-3;NPY-M,FR4-3;FR5-1;FR5-4,1.4813284724148608,0.330555655880457,False,True
cfos,410,AGUA-M;FR5-2;FR5-5,FR4-1;FR5-4;NPY-M,FR4-3;FR5-1;FR5-3,2.770274530954276,0.48009406070600485,False,True
cfos,411,AGUA-M;FR5-2;FR5-5,FR4-3;FR5-1;FR5-3,FR4-1;FR5-4;NPY-M,2.770274530954276,0.48009406070600485,False,True
cfos,412,AGUA-M;FR5-2;FR5-5,FR4-3;FR5-1;FR5-4,FR4-1;FR5-3;NPY-M,1.481328472414861,0.33055565588045704,False,True
cfos,413,AGUA-M;FR5-2;FR5-5,FR4-3;FR5-1;NPY-M,FR4-1;FR5-3;FR5-4,1.213377483861076,0.2879821446117273,False,True
cfos,414,AGUA-M;FR5-2;FR5-5,FR4-3;FR5-3;FR5-4,FR4-1;FR5-1;NPY-M,1.4165550932014401,0.32073755750992294,False,True
cfos,415,AGUA-M;FR5-2;FR5-5,FR4-3;FR5-3;NPY-M,FR4-1;FR5-1;FR5-4,1.5188995533849747,0.33612155690586476,False,True
cfos,416,AGUA-M;FR5-2;FR5-5,FR4-3;FR5-4;NPY-M,FR4-1;FR5-1;FR5-3,2.600795563165119,0.46436180964537094,False,True
cfos,417,AGUA-M;FR5-2;FR5-5,FR5-1;FR5-3;FR5-4,FR4-1;FR4-3;NPY-M,1.5893161827685722,0.3463078418383878,False,True
cfos,418,AGUA-M;FR5-2;FR5-5,FR5-1;FR5-3;NPY-M,FR4-1;FR4-3;FR5-4,1.1061978899038283,0.2693971210261707,False,True
cfos,419,AGUA-M;FR5-2;FR5-5,FR5-1;FR5-4;NPY-M,FR4-1;FR4-3;FR5-3,1.4490061841142678,0.32569210384290437,False,True
cfos,420,AGUA-M;FR5-2;FR5-5,FR5-3;FR5-4;NPY-M,FR4-1;FR4-3;FR5-1,3.4693486443237123,0.5362747990661721,False,True
cfos,421,AGUA-M;FR5-2;NPY-M,FR4-1;FR4-3;FR5-1,FR5-3;FR5-4;FR5-5,0.9841964617011365,0.24702508301533732,False,False
cfos,422,AGUA-M;FR5-2;NPY-M,FR4-1;FR4-3;FR5-3,FR5-1;FR5-4;FR5-5,0.7762957482107392,0.20557069678098142,False,False
cfos,423,AGUA-M;FR5-2;NPY-M,FR4-1;FR4-3;FR5-4,FR5-1;FR5-3;FR5-5,1.1443502768452234,0.2761229626845947,False,True
cfos,424,AGUA-M;FR5-2;NPY-M,FR4-1;FR4-3;FR5-5,FR5-1;FR5-3;FR5-4,0.9696290902453104,0.24426188648909525,False,False
cfos,425,AGUA-M;FR5-2;NPY-M,FR4-1;FR5-1;FR5-3,FR4-3;FR5-4;FR5-5,0.7658734293559828,0.20337205796291402,False,False
cfos,426,AGUA-M;FR5-2;NPY-M,FR4-1;FR5-1;FR5-4,FR4-3;FR5-3;FR5-5,0.7592998214216772,0.20197905394375493,False,False
cfos,427,AGUA-M;FR5-2;NPY-M,FR4-1;FR5-1;FR5-5,FR4-3;FR5-3;FR5-4,1.6842791685530525,0.3595599467811644,False,True
cfos,428,AGUA-M;FR5-2;NPY-M,FR4-1;FR5-3;FR5-4,FR4-3;FR5-1;FR5-5,1.4311048536467228,0.3229679506385294,False,True
cfos,429,AGUA-M;FR5-2;NPY-M,FR4-1;FR5-3;FR5-5,FR4-3;FR5-1;FR5-4,0.7511710038155605,0.20024973616278638,False,False
cfos,430,AGUA-M;FR5-2;NPY-M,FR4-1;FR5-4;FR5-5,FR4-3;FR5-1;FR5-3,0.8607101701131082,0.22294089226798702,False,False
cfos,431,AGUA-M;FR5-2;NPY-M,FR4-3;FR5-1;FR5-3,FR4-1;FR5-4;FR5-5,0.8607101701131081,0.22294089226798697,False,False
cfos,432,AGUA-M;FR5-2;NPY-M,FR4-3;FR5-1;FR5-4,FR4-1;FR5-3;FR5-5,0.7511710038155605,0.20024973616278638,False,False
cfos,433,AGUA-M;FR5-2;NPY-M,FR4-3;FR5-1;FR5-5,FR4-1;FR5-3;FR5-4,1.4311048536467228,0.3229679506385294,False,True
cfos,434,AGUA-M;FR5-2;NPY-M,FR4-3;FR5-3;FR5-4,FR4-1;FR5-1;FR5-5,1.6842791685530525,0.3595599467811644,False,True
cfos,435,AGUA-M;FR5-2;NPY-M,FR4-3;FR5-3;FR5-5,FR4-1;FR5-1;FR5-4,0.7592998214216772,0.20197905394375493,False,False
cfos,436,AGUA-M;FR5-2;NPY-M,FR4-3;FR5-4;FR5-5,FR4-1;FR5-1;FR5-3,0.7658734293559828,0.20337205796291402,False,False
cfos,437,AGUA-M;FR5-2;NPY-M,FR5-1;FR5-3;FR5-4,FR4-1;FR4-3;FR5-5,0.9696290902453104,0.24426188648909525,False,False
cfos,438,AGUA-M;FR5-2;NPY-M,FR5-1;FR5-3;FR5-5,FR4-1;FR4-3;FR5-4,1.1443502768452234,0.2761229626845947,False,True
cfos,439,AGUA-M;FR5-2;NPY-M,FR5-1;FR5-4;FR5-5,FR4-1;FR4-3;FR5-3,0.7762957482107392,0.20557069678098142,False,False
cfos,440,AGUA-M;FR5-2;NPY-M,FR5-3;FR5-4;FR5-5,FR4-1;FR4-3;FR5-1,0.9841964617011365,0.24702508301533732,False,False
cfos,441,AGUA-M;FR5-3;FR5-4,FR4-1;FR4-3;FR5-1,FR5-2;FR5-5;NPY-M,0.5318371826367069,0.15058372035136164,False,False
cfos,442,AGUA-M;FR5-3;FR5-4,FR4-1;FR4-3;FR5-2,FR5-1;FR5-5;NPY-M,0.3747495010143938,0.11104513117247673,False,False
cfos,443,AGUA-M;FR5-3;FR5-4,FR4-1;FR4-3;FR5-5,FR5-1;FR5-2;NPY-M,0.4993466436717411,0.1426971073513867,False,False
cfos,444,AGUA-M;FR5-3;FR5-4,FR4-1;FR4-3;NPY-M,FR5-1;FR5-2;FR5-5,2.083009154951918,0.4097984267690389,False,True
cfos,445,AGUA-M;FR5-3;FR5-4,FR4-1;FR5-1;FR5-2,FR4-3;FR5-5;NPY-M,0.7437573779913793,0.19866601996265684,False,False
cfos,446,AGUA-M;FR5-3;FR5-4,FR4-1;FR5-1;FR5-5,FR4-3;FR5-2;NPY-M,1.0566325387407751,0.2604703602433673,False,False
cfos,447,AGUA-M;FR5-3;FR5-4,FR4-1;FR5-1;NPY-M,FR4-3;FR5-2;FR5-5,0.9779092929152594,0.24583499041995166,False,False
cfos,448,AGUA-M;FR5-3;FR5-4,FR4-1;FR5-2;FR5-5,FR4-3;FR5-1;NPY-M,1.116073844428598,0.27115010240627346,False,True
cfos,449,AGUA-M;FR5-3;FR5-4,FR4-1;FR5-2;NPY-M,FR4-3;FR5-1;FR5-5,1.1557710761071218,0.2781123057408107,False,True
cfos,450,AGUA-M;FR5-3;FR5-4,FR4-1;FR5-5;NPY-M,FR4-3;FR5-1;FR5-2,0.7091548998378918,0.19119042450043952,False,False
cfos,451,AGUA-M;FR5-3;FR5-4,FR4-3;FR5-1;FR5-2,FR4-1;FR5-5;NPY-M,0.7091548998378918,0.19119042450043952,False,False
cfos,452,AGUA-M;FR5-3;FR5-4,FR4-3;FR5-1;FR5-5,FR4-1;FR5-2;NPY-M,1.1557710761071216,0.27811230574081064,False,True
cfos,453,AGUA-M;FR5-3;FR5-4,FR4-3;FR5-1;NPY-M,FR4-1;FR5-2;FR5-5,1.1160738444285982,0.2711501024062735,False,True
cfos,454,AGUA-M;FR5-3;FR5-4,FR4-3;FR5-2;FR5-5,FR4-1;FR5-1;NPY-M,0.9779092929152597,0.2458349904199517,False,False
cfos,455,AGUA-M;FR5-3;FR5-4,FR4-3;FR5-2;NPY-M,FR4-1;FR5-1;FR5-5,1.0566325387407751,0.2604703602433673,False,False
cfos,456,AGUA-M;FR5-3;FR5-4,FR4-3;FR5-5;NPY-M,FR4-1;FR5-1;FR5-2,0.7437573779913793,0.19866601996265684,False,False
cfos,457,AGUA-M;FR5-3;FR5-4,FR5-1;FR5-2;FR5-5,FR4-1;FR4-3;NPY-M,2.083009154951918,0.4097984267690389,False,True
cfos,458,AGUA-M;FR5-3;FR5-4,FR5-1;FR5-2;NPY-M,FR4-1;FR4-3;FR5-5,0.4993466436717411,0.1426971073513867,False,False
cfos,459,AGUA-M;FR5-3;FR5-4,FR5-1;FR5-5;NPY-M,FR4-1;FR4-3;FR5-2,0.3747495010143937,0.1110451311724767,False,False
cfos,460,AGUA-M;FR5-3;FR5-4,FR5-2;FR5-5;NPY-M,FR4-1;FR4-3;FR5-1,0.5318371826367069,0.15058372035136167,False,False
cfos,461,AGUA-M;FR5-3;FR5-5,FR4-1;FR4-3;FR5-1,FR5-2;FR5-4;NPY-M,1.1800079385543696,0.2822980137598658,False,True
cfos,462,AGUA-M;FR5-3;FR5-5,FR4-1;FR4-3;FR5-2,FR5-1;FR5-4;NPY-M,0.8106250877346215,0.2127275890624365,False,False
cfos,463,AGUA-M;FR5-3;FR5-5,FR4-1;FR4-3;FR5-4,FR5-1;FR5-2;NPY-M,0.27930906125211336,0.0851731434991574,False,False
cfos,464,AGUA-M;FR5-3;FR5-5,FR4-1;FR4-3;NPY-M,FR5-1;FR5-2;FR5-4,0.7988901423625604,0.21029566858327844,False,False
cfos,465,AGUA-M;FR5-3;FR5-5,FR4-1;FR5-1;FR5-2,FR4-3;FR5-4;NPY-M,1.9592470761168852,0.39506946236907103,False,True
cfos,466,AGUA-M;FR5-3;FR5-5,FR4-1;FR5-1;FR5-4,FR4-3;FR5-2;NPY-M,0.3640788153725968,0.10822541187468354,False,False
cfos,467,AGUA-M;FR5-3;FR5-5,FR4-1;FR5-1;NPY-M,FR4-3;FR5-2;FR5-4,0.4926494382470864,0.14105321675064547,False,False
cfos,468,AGUA-M;FR5-3;FR5-5,FR4-1;FR5-2;FR5-4,FR4-3;FR5-1;NPY-M,0.5250033936210802,0.14893698955613413,False,False
cfos,469,AGUA-M;FR5-3;FR5-5,FR4-1;FR5-2;NPY-M,FR4-3;FR5-1;FR5-4,0.5018039402171355,0.14329869655296015,False,False
cfos,470,AGUA-M;FR5-3;FR5-5,FR4-1;FR5-4;NPY-M,FR4-3;FR5-1;FR5-2,1.7631335575648308,0.37016252772602065,False,True
cfos,471,AGUA-M;FR5-3;FR5-5,FR4-3;FR5-1;FR5-2,FR4-1;FR5-4;NPY-M,1.7631335575648308,0.37016252772602065,False,True
cfos,472,AGUA-M;FR5-3;FR5-5,FR4-3;FR5-1;FR5-4,FR4-1;FR5-2;NPY-M,0.5018039402171354,0.14329869655296013,False,False
cfos,473,AGUA-M;FR5-3;FR5-5,FR4-3;FR5-1;NPY-M,FR4-1;FR5-2;FR5-4,0.5250033936210803,0.14893698955613416,False,False
cfos,474,AGUA-M;FR5-3;FR5-5,FR4-3;FR5-2;FR5-4,FR4-1;FR5-1;NPY-M,0.4926494382470864,0.14105321675064547,False,False
cfos,475,AGUA-M;FR5-3;FR5-5,FR4-3;FR5-2;NPY-M,FR4-1;FR5-1;FR5-4,0.3640788153725968,0.10822541187468354,False,False
cfos,476,AGUA-M;FR5-3;FR5-5,FR4-3;FR5-4;NPY-M,FR4-1;FR5-1;FR5-2,1.9592470761168852,0.39506946236907103,False,True
cfos,477,AGUA-M;FR5-3;FR5-5,FR5-1;FR5-2;FR5-4,FR4-1;FR4-3;NPY-M,0.7988901423625604,0.21029566858327844,False,False
cfos,478,AGUA-M;FR5-3;FR5-5,FR5-1;FR5-2;NPY-M,FR4-1;FR4-3;FR5-4,0.27930906125211336,0.0851731434991574,False,False
cfos,479,AGUA-M;FR5-3;FR5-5,FR5-1;FR5-4;NPY-M,FR4-1;FR4-3;FR5-2,0.8106250877346215,0.2127275890624365,False,False
cfos,480,AGUA-M;FR5-3;FR5-5,FR5-2;FR5-4;NPY-M,FR4-1;FR4-3;FR5-1,1.1800079385543696,0.2822980137598658,False,True
cfos,481,AGUA-M;FR5-3;NPY-M,FR4-1;FR4-3;FR5-1,FR5-2;FR5-4;FR5-5,1.3459827763351349,0.3097073425289022,False,True
cfos,482,AGUA-M;FR5-3;NPY-M,FR4-1;FR4-3;FR5-2,FR5-1;FR5-4;FR5-5,1.0049966573815288,0.2509357044104493,False,False
cfos,483,AGUA-M;FR5-3;NPY-M,FR4-1;FR4-3;FR5-4,FR5-1;FR5-2;FR5-5,2.072348855942085,0.4085580299774529,False,True
cfos,484,AGUA-M;FR5-3;NPY-M,FR4-1;FR4-3;FR5-5,FR5-1;FR5-2;FR5-4,1.0904214140077022,0.2665792356439216,False,True
cfos,485,AGUA-M;FR5-3;NPY-M,FR4-1;FR5-1;FR5-2,FR4-3;FR5-4;FR5-5,1.2397387590691191,0.29240923309654987,False,True
cfos,486,AGUA-M;FR5-3;NPY-M,FR4-1;FR5-1;FR5-4,FR4-3;FR5-2;FR5-5,1.2297722469098415,0.2907419537324451,False,True
cfos,487,AGUA-M;FR5-3;NPY-M,FR4-1;FR5-1;FR5-5,FR4-3;FR5-2;FR5-4,1.533126696632226,0.33820512843182265,False,True
cfos,488,AGUA-M;FR5-3;NPY-M,FR4-1;FR5-2;FR5-4,FR4-3;FR5-1;FR5-5,1.5610194943529871,0.34225231799287203,False,True
cfos,489,AGUA-M;FR5-3;NPY-M,FR4-1;FR5-2;FR5-5,FR4-3;FR5-1;FR5-4,1.4752862719897573,0.3296518216551609,False,True
cfos,490,AGUA-M;FR5-3;NPY-M,FR4-1;FR5-4;FR5-5,FR4-3;FR5-1;FR5-2,1.1171402242384652,0.27133888169793857,False,True
cfos,491,AGUA-M;FR5-3;NPY-M,FR4-3;FR5-1;FR5-2,FR4-1;FR5-4;FR5-5,1.117140224238465,0.2713388816979385,False,True
cfos,492,AGUA-M;FR5-3;NPY-M,FR4-3;FR5-1;FR5-4,FR4-1;FR5-2;FR5-5,1.4752862719897573,0.3296518216551609,False,True
cfos,493,AGUA-M;FR5-3;NPY-M,FR4-3;FR5-1;FR5-5,FR4-1;FR5-2;FR5-4,1.5610194943529871,0.34225231799287203,False,True
cfos,494,AGUA-M;FR5-3;NPY-M,FR4-3;FR5-2;FR5-4,FR4-1;FR5-1;FR5-5,1.533126696632226,0.33820512843182265,False,True
cfos,495,AGUA-M;FR5-3;NPY-M,FR4-3;FR5-2;FR5-5,FR4-1;FR5-1;FR5-4,1.2297722469098415,0.2907419537324451,False,True
cfos,496,AGUA-M;FR5-3;NPY-M,FR4-3;FR5-4;FR5-5,FR4-1;FR5-1;FR5-2,1.2397387590691191,0.29240923309654987,False,True
cfos,497,AGUA-M;FR5-3;NPY-M,FR5-1;FR5-2;FR5-4,FR4-1;FR4-3;FR5-5,1.0904214140077022,0.2665792356439216,False,True
cfos,498,AGUA-M;FR5-3;NPY-M,FR5-1;FR5-2;FR5-5,FR4-1;FR4-3;FR5-4,2.072348855942085,0.4085580299774529,False,True
cfos,499,AGUA-M;FR5-3;NPY-M,FR5-1;FR5-4;FR5-5,FR4-1;FR4-3;FR5-2,1.0049966573815288,0.2509357044104493,False,False
cfos,500,AGUA-M;FR5-3;NPY-M,FR5-2;FR5-4;FR5-5,FR4-1;FR4-3;FR5-1,1.3459827763351349,0.3097073425289022,False,True
cfos,501,AGUA-M;FR5-4;FR5-5,FR4-1;FR4-3;FR5-1,FR5-2;FR5-3;NPY-M,0.6039813440767734,0.16758725598550356,False,False
cfos,502,AGUA-M;FR5-4;FR5-5,FR4-1;FR4-3;FR5-2,FR5-1;FR5-3;NPY-M,0.5491942641022746,0.15473773009750613,False,False
cfos,503,AGUA-M;FR5-4;FR5-5,FR4-1;FR4-3;FR5-3,FR5-1;FR5-2;NPY-M,0.273244804931189,0.08347826735096071,False,False
cfos,504,AGUA-M;FR5-4;FR5-5,FR4-1;FR4-3;NPY-M,FR5-1;FR5-2;FR5-3,0.9188753078654288,0.2344742395914431,False,False
cfos,505,AGUA-M;FR5-4;FR5-5,FR4-1;FR5-1;FR5-2,FR4-3;FR5-3;NPY-M,1.2925023781042992,0.30110696844275436,False,True
cfos,506,AGUA-M;FR5-4;FR5-5,FR4-1;FR5-1;FR5-3,FR4-3;FR5-2;NPY-M,0.4985552102933861,0.14250317068787308,False,False
cfos,507,AGUA-M;FR5-4;FR5-5,FR4-1;FR5-1;NPY-M,FR4-3;FR5-2;FR5-3,0.44534198623859456,0.12925915279742395,False,False
cfos,508,AGUA-M;FR5-4;FR5-5,FR4-1;FR5-2;FR5-3,FR4-3;FR5-1;NPY-M,0.4344348903421881,0.12649384955989176,False,False
cfos,509,AGUA-M;FR5-4;FR5-5,FR4-1;FR5-2;NPY-M,FR4-3;FR5-1;FR5-3,0.6956077285945454,0.1882255314091704,False,False
cfos,510,AGUA-M;FR5-4;FR5-5,FR4-1;FR5-3;NPY-M,FR4-3;FR5-1;FR5-2,1.0846945498584022,0.2655509577566831,False,False
cfos,511,AGUA-M;FR5-4;FR5-5,FR4-3;FR5-1;FR5-2,FR4-1;FR5-3;NPY-M,1.0846945498584022,0.2655509577566831,False,False
cfos,512,AGUA-M;FR5-4;FR5-5,FR4-3;FR5-1;FR5-3,FR4-1;FR5-2;NPY-M,0.6956077285945454,0.18822553140917037,False,False
cfos,513,AGUA-M;FR5-4;FR5-5,FR4-3;FR5-1;NPY-M,FR4-1;FR5-2;FR5-3,0.4344348903421881,0.12649384955989176,False,False
cfos,514,AGUA-M;FR5-4;FR5-5,FR4-3;FR5-2;FR5-3,FR4-1;FR5-1;NPY-M,0.44534198623859456,0.12925915279742395,False,False
cfos,515,AGUA-M;FR5-4;FR5-5,FR4-3;FR5-2;NPY-M,FR4-1;FR5-1;FR5-3,0.4985552102933861,0.14250317068787308,False,False
cfos,516,AGUA-M;FR5-4;FR5-5,FR4-3;FR5-3;NPY-M,FR4-1;FR5-1;FR5-2,1.2925023781042992,0.30110696844275436,False,True
cfos,517,AGUA-M;FR5-4;FR5-5,FR5-1;FR5-2;FR5-3,FR4-1;FR4-3;NPY-M,0.9188753078654288,0.2344742395914431,False,False
cfos,518,AGUA-M;FR5-4;FR5-5,FR5-1;FR5-2;NPY-M,FR4-1;FR4-3;FR5-3,0.273244804931189,0.08347826735096071,False,False
cfos,519,AGUA-M;FR5-4;FR5-5,FR5-1;FR5-3;NPY-M,FR4-1;FR4-3;FR5-2,0.5491942641022746,0.15473773009750613,False,False
cfos,520,AGUA-M;FR5-4;FR5-5,FR5-2;FR5-3;NPY-M,FR4-1;FR4-3;FR5-1,0.6039813440767734,0.16758725598550356,False,False
cfos,521,AGUA-M;FR5-4;NPY-M,FR4-1;FR4-3;FR5-1,FR5-2;FR5-3;FR5-5,2.4415952710244118,0.4486910821952342,False,True
cfos,522,AGUA-M;FR5-4;NPY-M,FR4-1;FR4-3;FR5-2,FR5-1;FR5-3;FR5-5,2.4214288328270963,0.44664034288621307,False,True
cfos,523,AGUA-M;FR5-4;NPY-M,FR4-1;FR4-3;FR5-3,FR5-1;FR5-2;FR5-5,3.4337699498413885,0.5337104025496033,False,True
cfos,524,AGUA-M;FR5-4;NPY-M,FR4-1;FR4-3;FR5-5,FR5-1;FR5-2;FR5-3,2.1511436142675624,0.4176050553724334,False,True
cfos,525,AGUA-M;FR5-4;NPY-M,FR4-1;FR5-1;FR5-2,FR4-3;FR5-3;FR5-5,2.475863854840799,0.4521412366109274,False,True
cfos,526,AGUA-M;FR5-4;NPY-M,FR4-1;FR5-1;FR5-3,FR4-3;FR5-2;FR5-5,2.47312383674021,0.4518669612659818,False,True
cfos,527,AGUA-M;FR5-4;NPY-M,FR4-1;FR5-1;FR5-5,FR4-3;FR5-2;FR5-3,2.4870518792023972,0.45325831319894816,False,True
cfos,528,AGUA-M;FR5-4;NPY-M,FR4-1;FR5-2;FR5-3,FR4-3;FR5-1;FR5-5,2.421586415472048,0.44665642671697686,False,True
cfos,529,AGUA-M;FR5-4;NPY-M,FR4-1;FR5-2;FR5-5,FR4-3;FR5-1;FR5-3,3.017159799275744,0.5014259052317183,False,True
cfos,530,AGUA-M;FR5-4;NPY-M,FR4-1;FR5-3;FR5-5,FR4-3;FR5-1;FR5-2,2.1761782059123456,0.42042180916929534,False,True
cfos,531,AGUA-M;FR5-4;NPY-M,FR4-3;FR5-1;FR5-2,FR4-1;FR5-3;FR5-5,2.1761782059123456,0.42042180916929534,False,True
cfos,532,AGUA-M;FR5-4;NPY-M,FR4-3;FR5-1;FR5-3,FR4-1;FR5-2;FR5-5,3.017159799275744,0.5014259052317183,False,True
cfos,533,AGUA-M;FR5-4;NPY-M,FR4-3;FR5-1;FR5-5,FR4-1;FR5-2;FR5-3,2.4215864154720474,0.44665642671697675,False,True
cfos,534,AGUA-M;FR5-4;NPY-M,FR4-3;FR5-2;FR5-3,FR4-1;FR5-1;FR5-5,2.487051879202398,0.45325831319894827,False,True
cfos,535,AGUA-M;FR5-4;NPY-M,FR4-3;FR5-2;FR5-5,FR4-1;FR5-1;FR5-3,2.47312383674021,0.4518669612659818,False,True
cfos,536,AGUA-M;FR5-4;NPY-M,FR4-3;FR5-3;FR5-5,FR4-1;FR5-1;FR5-2,2.475863854840799,0.4521412366109274,False,True
cfos,537,AGUA-M;FR5-4;NPY-M,FR5-1;FR5-2;FR5-3,FR4-1;FR4-3;FR5-5,2.1511436142675624,0.4176050553724334,False,True
cfos,538,AGUA-M;FR5-4;NPY-M,FR5-1;FR5-2;FR5-5,FR4-1;FR4-3;FR5-3,3.4337699498413885,0.5337104025496033,False,True
cfos,539,AGUA-M;FR5-4;NPY-M,FR5-1;FR5-3;FR5-5,FR4-1;FR4-3;FR5-2,2.4214288328270963,0.44664034288621307,False,True
cfos,540,AGUA-M;FR5-4;NPY-M,FR5-2;FR5-3;FR5-5,FR4-1;FR4-3;FR5-1,2.4415952710244118,0.4486910821952342,False,True
cfos,541,AGUA-M;FR5-5;NPY-M,FR4-1;FR4-3;FR5-1,FR5-2;FR5-3;FR5-4,0.741909895986569,0.19827037972836106,False,False
cfos,542,AGUA-M;FR5-5;NPY-M,FR4-1;FR4-3;FR5-2,FR5-1;FR5-3;FR5-4,0.5979325052244765,0.1661878049007957,False,False
cfos,543,AGUA-M;FR5-5;NPY-M,FR4-1;FR4-3;FR5-3,FR5-1;FR5-2;FR5-4,0.5011559795775336,0.14314014642615422,False,False
cfos,544,AGUA-M;FR5-5;NPY-M,FR4-1;FR4-3;FR5-4,FR5-1;FR5-2;FR5-3,0.6101673587339183,0.16901359358251558,False,False
cfos,545,AGUA-M;FR5-5;NPY-M,FR4-1;FR5-1;FR5-2,FR4-3;FR5-3;FR5-4,1.0894760073292524,0.26640968314196456,False,True
cfos,546,AGUA-M;FR5-5;NPY-M,FR4-1;FR5-1;FR5-3,FR4-3;FR5-2;FR5-4,0.5545768711524807,0.15601768965898696,False,False
cfos,547,AGUA-M;FR5-5;NPY-M,FR4-1;FR5-1;FR5-4,FR4-3;FR5-2;FR5-3,0.3705815055609863,0.10994586689257592,False,False
cfos,548,AGUA-M;FR5-5;NPY-M,FR4-1;FR5-2;FR5-3,FR4-3;FR5-1;FR5-4,0.41209712016494543,0.12077531959143767,False,False
cfos,549,AGUA-M;FR5-5;NPY-M,FR4-1;FR5-2;FR5-4,FR4-3;FR5-1;FR5-3,0.6952424854704018,0.1881452944438903,False,False
cfos,550,AGUA-M;FR5-5;NPY-M,FR4-1;FR5-3;FR5-4,FR4-3;FR5-1;FR5-2,0.8326849878127476,0.21725891651949922,False,False
cfos,551,AGUA-M;FR5-5;NPY-M,FR4-3;FR5-1;FR5-2,FR4-1;FR5-3;FR5-4,0.8326849878127476,0.21725891651949922,False,False
cfos,552,AGUA-M;FR5-5;NPY-M,FR4-3;FR5-1;FR5-3,FR4-1;FR5-2;FR5-4,0.6952424854704017,0.18814529444389028,False,False
cfos,553,AGUA-M;FR5-5;NPY-M,FR4-3;FR5-1;FR5-4,FR4-1;FR5-2;FR5-3,0.41209712016494543,0.12077531959143767,False,False
cfos,554,AGUA-M;FR5-5;NPY-M,FR4-3;FR5-2;FR5-3,FR4-1;FR5-1;FR5-4,0.3705815055609863,0.10994586689257592,False,False
cfos,555,AGUA-M;FR5-5;NPY-M,FR4-3;FR5-2;FR5-4,FR4-1;FR5-1;FR5-3,0.5545768711524807,0.156017689658987,False,False
cfos,556,AGUA-M;FR5-5;NPY-M,FR4-3;FR5-3;FR5-4,FR4-1;FR5-1;FR5-2,1.0894760073292524,0.26640968314196456,True,True
cfos,557,AGUA-M;FR5-5;NPY-M,FR5-1;FR5-2;FR5-3,FR4-1;FR4-3;FR5-4,0.6101673587339183,0.16901359358251558,False,False
cfos,558,AGUA-M;FR5-5;NPY-M,FR5-1;FR5-2;FR5-4,FR4-1;FR4-3;FR5-3,0.5011559795775336,0.1431401464261542,False,False
cfos,559,AGUA-M;FR5-5;NPY-M,FR5-1;FR5-3;FR5-4,FR4-1;FR4-3;FR5-2,0.5979325052244765,0.1661878049007957,False,False
cfos,560,AGUA-M;FR5-5;NPY-M,FR5-2;FR5-3;FR5-4,FR4-1;FR4-3;FR5-1,0.741909895986569,0.19827037972836106,False,False
cfos,561,FR4-1;FR4-3;FR5-1,AGUA-M;FR5-2;FR5-3,FR5-4;FR5-5;NPY-M,0.7959220671322972,0.20967818966146268,False,False
cfos,562,FR4-1;FR4-3;FR5-1,AGUA-M;FR5-2;FR5-4,FR5-3;FR5-5;NPY-M,0.6779357650793324,0.18432506938160442,False,False
cfos,563,FR4-1;FR4-3;FR5-1,AGUA-M;FR5-2;FR5-5,FR5-3;FR5-4;NPY-M,3.4693486443237123,0.5362747990661721,False,True
cfos,564,FR4-1;FR4-3;FR5-1,AGUA-M;FR5-2;NPY-M,FR5-3;FR5-4;FR5-5,0.9841964617011365,0.24702508301533732,False,False
cfos,565,FR4-1;FR4-3;FR5-1,AGUA-M;FR5-3;FR5-4,FR5-2;FR5-5;NPY-M,0.5318371826367069,0.15058372035136164,False,False
cfos,566,FR4-1;FR4-3;FR5-1,AGUA-M;FR5-3;FR5-5,FR5-2;FR5-4;NPY-M,1.1800079385543696,0.2822980137598658,False,True
cfos,567,FR4-1;FR4-3;FR5-1,AGUA-M;FR5-3;NPY-M,FR5-2;FR5-4;FR5-5,1.3459827763351349,0.3097073425289022,False,True
cfos,568,FR4-1;FR4-3;FR5-1,AGUA-M;FR5-4;FR5-5,FR5-2;FR5-3;NPY-M,0.6039813440767734,0.16758725598550356,False,False
cfos,569,FR4-1;FR4-3;FR5-1,AGUA-M;FR5-4;NPY-M,FR5-2;FR5-3;FR5-5,2.4415952710244118,0.4486910821952342,False,True
cfos,570,FR4-1;FR4-3;FR5-1,AGUA-M;FR5-5;NPY-M,FR5-2;FR5-3;FR5-4,0.741909895986569,0.19827037972836106,False,False
cfos,571,FR4-1;FR4-3;FR5-1,FR5-2;FR5-3;FR5-4,AGUA-M;FR5-5;NPY-M,0.741909895986569,0.19827037972836106,False,False
cfos,572,FR4-1;FR4-3;FR5-1,FR5-2;FR5-3;FR5-5,AGUA-M;FR5-4;NPY-M,2.4415952710244118,0.4486910821952342,False,True
cfos,573,FR4-1;FR4-3;FR5-1,FR5-2;FR5-3;NPY-M,AGUA-M;FR5-4;FR5-5,0.6039813440767734,0.16758725598550356,False,False
cfos,574,FR4-1;FR4-3;FR5-1,FR5-2;FR5-4;FR5-5,AGUA-M;FR5-3;NPY-M,1.3459827763351349,0.3097073425289022,False,True
cfos,575,FR4-1;FR4-3;FR5-1,FR5-2;FR5-4;NPY-M,AGUA-M;FR5-3;FR5-5,1.1800079385543696,0.2822980137598658,False,True
cfos,576,FR4-1;FR4-3;FR5-1,FR5-2;FR5-5;NPY-M,AGUA-M;FR5-3;FR5-4,0.5318371826367069,0.15058372035136167,False,False
cfos,577,FR4-1;FR4-3;FR5-1,FR5-3;FR5-4;FR5-5,AGUA-M;FR5-2;NPY-M,0.9841964617011365,0.24702508301533732,False,False
cfos,578,FR4-1;FR4-3;FR5-1,FR5-3;FR5-4;NPY-M,AGUA-M;FR5-2;FR5-5,3.4693486443237123,0.5362747990661721,False,True
cfos,579,FR4-1;FR4-3;FR5-1,FR5-3;FR5-5;NPY-M,AGUA-M;FR5-2;FR5-4,0.6779357650793324,0.18432506938160442,False,False
cfos,580,FR4-1;FR4-3;FR5-1,FR5-4;FR5-5;NPY-M,AGUA-M;FR5-2;FR5-3,0.7959220671322972,0.20967818966146268,False,False
cfos,581,FR4-1;FR4-3;FR5-2,AGUA-M;FR5-1;FR5-3,FR5-4;FR5-5;NPY-M,0.6741120090831695,0.18347617258717872,False,False
cfos,582,FR4-1;FR4-3;FR5-2,AGUA-M;FR5-1;FR5-4,FR5-3;FR5-5;NPY-M,0.3385345977378225,0.10140215349788861,False,False
cfos,583,FR4-1;FR4-3;FR5-2,AGUA-M;FR5-1;FR5-5,FR5-3;FR5-4;NPY-M,2.8070179136760594,0.48338371870100055,False,True
cfos,584,FR4-1;FR4-3;FR5-2,AGUA-M;FR5-1;NPY-M,FR5-3;FR5-4;FR5-5,0.6734778565663154,0.1833352160711895,False,False
cfos,585,FR4-1;FR4-3;FR5-2,AGUA-M;FR5-3;FR5-4,FR5-1;FR5-5;NPY-M,0.3747495010143938,0.11104513117247673,False,False
cfos,586,FR4-1;FR4-3;FR5-2,AGUA-M;FR5-3;FR5-5,FR5-1;FR5-4;NPY-M,0.8106250877346215,0.2127275890624365,False,False
cfos,587,FR4-1;FR4-3;FR5-2,AGUA-M;FR5-3;NPY-M,FR5-1;FR5-4;FR5-5,1.0049966573815288,0.2509357044104493,False,False
cfos,588,FR4-1;FR4-3;FR5-2,AGUA-M;FR5-4;FR5-5,FR5-1;FR5-3;NPY-M,0.5491942641022746,0.15473773009750613,False,False
cfos,589,FR4-1;FR4-3;FR5-2,AGUA-M;FR5-4;NPY-M,FR5-1;FR5-3;FR5-5,2.4214288328270963,0.44664034288621307,False,True
cfos,590,FR4-1;FR4-3;FR5-2,AGUA-M;FR5-5;NPY-M,FR5-1;FR5-3;FR5-4,0.5979325052244765,0.1661878049007957,False,False
cfos,591,FR4-1;FR4-3;FR5-2,FR5-1;FR5-3;FR5-4,AGUA-M;FR5-5;NPY-M,0.5979325052244764,0.1661878049007957,False,False
cfos,592,FR4-1;FR4-3;FR5-2,FR5-1;FR5-3;FR5-5,AGUA-M;FR5-4;NPY-M,2.4214288328270963,0.44664034288621307,False,True
cfos,593,FR4-1;FR4-3;FR5-2,FR5-1;FR5-3;NPY-M,AGUA-M;FR5-4;FR5-5,0.5491942641022746,0.15473773009750613,False,False
cfos,594,FR4-1;FR4-3;FR5-2,FR5-1;FR5-4;FR5-5,AGUA-M;FR5-3;NPY-M,1.0049966573815288,0.2509357044104493,False,False
cfos,595,FR4-1;FR4-3;FR5-2,FR5-1;FR5-4;NPY-M,AGUA-M;FR5-3;FR5-5,0.8106250877346215,0.2127275890624365,False,False
cfos,596,FR4-1;FR4-3;FR5-2,FR5-1;FR5-5;NPY-M,AGUA-M;FR5-3;FR5-4,0.3747495010143938,0.11104513117247673,False,False
cfos,597,FR4-1;FR4-3;FR5-2,FR5-3;FR5-4;FR5-5,AGUA-M;FR5-1;NPY-M,0.6734778565663154,0.1833352160711895,False,False
cfos,598,FR4-1;FR4-3;FR5-2,FR5-3;FR5-4;NPY-M,AGUA-M;FR5-1;FR5-5,2.8070179136760607,0.48338371870100066,False,True
cfos,599,FR4-1;FR4-3;FR5-2,FR5-3;FR5-5;NPY-M,AGUA-M;FR5-1;FR5-4,0.33853459773782246,0.10140215349788859,False,False
cfos,600,FR4-1;FR4-3;FR5-2,FR5-4;FR5-5;NPY-M,AGUA-M;FR5-1;FR5-3,0.6741120090831695,0.18347617258717872,False,False
cfos,601,FR4-1;FR4-3;FR5-3,AGUA-M;FR5-1;FR5-2,FR5-4;FR5-5;NPY-M,1.0326687951333489,0.25607577700890793,False,False
cfos,602,FR4-1;FR4-3;FR5-3,AGUA-M;FR5-1;FR5-4,FR5-2;FR5-5;NPY-M,0.22756808294813882,0.07050760111008181,False,False
cfos,603,FR4-1;FR4-3;FR5-3,AGUA-M;FR5-1;FR5-5,FR5-2;FR5-4;NPY-M,1.561845728375647,0.342371448175162,False,True
cfos,604,FR4-1;FR4-3;FR5-3,AGUA-M;FR5-1;NPY-M,FR5-2;FR5-4;FR5-5,0.7530609399969818,0.20065246795528646,False,False
cfos,605,FR4-1;FR4-3;FR5-3,AGUA-M;FR5-2;FR5-4,FR5-1;FR5-5;NPY-M,0.3855915482207344,0.1138919278149127,False,False
cfos,606,FR4-1;FR4-3;FR5-3,AGUA-M;FR5-2;FR5-5,FR5-1;FR5-4;NPY-M,1.4490061841142678,0.32569210384290437,False,True
cfos,607,FR4-1;FR4-3;FR5-3,AGUA-M;FR5-2;NPY-M,FR5-1;FR5-4;FR5-5,0.7762957482107392,0.20557069678098142,False,False
cfos,608,FR4-1;FR4-3;FR5-3,AGUA-M;FR5-4;FR5-5,FR5-1;FR5-2;NPY-M,0.273244804931189,0.08347826735096071,False,False
cfos,609,FR4-1;FR4-3;FR5-3,AGUA-M;FR5-4;NPY-M,FR5-1;FR5-2;FR5-5,3.4337699498413885,0.5337104025496033,False,True
cfos,610,FR4-1;FR4-3;FR5-3,AGUA-M;FR5-5;NPY-M,FR5-1;FR5-2;FR5-4,0.5011559795775336,0.14314014642615422,False,False
cfos,611,FR4-1;FR4-3;FR5-3,FR5-1;FR5-2;FR5-4,AGUA-M;FR5-5;NPY-M,0.5011559795775336,0.1431401464261542,False,False
cfos,612,FR4-1;FR4-3;FR5-3,FR5-1;FR5-2;FR5-5,AGUA-M;FR5-4;NPY-M,3.4337699498413885,0.5337104025496033,False,True
cfos,613,FR4-1;FR4-3;FR5-3,FR5-1;FR5-2;NPY-M,AGUA-M;FR5-4;FR5-5,0.273244804931189,0.08347826735096071,False,False
cfos,614,FR4-1;FR4-3;FR5-3,FR5-1;FR5-4;FR5-5,AGUA-M;FR5-2;NPY-M,0.7762957482107392,0.20557069678098142,False,False
cfos,615,FR4-1;FR4-3;FR5-3,FR5-1;FR5-4;NPY-M,AGUA-M;FR5-2;FR5-5,1.4490061841142678,0.32569210384290437,False,True
cfos,616,FR4-1;FR4-3;FR5-3,FR5-1;FR5-5;NPY-M,AGUA-M;FR5-2;FR5-4,0.3855915482207344,0.1138919278149127,False,False
cfos,617,FR4-1;FR4-3;FR5-3,FR5-2;FR5-4;FR5-5,AGUA-M;FR5-1;NPY-M,0.7530609399969818,0.20065246795528646,False,False
cfos,618,FR4-1;FR4-3;FR5-3,FR5-2;FR5-4;NPY-M,AGUA-M;FR5-1;FR5-5,1.561845728375647,0.342371448175162,False,True
cfos,619,FR4-1;FR4-3;FR5-3,FR5-2;FR5-5;NPY-M,AGUA-M;FR5-1;FR5-4,0.22756808294813882,0.07050760111008181,False,False
cfos,620,FR4-1;FR4-3;FR5-3,FR5-4;FR5-5;NPY-M,AGUA-M;FR5-1;FR5-2,1.0326687951333489,0.25607577700890793,False,False
cfos,621,FR4-1;FR4-3;FR5-4,AGUA-M;FR5-1;FR5-2,FR5-3;FR5-5;NPY-M,0.6933928185272641,0.18773871412999435,False,False
cfos,622,FR4-1;FR4-3;FR5-4,AGUA-M;FR5-1;FR5-3,FR5-2;FR5-5;NPY-M,0.2759838054818052,0.08424455732045835,False,False
cfos,623,FR4-1;FR4-3;FR5-4,AGUA-M;FR5-1;FR5-5,FR5-2;FR5-3;NPY-M,0.8928458700022982,0.2293555665489965,False,False
cfos,624,FR4-1;FR4-3;FR5-4,AGUA-M;FR5-1;NPY-M,FR5-2;FR5-3;FR5-5,0.8191448296788715,0.21448383504946797,False,False
cfos,625,FR4-1;FR4-3;FR5-4,AGUA-M;FR5-2;FR5-3,FR5-1;FR5-5;NPY-M,0.22895897528189885,0.07090798521585738,False,False
cfos,626,FR4-1;FR4-3;FR5-4,AGUA-M;FR5-2;FR5-5,FR5-1;FR5-3;NPY-M,1.1061978899038283,0.2693971210261707,False,True
cfos,627,FR4-1;FR4-3;FR5-4,AGUA-M;FR5-2;NPY-M,FR5-1;FR5-3;FR5-5,1.1443502768452234,0.2761229626845947,False,True
cfos,628,FR4-1;FR4-3;FR5-4,AGUA-M;FR5-3;FR5-5,FR5-1;FR5-2;NPY-M,0.27930906125211336,0.0851731434991574,False,False
cfos,629,FR4-1;FR4-3;FR5-4,AGUA-M;FR5-3;NPY-M,FR5-1;FR5-2;FR5-5,2.072348855942085,0.4085580299774529,False,True
cfos,630,FR4-1;FR4-3;FR5-4,AGUA-M;FR5-5;NPY-M,FR5-1;FR5-2;FR5-3,0.6101673587339183,0.16901359358251558,False,False
cfos,631,FR4-1;FR4-3;FR5-4,FR5-1;FR5-2;FR5-3,AGUA-M;FR5-5;NPY-M,0.6101673587339183,0.16901359358251558,False,False
cfos,632,FR4-1;FR4-3;FR5-4,FR5-1;FR5-2;FR5-5,AGUA-M;FR5-3;NPY-M,2.072348855942085,0.4085580299774529,False,True
cfos,633,FR4-1;FR4-3;FR5-4,FR5-1;FR5-2;NPY-M,AGUA-M;FR5-3;FR5-5,0.27930906125211336,0.0851731434991574,False,False
cfos,634,FR4-1;FR4-3;FR5-4,FR5-1;FR5-3;FR5-5,AGUA-M;FR5-2;NPY-M,1.1443502768452234,0.2761229626845947,False,True
cfos,635,FR4-1;FR4-3;FR5-4,FR5-1;FR5-3;NPY-M,AGUA-M;FR5-2;FR5-5,1.1061978899038283,0.2693971210261707,False,True
cfos,636,FR4-1;FR4-3;FR5-4,FR5-1;FR5-5;NPY-M,AGUA-M;FR5-2;FR5-3,0.22895897528189885,0.07090798521585738,False,False
cfos,637,FR4-1;FR4-3;FR5-4,FR5-2;FR5-3;FR5-5,AGUA-M;FR5-1;NPY-M,0.8191448296788715,0.21448383504946797,False,False
cfos,638,FR4-1;FR4-3;FR5-4,FR5-2;FR5-3;NPY-M,AGUA-M;FR5-1;FR5-5,0.8928458700022982,0.2293555665489965,False,False
cfos,639,FR4-1;FR4-3;FR5-4,FR5-2;FR5-5;NPY-M,AGUA-M;FR5-1;FR5-3,0.2759838054818052,0.08424455732045835,False,False
cfos,640,FR4-1;FR4-3;FR5-4,FR5-3;FR5-5;NPY-M,AGUA-M;FR5-1;FR5-2,0.6933928185272641,0.18773871412999435,False,False
cfos,641,FR4-1;FR4-3;FR5-5,AGUA-M;FR5-1;FR5-2,FR5-3;FR5-4;NPY-M,2.8490328307260055,0.48709468952875956,False,True
cfos,642,FR4-1;FR4-3;FR5-5,AGUA-M;FR5-1;FR5-3,FR5-2;FR5-4;NPY-M,1.1292897954927512,0.2734828145811918,False,True
cfos,643,FR4-1;FR4-3;FR5-5,AGUA-M;FR5-1;FR5-4,FR5-2;FR5-3;NPY-M,0.5158858488366436,0.1467299767446497,False,False
cfos,644,FR4-1;FR4-3;FR5-5,AGUA-M;FR5-1;NPY-M,FR5-2;FR5-3;FR5-4,0.8102718051794598,0.21265459437251275,False,False
cfos,645,FR4-1;FR4-3;FR5-5,AGUA-M;FR5-2;FR5-3,FR5-1;FR5-4;NPY-M,0.8966828670562229,0.23011440695804647,False,False
cfos,646,FR4-1;FR4-3;FR5-5,AGUA-M;FR5-2;FR5-4,FR5-1;FR5-3;NPY-M,0.830455689670325,0.2168033667403681,False,False
cfos,647,FR4-1;FR4-3;FR5-5,AGUA-M;FR5-2;NPY-M,FR5-1;FR5-3;FR5-4,0.9696290902453104,0.24426188648909525,False,False
cfos,648,FR4-1;FR4-3;FR5-5,AGUA-M;FR5-3;FR5-4,FR5-1;FR5-2;NPY-M,0.4993466436717411,0.1426971073513867,False,False
cfos,649,FR4-1;FR4-3;FR5-5,AGUA-M;FR5-3;NPY-M,FR5-1;FR5-2;FR5-4,1.0904214140077022,0.2665792356439216,False,True
cfos,650,FR4-1;FR4-3;FR5-5,AGUA-M;FR5-4;NPY-M,FR5-1;FR5-2;FR5-3,2.1511436142675624,0.4176050553724334,False,True
cfos,651,FR4-1;FR4-3;FR5-5,FR5-1;FR5-2;FR5-3,AGUA-M;FR5-4;NPY-M,2.1511436142675624,0.4176050553724334,False,True
cfos,652,FR4-1;FR4-3;FR5-5,FR5-1;FR5-2;FR5-4,AGUA-M;FR5-3;NPY-M,1.0904214140077026,0.26657923564392166,False,True
cfos,653,FR4-1;FR4-3;FR5-5,FR5-1;FR5-2;NPY-M,AGUA-M;FR5-3;FR5-4,0.4993466436717411,0.1426971073513867,False,False
cfos,654,FR4-1;FR4-3;FR5-5,FR5-1;FR5-3;FR5-4,AGUA-M;FR5-2;NPY-M,0.9696290902453103,0.2442618864890952,False,False
cfos,655,FR4-1;FR4-3;FR5-5,FR5-1;FR5-3;NPY-M,AGUA-M;FR5-2;FR5-4,0.830455689670325,0.2168033667403681,False,False
cfos,656,FR4-1;FR4-3;FR5-5,FR5-1;FR5-4;NPY-M,AGUA-M;FR5-2;FR5-3,0.8966828670562229,0.23011440695804647,False,False
cfos,657,FR4-1;FR4-3;FR5-5,FR5-2;FR5-3;FR5-4,AGUA-M;FR5-1;NPY-M,0.8102718051794596,0.2126545943725127,False,False
cfos,658,FR4-1;FR4-3;FR5-5,FR5-2;FR5-3;NPY-M,AGUA-M;FR5-1;FR5-4,0.5158858488366435,0.14672997674464966,False,False
cfos,659,FR4-1;FR4-3;FR5-5,FR5-2;FR5-4;NPY-M,AGUA-M;FR5-1;FR5-3,1.1292897954927512,0.2734828145811917,False,True
cfos,660,FR4-1;FR4-3;FR5-5,FR5-3;FR5-4;NPY-M,AGUA-M;FR5-1;FR5-2,2.849032830726004,0.4870946895287595,False,True
cfos,661,FR4-1;FR4-3;NPY-M,AGUA-M;FR5-1;FR5-2,FR5-3;FR5-4;FR5-5,1.2850466070587698,0.29989092882721713,False,True
cfos,662,FR4-1;FR4-3;NPY-M,AGUA-M;FR5-1;FR5-3,FR5-2;FR5-4;FR5-5,0.9714509667905264,0.24460857628958496,False,False
cfos,663,FR4-1;FR4-3;NPY-M,AGUA-M;FR5-1;FR5-4,FR5-2;FR5-3;FR5-5,0.971947391626578,0.2447029871733899,False,False
cfos,664,FR4-1;FR4-3;NPY-M,AGUA-M;FR5-1;FR5-5,FR5-2;FR5-3;FR5-4,1.447734689461768,0.3254993363007815,False,True
cfos,665,FR4-1;FR4-3;NPY-M,AGUA-M;FR5-2;FR5-3,FR5-1;FR5-4;FR5-5,0.8072948148526446,0.21203895524541608,False,False
cfos,666,FR4-1;FR4-3;NPY-M,AGUA-M;FR5-2;FR5-4,FR5-1;FR5-3;FR5-5,1.448234760558879,0.32557516374808465,False,True
cfos,667,FR4-1;FR4-3;NPY-M,AGUA-M;FR5-2;FR5-5,FR5-1;FR5-3;FR5-4,1.5893161827685722,0.3463078418383878,False,True
cfos,668,FR4-1;FR4-3;NPY-M,AGUA-M;FR5-3;FR5-4,FR5-1;FR5-2;FR5-5,2.083009154951918,0.4097984267690389,False,True
cfos,669,FR4-1;FR4-3;NPY-M,AGUA-M;FR5-3;FR5-5,FR5-1;FR5-2;FR5-4,0.7988901423625604,0.21029566858327844,False,False
cfos,670,FR4-1;FR4-3;NPY-M,AGUA-M;FR5-4;FR5-5,FR5-1;FR5-2;FR5-3,0.9188753078654288,0.2344742395914431,False,False
cfos,671,FR4-1;FR4-3;NPY-M,FR5-1;FR5-2;FR5-3,AGUA-M;FR5-4;FR5-5,0.918875307865429,0.23447423959144312,False,False
cfos,672,FR4-1;FR4-3;NPY-M,FR5-1;FR5-2;FR5-4,AGUA-M;FR5-3;FR5-5,0.7988901423625604,0.21029566858327844,False,False
cfos,673,FR4-1;FR4-3;NPY-M,FR5-1;FR5-2;FR5-5,AGUA-M;FR5-3;FR5-4,2.0830091549519185,0.409798426769039,False,True
cfos,674,FR4-1;FR4-3;NPY-M,FR5-1;FR5-3;FR5-4,AGUA-M;FR5-2;FR5-5,1.5893161827685722,0.3463078418383878,False,True
cfos,675,FR4-1;FR4-3;NPY-M,FR5-1;FR5-3;FR5-5,AGUA-M;FR5-2;FR5-4,1.448234760558879,0.32557516374808465,False,True
cfos,676,FR4-1;FR4-3;NPY-M,FR5-1;FR5-4;FR5-5,AGUA-M;FR5-2;FR5-3,0.8072948148526446,0.21203895524541608,False,False
cfos,677,FR4-1;FR4-3;NPY-M,FR5-2;FR5-3;FR5-4,AGUA-M;FR5-1;FR5-5,1.447734689461768,0.3254993363007815,False,True
cfos,678,FR4-1;FR4-3;NPY-M,FR5-2;FR5-3;FR5-5,AGUA-M;FR5-1;FR5-4,0.971947391626578,0.2447029871733899,False,False
cfos,679,FR4-1;FR4-3;NPY-M,FR5-2;FR5-4;FR5-5,AGUA-M;FR5-1;FR5-3,0.9714509667905264,0.24460857628958496,False,False
cfos,680,FR4-1;FR4-3;NPY-M,FR5-3;FR5-4;FR5-5,AGUA-M;FR5-1;FR5-2,1.28504660705877,0.2998909288272172,False,True
cfos,681,FR4-1;FR5-1;FR5-2,AGUA-M;FR4-3;FR5-3,FR5-4;FR5-5;NPY-M,0.9041661371538156,0.23159007721248348,False,False
cfos,682,FR4-1;FR5-1;FR5-2,AGUA-M;FR4-3;FR5-4,FR5-3;FR5-5;NPY-M,0.6831901221372764,0.18548869308457958,False,False
cfos,683,FR4-1;FR5-1;FR5-2,AGUA-M;FR4-3;FR5-5,FR5-3;FR5-4;NPY-M,2.689892589542616,0.4727492737712372,False,True
cfos,684,FR4-1;FR5-1;FR5-2,AGUA-M;FR4-3;NPY-M,FR5-3;FR5-4;FR5-5,1.3704327251098198,0.31356911576196006,False,True
cfos,685,FR4-1;FR5-1;FR5-2,AGUA-M;FR5-3;FR5-4,FR4-3;FR5-5;NPY-M,0.7437573779913793,0.19866601996265684,False,False
cfos,686,FR4-1;FR5-1;FR5-2,AGUA-M;FR5-3;FR5-5,FR4-3;FR5-4;NPY-M,1.9592470761168852,0.39506946236907103,False,True
cfos,687,FR4-1;FR5-1;FR5-2,AGUA-M;FR5-3;NPY-M,FR4-3;FR5-4;FR5-5,1.2397387590691191,0.29240923309654987,False,True
cfos,688,FR4-1;FR5-1;FR5-2,AGUA-M;FR5-4;FR5-5,FR4-3;FR5-3;NPY-M,1.2925023781042992,0.30110696844275436,False,True
cfos,689,FR4-1;FR5-1;FR5-2,AGUA-M;FR5-4;NPY-M,FR4-3;FR5-3;FR5-5,2.475863854840799,0.4521412366109274,False,True
cfos,690,FR4-1;FR5-1;FR5-2,AGUA-M;FR5-5;NPY-M,FR4-3;FR5-3;FR5-4,1.0894760073292524,0.26640968314196456,False,True
cfos,691,FR4-1;FR5-1;FR5-2,FR4-3;FR5-3;FR5-4,AGUA-M;FR5-5;NPY-M,1.0894760073292524,0.26640968314196456,False,True
cfos,692,FR4-1;FR5-1;FR5-2,FR4-3;FR5-3;FR5-5,AGUA-M;FR5-4;NPY-M,2.475863854840799,0.4521412366109274,False,True
cfos,693,FR4-1;FR5-1;FR5-2,FR4-3;FR5-3;NPY-M,AGUA-M;FR5-4;FR5-5,1.2925023781042995,0.3011069684427544,False,True
cfos,694,FR4-1;FR5-1;FR5-2,FR4-3;FR5-4;FR5-5,AGUA-M;FR5-3;NPY-M,1.2397387590691191,0.29240923309654987,False,True
cfos,695,FR4-1;FR5-1;FR5-2,FR4-3;FR5-4;NPY-M,AGUA-M;FR5-3;FR5-5,1.9592470761168852,0.39506946236907103,False,True
cfos,696,FR4-1;FR5-1;FR5-2,FR4-3;FR5-5;NPY-M,AGUA-M;FR5-3;FR5-4,0.7437573779913793,0.19866601996265684,False,False
cfos,697,FR4-1;FR5-1;FR5-2,FR5-3;FR5-4;FR5-5,AGUA-M;FR4-3;NPY-M,1.3704327251098198,0.31356911576196006,False,True
cfos,698,FR4-1;FR5-1;FR5-2,FR5-3;FR5-4;NPY-M,AGUA-M;FR4-3;FR5-5,2.689892589542616,0.4727492737712372,False,True
cfos,699,FR4-1;FR5-1;FR5-2,FR5-3;FR5-5;NPY-M,AGUA-M;FR4-3;FR5-4,0.6831901221372764,0.18548869308457958,False,False
cfos,700,FR4-1;FR5-1;FR5-2,FR5-4;FR5-5;NPY-M,AGUA-M;FR4-3;FR5-3,0.9041661371538156,0.23159007721248348,False,False
cfos,701,FR4-1;FR5-1;FR5-3,AGUA-M;FR4-3;FR5-2,FR5-4;FR5-5;NPY-M,0.8306610157711222,0.21684534662587676,False,False
cfos,702,FR4-1;FR5-1;FR5-3,AGUA-M;FR4-3;FR5-4,FR5-2;FR5-5;NPY-M,0.37428201973762526,0.11092197319260481,False,False
cfos,703,FR4-1;FR5-1;FR5-3,AGUA-M;FR4-3;FR5-5,FR5-2;FR5-4;NPY-M,1.213866866828312,0.28806483574123065,False,True
cfos,704,FR4-1;FR5-1;FR5-3,AGUA-M;FR4-3;NPY-M,FR5-2;FR5-4;FR5-5,1.208838055692451,0.28721420014188903,False,True
cfos,705,FR4-1;FR5-1;FR5-3,AGUA-M;FR5-2;FR5-4,FR4-3;FR5-5;NPY-M,0.5622711981969336,0.15784064910092493,False,False
cfos,706,FR4-1;FR5-1;FR5-3,AGUA-M;FR5-2;FR5-5,FR4-3;FR5-4;NPY-M,2.600795563165119,0.46436180964537094,False,True
cfos,707,FR4-1;FR5-1;FR5-3,AGUA-M;FR5-2;NPY-M,FR4-3;FR5-4;FR5-5,0.7658734293559828,0.20337205796291402,False,False
cfos,708,FR4-1;FR5-1;FR5-3,AGUA-M;FR5-4;FR5-5,FR4-3;FR5-2;NPY-M,0.4985552102933861,0.14250317068787308,False,False
cfos,709,FR4-1;FR5-1;FR5-3,AGUA-M;FR5-4;NPY-M,FR4-3;FR5-2;FR5-5,2.47312383674021,0.4518669612659818,False,True
cfos,710,FR4-1;FR5-1;FR5-3,AGUA-M;FR5-5;NPY-M,FR4-3;FR5-2;FR5-4,0.5545768711524807,0.15601768965898696,False,False
cfos,711,FR4-1;FR5-1;FR5-3,FR4-3;FR5-2;FR5-4,AGUA-M;FR5-5;NPY-M,0.5545768711524807,0.156017689658987,False,False
cfos,712,FR4-1;FR5-1;FR5-3,FR4-3;FR5-2;FR5-5,AGUA-M;FR5-4;NPY-M,2.47312383674021,0.4518669612659818,False,True
cfos,713,FR4-1;FR5-1;FR5-3,FR4-3;FR5-2;NPY-M,AGUA-M;FR5-4;FR5-5,0.49855521029338606,0.14250317068787308,False,False
cfos,714,FR4-1;FR5-1;FR5-3,FR4-3;FR5-4;FR5-5,AGUA-M;FR5-2;NPY-M,0.7658734293559828,0.20337205796291402,False,False
cfos,715,FR4-1;FR5-1;FR5-3,FR4-3;FR5-4;NPY-M,AGUA-M;FR5-2;FR5-5,2.600795563165119,0.46436180964537094,False,True
cfos,716,FR4-1;FR5-1;FR5-3,FR4-3;FR5-5;NPY-M,AGUA-M;FR5-2;FR5-4,0.5622711981969335,0.1578406491009249,False,False
cfos,717,FR4-1;FR5-1;FR5-3,FR5-2;FR5-4;FR5-5,AGUA-M;FR4-3;NPY-M,1.208838055692451,0.28721420014188903,False,True
cfos,718,FR4-1;FR5-1;FR5-3,FR5-2;FR5-4;NPY-M,AGUA-M;FR4-3;FR5-5,1.2138668668283117,0.28806483574123065,False,True
cfos,719,FR4-1;FR5-1;FR5-3,FR5-2;FR5-5;NPY-M,AGUA-M;FR4-3;FR5-4,0.37428201973762526,0.11092197319260481,False,False
cfos,720,FR4-1;FR5-1;FR5-3,FR5-4;FR5-5;NPY-M,AGUA-M;FR4-3;FR5-2,0.8306610157711223,0.2168453466258768,False,False
cfos,721,FR4-1;FR5-1;FR5-4,AGUA-M;FR4-3;FR5-2,FR5-3;FR5-5;NPY-M,0.3804174735523103,0.11253564878557698,False,False
cfos,722,FR4-1;FR5-1;FR5-4,AGUA-M;FR4-3;FR5-3,FR5-2;FR5-5;NPY-M,0.16694105222065422,0.05271365948020896,False,False
cfos,723,FR4-1;FR5-1;FR5-4,AGUA-M;FR4-3;FR5-5,FR5-2;FR5-3;NPY-M,0.48462943550453225,0.1390763191536789,False,False
cfos,724,FR4-1;FR5-1;FR5-4,AGUA-M;FR4-3;NPY-M,FR5-2;FR5-3;FR5-5,1.0820377038028377,0.26507293227468437,False,False
cfos,725,FR4-1;FR5-1;FR5-4,AGUA-M;FR5-2;FR5-3,FR4-3;FR5-5;NPY-M,0.2569190340864364,0.07888407154048337,False,False
cfos,726,FR4-1;FR5-1;FR5-4,AGUA-M;FR5-2;FR5-5,FR4-3;FR5-3;NPY-M,1.5188995533849747,0.33612155690586476,False,True
cfos,727,FR4-1;FR5-1;FR5-4,AGUA-M;FR5-2;NPY-M,FR4-3;FR5-3;FR5-5,0.7592998214216772,0.20197905394375493,False,False
cfos,728,FR4-1;FR5-1;FR5-4,AGUA-M;FR5-3;FR5-5,FR4-3;FR5-2;NPY-M,0.3640788153725968,0.10822541187468354,False,False
cfos,729,FR4-1;FR5-1;FR5-4,AGUA-M;FR5-3;NPY-M,FR4-3;FR5-2;FR5-5,1.2297722469098415,0.2907419537324451,False,True
cfos,730,FR4-1;FR5-1;FR5-4,AGUA-M;FR5-5;NPY-M,FR4-3;FR5-2;FR5-3,0.3705815055609863,0.10994586689257592,False,False
cfos,731,FR4-1;FR5-1;FR5-4,FR4-3;FR5-2;FR5-3,AGUA-M;FR5-5;NPY-M,0.3705815055609863,0.10994586689257592,False,False
cfos,732,FR4-1;FR5-1;FR5-4,FR4-3;FR5-2;FR5-5,AGUA-M;FR5-3;NPY-M,1.2297722469098415,0.2907419537324451,False,True
cfos,733,FR4-1;FR5-1;FR5-4,FR4-3;FR5-2;NPY-M,AGUA-M;FR5-3;FR5-5,0.3640788153725968,0.10822541187468354,False,False
cfos,734,FR4-1;FR5-1;FR5-4,FR4-3;FR5-3;FR5-5,AGUA-M;FR5-2;NPY-M,0.7592998214216772,0.20197905394375493,False,False
cfos,735,FR4-1;FR5-1;FR5-4,FR4-3;FR5-3;NPY-M,AGUA-M;FR5-2;FR5-5,1.5188995533849747,0.33612155690586476,False,True
cfos,736,FR4-1;FR5-1;FR5-4,FR4-3;FR5-5;NPY-M,AGUA-M;FR5-2;FR5-3,0.2569190340864364,0.07888407154048337,False,False
cfos,737,FR4-1;FR5-1;FR5-4,FR5-2;FR5-3;FR5-5,AGUA-M;FR4-3;NPY-M,1.0820377038028377,0.26507293227468437,False,False
cfos,738,FR4-1;FR5-1;FR5-4,FR5-2;FR5-3;NPY-M,AGUA-M;FR4-3;FR5-5,0.48462943550453225,0.1390763191536789,False,False
cfos,739,FR4-1;FR5-1;FR5-4,FR5-2;FR5-5;NPY-M,AGUA-M;FR4-3;FR5-3,0.16694105222065422,0.05271365948020896,False,False
cfos,740,FR4-1;FR5-1;FR5-4,FR5-3;FR5-5;NPY-M,AGUA-M;FR4-3;FR5-2,0.3804174735523103,0.11253564878557698,False,False
cfos,741,FR4-1;FR5-1;FR5-5,AGUA-M;FR4-3;FR5-2,FR5-3;FR5-4;NPY-M,3.0804148077240177,0.5066126087007966,False,True
cfos,742,FR4-1;FR5-1;FR5-5,AGUA-M;FR4-3;FR5-3,FR5-2;FR5-4;NPY-M,1.5226555732258984,0.33667290125739685,False,True
cfos,743,FR4-1;FR5-1;FR5-5,AGUA-M;FR4-3;FR5-4,FR5-2;FR5-3;NPY-M,0.9782137019018498,0.24589269838224095,False,False
cfos,744,FR4-1;FR5-1;FR5-5,AGUA-M;FR4-3;NPY-M,FR5-2;FR5-3;FR5-4,1.6726400999916615,0.3579646761141836,False,True
cfos,745,FR4-1;FR5-1;FR5-5,AGUA-M;FR5-2;FR5-3,FR4-3;FR5-4;NPY-M,2.2404718215721684,0.42753246231558123,False,True
cfos,746,FR4-1;FR5-1;FR5-5,AGUA-M;FR5-2;FR5-4,FR4-3;FR5-3;NPY-M,1.8250810580384085,0.37824878713651666,False,True
cfos,747,FR4-1;FR5-1;FR5-5,AGUA-M;FR5-2;NPY-M,FR4-3;FR5-3;FR5-4,1.6842791685530525,0.3595599467811644,False,True
cfos,748,FR4-1;FR5-1;FR5-5,AGUA-M;FR5-3;FR5-4,FR4-3;FR5-2;NPY-M,1.0566325387407751,0.2604703602433673,False,False
cfos,749,FR4-1;FR5-1;FR5-5,AGUA-M;FR5-3;NPY-M,FR4-3;FR5-2;FR5-4,1.533126696632226,0.33820512843182265,False,True
cfos,750,FR4-1;FR5-1;FR5-5,AGUA-M;FR5-4;NPY-M,FR4-3;FR5-2;FR5-3,2.4870518792023972,0.45325831319894816,False,True
cfos,751,FR4-1;FR5-1;FR5-5,FR4-3;FR5-2;FR5-3,AGUA-M;FR5-4;NPY-M,2.487051879202398,0.45325831319894827,False,True
cfos,752,FR4-1;FR5-1;FR5-5,FR4-3;FR5-2;FR5-4,AGUA-M;FR5-3;NPY-M,1.533126696632226,0.33820512843182265,False,True
cfos,753,FR4-1;FR5-1;FR5-5,FR4-3;FR5-2;NPY-M,AGUA-M;FR5-3;FR5-4,1.0566325387407751,0.2604703602433673,False,False
cfos,754,FR4-1;FR5-1;FR5-5,FR4-3;FR5-3;FR5-4,AGUA-M;FR5-2;NPY-M,1.6842791685530525,0.3595599467811644,False,True
cfos,755,FR4-1;FR5-1;FR5-5,FR4-3;FR5-3;NPY-M,AGUA-M;FR5-2;FR5-4,1.8250810580384085,0.37824878713651666,False,True
cfos,756,FR4-1;FR5-1;FR5-5,FR4-3;FR5-4;NPY-M,AGUA-M;FR5-2;FR5-3,2.2404718215721684,0.42753246231558123,False,True
cfos,757,FR4-1;FR5-1;FR5-5,FR5-2;FR5-3;FR5-4,AGUA-M;FR4-3;NPY-M,1.6726400999916615,0.3579646761141836,False,True
cfos,758,FR4-1;FR5-1;FR5-5,FR5-2;FR5-3;NPY-M,AGUA-M;FR4-3;FR5-4,0.9782137019018498,0.24589269838224095,False,False
cfos,759,FR4-1;FR5-1;FR5-5,FR5-2;FR5-4;NPY-M,AGUA-M;FR4-3;FR5-3,1.5226555732258984,0.33667290125739685,False,True
cfos,760,FR4-1;FR5-1;FR5-5,FR5-3;FR5-4;NPY-M,AGUA-M;FR4-3;FR5-2,3.0804148077240177,0.5066126087007966,False,True
cfos,761,FR4-1;FR5-1;NPY-M,AGUA-M;FR4-3;FR5-2,FR5-3;FR5-4;FR5-5,0.6520364209546665,0.17854050337872035,False,False
cfos,762,FR4-1;FR5-1;NPY-M,AGUA-M;FR4-3;FR5-3,FR5-2;FR5-4;FR5-5,0.6011393357168352,0.16693031834525607,False,False
cfos,763,FR4-1;FR5-1;NPY-M,AGUA-M;FR4-3;FR5-4,FR5-2;FR5-3;FR5-5,0.7641029843681256,0.2029973641904472,False,False
cfos,764,FR4-1;FR5-1;NPY-M,AGUA-M;FR4-3;FR5-5,FR5-2;FR5-3;FR5-4,0.6994686287535493,0.1890727288013844,False,False
cfos,765,FR4-1;FR5-1;NPY-M,AGUA-M;FR5-2;FR5-3,FR4-3;FR5-4;FR5-5,0.4392638891735674,0.12772032136188294,False,False
cfos,766,FR4-1;FR5-1;NPY-M,AGUA-M;FR5-2;FR5-4,FR4-3;FR5-3;FR5-5,0.7749329361262356,0.20528389490316537,False,False
cfos,767,FR4-1;FR5-1;NPY-M,AGUA-M;FR5-2;FR5-5,FR4-3;FR5-3;FR5-4,1.4165550932014404,0.320737557509923,False,True
cfos,768,FR4-1;FR5-1;NPY-M,AGUA-M;FR5-3;FR5-4,FR4-3;FR5-2;FR5-5,0.9779092929152594,0.24583499041995166,False,False
cfos,769,FR4-1;FR5-1;NPY-M,AGUA-M;FR5-3;FR5-5,FR4-3;FR5-2;FR5-4,0.4926494382470864,0.14105321675064547,False,False
cfos,770,FR4-1;FR5-1;NPY-M,AGUA-M;FR5-4;FR5-5,FR4-3;FR5-2;FR5-3,0.44534198623859456,0.12925915279742395,False,False
cfos,771,FR4-1;FR5-1;NPY-M,FR4-3;FR5-2;FR5-3,AGUA-M;FR5-4;FR5-5,0.44534198623859456,0.12925915279742395,False,False
cfos,772,FR4-1;FR5-1;NPY-M,FR4-3;FR5-2;FR5-4,AGUA-M;FR5-3;FR5-5,0.4926494382470864,0.14105321675064547,False,False
cfos,773,FR4-1;FR5-1;NPY-M,FR4-3;FR5-2;FR5-5,AGUA-M;FR5-3;FR5-4,0.9779092929152594,0.24583499041995166,False,False
cfos,774,FR4-1;FR5-1;NPY-M,FR4-3;FR5-3;FR5-4,AGUA-M;FR5-2;FR5-5,1.4165550932014401,0.32073755750992294,False,True
cfos,775,FR4-1;FR5-1;NPY-M,FR4-3;FR5-3;FR5-5,AGUA-M;FR5-2;FR5-4,0.7749329361262358,0.20528389490316543,False,False
cfos,776,FR4-1;FR5-1;NPY-M,FR4-3;FR5-4;FR5-5,AGUA-M;FR5-2;FR5-3,0.4392638891735674,0.12772032136188294,False,False
cfos,777,FR4-1;FR5-1;NPY-M,FR5-2;FR5-3;FR5-4,AGUA-M;FR4-3;FR5-5,0.6994686287535494,0.18907272880138443,False,False
cfos,778,FR4-1;FR5-1;NPY-M,FR5-2;FR5-3;FR5-5,AGUA-M;FR4-3;FR5-4,0.7641029843681256,0.2029973641904472,False,False
cfos,779,FR4-1;FR5-1;NPY-M,FR5-2;FR5-4;FR5-5,AGUA-M;FR4-3;FR5-3,0.6011393357168353,0.1669303183452561,False,False
cfos,780,FR4-1;FR5-1;NPY-M,FR5-3;FR5-4;FR5-5,AGUA-M;FR4-3;FR5-2,0.6520364209546664,0.17854050337872032,False,False
cfos,781,FR4-1;FR5-2;FR5-3,AGUA-M;FR4-3;FR5-1,FR5-4;FR5-5;NPY-M,0.6922328675004752,0.18748353431160883,False,False
cfos,782,FR4-1;FR5-2;FR5-3,AGUA-M;FR4-3;FR5-4,FR5-1;FR5-5;NPY-M,0.22512496673345062,0.06980348639372792,False,False
cfos,783,FR4-1;FR5-2;FR5-3,AGUA-M;FR4-3;FR5-5,FR5-1;FR5-4;NPY-M,0.8309993626833917,0.21691451342380938,False,False
cfos,784,FR4-1;FR5-2;FR5-3,AGUA-M;FR4-3;NPY-M,FR5-1;FR5-4;FR5-5,0.8802937872418078,0.22686266440344421,False,False
cfos,785,FR4-1;FR5-2;FR5-3,AGUA-M;FR5-1;FR5-4,FR4-3;FR5-5;NPY-M,0.23742580116395065,0.07333783559721709,False,False
cfos,786,FR4-1;FR5-2;FR5-3,AGUA-M;FR5-1;FR5-5,FR4-3;FR5-4;NPY-M,2.083805100741225,0.40989083166020734,False,True
cfos,787,FR4-1;FR5-2;FR5-3,AGUA-M;FR5-1;NPY-M,FR4-3;FR5-4;FR5-5,0.4806914753609038,0.1381022933987742,False,False
cfos,788,FR4-1;FR5-2;FR5-3,AGUA-M;FR5-4;FR5-5,FR4-3;FR5-1;NPY-M,0.4344348903421881,0.12649384955989176,False,False
cfos,789,FR4-1;FR5-2;FR5-3,AGUA-M;FR5-4;NPY-M,FR4-3;FR5-1;FR5-5,2.421586415472048,0.44665642671697686,False,True
cfos,790,FR4-1;FR5-2;FR5-3,AGUA-M;FR5-5;NPY-M,FR4-3;FR5-1;FR5-4,0.41209712016494543,0.12077531959143767,False,False
cfos,791,FR4-1;FR5-2;FR5-3,FR4-3;FR5-1;FR5-4,AGUA-M;FR5-5;NPY-M,0.4120971201649453,0.12077531959143765,False,False
cfos,792,FR4-1;FR5-2;FR5-3,FR4-3;FR5-1;FR5-5,AGUA-M;FR5-4;NPY-M,2.4215864154720474,0.44665642671697675,False,True
cfos,793,FR4-1;FR5-2;FR5-3,FR4-3;FR5-1;NPY-M,AGUA-M;FR5-4;FR5-5,0.4344348903421881,0.12649384955989176,False,False
cfos,794,FR4-1;FR5-2;FR5-3,FR4-3;FR5-4;FR5-5,AGUA-M;FR5-1;NPY-M,0.4806914753609038,0.1381022933987742,False,False
cfos,795,FR4-1;FR5-2;FR5-3,FR4-3;FR5-4;NPY-M,AGUA-M;FR5-1;FR5-5,2.083805100741225,0.40989083166020734,False,True
cfos,796,FR4-1;FR5-2;FR5-3,FR4-3;FR5-5;NPY-M,AGUA-M;FR5-1;FR5-4,0.2374258011639507,0.0733378355972171,False,False
cfos,797,FR4-1;FR5-2;FR5-3,FR5-1;FR5-4;FR5-5,AGUA-M;FR4-3;NPY-M,0.8802937872418078,0.22686266440344421,False,False
cfos,798,FR4-1;FR5-2;FR5-3,FR5-1;FR5-4;NPY-M,AGUA-M;FR4-3;FR5-5,0.8309993626833917,0.21691451342380938,False,False
cfos,799,FR4-1;FR5-2;FR5-3,FR5-1;FR5-5;NPY-M,AGUA-M;FR4-3;FR5-4,0.22512496673345062,0.06980348639372792,False,False
cfos,800,FR4-1;FR5-2;FR5-3,FR5-4;FR5-5;NPY-M,AGUA-M;FR4-3;FR5-1,0.6922328675004751,0.18748353431160883,False,False
cfos,801,FR4-1;FR5-2;FR5-4,AGUA-M;FR4-3;FR5-1,FR5-3;FR5-5;NPY-M,0.4879451656178491,0.13989473528074095,False,False
cfos,802,FR4-1;FR5-2;FR5-4,AGUA-M;FR4-3;FR5-3,FR5-1;FR5-5;NPY-M,0.2199761187253969,0.06831607149076396,False,False
cfos,803,FR4-1;FR5-2;FR5-4,AGUA-M;FR4-3;FR5-5,FR5-1;FR5-3;NPY-M,0.6646493745053812,0.1813677944551214,False,False
cfos,804,FR4-1;FR5-2;FR5-4,AGUA-M;FR4-3;NPY-M,FR5-1;FR5-3;FR5-5,1.3998798162304478,0.3181631941551032,False,True
cfos,805,FR4-1;FR5-2;FR5-4,AGUA-M;FR5-1;FR5-3,FR4-3;FR5-5;NPY-M,0.3625616745842134,0.10782305565563932,False,False
cfos,806,FR4-1;FR5-2;FR5-4,AGUA-M;FR5-1;FR5-5,FR4-3;FR5-3;NPY-M,1.5342664335385947,0.3383714777301331,False,True
cfos,807,FR4-1;FR5-2;FR5-4,AGUA-M;FR5-1;NPY-M,FR4-3;FR5-3;FR5-5,0.719454851978953,0.19343018818904703,False,False
cfos,808,FR4-1;FR5-2;FR5-4,AGUA-M;FR5-3;FR5-5,FR4-3;FR5-1;NPY-M,0.5250033936210802,0.14893698955613413,False,False
cfos,809,FR4-1;FR5-2;FR5-4,AGUA-M;FR5-3;NPY-M,FR4-3;FR5-1;FR5-5,1.5610194943529871,0.34225231799287203,False,True
cfos,810,FR4-1;FR5-2;FR5-4,AGUA-M;FR5-5;NPY-M,FR4-3;FR5-1;FR5-3,0.6952424854704018,0.1881452944438903,False,False
cfos,811,FR4-1;FR5-2;FR5-4,FR4-3;FR5-1;FR5-3,AGUA-M;FR5-5;NPY-M,0.6952424854704017,0.18814529444389028,False,False
cfos,812,FR4-1;FR5-2;FR5-4,FR4-3;FR5-1;FR5-5,AGUA-M;FR5-3;NPY-M,1.5610194943529871,0.34225231799287203,False,True
cfos,813,FR4-1;FR5-2;FR5-4,FR4-3;FR5-1;NPY-M,AGUA-M;FR5-3;FR5-5,0.5250033936210802,0.14893698955613413,False,False
cfos,814,FR4-1;FR5-2;FR5-4,FR4-3;FR5-3;FR5-5,AGUA-M;FR5-1;NPY-M,0.719454851978953,0.19343018818904703,False,False
cfos,815,FR4-1;FR5-2;FR5-4,FR4-3;FR5-3;NPY-M,AGUA-M;FR5-1;FR5-5,1.5342664335385947,0.3383714777301331,False,True
cfos,816,FR4-1;FR5-2;FR5-4,FR4-3;FR5-5;NPY-M,AGUA-M;FR5-1;FR5-3,0.3625616745842134,0.10782305565563932,False,False
cfos,817,FR4-1;FR5-2;FR5-4,FR5-1;FR5-3;FR5-5,AGUA-M;FR4-3;NPY-M,1.3998798162304478,0.3181631941551032,False,True
cfos,818,FR4-1;FR5-2;FR5-4,FR5-1;FR5-3;NPY-M,AGUA-M;FR4-3;FR5-5,0.6646493745053812,0.1813677944551214,False,False
cfos,819,FR4-1;FR5-2;FR5-4,FR5-1;FR5-5;NPY-M,AGUA-M;FR4-3;FR5-3,0.2199761187253969,0.06831607149076396,False,False
cfos,820,FR4-1;FR5-2;FR5-4,FR5-3;FR5-5;NPY-M,AGUA-M;FR4-3;FR5-1,0.4879451656178491,0.13989473528074095,False,False
cfos,821,FR4-1;FR5-2;FR5-5,AGUA-M;FR4-3;FR5-1,FR5-3;FR5-4;NPY-M,3.0476538148159316,0.5039398596774163,False,True
cfos,822,FR4-1;FR5-2;FR5-5,AGUA-M;FR4-3;FR5-3,FR5-1;FR5-4;NPY-M,1.2385551656368528,0.2922116422308631,False,True
cfos,823,FR4-1;FR5-2;FR5-5,AGUA-M;FR4-3;FR5-4,FR5-1;FR5-3;NPY-M,1.043956939326197,0.25815233816513905,False,False
cfos,824,FR4-1;FR5-2;FR5-5,AGUA-M;FR4-3;NPY-M,FR5-1;FR5-3;FR5-4,1.6224339477472185,0.3509912669575138,False,True
cfos,825,FR4-1;FR5-2;FR5-5,AGUA-M;FR5-1;FR5-3,FR4-3;FR5-4;NPY-M,2.2304867230654,0.42643961091219285,False,True
cfos,826,FR4-1;FR5-2;FR5-5,AGUA-M;FR5-1;FR5-4,FR4-3;FR5-3;NPY-M,1.4145889841338843,0.32043503692369635,False,True
cfos,827,FR4-1;FR5-2;FR5-5,AGUA-M;FR5-1;NPY-M,FR4-3;FR5-3;FR5-4,1.4181271045890491,0.32097924550791207,False,True
cfos,828,FR4-1;FR5-2;FR5-5,AGUA-M;FR5-3;FR5-4,FR4-3;FR5-1;NPY-M,1.116073844428598,0.27115010240627346,False,True
cfos,829,FR4-1;FR5-2;FR5-5,AGUA-M;FR5-3;NPY-M,FR4-3;FR5-1;FR5-4,1.4752862719897573,0.3296518216551609,False,True
cfos,830,FR4-1;FR5-2;FR5-5,AGUA-M;FR5-4;NPY-M,FR4-3;FR5-1;FR5-3,3.017159799275744,0.5014259052317183,False,True
cfos,831,FR4-1;FR5-2;FR5-5,FR4-3;FR5-1;FR5-3,AGUA-M;FR5-4;NPY-M,3.017159799275744,0.5014259052317183,False,True
cfos,832,FR4-1;FR5-2;FR5-5,FR4-3;FR5-1;FR5-4,AGUA-M;FR5-3;NPY-M,1.4752862719897573,0.3296518216551609,False,True
cfos,833,FR4-1;FR5-2;FR5-5,FR4-3;FR5-1;NPY-M,AGUA-M;FR5-3;FR5-4,1.116073844428598,0.27115010240627346,False,True
cfos,834,FR4-1;FR5-2;FR5-5,FR4-3;FR5-3;FR5-4,AGUA-M;FR5-1;NPY-M,1.4181271045890491,0.32097924550791207,False,True
cfos,835,FR4-1;FR5-2;FR5-5,FR4-3;FR5-3;NPY-M,AGUA-M;FR5-1;FR5-4,1.4145889841338843,0.32043503692369635,False,True
cfos,836,FR4-1;FR5-2;FR5-5,FR4-3;FR5-4;NPY-M,AGUA-M;FR5-1;FR5-3,2.2304867230654,0.42643961091219285,False,True
cfos,837,FR4-1;FR5-2;FR5-5,FR5-1;FR5-3;FR5-4,AGUA-M;FR4-3;NPY-M,1.6224339477472185,0.3509912669575138,False,True
cfos,838,FR4-1;FR5-2;FR5-5,FR5-1;FR5-3;NPY-M,AGUA-M;FR4-3;FR5-4,1.043956939326197,0.25815233816513905,False,False
cfos,839,FR4-1;FR5-2;FR5-5,FR5-1;FR5-4;NPY-M,AGUA-M;FR4-3;FR5-3,1.2385551656368528,0.2922116422308631,False,True
cfos,840,FR4-1;FR5-2;FR5-5,FR5-3;FR5-4;NPY-M,AGUA-M;FR4-3;FR5-1,3.0476538148159316,0.5039398596774163,False,True
cfos,841,FR4-1;FR5-2;NPY-M,AGUA-M;FR4-3;FR5-1,FR5-3;FR5-4;FR5-5,0.6885240199588597,0.18666654093431637,False,False
cfos,842,FR4-1;FR5-2;NPY-M,AGUA-M;FR4-3;FR5-3,FR5-1;FR5-4;FR5-5,0.5049457280542903,0.1440666324766752,False,False
cfos,843,FR4-1;FR5-2;NPY-M,AGUA-M;FR4-3;FR5-4,FR5-1;FR5-3;FR5-5,0.9310987265347801,0.23685457713129815,False,False
cfos,844,FR4-1;FR5-2;NPY-M,AGUA-M;FR4-3;FR5-5,FR5-1;FR5-3;FR5-4,0.7170028011747678,0.1928981062236911,False,False
cfos,845,FR4-1;FR5-2;NPY-M,AGUA-M;FR5-1;FR5-3,FR4-3;FR5-4;FR5-5,0.47796350484475736,0.13742625653747098,False,False
cfos,846,FR4-1;FR5-2;NPY-M,AGUA-M;FR5-1;FR5-4,FR4-3;FR5-3;FR5-5,0.5640837215667568,0.15826893126932157,False,False
cfos,847,FR4-1;FR5-2;NPY-M,AGUA-M;FR5-1;FR5-5,FR4-3;FR5-3;FR5-4,1.3088245392951485,0.3037544293946233,False,True
cfos,848,FR4-1;FR5-2;NPY-M,AGUA-M;FR5-3;FR5-4,FR4-3;FR5-1;FR5-5,1.1557710761071218,0.2781123057408107,False,True
cfos,849,FR4-1;FR5-2;NPY-M,AGUA-M;FR5-3;FR5-5,FR4-3;FR5-1;FR5-4,0.5018039402171355,0.14329869655296015,False,False
cfos,850,FR4-1;FR5-2;NPY-M,AGUA-M;FR5-4;FR5-5,FR4-3;FR5-1;FR5-3,0.6956077285945454,0.1882255314091704,False,False
cfos,851,FR4-1;FR5-2;NPY-M,FR4-3;FR5-1;FR5-3,AGUA-M;FR5-4;FR5-5,0.6956077285945454,0.1882255314091704,False,False
cfos,852,FR4-1;FR5-2;NPY-M,FR4-3;FR5-1;FR5-4,AGUA-M;FR5-3;FR5-5,0.5018039402171354,0.14329869655296013,False,False
cfos,853,FR4-1;FR5-2;NPY-M,FR4-3;FR5-1;FR5-5,AGUA-M;FR5-3;FR5-4,1.1557710761071216,0.27811230574081064,False,True
cfos,854,FR4-1;FR5-2;NPY-M,FR4-3;FR5-3;FR5-4,AGUA-M;FR5-1;FR5-5,1.3088245392951487,0.3037544293946234,False,True
cfos,855,FR4-1;FR5-2;NPY-M,FR4-3;FR5-3;FR5-5,AGUA-M;FR5-1;FR5-4,0.5640837215667568,0.15826893126932154,False,False
cfos,856,FR4-1;FR5-2;NPY-M,FR4-3;FR5-4;FR5-5,AGUA-M;FR5-1;FR5-3,0.47796350484475736,0.13742625653747098,False,False
cfos,857,FR4-1;FR5-2;NPY-M,FR5-1;FR5-3;FR5-4,AGUA-M;FR4-3;FR5-5,0.7170028011747677,0.19289810622369108,False,False
cfos,858,FR4-1;FR5-2;NPY-M,FR5-1;FR5-3;FR5-5,AGUA-M;FR4-3;FR5-4,0.9310987265347798,0.23685457713129812,False,False
cfos,859,FR4-1;FR5-2;NPY-M,FR5-1;FR5-4;FR5-5,AGUA-M;FR4-3;FR5-3,0.5049457280542904,0.14406663247667523,False,False
cfos,860,FR4-1;FR5-2;NPY-M,FR5-3;FR5-4;FR5-5,AGUA-M;FR4-3;FR5-1,0.6885240199588597,0.18666654093431637,False,False
cfos,861,FR4-1;FR5-3;FR5-4,AGUA-M;FR4-3;FR5-1,FR5-2;FR5-5;NPY-M,0.4685321823809203,0.13508082316805942,False,False
cfos,862,FR4-1;FR5-3;FR5-4,AGUA-M;FR4-3;FR5-2,FR5-1;FR5-5;NPY-M,0.42201738019217094,0.12332414868345047,False,False
cfos,863,FR4-1;FR5-3;FR5-4,AGUA-M;FR4-3;FR5-5,FR5-1;FR5-2;NPY-M,0.47298182438045316,0.13618897198370125,False,False
cfos,864,FR4-1;FR5-3;FR5-4,AGUA-M;FR4-3;NPY-M,FR5-1;FR5-2;FR5-5,2.275317910604745,0.43131389409361875,False,True
cfos,865,FR4-1;FR5-3;FR5-4,AGUA-M;FR5-1;FR5-2,FR4-3;FR5-5;NPY-M,0.7807340614430851,0.20650330035249378,False,False
cfos,866,FR4-1;FR5-3;FR5-4,AGUA-M;FR5-1;FR5-5,FR4-3;FR5-2;NPY-M,0.9974442353848127,0.249520487754545,False,False
cfos,867,FR4-1;FR5-3;FR5-4,AGUA-M;FR5-1;NPY-M,FR4-3;FR5-2;FR5-5,1.0700522227548919,0.26290872062339454,False,False
cfos,868,FR4-1;FR5-3;FR5-4,AGUA-M;FR5-2;FR5-5,FR4-3;FR5-1;NPY-M,1.213377483861076,0.2879821446117273,False,True
cfos,869,FR4-1;FR5-3;FR5-4,AGUA-M;FR5-2;NPY-M,FR4-3;FR5-1;FR5-5,1.4311048536467228,0.3229679506385294,False,True
cfos,870,FR4-1;FR5-3;FR5-4,AGUA-M;FR5-5;NPY-M,FR4-3;FR5-1;FR5-2,0.8326849878127476,0.21725891651949922,False,False
cfos,871,FR4-1;FR5-3;FR5-4,FR4-3;FR5-1;FR5-2,AGUA-M;FR5-5;NPY-M,0.8326849878127476,0.21725891651949922,False,False
cfos,872,FR4-1;FR5-3;FR5-4,FR4-3;FR5-1;FR5-5,AGUA-M;FR5-2;NPY-M,1.4311048536467228,0.3229679506385294,False,True
cfos,873,FR4-1;FR5-3;FR5-4,FR4-3;FR5-1;NPY-M,AGUA-M;FR5-2;FR5-5,1.213377483861076,0.2879821446117273,False,True
cfos,874,FR4-1;FR5-3;FR5-4,FR4-3;FR5-2;FR5-5,AGUA-M;FR5-1;NPY-M,1.0700522227548919,0.26290872062339454,False,False
cfos,875,FR4-1;FR5-3;FR5-4,FR4-3;FR5-2;NPY-M,AGUA-M;FR5-1;FR5-5,0.9974442353848127,0.249520487754545,False,False
cfos,876,FR4-1;FR5-3;FR5-4,FR4-3;FR5-5;NPY-M,AGUA-M;FR5-1;FR5-2,0.7807340614430851,0.20650330035249378,False,False
cfos,877,FR4-1;FR5-3;FR5-4,FR5-1;FR5-2;FR5-5,AGUA-M;FR4-3;NPY-M,2.275317910604745,0.43131389409361875,False,True
cfos,878,FR4-1;FR5-3;FR5-4,FR5-1;FR5-2;NPY-M,AGUA-M;FR4-3;FR5-5,0.47298182438045316,0.13618897198370125,False,False
cfos,879,FR4-1;FR5-3;FR5-4,FR5-1;FR5-5;NPY-M,AGUA-M;FR4-3;FR5-2,0.4220173801921709,0.12332414868345046,False,False
cfos,880,FR4-1;FR5-3;FR5-4,FR5-2;FR5-5;NPY-M,AGUA-M;FR4-3;FR5-1,0.4685321823809203,0.13508082316805942,False,False
cfos,881,FR4-1;FR5-3;FR5-5,AGUA-M;FR4-3;FR5-1,FR5-2;FR5-4;NPY-M,1.160255893125469,0.27889051128867104,False,True
cfos,882,FR4-1;FR5-3;FR5-5,AGUA-M;FR4-3;FR5-2,FR5-1;FR5-4;NPY-M,0.9323736660145081,0.23710200128551776,False,False
cfos,883,FR4-1;FR5-3;FR5-5,AGUA-M;FR4-3;FR5-4,FR5-1;FR5-2;NPY-M,0.3439440302086938,0.10285579755568708,False,False
cfos,884,FR4-1;FR5-3;FR5-5,AGUA-M;FR4-3;NPY-M,FR5-1;FR5-2;FR5-4,0.9677634068971357,0.2439065306199657,False,False
cfos,885,FR4-1;FR5-3;FR5-5,AGUA-M;FR5-1;FR5-2,FR4-3;FR5-4;NPY-M,2.128223865692092,0.4150021374710155,False,True
cfos,886,FR4-1;FR5-3;FR5-5,AGUA-M;FR5-1;FR5-4,FR4-3;FR5-2;NPY-M,0.41478089956036834,0.12146632881007643,False,False
cfos,887,FR4-1;FR5-3;FR5-5,AGUA-M;FR5-1;NPY-M,FR4-3;FR5-2;FR5-4,0.6154263372479905,0.17022234166619588,False,False
cfos,888,FR4-1;FR5-3;FR5-5,AGUA-M;FR5-2;FR5-4,FR4-3;FR5-1;NPY-M,0.703519996244686,0.1899598211858029,False,False
cfos,889,FR4-1;FR5-3;FR5-5,AGUA-M;FR5-2;NPY-M,FR4-3;FR5-1;FR5-4,0.7511710038155605,0.20024973616278638,False,False
cfos,890,FR4-1;FR5-3;FR5-5,AGUA-M;FR5-4;NPY-M,FR4-3;FR5-1;FR5-2,2.1761782059123456,0.42042180916929534,False,True
cfos,891,FR4-1;FR5-3;FR5-5,FR4-3;FR5-1;FR5-2,AGUA-M;FR5-4;NPY-M,2.1761782059123456,0.42042180916929534,False,True
cfos,892,FR4-1;FR5-3;FR5-5,FR4-3;FR5-1;FR5-4,AGUA-M;FR5-2;NPY-M,0.7511710038155605,0.20024973616278638,False,False
cfos,893,FR4-1;FR5-3;FR5-5,FR4-3;FR5-1;NPY-M,AGUA-M;FR5-2;FR5-4,0.7035199962446861,0.18995982118580293,False,False
cfos,894,FR4-1;FR5-3;FR5-5,FR4-3;FR5-2;FR5-4,AGUA-M;FR5-1;NPY-M,0.6154263372479905,0.17022234166619588,False,False
cfos,895,FR4-1;FR5-3;FR5-5,FR4-3;FR5-2;NPY-M,AGUA-M;FR5-1;FR5-4,0.4147808995603682,0.12146632881007642,False,False
cfos,896,FR4-1;FR5-3;FR5-5,FR4-3;FR5-4;NPY-M,AGUA-M;FR5-1;FR5-2,2.128223865692092,0.4150021374710155,False,True
cfos,897,FR4-1;FR5-3;FR5-5,FR5-1;FR5-2;FR5-4,AGUA-M;FR4-3;NPY-M,0.9677634068971358,0.24390653061996573,False,False
cfos,898,FR4-1;FR5-3;FR5-5,FR5-1;FR5-2;NPY-M,AGUA-M;FR4-3;FR5-4,0.3439440302086938,0.10285579755568708,False,False
cfos,899,FR4-1;FR5-3;FR5-5,FR5-1;FR5-4;NPY-M,AGUA-M;FR4-3;FR5-2,0.9323736660145081,0.23710200128551776,False,False
cfos,900,FR4-1;FR5-3;FR5-5,FR5-2;FR5-4;NPY-M,AGUA-M;FR4-3;FR5-1,1.160255893125469,0.27889051128867104,False,True
cfos,901,FR4-1;FR5-3;NPY-M,AGUA-M;FR4-3;FR5-1,FR5-2;FR5-4;FR5-5,1.1567150138564022,0.2782762373654423,False,True
cfos,902,FR4-1;FR5-3;NPY-M,AGUA-M;FR4-3;FR5-2,FR5-1;FR5-4;FR5-5,0.9855802447598351,0.24728651394126544,False,False
cfos,903,FR4-1;FR5-3;NPY-M,AGUA-M;FR4-3;FR5-4,FR5-1;FR5-2;FR5-5,1.9851863636952531,0.3982170813417174,False,True
cfos,904,FR4-1;FR5-3;NPY-M,AGUA-M;FR4-3;FR5-5,FR5-1;FR5-2;FR5-4,0.9690041535934556,0.24414289229607858,False,False
cfos,905,FR4-1;FR5-3;NPY-M,AGUA-M;FR5-1;FR5-2,FR4-3;FR5-4;FR5-5,1.1918076472837764,0.28431830550622916,False,True
cfos,906,FR4-1;FR5-3;NPY-M,AGUA-M;FR5-1;FR5-4,FR4-3;FR5-2;FR5-5,1.1434133016411405,0.27595926797557285,False,True
cfos,907,FR4-1;FR5-3;NPY-M,AGUA-M;FR5-1;FR5-5,FR4-3;FR5-2;FR5-4,1.356204191155943,0.3113270479628428,False,True
cfos,908,FR4-1;FR5-3;NPY-M,AGUA-M;FR5-2;FR5-4,FR4-3;FR5-1;FR5-5,1.6529774297505357,0.35525154693027566,False,True
cfos,909,FR4-1;FR5-3;NPY-M,AGUA-M;FR5-2;FR5-5,FR4-3;FR5-1;FR5-4,1.4813284724148608,0.330555655880457,False,True
cfos,910,FR4-1;FR5-3;NPY-M,AGUA-M;FR5-4;FR5-5,FR4-3;FR5-1;FR5-2,1.0846945498584022,0.2655509577566831,False,False
cfos,911,FR4-1;FR5-3;NPY-M,FR4-3;FR5-1;FR5-2,AGUA-M;FR5-4;FR5-5,1.0846945498584022,0.2655509577566831,False,False
cfos,912,FR4-1;FR5-3;NPY-M,FR4-3;FR5-1;FR5-4,AGUA-M;FR5-2;FR5-5,1.481328472414861,0.33055565588045704,False,True
cfos,913,FR4-1;FR5-3;NPY-M,FR4-3;FR5-1;FR5-5,AGUA-M;FR5-2;FR5-4,1.6529774297505355,0.3552515469302756,False,True
cfos,914,FR4-1;FR5-3;NPY-M,FR4-3;FR5-2;FR5-4,AGUA-M;FR5-1;FR5-5,1.3562041911559426,0.3113270479628427,False,True
cfos,915,FR4-1;FR5-3;NPY-M,FR4-3;FR5-2;FR5-5,AGUA-M;FR5-1;FR5-4,1.1434133016411405,0.27595926797557285,False,True
cfos,916,FR4-1;FR5-3;NPY-M,FR4-3;FR5-4;FR5-5,AGUA-M;FR5-1;FR5-2,1.1918076472837764,0.28431830550622916,False,True
cfos,917,FR4-1;FR5-3;NPY-M,FR5-1;FR5-2;FR5-4,AGUA-M;FR4-3;FR5-5,0.9690041535934556,0.24414289229607858,False,False
cfos,918,FR4-1;FR5-3;NPY-M,FR5-1;FR5-2;FR5-5,AGUA-M;FR4-3;FR5-4,1.9851863636952536,0.39821708134171746,False,True
cfos,919,FR4-1;FR5-3;NPY-M,FR5-1;FR5-4;FR5-5,AGUA-M;FR4-3;FR5-2,0.9855802447598351,0.24728651394126544,False,False
cfos,920,FR4-1;FR5-3;NPY-M,FR5-2;FR5-4;FR5-5,AGUA-M;FR4-3;FR5-1,1.1567150138564022,0.2782762373654423,False,True
cfos,921,FR4-1;FR5-4;FR5-5,AGUA-M;FR4-3;FR5-1,FR5-2;FR5-3;NPY-M,0.49627560601300996,0.1419440747632992,False,False
cfos,922,FR4-1;FR5-4;FR5-5,AGUA-M;FR4-3;FR5-2,FR5-1;FR5-3;NPY-M,0.5581974294078687,0.15687646356957774,False,False
cfos,923,FR4-1;FR5-4;FR5-5,AGUA-M;FR4-3;FR5-3,FR5-1;FR5-2;NPY-M,0.18028920831251224,0.0566895639054711,False,False
cfos,924,FR4-1;FR5-4;FR5-5,AGUA-M;FR4-3;NPY-M,FR5-1;FR5-2;FR5-3,0.977985419629518,0.24584942287712078,False,False
cfos,925,FR4-1;FR5-4;FR5-5,AGUA-M;FR5-1;FR5-2,FR4-3;FR5-3;NPY-M,1.2784041115083018,0.2988039647936892,False,True
cfos,926,FR4-1;FR5-4;FR5-5,AGUA-M;FR5-1;FR5-3,FR4-3;FR5-2;NPY-M,0.37561375877357944,0.11127273012124664,False,False
cfos,927,FR4-1;FR5-4;FR5-5,AGUA-M;FR5-1;NPY-M,FR4-3;FR5-2;FR5-3,0.4729964068320175,0.13619259896196473,False,False
cfos,928,FR4-1;FR5-4;FR5-5,AGUA-M;FR5-2;FR5-3,FR4-3;FR5-1;NPY-M,0.42092936047141927,0.12304532368754126,False,False
cfos,929,FR4-1;FR5-4;FR5-5,AGUA-M;FR5-2;NPY-M,FR4-3;FR5-1;FR5-3,0.8607101701131082,0.22294089226798702,False,False
cfos,930,FR4-1;FR5-4;FR5-5,AGUA-M;FR5-3;NPY-M,FR4-3;FR5-1;FR5-2,1.1171402242384652,0.27133888169793857,False,True
cfos,931,FR4-1;FR5-4;FR5-5,FR4-3;FR5-1;FR5-2,AGUA-M;FR5-3;NPY-M,1.1171402242384652,0.27133888169793857,False,True
cfos,932,FR4-1;FR5-4;FR5-5,FR4-3;FR5-1;FR5-3,AGUA-M;FR5-2;NPY-M,0.8607101701131082,0.22294089226798702,False,False
cfos,933,FR4-1;FR5-4;FR5-5,FR4-3;FR5-1;NPY-M,AGUA-M;FR5-2;FR5-3,0.42092936047141927,0.12304532368754126,False,False
cfos,934,FR4-1;FR5-4;FR5-5,FR4-3;FR5-2;FR5-3,AGUA-M;FR5-1;NPY-M,0.4729964068320174,0.1361925989619647,False,False
cfos,935,FR4-1;FR5-4;FR5-5,FR4-3;FR5-2;NPY-M,AGUA-M;FR5-1;FR5-3,0.37561375877357944,0.11127273012124664,False,False
cfos,936,FR4-1;FR5-4;FR5-5,FR4-3;FR5-3;NPY-M,AGUA-M;FR5-1;FR5-2,1.2784041115083018,0.2988039647936892,False,True
cfos,937,FR4-1;FR5-4;FR5-5,FR5-1;FR5-2;FR5-3,AGUA-M;FR4-3;NPY-M,0.977985419629518,0.24584942287712078,False,False
cfos,938,FR4-1;FR5-4;FR5-5,FR5-1;FR5-2;NPY-M,AGUA-M;FR4-3;FR5-3,0.18028920831251224,0.0566895639054711,False,False
cfos,939,FR4-1;FR5-4;FR5-5,FR5-1;FR5-3;NPY-M,AGUA-M;FR4-3;FR5-2,0.5581974294078687,0.15687646356957774,False,False
cfos,940,FR4-1;FR5-4;FR5-5,FR5-2;FR5-3;NPY-M,AGUA-M;FR4-3;FR5-1,0.49627560601300996,0.1419440747632992,False,False
cfos,941,FR4-1;FR5-4;NPY-M,AGUA-M;FR4-3;FR5-1,FR5-2;FR5-3;FR5-5,1.958876846581646,0.3950242982807647,False,True
cfos,942,FR4-1;FR5-4;NPY-M,AGUA-M;FR4-3;FR5-2,FR5-1;FR5-3;FR5-5,2.179159860149049,0.4207554736660196,False,True
cfos,943,FR4-1;FR5-4;NPY-M,AGUA-M;FR4-3;FR5-3,FR5-1;FR5-2;FR5-5,2.7570313586323527,0.4788980964118487,False,True
cfos,944,FR4-1;FR5-4;NPY-M,AGUA-M;FR4-3;FR5-5,FR5-1;FR5-2;FR5-3,1.7841780211472367,0.37293303327358085,False,True
cfos,945,FR4-1;FR5-4;NPY-M,AGUA-M;FR5-1;FR5-2,FR4-3;FR5-3;FR5-5,2.18864737341736,0.42181463026959715,False,True
cfos,946,FR4-1;FR5-4;NPY-M,AGUA-M;FR5-1;FR5-3,FR4-3;FR5-2;FR5-5,1.9391896682370013,0.3926129180070903,False,True
cfos,947,FR4-1;FR5-4;NPY-M,AGUA-M;FR5-1;FR5-5,FR4-3;FR5-2;FR5-3,2.034778183254302,0.40414455397895876,False,True
cfos,948,FR4-1;FR5-4;NPY-M,AGUA-M;FR5-2;FR5-3,FR4-3;FR5-1;FR5-5,2.129821224912299,0.41518429815236124,False,True
cfos,949,FR4-1;FR5-4;NPY-M,AGUA-M;FR5-2;FR5-5,FR4-3;FR5-1;FR5-3,2.770274530954276,0.48009406070600485,False,True
cfos,950,FR4-1;FR5-4;NPY-M,AGUA-M;FR5-3;FR5-5,FR4-3;FR5-1;FR5-2,1.7631335575648308,0.37016252772602065,False,True
cfos,951,FR4-1;FR5-4;NPY-M,FR4-3;FR5-1;FR5-2,AGUA-M;FR5-3;FR5-5,1.7631335575648306,0.3701625277260206,False,True
cfos,952,FR4-1;FR5-4;NPY-M,FR4-3;FR5-1;FR5-3,AGUA-M;FR5-2;FR5-5,2.770274530954276,0.48009406070600485,False,True
cfos,953,FR4-1;FR5-4;NPY-M,FR4-3;FR5-1;FR5-5,AGUA-M;FR5-2;FR5-3,2.129821224912299,0.41518429815236124,False,True
cfos,954,FR4-1;FR5-4;NPY-M,FR4-3;FR5-2;FR5-3,AGUA-M;FR5-1;FR5-5,2.034778183254302,0.40414455397895876,False,True
cfos,955,FR4-1;FR5-4;NPY-M,FR4-3;FR5-2;FR5-5,AGUA-M;FR5-1;FR5-3,1.9391896682370013,0.3926129180070903,False,True
cfos,956,FR4-1;FR5-4;NPY-M,FR4-3;FR5-3;FR5-5,AGUA-M;FR5-1;FR5-2,2.18864737341736,0.42181463026959715,False,True
cfos,957,FR4-1;FR5-4;NPY-M,FR5-1;FR5-2;FR5-3,AGUA-M;FR4-3;FR5-5,1.7841780211472367,0.37293303327358085,False,True
cfos,958,FR4-1;FR5-4;NPY-M,FR5-1;FR5-2;FR5-5,AGUA-M;FR4-3;FR5-3,2.757031358632352,0.4788980964118486,False,True
cfos,959,FR4-1;FR5-4;NPY-M,FR5-1;FR5-3;FR5-5,AGUA-M;FR4-3;FR5-2,2.179159860149049,0.4207554736660196,False,True
cfos,960,FR4-1;FR5-4;NPY-M,FR5-2;FR5-3;FR5-5,AGUA-M;FR4-3;FR5-1,1.958876846581646,0.3950242982807647,False,True
cfos,961,FR4-1;FR5-5;NPY-M,AGUA-M;FR4-3;FR5-1,FR5-2;FR5-3;FR5-4,0.5574486052983795,0.1566989905259991,False,False
cfos,962,FR4-1;FR5-5;NPY-M,AGUA-M;FR4-3;FR5-2,FR5-1;FR5-3;FR5-4,0.5393984079691069,0.15239833039270975,False,False
cfos,963,FR4-1;FR5-5;NPY-M,AGUA-M;FR4-3;FR5-3,FR5-1;FR5-2;FR5-4,0.33490160787077566,0.10042323500050702,False,False
cfos,964,FR4-1;FR5-5;NPY-M,AGUA-M;FR4-3;FR5-4,FR5-1;FR5-2;FR5-3,0.5233282655330886,0.14853236090787802,False,False
cfos,965,FR4-1;FR5-5;NPY-M,AGUA-M;FR5-1;FR5-2,FR4-3;FR5-3;FR5-4,0.9903087186613382,0.2481784715127418,False,False
cfos,966,FR4-1;FR5-5;NPY-M,AGUA-M;FR5-1;FR5-3,FR4-3;FR5-2;FR5-4,0.3664707811704656,0.10885904111220293,False,False
cfos,967,FR4-1;FR5-5;NPY-M,AGUA-M;FR5-1;FR5-4,FR4-3;FR5-2;FR5-3,0.27877057303519226,0.08502289709680158,False,False
cfos,968,FR4-1;FR5-5;NPY-M,AGUA-M;FR5-2;FR5-3,FR4-3;FR5-1;FR5-4,0.3385213425987452,0.10139858573892958,False,False
cfos,969,FR4-1;FR5-5;NPY-M,AGUA-M;FR5-2;FR5-4,FR4-3;FR5-1;FR5-3,0.7083012617536968,0.19100423934239183,False,False
cfos,970,FR4-1;FR5-5;NPY-M,AGUA-M;FR5-3;FR5-4,FR4-3;FR5-1;FR5-2,0.7091548998378918,0.19119042450043952,False,False
cfos,971,FR4-1;FR5-5;NPY-M,FR4-3;FR5-1;FR5-2,AGUA-M;FR5-3;FR5-4,0.7091548998378917,0.1911904245004395,False,False
cfos,972,FR4-1;FR5-5;NPY-M,FR4-3;FR5-1;FR5-3,AGUA-M;FR5-2;FR5-4,0.7083012617536968,0.19100423934239183,False,False
cfos,973,FR4-1;FR5-5;NPY-M,FR4-3;FR5-1;FR5-4,AGUA-M;FR5-2;FR5-3,0.3385213425987452,0.10139858573892958,False,False
cfos,974,FR4-1;FR5-5;NPY-M,FR4-3;FR5-2;FR5-3,AGUA-M;FR5-1;FR5-4,0.2787705730351923,0.0850228970968016,False,False
cfos,975,FR4-1;FR5-5;NPY-M,FR4-3;FR5-2;FR5-4,AGUA-M;FR5-1;FR5-3,0.3664707811704657,0.10885904111220296,False,False
cfos,976,FR4-1;FR5-5;NPY-M,FR4-3;FR5-3;FR5-4,AGUA-M;FR5-1;FR5-2,0.9903087186613382,0.2481784715127418,False,False
cfos,977,FR4-1;FR5-5;NPY-M,FR5-1;FR5-2;FR5-3,AGUA-M;FR4-3;FR5-4,0.5233282655330886,0.14853236090787802,False,False
cfos,978,FR4-1;FR5-5;NPY-M,FR5-1;FR5-2;FR5-4,AGUA-M;FR4-3;FR5-3,0.33490160787077566,0.10042323500050702,False,False
cfos,979,FR4-1;FR5-5;NPY-M,FR5-1;FR5-3;FR5-4,AGUA-M;FR4-3;FR5-2,0.5393984079691069,0.15239833039270975,False,False
cfos,980,FR4-1;FR5-5;NPY-M,FR5-2;FR5-3;FR5-4,AGUA-M;FR4-3;FR5-1,0.5574486052983795,0.1566989905259991,False,False
cfos,981,FR4-3;FR5-1;FR5-2,AGUA-M;FR4-1;FR5-3,FR5-4;FR5-5;NPY-M,0.8185879084347841,0.21436927159032415,False,False
cfos,982,FR4-3;FR5-1;FR5-2,AGUA-M;FR4-1;FR5-4,FR5-3;FR5-5;NPY-M,0.6537108509851425,0.178916963505441,False,False
cfos,983,FR4-3;FR5-1;FR5-2,AGUA-M;FR4-1;FR5-5,FR5-3;FR5-4;NPY-M,2.809549977534889,0.48360888337293184,False,True
cfos,984,FR4-3;FR5-1;FR5-2,AGUA-M;FR4-1;NPY-M,FR5-3;FR5-4;FR5-5,1.4156098066890608,0.32059214211921544,False,True
cfos,985,FR4-3;FR5-1;FR5-2,AGUA-M;FR5-3;FR5-4,FR4-1;FR5-5;NPY-M,0.7091548998378918,0.19119042450043952,False,False
cfos,986,FR4-3;FR5-1;FR5-2,AGUA-M;FR5-3;FR5-5,FR4-1;FR5-4;NPY-M,1.7631335575648308,0.37016252772602065,False,True
cfos,987,FR4-3;FR5-1;FR5-2,AGUA-M;FR5-3;NPY-M,FR4-1;FR5-4;FR5-5,1.117140224238465,0.2713388816979385,False,True
cfos,988,FR4-3;FR5-1;FR5-2,AGUA-M;FR5-4;FR5-5,FR4-1;FR5-3;NPY-M,1.0846945498584022,0.2655509577566831,False,False
cfos,989,FR4-3;FR5-1;FR5-2,AGUA-M;FR5-4;NPY-M,FR4-1;FR5-3;FR5-5,2.1761782059123456,0.42042180916929534,False,True
cfos,990,FR4-3;FR5-1;FR5-2,AGUA-M;FR5-5;NPY-M,FR4-1;FR5-3;FR5-4,0.8326849878127476,0.21725891651949922,False,False
cfos,991,FR4-3;FR5-1;FR5-2,FR4-1;FR5-3;FR5-4,AGUA-M;FR5-5;NPY-M,0.8326849878127476,0.21725891651949922,False,False
cfos,992,FR4-3;FR5-1;FR5-2,FR4-1;FR5-3;FR5-5,AGUA-M;FR5-4;NPY-M,2.1761782059123456,0.42042180916929534,False,True
cfos,993,FR4-3;FR5-1;FR5-2,FR4-1;FR5-3;NPY-M,AGUA-M;FR5-4;FR5-5,1.0846945498584022,0.2655509577566831,False,False
cfos,994,FR4-3;FR5-1;FR5-2,FR4-1;FR5-4;FR5-5,AGUA-M;FR5-3;NPY-M,1.1171402242384652,0.27133888169793857,False,True
cfos,995,FR4-3;FR5-1;FR5-2,FR4-1;FR5-4;NPY-M,AGUA-M;FR5-3;FR5-5,1.7631335575648306,0.3701625277260206,False,True
cfos,996,FR4-3;FR5-1;FR5-2,FR4-1;FR5-5;NPY-M,AGUA-M;FR5-3;FR5-4,0.7091548998378917,0.1911904245004395,False,False
cfos,997,FR4-3;FR5-1;FR5-2,FR5-3;FR5-4;FR5-5,AGUA-M;FR4-1;NPY-M,1.415609806689061,0.3205921421192155,False,True
cfos,998,FR4-3;FR5-1;FR5-2,FR5-3;FR5-4;NPY-M,AGUA-M;FR4-1;FR5-5,2.809549977534889,0.48360888337293184,False,True
cfos,999,FR4-3;FR5-1;FR5-2,FR5-3;FR5-5;NPY-M,AGUA-M;FR4-1;FR5-4,0.6537108509851425,0.178916963505441,False,False
cfos,1000,FR4-3;FR5-1;FR5-2,FR5-4;FR5-5;NPY-M,AGUA-M;FR4-1;FR5-3,0.8185879084347841,0.21436927159032415,False,False
cfos,1001,FR4-3;FR5-1;FR5-3,AGUA-M;FR4-1;FR5-2,FR5-4;FR5-5;NPY-M,1.1718984150788403,0.28090291241108606,False,True
cfos,1002,FR4-3;FR5-1;FR5-3,AGUA-M;FR4-1;FR5-4,FR5-2;FR5-5;NPY-M,0.5087285501091133,0.14498942931715053,False,False
cfos,1003,FR4-3;FR5-1;FR5-3,AGUA-M;FR4-1;FR5-5,FR5-2;FR5-4;NPY-M,1.5424512353160884,0.33956363104660964,False,True
cfos,1004,FR4-3;FR5-1;FR5-3,AGUA-M;FR4-1;NPY-M,FR5-2;FR5-4;FR5-5,1.5104399468611949,0.3348764122028288,False,True
cfos,1005,FR4-3;FR5-1;FR5-3,AGUA-M;FR5-2;FR5-4,FR4-1;FR5-5;NPY-M,0.7083012617536968,0.19100423934239183,False,False
cfos,1006,FR4-3;FR5-1;FR5-3,AGUA-M;FR5-2;FR5-5,FR4-1;FR5-4;NPY-M,2.770274530954276,0.48009406070600485,False,True
cfos,1007,FR4-3;FR5-1;FR5-3,AGUA-M;FR5-2;NPY-M,FR4-1;FR5-4;FR5-5,0.8607101701131081,0.22294089226798697,False,False
cfos,1008,FR4-3;FR5-1;FR5-3,AGUA-M;FR5-4;FR5-5,FR4-1;FR5-2;NPY-M,0.6956077285945454,0.18822553140917037,False,False
cfos,1009,FR4-3;FR5-1;FR5-3,AGUA-M;FR5-4;NPY-M,FR4-1;FR5-2;FR5-5,3.017159799275744,0.5014259052317183,False,True
cfos,1010,FR4-3;FR5-1;FR5-3,AGUA-M;FR5-5;NPY-M,FR4-1;FR5-2;FR5-4,0.6952424854704017,0.18814529444389028,False,False
cfos,1011,FR4-3;FR5-1;FR5-3,FR4-1;FR5-2;FR5-4,AGUA-M;FR5-5;NPY-M,0.6952424854704017,0.18814529444389028,False,False
cfos,1012,FR4-3;FR5-1;FR5-3,FR4-1;FR5-2;FR5-5,AGUA-M;FR5-4;NPY-M,3.017159799275744,0.5014259052317183,False,True
cfos,1013,FR4-3;FR5-1;FR5-3,FR4-1;FR5-2;NPY-M,AGUA-M;FR5-4;FR5-5,0.6956077285945454,0.1882255314091704,False,False
cfos,1014,FR4-3;FR5-1;FR5-3,FR4-1;FR5-4;FR5-5,AGUA-M;FR5-2;NPY-M,0.8607101701131082,0.22294089226798702,False,False
cfos,1015,FR4-3;FR5-1;FR5-3,FR4-1;FR5-4;NPY-M,AGUA-M;FR5-2;FR5-5,2.770274530954276,0.48009406070600485,False,True
cfos,1016,FR4-3;FR5-1;FR5-3,FR4-1;FR5-5;NPY-M,AGUA-M;FR5-2;FR5-4,0.7083012617536968,0.19100423934239183,False,False
cfos,1017,FR4-3;FR5-1;FR5-3,FR5-2;FR5-4;FR5-5,AGUA-M;FR4-1;NPY-M,1.5104399468611949,0.3348764122028288,False,True
cfos,1018,FR4-3;FR5-1;FR5-3,FR5-2;FR5-4;NPY-M,AGUA-M;FR4-1;FR5-5,1.5424512353160884,0.33956363104660964,False,True
cfos,1019,FR4-3;FR5-1;FR5-3,FR5-2;FR5-5;NPY-M,AGUA-M;FR4-1;FR5-4,0.5087285501091133,0.14498942931715053,False,False
cfos,1020,FR4-3;FR5-1;FR5-3,FR5-4;FR5-5;NPY-M,AGUA-M;FR4-1;FR5-2,1.1718984150788403,0.28090291241108606,False,True
cfos,1021,FR4-3;FR5-1;FR5-4,AGUA-M;FR4-1;FR5-2,FR5-3;FR5-5;NPY-M,0.5968813823867235,0.1659441385277656,False,False
cfos,1022,FR4-3;FR5-1;FR5-4,AGUA-M;FR4-1;FR5-3,FR5-2;FR5-5;NPY-M,0.2102143491100211,0.06548296351871319,False,False
cfos,1023,FR4-3;FR5-1;FR5-4,AGUA-M;FR4-1;FR5-5,FR5-2;FR5-3;NPY-M,0.6582066259066887,0.17992603841603722,False,False
cfos,1024,FR4-3;FR5-1;FR5-4,AGUA-M;FR4-1;NPY-M,FR5-2;FR5-3;FR5-5,1.298524307518427,0.30208606829260337,False,True
cfos,1025,FR4-3;FR5-1;FR5-4,AGUA-M;FR5-2;FR5-3,FR4-1;FR5-5;NPY-M,0.3385213425987452,0.10139858573892958,False,False
cfos,1026,FR4-3;FR5-1;FR5-4,AGUA-M;FR5-2;FR5-5,FR4-1;FR5-3;NPY-M,1.481328472414861,0.33055565588045704,False,True
cfos,1027,FR4-3;FR5-1;FR5-4,AGUA-M;FR5-2;NPY-M,FR4-1;FR5-3;FR5-5,0.7511710038155605,0.20024973616278638,False,False
cfos,1028,FR4-3;FR5-1;FR5-4,AGUA-M;FR5-3;FR5-5,FR4-1;FR5-2;NPY-M,0.5018039402171354,0.14329869655296013,False,False
cfos,1029,FR4-3;FR5-1;FR5-4,AGUA-M;FR5-3;NPY-M,FR4-1;FR5-2;FR5-5,1.4752862719897573,0.3296518216551609,False,True
cfos,1030,FR4-3;FR5-1;FR5-4,AGUA-M;FR5-5;NPY-M,FR4-1;FR5-2;FR5-3,0.41209712016494543,0.12077531959143767,False,False
cfos,1031,FR4-3;FR5-1;FR5-4,FR4-1;FR5-2;FR5-3,AGUA-M;FR5-5;NPY-M,0.4120971201649453,0.12077531959143765,False,False
cfos,1032,FR4-3;FR5-1;FR5-4,FR4-1;FR5-2;FR5-5,AGUA-M;FR5-3;NPY-M,1.4752862719897573,0.3296518216551609,False,True
cfos,1033,FR4-3;FR5-1;FR5-4,FR4-1;FR5-2;NPY-M,AGUA-M;FR5-3;FR5-5,0.5018039402171354,0.14329869655296013,False,False
cfos,1034,FR4-3;FR5-1;FR5-4,FR4-1;FR5-3;FR5-5,AGUA-M;FR5-2;NPY-M,0.7511710038155605,0.20024973616278638,False,False
cfos,1035,FR4-3;FR5-1;FR5-4,FR4-1;FR5-3;NPY-M,AGUA-M;FR5-2;FR5-5,1.481328472414861,0.33055565588045704,False,True
cfos,1036,FR4-3;FR5-1;FR5-4,FR4-1;FR5-5;NPY-M,AGUA-M;FR5-2;FR5-3,0.3385213425987452,0.10139858573892958,False,False
cfos,1037,FR4-3;FR5-1;FR5-4,FR5-2;FR5-3;FR5-5,AGUA-M;FR4-1;NPY-M,1.298524307518427,0.30208606829260337,False,True
cfos,1038,FR4-3;FR5-1;FR5-4,FR5-2;FR5-3;NPY-M,AGUA-M;FR4-1;FR5-5,0.6582066259066887,0.17992603841603722,False,False
cfos,1039,FR4-3;FR5-1;FR5-4,FR5-2;FR5-5;NPY-M,AGUA-M;FR4-1;FR5-3,0.2102143491100211,0.06548296351871319,False,False
cfos,1040,FR4-3;FR5-1;FR5-4,FR5-3;FR5-5;NPY-M,AGUA-M;FR4-1;FR5-2,0.5968813823867235,0.1659441385277656,False,False
cfos,1041,FR4-3;FR5-1;FR5-5,AGUA-M;FR4-1;FR5-2,FR5-3;FR5-4;NPY-M,3.55866382694166,0.542589759262152,False,True
cfos,1042,FR4-3;FR5-1;FR5-5,AGUA-M;FR4-1;FR5-3,FR5-2;FR5-4;NPY-M,1.4910910190296303,0.33201086611506786,False,True
cfos,1043,FR4-3;FR5-1;FR5-5,AGUA-M;FR4-1;FR5-4,FR5-2;FR5-3;NPY-M,1.0100504658496003,0.2518797392829327,False,False
cfos,1044,FR4-3;FR5-1;FR5-5,AGUA-M;FR4-1;NPY-M,FR5-2;FR5-3;FR5-4,1.8196369200830895,0.37754647295126936,False,True
cfos,1045,FR4-3;FR5-1;FR5-5,AGUA-M;FR5-2;FR5-3,FR4-1;FR5-4;NPY-M,2.129821224912299,0.41518429815236124,False,True
cfos,1046,FR4-3;FR5-1;FR5-5,AGUA-M;FR5-2;FR5-4,FR4-1;FR5-3;NPY-M,1.6529774297505355,0.3552515469302756,False,True
cfos,1047,FR4-3;FR5-1;FR5-5,AGUA-M;FR5-2;NPY-M,FR4-1;FR5-3;FR5-4,1.4311048536467228,0.3229679506385294,False,True
cfos,1048,FR4-3;FR5-1;FR5-5,AGUA-M;FR5-3;FR5-4,FR4-1;FR5-2;NPY-M,1.1557710761071216,0.27811230574081064,False,True
cfos,1049,FR4-3;FR5-1;FR5-5,AGUA-M;FR5-3;NPY-M,FR4-1;FR5-2;FR5-4,1.5610194943529871,0.34225231799287203,False,True
cfos,1050,FR4-3;FR5-1;FR5-5,AGUA-M;FR5-4;NPY-M,FR4-1;FR5-2;FR5-3,2.4215864154720474,0.44665642671697675,False,True
cfos,1051,FR4-3;FR5-1;FR5-5,FR4-1;FR5-2;FR5-3,AGUA-M;FR5-4;NPY-M,2.4215864154720474,0.44665642671697675,False,True
cfos,1052,FR4-3;FR5-1;FR5-5,FR4-1;FR5-2;FR5-4,AGUA-M;FR5-3;NPY-M,1.5610194943529871,0.34225231799287203,False,True
cfos,1053,FR4-3;FR5-1;FR5-5,FR4-1;FR5-2;NPY-M,AGUA-M;FR5-3;FR5-4,1.1557710761071216,0.27811230574081064,False,True
cfos,1054,FR4-3;FR5-1;FR5-5,FR4-1;FR5-3;FR5-4,AGUA-M;FR5-2;NPY-M,1.4311048536467228,0.3229679506385294,False,True
cfos,1055,FR4-3;FR5-1;FR5-5,FR4-1;FR5-3;NPY-M,AGUA-M;FR5-2;FR5-4,1.6529774297505355,0.3552515469302756,False,True
cfos,1056,FR4-3;FR5-1;FR5-5,FR4-1;FR5-4;NPY-M,AGUA-M;FR5-2;FR5-3,2.129821224912299,0.41518429815236124,False,True
cfos,1057,FR4-3;FR5-1;FR5-5,FR5-2;FR5-3;FR5-4,AGUA-M;FR4-1;NPY-M,1.8196369200830895,0.37754647295126936,False,True
cfos,1058,FR4-3;FR5-1;FR5-5,FR5-2;FR5-3;NPY-M,AGUA-M;FR4-1;FR5-4,1.0100504658496003,0.2518797392829327,False,False
cfos,1059,FR4-3;FR5-1;FR5-5,FR5-2;FR5-4;NPY-M,AGUA-M;FR4-1;FR5-3,1.4910910190296303,0.33201086611506786,False,True
cfos,1060,FR4-3;FR5-1;FR5-5,FR5-3;FR5-4;NPY-M,AGUA-M;FR4-1;FR5-2,3.55866382694166,0.542589759262152,False,True
cfos,1061,FR4-3;FR5-1;NPY-M,AGUA-M;FR4-1;FR5-2,FR5-3;FR5-4;FR5-5,0.8380557315298578,0.218354237184515,False,False
cfos,1062,FR4-3;FR5-1;NPY-M,AGUA-M;FR4-1;FR5-3,FR5-2;FR5-4;FR5-5,0.5975746581217416,0.16610486644736636,False,False
cfos,1063,FR4-3;FR5-1;NPY-M,AGUA-M;FR4-1;FR5-4,FR5-2;FR5-3;FR5-5,0.8110772207413918,0.21282098833557825,False,False
cfos,1064,FR4-3;FR5-1;NPY-M,AGUA-M;FR4-1;FR5-5,FR5-2;FR5-3;FR5-4,0.828130673831986,0.21632769212734876,False,False
cfos,1065,FR4-3;FR5-1;NPY-M,AGUA-M;FR5-2;FR5-3,FR4-1;FR5-4;FR5-5,0.42092936047141927,0.12304532368754126,False,False
cfos,1066,FR4-3;FR5-1;NPY-M,AGUA-M;FR5-2;FR5-4,FR4-1;FR5-3;FR5-5,0.7035199962446861,0.18995982118580293,False,False
cfos,1067,FR4-3;FR5-1;NPY-M,AGUA-M;FR5-2;FR5-5,FR4-1;FR5-3;FR5-4,1.213377483861076,0.2879821446117273,False,True
cfos,1068,FR4-3;FR5-1;NPY-M,AGUA-M;FR5-3;FR5-4,FR4-1;FR5-2;FR5-5,1.1160738444285982,0.2711501024062735,False,True
cfos,1069,FR4-3;FR5-1;NPY-M,AGUA-M;FR5-3;FR5-5,FR4-1;FR5-2;FR5-4,0.5250033936210803,0.14893698955613416,False,False
cfos,1070,FR4-3;FR5-1;NPY-M,AGUA-M;FR5-4;FR5-5,FR4-1;FR5-2;FR5-3,0.4344348903421881,0.12649384955989176,False,False
cfos,1071,FR4-3;FR5-1;NPY-M,FR4-1;FR5-2;FR5-3,AGUA-M;FR5-4;FR5-5,0.4344348903421881,0.12649384955989176,False,False
cfos,1072,FR4-3;FR5-1;NPY-M,FR4-1;FR5-2;FR5-4,AGUA-M;FR5-3;FR5-5,0.5250033936210802,0.14893698955613413,False,False
cfos,1073,FR4-3;FR5-1;NPY-M,FR4-1;FR5-2;FR5-5,AGUA-M;FR5-3;FR5-4,1.116073844428598,0.27115010240627346,False,True
cfos,1074,FR4-3;FR5-1;NPY-M,FR4-1;FR5-3;FR5-4,AGUA-M;FR5-2;FR5-5,1.213377483861076,0.2879821446117273,False,True
cfos,1075,FR4-3;FR5-1;NPY-M,FR4-1;FR5-3;FR5-5,AGUA-M;FR5-2;FR5-4,0.7035199962446861,0.18995982118580293,False,False
cfos,1076,FR4-3;FR5-1;NPY-M,FR4-1;FR5-4;FR5-5,AGUA-M;FR5-2;FR5-3,0.42092936047141927,0.12304532368754126,False,False
cfos,1077,FR4-3;FR5-1;NPY-M,FR5-2;FR5-3;FR5-4,AGUA-M;FR4-1;FR5-5,0.828130673831986,0.21632769212734876,False,False
cfos,1078,FR4-3;FR5-1;NPY-M,FR5-2;FR5-3;FR5-5,AGUA-M;FR4-1;FR5-4,0.8110772207413918,0.21282098833557825,False,False
cfos,1079,FR4-3;FR5-1;NPY-M,FR5-2;FR5-4;FR5-5,AGUA-M;FR4-1;FR5-3,0.5975746581217415,0.16610486644736636,False,False
cfos,1080,FR4-3;FR5-1;NPY-M,FR5-3;FR5-4;FR5-5,AGUA-M;FR4-1;FR5-2,0.8380557315298578,0.218354237184515,False,False
cfos,1081,FR4-3;FR5-2;FR5-3,AGUA-M;FR4-1;FR5-1,FR5-4;FR5-5;NPY-M,0.7906741353879604,0.20858404261305305,False,False
cfos,1082,FR4-3;FR5-2;FR5-3,AGUA-M;FR4-1;FR5-4,FR5-1;FR5-5;NPY-M,0.2693714012832275,0.08239241377639116,False,False
cfos,1083,FR4-3;FR5-2;FR5-3,AGUA-M;FR4-1;FR5-5,FR5-1;FR5-4;NPY-M,0.9837187009505372,0.24693477998730595,False,False
cfos,1084,FR4-3;FR5-2;FR5-3,AGUA-M;FR4-1;NPY-M,FR5-1;FR5-4;FR5-5,1.0163134497740953,0.2530463477225015,False,False
cfos,1085,FR4-3;FR5-2;FR5-3,AGUA-M;FR5-1;FR5-4,FR4-1;FR5-5;NPY-M,0.27877057303519226,0.08502289709680158,False,False
cfos,1086,FR4-3;FR5-2;FR5-3,AGUA-M;FR5-1;FR5-5,FR4-1;FR5-4;NPY-M,2.034778183254302,0.40414455397895876,False,True
cfos,1087,FR4-3;FR5-2;FR5-3,AGUA-M;FR5-1;NPY-M,FR4-1;FR5-4;FR5-5,0.4729964068320174,0.1361925989619647,False,False
cfos,1088,FR4-3;FR5-2;FR5-3,AGUA-M;FR5-4;FR5-5,FR4-1;FR5-1;NPY-M,0.44534198623859456,0.12925915279742395,False,False
cfos,1089,FR4-3;FR5-2;FR5-3,AGUA-M;FR5-4;NPY-M,FR4-1;FR5-1;FR5-5,2.487051879202398,0.45325831319894827,False,True
cfos,1090,FR4-3;FR5-2;FR5-3,AGUA-M;FR5-5;NPY-M,FR4-1;FR5-1;FR5-4,0.3705815055609863,0.10994586689257592,False,False
cfos,1091,FR4-3;FR5-2;FR5-3,FR4-1;FR5-1;FR5-4,AGUA-M;FR5-5;NPY-M,0.3705815055609863,0.10994586689257592,False,False
cfos,1092,FR4-3;FR5-2;FR5-3,FR4-1;FR5-1;FR5-5,AGUA-M;FR5-4;NPY-M,2.487051879202398,0.45325831319894827,False,True
cfos,1093,FR4-3;FR5-2;FR5-3,FR4-1;FR5-1;NPY-M,AGUA-M;FR5-4;FR5-5,0.44534198623859456,0.12925915279742395,False,False
cfos,1094,FR4-3;FR5-2;FR5-3,FR4-1;FR5-4;FR5-5,AGUA-M;FR5-1;NPY-M,0.4729964068320174,0.1361925989619647,False,False
cfos,1095,FR4-3;FR5-2;FR5-3,FR4-1;FR5-4;NPY-M,AGUA-M;FR5-1;FR5-5,2.034778183254302,0.40414455397895876,False,True
cfos,1096,FR4-3;FR5-2;FR5-3,FR4-1;FR5-5;NPY-M,AGUA-M;FR5-1;FR5-4,0.2787705730351923,0.0850228970968016,False,False
cfos,1097,FR4-3;FR5-2;FR5-3,FR5-1;FR5-4;FR5-5,AGUA-M;FR4-1;NPY-M,1.016313449774095,0.25304634772250145,False,False
cfos,1098,FR4-3;FR5-2;FR5-3,FR5-1;FR5-4;NPY-M,AGUA-M;FR4-1;FR5-5,0.9837187009505372,0.24693477998730595,False,False
cfos,1099,FR4-3;FR5-2;FR5-3,FR5-1;FR5-5;NPY-M,AGUA-M;FR4-1;FR5-4,0.2693714012832275,0.08239241377639117,False,False
cfos,1100,FR4-3;FR5-2;FR5-3,FR5-4;FR5-5;NPY-M,AGUA-M;FR4-1;FR5-1,0.79067413538796,0.20858404261305302,False,False
cfos,1101,FR4-3;FR5-2;FR5-4,AGUA-M;FR4-1;FR5-1,FR5-3;FR5-5;NPY-M,0.5308497241884486,0.1503461675391643,False,False
cfos,1102,FR4-3;FR5-2;FR5-4,AGUA-M;FR4-1;FR5-3,FR5-1;FR5-5;NPY-M,0.1901550854036546,0.05960684678738558,False,False
cfos,1103,FR4-3;FR5-2;FR5-4,AGUA-M;FR4-1;FR5-5,FR5-1;FR5-3;NPY-M,0.7534671948292191,0.20073898497559706,False,False
cfos,1104,FR4-3;FR5-2;FR5-4,AGUA-M;FR4-1;NPY-M,FR5-1;FR5-3;FR5-5,1.5024615053704624,0.3336978014311396,False,True
cfos,1105,FR4-3;FR5-2;FR5-4,AGUA-M;FR5-1;FR5-3,FR4-1;FR5-5;NPY-M,0.3664707811704656,0.10885904111220293,False,False
cfos,1106,FR4-3;FR5-2;FR5-4,AGUA-M;FR5-1;FR5-5,FR4-1;FR5-3;NPY-M,1.3562041911559426,0.3113270479628427,False,True
cfos,1107,FR4-3;FR5-2;FR5-4,AGUA-M;FR5-1;NPY-M,FR4-1;FR5-3;FR5-5,0.6154263372479905,0.17022234166619588,False,False
cfos,1108,FR4-3;FR5-2;FR5-4,AGUA-M;FR5-3;FR5-5,FR4-1;FR5-1;NPY-M,0.4926494382470864,0.14105321675064547,False,False
cfos,1109,FR4-3;FR5-2;FR5-4,AGUA-M;FR5-3;NPY-M,FR4-1;FR5-1;FR5-5,1.533126696632226,0.33820512843182265,False,True
cfos,1110,FR4-3;FR5-2;FR5-4,AGUA-M;FR5-5;NPY-M,FR4-1;FR5-1;FR5-3,0.5545768711524807,0.156017689658987,False,False
cfos,1111,FR4-3;FR5-2;FR5-4,FR4-1;FR5-1;FR5-3,AGUA-M;FR5-5;NPY-M,0.5545768711524807,0.156017689658987,False,False
cfos,1112,FR4-3;FR5-2;FR5-4,FR4-1;FR5-1;FR5-5,AGUA-M;FR5-3;NPY-M,1.533126696632226,0.33820512843182265,False,True
cfos,1113,FR4-3;FR5-2;FR5-4,FR4-1;FR5-1;NPY-M,AGUA-M;FR5-3;FR5-5,0.4926494382470864,0.14105321675064547,False,False
cfos,1114,FR4-3;FR5-2;FR5-4,FR4-1;FR5-3;FR5-5,AGUA-M;FR5-1;NPY-M,0.6154263372479905,0.17022234166619588,False,False
cfos,1115,FR4-3;FR5-2;FR5-4,FR4-1;FR5-3;NPY-M,AGUA-M;FR5-1;FR5-5,1.3562041911559426,0.3113270479628427,False,True
cfos,1116,FR4-3;FR5-2;FR5-4,FR4-1;FR5-5;NPY-M,AGUA-M;FR5-1;FR5-3,0.3664707811704657,0.10885904111220296,False,False
cfos,1117,FR4-3;FR5-2;FR5-4,FR5-1;FR5-3;FR5-5,AGUA-M;FR4-1;NPY-M,1.5024615053704624,0.3336978014311396,False,True
cfos,1118,FR4-3;FR5-2;FR5-4,FR5-1;FR5-3;NPY-M,AGUA-M;FR4-1;FR5-5,0.7534671948292191,0.20073898497559706,False,False
cfos,1119,FR4-3;FR5-2;FR5-4,FR5-1;FR5-5;NPY-M,AGUA-M;FR4-1;FR5-3,0.1901550854036546,0.05960684678738558,False,False
cfos,1120,FR4-3;FR5-2;FR5-4,FR5-3;FR5-5;NPY-M,AGUA-M;FR4-1;FR5-1,0.5308497241884484,0.15034616753916427,False,False
cfos,1121,FR4-3;FR5-2;FR5-5,AGUA-M;FR4-1;FR5-1,FR5-3;FR5-4;NPY-M,2.963739897907019,0.49695995275500643,False,True
cfos,1122,FR4-3;FR5-2;FR5-5,AGUA-M;FR4-1;FR5-3,FR5-1;FR5-4;NPY-M,1.0875892903113709,0.26607107834665156,False,False
cfos,1123,FR4-3;FR5-2;FR5-5,AGUA-M;FR4-1;FR5-4,FR5-1;FR5-3;NPY-M,0.9612371832134072,0.24266085032394832,False,False
cfos,1124,FR4-3;FR5-2;FR5-5,AGUA-M;FR4-1;NPY-M,FR5-1;FR5-3;FR5-4,1.6089642222361296,0.3490945350527171,False,True
cfos,1125,FR4-3;FR5-2;FR5-5,AGUA-M;FR5-1;FR5-3,FR4-1;FR5-4;NPY-M,1.9391896682370007,0.39261291800709025,False,True
cfos,1126,FR4-3;FR5-2;FR5-5,AGUA-M;FR5-1;FR5-4,FR4-1;FR5-3;NPY-M,1.1434133016411405,0.27595926797557285,False,True
cfos,1127,FR4-3;FR5-2;FR5-5,AGUA-M;FR5-1;NPY-M,FR4-1;FR5-3;FR5-4,1.070052222754892,0.2629087206233946,False,False
cfos,1128,FR4-3;FR5-2;FR5-5,AGUA-M;FR5-3;FR5-4,FR4-1;FR5-1;NPY-M,0.9779092929152597,0.2458349904199517,False,False
cfos,1129,FR4-3;FR5-2;FR5-5,AGUA-M;FR5-3;NPY-M,FR4-1;FR5-1;FR5-4,1.2297722469098415,0.2907419537324451,False,True
cfos,1130,FR4-3;FR5-2;FR5-5,AGUA-M;FR5-4;NPY-M,FR4-1;FR5-1;FR5-3,2.47312383674021,0.4518669612659818,False,True
cfos,1131,FR4-3;FR5-2;FR5-5,FR4-1;FR5-1;FR5-3,AGUA-M;FR5-4;NPY-M,2.47312383674021,0.4518669612659818,False,True
cfos,1132,FR4-3;FR5-2;FR5-5,FR4-1;FR5-1;FR5-4,AGUA-M;FR5-3;NPY-M,1.2297722469098415,0.2907419537324451,False,True
cfos,1133,FR4-3;FR5-2;FR5-5,FR4-1;FR5-1;NPY-M,AGUA-M;FR5-3;FR5-4,0.9779092929152594,0.24583499041995166,False,False
cfos,1134,FR4-3;FR5-2;FR5-5,FR4-1;FR5-3;FR5-4,AGUA-M;FR5-1;NPY-M,1.0700522227548919,0.26290872062339454,False,False
cfos,1135,FR4-3;FR5-2;FR5-5,FR4-1;FR5-3;NPY-M,AGUA-M;FR5-1;FR5-4,1.1434133016411405,0.27595926797557285,False,True
cfos,1136,FR4-3;FR5-2;FR5-5,FR4-1;FR5-4;NPY-M,AGUA-M;FR5-1;FR5-3,1.9391896682370013,0.3926129180070903,False,True
cfos,1137,FR4-3;FR5-2;FR5-5,FR5-1;FR5-3;FR5-4,AGUA-M;FR4-1;NPY-M,1.6089642222361296,0.3490945350527171,False,True
cfos,1138,FR4-3;FR5-2;FR5-5,FR5-1;FR5-3;NPY-M,AGUA-M;FR4-1;FR5-4,0.9612371832134071,0.2426608503239483,False,False
cfos,1139,FR4-3;FR5-2;FR5-5,FR5-1;FR5-4;NPY-M,AGUA-M;FR4-1;FR5-3,1.0875892903113709,0.26607107834665156,False,False
cfos,1140,FR4-3;FR5-2;FR5-5,FR5-3;FR5-4;NPY-M,AGUA-M;FR4-1;FR5-1,2.963739897907019,0.49695995275500643,False,True
cfos,1141,FR4-3;FR5-2;NPY-M,AGUA-M;FR4-1;FR5-1,FR5-3;FR5-4;FR5-5,0.6743237081634166,0.1835232172563457,False,False
cfos,1142,FR4-3;FR5-2;NPY-M,AGUA-M;FR4-1;FR5-3,FR5-1;FR5-4;FR5-5,0.4159330689758721,0.12176265183690284,False,False
cfos,1143,FR4-3;FR5-2;NPY-M,AGUA-M;FR4-1;FR5-4,FR5-1;FR5-3;FR5-5,0.8719653227479605,0.22519967253454656,False,False
cfos,1144,FR4-3;FR5-2;NPY-M,AGUA-M;FR4-1;FR5-5,FR5-1;FR5-3;FR5-4,0.7437971870058109,0.1986745408077728,False,False
cfos,1145,FR4-3;FR5-2;NPY-M,AGUA-M;FR5-1;FR5-3,FR4-1;FR5-4;FR5-5,0.37561375877357944,0.11127273012124664,False,False
cfos,1146,FR4-3;FR5-2;NPY-M,AGUA-M;FR5-1;FR5-4,FR4-1;FR5-3;FR5-5,0.41478089956036834,0.12146632881007643,False,False
cfos,1147,FR4-3;FR5-2;NPY-M,AGUA-M;FR5-1;FR5-5,FR4-1;FR5-3;FR5-4,0.9974442353848127,0.249520487754545,False,False
cfos,1148,FR4-3;FR5-2;NPY-M,AGUA-M;FR5-3;FR5-4,FR4-1;FR5-1;FR5-5,1.0566325387407751,0.2604703602433673,False,False
cfos,1149,FR4-3;FR5-2;NPY-M,AGUA-M;FR5-3;FR5-5,FR4-1;FR5-1;FR5-4,0.3640788153725968,0.10822541187468354,False,False
cfos,1150,FR4-3;FR5-2;NPY-M,AGUA-M;FR5-4;FR5-5,FR4-1;FR5-1;FR5-3,0.4985552102933861,0.14250317068787308,False,False
cfos,1151,FR4-3;FR5-2;NPY-M,FR4-1;FR5-1;FR5-3,AGUA-M;FR5-4;FR5-5,0.49855521029338606,0.14250317068787308,False,False
cfos,1152,FR4-3;FR5-2;NPY-M,FR4-1;FR5-1;FR5-4,AGUA-M;FR5-3;FR5-5,0.3640788153725968,0.10822541187468354,False,False
cfos,1153,FR4-3;FR5-2;NPY-M,FR4-1;FR5-1;FR5-5,AGUA-M;FR5-3;FR5-4,1.0566325387407751,0.2604703602433673,False,False
cfos,1154,FR4-3;FR5-2;NPY-M,FR4-1;FR5-3;FR5-4,AGUA-M;FR5-1;FR5-5,0.9974442353848127,0.249520487754545,False,False
cfos,1155,FR4-3;FR5-2;NPY-M,FR4-1;FR5-3;FR5-5,AGUA-M;FR5-1;FR5-4,0.4147808995603682,0.12146632881007642,False,False
cfos,1156,FR4-3;FR5-2;NPY-M,FR4-1;FR5-4;FR5-5,AGUA-M;FR5-1;FR5-3,0.37561375877357944,0.11127273012124664,False,False
cfos,1157,FR4-3;FR5-2;NPY-M,FR5-1;FR5-3;FR5-4,AGUA-M;FR4-1;FR5-5,0.7437971870058109,0.1986745408077728,False,False
cfos,1158,FR4-3;FR5-2;NPY-M,FR5-1;FR5-3;FR5-5,AGUA-M;FR4-1;FR5-4,0.8719653227479605,0.22519967253454656,False,False
cfos,1159,FR4-3;FR5-2;NPY-M,FR5-1;FR5-4;FR5-5,AGUA-M;FR4-1;FR5-3,0.4159330689758721,0.12176265183690284,False,False
cfos,1160,FR4-3;FR5-2;NPY-M,FR5-3;FR5-4;FR5-5,AGUA-M;FR4-1;FR5-1,0.6743237081634167,0.18352321725634574,False,False
cfos,1161,FR4-3;FR5-3;FR5-4,AGUA-M;FR4-1;FR5-1,FR5-2;FR5-5;NPY-M,0.6862800737370444,0.18617144113016715,False,False
cfos,1162,FR4-3;FR5-3;FR5-4,AGUA-M;FR4-1;FR5-2,FR5-1;FR5-5;NPY-M,0.7308481359392257,0.19589329538744085,False,False
cfos,1163,FR4-3;FR5-3;FR5-4,AGUA-M;FR4-1;FR5-5,FR5-1;FR5-2;NPY-M,0.7322686829268636,0.1961993482078613,False,False
cfos,1164,FR4-3;FR5-3;FR5-4,AGUA-M;FR4-1;NPY-M,FR5-1;FR5-2;FR5-5,2.8535179045138257,0.48748768707333945,False,True
cfos,1165,FR4-3;FR5-3;FR5-4,AGUA-M;FR5-1;FR5-2,FR4-1;FR5-5;NPY-M,0.9903087186613382,0.2481784715127418,False,False
cfos,1166,FR4-3;FR5-3;FR5-4,AGUA-M;FR5-1;FR5-5,FR4-1;FR5-2;NPY-M,1.3088245392951487,0.3037544293946234,False,True
cfos,1167,FR4-3;FR5-3;FR5-4,AGUA-M;FR5-1;NPY-M,FR4-1;FR5-2;FR5-5,1.4181271045890491,0.32097924550791207,False,True
cfos,1168,FR4-3;FR5-3;FR5-4,AGUA-M;FR5-2;FR5-5,FR4-1;FR5-1;NPY-M,1.4165550932014401,0.32073755750992294,False,True
cfos,1169,FR4-3;FR5-3;FR5-4,AGUA-M;FR5-2;NPY-M,FR4-1;FR5-1;FR5-5,1.6842791685530525,0.3595599467811644,False,True
cfos,1170,FR4-3;FR5-3;FR5-4,AGUA-M;FR5-5;NPY-M,FR4-1;FR5-1;FR5-2,1.0894760073292524,0.26640968314196456,False,True
cfos,1171,FR4-3;FR5-3;FR5-4,FR4-1;FR5-1;FR5-2,AGUA-M;FR5-5;NPY-M,1.0894760073292524,0.26640968314196456,False,True
cfos,1172,FR4-3;FR5-3;FR5-4,FR4-1;FR5-1;FR5-5,AGUA-M;FR5-2;NPY-M,1.6842791685530525,0.3595599467811644,False,True
cfos,1173,FR4-3;FR5-3;FR5-4,FR4-1;FR5-1;NPY-M,AGUA-M;FR5-2;FR5-5,1.4165550932014401,0.32073755750992294,False,True
cfos,1174,FR4-3;FR5-3;FR5-4,FR4-1;FR5-2;FR5-5,AGUA-M;FR5-1;NPY-M,1.4181271045890491,0.32097924550791207,False,True
cfos,1175,FR4-3;FR5-3;FR5-4,FR4-1;FR5-2;NPY-M,AGUA-M;FR5-1;FR5-5,1.3088245392951487,0.3037544293946234,False,True
cfos,1176,FR4-3;FR5-3;FR5-4,FR4-1;FR5-5;NPY-M,AGUA-M;FR5-1;FR5-2,0.9903087186613382,0.2481784715127418,False,False
cfos,1177,FR4-3;FR5-3;FR5-4,FR5-1;FR5-2;FR5-5,AGUA-M;FR4-1;NPY-M,2.8535179045138266,0.48748768707333956,False,True
cfos,1178,FR4-3;FR5-3;FR5-4,FR5-1;FR5-2;NPY-M,AGUA-M;FR4-1;FR5-5,0.7322686829268638,0.19619934820786133,False,False
cfos,1179,FR4-3;FR5-3;FR5-4,FR5-1;FR5-5;NPY-M,AGUA-M;FR4-1;FR5-2,0.7308481359392257,0.19589329538744082,False,False
cfos,1180,FR4-3;FR5-3;FR5-4,FR5-2;FR5-5;NPY-M,AGUA-M;FR4-1;FR5-1,0.6862800737370442,0.18617144113016712,False,False
cfos,1181,FR4-3;FR5-3;FR5-5,AGUA-M;FR4-1;FR5-1,FR5-2;FR5-4;NPY-M,1.3639524094482987,0.31254979006994554,False,True
cfos,1182,FR4-3;FR5-3;FR5-5,AGUA-M;FR4-1;FR5-2,FR5-1;FR5-4;NPY-M,1.2387238464914252,0.2922398088086749,False,True
cfos,1183,FR4-3;FR5-3;FR5-5,AGUA-M;FR4-1;FR5-4,FR5-1;FR5-2;NPY-M,0.4403807632677387,0.12800349541818062,False,False
cfos,1184,FR4-3;FR5-3;FR5-5,AGUA-M;FR4-1;NPY-M,FR5-1;FR5-2;FR5-4,1.1820530463313188,0.2826489844188533,False,True
cfos,1185,FR4-3;FR5-3;FR5-5,AGUA-M;FR5-1;FR5-2,FR4-1;FR5-4;NPY-M,2.18864737341736,0.42181463026959715,False,True
cfos,1186,FR4-3;FR5-3;FR5-5,AGUA-M;FR5-1;FR5-4,FR4-1;FR5-2;NPY-M,0.5640837215667568,0.15826893126932157,False,False
cfos,1187,FR4-3;FR5-3;FR5-5,AGUA-M;FR5-1;NPY-M,FR4-1;FR5-2;FR5-4,0.719454851978953,0.19343018818904703,False,False
cfos,1188,FR4-3;FR5-3;FR5-5,AGUA-M;FR5-2;FR5-4,FR4-1;FR5-1;NPY-M,0.7749329361262356,0.20528389490316537,False,False
cfos,1189,FR4-3;FR5-3;FR5-5,AGUA-M;FR5-2;NPY-M,FR4-1;FR5-1;FR5-4,0.7592998214216772,0.20197905394375493,False,False
cfos,1190,FR4-3;FR5-3;FR5-5,AGUA-M;FR5-4;NPY-M,FR4-1;FR5-1;FR5-2,2.475863854840799,0.4521412366109274,False,True
cfos,1191,FR4-3;FR5-3;FR5-5,FR4-1;FR5-1;FR5-2,AGUA-M;FR5-4;NPY-M,2.475863854840799,0.4521412366109274,False,True
cfos,1192,FR4-3;FR5-3;FR5-5,FR4-1;FR5-1;FR5-4,AGUA-M;FR5-2;NPY-M,0.7592998214216772,0.20197905394375493,False,False
cfos,1193,FR4-3;FR5-3;FR5-5,FR4-1;FR5-1;NPY-M,AGUA-M;FR5-2;FR5-4,0.7749329361262358,0.20528389490316543,False,False
cfos,1194,FR4-3;FR5-3;FR5-5,FR4-1;FR5-2;FR5-4,AGUA-M;FR5-1;NPY-M,0.719454851978953,0.19343018818904703,False,False
cfos,1195,FR4-3;FR5-3;FR5-5,FR4-1;FR5-2;NPY-M,AGUA-M;FR5-1;FR5-4,0.5640837215667568,0.15826893126932154,False,False
cfos,1196,FR4-3;FR5-3;FR5-5,FR4-1;FR5-4;NPY-M,AGUA-M;FR5-1;FR5-2,2.18864737341736,0.42181463026959715,False,True
cfos,1197,FR4-3;FR5-3;FR5-5,FR5-1;FR5-2;FR5-4,AGUA-M;FR4-1;NPY-M,1.1820530463313188,0.2826489844188533,False,True
cfos,1198,FR4-3;FR5-3;FR5-5,FR5-1;FR5-2;NPY-M,AGUA-M;FR4-1;FR5-4,0.4403807632677387,0.12800349541818062,False,False
cfos,1199,FR4-3;FR5-3;FR5-5,FR5-1;FR5-4;NPY-M,AGUA-M;FR4-1;FR5-2,1.238723846491425,0.2922398088086749,False,True
cfos,1200,FR4-3;FR5-3;FR5-5,FR5-2;FR5-4;NPY-M,AGUA-M;FR4-1;FR5-1,1.3639524094482987,0.31254979006994554,False,True
cfos,1201,FR4-3;FR5-3;NPY-M,AGUA-M;FR4-1;FR5-1,FR5-2;FR5-4;FR5-5,1.3845040480379727,0.315772099391156,False,True
cfos,1202,FR4-3;FR5-3;NPY-M,AGUA-M;FR4-1;FR5-2,FR5-1;FR5-4;FR5-5,1.3243922972814501,0.3062609047088618,False,True
cfos,1203,FR4-3;FR5-3;NPY-M,AGUA-M;FR4-1;FR5-4,FR5-1;FR5-2;FR5-5,2.2374426252559974,0.4272013624486502,False,True
cfos,1204,FR4-3;FR5-3;NPY-M,AGUA-M;FR4-1;FR5-5,FR5-1;FR5-2;FR5-4,1.2286785495534642,0.2905585125838447,False,True
cfos,1205,FR4-3;FR5-3;NPY-M,AGUA-M;FR5-1;FR5-2,FR4-1;FR5-4;FR5-5,1.2784041115083014,0.29880396479368915,False,True
cfos,1206,FR4-3;FR5-3;NPY-M,AGUA-M;FR5-1;FR5-4,FR4-1;FR5-2;FR5-5,1.4145889841338843,0.32043503692369635,False,True
cfos,1207,FR4-3;FR5-3;NPY-M,AGUA-M;FR5-1;FR5-5,FR4-1;FR5-2;FR5-4,1.5342664335385947,0.3383714777301331,False,True
cfos,1208,FR4-3;FR5-3;NPY-M,AGUA-M;FR5-2;FR5-4,FR4-1;FR5-1;FR5-5,1.8250810580384083,0.3782487871365166,False,True
cfos,1209,FR4-3;FR5-3;NPY-M,AGUA-M;FR5-2;FR5-5,FR4-1;FR5-1;FR5-4,1.5188995533849747,0.33612155690586476,False,True
cfos,1210,FR4-3;FR5-3;NPY-M,AGUA-M;FR5-4;FR5-5,FR4-1;FR5-1;FR5-2,1.2925023781042992,0.30110696844275436,False,True
cfos,1211,FR4-3;FR5-3;NPY-M,FR4-1;FR5-1;FR5-2,AGUA-M;FR5-4;FR5-5,1.2925023781042995,0.3011069684427544,False,True
cfos,1212,FR4-3;FR5-3;NPY-M,FR4-1;FR5-1;FR5-4,AGUA-M;FR5-2;FR5-5,1.5188995533849747,0.33612155690586476,False,True
cfos,1213,FR4-3;FR5-3;NPY-M,FR4-1;FR5-1;FR5-5,AGUA-M;FR5-2;FR5-4,1.8250810580384085,0.37824878713651666,False,True
cfos,1214,FR4-3;FR5-3;NPY-M,FR4-1;FR5-2;FR5-4,AGUA-M;FR5-1;FR5-5,1.5342664335385947,0.3383714777301331,False,True
cfos,1215,FR4-3;FR5-3;NPY-M,FR4-1;FR5-2;FR5-5,AGUA-M;FR5-1;FR5-4,1.4145889841338843,0.32043503692369635,False,True
cfos,1216,FR4-3;FR5-3;NPY-M,FR4-1;FR5-4;FR5-5,AGUA-M;FR5-1;FR5-2,1.2784041115083018,0.2988039647936892,False,True
cfos,1217,FR4-3;FR5-3;NPY-M,FR5-1;FR5-2;FR5-4,AGUA-M;FR4-1;FR5-5,1.228678549553464,0.29055851258384463,False,True
cfos,1218,FR4-3;FR5-3;NPY-M,FR5-1;FR5-2;FR5-5,AGUA-M;FR4-1;FR5-4,2.2374426252559974,0.4272013624486502,False,True
cfos,1219,FR4-3;FR5-3;NPY-M,FR5-1;FR5-4;FR5-5,AGUA-M;FR4-1;FR5-2,1.3243922972814501,0.3062609047088618,False,True
cfos,1220,FR4-3;FR5-3;NPY-M,FR5-2;FR5-4;FR5-5,AGUA-M;FR4-1;FR5-1,1.3845040480379727,0.315772099391156,False,True
cfos,1221,FR4-3;FR5-4;FR5-5,AGUA-M;FR4-1;FR5-1,FR5-2;FR5-3;NPY-M,0.5926176485570572,0.1649542775015529,False,False
cfos,1222,FR4-3;FR5-4;FR5-5,AGUA-M;FR4-1;FR5-2,FR5-1;FR5-3;NPY-M,0.7564102909173192,0.20136519504971406,False,False
cfos,1223,FR4-3;FR5-4;FR5-5,AGUA-M;FR4-1;FR5-3,FR5-1;FR5-2;NPY-M,0.1933207980422456,0.06053910968192306,False,False
cfos,1224,FR4-3;FR5-4;FR5-5,AGUA-M;FR4-1;NPY-M,FR5-1;FR5-2;FR5-3,1.1319058644628064,0.27394280063298754,False,True
cfos,1225,FR4-3;FR5-4;FR5-5,AGUA-M;FR5-1;FR5-2,FR4-1;FR5-3;NPY-M,1.1918076472837764,0.28431830550622916,False,True
cfos,1226,FR4-3;FR5-4;FR5-5,AGUA-M;FR5-1;FR5-3,FR4-1;FR5-2;NPY-M,0.47796350484475736,0.13742625653747098,False,False
cfos,1227,FR4-3;FR5-4;FR5-5,AGUA-M;FR5-1;NPY-M,FR4-1;FR5-2;FR5-3,0.4806914753609038,0.1381022933987742,False,False
cfos,1228,FR4-3;FR5-4;FR5-5,AGUA-M;FR5-2;FR5-3,FR4-1;FR5-1;NPY-M,0.4392638891735674,0.12772032136188294,False,False
cfos,1229,FR4-3;FR5-4;FR5-5,AGUA-M;FR5-2;NPY-M,FR4-1;FR5-1;FR5-3,0.7658734293559828,0.20337205796291402,False,False
cfos,1230,FR4-3;FR5-4;FR5-5,AGUA-M;FR5-3;NPY-M,FR4-1;FR5-1;FR5-2,1.2397387590691191,0.29240923309654987,False,True
cfos,1231,FR4-3;FR5-4;FR5-5,FR4-1;FR5-1;FR5-2,AGUA-M;FR5-3;NPY-M,1.2397387590691191,0.29240923309654987,False,True
cfos,1232,FR4-3;FR5-4;FR5-5,FR4-1;FR5-1;FR5-3,AGUA-M;FR5-2;NPY-M,0.7658734293559828,0.20337205796291402,False,False
cfos,1233,FR4-3;FR5-4;FR5-5,FR4-1;FR5-1;NPY-M,AGUA-M;FR5-2;FR5-3,0.4392638891735674,0.12772032136188294,False,False
cfos,1234,FR4-3;FR5-4;FR5-5,FR4-1;FR5-2;FR5-3,AGUA-M;FR5-1;NPY-M,0.4806914753609038,0.1381022933987742,False,False
cfos,1235,FR4-3;FR5-4;FR5-5,FR4-1;FR5-2;NPY-M,AGUA-M;FR5-1;FR5-3,0.47796350484475736,0.13742625653747098,False,False
cfos,1236,FR4-3;FR5-4;FR5-5,FR4-1;FR5-3;NPY-M,AGUA-M;FR5-1;FR5-2,1.1918076472837764,0.28431830550622916,False,True
cfos,1237,FR4-3;FR5-4;FR5-5,FR5-1;FR5-2;FR5-3,AGUA-M;FR4-1;NPY-M,1.1319058644628064,0.27394280063298754,False,True
cfos,1238,FR4-3;FR5-4;FR5-5,FR5-1;FR5-2;NPY-M,AGUA-M;FR4-1;FR5-3,0.1933207980422456,0.06053910968192306,False,False
cfos,1239,FR4-3;FR5-4;FR5-5,FR5-1;FR5-3;NPY-M,AGUA-M;FR4-1;FR5-2,0.7564102909173192,0.20136519504971406,False,False
cfos,1240,FR4-3;FR5-4;FR5-5,FR5-2;FR5-3;NPY-M,AGUA-M;FR4-1;FR5-1,0.5926176485570571,0.16495427750155287,False,False
cfos,1241,FR4-3;FR5-4;NPY-M,AGUA-M;FR4-1;FR5-1,FR5-2;FR5-3;FR5-5,2.1891540421879214,0.4218710842634575,False,True
cfos,1242,FR4-3;FR5-4;NPY-M,AGUA-M;FR4-1;FR5-2,FR5-1;FR5-3;FR5-5,2.650577214762926,0.469080788390595,False,True
cfos,1243,FR4-3;FR5-4;NPY-M,AGUA-M;FR4-1;FR5-3,FR5-1;FR5-2;FR5-5,2.8432174245689907,0.4865842254327397,False,True
cfos,1244,FR4-3;FR5-4;NPY-M,AGUA-M;FR4-1;FR5-5,FR5-1;FR5-2;FR5-3,2.0735630923601747,0.4086995775183259,False,True
cfos,1245,FR4-3;FR5-4;NPY-M,AGUA-M;FR5-1;FR5-2,FR4-1;FR5-3;FR5-5,2.128223865692092,0.4150021374710155,False,True
cfos,1246,FR4-3;FR5-4;NPY-M,AGUA-M;FR5-1;FR5-3,FR4-1;FR5-2;FR5-5,2.2304867230654,0.42643961091219285,False,True
cfos,1247,FR4-3;FR5-4;NPY-M,AGUA-M;FR5-1;FR5-5,FR4-1;FR5-2;FR5-3,2.083805100741225,0.40989083166020734,False,True
cfos,1248,FR4-3;FR5-4;NPY-M,AGUA-M;FR5-2;FR5-3,FR4-1;FR5-1;FR5-5,2.2404718215721684,0.42753246231558123,False,True
cfos,1249,FR4-3;FR5-4;NPY-M,AGUA-M;FR5-2;FR5-5,FR4-1;FR5-1;FR5-3,2.600795563165119,0.46436180964537094,False,True
cfos,1250,FR4-3;FR5-4;NPY-M,AGUA-M;FR5-3;FR5-5,FR4-1;FR5-1;FR5-2,1.9592470761168852,0.39506946236907103,False,True
cfos,1251,FR4-3;FR5-4;NPY-M,FR4-1;FR5-1;FR5-2,AGUA-M;FR5-3;FR5-5,1.9592470761168852,0.39506946236907103,False,True
cfos,1252,FR4-3;FR5-4;NPY-M,FR4-1;FR5-1;FR5-3,AGUA-M;FR5-2;FR5-5,2.600795563165119,0.46436180964537094,False,True
cfos,1253,FR4-3;FR5-4;NPY-M,FR4-1;FR5-1;FR5-5,AGUA-M;FR5-2;FR5-3,2.2404718215721684,0.42753246231558123,False,True
cfos,1254,FR4-3;FR5-4;NPY-M,FR4-1;FR5-2;FR5-3,AGUA-M;FR5-1;FR5-5,2.083805100741225,0.40989083166020734,False,True
cfos,1255,FR4-3;FR5-4;NPY-M,FR4-1;FR5-2;FR5-5,AGUA-M;FR5-1;FR5-3,2.2304867230654,0.42643961091219285,False,True
cfos,1256,FR4-3;FR5-4;NPY-M,FR4-1;FR5-3;FR5-5,AGUA-M;FR5-1;FR5-2,2.128223865692092,0.4150021374710155,False,True
cfos,1257,FR4-3;FR5-4;NPY-M,FR5-1;FR5-2;FR5-3,AGUA-M;FR4-1;FR5-5,2.0735630923601747,0.4086995775183259,False,True
cfos,1258,FR4-3;FR5-4;NPY-M,FR5-1;FR5-2;FR5-5,AGUA-M;FR4-1;FR5-3,2.8432174245689907,0.4865842254327397,False,True
cfos,1259,FR4-3;FR5-4;NPY-M,FR5-1;FR5-3;FR5-5,AGUA-M;FR4-1;FR5-2,2.650577214762926,0.469080788390595,False,True
cfos,1260,FR4-3;FR5-4;NPY-M,FR5-2;FR5-3;FR5-5,AGUA-M;FR4-1;FR5-1,2.1891540421879214,0.4218710842634575,False,True
cfos,1261,FR4-3;FR5-5;NPY-M,AGUA-M;FR4-1;FR5-1,FR5-2;FR5-3;FR5-4,0.5976159491077677,0.16611443732785883,False,False
cfos,1262,FR4-3;FR5-5;NPY-M,AGUA-M;FR4-1;FR5-2,FR5-1;FR5-3;FR5-4,0.6732848506341739,0.18329230593645213,False,False
cfos,1263,FR4-3;FR5-5;NPY-M,AGUA-M;FR4-1;FR5-3,FR5-1;FR5-2;FR5-4,0.29916144330944855,0.09067802484056503,False,False
cfos,1264,FR4-3;FR5-5;NPY-M,AGUA-M;FR4-1;FR5-4,FR5-1;FR5-2;FR5-3,0.5270723895064003,0.1494362267909568,False,False
cfos,1265,FR4-3;FR5-5;NPY-M,AGUA-M;FR5-1;FR5-2,FR4-1;FR5-3;FR5-4,0.7807340614430851,0.20650330035249378,False,False
cfos,1266,FR4-3;FR5-5;NPY-M,AGUA-M;FR5-1;FR5-3,FR4-1;FR5-2;FR5-4,0.3625616745842134,0.10782305565563932,False,False
cfos,1267,FR4-3;FR5-5;NPY-M,AGUA-M;FR5-1;FR5-4,FR4-1;FR5-2;FR5-3,0.23742580116395065,0.07333783559721709,False,False
cfos,1268,FR4-3;FR5-5;NPY-M,AGUA-M;FR5-2;FR5-3,FR4-1;FR5-1;FR5-4,0.2569190340864364,0.07888407154048337,False,False
cfos,1269,FR4-3;FR5-5;NPY-M,AGUA-M;FR5-2;FR5-4,FR4-1;FR5-1;FR5-3,0.5622711981969335,0.1578406491009249,False,False
cfos,1270,FR4-3;FR5-5;NPY-M,AGUA-M;FR5-3;FR5-4,FR4-1;FR5-1;FR5-2,0.7437573779913793,0.19866601996265684,False,False
cfos,1271,FR4-3;FR5-5;NPY-M,FR4-1;FR5-1;FR5-2,AGUA-M;FR5-3;FR5-4,0.7437573779913793,0.19866601996265684,False,False
cfos,1272,FR4-3;FR5-5;NPY-M,FR4-1;FR5-1;FR5-3,AGUA-M;FR5-2;FR5-4,0.5622711981969335,0.1578406491009249,False,False
cfos,1273,FR4-3;FR5-5;NPY-M,FR4-1;FR5-1;FR5-4,AGUA-M;FR5-2;FR5-3,0.2569190340864364,0.07888407154048337,False,False
cfos,1274,FR4-3;FR5-5;NPY-M,FR4-1;FR5-2;FR5-3,AGUA-M;FR5-1;FR5-4,0.2374258011639507,0.0733378355972171,False,False
cfos,1275,FR4-3;FR5-5;NPY-M,FR4-1;FR5-2;FR5-4,AGUA-M;FR5-1;FR5-3,0.3625616745842134,0.10782305565563932,False,False
cfos,1276,FR4-3;FR5-5;NPY-M,FR4-1;FR5-3;FR5-4,AGUA-M;FR5-1;FR5-2,0.7807340614430851,0.20650330035249378,False,False
cfos,1277,FR4-3;FR5-5;NPY-M,FR5-1;FR5-2;FR5-3,AGUA-M;FR4-1;FR5-4,0.5270723895064005,0.14943622679095683,False,False
cfos,1278,FR4-3;FR5-5;NPY-M,FR5-1;FR5-2;FR5-4,AGUA-M;FR4-1;FR5-3,0.29916144330944855,0.09067802484056503,False,False
cfos,1279,FR4-3;FR5-5;NPY-M,FR5-1;FR5-3;FR5-4,AGUA-M;FR4-1;FR5-2,0.6732848506341739,0.18329230593645215,False,False
cfos,1280,FR4-3;FR5-5;NPY-M,FR5-2;FR5-3;FR5-4,AGUA-M;FR4-1;FR5-1,0.5976159491077677,0.16611443732785883,False,False
cfos,1281,FR5-1;FR5-2;FR5-3,AGUA-M;FR4-1;FR4-3,FR5-4;FR5-5;NPY-M,0.8243052747957929,0.21554379568712867,False,False
cfos,1282,FR5-1;FR5-2;FR5-3,AGUA-M;FR4-1;FR5-4,FR4-3;FR5-5;NPY-M,0.5270723895064005,0.14943622679095683,False,False
cfos,1283,FR5-1;FR5-2;FR5-3,AGUA-M;FR4-1;FR5-5,FR4-3;FR5-4;NPY-M,2.0735630923601747,0.4086995775183259,False,True
cfos,1284,FR5-1;FR5-2;FR5-3,AGUA-M;FR4-1;NPY-M,FR4-3;FR5-4;FR5-5,1.1319058644628064,0.27394280063298754,False,True
cfos,1285,FR5-1;FR5-2;FR5-3,AGUA-M;FR4-3;FR5-4,FR4-1;FR5-5;NPY-M,0.5233282655330886,0.14853236090787802,False,False
cfos,1286,FR5-1;FR5-2;FR5-3,AGUA-M;FR4-3;FR5-5,FR4-1;FR5-4;NPY-M,1.7841780211472367,0.37293303327358085,False,True
cfos,1287,FR5-1;FR5-2;FR5-3,AGUA-M;FR4-3;NPY-M,FR4-1;FR5-4;FR5-5,0.977985419629518,0.24584942287712078,False,False
cfos,1288,FR5-1;FR5-2;FR5-3,AGUA-M;FR5-4;FR5-5,FR4-1;FR4-3;NPY-M,0.9188753078654288,0.2344742395914431,False,False
cfos,1289,FR5-1;FR5-2;FR5-3,AGUA-M;FR5-4;NPY-M,FR4-1;FR4-3;FR5-5,2.1511436142675624,0.4176050553724334,False,True
cfos,1290,FR5-1;FR5-2;FR5-3,AGUA-M;FR5-5;NPY-M,FR4-1;FR4-3;FR5-4,0.6101673587339183,0.16901359358251558,False,False
cfos,1291,FR5-1;FR5-2;FR5-3,FR4-1;FR4-3;FR5-4,AGUA-M;FR5-5;NPY-M,0.6101673587339183,0.16901359358251558,False,False
cfos,1292,FR5-1;FR5-2;FR5-3,FR4-1;FR4-3;FR5-5,AGUA-M;FR5-4;NPY-M,2.1511436142675624,0.4176050553724334,False,True
cfos,1293,FR5-1;FR5-2;FR5-3,FR4-1;FR4-3;NPY-M,AGUA-M;FR5-4;FR5-5,0.918875307865429,0.23447423959144312,False,False
cfos,1294,FR5-1;FR5-2;FR5-3,FR4-1;FR5-4;FR5-5,AGUA-M;FR4-3;NPY-M,0.977985419629518,0.24584942287712078,False,False
cfos,1295,FR5-1;FR5-2;FR5-3,FR4-1;FR5-4;NPY-M,AGUA-M;FR4-3;FR5-5,1.7841780211472367,0.37293303327358085,False,True
cfos,1296,FR5-1;FR5-2;FR5-3,FR4-1;FR5-5;NPY-M,AGUA-M;FR4-3;FR5-4,0.5233282655330886,0.14853236090787802,False,False
cfos,1297,FR5-1;FR5-2;FR5-3,FR4-3;FR5-4;FR5-5,AGUA-M;FR4-1;NPY-M,1.1319058644628064,0.27394280063298754,False,True
cfos,1298,FR5-1;FR5-2;FR5-3,FR4-3;FR5-4;NPY-M,AGUA-M;FR4-1;FR5-5,2.0735630923601747,0.4086995775183259,False,True
cfos,1299,FR5-1;FR5-2;FR5-3,FR4-3;FR5-5;NPY-M,AGUA-M;FR4-1;FR5-4,0.5270723895064005,0.14943622679095683,False,False
cfos,1300,FR5-1;FR5-2;FR5-3,FR5-4;FR5-5;NPY-M,AGUA-M;FR4-1;FR4-3,0.8243052747957929,0.21554379568712867,False,False
cfos,1301,FR5-1;FR5-2;FR5-4,AGUA-M;FR4-1;FR4-3,FR5-3;FR5-5;NPY-M,0.4142638511413291,0.12133328565185374,False,False
cfos,1302,FR5-1;FR5-2;FR5-4,AGUA-M;FR4-1;FR5-3,FR4-3;FR5-5;NPY-M,0.2991614433094485,0.09067802484056502,False,False
cfos,1303,FR5-1;FR5-2;FR5-4,AGUA-M;FR4-1;FR5-5,FR4-3;FR5-3;NPY-M,1.228678549553464,0.29055851258384463,False,True
cfos,1304,FR5-1;FR5-2;FR5-4,AGUA-M;FR4-1;NPY-M,FR4-3;FR5-3;FR5-5,1.1820530463313188,0.2826489844188533,False,True
cfos,1305,FR5-1;FR5-2;FR5-4,AGUA-M;FR4-3;FR5-3,FR4-1;FR5-5;NPY-M,0.33490160787077566,0.10042323500050702,False,False
cfos,1306,FR5-1;FR5-2;FR5-4,AGUA-M;FR4-3;FR5-5,FR4-1;FR5-3;NPY-M,0.9690041535934556,0.24414289229607858,False,False
cfos,1307,FR5-1;FR5-2;FR5-4,AGUA-M;FR4-3;NPY-M,FR4-1;FR5-3;FR5-5,0.9677634068971358,0.24390653061996573,False,False
cfos,1308,FR5-1;FR5-2;FR5-4,AGUA-M;FR5-3;FR5-5,FR4-1;FR4-3;NPY-M,0.7988901423625604,0.21029566858327844,False,False
cfos,1309,FR5-1;FR5-2;FR5-4,AGUA-M;FR5-3;NPY-M,FR4-1;FR4-3;FR5-5,1.0904214140077022,0.2665792356439216,False,True
cfos,1310,FR5-1;FR5-2;FR5-4,AGUA-M;FR5-5;NPY-M,FR4-1;FR4-3;FR5-3,0.5011559795775336,0.1431401464261542,False,False
cfos,1311,FR5-1;FR5-2;FR5-4,FR4-1;FR4-3;FR5-3,AGUA-M;FR5-5;NPY-M,0.5011559795775336,0.1431401464261542,False,False
cfos,1312,FR5-1;FR5-2;FR5-4,FR4-1;FR4-3;FR5-5,AGUA-M;FR5-3;NPY-M,1.0904214140077026,0.26657923564392166,False,True
cfos,1313,FR5-1;FR5-2;FR5-4,FR4-1;FR4-3;NPY-M,AGUA-M;FR5-3;FR5-5,0.7988901423625604,0.21029566858327844,False,False
cfos,1314,FR5-1;FR5-2;FR5-4,FR4-1;FR5-3;FR5-5,AGUA-M;FR4-3;NPY-M,0.9677634068971358,0.24390653061996573,False,False
cfos,1315,FR5-1;FR5-2;FR5-4,FR4-1;FR5-3;NPY-M,AGUA-M;FR4-3;FR5-5,0.9690041535934556,0.24414289229607858,False,False
cfos,1316,FR5-1;FR5-2;FR5-4,FR4-1;FR5-5;NPY-M,AGUA-M;FR4-3;FR5-3,0.33490160787077566,0.10042323500050702,False,False
cfos,1317,FR5-1;FR5-2;FR5-4,FR4-3;FR5-3;FR5-5,AGUA-M;FR4-1;NPY-M,1.1820530463313188,0.2826489844188533,False,True
cfos,1318,FR5-1;FR5-2;FR5-4,FR4-3;FR5-3;NPY-M,AGUA-M;FR4-1;FR5-5,1.228678549553464,0.29055851258384463,False,True
cfos,1319,FR5-1;FR5-2;FR5-4,FR4-3;FR5-5;NPY-M,AGUA-M;FR4-1;FR5-3,0.29916144330944855,0.09067802484056503,False,False
cfos,1320,FR5-1;FR5-2;FR5-4,FR5-3;FR5-5;NPY-M,AGUA-M;FR4-1;FR4-3,0.4142638511413291,0.12133328565185374,False,False
cfos,1321,FR5-1;FR5-2;FR5-5,AGUA-M;FR4-1;FR4-3,FR5-3;FR5-4;NPY-M,3.8597778802442275,0.5626680553841502,False,True
cfos,1322,FR5-1;FR5-2;FR5-5,AGUA-M;FR4-1;FR5-3,FR4-3;FR5-4;NPY-M,2.8432174245689907,0.4865842254327397,False,True
cfos,1323,FR5-1;FR5-2;FR5-5,AGUA-M;FR4-1;FR5-4,FR4-3;FR5-3;NPY-M,2.2374426252559974,0.4272013624486502,False,True
cfos,1324,FR5-1;FR5-2;FR5-5,AGUA-M;FR4-1;NPY-M,FR4-3;FR5-3;FR5-4,2.8535179045138266,0.48748768707333956,False,True
cfos,1325,FR5-1;FR5-2;FR5-5,AGUA-M;FR4-3;FR5-3,FR4-1;FR5-4;NPY-M,2.7570313586323527,0.4788980964118487,False,True
cfos,1326,FR5-1;FR5-2;FR5-5,AGUA-M;FR4-3;FR5-4,FR4-1;FR5-3;NPY-M,1.9851863636952531,0.3982170813417174,False,True
cfos,1327,FR5-1;FR5-2;FR5-5,AGUA-M;FR4-3;NPY-M,FR4-1;FR5-3;FR5-4,2.275317910604745,0.43131389409361875,False,True
cfos,1328,FR5-1;FR5-2;FR5-5,AGUA-M;FR5-3;FR5-4,FR4-1;FR4-3;NPY-M,2.083009154951918,0.4097984267690389,False,True
cfos,1329,FR5-1;FR5-2;FR5-5,AGUA-M;FR5-3;NPY-M,FR4-1;FR4-3;FR5-4,2.072348855942085,0.4085580299774529,False,True
cfos,1330,FR5-1;FR5-2;FR5-5,AGUA-M;FR5-4;NPY-M,FR4-1;FR4-3;FR5-3,3.4337699498413885,0.5337104025496033,False,True
cfos,1331,FR5-1;FR5-2;FR5-5,FR4-1;FR4-3;FR5-3,AGUA-M;FR5-4;NPY-M,3.4337699498413885,0.5337104025496033,False,True
cfos,1332,FR5-1;FR5-2;FR5-5,FR4-1;FR4-3;FR5-4,AGUA-M;FR5-3;NPY-M,2.072348855942085,0.4085580299774529,False,True
cfos,1333,FR5-1;FR5-2;FR5-5,FR4-1;FR4-3;NPY-M,AGUA-M;FR5-3;FR5-4,2.0830091549519185,0.409798426769039,False,True
cfos,1334,FR5-1;FR5-2;FR5-5,FR4-1;FR5-3;FR5-4,AGUA-M;FR4-3;NPY-M,2.275317910604745,0.43131389409361875,False,True
cfos,1335,FR5-1;FR5-2;FR5-5,FR4-1;FR5-3;NPY-M,AGUA-M;FR4-3;FR5-4,1.9851863636952536,0.39821708134171746,False,True
cfos,1336,FR5-1;FR5-2;FR5-5,FR4-1;FR5-4;NPY-M,AGUA-M;FR4-3;FR5-3,2.757031358632352,0.4788980964118486,False,True
cfos,1337,FR5-1;FR5-2;FR5-5,FR4-3;FR5-3;FR5-4,AGUA-M;FR4-1;NPY-M,2.8535179045138266,0.48748768707333956,False,True
cfos,1338,FR5-1;FR5-2;FR5-5,FR4-3;FR5-3;NPY-M,AGUA-M;FR4-1;FR5-4,2.2374426252559974,0.4272013624486502,False,True
cfos,1339,FR5-1;FR5-2;FR5-5,FR4-3;FR5-4;NPY-M,AGUA-M;FR4-1;FR5-3,2.8432174245689907,0.4865842254327397,False,True
cfos,1340,FR5-1;FR5-2;FR5-5,FR5-3;FR5-4;NPY-M,AGUA-M;FR4-1;FR4-3,3.8597778802442275,0.5626680553841502,False,True
cfos,1341,FR5-1;FR5-2;NPY-M,AGUA-M;FR4-1;FR4-3,FR5-3;FR5-4;FR5-5,0.36459783160246056,0.10836297526495557,False,False
cfos,1342,FR5-1;FR5-2;NPY-M,AGUA-M;FR4-1;FR5-3,FR4-3;FR5-4;FR5-5,0.1933207980422456,0.06053910968192306,False,False
cfos,1343,FR5-1;FR5-2;NPY-M,AGUA-M;FR4-1;FR5-4,FR4-3;FR5-3;FR5-5,0.4403807632677386,0.1280034954181806,False,False
cfos,1344,FR5-1;FR5-2;NPY-M,AGUA-M;FR4-1;FR5-5,FR4-3;FR5-3;FR5-4,0.7322686829268636,0.1961993482078613,False,False
cfos,1345,FR5-1;FR5-2;NPY-M,AGUA-M;FR4-3;FR5-3,FR4-1;FR5-4;FR5-5,0.18028920831251224,0.0566895639054711,False,False
cfos,1346,FR5-1;FR5-2;NPY-M,AGUA-M;FR4-3;FR5-4,FR4-1;FR5-3;FR5-5,0.3439440302086938,0.10285579755568708,False,False
cfos,1347,FR5-1;FR5-2;NPY-M,AGUA-M;FR4-3;FR5-5,FR4-1;FR5-3;FR5-4,0.4729818243804532,0.13618897198370128,False,False
cfos,1348,FR5-1;FR5-2;NPY-M,AGUA-M;FR5-3;FR5-4,FR4-1;FR4-3;FR5-5,0.4993466436717411,0.1426971073513867,False,False
cfos,1349,FR5-1;FR5-2;NPY-M,AGUA-M;FR5-3;FR5-5,FR4-1;FR4-3;FR5-4,0.27930906125211336,0.0851731434991574,False,False
cfos,1350,FR5-1;FR5-2;NPY-M,AGUA-M;FR5-4;FR5-5,FR4-1;FR4-3;FR5-3,0.273244804931189,0.08347826735096071,False,False
cfos,1351,FR5-1;FR5-2;NPY-M,FR4-1;FR4-3;FR5-3,AGUA-M;FR5-4;FR5-5,0.273244804931189,0.08347826735096071,False,False
cfos,1352,FR5-1;FR5-2;NPY-M,FR4-1;FR4-3;FR5-4,AGUA-M;FR5-3;FR5-5,0.27930906125211336,0.0851731434991574,False,False
cfos,1353,FR5-1;FR5-2;NPY-M,FR4-1;FR4-3;FR5-5,AGUA-M;FR5-3;FR5-4,0.4993466436717411,0.1426971073513867,False,False
cfos,1354,FR5-1;FR5-2;NPY-M,FR4-1;FR5-3;FR5-4,AGUA-M;FR4-3;FR5-5,0.47298182438045316,0.13618897198370125,False,False
cfos,1355,FR5-1;FR5-2;NPY-M,FR4-1;FR5-3;FR5-5,AGUA-M;FR4-3;FR5-4,0.3439440302086938,0.10285579755568708,False,False
cfos,1356,FR5-1;FR5-2;NPY-M,FR4-1;FR5-4;FR5-5,AGUA-M;FR4-3;FR5-3,0.18028920831251224,0.0566895639054711,False,False
cfos,1357,FR5-1;FR5-2;NPY-M,FR4-3;FR5-3;FR5-4,AGUA-M;FR4-1;FR5-5,0.7322686829268638,0.19619934820786133,False,False
cfos,1358,FR5-1;FR5-2;NPY-M,FR4-3;FR5-3;FR5-5,AGUA-M;FR4-1;FR5-4,0.4403807632677387,0.12800349541818062,False,False
cfos,1359,FR5-1;FR5-2;NPY-M,FR4-3;FR5-4;FR5-5,AGUA-M;FR4-1;FR5-3,0.1933207980422456,0.06053910968192306,False,False
cfos,1360,FR5-1;FR5-2;NPY-M,FR5-3;FR5-4;FR5-5,AGUA-M;FR4-1;FR4-3,0.36459783160246056,0.10836297526495557,False,False
cfos,1361,FR5-1;FR5-3;FR5-4,AGUA-M;FR4-1;FR4-3,FR5-2;FR5-5;NPY-M,0.3840428077396309,0.11348639173868845,False,False
cfos,1362,FR5-1;FR5-3;FR5-4,AGUA-M;FR4-1;FR5-2,FR4-3;FR5-5;NPY-M,0.6732848506341739,0.18329230593645213,False,False
cfos,1363,FR5-1;FR5-3;FR5-4,AGUA-M;FR4-1;FR5-5,FR4-3;FR5-2;NPY-M,0.7437971870058109,0.1986745408077728,False,False
cfos,1364,FR5-1;FR5-3;FR5-4,AGUA-M;FR4-1;NPY-M,FR4-3;FR5-2;FR5-5,1.6089642222361296,0.3490945350527171,False,True
cfos,1365,FR5-1;FR5-3;FR5-4,AGUA-M;FR4-3;FR5-2,FR4-1;FR5-5;NPY-M,0.5393984079691069,0.15239833039270975,False,False
cfos,1366,FR5-1;FR5-3;FR5-4,AGUA-M;FR4-3;FR5-5,FR4-1;FR5-2;NPY-M,0.7170028011747678,0.1928981062236911,False,False
cfos,1367,FR5-1;FR5-3;FR5-4,AGUA-M;FR4-3;NPY-M,FR4-1;FR5-2;FR5-5,1.6224339477472185,0.3509912669575138,False,True
cfos,1368,FR5-1;FR5-3;FR5-4,AGUA-M;FR5-2;FR5-5,FR4-1;FR4-3;NPY-M,1.5893161827685722,0.3463078418383878,False,True
cfos,1369,FR5-1;FR5-3;FR5-4,AGUA-M;FR5-2;NPY-M,FR4-1;FR4-3;FR5-5,0.9696290902453104,0.24426188648909525,False,False
cfos,1370,FR5-1;FR5-3;FR5-4,AGUA-M;FR5-5;NPY-M,FR4-1;FR4-3;FR5-2,0.5979325052244765,0.1661878049007957,False,False
cfos,1371,FR5-1;FR5-3;FR5-4,FR4-1;FR4-3;FR5-2,AGUA-M;FR5-5;NPY-M,0.5979325052244764,0.1661878049007957,False,False
cfos,1372,FR5-1;FR5-3;FR5-4,FR4-1;FR4-3;FR5-5,AGUA-M;FR5-2;NPY-M,0.9696290902453103,0.2442618864890952,False,False
cfos,1373,FR5-1;FR5-3;FR5-4,FR4-1;FR4-3;NPY-M,AGUA-M;FR5-2;FR5-5,1.5893161827685722,0.3463078418383878,False,True
cfos,1374,FR5-1;FR5-3;FR5-4,FR4-1;FR5-2;FR5-5,AGUA-M;FR4-3;NPY-M,1.6224339477472185,0.3509912669575138,False,True
cfos,1375,FR5-1;FR5-3;FR5-4,FR4-1;FR5-2;NPY-M,AGUA-M;FR4-3;FR5-5,0.7170028011747677,0.19289810622369108,False,False
cfos,1376,FR5-1;FR5-3;FR5-4,FR4-1;FR5-5;NPY-M,AGUA-M;FR4-3;FR5-2,0.5393984079691069,0.15239833039270975,False,False
cfos,1377,FR5-1;FR5-3;FR5-4,FR4-3;FR5-2;FR5-5,AGUA-M;FR4-1;NPY-M,1.6089642222361296,0.3490945350527171,False,True
cfos,1378,FR5-1;FR5-3;FR5-4,FR4-3;FR5-2;NPY-M,AGUA-M;FR4-1;FR5-5,0.7437971870058109,0.1986745408077728,False,False
cfos,1379,FR5-1;FR5-3;FR5-4,FR4-3;FR5-5;NPY-M,AGUA-M;FR4-1;FR5-2,0.6732848506341739,0.18329230593645215,False,False
cfos,1380,FR5-1;FR5-3;FR5-4,FR5-2;FR5-5;NPY-M,AGUA-M;FR4-1;FR4-3,0.3840428077396309,0.11348639173868845,False,False
cfos,1381,FR5-1;FR5-3;FR5-5,AGUA-M;FR4-1;FR4-3,FR5-2;FR5-4;NPY-M,1.5084695558699834,0.33458572519492136,False,True
cfos,1382,FR5-1;FR5-3;FR5-5,AGUA-M;FR4-1;FR5-2,FR4-3;FR5-4;NPY-M,2.650577214762926,0.469080788390595,False,True
cfos,1383,FR5-1;FR5-3;FR5-5,AGUA-M;FR4-1;FR5-4,FR4-3;FR5-2;NPY-M,0.8719653227479605,0.22519967253454656,False,False
cfos,1384,FR5-1;FR5-3;FR5-5,AGUA-M;FR4-1;NPY-M,FR4-3;FR5-2;FR5-4,1.5024615053704626,0.33369780143113964,False,True
cfos,1385,FR5-1;FR5-3;FR5-5,AGUA-M;FR4-3;FR5-2,FR4-1;FR5-4;NPY-M,2.179159860149049,0.4207554736660196,False,True
cfos,1386,FR5-1;FR5-3;FR5-5,AGUA-M;FR4-3;FR5-4,FR4-1;FR5-2;NPY-M,0.9310987265347801,0.23685457713129815,False,False
cfos,1387,FR5-1;FR5-3;FR5-5,AGUA-M;FR4-3;NPY-M,FR4-1;FR5-2;FR5-4,1.3998798162304478,0.3181631941551032,False,True
cfos,1388,FR5-1;FR5-3;FR5-5,AGUA-M;FR5-2;FR5-4,FR4-1;FR4-3;NPY-M,1.448234760558879,0.32557516374808465,False,True
cfos,1389,FR5-1;FR5-3;FR5-5,AGUA-M;FR5-2;NPY-M,FR4-1;FR4-3;FR5-4,1.1443502768452234,0.2761229626845947,False,True
cfos,1390,FR5-1;FR5-3;FR5-5,AGUA-M;FR5-4;NPY-M,FR4-1;FR4-3;FR5-2,2.4214288328270963,0.44664034288621307,False,True
cfos,1391,FR5-1;FR5-3;FR5-5,FR4-1;FR4-3;FR5-2,AGUA-M;FR5-4;NPY-M,2.4214288328270963,0.44664034288621307,False,True
cfos,1392,FR5-1;FR5-3;FR5-5,FR4-1;FR4-3;FR5-4,AGUA-M;FR5-2;NPY-M,1.1443502768452234,0.2761229626845947,False,True
cfos,1393,FR5-1;FR5-3;FR5-5,FR4-1;FR4-3;NPY-M,AGUA-M;FR5-2;FR5-4,1.448234760558879,0.32557516374808465,False,True
cfos,1394,FR5-1;FR5-3;FR5-5,FR4-1;FR5-2;FR5-4,AGUA-M;FR4-3;NPY-M,1.3998798162304478,0.3181631941551032,False,True
cfos,1395,FR5-1;FR5-3;FR5-5,FR4-1;FR5-2;NPY-M,AGUA-M;FR4-3;FR5-4,0.9310987265347798,0.23685457713129812,False,False
cfos,1396,FR5-1;FR5-3;FR5-5,FR4-1;FR5-4;NPY-M,AGUA-M;FR4-3;FR5-2,2.179159860149049,0.4207554736660196,False,True
cfos,1397,FR5-1;FR5-3;FR5-5,FR4-3;FR5-2;FR5-4,AGUA-M;FR4-1;NPY-M,1.5024615053704624,0.3336978014311396,False,True
cfos,1398,FR5-1;FR5-3;FR5-5,FR4-3;FR5-2;NPY-M,AGUA-M;FR4-1;FR5-4,0.8719653227479605,0.22519967253454656,False,False
cfos,1399,FR5-1;FR5-3;FR5-5,FR4-3;FR5-4;NPY-M,AGUA-M;FR4-1;FR5-2,2.650577214762926,0.469080788390595,False,True
cfos,1400,FR5-1;FR5-3;FR5-5,FR5-2;FR5-4;NPY-M,AGUA-M;FR4-1;FR4-3,1.5084695558699834,0.33458572519492136,False,True
cfos,1401,FR5-1;FR5-3;NPY-M,AGUA-M;FR4-1;FR4-3,FR5-2;FR5-4;FR5-5,0.7357094632282154,0.19693968989559793,False,False
cfos,1402,FR5-1;FR5-3;NPY-M,AGUA-M;FR4-1;FR5-2,FR4-3;FR5-4;FR5-5,0.7564102909173194,0.20136519504971412,False,False
cfos,1403,FR5-1;FR5-3;NPY-M,AGUA-M;FR4-1;FR5-4,FR4-3;FR5-2;FR5-5,0.9612371832134072,0.24266085032394832,False,False
cfos,1404,FR5-1;FR5-3;NPY-M,AGUA-M;FR4-1;FR5-5,FR4-3;FR5-2;FR5-4,0.7534671948292193,0.2007389849755971,False,False
cfos,1405,FR5-1;FR5-3;NPY-M,AGUA-M;FR4-3;FR5-2,FR4-1;FR5-4;FR5-5,0.5581974294078687,0.15687646356957774,False,False
cfos,1406,FR5-1;FR5-3;NPY-M,AGUA-M;FR4-3;FR5-4,FR4-1;FR5-2;FR5-5,1.043956939326197,0.25815233816513905,False,False
cfos,1407,FR5-1;FR5-3;NPY-M,AGUA-M;FR4-3;FR5-5,FR4-1;FR5-2;FR5-4,0.6646493745053812,0.1813677944551214,False,False
cfos,1408,FR5-1;FR5-3;NPY-M,AGUA-M;FR5-2;FR5-4,FR4-1;FR4-3;FR5-5,0.830455689670325,0.2168033667403681,False,False
cfos,1409,FR5-1;FR5-3;NPY-M,AGUA-M;FR5-2;FR5-5,FR4-1;FR4-3;FR5-4,1.1061978899038283,0.2693971210261707,False,True
cfos,1410,FR5-1;FR5-3;NPY-M,AGUA-M;FR5-4;FR5-5,FR4-1;FR4-3;FR5-2,0.5491942641022746,0.15473773009750613,False,False
cfos,1411,FR5-1;FR5-3;NPY-M,FR4-1;FR4-3;FR5-2,AGUA-M;FR5-4;FR5-5,0.5491942641022746,0.15473773009750613,False,False
cfos,1412,FR5-1;FR5-3;NPY-M,FR4-1;FR4-3;FR5-4,AGUA-M;FR5-2;FR5-5,1.1061978899038283,0.2693971210261707,False,True
cfos,1413,FR5-1;FR5-3;NPY-M,FR4-1;FR4-3;FR5-5,AGUA-M;FR5-2;FR5-4,0.830455689670325,0.2168033667403681,False,False
cfos,1414,FR5-1;FR5-3;NPY-M,FR4-1;FR5-2;FR5-4,AGUA-M;FR4-3;FR5-5,0.6646493745053812,0.1813677944551214,False,False
cfos,1415,FR5-1;FR5-3;NPY-M,FR4-1;FR5-2;FR5-5,AGUA-M;FR4-3;FR5-4,1.043956939326197,0.25815233816513905,False,False
cfos,1416,FR5-1;FR5-3;NPY-M,FR4-1;FR5-4;FR5-5,AGUA-M;FR4-3;FR5-2,0.5581974294078687,0.15687646356957774,False,False
cfos,1417,FR5-1;FR5-3;NPY-M,FR4-3;FR5-2;FR5-4,AGUA-M;FR4-1;FR5-5,0.7534671948292191,0.20073898497559706,False,False
cfos,1418,FR5-1;FR5-3;NPY-M,FR4-3;FR5-2;FR5-5,AGUA-M;FR4-1;FR5-4,0.9612371832134071,0.2426608503239483,False,False
cfos,1419,FR5-1;FR5-3;NPY-M,FR4-3;FR5-4;FR5-5,AGUA-M;FR4-1;FR5-2,0.7564102909173192,0.20136519504971406,False,False
cfos,1420,FR5-1;FR5-3;NPY-M,FR5-2;FR5-4;FR5-5,AGUA-M;FR4-1;FR4-3,0.7357094632282154,0.19693968989559793,False,False
cfos,1421,FR5-1;FR5-4;FR5-5,AGUA-M;FR4-1;FR4-3,FR5-2;FR5-3;NPY-M,0.5336420649905204,0.1510175776651425,False,False
cfos,1422,FR5-1;FR5-4;FR5-5,AGUA-M;FR4-1;FR5-2,FR4-3;FR5-3;NPY-M,1.3243922972814504,0.3062609047088618,False,True
cfos,1423,FR5-1;FR5-4;FR5-5,AGUA-M;FR4-1;FR5-3,FR4-3;FR5-2;NPY-M,0.4159330689758721,0.12176265183690284,False,False
cfos,1424,FR5-1;FR5-4;FR5-5,AGUA-M;FR4-1;NPY-M,FR4-3;FR5-2;FR5-3,1.016313449774095,0.25304634772250145,False,False
cfos,1425,FR5-1;FR5-4;FR5-5,AGUA-M;FR4-3;FR5-2,FR4-1;FR5-3;NPY-M,0.9855802447598351,0.24728651394126544,False,False
cfos,1426,FR5-1;FR5-4;FR5-5,AGUA-M;FR4-3;FR5-3,FR4-1;FR5-2;NPY-M,0.5049457280542903,0.1440666324766752,False,False
cfos,1427,FR5-1;FR5-4;FR5-5,AGUA-M;FR4-3;NPY-M,FR4-1;FR5-2;FR5-3,0.8802937872418078,0.22686266440344421,False,False
cfos,1428,FR5-1;FR5-4;FR5-5,AGUA-M;FR5-2;FR5-3,FR4-1;FR4-3;NPY-M,0.8072948148526446,0.21203895524541608,False,False
cfos,1429,FR5-1;FR5-4;FR5-5,AGUA-M;FR5-2;NPY-M,FR4-1;FR4-3;FR5-3,0.7762957482107392,0.20557069678098142,False,False
cfos,1430,FR5-1;FR5-4;FR5-5,AGUA-M;FR5-3;NPY-M,FR4-1;FR4-3;FR5-2,1.0049966573815288,0.2509357044104493,False,False
cfos,1431,FR5-1;FR5-4;FR5-5,FR4-1;FR4-3;FR5-2,AGUA-M;FR5-3;NPY-M,1.0049966573815288,0.2509357044104493,False,False
cfos,1432,FR5-1;FR5-4;FR5-5,FR4-1;FR4-3;FR5-3,AGUA-M;FR5-2;NPY-M,0.7762957482107392,0.20557069678098142,False,False
cfos,1433,FR5-1;FR5-4;FR5-5,FR4-1;FR4-3;NPY-M,AGUA-M;FR5-2;FR5-3,0.8072948148526446,0.21203895524541608,False,False
cfos,1434,FR5-1;FR5-4;FR5-5,FR4-1;FR5-2;FR5-3,AGUA-M;FR4-3;NPY-M,0.8802937872418078,0.22686266440344421,False,False
cfos,1435,FR5-1;FR5-4;FR5-5,FR4-1;FR5-2;NPY-M,AGUA-M;FR4-3;FR5-3,0.5049457280542904,0.14406663247667523,False,False
cfos,1436,FR5-1;FR5-4;FR5-5,FR4-1;FR5-3;NPY-M,AGUA-M;FR4-3;FR5-2,0.9855802447598351,0.24728651394126544,False,False
cfos,1437,FR5-1;FR5-4;FR5-5,FR4-3;FR5-2;FR5-3,AGUA-M;FR4-1;NPY-M,1.016313449774095,0.25304634772250145,False,False
cfos,1438,FR5-1;FR5-4;FR5-5,FR4-3;FR5-2;NPY-M,AGUA-M;FR4-1;FR5-3,0.4159330689758721,0.12176265183690284,False,False
cfos,1439,FR5-1;FR5-4;FR5-5,FR4-3;FR5-3;NPY-M,AGUA-M;FR4-1;FR5-2,1.3243922972814501,0.3062609047088618,False,True
cfos,1440,FR5-1;FR5-4;FR5-5,FR5-2;FR5-3;NPY-M,AGUA-M;FR4-1;FR4-3,0.5336420649905204,0.1510175776651425,False,False
cfos,1441,FR5-1;FR5-4;NPY-M,AGUA-M;FR4-1;FR4-3,FR5-2;FR5-3;FR5-5,1.093138212899879,0.2670660398065131,False,True
cfos,1442,FR5-1;FR5-4;NPY-M,AGUA-M;FR4-1;FR5-2,FR4-3;FR5-3;FR5-5,1.2387238464914252,0.2922398088086749,False,True
cfos,1443,FR5-1;FR5-4;NPY-M,AGUA-M;FR4-1;FR5-3,FR4-3;FR5-2;FR5-5,1.0875892903113709,0.26607107834665156,False,False
cfos,1444,FR5-1;FR5-4;NPY-M,AGUA-M;FR4-1;FR5-5,FR4-3;FR5-2;FR5-3,0.9837187009505372,0.24693477998730595,False,False
cfos,1445,FR5-1;FR5-4;NPY-M,AGUA-M;FR4-3;FR5-2,FR4-1;FR5-3;FR5-5,0.9323736660145081,0.23710200128551776,False,False
cfos,1446,FR5-1;FR5-4;NPY-M,AGUA-M;FR4-3;FR5-3,FR4-1;FR5-2;FR5-5,1.2385551656368528,0.2922116422308631,False,True
cfos,1447,FR5-1;FR5-4;NPY-M,AGUA-M;FR4-3;FR5-5,FR4-1;FR5-2;FR5-3,0.830999362683392,0.2169145134238094,False,False
cfos,1448,FR5-1;FR5-4;NPY-M,AGUA-M;FR5-2;FR5-3,FR4-1;FR4-3;FR5-5,0.8966828670562229,0.23011440695804647,False,False
cfos,1449,FR5-1;FR5-4;NPY-M,AGUA-M;FR5-2;FR5-5,FR4-1;FR4-3;FR5-3,1.4490061841142678,0.32569210384290437,False,True
cfos,1450,FR5-1;FR5-4;NPY-M,AGUA-M;FR5-3;FR5-5,FR4-1;FR4-3;FR5-2,0.8106250877346215,0.2127275890624365,False,False
cfos,1451,FR5-1;FR5-4;NPY-M,FR4-1;FR4-3;FR5-2,AGUA-M;FR5-3;FR5-5,0.8106250877346215,0.2127275890624365,False,False
cfos,1452,FR5-1;FR5-4;NPY-M,FR4-1;FR4-3;FR5-3,AGUA-M;FR5-2;FR5-5,1.4490061841142678,0.32569210384290437,False,True
cfos,1453,FR5-1;FR5-4;NPY-M,FR4-1;FR4-3;FR5-5,AGUA-M;FR5-2;FR5-3,0.8966828670562229,0.23011440695804647,False,False
cfos,1454,FR5-1;FR5-4;NPY-M,FR4-1;FR5-2;FR5-3,AGUA-M;FR4-3;FR5-5,0.8309993626833917,0.21691451342380938,False,False
cfos,1455,FR5-1;FR5-4;NPY-M,FR4-1;FR5-2;FR5-5,AGUA-M;FR4-3;FR5-3,1.2385551656368528,0.2922116422308631,False,True
cfos,1456,FR5-1;FR5-4;NPY-M,FR4-1;FR5-3;FR5-5,AGUA-M;FR4-3;FR5-2,0.9323736660145081,0.23710200128551776,False,False
cfos,1457,FR5-1;FR5-4;NPY-M,FR4-3;FR5-2;FR5-3,AGUA-M;FR4-1;FR5-5,0.9837187009505372,0.24693477998730595,False,False
cfos,1458,FR5-1;FR5-4;NPY-M,FR4-3;FR5-2;FR5-5,AGUA-M;FR4-1;FR5-3,1.0875892903113709,0.26607107834665156,False,False
cfos,1459,FR5-1;FR5-4;NPY-M,FR4-3;FR5-3;FR5-5,AGUA-M;FR4-1;FR5-2,1.238723846491425,0.2922398088086749,False,True
cfos,1460,FR5-1;FR5-4;NPY-M,FR5-2;FR5-3;FR5-5,AGUA-M;FR4-1;FR4-3,1.093138212899879,0.2670660398065131,False,True
cfos,1461,FR5-1;FR5-5;NPY-M,AGUA-M;FR4-1;FR4-3,FR5-2;FR5-3;FR5-4,0.3558187259567987,0.10603037738736884,False,False
cfos,1462,FR5-1;FR5-5;NPY-M,AGUA-M;FR4-1;FR5-2,FR4-3;FR5-3;FR5-4,0.7308481359392257,0.19589329538744082,False,False
cfos,1463,FR5-1;FR5-5;NPY-M,AGUA-M;FR4-1;FR5-3,FR4-3;FR5-2;FR5-4,0.1901550854036546,0.05960684678738558,False,False
cfos,1464,FR5-1;FR5-5;NPY-M,AGUA-M;FR4-1;FR5-4,FR4-3;FR5-2;FR5-3,0.2693714012832275,0.08239241377639117,False,False
cfos,1465,FR5-1;FR5-5;NPY-M,AGUA-M;FR4-3;FR5-2,FR4-1;FR5-3;FR5-4,0.4220173801921709,0.12332414868345046,False,False
cfos,1466,FR5-1;FR5-5;NPY-M,AGUA-M;FR4-3;FR5-3,FR4-1;FR5-2;FR5-4,0.2199761187253969,0.06831607149076396,False,False
cfos,1467,FR5-1;FR5-5;NPY-M,AGUA-M;FR4-3;FR5-4,FR4-1;FR5-2;FR5-3,0.22512496673345062,0.06980348639372792,False,False
cfos,1468,FR5-1;FR5-5;NPY-M,AGUA-M;FR5-2;FR5-3,FR4-1;FR4-3;FR5-4,0.22895897528189885,0.07090798521585738,False,False
cfos,1469,FR5-1;FR5-5;NPY-M,AGUA-M;FR5-2;FR5-4,FR4-1;FR4-3;FR5-3,0.3855915482207344,0.1138919278149127,False,False
cfos,1470,FR5-1;FR5-5;NPY-M,AGUA-M;FR5-3;FR5-4,FR4-1;FR4-3;FR5-2,0.3747495010143937,0.1110451311724767,False,False
cfos,1471,FR5-1;FR5-5;NPY-M,FR4-1;FR4-3;FR5-2,AGUA-M;FR5-3;FR5-4,0.3747495010143938,0.11104513117247673,False,False
cfos,1472,FR5-1;FR5-5;NPY-M,FR4-1;FR4-3;FR5-3,AGUA-M;FR5-2;FR5-4,0.3855915482207344,0.1138919278149127,False,False
cfos,1473,FR5-1;FR5-5;NPY-M,FR4-1;FR4-3;FR5-4,AGUA-M;FR5-2;FR5-3,0.22895897528189885,0.07090798521585738,False,False
cfos,1474,FR5-1;FR5-5;NPY-M,FR4-1;FR5-2;FR5-3,AGUA-M;FR4-3;FR5-4,0.22512496673345062,0.06980348639372792,False,False
cfos,1475,FR5-1;FR5-5;NPY-M,FR4-1;FR5-2;FR5-4,AGUA-M;FR4-3;FR5-3,0.2199761187253969,0.06831607149076396,False,False
cfos,1476,FR5-1;FR5-5;NPY-M,FR4-1;FR5-3;FR5-4,AGUA-M;FR4-3;FR5-2,0.4220173801921709,0.12332414868345046,False,False
cfos,1477,FR5-1;FR5-5;NPY-M,FR4-3;FR5-2;FR5-3,AGUA-M;FR4-1;FR5-4,0.2693714012832275,0.08239241377639117,False,False
cfos,1478,FR5-1;FR5-5;NPY-M,FR4-3;FR5-2;FR5-4,AGUA-M;FR4-1;FR5-3,0.1901550854036546,0.05960684678738558,False,False
cfos,1479,FR5-1;FR5-5;NPY-M,FR4-3;FR5-3;FR5-4,AGUA-M;FR4-1;FR5-2,0.7308481359392257,0.19589329538744082,False,False
cfos,1480,FR5-1;FR5-5;NPY-M,FR5-2;FR5-3;FR5-4,AGUA-M;FR4-1;FR4-3,0.3558187259567987,0.10603037738736884,False,False
cfos,1481,FR5-2;FR5-3;FR5-4,AGUA-M;FR4-1;FR4-3,FR5-1;FR5-5;NPY-M,0.35581872595679853,0.10603037738736883,False,False
cfos,1482,FR5-2;FR5-3;FR5-4,AGUA-M;FR4-1;FR5-1,FR4-3;FR5-5;NPY-M,0.5976159491077677,0.16611443732785883,False,False
cfos,1483,FR5-2;FR5-3;FR5-4,AGUA-M;FR4-1;FR5-5,FR4-3;FR5-1;NPY-M,0.828130673831986,0.21632769212734876,False,False
cfos,1484,FR5-2;FR5-3;FR5-4,AGUA-M;FR4-1;NPY-M,FR4-3;FR5-1;FR5-5,1.8196369200830895,0.37754647295126936,False,True
cfos,1485,FR5-2;FR5-3;FR5-4,AGUA-M;FR4-3;FR5-1,FR4-1;FR5-5;NPY-M,0.5574486052983795,0.1566989905259991,False,False
cfos,1486,FR5-2;FR5-3;FR5-4,AGUA-M;FR4-3;FR5-5,FR4-1;FR5-1;NPY-M,0.6994686287535493,0.1890727288013844,False,False
cfos,1487,FR5-2;FR5-3;FR5-4,AGUA-M;FR4-3;NPY-M,FR4-1;FR5-1;FR5-5,1.6726400999916615,0.3579646761141836,False,True
cfos,1488,FR5-2;FR5-3;FR5-4,AGUA-M;FR5-1;FR5-5,FR4-1;FR4-3;NPY-M,1.447734689461768,0.3254993363007815,False,True
cfos,1489,FR5-2;FR5-3;FR5-4,AGUA-M;FR5-1;NPY-M,FR4-1;FR4-3;FR5-5,0.8102718051794598,0.21265459437251275,False,False
cfos,1490,FR5-2;FR5-3;FR5-4,AGUA-M;FR5-5;NPY-M,FR4-1;FR4-3;FR5-1,0.741909895986569,0.19827037972836106,False,False
cfos,1491,FR5-2;FR5-3;FR5-4,FR4-1;FR4-3;FR5-1,AGUA-M;FR5-5;NPY-M,0.741909895986569,0.19827037972836106,False,False
cfos,1492,FR5-2;FR5-3;FR5-4,FR4-1;FR4-3;FR5-5,AGUA-M;FR5-1;NPY-M,0.8102718051794596,0.2126545943725127,False,False
cfos,1493,FR5-2;FR5-3;FR5-4,FR4-1;FR4-3;NPY-M,AGUA-M;FR5-1;FR5-5,1.447734689461768,0.3254993363007815,False,True
cfos,1494,FR5-2;FR5-3;FR5-4,FR4-1;FR5-1;FR5-5,AGUA-M;FR4-3;NPY-M,1.6726400999916615,0.3579646761141836,False,True
cfos,1495,FR5-2;FR5-3;FR5-4,FR4-1;FR5-1;NPY-M,AGUA-M;FR4-3;FR5-5,0.6994686287535494,0.18907272880138443,False,False
cfos,1496,FR5-2;FR5-3;FR5-4,FR4-1;FR5-5;NPY-M,AGUA-M;FR4-3;FR5-1,0.5574486052983795,0.1566989905259991,False,False
cfos,1497,FR5-2;FR5-3;FR5-4,FR4-3;FR5-1;FR5-5,AGUA-M;FR4-1;NPY-M,1.8196369200830895,0.37754647295126936,False,True
cfos,1498,FR5-2;FR5-3;FR5-4,FR4-3;FR5-1;NPY-M,AGUA-M;FR4-1;FR5-5,0.828130673831986,0.21632769212734876,False,False
cfos,1499,FR5-2;FR5-3;FR5-4,FR4-3;FR5-5;NPY-M,AGUA-M;FR4-1;FR5-1,0.5976159491077677,0.16611443732785883,False,False
cfos,1500,FR5-2;FR5-3;FR5-4,FR5-1;FR5-5;NPY-M,AGUA-M;FR4-1;FR4-3,0.3558187259567987,0.10603037738736884,False,False
cfos,1501,FR5-2;FR5-3;FR5-5,AGUA-M;FR4-1;FR4-3,FR5-1;FR5-4;NPY-M,1.093138212899879,0.2670660398065131,False,True
cfos,1502,FR5-2;FR5-3;FR5-5,AGUA-M;FR4-1;FR5-1,FR4-3;FR5-4;NPY-M,2.1891540421879214,0.4218710842634575,False,True
cfos,1503,FR5-2;FR5-3;FR5-5,AGUA-M;FR4-1;FR5-4,FR4-3;FR5-1;NPY-M,0.8110772207413918,0.21282098833557825,False,False
cfos,1504,FR5-2;FR5-3;FR5-5,AGUA-M;FR4-1;NPY-M,FR4-3;FR5-1;FR5-4,1.298524307518427,0.30208606829260337,False,True
cfos,1505,FR5-2;FR5-3;FR5-5,AGUA-M;FR4-3;FR5-1,FR4-1;FR5-4;NPY-M,1.958876846581646,0.3950242982807647,False,True
cfos,1506,FR5-2;FR5-3;FR5-5,AGUA-M;FR4-3;FR5-4,FR4-1;FR5-1;NPY-M,0.7641029843681256,0.2029973641904472,False,False
cfos,1507,FR5-2;FR5-3;FR5-5,AGUA-M;FR4-3;NPY-M,FR4-1;FR5-1;FR5-4,1.0820377038028377,0.26507293227468437,False,False
cfos,1508,FR5-2;FR5-3;FR5-5,AGUA-M;FR5-1;FR5-4,FR4-1;FR4-3;NPY-M,0.971947391626578,0.2447029871733899,False,False
cfos,1509,FR5-2;FR5-3;FR5-5,AGUA-M;FR5-1;NPY-M,FR4-1;FR4-3;FR5-4,0.8191448296788715,0.21448383504946797,False,False
cfos,1510,FR5-2;FR5-3;FR5-5,AGUA-M;FR5-4;NPY-M,FR4-1;FR4-3;FR5-1,2.4415952710244118,0.4486910821952342,False,True
cfos,1511,FR5-2;FR5-3;FR5-5,FR4-1;FR4-3;FR5-1,AGUA-M;FR5-4;NPY-M,2.4415952710244118,0.4486910821952342,False,True
cfos,1512,FR5-2;FR5-3;FR5-5,FR4-1;FR4-3;FR5-4,AGUA-M;FR5-1;NPY-M,0.8191448296788715,0.21448383504946797,False,False
cfos,1513,FR5-2;FR5-3;FR5-5,FR4-1;FR4-3;NPY-M,AGUA-M;FR5-1;FR5-4,0.971947391626578,0.2447029871733899,False,False
cfos,1514,FR5-2;FR5-3;FR5-5,FR4-1;FR5-1;FR5-4,AGUA-M;FR4-3;NPY-M,1.0820377038028377,0.26507293227468437,False,False
cfos,1515,FR5-2;FR5-3;FR5-5,FR4-1;FR5-1;NPY-M,AGUA-M;FR4-3;FR5-4,0.7641029843681256,0.2029973641904472,False,False
cfos,1516,FR5-2;FR5-3;FR5-5,FR4-1;FR5-4;NPY-M,AGUA-M;FR4-3;FR5-1,1.958876846581646,0.3950242982807647,False,True
cfos,1517,FR5-2;FR5-3;FR5-5,FR4-3;FR5-1;FR5-4,AGUA-M;FR4-1;NPY-M,1.298524307518427,0.30208606829260337,False,True
cfos,1518,FR5-2;FR5-3;FR5-5,FR4-3;FR5-1;NPY-M,AGUA-M;FR4-1;FR5-4,0.8110772207413918,0.21282098833557825,False,False
cfos,1519,FR5-2;FR5-3;FR5-5,FR4-3;FR5-4;NPY-M,AGUA-M;FR4-1;FR5-1,2.1891540421879214,0.4218710842634575,False,True
cfos,1520,FR5-2;FR5-3;FR5-5,FR5-1;FR5-4;NPY-M,AGUA-M;FR4-1;FR4-3,1.093138212899879,0.2670660398065131,False,True
cfos,1521,FR5-2;FR5-3;NPY-M,AGUA-M;FR4-1;FR4-3,FR5-1;FR5-4;FR5-5,0.5336420649905204,0.1510175776651425,False,False
cfos,1522,FR5-2;FR5-3;NPY-M,AGUA-M;FR4-1;FR5-1,FR4-3;FR5-4;FR5-5,0.5926176485570571,0.16495427750155287,False,False
cfos,1523,FR5-2;FR5-3;NPY-M,AGUA-M;FR4-1;FR5-4,FR4-3;FR5-1;FR5-5,1.0100504658496003,0.2518797392829327,False,False
cfos,1524,FR5-2;FR5-3;NPY-M,AGUA-M;FR4-1;FR5-5,FR4-3;FR5-1;FR5-4,0.6582066259066887,0.17992603841603722,False,False
cfos,1525,FR5-2;FR5-3;NPY-M,AGUA-M;FR4-3;FR5-1,FR4-1;FR5-4;FR5-5,0.49627560601300996,0.1419440747632992,False,False
cfos,1526,FR5-2;FR5-3;NPY-M,AGUA-M;FR4-3;FR5-4,FR4-1;FR5-1;FR5-5,0.9782137019018498,0.24589269838224095,False,False
cfos,1527,FR5-2;FR5-3;NPY-M,AGUA-M;FR4-3;FR5-5,FR4-1;FR5-1;FR5-4,0.48462943550453225,0.1390763191536789,False,False
cfos,1528,FR5-2;FR5-3;NPY-M,AGUA-M;FR5-1;FR5-4,FR4-1;FR4-3;FR5-5,0.5158858488366436,0.1467299767446497,False,False
cfos,1529,FR5-2;FR5-3;NPY-M,AGUA-M;FR5-1;FR5-5,FR4-1;FR4-3;FR5-4,0.8928458700022982,0.2293555665489965,False,False
cfos,1530,FR5-2;FR5-3;NPY-M,AGUA-M;FR5-4;FR5-5,FR4-1;FR4-3;FR5-1,0.6039813440767734,0.16758725598550356,False,False
cfos,1531,FR5-2;FR5-3;NPY-M,FR4-1;FR4-3;FR5-1,AGUA-M;FR5-4;FR5-5,0.6039813440767734,0.16758725598550356,False,False
cfos,1532,FR5-2;FR5-3;NPY-M,FR4-1;FR4-3;FR5-4,AGUA-M;FR5-1;FR5-5,0.8928458700022982,0.2293555665489965,False,False
cfos,1533,FR5-2;FR5-3;NPY-M,FR4-1;FR4-3;FR5-5,AGUA-M;FR5-1;FR5-4,0.5158858488366435,0.14672997674464966,False,False
cfos,1534,FR5-2;FR5-3;NPY-M,FR4-1;FR5-1;FR5-4,AGUA-M;FR4-3;FR5-5,0.48462943550453225,0.1390763191536789,False,False
cfos,1535,FR5-2;FR5-3;NPY-M,FR4-1;FR5-1;FR5-5,AGUA-M;FR4-3;FR5-4,0.9782137019018498,0.24589269838224095,False,False
cfos,1536,FR5-2;FR5-3;NPY-M,FR4-1;FR5-4;FR5-5,AGUA-M;FR4-3;FR5-1,0.49627560601300996,0.1419440747632992,False,False
cfos,1537,FR5-2;FR5-3;NPY-M,FR4-3;FR5-1;FR5-4,AGUA-M;FR4-1;FR5-5,0.6582066259066887,0.17992603841603722,False,False
cfos,1538,FR5-2;FR5-3;NPY-M,FR4-3;FR5-1;FR5-5,AGUA-M;FR4-1;FR5-4,1.0100504658496003,0.2518797392829327,False,False
cfos,1539,FR5-2;FR5-3;NPY-M,FR4-3;FR5-4;FR5-5,AGUA-M;FR4-1;FR5-1,0.5926176485570571,0.16495427750155287,False,False
cfos,1540,FR5-2;FR5-3;NPY-M,FR5-1;FR5-4;FR5-5,AGUA-M;FR4-1;FR4-3,0.5336420649905204,0.1510175776651425,False,False
cfos,1541,FR5-2;FR5-4;FR5-5,AGUA-M;FR4-1;FR4-3,FR5-1;FR5-3;NPY-M,0.7357094632282154,0.19693968989559793,False,False
cfos,1542,FR5-2;FR5-4;FR5-5,AGUA-M;FR4-1;FR5-1,FR4-3;FR5-3;NPY-M,1.3845040480379727,0.315772099391156,False,True
cfos,1543,FR5-2;FR5-4;FR5-5,AGUA-M;FR4-1;FR5-3,FR4-3;FR5-1;NPY-M,0.5975746581217415,0.16610486644736636,False,False
cfos,1544,FR5-2;FR5-4;FR5-5,AGUA-M;FR4-1;NPY-M,FR4-3;FR5-1;FR5-3,1.5104399468611949,0.3348764122028288,False,True
cfos,1545,FR5-2;FR5-4;FR5-5,AGUA-M;FR4-3;FR5-1,FR4-1;FR5-3;NPY-M,1.1567150138564022,0.2782762373654423,False,True
cfos,1546,FR5-2;FR5-4;FR5-5,AGUA-M;FR4-3;FR5-3,FR4-1;FR5-1;NPY-M,0.6011393357168352,0.16693031834525607,False,False
cfos,1547,FR5-2;FR5-4;FR5-5,AGUA-M;FR4-3;NPY-M,FR4-1;FR5-1;FR5-3,1.208838055692451,0.28721420014188903,False,True
cfos,1548,FR5-2;FR5-4;FR5-5,AGUA-M;FR5-1;FR5-3,FR4-1;FR4-3;NPY-M,0.9714509667905264,0.24460857628958496,False,False
cfos,1549,FR5-2;FR5-4;FR5-5,AGUA-M;FR5-1;NPY-M,FR4-1;FR4-3;FR5-3,0.7530609399969818,0.20065246795528646,False,False
cfos,1550,FR5-2;FR5-4;FR5-5,AGUA-M;FR5-3;NPY-M,FR4-1;FR4-3;FR5-1,1.3459827763351349,0.3097073425289022,False,True
cfos,1551,FR5-2;FR5-4;FR5-5,FR4-1;FR4-3;FR5-1,AGUA-M;FR5-3;NPY-M,1.3459827763351349,0.3097073425289022,False,True
cfos,1552,FR5-2;FR5-4;FR5-5,FR4-1;FR4-3;FR5-3,AGUA-M;FR5-1;NPY-M,0.7530609399969818,0.20065246795528646,False,False
cfos,1553,FR5-2;FR5-4;FR5-5,FR4-1;FR4-3;NPY-M,AGUA-M;FR5-1;FR5-3,0.9714509667905264,0.24460857628958496,False,False
cfos,1554,FR5-2;FR5-4;FR5-5,FR4-1;FR5-1;FR5-3,AGUA-M;FR4-3;NPY-M,1.208838055692451,0.28721420014188903,False,True
cfos,1555,FR5-2;FR5-4;FR5-5,FR4-1;FR5-1;NPY-M,AGUA-M;FR4-3;FR5-3,0.6011393357168353,0.1669303183452561,False,False
cfos,1556,FR5-2;FR5-4;FR5-5,FR4-1;FR5-3;NPY-M,AGUA-M;FR4-3;FR5-1,1.1567150138564022,0.2782762373654423,False,True
cfos,1557,FR5-2;FR5-4;FR5-5,FR4-3;FR5-1;FR5-3,AGUA-M;FR4-1;NPY-M,1.5104399468611949,0.3348764122028288,False,True
cfos,1558,FR5-2;FR5-4;FR5-5,FR4-3;FR5-1;NPY-M,AGUA-M;FR4-1;FR5-3,0.5975746581217415,0.16610486644736636,False,False
cfos,1559,FR5-2;FR5-4;FR5-5,FR4-3;FR5-3;NPY-M,AGUA-M;FR4-1;FR5-1,1.3845040480379727,0.315772099391156,False,True
cfos,1560,FR5-2;FR5-4;FR5-5,FR5-1;FR5-3;NPY-M,AGUA-M;FR4-1;FR4-3,0.7357094632282154,0.19693968989559793,False,False
cfos,1561,FR5-2;FR5-4;NPY-M,AGUA-M;FR4-1;FR4-3,FR5-1;FR5-3;FR5-5,1.5084695558699834,0.33458572519492136,False,True
cfos,1562,FR5-2;FR5-4;NPY-M,AGUA-M;FR4-1;FR5-1,FR4-3;FR5-3;FR5-5,1.3639524094482987,0.31254979006994554,False,True
cfos,1563,FR5-2;FR5-4;NPY-M,AGUA-M;FR4-1;FR5-3,FR4-3;FR5-1;FR5-5,1.4910910190296303,0.33201086611506786,False,True
cfos,1564,FR5-2;FR5-4;NPY-M,AGUA-M;FR4-1;FR5-5,FR4-3;FR5-1;FR5-3,1.5424512353160886,0.3395636310466097,False,True
cfos,1565,FR5-2;FR5-4;NPY-M,AGUA-M;FR4-3;FR5-1,FR4-1;FR5-3;FR5-5,1.160255893125469,0.27889051128867104,False,True
cfos,1566,FR5-2;FR5-4;NPY-M,AGUA-M;FR4-3;FR5-3,FR4-1;FR5-1;FR5-5,1.5226555732258984,0.33667290125739685,False,True
cfos,1567,FR5-2;FR5-4;NPY-M,AGUA-M;FR4-3;FR5-5,FR4-1;FR5-1;FR5-3,1.2138668668283117,0.28806483574123065,False,True
cfos,1568,FR5-2;FR5-4;NPY-M,AGUA-M;FR5-1;FR5-3,FR4-1;FR4-3;FR5-5,1.1292897954927512,0.2734828145811917,False,True
cfos,1569,FR5-2;FR5-4;NPY-M,AGUA-M;FR5-1;FR5-5,FR4-1;FR4-3;FR5-3,1.561845728375647,0.342371448175162,False,True
cfos,1570,FR5-2;FR5-4;NPY-M,AGUA-M;FR5-3;FR5-5,FR4-1;FR4-3;FR5-1,1.1800079385543696,0.2822980137598658,False,True
cfos,1571,FR5-2;FR5-4;NPY-M,FR4-1;FR4-3;FR5-1,AGUA-M;FR5-3;FR5-5,1.1800079385543696,0.2822980137598658,False,True
cfos,1572,FR5-2;FR5-4;NPY-M,FR4-1;FR4-3;FR5-3,AGUA-M;FR5-1;FR5-5,1.561845728375647,0.342371448175162,False,True
cfos,1573,FR5-2;FR5-4;NPY-M,FR4-1;FR4-3;FR5-5,AGUA-M;FR5-1;FR5-3,1.1292897954927512,0.2734828145811917,False,True
cfos,1574,FR5-2;FR5-4;NPY-M,FR4-1;FR5-1;FR5-3,AGUA-M;FR4-3;FR5-5,1.2138668668283117,0.28806483574123065,False,True
cfos,1575,FR5-2;FR5-4;NPY-M,FR4-1;FR5-1;FR5-5,AGUA-M;FR4-3;FR5-3,1.5226555732258984,0.33667290125739685,False,True
cfos,1576,FR5-2;FR5-4;NPY-M,FR4-1;FR5-3;FR5-5,AGUA-M;FR4-3;FR5-1,1.160255893125469,0.27889051128867104,False,True
cfos,1577,FR5-2;FR5-4;NPY-M,FR4-3;FR5-1;FR5-3,AGUA-M;FR4-1;FR5-5,1.5424512353160884,0.33956363104660964,False,True
cfos,1578,FR5-2;FR5-4;NPY-M,FR4-3;FR5-1;FR5-5,AGUA-M;FR4-1;FR5-3,1.4910910190296303,0.33201086611506786,False,True
cfos,1579,FR5-2;FR5-4;NPY-M,FR4-3;FR5-3;FR5-5,AGUA-M;FR4-1;FR5-1,1.3639524094482987,0.31254979006994554,False,True
cfos,1580,FR5-2;FR5-4;NPY-M,FR5-1;FR5-3;FR5-5,AGUA-M;FR4-1;FR4-3,1.5084695558699834,0.33458572519492136,False,True
cfos,1581,FR5-2;FR5-5;NPY-M,AGUA-M;FR4-1;FR4-3,FR5-1;FR5-3;FR5-4,0.3840428077396309,0.11348639173868845,False,False
cfos,1582,FR5-2;FR5-5;NPY-M,AGUA-M;FR4-1;FR5-1,FR4-3;FR5-3;FR5-4,0.6862800737370442,0.18617144113016712,False,False
cfos,1583,FR5-2;FR5-5;NPY-M,AGUA-M;FR4-1;FR5-3,FR4-3;FR5-1;FR5-4,0.2102143491100211,0.06548296351871319,False,False
cfos,1584,FR5-2;FR5-5;NPY-M,AGUA-M;FR4-1;FR5-4,FR4-3;FR5-1;FR5-3,0.5087285501091133,0.14498942931715053,False,False
cfos,1585,FR5-2;FR5-5;NPY-M,AGUA-M;FR4-3;FR5-1,FR4-1;FR5-3;FR5-4,0.4685321823809203,0.13508082316805942,False,False
cfos,1586,FR5-2;FR5-5;NPY-M,AGUA-M;FR4-3;FR5-3,FR4-1;FR5-1;FR5-4,0.16694105222065422,0.05271365948020896,False,False
cfos,1587,FR5-2;FR5-5;NPY-M,AGUA-M;FR4-3;FR5-4,FR4-1;FR5-1;FR5-3,0.37428201973762526,0.11092197319260481,False,False
cfos,1588,FR5-2;FR5-5;NPY-M,AGUA-M;FR5-1;FR5-3,FR4-1;FR4-3;FR5-4,0.2759838054818052,0.08424455732045835,False,False
cfos,1589,FR5-2;FR5-5;NPY-M,AGUA-M;FR5-1;FR5-4,FR4-1;FR4-3;FR5-3,0.22756808294813882,0.07050760111008181,False,False
cfos,1590,FR5-2;FR5-5;NPY-M,AGUA-M;FR5-3;FR5-4,FR4-1;FR4-3;FR5-1,0.5318371826367069,0.15058372035136167,False,False
cfos,1591,FR5-2;FR5-5;NPY-M,FR4-1;FR4-3;FR5-1,AGUA-M;FR5-3;FR5-4,0.5318371826367069,0.15058372035136167,False,False
cfos,1592,FR5-2;FR5-5;NPY-M,FR4-1;FR4-3;FR5-3,AGUA-M;FR5-1;FR5-4,0.22756808294813882,0.07050760111008181,False,False
cfos,1593,FR5-2;FR5-5;NPY-M,FR4-1;FR4-3;FR5-4,AGUA-M;FR5-1;FR5-3,0.2759838054818052,0.08424455732045835,False,False
cfos,1594,FR5-2;FR5-5;NPY-M,FR4-1;FR5-1;FR5-3,AGUA-M;FR4-3;FR5-4,0.37428201973762526,0.11092197319260481,False,False
cfos,1595,FR5-2;FR5-5;NPY-M,FR4-1;FR5-1;FR5-4,AGUA-M;FR4-3;FR5-3,0.16694105222065422,0.05271365948020896,False,False
cfos,1596,FR5-2;FR5-5;NPY-M,FR4-1;FR5-3;FR5-4,AGUA-M;FR4-3;FR5-1,0.4685321823809203,0.13508082316805942,False,False
cfos,1597,FR5-2;FR5-5;NPY-M,FR4-3;FR5-1;FR5-3,AGUA-M;FR4-1;FR5-4,0.5087285501091133,0.14498942931715053,False,False
cfos,1598,FR5-2;FR5-5;NPY-M,FR4-3;FR5-1;FR5-4,AGUA-M;FR4-1;FR5-3,0.2102143491100211,0.06548296351871319,False,False
cfos,1599,FR5-2;FR5-5;NPY-M,FR4-3;FR5-3;FR5-4,AGUA-M;FR4-1;FR5-1,0.6862800737370442,0.18617144113016712,False,False
cfos,1600,FR5-2;FR5-5;NPY-M,FR5-1;FR5-3;FR5-4,AGUA-M;FR4-1;FR4-3,0.3840428077396309,0.11348639173868845,False,False
cfos,1601,FR5-3;FR5-4;FR5-5,AGUA-M;FR4-1;FR4-3,FR5-1;FR5-2;NPY-M,0.36459783160246056,0.10836297526495557,False,False
cfos,1602,FR5-3;FR5-4;FR5-5,AGUA-M;FR4-1;FR5-1,FR4-3;FR5-2;NPY-M,0.6743237081634167,0.18352321725634574,False,False
cfos,1603,FR5-3;FR5-4;FR5-5,AGUA-M;FR4-1;FR5-2,FR4-3;FR5-1;NPY-M,0.8380557315298578,0.218354237184515,False,False
cfos,1604,FR5-3;FR5-4;FR5-5,AGUA-M;FR4-1;NPY-M,FR4-3;FR5-1;FR5-2,1.4156098066890608,0.32059214211921544,False,True
cfos,1605,FR5-3;FR5-4;FR5-5,AGUA-M;FR4-3;FR5-1,FR4-1;FR5-2;NPY-M,0.6885240199588596,0.18666654093431637,False,False
cfos,1606,FR5-3;FR5-4;FR5-5,AGUA-M;FR4-3;FR5-2,FR4-1;FR5-1;NPY-M,0.6520364209546664,0.17854050337872032,False,False
cfos,1607,FR5-3;FR5-4;FR5-5,AGUA-M;FR4-3;NPY-M,FR4-1;FR5-1;FR5-2,1.3704327251098198,0.31356911576196006,False,True
cfos,1608,FR5-3;FR5-4;FR5-5,AGUA-M;FR5-1;FR5-2,FR4-1;FR4-3;NPY-M,1.28504660705877,0.2998909288272172,False,True
cfos,1609,FR5-3;FR5-4;FR5-5,AGUA-M;FR5-1;NPY-M,FR4-1;FR4-3;FR5-2,0.6734778565663154,0.1833352160711895,False,False
cfos,1610,FR5-3;FR5-4;FR5-5,AGUA-M;FR5-2;NPY-M,FR4-1;FR4-3;FR5-1,0.9841964617011365,0.24702508301533732,False,False
cfos,1611,FR5-3;FR5-4;FR5-5,FR4-1;FR4-3;FR5-1,AGUA-M;FR5-2;NPY-M,0.9841964617011365,0.24702508301533732,False,False
cfos,1612,FR5-3;FR5-4;FR5-5,FR4-1;FR4-3;FR5-2,AGUA-M;FR5-1;NPY-M,0.6734778565663154,0.1833352160711895,False,False
cfos,1613,FR5-3;FR5-4;FR5-5,FR4-1;FR4-3;NPY-M,AGUA-M;FR5-1;FR5-2,1.28504660705877,0.2998909288272172,False,True
cfos,1614,FR5-3;FR5-4;FR5-5,FR4-1;FR5-1;FR5-2,AGUA-M;FR4-3;NPY-M,1.3704327251098198,0.31356911576196006,False,True
cfos,1615,FR5-3;FR5-4;FR5-5,FR4-1;FR5-1;NPY-M,AGUA-M;FR4-3;FR5-2,0.6520364209546664,0.17854050337872032,False,False
cfos,1616,FR5-3;FR5-4;FR5-5,FR4-1;FR5-2;NPY-M,AGUA-M;FR4-3;FR5-1,0.6885240199588597,0.18666654093431637,False,False
cfos,1617,FR5-3;FR5-4;FR5-5,FR4-3;FR5-1;FR5-2,AGUA-M;FR4-1;NPY-M,1.415609806689061,0.3205921421192155,False,True
cfos,1618,FR5-3;FR5-4;FR5-5,FR4-3;FR5-1;NPY-M,AGUA-M;FR4-1;FR5-2,0.8380557315298578,0.218354237184515,False,False
cfos,1619,FR5-3;FR5-4;FR5-5,FR4-3;FR5-2;NPY-M,AGUA-M;FR4-1;FR5-1,0.6743237081634167,0.18352321725634574,False,False
cfos,1620,FR5-3;FR5-4;FR5-5,FR5-1;FR5-2;NPY-M,AGUA-M;FR4-1;FR4-3,0.36459783160246056,0.10836297526495557,False,False
cfos,1621,FR5-3;FR5-4;NPY-M,AGUA-M;FR4-1;FR4-3,FR5-1;FR5-2;FR5-5,3.8597778802442275,0.5626680553841502,False,True
cfos,1622,FR5-3;FR5-4;NPY-M,AGUA-M;FR4-1;FR5-1,FR4-3;FR5-2;FR5-5,2.963739897907019,0.49695995275500643,False,True
cfos,1623,FR5-3;FR5-4;NPY-M,AGUA-M;FR4-1;FR5-2,FR4-3;FR5-1;FR5-5,3.55866382694166,0.542589759262152,False,True
cfos,1624,FR5-3;FR5-4;NPY-M,AGUA-M;FR4-1;FR5-5,FR4-3;FR5-1;FR5-2,2.8095499775348896,0.48360888337293195,False,True
cfos,1625,FR5-3;FR5-4;NPY-M,AGUA-M;FR4-3;FR5-1,FR4-1;FR5-2;FR5-5,3.0476538148159316,0.5039398596774163,False,True
cfos,1626,FR5-3;FR5-4;NPY-M,AGUA-M;FR4-3;FR5-2,FR4-1;FR5-1;FR5-5,3.0804148077240177,0.5066126087007966,False,True
cfos,1627,FR5-3;FR5-4;NPY-M,AGUA-M;FR4-3;FR5-5,FR4-1;FR5-1;FR5-2,2.689892589542616,0.4727492737712372,False,True
cfos,1628,FR5-3;FR5-4;NPY-M,AGUA-M;FR5-1;FR5-2,FR4-1;FR4-3;FR5-5,2.849032830726004,0.4870946895287595,False,True
cfos,1629,FR5-3;FR5-4;NPY-M,AGUA-M;FR5-1;FR5-5,FR4-1;FR4-3;FR5-2,2.8070179136760607,0.48338371870100066,False,True
cfos,1630,FR5-3;FR5-4;NPY-M,AGUA-M;FR5-2;FR5-5,FR4-1;FR4-3;FR5-1,3.4693486443237123,0.5362747990661721,False,True
cfos,1631,FR5-3;FR5-4;NPY-M,FR4-1;FR4-3;FR5-1,AGUA-M;FR5-2;FR5-5,3.4693486443237123,0.5362747990661721,False,True
cfos,1632,FR5-3;FR5-4;NPY-M,FR4-1;FR4-3;FR5-2,AGUA-M;FR5-1;FR5-5,2.8070179136760607,0.48338371870100066,False,True
cfos,1633,FR5-3;FR5-4;NPY-M,FR4-1;FR4-3;FR5-5,AGUA-M;FR5-1;FR5-2,2.849032830726004,0.4870946895287595,False,True
cfos,1634,FR5-3;FR5-4;NPY-M,FR4-1;FR5-1;FR5-2,AGUA-M;FR4-3;FR5-5,2.689892589542616,0.4727492737712372,False,True
cfos,1635,FR5-3;FR5-4;NPY-M,FR4-1;FR5-1;FR5-5,AGUA-M;FR4-3;FR5-2,3.0804148077240177,0.5066126087007966,False,True
cfos,1636,FR5-3;FR5-4;NPY-M,FR4-1;FR5-2;FR5-5,AGUA-M;FR4-3;FR5-1,3.0476538148159316,0.5039398596774163,False,True
cfos,1637,FR5-3;FR5-4;NPY-M,FR4-3;FR5-1;FR5-2,AGUA-M;FR4-1;FR5-5,2.809549977534889,0.48360888337293184,False,True
cfos,1638,FR5-3;FR5-4;NPY-M,FR4-3;FR5-1;FR5-5,AGUA-M;FR4-1;FR5-2,3.55866382694166,0.542589759262152,False,True
cfos,1639,FR5-3;FR5-4;NPY-M,FR4-3;FR5-2;FR5-5,AGUA-M;FR4-1;FR5-1,2.963739897907019,0.49695995275500643,False,True
cfos,1640,FR5-3;FR5-4;NPY-M,FR5-1;FR5-2;FR5-5,AGUA-M;FR4-1;FR4-3,3.8597778802442275,0.5626680553841502,False,True
cfos,1641,FR5-3;FR5-5;NPY-M,AGUA-M;FR4-1;FR4-3,FR5-1;FR5-2;FR5-4,0.4142638511413291,0.12133328565185374,False,False
cfos,1642,FR5-3;FR5-5;NPY-M,AGUA-M;FR4-1;FR5-1,FR4-3;FR5-2;FR5-4,0.5308497241884486,0.1503461675391643,False,False
cfos,1643,FR5-3;FR5-5;NPY-M,AGUA-M;FR4-1;FR5-2,FR4-3;FR5-1;FR5-4,0.5968813823867235,0.1659441385277656,False,False
cfos,1644,FR5-3;FR5-5;NPY-M,AGUA-M;FR4-1;FR5-4,FR4-3;FR5-1;FR5-2,0.6537108509851425,0.178916963505441,False,False
cfos,1645,FR5-3;FR5-5;NPY-M,AGUA-M;FR4-3;FR5-1,FR4-1;FR5-2;FR5-4,0.4879451656178491,0.13989473528074095,False,False
cfos,1646,FR5-3;FR5-5;NPY-M,AGUA-M;FR4-3;FR5-2,FR4-1;FR5-1;FR5-4,0.3804174735523103,0.11253564878557698,False,False
cfos,1647,FR5-3;FR5-5;NPY-M,AGUA-M;FR4-3;FR5-4,FR4-1;FR5-1;FR5-2,0.6831901221372764,0.18548869308457958,False,False
cfos,1648,FR5-3;FR5-5;NPY-M,AGUA-M;FR5-1;FR5-2,FR4-1;FR4-3;FR5-4,0.6933928185272641,0.18773871412999435,False,False
cfos,1649,FR5-3;FR5-5;NPY-M,AGUA-M;FR5-1;FR5-4,FR4-1;FR4-3;FR5-2,0.3385345977378225,0.10140215349788861,False,False
cfos,1650,FR5-3;FR5-5;NPY-M,AGUA-M;FR5-2;FR5-4,FR4-1;FR4-3;FR5-1,0.6779357650793324,0.18432506938160442,False,False
cfos,1651,FR5-3;FR5-5;NPY-M,FR4-1;FR4-3;FR5-1,AGUA-M;FR5-2;FR5-4,0.6779357650793324,0.18432506938160442,False,False
cfos,1652,FR5-3;FR5-5;NPY-M,FR4-1;FR4-3;FR5-2,AGUA-M;FR5-1;FR5-4,0.33853459773782246,0.10140215349788859,False,False
cfos,1653,FR5-3;FR5-5;NPY-M,FR4-1;FR4-3;FR5-4,AGUA-M;FR5-1;FR5-2,0.6933928185272641,0.18773871412999435,False,False
cfos,1654,FR5-3;FR5-5;NPY-M,FR4-1;FR5-1;FR5-2,AGUA-M;FR4-3;FR5-4,0.6831901221372764,0.18548869308457958,False,False
cfos,1655,FR5-3;FR5-5;NPY-M,FR4-1;FR5-1;FR5-4,AGUA-M;FR4-3;FR5-2,0.3804174735523103,0.11253564878557698,False,False
cfos,1656,FR5-3;FR5-5;NPY-M,FR4-1;FR5-2;FR5-4,AGUA-M;FR4-3;FR5-1,0.4879451656178491,0.13989473528074095,False,False
cfos,1657,FR5-3;FR5-5;NPY-M,FR4-3;FR5-1;FR5-2,AGUA-M;FR4-1;FR5-4,0.6537108509851425,0.178916963505441,False,False
cfos,1658,FR5-3;FR5-5;NPY-M,FR4-3;FR5-1;FR5-4,AGUA-M;FR4-1;FR5-2,0.5968813823867235,0.1659441385277656,False,False
cfos,1659,FR5-3;FR5-5;NPY-M,FR4-3;FR5-2;FR5-4,AGUA-M;FR4-1;FR5-1,0.5308497241884484,0.15034616753916427,False,False
cfos,1660,FR5-3;FR5-5;NPY-M,FR5-1;FR5-2;FR5-4,AGUA-M;FR4-1;FR4-3,0.4142638511413291,0.12133328565185374,False,False
cfos,1661,FR5-4;FR5-5;NPY-M,AGUA-M;FR4-1;FR4-3,FR5-1;FR5-2;FR5-3,0.8243052747957929,0.21554379568712867,False,False
cfos,1662,FR5-4;FR5-5;NPY-M,AGUA-M;FR4-1;FR5-1,FR4-3;FR5-2;FR5-3,0.7906741353879604,0.20858404261305305,False,False
cfos,1663,FR5-4;FR5-5;NPY-M,AGUA-M;FR4-1;FR5-2,FR4-3;FR5-1;FR5-3,1.1718984150788403,0.28090291241108606,False,True
cfos,1664,FR5-4;FR5-5;NPY-M,AGUA-M;FR4-1;FR5-3,FR4-3;FR5-1;FR5-2,0.8185879084347841,0.21436927159032415,False,False
cfos,1665,FR5-4;FR5-5;NPY-M,AGUA-M;FR4-3;FR5-1,FR4-1;FR5-2;FR5-3,0.6922328675004751,0.18748353431160883,False,False
cfos,1666,FR5-4;FR5-5;NPY-M,AGUA-M;FR4-3;FR5-2,FR4-1;FR5-1;FR5-3,0.8306610157711223,0.2168453466258768,False,False
cfos,1667,FR5-4;FR5-5;NPY-M,AGUA-M;FR4-3;FR5-3,FR4-1;FR5-1;FR5-2,0.9041661371538156,0.23159007721248348,False,False
cfos,1668,FR5-4;FR5-5;NPY-M,AGUA-M;FR5-1;FR5-2,FR4-1;FR4-3;FR5-3,1.0326687951333489,0.25607577700890793,False,False
cfos,1669,FR5-4;FR5-5;NPY-M,AGUA-M;FR5-1;FR5-3,FR4-1;FR4-3;FR5-2,0.6741120090831695,0.18347617258717872,False,False
cfos,1670,FR5-4;FR5-5;NPY-M,AGUA-M;FR5-2;FR5-3,FR4-1;FR4-3;FR5-1,0.7959220671322972,0.20967818966146268,False,False
cfos,1671,FR5-4;FR5-5;NPY-M,FR4-1;FR4-3;FR5-1,AGUA-M;FR5-2;FR5-3,0.7959220671322972,0.20967818966146268,False,False
cfos,1672,FR5-4;FR5-5;NPY-M,FR4-1;FR4-3;FR5-2,AGUA-M;FR5-1;FR5-3,0.6741120090831695,0.18347617258717872,False,False
cfos,1673,FR5-4;FR5-5;NPY-M,FR4-1;FR4-3;FR5-3,AGUA-M;FR5-1;FR5-2,1.0326687951333489,0.25607577700890793,False,False
cfos,1674,FR5-4;FR5-5;NPY-M,FR4-1;FR5-1;FR5-2,AGUA-M;FR4-3;FR5-3,0.9041661371538156,0.23159007721248348,False,False
cfos,1675,FR5-4;FR5-5;NPY-M,FR4-1;FR5-1;FR5-3,AGUA-M;FR4-3;FR5-2,0.8306610157711223,0.2168453466258768,False,False
cfos,1676,FR5-4;FR5-5;NPY-M,FR4-1;FR5-2;FR5-3,AGUA-M;FR4-3;FR5-1,0.6922328675004751,0.18748353431160883,False,False
cfos,1677,FR5-4;FR5-5;NPY-M,FR4-3;FR5-1;FR5-2,AGUA-M;FR4-1;FR5-3,0.8185879084347841,0.21436927159032415,False,False
cfos,1678,FR5-4;FR5-5;NPY-M,FR4-3;FR5-1;FR5-3,AGUA-M;FR4-1;FR5-2,1.1718984150788403,0.28090291241108606,False,True
cfos,1679,FR5-4;FR5-5;NPY-M,FR4-3;FR5-2;FR5-3,AGUA-M;FR4-1;FR5-1,0.79067413538796,0.20858404261305302,False,False
cfos,1680,FR5-4;FR5-5;NPY-M,FR5-1;FR5-2;FR5-3,AGUA-M;FR4-1;FR4-3,0.8243052747957929,0.21554379568712867,False,False
double,1,AGUA-M;FR4-1;FR4-3,FR5-1;FR5-2;FR5-3,FR5-4;FR5-5;NPY-M,1.467247596612441,0.3284455506171338,False,True
double,2,AGUA-M;FR4-1;FR4-3,FR5-1;FR5-2;FR5-4,FR5-3;FR5-5;NPY-M,1.3770448999936153,0.31460607132351415,False,True
double,3,AGUA-M;FR4-1;FR4-3,FR5-1;FR5-2;FR5-5,FR5-3;FR5-4;NPY-M,2.3779696593365354,0.4421686640065386,False,True
double,4,AGUA-M;FR4-1;FR4-3,FR5-1;FR5-2;NPY-M,FR5-3;FR5-4;FR5-5,1.691117182676147,0.36049348520247654,False,True
double,5,AGUA-M;FR4-1;FR4-3,FR5-1;FR5-3;FR5-4,FR5-2;FR5-5;NPY-M,2.5073331775465015,0.45527174345814864,False,True
double,6,AGUA-M;FR4-1;FR4-3,FR5-1;FR5-3;FR5-5,FR5-2;FR5-4;NPY-M,1.3692486484179887,0.3133830913728758,False,True
double,7,AGUA-M;FR4-1;FR4-3,FR5-1;FR5-3;NPY-M,FR5-2;FR5-4;FR5-5,2.498425373364826,0.454389248505138,False,True
double,8,AGUA-M;FR4-1;FR4-3,FR5-1;FR5-4;FR5-5,FR5-2;FR5-3;NPY-M,1.4195790354530284,0.32120231905922114,False,True
double,9,AGUA-M;FR4-1;FR4-3,FR5-1;FR5-4;NPY-M,FR5-2;FR5-3;FR5-5,1.8089150980151734,0.37615866804589315,False,True
double,10,AGUA-M;FR4-1;FR4-3,FR5-1;FR5-5;NPY-M,FR5-2;FR5-3;FR5-4,1.2948025739350244,0.30148127920783285,False,True
double,11,AGUA-M;FR4-1;FR4-3,FR5-2;FR5-3;FR5-4,FR5-1;FR5-5;NPY-M,1.2948025739350244,0.30148127920783285,False,True
double,12,AGUA-M;FR4-1;FR4-3,FR5-2;FR5-3;FR5-5,FR5-1;FR5-4;NPY-M,1.8089150980151734,0.37615866804589315,False,True
double,13,AGUA-M;FR4-1;FR4-3,FR5-2;FR5-3;NPY-M,FR5-1;FR5-4;FR5-5,1.4195790354530282,0.3212023190592211,False,True
double,14,AGUA-M;FR4-1;FR4-3,FR5-2;FR5-4;FR5-5,FR5-1;FR5-3;NPY-M,2.498425373364826,0.454389248505138,False,True
double,15,AGUA-M;FR4-1;FR4-3,FR5-2;FR5-4;NPY-M,FR5-1;FR5-3;FR5-5,1.3692486484179887,0.3133830913728758,False,True
double,16,AGUA-M;FR4-1;FR4-3,FR5-2;FR5-5;NPY-M,FR5-1;FR5-3;FR5-4,2.5073331775465015,0.45527174345814864,False,True
double,17,AGUA-M;FR4-1;FR4-3,FR5-3;FR5-4;FR5-5,FR5-1;FR5-2;NPY-M,1.691117182676147,0.36049348520247654,False,True
double,18,AGUA-M;FR4-1;FR4-3,FR5-3;FR5-4;NPY-M,FR5-1;FR5-2;FR5-5,2.3779696593365354,0.4421686640065386,False,True
double,19,AGUA-M;FR4-1;FR4-3,FR5-3;FR5-5;NPY-M,FR5-1;FR5-2;FR5-4,1.3770448999936153,0.31460607132351415,False,True
double,20,AGUA-M;FR4-1;FR4-3,FR5-4;FR5-5;NPY-M,FR5-1;FR5-2;FR5-3,1.4672475966124405,0.32844555061713376,False,True
double,21,AGUA-M;FR4-1;FR5-1,FR4-3;FR5-2;FR5-3,FR5-4;FR5-5;NPY-M,0.6440295770258353,0.1767355515131345,False,False
double,22,AGUA-M;FR4-1;FR5-1,FR4-3;FR5-2;FR5-4,FR5-3;FR5-5;NPY-M,0.7622597209044792,0.2026068845457659,False,False
double,23,AGUA-M;FR4-1;FR5-1,FR4-3;FR5-2;FR5-5,FR5-3;FR5-4;NPY-M,1.9114499777483251,0.38918241790271424,False,True
double,24,AGUA-M;FR4-1;FR5-1,FR4-3;FR5-2;NPY-M,FR5-3;FR5-4;FR5-5,0.8750765099024292,0.22582173736860303,False,False
double,25,AGUA-M;FR4-1;FR5-1,FR4-3;FR5-3;FR5-4,FR5-2;FR5-5;NPY-M,0.6082210429984484,0.16856535000223097,False,False
double,26,AGUA-M;FR4-1;FR5-1,FR4-3;FR5-3;FR5-5,FR5-2;FR5-4;NPY-M,0.2811615471320446,0.08568963859088213,False,False
double,27,AGUA-M;FR4-1;FR5-1,FR4-3;FR5-3;NPY-M,FR5-2;FR5-4;FR5-5,0.5088141750981174,0.14501029399309512,False,False
double,28,AGUA-M;FR4-1;FR5-1,FR4-3;FR5-4;FR5-5,FR5-2;FR5-3;NPY-M,0.4610845746549954,0.13321967860347844,False,False
double,29,AGUA-M;FR4-1;FR5-1,FR4-3;FR5-4;NPY-M,FR5-2;FR5-3;FR5-5,0.35754693915006386,0.10649052586010131,False,False
double,30,AGUA-M;FR4-1;FR5-1,FR4-3;FR5-5;NPY-M,FR5-2;FR5-3;FR5-4,0.29969868955037626,0.09082607769596497,False,False
double,31,AGUA-M;FR4-1;FR5-1,FR5-2;FR5-3;FR5-4,FR4-3;FR5-5;NPY-M,0.29969868955037626,0.09082607769596497,False,False
double,32,AGUA-M;FR4-1;FR5-1,FR5-2;FR5-3;FR5-5,FR4-3;FR5-4;NPY-M,0.35754693915006386,0.10649052586010131,False,False
double,33,AGUA-M;FR4-1;FR5-1,FR5-2;FR5-3;NPY-M,FR4-3;FR5-4;FR5-5,0.4610845746549954,0.13321967860347844,False,False
double,34,AGUA-M;FR4-1;FR5-1,FR5-2;FR5-4;FR5-5,FR4-3;FR5-3;NPY-M,0.5088141750981174,0.14501029399309512,False,False
double,35,AGUA-M;FR4-1;FR5-1,FR5-2;FR5-4;NPY-M,FR4-3;FR5-3;FR5-5,0.2811615471320446,0.08568963859088213,False,False
double,36,AGUA-M;FR4-1;FR5-1,FR5-2;FR5-5;NPY-M,FR4-3;FR5-3;FR5-4,0.6082210429984484,0.16856535000223097,False,False
double,37,AGUA-M;FR4-1;FR5-1,FR5-3;FR5-4;FR5-5,FR4-3;FR5-2;NPY-M,0.8750765099024289,0.22582173736860298,False,False
double,38,AGUA-M;FR4-1;FR5-1,FR5-3;FR5-4;NPY-M,FR4-3;FR5-2;FR5-5,1.9114499777483251,0.38918241790271424,False,True
double,39,AGUA-M;FR4-1;FR5-1,FR5-3;FR5-5;NPY-M,FR4-3;FR5-2;FR5-4,0.7622597209044792,0.2026068845457659,False,False
double,40,AGUA-M;FR4-1;FR5-1,FR5-4;FR5-5;NPY-M,FR4-3;FR5-2;FR5-3,0.6440295770258353,0.1767355515131345,False,False
double,41,AGUA-M;FR4-1;FR5-2,FR4-3;FR5-1;FR5-3,FR5-4;FR5-5;NPY-M,1.6774546589414008,0.3586255306045108,False,True
double,42,AGUA-M;FR4-1;FR5-2,FR4-3;FR5-1;FR5-4,FR5-3;FR5-5;NPY-M,1.6103571078509142,0.3492911872506924,False,True
double,43,AGUA-M;FR4-1;FR5-2,FR4-3;FR5-1;FR5-5,FR5-3;FR5-4;NPY-M,2.2409409039628017,0.42758370014597424,False,True
double,44,AGUA-M;FR4-1;FR5-2,FR4-3;FR5-1;NPY-M,FR5-3;FR5-4;FR5-5,1.7037003721632575,0.36220427267133015,False,True
double,45,AGUA-M;FR4-1;FR5-2,FR4-3;FR5-3;FR5-4,FR5-1;FR5-5;NPY-M,1.5325288484569985,0.33811783657564914,False,True
double,46,AGUA-M;FR4-1;FR5-2,FR4-3;FR5-3;FR5-5,FR5-1;FR5-4;NPY-M,1.7134619370791497,0.3635251456259669,False,True
double,47,AGUA-M;FR4-1;FR5-2,FR4-3;FR5-3;NPY-M,FR5-1;FR5-4;FR5-5,1.4435527581522603,0.32486454796871267,False,True
double,48,AGUA-M;FR4-1;FR5-2,FR4-3;FR5-4;FR5-5,FR5-1;FR5-3;NPY-M,2.417713494066791,0.4462608620250129,False,True
double,49,AGUA-M;FR4-1;FR5-2,FR4-3;FR5-4;NPY-M,FR5-1;FR5-3;FR5-5,1.4218468823709545,0.3215504562221686,False,True
double,50,AGUA-M;FR4-1;FR5-2,FR4-3;FR5-5;NPY-M,FR5-1;FR5-3;FR5-4,2.1209310296782027,0.4141690285196989,False,True
double,51,AGUA-M;FR4-1;FR5-2,FR5-1;FR5-3;FR5-4,FR4-3;FR5-5;NPY-M,2.1209310296782027,0.4141690285196989,False,True
double,52,AGUA-M;FR4-1;FR5-2,FR5-1;FR5-3;FR5-5,FR4-3;FR5-4;NPY-M,1.4218468823709547,0.32155045622216866,False,True
double,53,AGUA-M;FR4-1;FR5-2,FR5-1;FR5-3;NPY-M,FR4-3;FR5-4;FR5-5,2.417713494066791,0.4462608620250129,False,True
double,54,AGUA-M;FR4-1;FR5-2,FR5-1;FR5-4;FR5-5,FR4-3;FR5-3;NPY-M,1.4435527581522603,0.32486454796871267,False,True
double,55,AGUA-M;FR4-1;FR5-2,FR5-1;FR5-4;NPY-M,FR4-3;FR5-3;FR5-5,1.7134619370791497,0.3635251456259669,False,True
double,56,AGUA-M;FR4-1;FR5-2,FR5-1;FR5-5;NPY-M,FR4-3;FR5-3;FR5-4,1.5325288484569985,0.33811783657564914,False,True
double,57,AGUA-M;FR4-1;FR5-2,FR5-3;FR5-4;FR5-5,FR4-3;FR5-1;NPY-M,1.7037003721632575,0.36220427267133015,False,True
double,58,AGUA-M;FR4-1;FR5-2,FR5-3;FR5-4;NPY-M,FR4-3;FR5-1;FR5-5,2.2409409039628017,0.42758370014597424,False,True
double,59,AGUA-M;FR4-1;FR5-2,FR5-3;FR5-5;NPY-M,FR4-3;FR5-1;FR5-4,1.610357107850915,0.34929118725069247,False,True
double,60,AGUA-M;FR4-1;FR5-2,FR5-4;FR5-5;NPY-M,FR4-3;FR5-1;FR5-3,1.6774546589414008,0.3586255306045108,False,True
double,61,AGUA-M;FR4-1;FR5-3,FR4-3;FR5-1;FR5-2,FR5-4;FR5-5;NPY-M,0.7319078431728325,0.19612162838152278,False,False
double,62,AGUA-M;FR4-1;FR5-3,FR4-3;FR5-1;FR5-4,FR5-2;FR5-5;NPY-M,0.4694147501974854,0.13530084581866883,False,False
double,63,AGUA-M;FR4-1;FR5-3,FR4-3;FR5-1;FR5-5,FR5-2;FR5-4;NPY-M,0.2568612764107018,0.07886773632980205,False,False
double,64,AGUA-M;FR4-1;FR5-3,FR4-3;FR5-1;NPY-M,FR5-2;FR5-4;FR5-5,0.4279014278953779,0.12482897682332007,False,False
double,65,AGUA-M;FR4-1;FR5-3,FR4-3;FR5-2;FR5-4,FR5-1;FR5-5;NPY-M,0.5636607653970559,0.15816902968716046,False,False
double,66,AGUA-M;FR4-1;FR5-3,FR4-3;FR5-2;FR5-5,FR5-1;FR5-4;NPY-M,1.400775459081601,0.3183019611216268,False,True
double,67,AGUA-M;FR4-1;FR5-3,FR4-3;FR5-2;NPY-M,FR5-1;FR5-4;FR5-5,0.6070728732782427,0.16830069549621055,False,False
double,68,AGUA-M;FR4-1;FR5-3,FR4-3;FR5-4;FR5-5,FR5-1;FR5-2;NPY-M,0.3897914507012663,0.11498980287434139,False,False
double,69,AGUA-M;FR4-1;FR5-3,FR4-3;FR5-4;NPY-M,FR5-1;FR5-2;FR5-5,0.33934439456557536,0.10162006503965926,False,False
double,70,AGUA-M;FR4-1;FR5-3,FR4-3;FR5-5;NPY-M,FR5-1;FR5-2;FR5-4,0.18983680550370174,0.05951301495304082,False,False
double,71,AGUA-M;FR4-1;FR5-3,FR5-1;FR5-2;FR5-4,FR4-3;FR5-5;NPY-M,0.18983680550370174,0.05951301495304082,False,False
double,72,AGUA-M;FR4-1;FR5-3,FR5-1;FR5-2;FR5-5,FR4-3;FR5-4;NPY-M,0.33934439456557536,0.10162006503965926,False,False
double,73,AGUA-M;FR4-1;FR5-3,FR5-1;FR5-2;NPY-M,FR4-3;FR5-4;FR5-5,0.3897914507012663,0.11498980287434139,False,False
double,74,AGUA-M;FR4-1;FR5-3,FR5-1;FR5-4;FR5-5,FR4-3;FR5-2;NPY-M,0.6070728732782427,0.16830069549621055,False,False
double,75,AGUA-M;FR4-1;FR5-3,FR5-1;FR5-4;NPY-M,FR4-3;FR5-2;FR5-5,1.400775459081601,0.3183019611216268,False,True
double,76,AGUA-M;FR4-1;FR5-3,FR5-1;FR5-5;NPY-M,FR4-3;FR5-2;FR5-4,0.5636607653970559,0.15816902968716046,False,False
double,77,AGUA-M;FR4-1;FR5-3,FR5-2;FR5-4;FR5-5,FR4-3;FR5-1;NPY-M,0.4279014278953779,0.12482897682332007,False,False
double,78,AGUA-M;FR4-1;FR5-3,FR5-2;FR5-4;NPY-M,FR4-3;FR5-1;FR5-5,0.2568612764107018,0.07886773632980205,False,False
double,79,AGUA-M;FR4-1;FR5-3,FR5-2;FR5-5;NPY-M,FR4-3;FR5-1;FR5-4,0.4694147501974854,0.13530084581866883,False,False
double,80,AGUA-M;FR4-1;FR5-3,FR5-4;FR5-5;NPY-M,FR4-3;FR5-1;FR5-2,0.7319078431728325,0.19612162838152278,False,False
double,81,AGUA-M;FR4-1;FR5-4,FR4-3;FR5-1;FR5-2,FR5-3;FR5-5;NPY-M,0.7801061590953283,0.20637149494288987,False,False
double,82,AGUA-M;FR4-1;FR5-4,FR4-3;FR5-1;FR5-3,FR5-2;FR5-5;NPY-M,0.5498129814815256,0.15488505573385428,False,False
double,83,AGUA-M;FR4-1;FR5-4,FR4-3;FR5-1;FR5-5,FR5-2;FR5-3;NPY-M,0.33313688706377004,0.0999469563811516,False,False
double,84,AGUA-M;FR4-1;FR5-4,FR4-3;FR5-1;NPY-M,FR5-2;FR5-3;FR5-5,0.34404651694604904,0.10288329280187453,False,False
double,85,AGUA-M;FR4-1;FR5-4,FR4-3;FR5-2;FR5-3,FR5-1;FR5-5;NPY-M,0.4987363395357212,0.1425475632158961,False,False
double,86,AGUA-M;FR4-1;FR5-4,FR4-3;FR5-2;FR5-5,FR5-1;FR5-3;NPY-M,1.7968291620687469,0.3745868575594261,False,True
double,87,AGUA-M;FR4-1;FR5-4,FR4-3;FR5-2;NPY-M,FR5-1;FR5-3;FR5-5,0.6655130753192373,0.1815606878612147,False,False
double,88,AGUA-M;FR4-1;FR5-4,FR4-3;FR5-3;FR5-5,FR5-1;FR5-2;NPY-M,0.29141887997384097,0.08853898291309463,False,False
double,89,AGUA-M;FR4-1;FR5-4,FR4-3;FR5-3;NPY-M,FR5-1;FR5-2;FR5-5,0.40210942931747967,0.11819414915120752,False,False
double,90,AGUA-M;FR4-1;FR5-4,FR4-3;FR5-5;NPY-M,FR5-1;FR5-2;FR5-3,0.2736880494860616,0.08360236080802753,False,False
double,91,AGUA-M;FR4-1;FR5-4,FR5-1;FR5-2;FR5-3,FR4-3;FR5-5;NPY-M,0.2736880494860616,0.08360236080802753,False,False
double,92,AGUA-M;FR4-1;FR5-4,FR5-1;FR5-2;FR5-5,FR4-3;FR5-3;NPY-M,0.40210942931747967,0.11819414915120752,False,False
double,93,AGUA-M;FR4-1;FR5-4,FR5-1;FR5-2;NPY-M,FR4-3;FR5-3;FR5-5,0.29141887997384097,0.08853898291309463,False,False
double,94,AGUA-M;FR4-1;FR5-4,FR5-1;FR5-3;FR5-5,FR4-3;FR5-2;NPY-M,0.6655130753192373,0.1815606878612147,False,False
double,95,AGUA-M;FR4-1;FR5-4,FR5-1;FR5-3;NPY-M,FR4-3;FR5-2;FR5-5,1.7968291620687469,0.3745868575594261,False,True
double,96,AGUA-M;FR4-1;FR5-4,FR5-1;FR5-5;NPY-M,FR4-3;FR5-2;FR5-3,0.4987363395357212,0.1425475632158961,False,False
double,97,AGUA-M;FR4-1;FR5-4,FR5-2;FR5-3;FR5-5,FR4-3;FR5-1;NPY-M,0.34404651694604904,0.10288329280187453,False,False
double,98,AGUA-M;FR4-1;FR5-4,FR5-2;FR5-3;NPY-M,FR4-3;FR5-1;FR5-5,0.33313688706377,0.09994695638115159,False,False
double,99,AGUA-M;FR4-1;FR5-4,FR5-2;FR5-5;NPY-M,FR4-3;FR5-1;FR5-3,0.5498129814815256,0.15488505573385428,False,False
double,100,AGUA-M;FR4-1;FR5-4,FR5-3;FR5-5;NPY-M,FR4-3;FR5-1;FR5-2,0.7801061590953283,0.20637149494288987,False,False
double,101,AGUA-M;FR4-1;FR5-5,FR4-3;FR5-1;FR5-2,FR5-3;FR5-4;NPY-M,2.0584276699378083,0.40693033571894804,False,True
double,102,AGUA-M;FR4-1;FR5-5,FR4-3;FR5-1;FR5-3,FR5-2;FR5-4;NPY-M,0.849698896293833,0.22071827412576392,False,False
double,103,AGUA-M;FR4-1;FR5-5,FR4-3;FR5-1;FR5-4,FR5-2;FR5-3;NPY-M,0.857098532665454,0.22221328426192802,False,False
double,104,AGUA-M;FR4-1;FR5-5,FR4-3;FR5-1;NPY-M,FR5-2;FR5-3;FR5-4,0.7609167322206619,0.2023221428173904,False,False
double,105,AGUA-M;FR4-1;FR5-5,FR4-3;FR5-2;FR5-3,FR5-1;FR5-4;NPY-M,1.3902254982034465,0.3166638020694723,False,True
double,106,AGUA-M;FR4-1;FR5-5,FR4-3;FR5-2;FR5-4,FR5-1;FR5-3;NPY-M,1.906531916118692,0.3885701649785359,False,True
double,107,AGUA-M;FR4-1;FR5-5,FR4-3;FR5-2;NPY-M,FR5-1;FR5-3;FR5-4,1.912255317021539,0.3892825583383972,False,True
double,108,AGUA-M;FR4-1;FR5-5,FR4-3;FR5-3;FR5-4,FR5-1;FR5-2;NPY-M,0.933125913406227,0.23724791271635307,False,False
double,109,AGUA-M;FR4-1;FR5-5,FR4-3;FR5-3;NPY-M,FR5-1;FR5-2;FR5-4,0.7091547748425149,0.1911903972442413,False,False
double,110,AGUA-M;FR4-1;FR5-5,FR4-3;FR5-4;NPY-M,FR5-1;FR5-2;FR5-3,0.7439425769685722,0.19870565898767978,False,False
double,111,AGUA-M;FR4-1;FR5-5,FR5-1;FR5-2;FR5-3,FR4-3;FR5-4;NPY-M,0.7439425769685722,0.19870565898767978,False,False
double,112,AGUA-M;FR4-1;FR5-5,FR5-1;FR5-2;FR5-4,FR4-3;FR5-3;NPY-M,0.7091547748425148,0.19119039724424128,False,False
double,113,AGUA-M;FR4-1;FR5-5,FR5-1;FR5-2;NPY-M,FR4-3;FR5-3;FR5-4,0.933125913406227,0.23724791271635307,False,False
double,114,AGUA-M;FR4-1;FR5-5,FR5-1;FR5-3;FR5-4,FR4-3;FR5-2;NPY-M,1.912255317021539,0.3892825583383972,False,True
double,115,AGUA-M;FR4-1;FR5-5,FR5-1;FR5-3;NPY-M,FR4-3;FR5-2;FR5-4,1.906531916118692,0.3885701649785359,False,True
double,116,AGUA-M;FR4-1;FR5-5,FR5-1;FR5-4;NPY-M,FR4-3;FR5-2;FR5-3,1.3902254982034468,0.3166638020694723,False,True
double,117,AGUA-M;FR4-1;FR5-5,FR5-2;FR5-3;FR5-4,FR4-3;FR5-1;NPY-M,0.7609167322206619,0.2023221428173904,False,False
double,118,AGUA-M;FR4-1;FR5-5,FR5-2;FR5-3;NPY-M,FR4-3;FR5-1;FR5-4,0.8570985326654539,0.222213284261928,False,False
double,119,AGUA-M;FR4-1;FR5-5,FR5-2;FR5-4;NPY-M,FR4-3;FR5-1;FR5-3,0.849698896293833,0.22071827412576392,False,False
double,120,AGUA-M;FR4-1;FR5-5,FR5-3;FR5-4;NPY-M,FR4-3;FR5-1;FR5-2,2.0584276699378083,0.40693033571894804,False,True
double,121,AGUA-M;FR4-1;NPY-M,FR4-3;FR5-1;FR5-2,FR5-3;FR5-4;FR5-5,0.8425933344344431,0.21927725915822338,False,False
double,122,AGUA-M;FR4-1;NPY-M,FR4-3;FR5-1;FR5-3,FR5-2;FR5-4;FR5-5,0.5063353979975361,0.14440586553320134,False,False
double,123,AGUA-M;FR4-1;NPY-M,FR4-3;FR5-1;FR5-4,FR5-2;FR5-3;FR5-5,0.3440192270169844,0.10287597159657033,False,False
double,124,AGUA-M;FR4-1;NPY-M,FR4-3;FR5-1;FR5-5,FR5-2;FR5-3;FR5-4,0.26104145659585465,0.0800484937313098,False,False
double,125,AGUA-M;FR4-1;NPY-M,FR4-3;FR5-2;FR5-3,FR5-1;FR5-4;FR5-5,0.498012535921055,0.14237014041744256,False,False
double,126,AGUA-M;FR4-1;NPY-M,FR4-3;FR5-2;FR5-4,FR5-1;FR5-3;FR5-5,0.6199164876800929,0.17125159925371114,False,False
double,127,AGUA-M;FR4-1;NPY-M,FR4-3;FR5-2;FR5-5,FR5-1;FR5-3;FR5-4,1.724336257406096,0.3649901623117838,False,True
double,128,AGUA-M;FR4-1;NPY-M,FR4-3;FR5-3;FR5-4,FR5-1;FR5-2;FR5-5,0.45331697035966606,0.1312700149596904,False,False
double,129,AGUA-M;FR4-1;NPY-M,FR4-3;FR5-3;FR5-5,FR5-1;FR5-2;FR5-4,0.1764765672032287,0.05555733324946573,False,False
double,130,AGUA-M;FR4-1;NPY-M,FR4-3;FR5-4;FR5-5,FR5-1;FR5-2;FR5-3,0.3560707089021684,0.10609749906569924,False,False
double,131,AGUA-M;FR4-1;NPY-M,FR5-1;FR5-2;FR5-3,FR4-3;FR5-4;FR5-5,0.3560707089021684,0.10609749906569924,False,False
double,132,AGUA-M;FR4-1;NPY-M,FR5-1;FR5-2;FR5-4,FR4-3;FR5-3;FR5-5,0.1764765672032287,0.05555733324946573,False,False
double,133,AGUA-M;FR4-1;NPY-M,FR5-1;FR5-2;FR5-5,FR4-3;FR5-3;FR5-4,0.45331697035966606,0.1312700149596904,False,False
double,134,AGUA-M;FR4-1;NPY-M,FR5-1;FR5-3;FR5-4,FR4-3;FR5-2;FR5-5,1.724336257406096,0.3649901623117838,False,True
double,135,AGUA-M;FR4-1;NPY-M,FR5-1;FR5-3;FR5-5,FR4-3;FR5-2;FR5-4,0.6199164876800929,0.17125159925371114,False,False
double,136,AGUA-M;FR4-1;NPY-M,FR5-1;FR5-4;FR5-5,FR4-3;FR5-2;FR5-3,0.49801253592105504,0.1423701404174426,False,False
double,137,AGUA-M;FR4-1;NPY-M,FR5-2;FR5-3;FR5-4,FR4-3;FR5-1;FR5-5,0.26104145659585465,0.0800484937313098,False,False
double,138,AGUA-M;FR4-1;NPY-M,FR5-2;FR5-3;FR5-5,FR4-3;FR5-1;FR5-4,0.3440192270169844,0.10287597159657033,False,False
double,139,AGUA-M;FR4-1;NPY-M,FR5-2;FR5-4;FR5-5,FR4-3;FR5-1;FR5-3,0.5063353979975361,0.14440586553320134,False,False
double,140,AGUA-M;FR4-1;NPY-M,FR5-3;FR5-4;FR5-5,FR4-3;FR5-1;FR5-2,0.8425933344344431,0.21927725915822338,False,False
double,141,AGUA-M;FR4-3;FR5-1,FR4-1;FR5-2;FR5-3,FR5-4;FR5-5;NPY-M,0.709081695852554,0.19117446149688203,False,False
double,142,AGUA-M;FR4-3;FR5-1,FR4-1;FR5-2;FR5-4,FR5-3;FR5-5;NPY-M,0.9554787707064678,0.24155831091360266,False,True
double,143,AGUA-M;FR4-3;FR5-1,FR4-1;FR5-2;FR5-5,FR5-3;FR5-4;NPY-M,2.6574260766313875,0.4697235174858359,False,True
double,144,AGUA-M;FR4-3;FR5-1,FR4-1;FR5-2;NPY-M,FR5-3;FR5-4;FR5-5,1.1626374185946942,0.2793030719901616,False,True
double,145,AGUA-M;FR4-3;FR5-1,FR4-1;FR5-3;FR5-4,FR5-2;FR5-5;NPY-M,0.550667852309679,0.15508852847260107,False,False
double,146,AGUA-M;FR4-3;FR5-1,FR4-1;FR5-3;FR5-5,FR5-2;FR5-4;NPY-M,0.3852498648254464,0.1138024902765371,False,False
double,147,AGUA-M;FR4-3;FR5-1,FR4-1;FR5-3;NPY-M,FR5-2;FR5-4;FR5-5,0.5131412943967425,0.146063380717187,False,False
double,148,AGUA-M;FR4-3;FR5-1,FR4-1;FR5-4;FR5-5,FR5-2;FR5-3;NPY-M,0.6848022452501007,0.18584504667322269,False,False
double,149,AGUA-M;FR4-3;FR5-1,FR4-1;FR5-4;NPY-M,FR5-2;FR5-3;FR5-5,0.4564447081513753,0.1320561289682824,False,False
double,150,AGUA-M;FR4-3;FR5-1,FR4-1;FR5-5;NPY-M,FR5-2;FR5-3;FR5-4,0.5628664689561164,0.157981354019431,False,False
double,151,AGUA-M;FR4-3;FR5-1,FR5-2;FR5-3;FR5-4,FR4-1;FR5-5;NPY-M,0.5628664689561164,0.157981354019431,False,False
double,152,AGUA-M;FR4-3;FR5-1,FR5-2;FR5-3;FR5-5,FR4-1;FR5-4;NPY-M,0.4564447081513753,0.1320561289682824,False,False
double,153,AGUA-M;FR4-3;FR5-1,FR5-2;FR5-3;NPY-M,FR4-1;FR5-4;FR5-5,0.6848022452501007,0.18584504667322269,False,False
double,154,AGUA-M;FR4-3;FR5-1,FR5-2;FR5-4;FR5-5,FR4-1;FR5-3;NPY-M,0.5131412943967425,0.146063380717187,False,False
double,155,AGUA-M;FR4-3;FR5-1,FR5-2;FR5-4;NPY-M,FR4-1;FR5-3;FR5-5,0.3852498648254464,0.1138024902765371,False,False
double,156,AGUA-M;FR4-3;FR5-1,FR5-2;FR5-5;NPY-M,FR4-1;FR5-3;FR5-4,0.550667852309679,0.15508852847260107,False,False
double,157,AGUA-M;FR4-3;FR5-1,FR5-3;FR5-4;FR5-5,FR4-1;FR5-2;NPY-M,1.1626374185946942,0.2793030719901616,False,True
double,158,AGUA-M;FR4-3;FR5-1,FR5-3;FR5-4;NPY-M,FR4-1;FR5-2;FR5-5,2.6574260766313875,0.4697235174858359,False,True
double,159,AGUA-M;FR4-3;FR5-1,FR5-3;FR5-5;NPY-M,FR4-1;FR5-2;FR5-4,0.9554787707064678,0.24155831091360266,False,True
double,160,AGUA-M;FR4-3;FR5-1,FR5-4;FR5-5;NPY-M,FR4-1;FR5-2;FR5-3,0.7090816958525541,0.19117446149688208,False,False
double,161,AGUA-M;FR4-3;FR5-2,FR4-1;FR5-1;FR5-3,FR5-4;FR5-5;NPY-M,1.4811628190493957,0.33053090879737324,False,True
double,162,AGUA-M;FR4-3;FR5-2,FR4-1;FR5-1;FR5-4,FR5-3;FR5-5;NPY-M,1.5851163705282056,0.34570908182764404,False,True
double,163,AGUA-M;FR4-3;FR5-2,FR4-1;FR5-1;FR5-5,FR5-3;FR5-4;NPY-M,2.613680727906098,0.46559126793821076,False,True
double,164,AGUA-M;FR4-3;FR5-2,FR4-1;FR5-1;NPY-M,FR5-3;FR5-4;FR5-5,1.7858497775238125,0.3731520755020035,False,True
double,165,AGUA-M;FR4-3;FR5-2,FR4-1;FR5-3;FR5-4,FR5-1;FR5-5;NPY-M,1.3064730184636173,0.30337424915057665,False,True
double,166,AGUA-M;FR4-3;FR5-2,FR4-1;FR5-3;FR5-5,FR5-1;FR5-4;NPY-M,1.7647123983036652,0.3703712314161792,False,True
double,167,AGUA-M;FR4-3;FR5-2,FR4-1;FR5-3;NPY-M,FR5-1;FR5-4;FR5-5,1.3143794467843273,0.304650868797362,False,True
double,168,AGUA-M;FR4-3;FR5-2,FR4-1;FR5-4;FR5-5,FR5-1;FR5-3;NPY-M,2.7429398578216766,0.4776194641993145,False,True
double,169,AGUA-M;FR4-3;FR5-2,FR4-1;FR5-4;NPY-M,FR5-1;FR5-3;FR5-5,1.450043544841014,0.32584929343490715,False,True
double,170,AGUA-M;FR4-3;FR5-2,FR4-1;FR5-5;NPY-M,FR5-1;FR5-3;FR5-4,2.5561475831209686,0.46005753894772233,False,True
double,171,AGUA-M;FR4-3;FR5-2,FR5-1;FR5-3;FR5-4,FR4-1;FR5-5;NPY-M,2.5561475831209686,0.46005753894772233,False,True
double,172,AGUA-M;FR4-3;FR5-2,FR5-1;FR5-3;FR5-5,FR4-1;FR5-4;NPY-M,1.4500435448410136,0.32584929343490715,False,True
double,173,AGUA-M;FR4-3;FR5-2,FR5-1;FR5-3;NPY-M,FR4-1;FR5-4;FR5-5,2.7429398578216775,0.4776194641993146,False,True
double,174,AGUA-M;FR4-3;FR5-2,FR5-1;FR5-4;FR5-5,FR4-1;FR5-3;NPY-M,1.3143794467843273,0.304650868797362,False,True
double,175,AGUA-M;FR4-3;FR5-2,FR5-1;FR5-4;NPY-M,FR4-1;FR5-3;FR5-5,1.7647123983036652,0.3703712314161792,False,True
double,176,AGUA-M;FR4-3;FR5-2,FR5-1;FR5-5;NPY-M,FR4-1;FR5-3;FR5-4,1.3064730184636173,0.30337424915057665,False,True
double,177,AGUA-M;FR4-3;FR5-2,FR5-3;FR5-4;FR5-5,FR4-1;FR5-1;NPY-M,1.7858497775238125,0.3731520755020035,False,True
double,178,AGUA-M;FR4-3;FR5-2,FR5-3;FR5-4;NPY-M,FR4-1;FR5-1;FR5-5,2.613680727906097,0.46559126793821065,False,True
double,179,AGUA-M;FR4-3;FR5-2,FR5-3;FR5-5;NPY-M,FR4-1;FR5-1;FR5-4,1.5851163705282056,0.34570908182764404,False,True
double,180,AGUA-M;FR4-3;FR5-2,FR5-4;FR5-5;NPY-M,FR4-1;FR5-1;FR5-3,1.4811628190493955,0.3305309087973731,False,True
double,181,AGUA-M;FR4-3;FR5-3,FR4-1;FR5-1;FR5-2,FR5-4;FR5-5;NPY-M,1.1258863053933437,0.2728835023693186,False,True
double,182,AGUA-M;FR4-3;FR5-3,FR4-1;FR5-1;FR5-4,FR5-2;FR5-5;NPY-M,0.6771329601682226,0.18414698829308715,False,False
double,183,AGUA-M;FR4-3;FR5-3,FR4-1;FR5-1;FR5-5,FR5-2;FR5-4;NPY-M,0.6114275043468609,0.16930355201950528,False,False
double,184,AGUA-M;FR4-3;FR5-3,FR4-1;FR5-1;NPY-M,FR5-2;FR5-4;FR5-5,0.6955143870272882,0.18820502755146018,False,False
double,185,AGUA-M;FR4-3;FR5-3,FR4-1;FR5-2;FR5-4,FR5-1;FR5-5;NPY-M,0.8874300705711182,0.22828193805702138,False,False
double,186,AGUA-M;FR4-3;FR5-3,FR4-1;FR5-2;FR5-5,FR5-1;FR5-4;NPY-M,2.2631998406553717,0.43000454270677263,False,True
double,187,AGUA-M;FR4-3;FR5-3,FR4-1;FR5-2;NPY-M,FR5-1;FR5-4;FR5-5,1.0157605866091626,0.25294351211979316,False,True
double,188,AGUA-M;FR4-3;FR5-3,FR4-1;FR5-4;FR5-5,FR5-1;FR5-2;NPY-M,0.7442743163077349,0.19877665294610972,False,False
double,189,AGUA-M;FR4-3;FR5-3,FR4-1;FR5-4;NPY-M,FR5-1;FR5-2;FR5-5,0.5644149491493781,0.15834715014986447,False,False
double,190,AGUA-M;FR4-3;FR5-3,FR4-1;FR5-5;NPY-M,FR5-1;FR5-2;FR5-4,0.5622251948740407,0.15782977327853098,False,False
double,191,AGUA-M;FR4-3;FR5-3,FR5-1;FR5-2;FR5-4,FR4-1;FR5-5;NPY-M,0.5622251948740407,0.15782977327853098,False,False
double,192,AGUA-M;FR4-3;FR5-3,FR5-1;FR5-2;FR5-5,FR4-1;FR5-4;NPY-M,0.5644149491493781,0.15834715014986447,False,False
double,193,AGUA-M;FR4-3;FR5-3,FR5-1;FR5-2;NPY-M,FR4-1;FR5-4;FR5-5,0.7442743163077349,0.19877665294610972,False,False
double,194,AGUA-M;FR4-3;FR5-3,FR5-1;FR5-4;FR5-5,FR4-1;FR5-2;NPY-M,1.0157605866091626,0.25294351211979316,False,True
double,195,AGUA-M;FR4-3;FR5-3,FR5-1;FR5-4;NPY-M,FR4-1;FR5-2;FR5-5,2.2631998406553717,0.43000454270677263,False,True
double,196,AGUA-M;FR4-3;FR5-3,FR5-1;FR5-5;NPY-M,FR4-1;FR5-2;FR5-4,0.8874300705711182,0.22828193805702138,False,False
double,197,AGUA-M;FR4-3;FR5-3,FR5-2;FR5-4;FR5-5,FR4-1;FR5-1;NPY-M,0.6955143870272882,0.18820502755146018,False,False
double,198,AGUA-M;FR4-3;FR5-3,FR5-2;FR5-4;NPY-M,FR4-1;FR5-1;FR5-5,0.6114275043468609,0.16930355201950528,False,False
double,199,AGUA-M;FR4-3;FR5-3,FR5-2;FR5-5;NPY-M,FR4-1;FR5-1;FR5-4,0.6771329601682226,0.18414698829308715,False,False
double,200,AGUA-M;FR4-3;FR5-3,FR5-4;FR5-5;NPY-M,FR4-1;FR5-1;FR5-2,1.125886305393344,0.27288350236931863,False,True
double,201,AGUA-M;FR4-3;FR5-4,FR4-1;FR5-1;FR5-2,FR5-3;FR5-5;NPY-M,1.046512516982484,0.25862085254659645,False,True
double,202,AGUA-M;FR4-3;FR5-4,FR4-1;FR5-1;FR5-3,FR5-2;FR5-5;NPY-M,0.5490617313705136,0.15470616544009416,False,False
double,203,AGUA-M;FR4-3;FR5-4,FR4-1;FR5-1;FR5-5,FR5-2;FR5-3;NPY-M,0.5965627894854602,0.16587025568676558,False,False
double,204,AGUA-M;FR4-3;FR5-4,FR4-1;FR5-1;NPY-M,FR5-2;FR5-3;FR5-5,0.4954720761749846,0.14174682714592543,False,False
double,205,AGUA-M;FR4-3;FR5-4,FR4-1;FR5-2;FR5-3,FR5-1;FR5-5;NPY-M,0.5869525554247667,0.1636354388175786,False,False
double,206,AGUA-M;FR4-3;FR5-4,FR4-1;FR5-2;FR5-5,FR5-1;FR5-3;NPY-M,2.5738970082565875,0.46177692276048266,False,True
double,207,AGUA-M;FR4-3;FR5-4,FR4-1;FR5-2;NPY-M,FR5-1;FR5-3;FR5-5,0.9561708392282944,0.2416909881007082,False,True
double,208,AGUA-M;FR4-3;FR5-4,FR4-1;FR5-3;FR5-5,FR5-1;FR5-2;NPY-M,0.4219262441912556,0.1233008002166845,False,False
double,209,AGUA-M;FR4-3;FR5-4,FR4-1;FR5-3;NPY-M,FR5-1;FR5-2;FR5-5,0.4320866756612996,0.1258962014932343,False,False
double,210,AGUA-M;FR4-3;FR5-4,FR4-1;FR5-5;NPY-M,FR5-1;FR5-2;FR5-3,0.5604361602988638,0.1574066027494285,False,False
double,211,AGUA-M;FR4-3;FR5-4,FR5-1;FR5-2;FR5-3,FR4-1;FR5-5;NPY-M,0.5604361602988637,0.15740660274942847,False,False
double,212,AGUA-M;FR4-3;FR5-4,FR5-1;FR5-2;FR5-5,FR4-1;FR5-3;NPY-M,0.4320866756612996,0.1258962014932343,False,False
double,213,AGUA-M;FR4-3;FR5-4,FR5-1;FR5-2;NPY-M,FR4-1;FR5-3;FR5-5,0.4219262441912556,0.1233008002166845,False,False
double,214,AGUA-M;FR4-3;FR5-4,FR5-1;FR5-3;FR5-5,FR4-1;FR5-2;NPY-M,0.9561708392282946,0.24169098810070824,False,True
double,215,AGUA-M;FR4-3;FR5-4,FR5-1;FR5-3;NPY-M,FR4-1;FR5-2;FR5-5,2.5738970082565875,0.46177692276048266,False,True
double,216,AGUA-M;FR4-3;FR5-4,FR5-1;FR5-5;NPY-M,FR4-1;FR5-2;FR5-3,0.5869525554247667,0.1636354388175786,False,False
double,217,AGUA-M;FR4-3;FR5-4,FR5-2;FR5-3;FR5-5,FR4-1;FR5-1;NPY-M,0.49547207617498457,0.1417468271459254,False,False
double,218,AGUA-M;FR4-3;FR5-4,FR5-2;FR5-3;NPY-M,FR4-1;FR5-1;FR5-5,0.5965627894854602,0.16587025568676558,False,False
double,219,AGUA-M;FR4-3;FR5-4,FR5-2;FR5-5;NPY-M,FR4-1;FR5-1;FR5-3,0.5490617313705137,0.15470616544009416,False,False
double,220,AGUA-M;FR4-3;FR5-4,FR5-3;FR5-5;NPY-M,FR4-1;FR5-1;FR5-2,1.046512516982484,0.25862085254659645,False,True
double,221,AGUA-M;FR4-3;FR5-5,FR4-1;FR5-1;FR5-2,FR5-3;FR5-4;NPY-M,2.1510106343869015,0.4175900201073698,False,True
double,222,AGUA-M;FR4-3;FR5-5,FR4-1;FR5-1;FR5-3,FR5-2;FR5-4;NPY-M,0.6538565771085745,0.1789497106167189,False,False
double,223,AGUA-M;FR4-3;FR5-5,FR4-1;FR5-1;FR5-4,FR5-2;FR5-3;NPY-M,0.7733819363334656,0.20495723713697223,False,False
double,224,AGUA-M;FR4-3;FR5-5,FR4-1;FR5-1;NPY-M,FR5-2;FR5-3;FR5-4,0.7481072243399798,0.19959600394615637,False,False
double,225,AGUA-M;FR4-3;FR5-5,FR4-1;FR5-2;FR5-3,FR5-1;FR5-4;NPY-M,1.262344486930874,0.2961620044558699,False,True
double,226,AGUA-M;FR4-3;FR5-5,FR4-1;FR5-2;FR5-4,FR5-1;FR5-3;NPY-M,1.938929183717756,0.3925808837490227,False,True
double,227,AGUA-M;FR4-3;FR5-5,FR4-1;FR5-2;NPY-M,FR5-1;FR5-3;FR5-4,2.06605447198567,0.4078231853626058,False,True
double,228,AGUA-M;FR4-3;FR5-5,FR4-1;FR5-3;FR5-4,FR5-1;FR5-2;NPY-M,0.6983633746969053,0.18883038358937318,False,False
double,229,AGUA-M;FR4-3;FR5-5,FR4-1;FR5-3;NPY-M,FR5-1;FR5-2;FR5-4,0.5599974888735354,0.1573027763709832,False,False
double,230,AGUA-M;FR4-3;FR5-5,FR4-1;FR5-4;NPY-M,FR5-1;FR5-2;FR5-3,0.7006452095208381,0.18933055449851086,False,False
double,231,AGUA-M;FR4-3;FR5-5,FR5-1;FR5-2;FR5-3,FR4-1;FR5-4;NPY-M,0.7006452095208381,0.18933055449851086,False,False
double,232,AGUA-M;FR4-3;FR5-5,FR5-1;FR5-2;FR5-4,FR4-1;FR5-3;NPY-M,0.5599974888735354,0.1573027763709832,False,False
double,233,AGUA-M;FR4-3;FR5-5,FR5-1;FR5-2;NPY-M,FR4-1;FR5-3;FR5-4,0.6983633746969053,0.18883038358937318,False,False
double,234,AGUA-M;FR4-3;FR5-5,FR5-1;FR5-3;FR5-4,FR4-1;FR5-2;NPY-M,2.06605447198567,0.4078231853626058,False,True
double,235,AGUA-M;FR4-3;FR5-5,FR5-1;FR5-3;NPY-M,FR4-1;FR5-2;FR5-4,1.938929183717756,0.3925808837490227,False,True
double,236,AGUA-M;FR4-3;FR5-5,FR5-1;FR5-4;NPY-M,FR4-1;FR5-2;FR5-3,1.262344486930874,0.2961620044558699,False,True
double,237,AGUA-M;FR4-3;FR5-5,FR5-2;FR5-3;FR5-4,FR4-1;FR5-1;NPY-M,0.7481072243399798,0.19959600394615637,False,False
double,238,AGUA-M;FR4-3;FR5-5,FR5-2;FR5-3;NPY-M,FR4-1;FR5-1;FR5-4,0.7733819363334656,0.20495723713697223,False,False
double,239,AGUA-M;FR4-3;FR5-5,FR5-2;FR5-4;NPY-M,FR4-1;FR5-1;FR5-3,0.6538565771085744,0.17894971061671885,False,False
double,240,AGUA-M;FR4-3;FR5-5,FR5-3;FR5-4;NPY-M,FR4-1;FR5-1;FR5-2,2.1510106343869015,0.4175900201073698,False,True
double,241,AGUA-M;FR4-3;NPY-M,FR4-1;FR5-1;FR5-2,FR5-3;FR5-4;FR5-5,1.037667173689959,0.25699670850820816,False,True
double,242,AGUA-M;FR4-3;NPY-M,FR4-1;FR5-1;FR5-3,FR5-2;FR5-4;FR5-5,0.4470755942526205,0.12969706698571937,False,False
double,243,AGUA-M;FR4-3;NPY-M,FR4-1;FR5-1;FR5-4,FR5-2;FR5-3;FR5-5,0.38096622411763886,0.11267968943317766,False,False
double,244,AGUA-M;FR4-3;NPY-M,FR4-1;FR5-1;FR5-5,FR5-2;FR5-3;FR5-4,0.45400031090743953,0.13144188478320198,False,False
double,245,AGUA-M;FR4-3;NPY-M,FR4-1;FR5-2;FR5-3,FR5-1;FR5-4;FR5-5,0.5249666066671771,0.14892810776540324,False,False
double,246,AGUA-M;FR4-3;NPY-M,FR4-1;FR5-2;FR5-4,FR5-1;FR5-3;FR5-5,0.7609164501246288,0.20232208298576101,False,False
double,247,AGUA-M;FR4-3;NPY-M,FR4-1;FR5-2;FR5-5,FR5-1;FR5-3;FR5-4,2.334758963582189,0.4376503192591185,False,True
double,248,AGUA-M;FR4-3;NPY-M,FR4-1;FR5-3;FR5-4,FR5-1;FR5-2;FR5-5,0.3704542082250461,0.10991225079427361,False,False
double,249,AGUA-M;FR4-3;NPY-M,FR4-1;FR5-3;FR5-5,FR5-1;FR5-2;FR5-4,0.2460128547558428,0.0757892422993338,False,False
double,250,AGUA-M;FR4-3;NPY-M,FR4-1;FR5-4;FR5-5,FR5-1;FR5-2;FR5-3,0.5329111110817983,0.15084192449965655,False,False
double,251,AGUA-M;FR4-3;NPY-M,FR5-1;FR5-2;FR5-3,FR4-1;FR5-4;FR5-5,0.5329111110817982,0.15084192449965653,False,False
double,252,AGUA-M;FR4-3;NPY-M,FR5-1;FR5-2;FR5-4,FR4-1;FR5-3;FR5-5,0.24601285475584278,0.0757892422993338,False,False
double,253,AGUA-M;FR4-3;NPY-M,FR5-1;FR5-2;FR5-5,FR4-1;FR5-3;FR5-4,0.3704542082250461,0.10991225079427361,False,False
double,254,AGUA-M;FR4-3;NPY-M,FR5-1;FR5-3;FR5-4,FR4-1;FR5-2;FR5-5,2.334758963582189,0.4376503192591185,False,True
double,255,AGUA-M;FR4-3;NPY-M,FR5-1;FR5-3;FR5-5,FR4-1;FR5-2;FR5-4,0.7609164501246288,0.20232208298576101,False,False
double,256,AGUA-M;FR4-3;NPY-M,FR5-1;FR5-4;FR5-5,FR4-1;FR5-2;FR5-3,0.5249666066671771,0.14892810776540324,False,False
double,257,AGUA-M;FR4-3;NPY-M,FR5-2;FR5-3;FR5-4,FR4-1;FR5-1;FR5-5,0.45400031090743953,0.13144188478320198,False,False
double,258,AGUA-M;FR4-3;NPY-M,FR5-2;FR5-3;FR5-5,FR4-1;FR5-1;FR5-4,0.3809662241176388,0.11267968943317763,False,False
double,259,AGUA-M;FR4-3;NPY-M,FR5-2;FR5-4;FR5-5,FR4-1;FR5-1;FR5-3,0.4470755942526205,0.12969706698571937,False,False
double,260,AGUA-M;FR4-3;NPY-M,FR5-3;FR5-4;FR5-5,FR4-1;FR5-1;FR5-2,1.037667173689959,0.25699670850820816,False,True
double,261,AGUA-M;FR5-1;FR5-2,FR4-1;FR4-3;FR5-3,FR5-4;FR5-5;NPY-M,0.961713826477439,0.24275196760805604,False,True
double,262,AGUA-M;FR5-1;FR5-2,FR4-1;FR4-3;FR5-4,FR5-3;FR5-5;NPY-M,1.2713196514840384,0.297640952964578,False,True
double,263,AGUA-M;FR5-1;FR5-2,FR4-1;FR4-3;FR5-5,FR5-3;FR5-4;NPY-M,2.731054011443422,0.4765360797490686,False,True
double,264,AGUA-M;FR5-1;FR5-2,FR4-1;FR4-3;NPY-M,FR5-3;FR5-4;FR5-5,1.300528904856626,0.30241138558281216,False,True
double,265,AGUA-M;FR5-1;FR5-2,FR4-1;FR5-3;FR5-4,FR4-3;FR5-5;NPY-M,0.42733592918255603,0.12468457659604984,False,False
double,266,AGUA-M;FR5-1;FR5-2,FR4-1;FR5-3;FR5-5,FR4-3;FR5-4;NPY-M,0.45888556889474025,0.13266861818772846,False,False
double,267,AGUA-M;FR5-1;FR5-2,FR4-1;FR5-3;NPY-M,FR4-3;FR5-4;FR5-5,0.5237478884319131,0.1486337572989604,False,False
double,268,AGUA-M;FR5-1;FR5-2,FR4-1;FR5-4;FR5-5,FR4-3;FR5-3;NPY-M,0.7509660549524386,0.20020603864461275,False,False
double,269,AGUA-M;FR5-1;FR5-2,FR4-1;FR5-4;NPY-M,FR4-3;FR5-3;FR5-5,0.44875698194340374,0.13012136961025458,False,False
double,270,AGUA-M;FR5-1;FR5-2,FR4-1;FR5-5;NPY-M,FR4-3;FR5-3;FR5-4,0.7750886466888889,0.20531667444914578,False,False
double,271,AGUA-M;FR5-1;FR5-2,FR4-3;FR5-3;FR5-4,FR4-1;FR5-5;NPY-M,0.7750886466888889,0.20531667444914578,False,False
double,272,AGUA-M;FR5-1;FR5-2,FR4-3;FR5-3;FR5-5,FR4-1;FR5-4;NPY-M,0.44875698194340374,0.13012136961025458,False,False
double,273,AGUA-M;FR5-1;FR5-2,FR4-3;FR5-3;NPY-M,FR4-1;FR5-4;FR5-5,0.7509660549524386,0.20020603864461275,False,False
double,274,AGUA-M;FR5-1;FR5-2,FR4-3;FR5-4;FR5-5,FR4-1;FR5-3;NPY-M,0.5237478884319131,0.1486337572989604,False,False
double,275,AGUA-M;FR5-1;FR5-2,FR4-3;FR5-4;NPY-M,FR4-1;FR5-3;FR5-5,0.45888556889474025,0.13266861818772846,False,False
double,276,AGUA-M;FR5-1;FR5-2,FR4-3;FR5-5;NPY-M,FR4-1;FR5-3;FR5-4,0.42733592918255603,0.12468457659604984,False,False
double,277,AGUA-M;FR5-1;FR5-2,FR5-3;FR5-4;FR5-5,FR4-1;FR4-3;NPY-M,1.3005289048566258,0.3024113855828121,False,True
double,278,AGUA-M;FR5-1;FR5-2,FR5-3;FR5-4;NPY-M,FR4-1;FR4-3;FR5-5,2.731054011443422,0.4765360797490686,False,True
double,279,AGUA-M;FR5-1;FR5-2,FR5-3;FR5-5;NPY-M,FR4-1;FR4-3;FR5-4,1.2713196514840384,0.297640952964578,False,True
double,280,AGUA-M;FR5-1;FR5-2,FR5-4;FR5-5;NPY-M,FR4-1;FR4-3;FR5-3,0.961713826477439,0.24275196760805604,False,True
double,281,AGUA-M;FR5-1;FR5-3,FR4-1;FR4-3;FR5-2,FR5-4;FR5-5;NPY-M,3.4449458428767037,0.5345189745363401,False,True
double,282,AGUA-M;FR5-1;FR5-3,FR4-1;FR4-3;FR5-4,FR5-2;FR5-5;NPY-M,1.3527848937408884,0.3107860661081905,False,True
double,283,AGUA-M;FR5-1;FR5-3,FR4-1;FR4-3;FR5-5,FR5-2;FR5-4;NPY-M,1.6508424270326687,0.3549555705085325,False,True
double,284,AGUA-M;FR5-1;FR5-3,FR4-1;FR4-3;NPY-M,FR5-2;FR5-4;FR5-5,1.2383150548495816,0.2921715443104382,False,True
double,285,AGUA-M;FR5-1;FR5-3,FR4-1;FR5-2;FR5-4,FR4-3;FR5-5;NPY-M,0.8674719075332544,0.22429947218066393,False,False
double,286,AGUA-M;FR5-1;FR5-3,FR4-1;FR5-2;FR5-5,FR4-3;FR5-4;NPY-M,1.7394048972271976,0.36700913615649117,False,True
double,287,AGUA-M;FR5-1;FR5-3,FR4-1;FR5-2;NPY-M,FR4-3;FR5-4;FR5-5,1.118806180605636,0.271633607299561,False,True
double,288,AGUA-M;FR5-1;FR5-3,FR4-1;FR5-4;FR5-5,FR4-3;FR5-2;NPY-M,1.1139714957125129,0.2707776407477467,False,True
double,289,AGUA-M;FR5-1;FR5-3,FR4-1;FR5-4;NPY-M,FR4-3;FR5-2;FR5-5,1.3606783311488442,0.3120336396815507,False,True
double,290,AGUA-M;FR5-1;FR5-3,FR4-1;FR5-5;NPY-M,FR4-3;FR5-2;FR5-4,1.0133957632745472,0.2525033221362932,False,True
double,291,AGUA-M;FR5-1;FR5-3,FR4-3;FR5-2;FR5-4,FR4-1;FR5-5;NPY-M,1.0133957632745474,0.25250332213629323,False,True
double,292,AGUA-M;FR5-1;FR5-3,FR4-3;FR5-2;FR5-5,FR4-1;FR5-4;NPY-M,1.360678331148844,0.3120336396815506,False,True
double,293,AGUA-M;FR5-1;FR5-3,FR4-3;FR5-2;NPY-M,FR4-1;FR5-4;FR5-5,1.1139714957125129,0.2707776407477467,False,True
double,294,AGUA-M;FR5-1;FR5-3,FR4-3;FR5-4;FR5-5,FR4-1;FR5-2;NPY-M,1.118806180605636,0.271633607299561,False,True
double,295,AGUA-M;FR5-1;FR5-3,FR4-3;FR5-4;NPY-M,FR4-1;FR5-2;FR5-5,1.7394048972271978,0.3670091361564912,False,True
double,296,AGUA-M;FR5-1;FR5-3,FR4-3;FR5-5;NPY-M,FR4-1;FR5-2;FR5-4,0.8674719075332544,0.22429947218066393,False,False
double,297,AGUA-M;FR5-1;FR5-3,FR5-2;FR5-4;FR5-5,FR4-1;FR4-3;NPY-M,1.2383150548495816,0.2921715443104382,False,True
double,298,AGUA-M;FR5-1;FR5-3,FR5-2;FR5-4;NPY-M,FR4-1;FR4-3;FR5-5,1.6508424270326691,0.35495557050853255,False,True
double,299,AGUA-M;FR5-1;FR5-3,FR5-2;FR5-5;NPY-M,FR4-1;FR4-3;FR5-4,1.3527848937408884,0.3107860661081905,False,True
double,300,AGUA-M;FR5-1;FR5-3,FR5-4;FR5-5;NPY-M,FR4-1;FR4-3;FR5-2,3.4449458428767037,0.5345189745363401,False,True
double,301,AGUA-M;FR5-1;FR5-4,FR4-1;FR4-3;FR5-2,FR5-3;FR5-5;NPY-M,2.7752894075239087,0.4805455123873668,False,True
double,302,AGUA-M;FR5-1;FR5-4,FR4-1;FR4-3;FR5-3,FR5-2;FR5-5;NPY-M,0.7590386959547376,0.20192361860269534,False,False
double,303,AGUA-M;FR5-1;FR5-4,FR4-1;FR4-3;FR5-5,FR5-2;FR5-3;NPY-M,1.3592705104660023,0.3118114618495417,False,True
double,304,AGUA-M;FR5-1;FR5-4,FR4-1;FR4-3;NPY-M,FR5-2;FR5-3;FR5-5,0.7783495783238457,0.20600253157865234,False,False
double,305,AGUA-M;FR5-1;FR5-4,FR4-1;FR5-2;FR5-3,FR4-3;FR5-5;NPY-M,0.4088668559515943,0.1199421606149701,False,False
double,306,AGUA-M;FR5-1;FR5-4,FR4-1;FR5-2;FR5-5,FR4-3;FR5-3;NPY-M,1.4076156588328874,0.3193598915576991,False,True
double,307,AGUA-M;FR5-1;FR5-4,FR4-1;FR5-2;NPY-M,FR4-3;FR5-3;FR5-5,0.6628223493973964,0.18095945862797388,False,False
double,308,AGUA-M;FR5-1;FR5-4,FR4-1;FR5-3;FR5-5,FR4-3;FR5-2;NPY-M,0.5527805999690424,0.15559097569207034,False,False
double,309,AGUA-M;FR5-1;FR5-4,FR4-1;FR5-3;NPY-M,FR4-3;FR5-2;FR5-5,0.9467030832434333,0.23987187869866938,False,True
double,310,AGUA-M;FR5-1;FR5-4,FR4-1;FR5-5;NPY-M,FR4-3;FR5-2;FR5-3,0.6260723023559795,0.17265852695468856,False,False
double,311,AGUA-M;FR5-1;FR5-4,FR4-3;FR5-2;FR5-3,FR4-1;FR5-5;NPY-M,0.6260723023559795,0.17265852695468856,False,False
double,312,AGUA-M;FR5-1;FR5-4,FR4-3;FR5-2;FR5-5,FR4-1;FR5-3;NPY-M,0.9467030832434333,0.23987187869866938,False,True
double,313,AGUA-M;FR5-1;FR5-4,FR4-3;FR5-2;NPY-M,FR4-1;FR5-3;FR5-5,0.5527805999690424,0.15559097569207034,False,False
double,314,AGUA-M;FR5-1;FR5-4,FR4-3;FR5-3;FR5-5,FR4-1;FR5-2;NPY-M,0.6628223493973965,0.18095945862797394,False,False
double,315,AGUA-M;FR5-1;FR5-4,FR4-3;FR5-3;NPY-M,FR4-1;FR5-2;FR5-5,1.4076156588328874,0.3193598915576991,False,True
double,316,AGUA-M;FR5-1;FR5-4,FR4-3;FR5-5;NPY-M,FR4-1;FR5-2;FR5-3,0.4088668559515943,0.1199421606149701,False,False
double,317,AGUA-M;FR5-1;FR5-4,FR5-2;FR5-3;FR5-5,FR4-1;FR4-3;NPY-M,0.7783495783238457,0.20600253157865234,False,False
double,318,AGUA-M;FR5-1;FR5-4,FR5-2;FR5-3;NPY-M,FR4-1;FR4-3;FR5-5,1.3592705104660023,0.3118114618495417,False,True
double,319,AGUA-M;FR5-1;FR5-4,FR5-2;FR5-5;NPY-M,FR4-1;FR4-3;FR5-3,0.7590386959547376,0.20192361860269534,False,False
double,320,AGUA-M;FR5-1;FR5-4,FR5-3;FR5-5;NPY-M,FR4-1;FR4-3;FR5-2,2.77528940752391,0.4805455123873669,False,True
double,321,AGUA-M;FR5-1;FR5-5,FR4-1;FR4-3;FR5-2,FR5-3;FR5-4;NPY-M,4.151400329549948,0.5805017392742162,False,True
double,322,AGUA-M;FR5-1;FR5-5,FR4-1;FR4-3;FR5-3,FR5-2;FR5-4;NPY-M,0.60210747683199,0.16715422310539613,False,False
double,323,AGUA-M;FR5-1;FR5-5,FR4-1;FR4-3;FR5-4,FR5-2;FR5-3;NPY-M,0.910693127641587,0.2328725619519005,False,False
double,324,AGUA-M;FR5-1;FR5-5,FR4-1;FR4-3;NPY-M,FR5-2;FR5-3;FR5-4,0.7728197479412134,0.20483876770495932,False,False
double,325,AGUA-M;FR5-1;FR5-5,FR4-1;FR5-2;FR5-3,FR4-3;FR5-4;NPY-M,0.46597562314895924,0.13444284490541344,False,False
double,326,AGUA-M;FR5-1;FR5-5,FR4-1;FR5-2;FR5-4,FR4-3;FR5-3;NPY-M,0.7089737060152569,0.19115091187231525,False,False
double,327,AGUA-M;FR5-1;FR5-5,FR4-1;FR5-2;NPY-M,FR4-3;FR5-3;FR5-4,0.8913825601890206,0.22906577454202356,False,False
double,328,AGUA-M;FR5-1;FR5-5,FR4-1;FR5-3;FR5-4,FR4-3;FR5-2;NPY-M,0.5804120742075809,0.1621076183908351,False,False
double,329,AGUA-M;FR5-1;FR5-5,FR4-1;FR5-3;NPY-M,FR4-3;FR5-2;FR5-4,0.5429691329511989,0.15325257222857036,False,False
double,330,AGUA-M;FR5-1;FR5-5,FR4-1;FR5-4;NPY-M,FR4-3;FR5-2;FR5-3,0.5111107732308309,0.14556953802984698,False,False
double,331,AGUA-M;FR5-1;FR5-5,FR4-3;FR5-2;FR5-3,FR4-1;FR5-4;NPY-M,0.5111107732308309,0.14556953802984698,False,False
double,332,AGUA-M;FR5-1;FR5-5,FR4-3;FR5-2;FR5-4,FR4-1;FR5-3;NPY-M,0.5429691329511989,0.15325257222857036,False,False
double,333,AGUA-M;FR5-1;FR5-5,FR4-3;FR5-2;NPY-M,FR4-1;FR5-3;FR5-4,0.5804120742075809,0.1621076183908351,False,False
double,334,AGUA-M;FR5-1;FR5-5,FR4-3;FR5-3;FR5-4,FR4-1;FR5-2;NPY-M,0.8913825601890206,0.22906577454202356,False,False
double,335,AGUA-M;FR5-1;FR5-5,FR4-3;FR5-3;NPY-M,FR4-1;FR5-2;FR5-4,0.7089737060152569,0.19115091187231525,False,False
double,336,AGUA-M;FR5-1;FR5-5,FR4-3;FR5-4;NPY-M,FR4-1;FR5-2;FR5-3,0.46597562314895935,0.13444284490541347,False,False
double,337,AGUA-M;FR5-1;FR5-5,FR5-2;FR5-3;FR5-4,FR4-1;FR4-3;NPY-M,0.7728197479412134,0.20483876770495932,False,False
double,338,AGUA-M;FR5-1;FR5-5,FR5-2;FR5-3;NPY-M,FR4-1;FR4-3;FR5-4,0.9106931276415869,0.23287256195190048,False,False
double,339,AGUA-M;FR5-1;FR5-5,FR5-2;FR5-4;NPY-M,FR4-1;FR4-3;FR5-3,0.60210747683199,0.16715422310539613,False,False
double,340,AGUA-M;FR5-1;FR5-5,FR5-3;FR5-4;NPY-M,FR4-1;FR4-3;FR5-2,4.151400329549948,0.5805017392742162,False,True
double,341,AGUA-M;FR5-1;NPY-M,FR4-1;FR4-3;FR5-2,FR5-3;FR5-4;FR5-5,3.0191883225242577,0.5015939294051038,False,True
double,342,AGUA-M;FR5-1;NPY-M,FR4-1;FR4-3;FR5-3,FR5-2;FR5-4;FR5-5,0.7480654416652115,0.19958708120444577,False,False
double,343,AGUA-M;FR5-1;NPY-M,FR4-1;FR4-3;FR5-4,FR5-2;FR5-3;FR5-5,0.8574319682541665,0.2222805159781551,False,False
double,344,AGUA-M;FR5-1;NPY-M,FR4-1;FR4-3;FR5-5,FR5-2;FR5-3;FR5-4,1.2860550393486643,0.3000556520021034,False,True
double,345,AGUA-M;FR5-1;NPY-M,FR4-1;FR5-2;FR5-3,FR4-3;FR5-4;FR5-5,0.5318215127085365,0.1505799516750452,False,False
double,346,AGUA-M;FR5-1;NPY-M,FR4-1;FR5-2;FR5-4,FR4-3;FR5-3;FR5-5,0.5896465171013816,0.16426311456915196,False,False
double,347,AGUA-M;FR5-1;NPY-M,FR4-1;FR5-2;FR5-5,FR4-3;FR5-3;FR5-4,1.5494415807146529,0.3405784101685855,False,True
double,348,AGUA-M;FR5-1;NPY-M,FR4-1;FR5-3;FR5-4,FR4-3;FR5-2;FR5-5,0.9817396837080877,0.24656048905583394,False,True
double,349,AGUA-M;FR5-1;NPY-M,FR4-1;FR5-3;FR5-5,FR4-3;FR5-2;FR5-4,0.5436888279273504,0.15342453988697016,False,False
double,350,AGUA-M;FR5-1;NPY-M,FR4-1;FR5-4;FR5-5,FR4-3;FR5-2;FR5-3,0.6980717220009538,0.18876640976104186,False,False
double,351,AGUA-M;FR5-1;NPY-M,FR4-3;FR5-2;FR5-3,FR4-1;FR5-4;FR5-5,0.6980717220009537,0.18876640976104184,False,False
double,352,AGUA-M;FR5-1;NPY-M,FR4-3;FR5-2;FR5-4,FR4-1;FR5-3;FR5-5,0.5436888279273503,0.15342453988697016,False,False
double,353,AGUA-M;FR5-1;NPY-M,FR4-3;FR5-2;FR5-5,FR4-1;FR5-3;FR5-4,0.9817396837080877,0.24656048905583394,False,True
double,354,AGUA-M;FR5-1;NPY-M,FR4-3;FR5-3;FR5-4,FR4-1;FR5-2;FR5-5,1.5494415807146529,0.3405784101685855,False,True
double,355,AGUA-M;FR5-1;NPY-M,FR4-3;FR5-3;FR5-5,FR4-1;FR5-2;FR5-4,0.5896465171013815,0.16426311456915196,False,False
double,356,AGUA-M;FR5-1;NPY-M,FR4-3;FR5-4;FR5-5,FR4-1;FR5-2;FR5-3,0.5318215127085366,0.15057995167504523,False,False
double,357,AGUA-M;FR5-1;NPY-M,FR5-2;FR5-3;FR5-4,FR4-1;FR4-3;FR5-5,1.2860550393486643,0.3000556520021034,False,True
double,358,AGUA-M;FR5-1;NPY-M,FR5-2;FR5-3;FR5-5,FR4-1;FR4-3;FR5-4,0.8574319682541663,0.22228051597815507,False,False
double,359,AGUA-M;FR5-1;NPY-M,FR5-2;FR5-4;FR5-5,FR4-1;FR4-3;FR5-3,0.7480654416652117,0.19958708120444582,False,False
double,360,AGUA-M;FR5-1;NPY-M,FR5-3;FR5-4;FR5-5,FR4-1;FR4-3;FR5-2,3.0191883225242577,0.5015939294051038,False,True
double,361,AGUA-M;FR5-2;FR5-3,FR4-1;FR4-3;FR5-1,FR5-4;FR5-5;NPY-M,1.4153887374777632,0.3205581255992166,False,True
double,362,AGUA-M;FR5-2;FR5-3,FR4-1;FR4-3;FR5-4,FR5-1;FR5-5;NPY-M,1.1806785514838647,0.2824131386673586,False,True
double,363,AGUA-M;FR5-2;FR5-3,FR4-1;FR4-3;FR5-5,FR5-1;FR5-4;NPY-M,2.308472351433375,0.43486566352936723,False,True
double,364,AGUA-M;FR5-2;FR5-3,FR4-1;FR4-3;NPY-M,FR5-1;FR5-4;FR5-5,1.1328028490420357,0.2741003842718058,False,True
double,365,AGUA-M;FR5-2;FR5-3,FR4-1;FR5-1;FR5-4,FR4-3;FR5-5;NPY-M,0.5368666264451296,0.15179159497589792,False,False
double,366,AGUA-M;FR5-2;FR5-3,FR4-1;FR5-1;FR5-5,FR4-3;FR5-4;NPY-M,0.6864920570763506,0.1862182384900586,False,False
double,367,AGUA-M;FR5-2;FR5-3,FR4-1;FR5-1;NPY-M,FR4-3;FR5-4;FR5-5,0.6983341001518215,0.18882396269259558,False,False
double,368,AGUA-M;FR5-2;FR5-3,FR4-1;FR5-4;FR5-5,FR4-3;FR5-1;NPY-M,0.7937934749446153,0.20923476203622382,False,False
double,369,AGUA-M;FR5-2;FR5-3,FR4-1;FR5-4;NPY-M,FR4-3;FR5-1;FR5-5,0.5398627217677351,0.15250950791056062,False,False
double,370,AGUA-M;FR5-2;FR5-3,FR4-1;FR5-5;NPY-M,FR4-3;FR5-1;FR5-4,0.7559259630197754,0.20126221082696977,False,False
double,371,AGUA-M;FR5-2;FR5-3,FR4-3;FR5-1;FR5-4,FR4-1;FR5-5;NPY-M,0.7559259630197754,0.20126221082696977,False,False
double,372,AGUA-M;FR5-2;FR5-3,FR4-3;FR5-1;FR5-5,FR4-1;FR5-4;NPY-M,0.5398627217677351,0.15250950791056062,False,False
double,373,AGUA-M;FR5-2;FR5-3,FR4-3;FR5-1;NPY-M,FR4-1;FR5-4;FR5-5,0.7937934749446153,0.20923476203622382,False,False
double,374,AGUA-M;FR5-2;FR5-3,FR4-3;FR5-4;FR5-5,FR4-1;FR5-1;NPY-M,0.6983341001518215,0.18882396269259558,False,False
double,375,AGUA-M;FR5-2;FR5-3,FR4-3;FR5-4;NPY-M,FR4-1;FR5-1;FR5-5,0.6864920570763506,0.1862182384900586,False,False
double,376,AGUA-M;FR5-2;FR5-3,FR4-3;FR5-5;NPY-M,FR4-1;FR5-1;FR5-4,0.5368666264451296,0.15179159497589792,False,False
double,377,AGUA-M;FR5-2;FR5-3,FR5-1;FR5-4;FR5-5,FR4-1;FR4-3;NPY-M,1.1328028490420357,0.2741003842718058,False,True
double,378,AGUA-M;FR5-2;FR5-3,FR5-1;FR5-4;NPY-M,FR4-1;FR4-3;FR5-5,2.308472351433375,0.43486566352936723,False,True
double,379,AGUA-M;FR5-2;FR5-3,FR5-1;FR5-5;NPY-M,FR4-1;FR4-3;FR5-4,1.1806785514838647,0.2824131386673586,False,True
double,380,AGUA-M;FR5-2;FR5-3,FR5-4;FR5-5;NPY-M,FR4-1;FR4-3;FR5-1,1.4153887374777632,0.3205581255992166,False,True
double,381,AGUA-M;FR5-2;FR5-4,FR4-1;FR4-3;FR5-1,FR5-3;FR5-5;NPY-M,1.296703656747343,0.3017903398366932,False,True
double,382,AGUA-M;FR5-2;FR5-4,FR4-1;FR4-3;FR5-3,FR5-1;FR5-5;NPY-M,0.7914997062338824,0.20875636754831334,False,False
double,383,AGUA-M;FR5-2;FR5-4,FR4-1;FR4-3;FR5-5,FR5-1;FR5-3;NPY-M,2.577586066578584,0.462132907643276,False,True
double,384,AGUA-M;FR5-2;FR5-4,FR4-1;FR4-3;NPY-M,FR5-1;FR5-3;FR5-5,1.044995037931453,0.25834272431291955,False,True
double,385,AGUA-M;FR5-2;FR5-4,FR4-1;FR5-1;FR5-3,FR4-3;FR5-5;NPY-M,0.4007653570058092,0.11784563618310365,False,False
double,386,AGUA-M;FR5-2;FR5-4,FR4-1;FR5-1;FR5-5,FR4-3;FR5-3;NPY-M,0.6309707437901717,0.1737746702777164,False,False
double,387,AGUA-M;FR5-2;FR5-4,FR4-1;FR5-1;NPY-M,FR4-3;FR5-3;FR5-5,0.4616269609905781,0.1333554904074583,False,False
double,388,AGUA-M;FR5-2;FR5-4,FR4-1;FR5-3;FR5-5,FR4-3;FR5-1;NPY-M,0.4453207010731309,0.12925377336699734,False,False
double,389,AGUA-M;FR5-2;FR5-4,FR4-1;FR5-3;NPY-M,FR4-3;FR5-1;FR5-5,0.39195162159071933,0.11555342331412918,False,False
double,390,AGUA-M;FR5-2;FR5-4,FR4-1;FR5-5;NPY-M,FR4-3;FR5-1;FR5-3,0.7120846211371133,0.19182876841826474,False,False
double,391,AGUA-M;FR5-2;FR5-4,FR4-3;FR5-1;FR5-3,FR4-1;FR5-5;NPY-M,0.7120846211371133,0.19182876841826474,False,False
double,392,AGUA-M;FR5-2;FR5-4,FR4-3;FR5-1;FR5-5,FR4-1;FR5-3;NPY-M,0.39195162159071933,0.11555342331412918,False,False
double,393,AGUA-M;FR5-2;FR5-4,FR4-3;FR5-1;NPY-M,FR4-1;FR5-3;FR5-5,0.4453207010731307,0.1292537733669973,False,False
double,394,AGUA-M;FR5-2;FR5-4,FR4-3;FR5-3;FR5-5,FR4-1;FR5-1;NPY-M,0.4616269609905781,0.1333554904074583,False,False
double,395,AGUA-M;FR5-2;FR5-4,FR4-3;FR5-3;NPY-M,FR4-1;FR5-1;FR5-5,0.6309707437901718,0.17377467027771643,False,False
double,396,AGUA-M;FR5-2;FR5-4,FR4-3;FR5-5;NPY-M,FR4-1;FR5-1;FR5-3,0.4007653570058092,0.11784563618310365,False,False
double,397,AGUA-M;FR5-2;FR5-4,FR5-1;FR5-3;FR5-5,FR4-1;FR4-3;NPY-M,1.044995037931453,0.25834272431291955,False,True
double,398,AGUA-M;FR5-2;FR5-4,FR5-1;FR5-3;NPY-M,FR4-1;FR4-3;FR5-5,2.577586066578584,0.462132907643276,False,True
double,399,AGUA-M;FR5-2;FR5-4,FR5-1;FR5-5;NPY-M,FR4-1;FR4-3;FR5-3,0.7914997062338824,0.20875636754831334,False,False
double,400,AGUA-M;FR5-2;FR5-4,FR5-3;FR5-5;NPY-M,FR4-1;FR4-3;FR5-1,1.296703656747343,0.3017903398366932,False,True
double,401,AGUA-M;FR5-2;FR5-5,FR4-1;FR4-3;FR5-1,FR5-3;FR5-4;NPY-M,3.1228186876949278,0.5100295871852091,False,True
double,402,AGUA-M;FR5-2;FR5-5,FR4-1;FR4-3;FR5-3,FR5-1;FR5-4;NPY-M,1.9224954161168484,0.39055301297434725,False,True
double,403,AGUA-M;FR5-2;FR5-5,FR4-1;FR4-3;FR5-4,FR5-1;FR5-3;NPY-M,2.8994385040740336,0.4914770282073014,False,True
double,404,AGUA-M;FR5-2;FR5-5,FR4-1;FR4-3;NPY-M,FR5-1;FR5-3;FR5-4,2.7006584408081395,0.4737450013625597,False,True
double,405,AGUA-M;FR5-2;FR5-5,FR4-1;FR5-1;FR5-3,FR4-3;FR5-4;NPY-M,0.9506398676170768,0.2406293409352136,False,True
double,406,AGUA-M;FR5-2;FR5-5,FR4-1;FR5-1;FR5-4,FR4-3;FR5-3;NPY-M,1.0657663815281584,0.2621317315156656,False,True
double,407,AGUA-M;FR5-2;FR5-5,FR4-1;FR5-1;NPY-M,FR4-3;FR5-3;FR5-4,1.2238340713699596,0.2897448267831745,False,True
double,408,AGUA-M;FR5-2;FR5-5,FR4-1;FR5-3;FR5-4,FR4-3;FR5-1;NPY-M,0.9685344771183042,0.2440534365274286,False,True
double,409,AGUA-M;FR5-2;FR5-5,FR4-1;FR5-3;NPY-M,FR4-3;FR5-1;FR5-4,0.976143972572234,0.24550015776736328,False,True
double,410,AGUA-M;FR5-2;FR5-5,FR4-1;FR5-4;NPY-M,FR4-3;FR5-1;FR5-3,1.1266768748932838,0.2730227999550897,False,True
double,411,AGUA-M;FR5-2;FR5-5,FR4-3;FR5-1;FR5-3,FR4-1;FR5-4;NPY-M,1.1266768748932838,0.2730227999550897,False,True
double,412,AGUA-M;FR5-2;FR5-5,FR4-3;FR5-1;FR5-4,FR4-1;FR5-3;NPY-M,0.976143972572234,0.24550015776736328,False,True
double,413,AGUA-M;FR5-2;FR5-5,FR4-3;FR5-1;NPY-M,FR4-1;FR5-3;FR5-4,0.9685344771183042,0.2440534365274286,False,True
double,414,AGUA-M;FR5-2;FR5-5,FR4-3;FR5-3;FR5-4,FR4-1;FR5-1;NPY-M,1.2238340713699596,0.2897448267831745,False,True
double,415,AGUA-M;FR5-2;FR5-5,FR4-3;FR5-3;NPY-M,FR4-1;FR5-1;FR5-4,1.0657663815281584,0.2621317315156656,False,True
double,416,AGUA-M;FR5-2;FR5-5,FR4-3;FR5-4;NPY-M,FR4-1;FR5-1;FR5-3,0.9506398676170765,0.24062934093521357,False,True
double,417,AGUA-M;FR5-2;FR5-5,FR5-1;FR5-3;FR5-4,FR4-1;FR4-3;NPY-M,2.7006584408081395,0.4737450013625597,False,True
double,418,AGUA-M;FR5-2;FR5-5,FR5-1;FR5-3;NPY-M,FR4-1;FR4-3;FR5-4,2.8994385040740336,0.4914770282073014,False,True
double,419,AGUA-M;FR5-2;FR5-5,FR5-1;FR5-4;NPY-M,FR4-1;FR4-3;FR5-3,1.9224954161168484,0.39055301297434725,False,True
double,420,AGUA-M;FR5-2;FR5-5,FR5-3;FR5-4;NPY-M,FR4-1;FR4-3;FR5-1,3.1228186876949278,0.5100295871852091,False,True
double,421,AGUA-M;FR5-2;NPY-M,FR4-1;FR4-3;FR5-1,FR5-3;FR5-4;FR5-5,1.4986989150237395,0.33314052425662966,False,True
double,422,AGUA-M;FR5-2;NPY-M,FR4-1;FR4-3;FR5-3,FR5-1;FR5-4;FR5-5,0.8811004938373914,0.22702336495446268,False,False
double,423,AGUA-M;FR5-2;NPY-M,FR4-1;FR4-3;FR5-4,FR5-1;FR5-3;FR5-5,1.1953493149938221,0.2849224761146218,False,True
double,424,AGUA-M;FR5-2;NPY-M,FR4-1;FR4-3;FR5-5,FR5-1;FR5-3;FR5-4,2.670869886570701,0.47098063260023665,False,True
double,425,AGUA-M;FR5-2;NPY-M,FR4-1;FR5-1;FR5-3,FR4-3;FR5-4;FR5-5,0.5662710414794979,0.15878519464537824,False,False
double,426,AGUA-M;FR5-2;NPY-M,FR4-1;FR5-1;FR5-4,FR4-3;FR5-3;FR5-5,0.47730408139693586,0.13726268115303528,False,False
double,427,AGUA-M;FR5-2;NPY-M,FR4-1;FR5-1;FR5-5,FR4-3;FR5-3;FR5-4,0.7749854788863956,0.20529495629080222,False,False
double,428,AGUA-M;FR5-2;NPY-M,FR4-1;FR5-3;FR5-4,FR4-3;FR5-1;FR5-5,0.45838787446853907,0.13254380107349323,False,False
double,429,AGUA-M;FR5-2;NPY-M,FR4-1;FR5-3;FR5-5,FR4-3;FR5-1;FR5-4,0.5198496680764247,0.14769087236629602,False,False
double,430,AGUA-M;FR5-2;NPY-M,FR4-1;FR5-4;FR5-5,FR4-3;FR5-1;FR5-3,0.8374871207285857,0.2182384186268175,False,False
double,431,AGUA-M;FR5-2;NPY-M,FR4-3;FR5-1;FR5-3,FR4-1;FR5-4;FR5-5,0.8374871207285857,0.2182384186268175,False,False
double,432,AGUA-M;FR5-2;NPY-M,FR4-3;FR5-1;FR5-4,FR4-1;FR5-3;FR5-5,0.5198496680764247,0.14769087236629605,False,False
double,433,AGUA-M;FR5-2;NPY-M,FR4-3;FR5-1;FR5-5,FR4-1;FR5-3;FR5-4,0.45838787446853907,0.13254380107349323,False,False
double,434,AGUA-M;FR5-2;NPY-M,FR4-3;FR5-3;FR5-4,FR4-1;FR5-1;FR5-5,0.7749854788863956,0.20529495629080222,False,False
double,435,AGUA-M;FR5-2;NPY-M,FR4-3;FR5-3;FR5-5,FR4-1;FR5-1;FR5-4,0.47730408139693586,0.13726268115303528,False,False
double,436,AGUA-M;FR5-2;NPY-M,FR4-3;FR5-4;FR5-5,FR4-1;FR5-1;FR5-3,0.5662710414794979,0.15878519464537824,False,False
double,437,AGUA-M;FR5-2;NPY-M,FR5-1;FR5-3;FR5-4,FR4-1;FR4-3;FR5-5,2.670869886570701,0.47098063260023665,False,True
double,438,AGUA-M;FR5-2;NPY-M,FR5-1;FR5-3;FR5-5,FR4-1;FR4-3;FR5-4,1.195349314993822,0.28492247611462174,False,True
double,439,AGUA-M;FR5-2;NPY-M,FR5-1;FR5-4;FR5-5,FR4-1;FR4-3;FR5-3,0.8811004938373915,0.2270233649544627,False,False
double,440,AGUA-M;FR5-2;NPY-M,FR5-3;FR5-4;FR5-5,FR4-1;FR4-3;FR5-1,1.4986989150237395,0.33314052425662966,False,True
double,441,AGUA-M;FR5-3;FR5-4,FR4-1;FR4-3;FR5-1,FR5-2;FR5-5;NPY-M,1.4935765961307703,0.3323803576458063,False,True
double,442,AGUA-M;FR5-3;FR5-4,FR4-1;FR4-3;FR5-2,FR5-1;FR5-5;NPY-M,3.2236568055328645,0.517968279142098,False,True
double,443,AGUA-M;FR5-3;FR5-4,FR4-1;FR4-3;FR5-5,FR5-1;FR5-2;NPY-M,1.8033985599863473,0.37544220773374115,False,True
double,444,AGUA-M;FR5-3;FR5-4,FR4-1;FR4-3;NPY-M,FR5-1;FR5-2;FR5-5,1.1840577747006356,0.2829926923715468,False,True
double,445,AGUA-M;FR5-3;FR5-4,FR4-1;FR5-1;FR5-2,FR4-3;FR5-5;NPY-M,1.0125745585287795,0.25235034109871907,False,True
double,446,AGUA-M;FR5-3;FR5-4,FR4-1;FR5-1;FR5-5,FR4-3;FR5-2;NPY-M,1.0638907402876774,0.2617911770463509,False,True
double,447,AGUA-M;FR5-3;FR5-4,FR4-1;FR5-1;NPY-M,FR4-3;FR5-2;FR5-5,1.4958143865394113,0.332712665144255,False,True
double,448,AGUA-M;FR5-3;FR5-4,FR4-1;FR5-2;FR5-5,FR4-3;FR5-1;NPY-M,1.846833564611484,0.3810391960012606,False,True
double,449,AGUA-M;FR5-3;FR5-4,FR4-1;FR5-2;NPY-M,FR4-3;FR5-1;FR5-5,1.0322481897366698,0.2559981779802304,False,True
double,450,AGUA-M;FR5-3;FR5-4,FR4-1;FR5-5;NPY-M,FR4-3;FR5-1;FR5-2,1.1316920395180172,0.27390522543641344,False,True
double,451,AGUA-M;FR5-3;FR5-4,FR4-3;FR5-1;FR5-2,FR4-1;FR5-5;NPY-M,1.131692039518017,0.2739052254364134,False,True
double,452,AGUA-M;FR5-3;FR5-4,FR4-3;FR5-1;FR5-5,FR4-1;FR5-2;NPY-M,1.0322481897366698,0.2559981779802304,False,True
double,453,AGUA-M;FR5-3;FR5-4,FR4-3;FR5-1;NPY-M,FR4-1;FR5-2;FR5-5,1.846833564611484,0.3810391960012606,False,True
double,454,AGUA-M;FR5-3;FR5-4,FR4-3;FR5-2;FR5-5,FR4-1;FR5-1;NPY-M,1.4958143865394113,0.332712665144255,False,True
double,455,AGUA-M;FR5-3;FR5-4,FR4-3;FR5-2;NPY-M,FR4-1;FR5-1;FR5-5,1.0638907402876774,0.2617911770463509,False,True
double,456,AGUA-M;FR5-3;FR5-4,FR4-3;FR5-5;NPY-M,FR4-1;FR5-1;FR5-2,1.0125745585287795,0.25235034109871907,False,True
double,457,AGUA-M;FR5-3;FR5-4,FR5-1;FR5-2;FR5-5,FR4-1;FR4-3;NPY-M,1.1840577747006356,0.2829926923715468,False,True
double,458,AGUA-M;FR5-3;FR5-4,FR5-1;FR5-2;NPY-M,FR4-1;FR4-3;FR5-5,1.8033985599863473,0.37544220773374115,False,True
double,459,AGUA-M;FR5-3;FR5-4,FR5-1;FR5-5;NPY-M,FR4-1;FR4-3;FR5-2,3.2236568055328645,0.517968279142098,False,True
double,460,AGUA-M;FR5-3;FR5-4,FR5-2;FR5-5;NPY-M,FR4-1;FR4-3;FR5-1,1.4935765961307703,0.3323803576458063,False,True
double,461,AGUA-M;FR5-3;FR5-5,FR4-1;FR4-3;FR5-1,FR5-2;FR5-4;NPY-M,1.1161769553944707,0.27116836022602503,False,True
double,462,AGUA-M;FR5-3;FR5-5,FR4-1;FR4-3;FR5-2,FR5-1;FR5-4;NPY-M,3.897174882841861,0.5650393021839832,False,True
double,463,AGUA-M;FR5-3;FR5-5,FR4-1;FR4-3;FR5-4,FR5-1;FR5-2;NPY-M,1.1099308179523426,0.2700607059136179,False,True
double,464,AGUA-M;FR5-3;FR5-5,FR4-1;FR4-3;NPY-M,FR5-1;FR5-2;FR5-4,0.8907665963155215,0.22894372465288967,False,False
double,465,AGUA-M;FR5-3;FR5-5,FR4-1;FR5-1;FR5-2,FR4-3;FR5-4;NPY-M,0.9494908746771816,0.24040842346668034,False,True
double,466,AGUA-M;FR5-3;FR5-5,FR4-1;FR5-1;FR5-4,FR4-3;FR5-2;NPY-M,0.8237146020235119,0.21542261590015158,False,False
double,467,AGUA-M;FR5-3;FR5-5,FR4-1;FR5-1;NPY-M,FR4-3;FR5-2;FR5-4,0.8444325101310145,0.2196507567516739,False,False
double,468,AGUA-M;FR5-3;FR5-5,FR4-1;FR5-2;FR5-4,FR4-3;FR5-1;NPY-M,0.8779110260077322,0.22638761439339472,False,False
double,469,AGUA-M;FR5-3;FR5-5,FR4-1;FR5-2;NPY-M,FR4-3;FR5-1;FR5-4,1.006513469340823,0.2512192900493159,False,True
double,470,AGUA-M;FR5-3;FR5-5,FR4-1;FR5-4;NPY-M,FR4-3;FR5-1;FR5-2,0.8479971087417221,0.22037363458908973,False,False
double,471,AGUA-M;FR5-3;FR5-5,FR4-3;FR5-1;FR5-2,FR4-1;FR5-4;NPY-M,0.8479971087417221,0.22037363458908973,False,False
double,472,AGUA-M;FR5-3;FR5-5,FR4-3;FR5-1;FR5-4,FR4-1;FR5-2;NPY-M,1.0065134693408235,0.2512192900493159,False,True
double,473,AGUA-M;FR5-3;FR5-5,FR4-3;FR5-1;NPY-M,FR4-1;FR5-2;FR5-4,0.8779110260077319,0.2263876143933947,False,False
double,474,AGUA-M;FR5-3;FR5-5,FR4-3;FR5-2;FR5-4,FR4-1;FR5-1;NPY-M,0.8444325101310145,0.2196507567516739,False,False
double,475,AGUA-M;FR5-3;FR5-5,FR4-3;FR5-2;NPY-M,FR4-1;FR5-1;FR5-4,0.8237146020235119,0.21542261590015158,False,False
double,476,AGUA-M;FR5-3;FR5-5,FR4-3;FR5-4;NPY-M,FR4-1;FR5-1;FR5-2,0.9494908746771819,0.24040842346668037,False,True
double,477,AGUA-M;FR5-3;FR5-5,FR5-1;FR5-2;FR5-4,FR4-1;FR4-3;NPY-M,0.8907665963155215,0.22894372465288967,False,False
double,478,AGUA-M;FR5-3;FR5-5,FR5-1;FR5-2;NPY-M,FR4-1;FR4-3;FR5-4,1.1099308179523426,0.2700607059136179,False,True
double,479,AGUA-M;FR5-3;FR5-5,FR5-1;FR5-4;NPY-M,FR4-1;FR4-3;FR5-2,3.897174882841863,0.5650393021839832,False,True
double,480,AGUA-M;FR5-3;FR5-5,FR5-2;FR5-4;NPY-M,FR4-1;FR4-3;FR5-1,1.1161769553944707,0.27116836022602503,False,True
double,481,AGUA-M;FR5-3;NPY-M,FR4-1;FR4-3;FR5-1,FR5-2;FR5-4;FR5-5,1.3921333761524581,0.3169606332337697,False,True
double,482,AGUA-M;FR5-3;NPY-M,FR4-1;FR4-3;FR5-2,FR5-1;FR5-4;FR5-5,3.15827154629567,0.5128503221322608,False,True
double,483,AGUA-M;FR5-3;NPY-M,FR4-1;FR4-3;FR5-4,FR5-1;FR5-2;FR5-5,1.2027842843211403,0.28618748975726255,False,True
double,484,AGUA-M;FR5-3;NPY-M,FR4-1;FR4-3;FR5-5,FR5-1;FR5-2;FR5-4,1.528438757461043,0.3375200238587287,False,True
double,485,AGUA-M;FR5-3;NPY-M,FR4-1;FR5-1;FR5-2,FR4-3;FR5-4;FR5-5,1.1090539924227294,0.2699049451450071,False,True
double,486,AGUA-M;FR5-3;NPY-M,FR4-1;FR5-1;FR5-4,FR4-3;FR5-2;FR5-5,1.3683058536873927,0.3132349014738454,False,True
double,487,AGUA-M;FR5-3;NPY-M,FR4-1;FR5-1;FR5-5,FR4-3;FR5-2;FR5-4,0.9816396203828321,0.24654155422746374,False,True
double,488,AGUA-M;FR5-3;NPY-M,FR4-1;FR5-2;FR5-4,FR4-3;FR5-1;FR5-5,0.8770642223551259,0.22621864690762142,False,False
double,489,AGUA-M;FR5-3;NPY-M,FR4-1;FR5-2;FR5-5,FR4-3;FR5-1;FR5-4,1.8083961565958353,0.37609134058457283,False,True
double,490,AGUA-M;FR5-3;NPY-M,FR4-1;FR5-4;FR5-5,FR4-3;FR5-1;FR5-2,1.1489754424619623,0.2769299212289797,False,True
double,491,AGUA-M;FR5-3;NPY-M,FR4-3;FR5-1;FR5-2,FR4-1;FR5-4;FR5-5,1.1489754424619623,0.2769299212289797,False,True
double,492,AGUA-M;FR5-3;NPY-M,FR4-3;FR5-1;FR5-4,FR4-1;FR5-2;FR5-5,1.8083961565958353,0.37609134058457283,False,True
double,493,AGUA-M;FR5-3;NPY-M,FR4-3;FR5-1;FR5-5,FR4-1;FR5-2;FR5-4,0.8770642223551259,0.22621864690762142,False,False
double,494,AGUA-M;FR5-3;NPY-M,FR4-3;FR5-2;FR5-4,FR4-1;FR5-1;FR5-5,0.9816396203828319,0.2465415542274637,False,True
double,495,AGUA-M;FR5-3;NPY-M,FR4-3;FR5-2;FR5-5,FR4-1;FR5-1;FR5-4,1.3683058536873927,0.3132349014738454,False,True
double,496,AGUA-M;FR5-3;NPY-M,FR4-3;FR5-4;FR5-5,FR4-1;FR5-1;FR5-2,1.1090539924227294,0.2699049451450071,False,True
double,497,AGUA-M;FR5-3;NPY-M,FR5-1;FR5-2;FR5-4,FR4-1;FR4-3;FR5-5,1.528438757461043,0.3375200238587287,False,True
double,498,AGUA-M;FR5-3;NPY-M,FR5-1;FR5-2;FR5-5,FR4-1;FR4-3;FR5-4,1.2027842843211403,0.28618748975726255,False,True
double,499,AGUA-M;FR5-3;NPY-M,FR5-1;FR5-4;FR5-5,FR4-1;FR4-3;FR5-2,3.15827154629567,0.5128503221322608,False,True
double,500,AGUA-M;FR5-3;NPY-M,FR5-2;FR5-4;FR5-5,FR4-1;FR4-3;FR5-1,1.3921333761524581,0.3169606332337697,False,True
double,501,AGUA-M;FR5-4;FR5-5,FR4-1;FR4-3;FR5-1,FR5-2;FR5-3;NPY-M,1.1325688493755037,0.27405928144346653,False,True
double,502,AGUA-M;FR5-4;FR5-5,FR4-1;FR4-3;FR5-2,FR5-1;FR5-3;NPY-M,4.559262725946962,0.6031358997878745,False,True
double,503,AGUA-M;FR5-4;FR5-5,FR4-1;FR4-3;FR5-3,FR5-1;FR5-2;NPY-M,0.784215401159298,0.20723328828455506,False,False
double,504,AGUA-M;FR5-4;FR5-5,FR4-1;FR4-3;NPY-M,FR5-1;FR5-2;FR5-3,0.9207730522383674,0.23484477167396836,False,False
double,505,AGUA-M;FR5-4;FR5-5,FR4-1;FR5-1;FR5-2,FR4-3;FR5-3;NPY-M,0.9411155753967956,0.23879420874432059,False,True
double,506,AGUA-M;FR5-4;FR5-5,FR4-1;FR5-1;FR5-3,FR4-3;FR5-2;NPY-M,0.714277980722236,0.19230601059733973,False,False
double,507,AGUA-M;FR5-4;FR5-5,FR4-1;FR5-1;NPY-M,FR4-3;FR5-2;FR5-3,0.684783891699541,0.18584099144650154,False,False
double,508,AGUA-M;FR5-4;FR5-5,FR4-1;FR5-2;FR5-3,FR4-3;FR5-1;NPY-M,0.6060523956180908,0.16806533270413315,False,False
double,509,AGUA-M;FR5-4;FR5-5,FR4-1;FR5-2;NPY-M,FR4-3;FR5-1;FR5-3,1.013996544401489,0.2526152011305934,False,True
double,510,AGUA-M;FR5-4;FR5-5,FR4-1;FR5-3;NPY-M,FR4-3;FR5-1;FR5-2,0.7232249096735153,0.1942469034826408,False,False
double,511,AGUA-M;FR5-4;FR5-5,FR4-3;FR5-1;FR5-2,FR4-1;FR5-3;NPY-M,0.7232249096735153,0.1942469034826408,False,False
double,512,AGUA-M;FR5-4;FR5-5,FR4-3;FR5-1;FR5-3,FR4-1;FR5-2;NPY-M,1.013996544401489,0.2526152011305934,False,True
double,513,AGUA-M;FR5-4;FR5-5,FR4-3;FR5-1;NPY-M,FR4-1;FR5-2;FR5-3,0.6060523956180908,0.16806533270413315,False,False
double,514,AGUA-M;FR5-4;FR5-5,FR4-3;FR5-2;FR5-3,FR4-1;FR5-1;NPY-M,0.684783891699541,0.18584099144650154,False,False
double,515,AGUA-M;FR5-4;FR5-5,FR4-3;FR5-2;NPY-M,FR4-1;FR5-1;FR5-3,0.714277980722236,0.19230601059733973,False,False
double,516,AGUA-M;FR5-4;FR5-5,FR4-3;FR5-3;NPY-M,FR4-1;FR5-1;FR5-2,0.9411155753967957,0.23879420874432064,False,True
double,517,AGUA-M;FR5-4;FR5-5,FR5-1;FR5-2;FR5-3,FR4-1;FR4-3;NPY-M,0.9207730522383676,0.2348447716739684,False,False
double,518,AGUA-M;FR5-4;FR5-5,FR5-1;FR5-2;NPY-M,FR4-1;FR4-3;FR5-3,0.784215401159298,0.20723328828455506,False,False
double,519,AGUA-M;FR5-4;FR5-5,FR5-1;FR5-3;NPY-M,FR4-1;FR4-3;FR5-2,4.559262725946962,0.6031358997878745,False,True
double,520,AGUA-M;FR5-4;FR5-5,FR5-2;FR5-3;NPY-M,FR4-1;FR4-3;FR5-1,1.1325688493755037,0.27405928144346653,False,True
double,521,AGUA-M;FR5-4;NPY-M,FR4-1;FR4-3;FR5-1,FR5-2;FR5-3;FR5-5,0.9154357054912314,0.2338017463056211,False,False
double,522,AGUA-M;FR5-4;NPY-M,FR4-1;FR4-3;FR5-2,FR5-1;FR5-3;FR5-5,2.6063984422086075,0.46489711159056196,False,True
double,523,AGUA-M;FR5-4;NPY-M,FR4-1;FR4-3;FR5-3,FR5-1;FR5-2;FR5-5,0.6600325926912315,0.18033516805540462,False,False
double,524,AGUA-M;FR5-4;NPY-M,FR4-1;FR4-3;FR5-5,FR5-1;FR5-2;FR5-3,1.2881411702792112,0.30039616680701237,False,True
double,525,AGUA-M;FR5-4;NPY-M,FR4-1;FR5-1;FR5-2,FR4-3;FR5-3;FR5-5,0.6685621495679706,0.18224092227705724,False,False
double,526,AGUA-M;FR5-4;NPY-M,FR4-1;FR5-1;FR5-3,FR4-3;FR5-2;FR5-5,0.9845579365554421,0.24709339209823852,False,True
double,527,AGUA-M;FR5-4;NPY-M,FR4-1;FR5-1;FR5-5,FR4-3;FR5-2;FR5-3,0.6131818333290681,0.16970688484949628,False,False
double,528,AGUA-M;FR5-4;NPY-M,FR4-1;FR5-2;FR5-3,FR4-3;FR5-1;FR5-5,0.4280678400993227,0.12487146114556477,False,False
double,529,AGUA-M;FR5-4;NPY-M,FR4-1;FR5-2;FR5-5,FR4-3;FR5-1;FR5-3,1.5076337742130357,0.3344623475930552,False,True
double,530,AGUA-M;FR5-4;NPY-M,FR4-1;FR5-3;FR5-5,FR4-3;FR5-1;FR5-2,0.5917535435230893,0.16475338197694053,False,False
double,531,AGUA-M;FR5-4;NPY-M,FR4-3;FR5-1;FR5-2,FR4-1;FR5-3;FR5-5,0.5917535435230893,0.16475338197694053,False,False
double,532,AGUA-M;FR5-4;NPY-M,FR4-3;FR5-1;FR5-3,FR4-1;FR5-2;FR5-5,1.5076337742130357,0.3344623475930552,False,True
double,533,AGUA-M;FR5-4;NPY-M,FR4-3;FR5-1;FR5-5,FR4-1;FR5-2;FR5-3,0.42806784009932275,0.12487146114556479,False,False
double,534,AGUA-M;FR5-4;NPY-M,FR4-3;FR5-2;FR5-3,FR4-1;FR5-1;FR5-5,0.6131818333290681,0.16970688484949628,False,False
double,535,AGUA-M;FR5-4;NPY-M,FR4-3;FR5-2;FR5-5,FR4-1;FR5-1;FR5-3,0.9845579365554421,0.24709339209823852,False,True
double,536,AGUA-M;FR5-4;NPY-M,FR4-3;FR5-3;FR5-5,FR4-1;FR5-1;FR5-2,0.6685621495679707,0.1822409222770573,False,False
double,537,AGUA-M;FR5-4;NPY-M,FR5-1;FR5-2;FR5-3,FR4-1;FR4-3;FR5-5,1.2881411702792112,0.30039616680701237,False,True
double,538,AGUA-M;FR5-4;NPY-M,FR5-1;FR5-2;FR5-5,FR4-1;FR4-3;FR5-3,0.6600325926912315,0.18033516805540462,False,False
double,539,AGUA-M;FR5-4;NPY-M,FR5-1;FR5-3;FR5-5,FR4-1;FR4-3;FR5-2,2.6063984422086075,0.46489711159056196,False,True
double,540,AGUA-M;FR5-4;NPY-M,FR5-2;FR5-3;FR5-5,FR4-1;FR4-3;FR5-1,0.9154357054912314,0.2338017463056211,False,False
double,541,AGUA-M;FR5-5;NPY-M,FR4-1;FR4-3;FR5-1,FR5-2;FR5-3;FR5-4,0.9463351673457753,0.23980101213305233,False,True
double,542,AGUA-M;FR5-5;NPY-M,FR4-1;FR4-3;FR5-2,FR5-1;FR5-3;FR5-4,4.128928538394379,0.5791793978796598,False,True
double,543,AGUA-M;FR5-5;NPY-M,FR4-1;FR4-3;FR5-3,FR5-1;FR5-2;FR5-4,0.5709687325149593,0.15989183196035373,False,False
double,544,AGUA-M;FR5-5;NPY-M,FR4-1;FR4-3;FR5-4,FR5-1;FR5-2;FR5-3,0.8891352557213495,0.22862029661049532,False,False
double,545,AGUA-M;FR5-5;NPY-M,FR4-1;FR5-1;FR5-2,FR4-3;FR5-3;FR5-4,0.9344792115521701,0.2375102678922311,False,True
double,546,AGUA-M;FR5-5;NPY-M,FR4-1;FR5-1;FR5-3,FR4-3;FR5-2;FR5-4,0.6041972260533113,0.1676371153292637,False,False
double,547,AGUA-M;FR5-5;NPY-M,FR4-1;FR5-1;FR5-4,FR4-3;FR5-2;FR5-3,0.5584822847255417,0.15694395532690317,False,False
double,548,AGUA-M;FR5-5;NPY-M,FR4-1;FR5-2;FR5-3,FR4-3;FR5-1;FR5-4,0.5448347352573513,0.15369820483825655,False,False
double,549,AGUA-M;FR5-5;NPY-M,FR4-1;FR5-2;FR5-4,FR4-3;FR5-1;FR5-3,0.8139620389746709,0.21341639760879552,False,False
double,550,AGUA-M;FR5-5;NPY-M,FR4-1;FR5-3;FR5-4,FR4-3;FR5-1;FR5-2,0.6515587877314809,0.1784330543768295,False,False
double,551,AGUA-M;FR5-5;NPY-M,FR4-3;FR5-1;FR5-2,FR4-1;FR5-3;FR5-4,0.6515587877314808,0.17843305437682946,False,False
double,552,AGUA-M;FR5-5;NPY-M,FR4-3;FR5-1;FR5-3,FR4-1;FR5-2;FR5-4,0.8139620389746709,0.21341639760879552,False,False
double,553,AGUA-M;FR5-5;NPY-M,FR4-3;FR5-1;FR5-4,FR4-1;FR5-2;FR5-3,0.5448347352573513,0.15369820483825655,False,False
double,554,AGUA-M;FR5-5;NPY-M,FR4-3;FR5-2;FR5-3,FR4-1;FR5-1;FR5-4,0.5584822847255417,0.15694395532690317,False,False
double,555,AGUA-M;FR5-5;NPY-M,FR4-3;FR5-2;FR5-4,FR4-1;FR5-1;FR5-3,0.6041972260533113,0.1676371153292637,False,False
double,556,AGUA-M;FR5-5;NPY-M,FR4-3;FR5-3;FR5-4,FR4-1;FR5-1;FR5-2,0.9344792115521701,0.2375102678922311,True,True
double,557,AGUA-M;FR5-5;NPY-M,FR5-1;FR5-2;FR5-3,FR4-1;FR4-3;FR5-4,0.8891352557213492,0.2286202966104953,False,False
double,558,AGUA-M;FR5-5;NPY-M,FR5-1;FR5-2;FR5-4,FR4-1;FR4-3;FR5-3,0.5709687325149593,0.15989183196035373,False,False
double,559,AGUA-M;FR5-5;NPY-M,FR5-1;FR5-3;FR5-4,FR4-1;FR4-3;FR5-2,4.128928538394381,0.5791793978796598,False,True
double,560,AGUA-M;FR5-5;NPY-M,FR5-2;FR5-3;FR5-4,FR4-1;FR4-3;FR5-1,0.9463351673457753,0.23980101213305233,False,True
double,561,FR4-1;FR4-3;FR5-1,AGUA-M;FR5-2;FR5-3,FR5-4;FR5-5;NPY-M,1.4153887374777632,0.3205581255992166,False,True
double,562,FR4-1;FR4-3;FR5-1,AGUA-M;FR5-2;FR5-4,FR5-3;FR5-5;NPY-M,1.296703656747343,0.3017903398366932,False,True
double,563,FR4-1;FR4-3;FR5-1,AGUA-M;FR5-2;FR5-5,FR5-3;FR5-4;NPY-M,3.1228186876949278,0.5100295871852091,False,True
double,564,FR4-1;FR4-3;FR5-1,AGUA-M;FR5-2;NPY-M,FR5-3;FR5-4;FR5-5,1.4986989150237395,0.33314052425662966,False,True
double,565,FR4-1;FR4-3;FR5-1,AGUA-M;FR5-3;FR5-4,FR5-2;FR5-5;NPY-M,1.4935765961307703,0.3323803576458063,False,True
double,566,FR4-1;FR4-3;FR5-1,AGUA-M;FR5-3;FR5-5,FR5-2;FR5-4;NPY-M,1.1161769553944707,0.27116836022602503,False,True
double,567,FR4-1;FR4-3;FR5-1,AGUA-M;FR5-3;NPY-M,FR5-2;FR5-4;FR5-5,1.3921333761524581,0.3169606332337697,False,True
double,568,FR4-1;FR4-3;FR5-1,AGUA-M;FR5-4;FR5-5,FR5-2;FR5-3;NPY-M,1.1325688493755037,0.27405928144346653,False,True
double,569,FR4-1;FR4-3;FR5-1,AGUA-M;FR5-4;NPY-M,FR5-2;FR5-3;FR5-5,0.9154357054912314,0.2338017463056211,False,False
double,570,FR4-1;FR4-3;FR5-1,AGUA-M;FR5-5;NPY-M,FR5-2;FR5-3;FR5-4,0.9463351673457753,0.23980101213305233,False,True
double,571,FR4-1;FR4-3;FR5-1,FR5-2;FR5-3;FR5-4,AGUA-M;FR5-5;NPY-M,0.9463351673457753,0.23980101213305233,False,True
double,572,FR4-1;FR4-3;FR5-1,FR5-2;FR5-3;FR5-5,AGUA-M;FR5-4;NPY-M,0.9154357054912314,0.2338017463056211,False,False
double,573,FR4-1;FR4-3;FR5-1,FR5-2;FR5-3;NPY-M,AGUA-M;FR5-4;FR5-5,1.1325688493755042,0.2740592814434666,False,True
double,574,FR4-1;FR4-3;FR5-1,FR5-2;FR5-4;FR5-5,AGUA-M;FR5-3;NPY-M,1.3921333761524581,0.3169606332337697,False,True
double,575,FR4-1;FR4-3;FR5-1,FR5-2;FR5-4;NPY-M,AGUA-M;FR5-3;FR5-5,1.1161769553944707,0.27116836022602503,False,True
double,576,FR4-1;FR4-3;FR5-1,FR5-2;FR5-5;NPY-M,AGUA-M;FR5-3;FR5-4,1.4935765961307703,0.3323803576458063,False,True
double,577,FR4-1;FR4-3;FR5-1,FR5-3;FR5-4;FR5-5,AGUA-M;FR5-2;NPY-M,1.4986989150237395,0.33314052425662966,False,True
double,578,FR4-1;FR4-3;FR5-1,FR5-3;FR5-4;NPY-M,AGUA-M;FR5-2;FR5-5,3.1228186876949278,0.5100295871852091,False,True
double,579,FR4-1;FR4-3;FR5-1,FR5-3;FR5-5;NPY-M,AGUA-M;FR5-2;FR5-4,1.296703656747343,0.3017903398366932,False,True
double,580,FR4-1;FR4-3;FR5-1,FR5-4;FR5-5;NPY-M,AGUA-M;FR5-2;FR5-3,1.4153887374777632,0.3205581255992166,False,True
double,581,FR4-1;FR4-3;FR5-2,AGUA-M;FR5-1;FR5-3,FR5-4;FR5-5;NPY-M,3.4449458428767037,0.5345189745363401,False,True
double,582,FR4-1;FR4-3;FR5-2,AGUA-M;FR5-1;FR5-4,FR5-3;FR5-5;NPY-M,2.7752894075239087,0.4805455123873668,False,True
double,583,FR4-1;FR4-3;FR5-2,AGUA-M;FR5-1;FR5-5,FR5-3;FR5-4;NPY-M,4.151400329549948,0.5805017392742162,False,True
double,584,FR4-1;FR4-3;FR5-2,AGUA-M;FR5-1;NPY-M,FR5-3;FR5-4;FR5-5,3.0191883225242577,0.5015939294051038,False,True
double,585,FR4-1;FR4-3;FR5-2,AGUA-M;FR5-3;FR5-4,FR5-1;FR5-5;NPY-M,3.2236568055328645,0.517968279142098,False,True
double,586,FR4-1;FR4-3;FR5-2,AGUA-M;FR5-3;FR5-5,FR5-1;FR5-4;NPY-M,3.897174882841861,0.5650393021839832,False,True
double,587,FR4-1;FR4-3;FR5-2,AGUA-M;FR5-3;NPY-M,FR5-1;FR5-4;FR5-5,3.15827154629567,0.5128503221322608,False,True
double,588,FR4-1;FR4-3;FR5-2,AGUA-M;FR5-4;FR5-5,FR5-1;FR5-3;NPY-M,4.559262725946962,0.6031358997878745,False,True
double,589,FR4-1;FR4-3;FR5-2,AGUA-M;FR5-4;NPY-M,FR5-1;FR5-3;FR5-5,2.6063984422086075,0.46489711159056196,False,True
double,590,FR4-1;FR4-3;FR5-2,AGUA-M;FR5-5;NPY-M,FR5-1;FR5-3;FR5-4,4.128928538394379,0.5791793978796598,False,True
double,591,FR4-1;FR4-3;FR5-2,FR5-1;FR5-3;FR5-4,AGUA-M;FR5-5;NPY-M,4.128928538394379,0.5791793978796598,False,True
double,592,FR4-1;FR4-3;FR5-2,FR5-1;FR5-3;FR5-5,AGUA-M;FR5-4;NPY-M,2.6063984422086075,0.46489711159056196,False,True
double,593,FR4-1;FR4-3;FR5-2,FR5-1;FR5-3;NPY-M,AGUA-M;FR5-4;FR5-5,4.559262725946962,0.6031358997878745,False,True
double,594,FR4-1;FR4-3;FR5-2,FR5-1;FR5-4;FR5-5,AGUA-M;FR5-3;NPY-M,3.15827154629567,0.5128503221322608,False,True
double,595,FR4-1;FR4-3;FR5-2,FR5-1;FR5-4;NPY-M,AGUA-M;FR5-3;FR5-5,3.897174882841861,0.5650393021839832,False,True
double,596,FR4-1;FR4-3;FR5-2,FR5-1;FR5-5;NPY-M,AGUA-M;FR5-3;FR5-4,3.2236568055328645,0.517968279142098,False,True
double,597,FR4-1;FR4-3;FR5-2,FR5-3;FR5-4;FR5-5,AGUA-M;FR5-1;NPY-M,3.0191883225242577,0.5015939294051038,False,True
double,598,FR4-1;FR4-3;FR5-2,FR5-3;FR5-4;NPY-M,AGUA-M;FR5-1;FR5-5,4.151400329549948,0.5805017392742162,False,True
double,599,FR4-1;FR4-3;FR5-2,FR5-3;FR5-5;NPY-M,AGUA-M;FR5-1;FR5-4,2.77528940752391,0.4805455123873669,False,True
double,600,FR4-1;FR4-3;FR5-2,FR5-4;FR5-5;NPY-M,AGUA-M;FR5-1;FR5-3,3.4449458428767037,0.5345189745363401,False,True
double,601,FR4-1;FR4-3;FR5-3,AGUA-M;FR5-1;FR5-2,FR5-4;FR5-5;NPY-M,0.961713826477439,0.24275196760805604,False,True
double,602,FR4-1;FR4-3;FR5-3,AGUA-M;FR5-1;FR5-4,FR5-2;FR5-5;NPY-M,0.7590386959547376,0.20192361860269534,False,False
double,603,FR4-1;FR4-3;FR5-3,AGUA-M;FR5-1;FR5-5,FR5-2;FR5-4;NPY-M,0.60210747683199,0.16715422310539613,False,False
double,604,FR4-1;FR4-3;FR5-3,AGUA-M;FR5-1;NPY-M,FR5-2;FR5-4;FR5-5,0.7480654416652115,0.19958708120444577,False,False
double,605,FR4-1;FR4-3;FR5-3,AGUA-M;FR5-2;FR5-4,FR5-1;FR5-5;NPY-M,0.7914997062338824,0.20875636754831334,False,False
double,606,FR4-1;FR4-3;FR5-3,AGUA-M;FR5-2;FR5-5,FR5-1;FR5-4;NPY-M,1.9224954161168484,0.39055301297434725,False,True
double,607,FR4-1;FR4-3;FR5-3,AGUA-M;FR5-2;NPY-M,FR5-1;FR5-4;FR5-5,0.8811004938373914,0.22702336495446268,False,False
double,608,FR4-1;FR4-3;FR5-3,AGUA-M;FR5-4;FR5-5,FR5-1;FR5-2;NPY-M,0.784215401159298,0.20723328828455506,False,False
double,609,FR4-1;FR4-3;FR5-3,AGUA-M;FR5-4;NPY-M,FR5-1;FR5-2;FR5-5,0.6600325926912315,0.18033516805540462,False,False
double,610,FR4-1;FR4-3;FR5-3,AGUA-M;FR5-5;NPY-M,FR5-1;FR5-2;FR5-4,0.5709687325149593,0.15989183196035373,False,False
double,611,FR4-1;FR4-3;FR5-3,FR5-1;FR5-2;FR5-4,AGUA-M;FR5-5;NPY-M,0.5709687325149593,0.15989183196035373,False,False
double,612,FR4-1;FR4-3;FR5-3,FR5-1;FR5-2;FR5-5,AGUA-M;FR5-4;NPY-M,0.6600325926912315,0.18033516805540462,False,False
double,613,FR4-1;FR4-3;FR5-3,FR5-1;FR5-2;NPY-M,AGUA-M;FR5-4;FR5-5,0.7842154011592981,0.2072332882845551,False,False
double,614,FR4-1;FR4-3;FR5-3,FR5-1;FR5-4;FR5-5,AGUA-M;FR5-2;NPY-M,0.8811004938373914,0.22702336495446268,False,False
double,615,FR4-1;FR4-3;FR5-3,FR5-1;FR5-4;NPY-M,AGUA-M;FR5-2;FR5-5,1.9224954161168484,0.39055301297434725,False,True
double,616,FR4-1;FR4-3;FR5-3,FR5-1;FR5-5;NPY-M,AGUA-M;FR5-2;FR5-4,0.7914997062338824,0.20875636754831334,False,False
double,617,FR4-1;FR4-3;FR5-3,FR5-2;FR5-4;FR5-5,AGUA-M;FR5-1;NPY-M,0.7480654416652117,0.19958708120444582,False,False
double,618,FR4-1;FR4-3;FR5-3,FR5-2;FR5-4;NPY-M,AGUA-M;FR5-1;FR5-5,0.60210747683199,0.16715422310539613,False,False
double,619,FR4-1;FR4-3;FR5-3,FR5-2;FR5-5;NPY-M,AGUA-M;FR5-1;FR5-4,0.7590386959547376,0.20192361860269534,False,False
double,620,FR4-1;FR4-3;FR5-3,FR5-4;FR5-5;NPY-M,AGUA-M;FR5-1;FR5-2,0.9617138264774393,0.2427519676080561,False,True
double,621,FR4-1;FR4-3;FR5-4,AGUA-M;FR5-1;FR5-2,FR5-3;FR5-5;NPY-M,1.2713196514840384,0.297640952964578,False,True
double,622,FR4-1;FR4-3;FR5-4,AGUA-M;FR5-1;FR5-3,FR5-2;FR5-5;NPY-M,1.3527848937408884,0.3107860661081905,False,True
double,623,FR4-1;FR4-3;FR5-4,AGUA-M;FR5-1;FR5-5,FR5-2;FR5-3;NPY-M,0.910693127641587,0.2328725619519005,False,False
double,624,FR4-1;FR4-3;FR5-4,AGUA-M;FR5-1;NPY-M,FR5-2;FR5-3;FR5-5,0.8574319682541665,0.2222805159781551,False,False
double,625,FR4-1;FR4-3;FR5-4,AGUA-M;FR5-2;FR5-3,FR5-1;FR5-5;NPY-M,1.1806785514838647,0.2824131386673586,False,True
double,626,FR4-1;FR4-3;FR5-4,AGUA-M;FR5-2;FR5-5,FR5-1;FR5-3;NPY-M,2.8994385040740336,0.4914770282073014,False,True
double,627,FR4-1;FR4-3;FR5-4,AGUA-M;FR5-2;NPY-M,FR5-1;FR5-3;FR5-5,1.1953493149938221,0.2849224761146218,False,True
double,628,FR4-1;FR4-3;FR5-4,AGUA-M;FR5-3;FR5-5,FR5-1;FR5-2;NPY-M,1.1099308179523426,0.2700607059136179,False,True
double,629,FR4-1;FR4-3;FR5-4,AGUA-M;FR5-3;NPY-M,FR5-1;FR5-2;FR5-5,1.2027842843211403,0.28618748975726255,False,True
double,630,FR4-1;FR4-3;FR5-4,AGUA-M;FR5-5;NPY-M,FR5-1;FR5-2;FR5-3,0.8891352557213495,0.22862029661049532,False,False
double,631,FR4-1;FR4-3;FR5-4,FR5-1;FR5-2;FR5-3,AGUA-M;FR5-5;NPY-M,0.8891352557213492,0.2286202966104953,False,False
double,632,FR4-1;FR4-3;FR5-4,FR5-1;FR5-2;FR5-5,AGUA-M;FR5-3;NPY-M,1.2027842843211403,0.28618748975726255,False,True
double,633,FR4-1;FR4-3;FR5-4,FR5-1;FR5-2;NPY-M,AGUA-M;FR5-3;FR5-5,1.1099308179523426,0.2700607059136179,False,True
double,634,FR4-1;FR4-3;FR5-4,FR5-1;FR5-3;FR5-5,AGUA-M;FR5-2;NPY-M,1.195349314993822,0.28492247611462174,False,True
double,635,FR4-1;FR4-3;FR5-4,FR5-1;FR5-3;NPY-M,AGUA-M;FR5-2;FR5-5,2.8994385040740336,0.4914770282073014,False,True
double,636,FR4-1;FR4-3;FR5-4,FR5-1;FR5-5;NPY-M,AGUA-M;FR5-2;FR5-3,1.1806785514838647,0.2824131386673586,False,True
double,637,FR4-1;FR4-3;FR5-4,FR5-2;FR5-3;FR5-5,AGUA-M;FR5-1;NPY-M,0.8574319682541665,0.2222805159781551,False,False
double,638,FR4-1;FR4-3;FR5-4,FR5-2;FR5-3;NPY-M,AGUA-M;FR5-1;FR5-5,0.9106931276415869,0.23287256195190048,False,False
double,639,FR4-1;FR4-3;FR5-4,FR5-2;FR5-5;NPY-M,AGUA-M;FR5-1;FR5-3,1.3527848937408884,0.3107860661081905,False,True
double,640,FR4-1;FR4-3;FR5-4,FR5-3;FR5-5;NPY-M,AGUA-M;FR5-1;FR5-2,1.2713196514840384,0.297640952964578,False,True
double,641,FR4-1;FR4-3;FR5-5,AGUA-M;FR5-1;FR5-2,FR5-3;FR5-4;NPY-M,2.731054011443422,0.4765360797490686,False,True
double,642,FR4-1;FR4-3;FR5-5,AGUA-M;FR5-1;FR5-3,FR5-2;FR5-4;NPY-M,1.6508424270326687,0.3549555705085325,False,True
double,643,FR4-1;FR4-3;FR5-5,AGUA-M;FR5-1;FR5-4,FR5-2;FR5-3;NPY-M,1.3592705104660023,0.3118114618495417,False,True
double,644,FR4-1;FR4-3;FR5-5,AGUA-M;FR5-1;NPY-M,FR5-2;FR5-3;FR5-4,1.2860550393486643,0.3000556520021034,False,True
double,645,FR4-1;FR4-3;FR5-5,AGUA-M;FR5-2;FR5-3,FR5-1;FR5-4;NPY-M,2.308472351433375,0.43486566352936723,False,True
double,646,FR4-1;FR4-3;FR5-5,AGUA-M;FR5-2;FR5-4,FR5-1;FR5-3;NPY-M,2.577586066578584,0.462132907643276,False,True
double,647,FR4-1;FR4-3;FR5-5,AGUA-M;FR5-2;NPY-M,FR5-1;FR5-3;FR5-4,2.670869886570701,0.47098063260023665,False,True
double,648,FR4-1;FR4-3;FR5-5,AGUA-M;FR5-3;FR5-4,FR5-1;FR5-2;NPY-M,1.8033985599863473,0.37544220773374115,False,True
double,649,FR4-1;FR4-3;FR5-5,AGUA-M;FR5-3;NPY-M,FR5-1;FR5-2;FR5-4,1.528438757461043,0.3375200238587287,False,True
double,650,FR4-1;FR4-3;FR5-5,AGUA-M;FR5-4;NPY-M,FR5-1;FR5-2;FR5-3,1.2881411702792112,0.30039616680701237,False,True
double,651,FR4-1;FR4-3;FR5-5,FR5-1;FR5-2;FR5-3,AGUA-M;FR5-4;NPY-M,1.288141170279211,0.3003961668070123,False,True
double,652,FR4-1;FR4-3;FR5-5,FR5-1;FR5-2;FR5-4,AGUA-M;FR5-3;NPY-M,1.528438757461043,0.3375200238587287,False,True
double,653,FR4-1;FR4-3;FR5-5,FR5-1;FR5-2;NPY-M,AGUA-M;FR5-3;FR5-4,1.8033985599863473,0.37544220773374115,False,True
double,654,FR4-1;FR4-3;FR5-5,FR5-1;FR5-3;FR5-4,AGUA-M;FR5-2;NPY-M,2.670869886570701,0.47098063260023665,False,True
double,655,FR4-1;FR4-3;FR5-5,FR5-1;FR5-3;NPY-M,AGUA-M;FR5-2;FR5-4,2.577586066578584,0.462132907643276,False,True
double,656,FR4-1;FR4-3;FR5-5,FR5-1;FR5-4;NPY-M,AGUA-M;FR5-2;FR5-3,2.308472351433375,0.43486566352936723,False,True
double,657,FR4-1;FR4-3;FR5-5,FR5-2;FR5-3;FR5-4,AGUA-M;FR5-1;NPY-M,1.2860550393486643,0.3000556520021034,False,True
double,658,FR4-1;FR4-3;FR5-5,FR5-2;FR5-3;NPY-M,AGUA-M;FR5-1;FR5-4,1.3592705104660023,0.3118114618495417,False,True
double,659,FR4-1;FR4-3;FR5-5,FR5-2;FR5-4;NPY-M,AGUA-M;FR5-1;FR5-3,1.6508424270326691,0.35495557050853255,False,True
double,660,FR4-1;FR4-3;FR5-5,FR5-3;FR5-4;NPY-M,AGUA-M;FR5-1;FR5-2,2.731054011443422,0.4765360797490686,False,True
double,661,FR4-1;FR4-3;NPY-M,AGUA-M;FR5-1;FR5-2,FR5-3;FR5-4;FR5-5,1.300528904856626,0.30241138558281216,False,True
double,662,FR4-1;FR4-3;NPY-M,AGUA-M;FR5-1;FR5-3,FR5-2;FR5-4;FR5-5,1.2383150548495816,0.2921715443104382,False,True
double,663,FR4-1;FR4-3;NPY-M,AGUA-M;FR5-1;FR5-4,FR5-2;FR5-3;FR5-5,0.7783495783238457,0.20600253157865234,False,False
double,664,FR4-1;FR4-3;NPY-M,AGUA-M;FR5-1;FR5-5,FR5-2;FR5-3;FR5-4,0.7728197479412134,0.20483876770495932,False,False
double,665,FR4-1;FR4-3;NPY-M,AGUA-M;FR5-2;FR5-3,FR5-1;FR5-4;FR5-5,1.1328028490420357,0.2741003842718058,False,True
double,666,FR4-1;FR4-3;NPY-M,AGUA-M;FR5-2;FR5-4,FR5-1;FR5-3;FR5-5,1.044995037931453,0.25834272431291955,False,True
double,667,FR4-1;FR4-3;NPY-M,AGUA-M;FR5-2;FR5-5,FR5-1;FR5-3;FR5-4,2.7006584408081395,0.4737450013625597,False,True
double,668,FR4-1;FR4-3;NPY-M,AGUA-M;FR5-3;FR5-4,FR5-1;FR5-2;FR5-5,1.1840577747006356,0.2829926923715468,False,True
double,669,FR4-1;FR4-3;NPY-M,AGUA-M;FR5-3;FR5-5,FR5-1;FR5-2;FR5-4,0.8907665963155215,0.22894372465288967,False,False
double,670,FR4-1;FR4-3;NPY-M,AGUA-M;FR5-4;FR5-5,FR5-1;FR5-2;FR5-3,0.9207730522383674,0.23484477167396836,False,False
double,671,FR4-1;FR4-3;NPY-M,FR5-1;FR5-2;FR5-3,AGUA-M;FR5-4;FR5-5,0.9207730522383676,0.2348447716739684,False,False
double,672,FR4-1;FR4-3;NPY-M,FR5-1;FR5-2;FR5-4,AGUA-M;FR5-3;FR5-5,0.8907665963155218,0.2289437246528897,False,False
double,673,FR4-1;FR4-3;NPY-M,FR5-1;FR5-2;FR5-5,AGUA-M;FR5-3;FR5-4,1.1840577747006356,0.2829926923715468,False,True
double,674,FR4-1;FR4-3;NPY-M,FR5-1;FR5-3;FR5-4,AGUA-M;FR5-2;FR5-5,2.7006584408081395,0.4737450013625597,False,True
double,675,FR4-1;FR4-3;NPY-M,FR5-1;FR5-3;FR5-5,AGUA-M;FR5-2;FR5-4,1.044995037931453,0.25834272431291955,False,True
double,676,FR4-1;FR4-3;NPY-M,FR5-1;FR5-4;FR5-5,AGUA-M;FR5-2;FR5-3,1.1328028490420354,0.2741003842718057,False,True
double,677,FR4-1;FR4-3;NPY-M,FR5-2;FR5-3;FR5-4,AGUA-M;FR5-1;FR5-5,0.7728197479412134,0.20483876770495932,False,False
double,678,FR4-1;FR4-3;NPY-M,FR5-2;FR5-3;FR5-5,AGUA-M;FR5-1;FR5-4,0.7783495783238457,0.20600253157865234,False,False
double,679,FR4-1;FR4-3;NPY-M,FR5-2;FR5-4;FR5-5,AGUA-M;FR5-1;FR5-3,1.2383150548495816,0.2921715443104382,False,True
double,680,FR4-1;FR4-3;NPY-M,FR5-3;FR5-4;FR5-5,AGUA-M;FR5-1;FR5-2,1.300528904856626,0.30241138558281216,False,True
double,681,FR4-1;FR5-1;FR5-2,AGUA-M;FR4-3;FR5-3,FR5-4;FR5-5;NPY-M,1.1258863053933437,0.2728835023693186,False,True
double,682,FR4-1;FR5-1;FR5-2,AGUA-M;FR4-3;FR5-4,FR5-3;FR5-5;NPY-M,1.046512516982484,0.25862085254659645,False,True
double,683,FR4-1;FR5-1;FR5-2,AGUA-M;FR4-3;FR5-5,FR5-3;FR5-4;NPY-M,2.1510106343869015,0.4175900201073698,False,True
double,684,FR4-1;FR5-1;FR5-2,AGUA-M;FR4-3;NPY-M,FR5-3;FR5-4;FR5-5,1.037667173689959,0.25699670850820816,False,True
double,685,FR4-1;FR5-1;FR5-2,AGUA-M;FR5-3;FR5-4,FR4-3;FR5-5;NPY-M,1.0125745585287795,0.25235034109871907,False,True
double,686,FR4-1;FR5-1;FR5-2,AGUA-M;FR5-3;FR5-5,FR4-3;FR5-4;NPY-M,0.9494908746771816,0.24040842346668034,False,True
double,687,FR4-1;FR5-1;FR5-2,AGUA-M;FR5-3;NPY-M,FR4-3;FR5-4;FR5-5,1.1090539924227294,0.2699049451450071,False,True
double,688,FR4-1;FR5-1;FR5-2,AGUA-M;FR5-4;FR5-5,FR4-3;FR5-3;NPY-M,0.9411155753967956,0.23879420874432059,False,True
double,689,FR4-1;FR5-1;FR5-2,AGUA-M;FR5-4;NPY-M,FR4-3;FR5-3;FR5-5,0.6685621495679706,0.18224092227705724,False,False
double,690,FR4-1;FR5-1;FR5-2,AGUA-M;FR5-5;NPY-M,FR4-3;FR5-3;FR5-4,0.9344792115521701,0.2375102678922311,False,True
double,691,FR4-1;FR5-1;FR5-2,FR4-3;FR5-3;FR5-4,AGUA-M;FR5-5;NPY-M,0.9344792115521701,0.2375102678922311,False,True
double,692,FR4-1;FR5-1;FR5-2,FR4-3;FR5-3;FR5-5,AGUA-M;FR5-4;NPY-M,0.6685621495679707,0.1822409222770573,False,False
double,693,FR4-1;FR5-1;FR5-2,FR4-3;FR5-3;NPY-M,AGUA-M;FR5-4;FR5-5,0.9411155753967956,0.23879420874432059,False,True
double,694,FR4-1;FR5-1;FR5-2,FR4-3;FR5-4;FR5-5,AGUA-M;FR5-3;NPY-M,1.1090539924227294,0.2699049451450071,False,True
double,695,FR4-1;FR5-1;FR5-2,FR4-3;FR5-4;NPY-M,AGUA-M;FR5-3;FR5-5,0.9494908746771819,0.24040842346668037,False,True
double,696,FR4-1;FR5-1;FR5-2,FR4-3;FR5-5;NPY-M,AGUA-M;FR5-3;FR5-4,1.0125745585287795,0.25235034109871907,False,True
double,697,FR4-1;FR5-1;FR5-2,FR5-3;FR5-4;FR5-5,AGUA-M;FR4-3;NPY-M,1.0376671736899592,0.25699670850820816,False,True
double,698,FR4-1;FR5-1;FR5-2,FR5-3;FR5-4;NPY-M,AGUA-M;FR4-3;FR5-5,2.1510106343869015,0.4175900201073698,False,True
double,699,FR4-1;FR5-1;FR5-2,FR5-3;FR5-5;NPY-M,AGUA-M;FR4-3;FR5-4,1.046512516982484,0.25862085254659645,False,True
double,700,FR4-1;FR5-1;FR5-2,FR5-4;FR5-5;NPY-M,AGUA-M;FR4-3;FR5-3,1.125886305393344,0.27288350236931863,False,True
double,701,FR4-1;FR5-1;FR5-3,AGUA-M;FR4-3;FR5-2,FR5-4;FR5-5;NPY-M,1.4811628190493957,0.33053090879737324,False,True
double,702,FR4-1;FR5-1;FR5-3,AGUA-M;FR4-3;FR5-4,FR5-2;FR5-5;NPY-M,0.5490617313705136,0.15470616544009416,False,False
double,703,FR4-1;FR5-1;FR5-3,AGUA-M;FR4-3;FR5-5,FR5-2;FR5-4;NPY-M,0.6538565771085745,0.1789497106167189,False,False
double,704,FR4-1;FR5-1;FR5-3,AGUA-M;FR4-3;NPY-M,FR5-2;FR5-4;FR5-5,0.4470755942526205,0.12969706698571937,False,False
double,705,FR4-1;FR5-1;FR5-3,AGUA-M;FR5-2;FR5-4,FR4-3;FR5-5;NPY-M,0.4007653570058092,0.11784563618310365,False,False
double,706,FR4-1;FR5-1;FR5-3,AGUA-M;FR5-2;FR5-5,FR4-3;FR5-4;NPY-M,0.9506398676170768,0.2406293409352136,False,True
double,707,FR4-1;FR5-1;FR5-3,AGUA-M;FR5-2;NPY-M,FR4-3;FR5-4;FR5-5,0.5662710414794979,0.15878519464537824,False,False
double,708,FR4-1;FR5-1;FR5-3,AGUA-M;FR5-4;FR5-5,FR4-3;FR5-2;NPY-M,0.714277980722236,0.19230601059733973,False,False
double,709,FR4-1;FR5-1;FR5-3,AGUA-M;FR5-4;NPY-M,FR4-3;FR5-2;FR5-5,0.9845579365554421,0.24709339209823852,False,True
double,710,FR4-1;FR5-1;FR5-3,AGUA-M;FR5-5;NPY-M,FR4-3;FR5-2;FR5-4,0.6041972260533113,0.1676371153292637,False,False
double,711,FR4-1;FR5-1;FR5-3,FR4-3;FR5-2;FR5-4,AGUA-M;FR5-5;NPY-M,0.6041972260533113,0.1676371153292637,False,False
double,712,FR4-1;FR5-1;FR5-3,FR4-3;FR5-2;FR5-5,AGUA-M;FR5-4;NPY-M,0.9845579365554421,0.24709339209823852,False,True
double,713,FR4-1;FR5-1;FR5-3,FR4-3;FR5-2;NPY-M,AGUA-M;FR5-4;FR5-5,0.7142779807222361,0.19230601059733976,False,False
double,714,FR4-1;FR5-1;FR5-3,FR4-3;FR5-4;FR5-5,AGUA-M;FR5-2;NPY-M,0.566271041479498,0.15878519464537827,False,False
double,715,FR4-1;FR5-1;FR5-3,FR4-3;FR5-4;NPY-M,AGUA-M;FR5-2;FR5-5,0.9506398676170765,0.24062934093521357,False,True
double,716,FR4-1;FR5-1;FR5-3,FR4-3;FR5-5;NPY-M,AGUA-M;FR5-2;FR5-4,0.40076535700580923,0.11784563618310367,False,False
double,717,FR4-1;FR5-1;FR5-3,FR5-2;FR5-4;FR5-5,AGUA-M;FR4-3;NPY-M,0.4470755942526206,0.1296970669857194,False,False
double,718,FR4-1;FR5-1;FR5-3,FR5-2;FR5-4;NPY-M,AGUA-M;FR4-3;FR5-5,0.6538565771085744,0.17894971061671885,False,False
double,719,FR4-1;FR5-1;FR5-3,FR5-2;FR5-5;NPY-M,AGUA-M;FR4-3;FR5-4,0.5490617313705137,0.15470616544009416,False,False
double,720,FR4-1;FR5-1;FR5-3,FR5-4;FR5-5;NPY-M,AGUA-M;FR4-3;FR5-2,1.4811628190493957,0.33053090879737324,False,True
double,721,FR4-1;FR5-1;FR5-4,AGUA-M;FR4-3;FR5-2,FR5-3;FR5-5;NPY-M,1.5851163705282056,0.34570908182764404,False,True
double,722,FR4-1;FR5-1;FR5-4,AGUA-M;FR4-3;FR5-3,FR5-2;FR5-5;NPY-M,0.6771329601682226,0.18414698829308715,False,False
double,723,FR4-1;FR5-1;FR5-4,AGUA-M;FR4-3;FR5-5,FR5-2;FR5-3;NPY-M,0.7733819363334656,0.20495723713697223,False,False
double,724,FR4-1;FR5-1;FR5-4,AGUA-M;FR4-3;NPY-M,FR5-2;FR5-3;FR5-5,0.38096622411763886,0.11267968943317766,False,False
double,725,FR4-1;FR5-1;FR5-4,AGUA-M;FR5-2;FR5-3,FR4-3;FR5-5;NPY-M,0.5368666264451296,0.15179159497589792,False,False
double,726,FR4-1;FR5-1;FR5-4,AGUA-M;FR5-2;FR5-5,FR4-3;FR5-3;NPY-M,1.0657663815281584,0.2621317315156656,False,True
double,727,FR4-1;FR5-1;FR5-4,AGUA-M;FR5-2;NPY-M,FR4-3;FR5-3;FR5-5,0.47730408139693586,0.13726268115303528,False,False
double,728,FR4-1;FR5-1;FR5-4,AGUA-M;FR5-3;FR5-5,FR4-3;FR5-2;NPY-M,0.8237146020235119,0.21542261590015158,False,False
double,729,FR4-1;FR5-1;FR5-4,AGUA-M;FR5-3;NPY-M,FR4-3;FR5-2;FR5-5,1.3683058536873927,0.3132349014738454,False,True
double,730,FR4-1;FR5-1;FR5-4,AGUA-M;FR5-5;NPY-M,FR4-3;FR5-2;FR5-3,0.5584822847255417,0.15694395532690317,False,False
double,731,FR4-1;FR5-1;FR5-4,FR4-3;FR5-2;FR5-3,AGUA-M;FR5-5;NPY-M,0.5584822847255417,0.15694395532690317,False,False
double,732,FR4-1;FR5-1;FR5-4,FR4-3;FR5-2;FR5-5,AGUA-M;FR5-3;NPY-M,1.3683058536873927,0.3132349014738454,False,True
double,733,FR4-1;FR5-1;FR5-4,FR4-3;FR5-2;NPY-M,AGUA-M;FR5-3;FR5-5,0.8237146020235119,0.21542261590015158,False,False
double,734,FR4-1;FR5-1;FR5-4,FR4-3;FR5-3;FR5-5,AGUA-M;FR5-2;NPY-M,0.47730408139693586,0.13726268115303528,False,False
double,735,FR4-1;FR5-1;FR5-4,FR4-3;FR5-3;NPY-M,AGUA-M;FR5-2;FR5-5,1.0657663815281584,0.2621317315156656,False,True
double,736,FR4-1;FR5-1;FR5-4,FR4-3;FR5-5;NPY-M,AGUA-M;FR5-2;FR5-3,0.5368666264451296,0.15179159497589792,False,False
double,737,FR4-1;FR5-1;FR5-4,FR5-2;FR5-3;FR5-5,AGUA-M;FR4-3;NPY-M,0.38096622411763886,0.11267968943317766,False,False
double,738,FR4-1;FR5-1;FR5-4,FR5-2;FR5-3;NPY-M,AGUA-M;FR4-3;FR5-5,0.7733819363334656,0.20495723713697223,False,False
double,739,FR4-1;FR5-1;FR5-4,FR5-2;FR5-5;NPY-M,AGUA-M;FR4-3;FR5-3,0.6771329601682226,0.18414698829308715,False,False
double,740,FR4-1;FR5-1;FR5-4,FR5-3;FR5-5;NPY-M,AGUA-M;FR4-3;FR5-2,1.5851163705282056,0.34570908182764404,False,True
double,741,FR4-1;FR5-1;FR5-5,AGUA-M;FR4-3;FR5-2,FR5-3;FR5-4;NPY-M,2.613680727906098,0.46559126793821076,False,True
double,742,FR4-1;FR5-1;FR5-5,AGUA-M;FR4-3;FR5-3,FR5-2;FR5-4;NPY-M,0.6114275043468609,0.16930355201950528,False,False
double,743,FR4-1;FR5-1;FR5-5,AGUA-M;FR4-3;FR5-4,FR5-2;FR5-3;NPY-M,0.5965627894854602,0.16587025568676558,False,False
double,744,FR4-1;FR5-1;FR5-5,AGUA-M;FR4-3;NPY-M,FR5-2;FR5-3;FR5-4,0.45400031090743953,0.13144188478320198,False,False
double,745,FR4-1;FR5-1;FR5-5,AGUA-M;FR5-2;FR5-3,FR4-3;FR5-4;NPY-M,0.6864920570763506,0.1862182384900586,False,False
double,746,FR4-1;FR5-1;FR5-5,AGUA-M;FR5-2;FR5-4,FR4-3;FR5-3;NPY-M,0.6309707437901717,0.1737746702777164,False,False
double,747,FR4-1;FR5-1;FR5-5,AGUA-M;FR5-2;NPY-M,FR4-3;FR5-3;FR5-4,0.7749854788863956,0.20529495629080222,False,False
double,748,FR4-1;FR5-1;FR5-5,AGUA-M;FR5-3;FR5-4,FR4-3;FR5-2;NPY-M,1.0638907402876774,0.2617911770463509,False,True
double,749,FR4-1;FR5-1;FR5-5,AGUA-M;FR5-3;NPY-M,FR4-3;FR5-2;FR5-4,0.9816396203828321,0.24654155422746374,False,True
double,750,FR4-1;FR5-1;FR5-5,AGUA-M;FR5-4;NPY-M,FR4-3;FR5-2;FR5-3,0.6131818333290681,0.16970688484949628,False,False
double,751,FR4-1;FR5-1;FR5-5,FR4-3;FR5-2;FR5-3,AGUA-M;FR5-4;NPY-M,0.6131818333290681,0.16970688484949628,False,False
double,752,FR4-1;FR5-1;FR5-5,FR4-3;FR5-2;FR5-4,AGUA-M;FR5-3;NPY-M,0.9816396203828319,0.2465415542274637,False,True
double,753,FR4-1;FR5-1;FR5-5,FR4-3;FR5-2;NPY-M,AGUA-M;FR5-3;FR5-4,1.0638907402876774,0.2617911770463509,False,True
double,754,FR4-1;FR5-1;FR5-5,FR4-3;FR5-3;FR5-4,AGUA-M;FR5-2;NPY-M,0.7749854788863956,0.20529495629080222,False,False
double,755,FR4-1;FR5-1;FR5-5,FR4-3;FR5-3;NPY-M,AGUA-M;FR5-2;FR5-4,0.6309707437901718,0.17377467027771643,False,False
double,756,FR4-1;FR5-1;FR5-5,FR4-3;FR5-4;NPY-M,AGUA-M;FR5-2;FR5-3,0.6864920570763506,0.1862182384900586,False,False
double,757,FR4-1;FR5-1;FR5-5,FR5-2;FR5-3;FR5-4,AGUA-M;FR4-3;NPY-M,0.4540003109074396,0.131441884783202,False,False
double,758,FR4-1;FR5-1;FR5-5,FR5-2;FR5-3;NPY-M,AGUA-M;FR4-3;FR5-4,0.5965627894854602,0.16587025568676558,False,False
double,759,FR4-1;FR5-1;FR5-5,FR5-2;FR5-4;NPY-M,AGUA-M;FR4-3;FR5-3,0.6114275043468609,0.16930355201950528,False,False
double,760,FR4-1;FR5-1;FR5-5,FR5-3;FR5-4;NPY-M,AGUA-M;FR4-3;FR5-2,2.613680727906098,0.46559126793821076,False,True
double,761,FR4-1;FR5-1;NPY-M,AGUA-M;FR4-3;FR5-2,FR5-3;FR5-4;FR5-5,1.7858497775238125,0.3731520755020035,False,True
double,762,FR4-1;FR5-1;NPY-M,AGUA-M;FR4-3;FR5-3,FR5-2;FR5-4;FR5-5,0.6955143870272882,0.18820502755146018,False,False
double,763,FR4-1;FR5-1;NPY-M,AGUA-M;FR4-3;FR5-4,FR5-2;FR5-3;FR5-5,0.4954720761749846,0.14174682714592543,False,False
double,764,FR4-1;FR5-1;NPY-M,AGUA-M;FR4-3;FR5-5,FR5-2;FR5-3;FR5-4,0.7481072243399798,0.19959600394615637,False,False
double,765,FR4-1;FR5-1;NPY-M,AGUA-M;FR5-2;FR5-3,FR4-3;FR5-4;FR5-5,0.6983341001518215,0.18882396269259558,False,False
double,766,FR4-1;FR5-1;NPY-M,AGUA-M;FR5-2;FR5-4,FR4-3;FR5-3;FR5-5,0.4616269609905781,0.1333554904074583,False,False
double,767,FR4-1;FR5-1;NPY-M,AGUA-M;FR5-2;FR5-5,FR4-3;FR5-3;FR5-4,1.2238340713699596,0.2897448267831745,False,True
double,768,FR4-1;FR5-1;NPY-M,AGUA-M;FR5-3;FR5-4,FR4-3;FR5-2;FR5-5,1.4958143865394113,0.332712665144255,False,True
double,769,FR4-1;FR5-1;NPY-M,AGUA-M;FR5-3;FR5-5,FR4-3;FR5-2;FR5-4,0.8444325101310145,0.2196507567516739,False,False
double,770,FR4-1;FR5-1;NPY-M,AGUA-M;FR5-4;FR5-5,FR4-3;FR5-2;FR5-3,0.684783891699541,0.18584099144650154,False,False
double,771,FR4-1;FR5-1;NPY-M,FR4-3;FR5-2;FR5-3,AGUA-M;FR5-4;FR5-5,0.684783891699541,0.18584099144650154,False,False
double,772,FR4-1;FR5-1;NPY-M,FR4-3;FR5-2;FR5-4,AGUA-M;FR5-3;FR5-5,0.8444325101310145,0.2196507567516739,False,False
double,773,FR4-1;FR5-1;NPY-M,FR4-3;FR5-2;FR5-5,AGUA-M;FR5-3;FR5-4,1.4958143865394113,0.332712665144255,False,True
double,774,FR4-1;FR5-1;NPY-M,FR4-3;FR5-3;FR5-4,AGUA-M;FR5-2;FR5-5,1.2238340713699596,0.2897448267831745,False,True
double,775,FR4-1;FR5-1;NPY-M,FR4-3;FR5-3;FR5-5,AGUA-M;FR5-2;FR5-4,0.4616269609905781,0.1333554904074583,False,False
double,776,FR4-1;FR5-1;NPY-M,FR4-3;FR5-4;FR5-5,AGUA-M;FR5-2;FR5-3,0.6983341001518215,0.18882396269259558,False,False
double,777,FR4-1;FR5-1;NPY-M,FR5-2;FR5-3;FR5-4,AGUA-M;FR4-3;FR5-5,0.7481072243399798,0.19959600394615637,False,False
double,778,FR4-1;FR5-1;NPY-M,FR5-2;FR5-3;FR5-5,AGUA-M;FR4-3;FR5-4,0.4954720761749846,0.14174682714592543,False,False
double,779,FR4-1;FR5-1;NPY-M,FR5-2;FR5-4;FR5-5,AGUA-M;FR4-3;FR5-3,0.6955143870272882,0.18820502755146018,False,False
double,780,FR4-1;FR5-1;NPY-M,FR5-3;FR5-4;FR5-5,AGUA-M;FR4-3;FR5-2,1.7858497775238125,0.3731520755020035,False,True
double,781,FR4-1;FR5-2;FR5-3,AGUA-M;FR4-3;FR5-1,FR5-4;FR5-5;NPY-M,0.709081695852554,0.19117446149688203,False,False
double,782,FR4-1;FR5-2;FR5-3,AGUA-M;FR4-3;FR5-4,FR5-1;FR5-5;NPY-M,0.5869525554247667,0.1636354388175786,False,False
double,783,FR4-1;FR5-2;FR5-3,AGUA-M;FR4-3;FR5-5,FR5-1;FR5-4;NPY-M,1.262344486930874,0.2961620044558699,False,True
double,784,FR4-1;FR5-2;FR5-3,AGUA-M;FR4-3;NPY-M,FR5-1;FR5-4;FR5-5,0.5249666066671771,0.14892810776540324,False,False
double,785,FR4-1;FR5-2;FR5-3,AGUA-M;FR5-1;FR5-4,FR4-3;FR5-5;NPY-M,0.4088668559515943,0.1199421606149701,False,False
double,786,FR4-1;FR5-2;FR5-3,AGUA-M;FR5-1;FR5-5,FR4-3;FR5-4;NPY-M,0.46597562314895924,0.13444284490541344,False,False
double,787,FR4-1;FR5-2;FR5-3,AGUA-M;FR5-1;NPY-M,FR4-3;FR5-4;FR5-5,0.5318215127085365,0.1505799516750452,False,False
double,788,FR4-1;FR5-2;FR5-3,AGUA-M;FR5-4;FR5-5,FR4-3;FR5-1;NPY-M,0.6060523956180908,0.16806533270413315,False,False
double,789,FR4-1;FR5-2;FR5-3,AGUA-M;FR5-4;NPY-M,FR4-3;FR5-1;FR5-5,0.4280678400993227,0.12487146114556477,False,False
double,790,FR4-1;FR5-2;FR5-3,AGUA-M;FR5-5;NPY-M,FR4-3;FR5-1;FR5-4,0.5448347352573513,0.15369820483825655,False,False
double,791,FR4-1;FR5-2;FR5-3,FR4-3;FR5-1;FR5-4,AGUA-M;FR5-5;NPY-M,0.5448347352573513,0.15369820483825655,False,False
double,792,FR4-1;FR5-2;FR5-3,FR4-3;FR5-1;FR5-5,AGUA-M;FR5-4;NPY-M,0.42806784009932275,0.12487146114556479,False,False
double,793,FR4-1;FR5-2;FR5-3,FR4-3;FR5-1;NPY-M,AGUA-M;FR5-4;FR5-5,0.6060523956180908,0.16806533270413315,False,False
double,794,FR4-1;FR5-2;FR5-3,FR4-3;FR5-4;FR5-5,AGUA-M;FR5-1;NPY-M,0.5318215127085365,0.1505799516750452,False,False
double,795,FR4-1;FR5-2;FR5-3,FR4-3;FR5-4;NPY-M,AGUA-M;FR5-1;FR5-5,0.46597562314895935,0.13444284490541347,False,False
double,796,FR4-1;FR5-2;FR5-3,FR4-3;FR5-5;NPY-M,AGUA-M;FR5-1;FR5-4,0.4088668559515943,0.1199421606149701,False,False
double,797,FR4-1;FR5-2;FR5-3,FR5-1;FR5-4;FR5-5,AGUA-M;FR4-3;NPY-M,0.5249666066671771,0.14892810776540324,False,False
double,798,FR4-1;FR5-2;FR5-3,FR5-1;FR5-4;NPY-M,AGUA-M;FR4-3;FR5-5,1.262344486930874,0.2961620044558699,False,True
double,799,FR4-1;FR5-2;FR5-3,FR5-1;FR5-5;NPY-M,AGUA-M;FR4-3;FR5-4,0.5869525554247667,0.1636354388175786,False,False
double,800,FR4-1;FR5-2;FR5-3,FR5-4;FR5-5;NPY-M,AGUA-M;FR4-3;FR5-1,0.7090816958525541,0.19117446149688208,False,False
double,801,FR4-1;FR5-2;FR5-4,AGUA-M;FR4-3;FR5-1,FR5-3;FR5-5;NPY-M,0.9554787707064678,0.24155831091360266,False,True
double,802,FR4-1;FR5-2;FR5-4,AGUA-M;FR4-3;FR5-3,FR5-1;FR5-5;NPY-M,0.8874300705711182,0.22828193805702138,False,False
double,803,FR4-1;FR5-2;FR5-4,AGUA-M;FR4-3;FR5-5,FR5-1;FR5-3;NPY-M,1.938929183717756,0.3925808837490227,False,True
double,804,FR4-1;FR5-2;FR5-4,AGUA-M;FR4-3;NPY-M,FR5-1;FR5-3;FR5-5,0.7609164501246288,0.20232208298576101,False,False
double,805,FR4-1;FR5-2;FR5-4,AGUA-M;FR5-1;FR5-3,FR4-3;FR5-5;NPY-M,0.8674719075332544,0.22429947218066393,False,False
double,806,FR4-1;FR5-2;FR5-4,AGUA-M;FR5-1;FR5-5,FR4-3;FR5-3;NPY-M,0.7089737060152569,0.19115091187231525,False,False
double,807,FR4-1;FR5-2;FR5-4,AGUA-M;FR5-1;NPY-M,FR4-3;FR5-3;FR5-5,0.5896465171013816,0.16426311456915196,False,False
double,808,FR4-1;FR5-2;FR5-4,AGUA-M;FR5-3;FR5-5,FR4-3;FR5-1;NPY-M,0.8779110260077322,0.22638761439339472,False,False
double,809,FR4-1;FR5-2;FR5-4,AGUA-M;FR5-3;NPY-M,FR4-3;FR5-1;FR5-5,0.8770642223551259,0.22621864690762142,False,False
double,810,FR4-1;FR5-2;FR5-4,AGUA-M;FR5-5;NPY-M,FR4-3;FR5-1;FR5-3,0.8139620389746709,0.21341639760879552,False,False
double,811,FR4-1;FR5-2;FR5-4,FR4-3;FR5-1;FR5-3,AGUA-M;FR5-5;NPY-M,0.8139620389746709,0.21341639760879552,False,False
double,812,FR4-1;FR5-2;FR5-4,FR4-3;FR5-1;FR5-5,AGUA-M;FR5-3;NPY-M,0.8770642223551259,0.22621864690762142,False,False
double,813,FR4-1;FR5-2;FR5-4,FR4-3;FR5-1;NPY-M,AGUA-M;FR5-3;FR5-5,0.8779110260077319,0.2263876143933947,False,False
double,814,FR4-1;FR5-2;FR5-4,FR4-3;FR5-3;FR5-5,AGUA-M;FR5-1;NPY-M,0.5896465171013815,0.16426311456915196,False,False
double,815,FR4-1;FR5-2;FR5-4,FR4-3;FR5-3;NPY-M,AGUA-M;FR5-1;FR5-5,0.7089737060152569,0.19115091187231525,False,False
double,816,FR4-1;FR5-2;FR5-4,FR4-3;FR5-5;NPY-M,AGUA-M;FR5-1;FR5-3,0.8674719075332546,0.22429947218066396,False,False
double,817,FR4-1;FR5-2;FR5-4,FR5-1;FR5-3;FR5-5,AGUA-M;FR4-3;NPY-M,0.7609164501246288,0.20232208298576101,False,False
double,818,FR4-1;FR5-2;FR5-4,FR5-1;FR5-3;NPY-M,AGUA-M;FR4-3;FR5-5,1.938929183717756,0.3925808837490227,False,True
double,819,FR4-1;FR5-2;FR5-4,FR5-1;FR5-5;NPY-M,AGUA-M;FR4-3;FR5-3,0.8874300705711182,0.22828193805702138,False,False
double,820,FR4-1;FR5-2;FR5-4,FR5-3;FR5-5;NPY-M,AGUA-M;FR4-3;FR5-1,0.9554787707064678,0.24155831091360266,False,True
double,821,FR4-1;FR5-2;FR5-5,AGUA-M;FR4-3;FR5-1,FR5-3;FR5-4;NPY-M,2.6574260766313875,0.4697235174858359,False,True
double,822,FR4-1;FR5-2;FR5-5,AGUA-M;FR4-3;FR5-3,FR5-1;FR5-4;NPY-M,2.2631998406553717,0.43000454270677263,False,True
double,823,FR4-1;FR5-2;FR5-5,AGUA-M;FR4-3;FR5-4,FR5-1;FR5-3;NPY-M,2.5738970082565875,0.46177692276048266,False,True
double,824,FR4-1;FR5-2;FR5-5,AGUA-M;FR4-3;NPY-M,FR5-1;FR5-3;FR5-4,2.334758963582189,0.4376503192591185,False,True
double,825,FR4-1;FR5-2;FR5-5,AGUA-M;FR5-1;FR5-3,FR4-3;FR5-4;NPY-M,1.7394048972271976,0.36700913615649117,False,True
double,826,FR4-1;FR5-2;FR5-5,AGUA-M;FR5-1;FR5-4,FR4-3;FR5-3;NPY-M,1.4076156588328874,0.3193598915576991,False,True
double,827,FR4-1;FR5-2;FR5-5,AGUA-M;FR5-1;NPY-M,FR4-3;FR5-3;FR5-4,1.5494415807146529,0.3405784101685855,False,True
double,828,FR4-1;FR5-2;FR5-5,AGUA-M;FR5-3;FR5-4,FR4-3;FR5-1;NPY-M,1.846833564611484,0.3810391960012606,False,True
double,829,FR4-1;FR5-2;FR5-5,AGUA-M;FR5-3;NPY-M,FR4-3;FR5-1;FR5-4,1.8083961565958353,0.37609134058457283,False,True
double,830,FR4-1;FR5-2;FR5-5,AGUA-M;FR5-4;NPY-M,FR4-3;FR5-1;FR5-3,1.5076337742130357,0.3344623475930552,False,True
double,831,FR4-1;FR5-2;FR5-5,FR4-3;FR5-1;FR5-3,AGUA-M;FR5-4;NPY-M,1.5076337742130357,0.3344623475930552,False,True
double,832,FR4-1;FR5-2;FR5-5,FR4-3;FR5-1;FR5-4,AGUA-M;FR5-3;NPY-M,1.8083961565958353,0.37609134058457283,False,True
double,833,FR4-1;FR5-2;FR5-5,FR4-3;FR5-1;NPY-M,AGUA-M;FR5-3;FR5-4,1.846833564611484,0.3810391960012606,False,True
double,834,FR4-1;FR5-2;FR5-5,FR4-3;FR5-3;FR5-4,AGUA-M;FR5-1;NPY-M,1.5494415807146529,0.3405784101685855,False,True
double,835,FR4-1;FR5-2;FR5-5,FR4-3;FR5-3;NPY-M,AGUA-M;FR5-1;FR5-4,1.4076156588328874,0.3193598915576991,False,True
double,836,FR4-1;FR5-2;FR5-5,FR4-3;FR5-4;NPY-M,AGUA-M;FR5-1;FR5-3,1.7394048972271978,0.3670091361564912,False,True
double,837,FR4-1;FR5-2;FR5-5,FR5-1;FR5-3;FR5-4,AGUA-M;FR4-3;NPY-M,2.3347589635821886,0.4376503192591184,False,True
double,838,FR4-1;FR5-2;FR5-5,FR5-1;FR5-3;NPY-M,AGUA-M;FR4-3;FR5-4,2.5738970082565875,0.46177692276048266,False,True
double,839,FR4-1;FR5-2;FR5-5,FR5-1;FR5-4;NPY-M,AGUA-M;FR4-3;FR5-3,2.263199840655371,0.4300045427067725,False,True
double,840,FR4-1;FR5-2;FR5-5,FR5-3;FR5-4;NPY-M,AGUA-M;FR4-3;FR5-1,2.657426076631387,0.46972351748583585,False,True
double,841,FR4-1;FR5-2;NPY-M,AGUA-M;FR4-3;FR5-1,FR5-3;FR5-4;FR5-5,1.1626374185946942,0.2793030719901616,False,True
double,842,FR4-1;FR5-2;NPY-M,AGUA-M;FR4-3;FR5-3,FR5-1;FR5-4;FR5-5,1.0157605866091626,0.25294351211979316,False,True
double,843,FR4-1;FR5-2;NPY-M,AGUA-M;FR4-3;FR5-4,FR5-1;FR5-3;FR5-5,0.9561708392282944,0.2416909881007082,False,True
double,844,FR4-1;FR5-2;NPY-M,AGUA-M;FR4-3;FR5-5,FR5-1;FR5-3;FR5-4,2.06605447198567,0.4078231853626058,False,True
double,845,FR4-1;FR5-2;NPY-M,AGUA-M;FR5-1;FR5-3,FR4-3;FR5-4;FR5-5,1.118806180605636,0.271633607299561,False,True
double,846,FR4-1;FR5-2;NPY-M,AGUA-M;FR5-1;FR5-4,FR4-3;FR5-3;FR5-5,0.6628223493973964,0.18095945862797388,False,False
double,847,FR4-1;FR5-2;NPY-M,AGUA-M;FR5-1;FR5-5,FR4-3;FR5-3;FR5-4,0.8913825601890206,0.22906577454202356,False,False
double,848,FR4-1;FR5-2;NPY-M,AGUA-M;FR5-3;FR5-4,FR4-3;FR5-1;FR5-5,1.0322481897366698,0.2559981779802304,False,True
double,849,FR4-1;FR5-2;NPY-M,AGUA-M;FR5-3;FR5-5,FR4-3;FR5-1;FR5-4,1.006513469340823,0.2512192900493159,False,True
double,850,FR4-1;FR5-2;NPY-M,AGUA-M;FR5-4;FR5-5,FR4-3;FR5-1;FR5-3,1.013996544401489,0.2526152011305934,False,True
double,851,FR4-1;FR5-2;NPY-M,FR4-3;FR5-1;FR5-3,AGUA-M;FR5-4;FR5-5,1.013996544401489,0.2526152011305934,False,True
double,852,FR4-1;FR5-2;NPY-M,FR4-3;FR5-1;FR5-4,AGUA-M;FR5-3;FR5-5,1.0065134693408235,0.2512192900493159,False,True
double,853,FR4-1;FR5-2;NPY-M,FR4-3;FR5-1;FR5-5,AGUA-M;FR5-3;FR5-4,1.0322481897366698,0.2559981779802304,False,True
double,854,FR4-1;FR5-2;NPY-M,FR4-3;FR5-3;FR5-4,AGUA-M;FR5-1;FR5-5,0.8913825601890206,0.22906577454202356,False,False
double,855,FR4-1;FR5-2;NPY-M,FR4-3;FR5-3;FR5-5,AGUA-M;FR5-1;FR5-4,0.6628223493973965,0.18095945862797394,False,False
double,856,FR4-1;FR5-2;NPY-M,FR4-3;FR5-4;FR5-5,AGUA-M;FR5-1;FR5-3,1.118806180605636,0.271633607299561,False,True
double,857,FR4-1;FR5-2;NPY-M,FR5-1;FR5-3;FR5-4,AGUA-M;FR4-3;FR5-5,2.06605447198567,0.4078231853626058,False,True
double,858,FR4-1;FR5-2;NPY-M,FR5-1;FR5-3;FR5-5,AGUA-M;FR4-3;FR5-4,0.9561708392282944,0.2416909881007082,False,True
double,859,FR4-1;FR5-2;NPY-M,FR5-1;FR5-4;FR5-5,AGUA-M;FR4-3;FR5-3,1.0157605866091626,0.25294351211979316,False,True
double,860,FR4-1;FR5-2;NPY-M,FR5-3;FR5-4;FR5-5,AGUA-M;FR4-3;FR5-1,1.1626374185946942,0.2793030719901616,False,True
double,861,FR4-1;FR5-3;FR5-4,AGUA-M;FR4-3;FR5-1,FR5-2;FR5-5;NPY-M,0.550667852309679,0.15508852847260107,False,False
double,862,FR4-1;FR5-3;FR5-4,AGUA-M;FR4-3;FR5-2,FR5-1;FR5-5;NPY-M,1.3064730184636173,0.30337424915057665,False,True
double,863,FR4-1;FR5-3;FR5-4,AGUA-M;FR4-3;FR5-5,FR5-1;FR5-2;NPY-M,0.6983633746969053,0.18883038358937318,False,False
double,864,FR4-1;FR5-3;FR5-4,AGUA-M;FR4-3;NPY-M,FR5-1;FR5-2;FR5-5,0.3704542082250461,0.10991225079427361,False,False
double,865,FR4-1;FR5-3;FR5-4,AGUA-M;FR5-1;FR5-2,FR4-3;FR5-5;NPY-M,0.42733592918255603,0.12468457659604984,False,False
double,866,FR4-1;FR5-3;FR5-4,AGUA-M;FR5-1;FR5-5,FR4-3;FR5-2;NPY-M,0.5804120742075809,0.1621076183908351,False,False
double,867,FR4-1;FR5-3;FR5-4,AGUA-M;FR5-1;NPY-M,FR4-3;FR5-2;FR5-5,0.9817396837080877,0.24656048905583394,False,True
double,868,FR4-1;FR5-3;FR5-4,AGUA-M;FR5-2;FR5-5,FR4-3;FR5-1;NPY-M,0.9685344771183042,0.2440534365274286,False,True
double,869,FR4-1;FR5-3;FR5-4,AGUA-M;FR5-2;NPY-M,FR4-3;FR5-1;FR5-5,0.45838787446853907,0.13254380107349323,False,False
double,870,FR4-1;FR5-3;FR5-4,AGUA-M;FR5-5;NPY-M,FR4-3;FR5-1;FR5-2,0.6515587877314809,0.1784330543768295,False,False
double,871,FR4-1;FR5-3;FR5-4,FR4-3;FR5-1;FR5-2,AGUA-M;FR5-5;NPY-M,0.6515587877314808,0.17843305437682946,False,False
double,872,FR4-1;FR5-3;FR5-4,FR4-3;FR5-1;FR5-5,AGUA-M;FR5-2;NPY-M,0.45838787446853907,0.13254380107349323,False,False
double,873,FR4-1;FR5-3;FR5-4,FR4-3;FR5-1;NPY-M,AGUA-M;FR5-2;FR5-5,0.9685344771183042,0.2440534365274286,False,True
double,874,FR4-1;FR5-3;FR5-4,FR4-3;FR5-2;FR5-5,AGUA-M;FR5-1;NPY-M,0.9817396837080877,0.24656048905583394,False,True
double,875,FR4-1;FR5-3;FR5-4,FR4-3;FR5-2;NPY-M,AGUA-M;FR5-1;FR5-5,0.5804120742075809,0.1621076183908351,False,False
double,876,FR4-1;FR5-3;FR5-4,FR4-3;FR5-5;NPY-M,AGUA-M;FR5-1;FR5-2,0.42733592918255603,0.12468457659604984,False,False
double,877,FR4-1;FR5-3;FR5-4,FR5-1;FR5-2;FR5-5,AGUA-M;FR4-3;NPY-M,0.3704542082250461,0.10991225079427361,False,False
double,878,FR4-1;FR5-3;FR5-4,FR5-1;FR5-2;NPY-M,AGUA-M;FR4-3;FR5-5,0.6983633746969053,0.18883038358937318,False,False
double,879,FR4-1;FR5-3;FR5-4,FR5-1;FR5-5;NPY-M,AGUA-M;FR4-3;FR5-2,1.3064730184636173,0.30337424915057665,False,True
double,880,FR4-1;FR5-3;FR5-4,FR5-2;FR5-5;NPY-M,AGUA-M;FR4-3;FR5-1,0.550667852309679,0.15508852847260107,False,False
double,881,FR4-1;FR5-3;FR5-5,AGUA-M;FR4-3;FR5-1,FR5-2;FR5-4;NPY-M,0.3852498648254464,0.1138024902765371,False,False
double,882,FR4-1;FR5-3;FR5-5,AGUA-M;FR4-3;FR5-2,FR5-1;FR5-4;NPY-M,1.7647123983036652,0.3703712314161792,False,True
double,883,FR4-1;FR5-3;FR5-5,AGUA-M;FR4-3;FR5-4,FR5-1;FR5-2;NPY-M,0.4219262441912556,0.1233008002166845,False,False
double,884,FR4-1;FR5-3;FR5-5,AGUA-M;FR4-3;NPY-M,FR5-1;FR5-2;FR5-4,0.2460128547558428,0.0757892422993338,False,False
double,885,FR4-1;FR5-3;FR5-5,AGUA-M;FR5-1;FR5-2,FR4-3;FR5-4;NPY-M,0.45888556889474025,0.13266861818772846,False,False
double,886,FR4-1;FR5-3;FR5-5,AGUA-M;FR5-1;FR5-4,FR4-3;FR5-2;NPY-M,0.5527805999690424,0.15559097569207034,False,False
double,887,FR4-1;FR5-3;FR5-5,AGUA-M;FR5-1;NPY-M,FR4-3;FR5-2;FR5-4,0.5436888279273504,0.15342453988697016,False,False
double,888,FR4-1;FR5-3;FR5-5,AGUA-M;FR5-2;FR5-4,FR4-3;FR5-1;NPY-M,0.4453207010731309,0.12925377336699734,False,False
double,889,FR4-1;FR5-3;FR5-5,AGUA-M;FR5-2;NPY-M,FR4-3;FR5-1;FR5-4,0.5198496680764247,0.14769087236629602,False,False
double,890,FR4-1;FR5-3;FR5-5,AGUA-M;FR5-4;NPY-M,FR4-3;FR5-1;FR5-2,0.5917535435230893,0.16475338197694053,False,False
double,891,FR4-1;FR5-3;FR5-5,FR4-3;FR5-1;FR5-2,AGUA-M;FR5-4;NPY-M,0.5917535435230893,0.16475338197694053,False,False
double,892,FR4-1;FR5-3;FR5-5,FR4-3;FR5-1;FR5-4,AGUA-M;FR5-2;NPY-M,0.5198496680764247,0.14769087236629605,False,False
double,893,FR4-1;FR5-3;FR5-5,FR4-3;FR5-1;NPY-M,AGUA-M;FR5-2;FR5-4,0.4453207010731309,0.12925377336699734,False,False
double,894,FR4-1;FR5-3;FR5-5,FR4-3;FR5-2;FR5-4,AGUA-M;FR5-1;NPY-M,0.5436888279273504,0.15342453988697016,False,False
double,895,FR4-1;FR5-3;FR5-5,FR4-3;FR5-2;NPY-M,AGUA-M;FR5-1;FR5-4,0.5527805999690424,0.15559097569207034,False,False
double,896,FR4-1;FR5-3;FR5-5,FR4-3;FR5-4;NPY-M,AGUA-M;FR5-1;FR5-2,0.45888556889474025,0.13266861818772846,False,False
double,897,FR4-1;FR5-3;FR5-5,FR5-1;FR5-2;FR5-4,AGUA-M;FR4-3;NPY-M,0.2460128547558428,0.0757892422993338,False,False
double,898,FR4-1;FR5-3;FR5-5,FR5-1;FR5-2;NPY-M,AGUA-M;FR4-3;FR5-4,0.4219262441912555,0.12330080021668449,False,False
double,899,FR4-1;FR5-3;FR5-5,FR5-1;FR5-4;NPY-M,AGUA-M;FR4-3;FR5-2,1.7647123983036652,0.3703712314161792,False,True
double,900,FR4-1;FR5-3;FR5-5,FR5-2;FR5-4;NPY-M,AGUA-M;FR4-3;FR5-1,0.3852498648254464,0.1138024902765371,False,False
double,901,FR4-1;FR5-3;NPY-M,AGUA-M;FR4-3;FR5-1,FR5-2;FR5-4;FR5-5,0.5131412943967425,0.146063380717187,False,False
double,902,FR4-1;FR5-3;NPY-M,AGUA-M;FR4-3;FR5-2,FR5-1;FR5-4;FR5-5,1.3143794467843273,0.304650868797362,False,True
double,903,FR4-1;FR5-3;NPY-M,AGUA-M;FR4-3;FR5-4,FR5-1;FR5-2;FR5-5,0.4320866756612996,0.1258962014932343,False,False
double,904,FR4-1;FR5-3;NPY-M,AGUA-M;FR4-3;FR5-5,FR5-1;FR5-2;FR5-4,0.5599974888735354,0.1573027763709832,False,False
double,905,FR4-1;FR5-3;NPY-M,AGUA-M;FR5-1;FR5-2,FR4-3;FR5-4;FR5-5,0.5237478884319131,0.1486337572989604,False,False
double,906,FR4-1;FR5-3;NPY-M,AGUA-M;FR5-1;FR5-4,FR4-3;FR5-2;FR5-5,0.9467030832434333,0.23987187869866938,False,True
double,907,FR4-1;FR5-3;NPY-M,AGUA-M;FR5-1;FR5-5,FR4-3;FR5-2;FR5-4,0.5429691329511989,0.15325257222857036,False,False
double,908,FR4-1;FR5-3;NPY-M,AGUA-M;FR5-2;FR5-4,FR4-3;FR5-1;FR5-5,0.39195162159071933,0.11555342331412918,False,False
double,909,FR4-1;FR5-3;NPY-M,AGUA-M;FR5-2;FR5-5,FR4-3;FR5-1;FR5-4,0.976143972572234,0.24550015776736328,False,True
double,910,FR4-1;FR5-3;NPY-M,AGUA-M;FR5-4;FR5-5,FR4-3;FR5-1;FR5-2,0.7232249096735153,0.1942469034826408,False,False
double,911,FR4-1;FR5-3;NPY-M,FR4-3;FR5-1;FR5-2,AGUA-M;FR5-4;FR5-5,0.7232249096735153,0.1942469034826408,False,False
double,912,FR4-1;FR5-3;NPY-M,FR4-3;FR5-1;FR5-4,AGUA-M;FR5-2;FR5-5,0.976143972572234,0.24550015776736328,False,True
double,913,FR4-1;FR5-3;NPY-M,FR4-3;FR5-1;FR5-5,AGUA-M;FR5-2;FR5-4,0.39195162159071933,0.11555342331412918,False,False
double,914,FR4-1;FR5-3;NPY-M,FR4-3;FR5-2;FR5-4,AGUA-M;FR5-1;FR5-5,0.5429691329511989,0.15325257222857036,False,False
double,915,FR4-1;FR5-3;NPY-M,FR4-3;FR5-2;FR5-5,AGUA-M;FR5-1;FR5-4,0.9467030832434333,0.23987187869866938,False,True
double,916,FR4-1;FR5-3;NPY-M,FR4-3;FR5-4;FR5-5,AGUA-M;FR5-1;FR5-2,0.5237478884319131,0.1486337572989604,False,False
double,917,FR4-1;FR5-3;NPY-M,FR5-1;FR5-2;FR5-4,AGUA-M;FR4-3;FR5-5,0.5599974888735354,0.1573027763709832,False,False
double,918,FR4-1;FR5-3;NPY-M,FR5-1;FR5-2;FR5-5,AGUA-M;FR4-3;FR5-4,0.4320866756612996,0.1258962014932343,False,False
double,919,FR4-1;FR5-3;NPY-M,FR5-1;FR5-4;FR5-5,AGUA-M;FR4-3;FR5-2,1.3143794467843273,0.304650868797362,False,True
double,920,FR4-1;FR5-3;NPY-M,FR5-2;FR5-4;FR5-5,AGUA-M;FR4-3;FR5-1,0.5131412943967425,0.146063380717187,False,False
double,921,FR4-1;FR5-4;FR5-5,AGUA-M;FR4-3;FR5-1,FR5-2;FR5-3;NPY-M,0.6848022452501007,0.18584504667322269,False,False
double,922,FR4-1;FR5-4;FR5-5,AGUA-M;FR4-3;FR5-2,FR5-1;FR5-3;NPY-M,2.7429398578216766,0.4776194641993145,False,True
double,923,FR4-1;FR5-4;FR5-5,AGUA-M;FR4-3;FR5-3,FR5-1;FR5-2;NPY-M,0.7442743163077349,0.19877665294610972,False,False
double,924,FR4-1;FR5-4;FR5-5,AGUA-M;FR4-3;NPY-M,FR5-1;FR5-2;FR5-3,0.5329111110817983,0.15084192449965655,False,False
double,925,FR4-1;FR5-4;FR5-5,AGUA-M;FR5-1;FR5-2,FR4-3;FR5-3;NPY-M,0.7509660549524386,0.20020603864461275,False,False
double,926,FR4-1;FR5-4;FR5-5,AGUA-M;FR5-1;FR5-3,FR4-3;FR5-2;NPY-M,1.1139714957125129,0.2707776407477467,False,True
double,927,FR4-1;FR5-4;FR5-5,AGUA-M;FR5-1;NPY-M,FR4-3;FR5-2;FR5-3,0.6980717220009538,0.18876640976104186,False,False
double,928,FR4-1;FR5-4;FR5-5,AGUA-M;FR5-2;FR5-3,FR4-3;FR5-1;NPY-M,0.7937934749446153,0.20923476203622382,False,False
double,929,FR4-1;FR5-4;FR5-5,AGUA-M;FR5-2;NPY-M,FR4-3;FR5-1;FR5-3,0.8374871207285857,0.2182384186268175,False,False
double,930,FR4-1;FR5-4;FR5-5,AGUA-M;FR5-3;NPY-M,FR4-3;FR5-1;FR5-2,1.1489754424619623,0.2769299212289797,False,True
double,931,FR4-1;FR5-4;FR5-5,FR4-3;FR5-1;FR5-2,AGUA-M;FR5-3;NPY-M,1.1489754424619623,0.2769299212289797,False,True
double,932,FR4-1;FR5-4;FR5-5,FR4-3;FR5-1;FR5-3,AGUA-M;FR5-2;NPY-M,0.8374871207285859,0.21823841862681753,False,False
double,933,FR4-1;FR5-4;FR5-5,FR4-3;FR5-1;NPY-M,AGUA-M;FR5-2;FR5-3,0.7937934749446153,0.20923476203622382,False,False
double,934,FR4-1;FR5-4;FR5-5,FR4-3;FR5-2;FR5-3,AGUA-M;FR5-1;NPY-M,0.6980717220009538,0.18876640976104186,False,False
double,935,FR4-1;FR5-4;FR5-5,FR4-3;FR5-2;NPY-M,AGUA-M;FR5-1;FR5-3,1.1139714957125129,0.2707776407477467,False,True
double,936,FR4-1;FR5-4;FR5-5,FR4-3;FR5-3;NPY-M,AGUA-M;FR5-1;FR5-2,0.7509660549524386,0.20020603864461275,False,False
double,937,FR4-1;FR5-4;FR5-5,FR5-1;FR5-2;FR5-3,AGUA-M;FR4-3;NPY-M,0.5329111110817982,0.15084192449965653,False,False
double,938,FR4-1;FR5-4;FR5-5,FR5-1;FR5-2;NPY-M,AGUA-M;FR4-3;FR5-3,0.7442743163077349,0.19877665294610972,False,False
double,939,FR4-1;FR5-4;FR5-5,FR5-1;FR5-3;NPY-M,AGUA-M;FR4-3;FR5-2,2.7429398578216766,0.4776194641993145,False,True
double,940,FR4-1;FR5-4;FR5-5,FR5-2;FR5-3;NPY-M,AGUA-M;FR4-3;FR5-1,0.6848022452501007,0.18584504667322269,False,False
double,941,FR4-1;FR5-4;NPY-M,AGUA-M;FR4-3;FR5-1,FR5-2;FR5-3;FR5-5,0.4564447081513753,0.1320561289682824,False,False
double,942,FR4-1;FR5-4;NPY-M,AGUA-M;FR4-3;FR5-2,FR5-1;FR5-3;FR5-5,1.450043544841014,0.32584929343490715,False,True
double,943,FR4-1;FR5-4;NPY-M,AGUA-M;FR4-3;FR5-3,FR5-1;FR5-2;FR5-5,0.5644149491493781,0.15834715014986447,False,False
double,944,FR4-1;FR5-4;NPY-M,AGUA-M;FR4-3;FR5-5,FR5-1;FR5-2;FR5-3,0.7006452095208381,0.18933055449851086,False,False
double,945,FR4-1;FR5-4;NPY-M,AGUA-M;FR5-1;FR5-2,FR4-3;FR5-3;FR5-5,0.44875698194340374,0.13012136961025458,False,False
double,946,FR4-1;FR5-4;NPY-M,AGUA-M;FR5-1;FR5-3,FR4-3;FR5-2;FR5-5,1.3606783311488442,0.3120336396815507,False,True
double,947,FR4-1;FR5-4;NPY-M,AGUA-M;FR5-1;FR5-5,FR4-3;FR5-2;FR5-3,0.5111107732308309,0.14556953802984698,False,False
double,948,FR4-1;FR5-4;NPY-M,AGUA-M;FR5-2;FR5-3,FR4-3;FR5-1;FR5-5,0.5398627217677351,0.15250950791056062,False,False
double,949,FR4-1;FR5-4;NPY-M,AGUA-M;FR5-2;FR5-5,FR4-3;FR5-1;FR5-3,1.1266768748932838,0.2730227999550897,False,True
double,950,FR4-1;FR5-4;NPY-M,AGUA-M;FR5-3;FR5-5,FR4-3;FR5-1;FR5-2,0.8479971087417221,0.22037363458908973,False,False
double,951,FR4-1;FR5-4;NPY-M,FR4-3;FR5-1;FR5-2,AGUA-M;FR5-3;FR5-5,0.8479971087417221,0.22037363458908973,False,False
double,952,FR4-1;FR5-4;NPY-M,FR4-3;FR5-1;FR5-3,AGUA-M;FR5-2;FR5-5,1.1266768748932838,0.2730227999550897,False,True
double,953,FR4-1;FR5-4;NPY-M,FR4-3;FR5-1;FR5-5,AGUA-M;FR5-2;FR5-3,0.5398627217677351,0.15250950791056062,False,False
double,954,FR4-1;FR5-4;NPY-M,FR4-3;FR5-2;FR5-3,AGUA-M;FR5-1;FR5-5,0.5111107732308309,0.14556953802984698,False,False
double,955,FR4-1;FR5-4;NPY-M,FR4-3;FR5-2;FR5-5,AGUA-M;FR5-1;FR5-3,1.3606783311488442,0.3120336396815507,False,True
double,956,FR4-1;FR5-4;NPY-M,FR4-3;FR5-3;FR5-5,AGUA-M;FR5-1;FR5-2,0.44875698194340374,0.13012136961025458,False,False
double,957,FR4-1;FR5-4;NPY-M,FR5-1;FR5-2;FR5-3,AGUA-M;FR4-3;FR5-5,0.7006452095208381,0.18933055449851086,False,False
double,958,FR4-1;FR5-4;NPY-M,FR5-1;FR5-2;FR5-5,AGUA-M;FR4-3;FR5-3,0.5644149491493781,0.15834715014986447,False,False
double,959,FR4-1;FR5-4;NPY-M,FR5-1;FR5-3;FR5-5,AGUA-M;FR4-3;FR5-2,1.4500435448410136,0.32584929343490715,False,True
double,960,FR4-1;FR5-4;NPY-M,FR5-2;FR5-3;FR5-5,AGUA-M;FR4-3;FR5-1,0.4564447081513753,0.1320561289682824,False,False
double,961,FR4-1;FR5-5;NPY-M,AGUA-M;FR4-3;FR5-1,FR5-2;FR5-3;FR5-4,0.5628664689561164,0.157981354019431,False,False
double,962,FR4-1;FR5-5;NPY-M,AGUA-M;FR4-3;FR5-2,FR5-1;FR5-3;FR5-4,2.5561475831209686,0.46005753894772233,False,True
double,963,FR4-1;FR5-5;NPY-M,AGUA-M;FR4-3;FR5-3,FR5-1;FR5-2;FR5-4,0.5622251948740407,0.15782977327853098,False,False
double,964,FR4-1;FR5-5;NPY-M,AGUA-M;FR4-3;FR5-4,FR5-1;FR5-2;FR5-3,0.5604361602988638,0.1574066027494285,False,False
double,965,FR4-1;FR5-5;NPY-M,AGUA-M;FR5-1;FR5-2,FR4-3;FR5-3;FR5-4,0.7750886466888889,0.20531667444914578,False,False
double,966,FR4-1;FR5-5;NPY-M,AGUA-M;FR5-1;FR5-3,FR4-3;FR5-2;FR5-4,1.0133957632745472,0.2525033221362932,False,True
double,967,FR4-1;FR5-5;NPY-M,AGUA-M;FR5-1;FR5-4,FR4-3;FR5-2;FR5-3,0.6260723023559795,0.17265852695468856,False,False
double,968,FR4-1;FR5-5;NPY-M,AGUA-M;FR5-2;FR5-3,FR4-3;FR5-1;FR5-4,0.7559259630197754,0.20126221082696977,False,False
double,969,FR4-1;FR5-5;NPY-M,AGUA-M;FR5-2;FR5-4,FR4-3;FR5-1;FR5-3,0.7120846211371133,0.19182876841826474,False,False
double,970,FR4-1;FR5-5;NPY-M,AGUA-M;FR5-3;FR5-4,FR4-3;FR5-1;FR5-2,1.1316920395180172,0.27390522543641344,False,True
double,971,FR4-1;FR5-5;NPY-M,FR4-3;FR5-1;FR5-2,AGUA-M;FR5-3;FR5-4,1.1316920395180172,0.27390522543641344,False,True
double,972,FR4-1;FR5-5;NPY-M,FR4-3;FR5-1;FR5-3,AGUA-M;FR5-2;FR5-4,0.7120846211371135,0.19182876841826477,False,False
double,973,FR4-1;FR5-5;NPY-M,FR4-3;FR5-1;FR5-4,AGUA-M;FR5-2;FR5-3,0.7559259630197754,0.20126221082696977,False,False
double,974,FR4-1;FR5-5;NPY-M,FR4-3;FR5-2;FR5-3,AGUA-M;FR5-1;FR5-4,0.6260723023559795,0.17265852695468856,False,False
double,975,FR4-1;FR5-5;NPY-M,FR4-3;FR5-2;FR5-4,AGUA-M;FR5-1;FR5-3,1.0133957632745472,0.2525033221362932,False,True
double,976,FR4-1;FR5-5;NPY-M,FR4-3;FR5-3;FR5-4,AGUA-M;FR5-1;FR5-2,0.775088646688889,0.2053166744491458,False,False
double,977,FR4-1;FR5-5;NPY-M,FR5-1;FR5-2;FR5-3,AGUA-M;FR4-3;FR5-4,0.5604361602988637,0.15740660274942847,False,False
double,978,FR4-1;FR5-5;NPY-M,FR5-1;FR5-2;FR5-4,AGUA-M;FR4-3;FR5-3,0.5622251948740408,0.157829773278531,False,False
double,979,FR4-1;FR5-5;NPY-M,FR5-1;FR5-3;FR5-4,AGUA-M;FR4-3;FR5-2,2.5561475831209686,0.46005753894772233,False,True
double,980,FR4-1;FR5-5;NPY-M,FR5-2;FR5-3;FR5-4,AGUA-M;FR4-3;FR5-1,0.5628664689561164,0.157981354019431,False,False
double,981,FR4-3;FR5-1;FR5-2,AGUA-M;FR4-1;FR5-3,FR5-4;FR5-5;NPY-M,0.7319078431728325,0.19612162838152278,False,False
double,982,FR4-3;FR5-1;FR5-2,AGUA-M;FR4-1;FR5-4,FR5-3;FR5-5;NPY-M,0.7801061590953283,0.20637149494288987,False,False
double,983,FR4-3;FR5-1;FR5-2,AGUA-M;FR4-1;FR5-5,FR5-3;FR5-4;NPY-M,2.0584276699378083,0.40693033571894804,False,True
double,984,FR4-3;FR5-1;FR5-2,AGUA-M;FR4-1;NPY-M,FR5-3;FR5-4;FR5-5,0.8425933344344431,0.21927725915822338,False,False
double,985,FR4-3;FR5-1;FR5-2,AGUA-M;FR5-3;FR5-4,FR4-1;FR5-5;NPY-M,1.131692039518017,0.2739052254364134,False,True
double,986,FR4-3;FR5-1;FR5-2,AGUA-M;FR5-3;FR5-5,FR4-1;FR5-4;NPY-M,0.8479971087417221,0.22037363458908973,False,False
double,987,FR4-3;FR5-1;FR5-2,AGUA-M;FR5-3;NPY-M,FR4-1;FR5-4;FR5-5,1.1489754424619623,0.2769299212289797,False,True
double,988,FR4-3;FR5-1;FR5-2,AGUA-M;FR5-4;FR5-5,FR4-1;FR5-3;NPY-M,0.7232249096735153,0.1942469034826408,False,False
double,989,FR4-3;FR5-1;FR5-2,AGUA-M;FR5-4;NPY-M,FR4-1;FR5-3;FR5-5,0.5917535435230893,0.16475338197694053,False,False
double,990,FR4-3;FR5-1;FR5-2,AGUA-M;FR5-5;NPY-M,FR4-1;FR5-3;FR5-4,0.6515587877314808,0.17843305437682946,False,False
double,991,FR4-3;FR5-1;FR5-2,FR4-1;FR5-3;FR5-4,AGUA-M;FR5-5;NPY-M,0.6515587877314808,0.17843305437682946,False,False
double,992,FR4-3;FR5-1;FR5-2,FR4-1;FR5-3;FR5-5,AGUA-M;FR5-4;NPY-M,0.5917535435230893,0.16475338197694053,False,False
double,993,FR4-3;FR5-1;FR5-2,FR4-1;FR5-3;NPY-M,AGUA-M;FR5-4;FR5-5,0.7232249096735153,0.1942469034826408,False,False
double,994,FR4-3;FR5-1;FR5-2,FR4-1;FR5-4;FR5-5,AGUA-M;FR5-3;NPY-M,1.1489754424619623,0.2769299212289797,False,True
double,995,FR4-3;FR5-1;FR5-2,FR4-1;FR5-4;NPY-M,AGUA-M;FR5-3;FR5-5,0.8479971087417221,0.22037363458908973,False,False
double,996,FR4-3;FR5-1;FR5-2,FR4-1;FR5-5;NPY-M,AGUA-M;FR5-3;FR5-4,1.1316920395180172,0.27390522543641344,False,True
double,997,FR4-3;FR5-1;FR5-2,FR5-3;FR5-4;FR5-5,AGUA-M;FR4-1;NPY-M,0.8425933344344428,0.21927725915822333,False,False
double,998,FR4-3;FR5-1;FR5-2,FR5-3;FR5-4;NPY-M,AGUA-M;FR4-1;FR5-5,2.0584276699378083,0.40693033571894804,False,True
double,999,FR4-3;FR5-1;FR5-2,FR5-3;FR5-5;NPY-M,AGUA-M;FR4-1;FR5-4,0.7801061590953285,0.2063714949428899,False,False
double,1000,FR4-3;FR5-1;FR5-2,FR5-4;FR5-5;NPY-M,AGUA-M;FR4-1;FR5-3,0.7319078431728323,0.19612162838152275,False,False
double,1001,FR4-3;FR5-1;FR5-3,AGUA-M;FR4-1;FR5-2,FR5-4;FR5-5;NPY-M,1.6774546589414008,0.3586255306045108,False,True
double,1002,FR4-3;FR5-1;FR5-3,AGUA-M;FR4-1;FR5-4,FR5-2;FR5-5;NPY-M,0.5498129814815256,0.15488505573385428,False,False
double,1003,FR4-3;FR5-1;FR5-3,AGUA-M;FR4-1;FR5-5,FR5-2;FR5-4;NPY-M,0.849698896293833,0.22071827412576392,False,False
double,1004,FR4-3;FR5-1;FR5-3,AGUA-M;FR4-1;NPY-M,FR5-2;FR5-4;FR5-5,0.5063353979975361,0.14440586553320134,False,False
double,1005,FR4-3;FR5-1;FR5-3,AGUA-M;FR5-2;FR5-4,FR4-1;FR5-5;NPY-M,0.7120846211371133,0.19182876841826474,False,False
double,1006,FR4-3;FR5-1;FR5-3,AGUA-M;FR5-2;FR5-5,FR4-1;FR5-4;NPY-M,1.1266768748932838,0.2730227999550897,False,True
double,1007,FR4-3;FR5-1;FR5-3,AGUA-M;FR5-2;NPY-M,FR4-1;FR5-4;FR5-5,0.8374871207285857,0.2182384186268175,False,False
double,1008,FR4-3;FR5-1;FR5-3,AGUA-M;FR5-4;FR5-5,FR4-1;FR5-2;NPY-M,1.013996544401489,0.2526152011305934,False,True
double,1009,FR4-3;FR5-1;FR5-3,AGUA-M;FR5-4;NPY-M,FR4-1;FR5-2;FR5-5,1.5076337742130357,0.3344623475930552,False,True
double,1010,FR4-3;FR5-1;FR5-3,AGUA-M;FR5-5;NPY-M,FR4-1;FR5-2;FR5-4,0.8139620389746709,0.21341639760879552,False,False
double,1011,FR4-3;FR5-1;FR5-3,FR4-1;FR5-2;FR5-4,AGUA-M;FR5-5;NPY-M,0.8139620389746709,0.21341639760879552,False,False
double,1012,FR4-3;FR5-1;FR5-3,FR4-1;FR5-2;FR5-5,AGUA-M;FR5-4;NPY-M,1.5076337742130357,0.3344623475930552,False,True
double,1013,FR4-3;FR5-1;FR5-3,FR4-1;FR5-2;NPY-M,AGUA-M;FR5-4;FR5-5,1.013996544401489,0.2526152011305934,False,True
double,1014,FR4-3;FR5-1;FR5-3,FR4-1;FR5-4;FR5-5,AGUA-M;FR5-2;NPY-M,0.8374871207285859,0.21823841862681753,False,False
double,1015,FR4-3;FR5-1;FR5-3,FR4-1;FR5-4;NPY-M,AGUA-M;FR5-2;FR5-5,1.1266768748932838,0.2730227999550897,False,True
double,1016,FR4-3;FR5-1;FR5-3,FR4-1;FR5-5;NPY-M,AGUA-M;FR5-2;FR5-4,0.7120846211371135,0.19182876841826477,False,False
double,1017,FR4-3;FR5-1;FR5-3,FR5-2;FR5-4;FR5-5,AGUA-M;FR4-1;NPY-M,0.5063353979975361,0.14440586553320134,False,False
double,1018,FR4-3;FR5-1;FR5-3,FR5-2;FR5-4;NPY-M,AGUA-M;FR4-1;FR5-5,0.849698896293833,0.22071827412576392,False,False
double,1019,FR4-3;FR5-1;FR5-3,FR5-2;FR5-5;NPY-M,AGUA-M;FR4-1;FR5-4,0.5498129814815256,0.1548850557338543,False,False
double,1020,FR4-3;FR5-1;FR5-3,FR5-4;FR5-5;NPY-M,AGUA-M;FR4-1;FR5-2,1.6774546589414008,0.3586255306045108,False,True
double,1021,FR4-3;FR5-1;FR5-4,AGUA-M;FR4-1;FR5-2,FR5-3;FR5-5;NPY-M,1.6103571078509142,0.3492911872506924,False,True
double,1022,FR4-3;FR5-1;FR5-4,AGUA-M;FR4-1;FR5-3,FR5-2;FR5-5;NPY-M,0.4694147501974854,0.13530084581866883,False,False
double,1023,FR4-3;FR5-1;FR5-4,AGUA-M;FR4-1;FR5-5,FR5-2;FR5-3;NPY-M,0.857098532665454,0.22221328426192802,False,False
double,1024,FR4-3;FR5-1;FR5-4,AGUA-M;FR4-1;NPY-M,FR5-2;FR5-3;FR5-5,0.3440192270169844,0.10287597159657033,False,False
double,1025,FR4-3;FR5-1;FR5-4,AGUA-M;FR5-2;FR5-3,FR4-1;FR5-5;NPY-M,0.7559259630197754,0.20126221082696977,False,False
double,1026,FR4-3;FR5-1;FR5-4,AGUA-M;FR5-2;FR5-5,FR4-1;FR5-3;NPY-M,0.976143972572234,0.24550015776736328,False,True
double,1027,FR4-3;FR5-1;FR5-4,AGUA-M;FR5-2;NPY-M,FR4-1;FR5-3;FR5-5,0.5198496680764247,0.14769087236629605,False,False
double,1028,FR4-3;FR5-1;FR5-4,AGUA-M;FR5-3;FR5-5,FR4-1;FR5-2;NPY-M,1.0065134693408235,0.2512192900493159,False,True
double,1029,FR4-3;FR5-1;FR5-4,AGUA-M;FR5-3;NPY-M,FR4-1;FR5-2;FR5-5,1.8083961565958353,0.37609134058457283,False,True
double,1030,FR4-3;FR5-1;FR5-4,AGUA-M;FR5-5;NPY-M,FR4-1;FR5-2;FR5-3,0.5448347352573513,0.15369820483825655,False,False
double,1031,FR4-3;FR5-1;FR5-4,FR4-1;FR5-2;FR5-3,AGUA-M;FR5-5;NPY-M,0.5448347352573513,0.15369820483825655,False,False
double,1032,FR4-3;FR5-1;FR5-4,FR4-1;FR5-2;FR5-5,AGUA-M;FR5-3;NPY-M,1.8083961565958353,0.37609134058457283,False,True
double,1033,FR4-3;FR5-1;FR5-4,FR4-1;FR5-2;NPY-M,AGUA-M;FR5-3;FR5-5,1.0065134693408235,0.2512192900493159,False,True
double,1034,FR4-3;FR5-1;FR5-4,FR4-1;FR5-3;FR5-5,AGUA-M;FR5-2;NPY-M,0.5198496680764247,0.14769087236629605,False,False
double,1035,FR4-3;FR5-1;FR5-4,FR4-1;FR5-3;NPY-M,AGUA-M;FR5-2;FR5-5,0.976143972572234,0.24550015776736328,False,True
double,1036,FR4-3;FR5-1;FR5-4,FR4-1;FR5-5;NPY-M,AGUA-M;FR5-2;FR5-3,0.7559259630197754,0.20126221082696977,False,False
double,1037,FR4-3;FR5-1;FR5-4,FR5-2;FR5-3;FR5-5,AGUA-M;FR4-1;NPY-M,0.3440192270169844,0.10287597159657033,False,False
double,1038,FR4-3;FR5-1;FR5-4,FR5-2;FR5-3;NPY-M,AGUA-M;FR4-1;FR5-5,0.8570985326654539,0.222213284261928,False,False
double,1039,FR4-3;FR5-1;FR5-4,FR5-2;FR5-5;NPY-M,AGUA-M;FR4-1;FR5-3,0.4694147501974854,0.13530084581866883,False,False
double,1040,FR4-3;FR5-1;FR5-4,FR5-3;FR5-5;NPY-M,AGUA-M;FR4-1;FR5-2,1.6103571078509142,0.3492911872506924,False,True
double,1041,FR4-3;FR5-1;FR5-5,AGUA-M;FR4-1;FR5-2,FR5-3;FR5-4;NPY-M,2.2409409039628017,0.42758370014597424,False,True
double,1042,FR4-3;FR5-1;FR5-5,AGUA-M;FR4-1;FR5-3,FR5-2;FR5-4;NPY-M,0.2568612764107018,0.07886773632980205,False,False
double,1043,FR4-3;FR5-1;FR5-5,AGUA-M;FR4-1;FR5-4,FR5-2;FR5-3;NPY-M,0.33313688706377004,0.0999469563811516,False,False
double,1044,FR4-3;FR5-1;FR5-5,AGUA-M;FR4-1;NPY-M,FR5-2;FR5-3;FR5-4,0.26104145659585465,0.0800484937313098,False,False
double,1045,FR4-3;FR5-1;FR5-5,AGUA-M;FR5-2;FR5-3,FR4-1;FR5-4;NPY-M,0.5398627217677351,0.15250950791056062,False,False
double,1046,FR4-3;FR5-1;FR5-5,AGUA-M;FR5-2;FR5-4,FR4-1;FR5-3;NPY-M,0.39195162159071933,0.11555342331412918,False,False
double,1047,FR4-3;FR5-1;FR5-5,AGUA-M;FR5-2;NPY-M,FR4-1;FR5-3;FR5-4,0.45838787446853907,0.13254380107349323,False,False
double,1048,FR4-3;FR5-1;FR5-5,AGUA-M;FR5-3;FR5-4,FR4-1;FR5-2;NPY-M,1.0322481897366698,0.2559981779802304,False,True
double,1049,FR4-3;FR5-1;FR5-5,AGUA-M;FR5-3;NPY-M,FR4-1;FR5-2;FR5-4,0.8770642223551259,0.22621864690762142,False,False
double,1050,FR4-3;FR5-1;FR5-5,AGUA-M;FR5-4;NPY-M,FR4-1;FR5-2;FR5-3,0.42806784009932275,0.12487146114556479,False,False
double,1051,FR4-3;FR5-1;FR5-5,FR4-1;FR5-2;FR5-3,AGUA-M;FR5-4;NPY-M,0.42806784009932275,0.12487146114556479,False,False
double,1052,FR4-3;FR5-1;FR5-5,FR4-1;FR5-2;FR5-4,AGUA-M;FR5-3;NPY-M,0.8770642223551259,0.22621864690762142,False,False
double,1053,FR4-3;FR5-1;FR5-5,FR4-1;FR5-2;NPY-M,AGUA-M;FR5-3;FR5-4,1.0322481897366698,0.2559981779802304,False,True
double,1054,FR4-3;FR5-1;FR5-5,FR4-1;FR5-3;FR5-4,AGUA-M;FR5-2;NPY-M,0.45838787446853907,0.13254380107349323,False,False
double,1055,FR4-3;FR5-1;FR5-5,FR4-1;FR5-3;NPY-M,AGUA-M;FR5-2;FR5-4,0.39195162159071933,0.11555342331412918,False,False
double,1056,FR4-3;FR5-1;FR5-5,FR4-1;FR5-4;NPY-M,AGUA-M;FR5-2;FR5-3,0.5398627217677351,0.15250950791056062,False,False
double,1057,FR4-3;FR5-1;FR5-5,FR5-2;FR5-3;FR5-4,AGUA-M;FR4-1;NPY-M,0.2610414565958546,0.0800484937313098,False,False
double,1058,FR4-3;FR5-1;FR5-5,FR5-2;FR5-3;NPY-M,AGUA-M;FR4-1;FR5-4,0.33313688706377004,0.0999469563811516,False,False
double,1059,FR4-3;FR5-1;FR5-5,FR5-2;FR5-4;NPY-M,AGUA-M;FR4-1;FR5-3,0.25686127641070183,0.07886773632980205,False,False
double,1060,FR4-3;FR5-1;FR5-5,FR5-3;FR5-4;NPY-M,AGUA-M;FR4-1;FR5-2,2.2409409039628017,0.42758370014597424,False,True
double,1061,FR4-3;FR5-1;NPY-M,AGUA-M;FR4-1;FR5-2,FR5-3;FR5-4;FR5-5,1.7037003721632575,0.36220427267133015,False,True
double,1062,FR4-3;FR5-1;NPY-M,AGUA-M;FR4-1;FR5-3,FR5-2;FR5-4;FR5-5,0.4279014278953779,0.12482897682332007,False,False
double,1063,FR4-3;FR5-1;NPY-M,AGUA-M;FR4-1;FR5-4,FR5-2;FR5-3;FR5-5,0.34404651694604904,0.10288329280187453,False,False
double,1064,FR4-3;FR5-1;NPY-M,AGUA-M;FR4-1;FR5-5,FR5-2;FR5-3;FR5-4,0.7609167322206619,0.2023221428173904,False,False
double,1065,FR4-3;FR5-1;NPY-M,AGUA-M;FR5-2;FR5-3,FR4-1;FR5-4;FR5-5,0.7937934749446153,0.20923476203622382,False,False
double,1066,FR4-3;FR5-1;NPY-M,AGUA-M;FR5-2;FR5-4,FR4-1;FR5-3;FR5-5,0.4453207010731307,0.1292537733669973,False,False
double,1067,FR4-3;FR5-1;NPY-M,AGUA-M;FR5-2;FR5-5,FR4-1;FR5-3;FR5-4,0.9685344771183042,0.2440534365274286,False,True
double,1068,FR4-3;FR5-1;NPY-M,AGUA-M;FR5-3;FR5-4,FR4-1;FR5-2;FR5-5,1.846833564611484,0.3810391960012606,False,True
double,1069,FR4-3;FR5-1;NPY-M,AGUA-M;FR5-3;FR5-5,FR4-1;FR5-2;FR5-4,0.8779110260077319,0.2263876143933947,False,False
double,1070,FR4-3;FR5-1;NPY-M,AGUA-M;FR5-4;FR5-5,FR4-1;FR5-2;FR5-3,0.6060523956180908,0.16806533270413315,False,False
double,1071,FR4-3;FR5-1;NPY-M,FR4-1;FR5-2;FR5-3,AGUA-M;FR5-4;FR5-5,0.6060523956180908,0.16806533270413315,False,False
double,1072,FR4-3;FR5-1;NPY-M,FR4-1;FR5-2;FR5-4,AGUA-M;FR5-3;FR5-5,0.8779110260077319,0.2263876143933947,False,False
double,1073,FR4-3;FR5-1;NPY-M,FR4-1;FR5-2;FR5-5,AGUA-M;FR5-3;FR5-4,1.846833564611484,0.3810391960012606,False,True
double,1074,FR4-3;FR5-1;NPY-M,FR4-1;FR5-3;FR5-4,AGUA-M;FR5-2;FR5-5,0.9685344771183042,0.2440534365274286,False,True
double,1075,FR4-3;FR5-1;NPY-M,FR4-1;FR5-3;FR5-5,AGUA-M;FR5-2;FR5-4,0.4453207010731309,0.12925377336699734,False,False
double,1076,FR4-3;FR5-1;NPY-M,FR4-1;FR5-4;FR5-5,AGUA-M;FR5-2;FR5-3,0.7937934749446153,0.20923476203622382,False,False
double,1077,FR4-3;FR5-1;NPY-M,FR5-2;FR5-3;FR5-4,AGUA-M;FR4-1;FR5-5,0.7609167322206621,0.20232214281739042,False,False
double,1078,FR4-3;FR5-1;NPY-M,FR5-2;FR5-3;FR5-5,AGUA-M;FR4-1;FR5-4,0.34404651694604904,0.10288329280187453,False,False
double,1079,FR4-3;FR5-1;NPY-M,FR5-2;FR5-4;FR5-5,AGUA-M;FR4-1;FR5-3,0.4279014278953779,0.12482897682332007,False,False
double,1080,FR4-3;FR5-1;NPY-M,FR5-3;FR5-4;FR5-5,AGUA-M;FR4-1;FR5-2,1.703700372163257,0.36220427267133004,False,True
double,1081,FR4-3;FR5-2;FR5-3,AGUA-M;FR4-1;FR5-1,FR5-4;FR5-5;NPY-M,0.6440295770258353,0.1767355515131345,False,False
double,1082,FR4-3;FR5-2;FR5-3,AGUA-M;FR4-1;FR5-4,FR5-1;FR5-5;NPY-M,0.4987363395357212,0.1425475632158961,False,False
double,1083,FR4-3;FR5-2;FR5-3,AGUA-M;FR4-1;FR5-5,FR5-1;FR5-4;NPY-M,1.3902254982034465,0.3166638020694723,False,True
double,1084,FR4-3;FR5-2;FR5-3,AGUA-M;FR4-1;NPY-M,FR5-1;FR5-4;FR5-5,0.498012535921055,0.14237014041744256,False,False
double,1085,FR4-3;FR5-2;FR5-3,AGUA-M;FR5-1;FR5-4,FR4-1;FR5-5;NPY-M,0.6260723023559795,0.17265852695468856,False,False
double,1086,FR4-3;FR5-2;FR5-3,AGUA-M;FR5-1;FR5-5,FR4-1;FR5-4;NPY-M,0.5111107732308309,0.14556953802984698,False,False
double,1087,FR4-3;FR5-2;FR5-3,AGUA-M;FR5-1;NPY-M,FR4-1;FR5-4;FR5-5,0.6980717220009537,0.18876640976104184,False,False
double,1088,FR4-3;FR5-2;FR5-3,AGUA-M;FR5-4;FR5-5,FR4-1;FR5-1;NPY-M,0.684783891699541,0.18584099144650154,False,False
double,1089,FR4-3;FR5-2;FR5-3,AGUA-M;FR5-4;NPY-M,FR4-1;FR5-1;FR5-5,0.6131818333290681,0.16970688484949628,False,False
double,1090,FR4-3;FR5-2;FR5-3,AGUA-M;FR5-5;NPY-M,FR4-1;FR5-1;FR5-4,0.5584822847255417,0.15694395532690317,False,False
double,1091,FR4-3;FR5-2;FR5-3,FR4-1;FR5-1;FR5-4,AGUA-M;FR5-5;NPY-M,0.5584822847255417,0.15694395532690317,False,False
double,1092,FR4-3;FR5-2;FR5-3,FR4-1;FR5-1;FR5-5,AGUA-M;FR5-4;NPY-M,0.6131818333290681,0.16970688484949628,False,False
double,1093,FR4-3;FR5-2;FR5-3,FR4-1;FR5-1;NPY-M,AGUA-M;FR5-4;FR5-5,0.684783891699541,0.18584099144650154,False,False
double,1094,FR4-3;FR5-2;FR5-3,FR4-1;FR5-4;FR5-5,AGUA-M;FR5-1;NPY-M,0.6980717220009538,0.18876640976104186,False,False
double,1095,FR4-3;FR5-2;FR5-3,FR4-1;FR5-4;NPY-M,AGUA-M;FR5-1;FR5-5,0.5111107732308309,0.14556953802984698,False,False
double,1096,FR4-3;FR5-2;FR5-3,FR4-1;FR5-5;NPY-M,AGUA-M;FR5-1;FR5-4,0.6260723023559795,0.17265852695468856,False,False
double,1097,FR4-3;FR5-2;FR5-3,FR5-1;FR5-4;FR5-5,AGUA-M;FR4-1;NPY-M,0.49801253592105493,0.14237014041744256,False,False
double,1098,FR4-3;FR5-2;FR5-3,FR5-1;FR5-4;NPY-M,AGUA-M;FR4-1;FR5-5,1.3902254982034465,0.3166638020694723,False,True
double,1099,FR4-3;FR5-2;FR5-3,FR5-1;FR5-5;NPY-M,AGUA-M;FR4-1;FR5-4,0.4987363395357213,0.14254756321589612,False,False
double,1100,FR4-3;FR5-2;FR5-3,FR5-4;FR5-5;NPY-M,AGUA-M;FR4-1;FR5-1,0.6440295770258353,0.1767355515131345,False,False
double,1101,FR4-3;FR5-2;FR5-4,AGUA-M;FR4-1;FR5-1,FR5-3;FR5-5;NPY-M,0.7622597209044792,0.2026068845457659,False,False
double,1102,FR4-3;FR5-2;FR5-4,AGUA-M;FR4-1;FR5-3,FR5-1;FR5-5;NPY-M,0.5636607653970559,0.15816902968716046,False,False
double,1103,FR4-3;FR5-2;FR5-4,AGUA-M;FR4-1;FR5-5,FR5-1;FR5-3;NPY-M,1.906531916118692,0.3885701649785359,False,True
double,1104,FR4-3;FR5-2;FR5-4,AGUA-M;FR4-1;NPY-M,FR5-1;FR5-3;FR5-5,0.6199164876800929,0.17125159925371114,False,False
double,1105,FR4-3;FR5-2;FR5-4,AGUA-M;FR5-1;FR5-3,FR4-1;FR5-5;NPY-M,1.0133957632745474,0.25250332213629323,False,True
double,1106,FR4-3;FR5-2;FR5-4,AGUA-M;FR5-1;FR5-5,FR4-1;FR5-3;NPY-M,0.5429691329511989,0.15325257222857036,False,False
double,1107,FR4-3;FR5-2;FR5-4,AGUA-M;FR5-1;NPY-M,FR4-1;FR5-3;FR5-5,0.5436888279273503,0.15342453988697016,False,False
double,1108,FR4-3;FR5-2;FR5-4,AGUA-M;FR5-3;FR5-5,FR4-1;FR5-1;NPY-M,0.8444325101310145,0.2196507567516739,False,False
double,1109,FR4-3;FR5-2;FR5-4,AGUA-M;FR5-3;NPY-M,FR4-1;FR5-1;FR5-5,0.9816396203828319,0.2465415542274637,False,True
double,1110,FR4-3;FR5-2;FR5-4,AGUA-M;FR5-5;NPY-M,FR4-1;FR5-1;FR5-3,0.6041972260533113,0.1676371153292637,False,False
double,1111,FR4-3;FR5-2;FR5-4,FR4-1;FR5-1;FR5-3,AGUA-M;FR5-5;NPY-M,0.6041972260533113,0.1676371153292637,False,False
double,1112,FR4-3;FR5-2;FR5-4,FR4-1;FR5-1;FR5-5,AGUA-M;FR5-3;NPY-M,0.9816396203828319,0.2465415542274637,False,True
double,1113,FR4-3;FR5-2;FR5-4,FR4-1;FR5-1;NPY-M,AGUA-M;FR5-3;FR5-5,0.8444325101310145,0.2196507567516739,False,False
double,1114,FR4-3;FR5-2;FR5-4,FR4-1;FR5-3;FR5-5,AGUA-M;FR5-1;NPY-M,0.5436888279273504,0.15342453988697016,False,False
double,1115,FR4-3;FR5-2;FR5-4,FR4-1;FR5-3;NPY-M,AGUA-M;FR5-1;FR5-5,0.5429691329511989,0.15325257222857036,False,False
double,1116,FR4-3;FR5-2;FR5-4,FR4-1;FR5-5;NPY-M,AGUA-M;FR5-1;FR5-3,1.0133957632745472,0.2525033221362932,False,True
double,1117,FR4-3;FR5-2;FR5-4,FR5-1;FR5-3;FR5-5,AGUA-M;FR4-1;NPY-M,0.6199164876800929,0.17125159925371114,False,False
double,1118,FR4-3;FR5-2;FR5-4,FR5-1;FR5-3;NPY-M,AGUA-M;FR4-1;FR5-5,1.906531916118692,0.3885701649785359,False,True
double,1119,FR4-3;FR5-2;FR5-4,FR5-1;FR5-5;NPY-M,AGUA-M;FR4-1;FR5-3,0.5636607653970559,0.15816902968716046,False,False
double,1120,FR4-3;FR5-2;FR5-4,FR5-3;FR5-5;NPY-M,AGUA-M;FR4-1;FR5-1,0.7622597209044792,0.2026068845457659,False,False
double,1121,FR4-3;FR5-2;FR5-5,AGUA-M;FR4-1;FR5-1,FR5-3;FR5-4;NPY-M,1.9114499777483251,0.38918241790271424,False,True
double,1122,FR4-3;FR5-2;FR5-5,AGUA-M;FR4-1;FR5-3,FR5-1;FR5-4;NPY-M,1.400775459081601,0.3183019611216268,False,True
double,1123,FR4-3;FR5-2;FR5-5,AGUA-M;FR4-1;FR5-4,FR5-1;FR5-3;NPY-M,1.7968291620687469,0.3745868575594261,False,True
double,1124,FR4-3;FR5-2;FR5-5,AGUA-M;FR4-1;NPY-M,FR5-1;FR5-3;FR5-4,1.724336257406096,0.3649901623117838,False,True
double,1125,FR4-3;FR5-2;FR5-5,AGUA-M;FR5-1;FR5-3,FR4-1;FR5-4;NPY-M,1.360678331148844,0.3120336396815506,False,True
double,1126,FR4-3;FR5-2;FR5-5,AGUA-M;FR5-1;FR5-4,FR4-1;FR5-3;NPY-M,0.9467030832434333,0.23987187869866938,False,True
double,1127,FR4-3;FR5-2;FR5-5,AGUA-M;FR5-1;NPY-M,FR4-1;FR5-3;FR5-4,0.9817396837080877,0.24656048905583394,False,True
double,1128,FR4-3;FR5-2;FR5-5,AGUA-M;FR5-3;FR5-4,FR4-1;FR5-1;NPY-M,1.4958143865394113,0.332712665144255,False,True
double,1129,FR4-3;FR5-2;FR5-5,AGUA-M;FR5-3;NPY-M,FR4-1;FR5-1;FR5-4,1.3683058536873927,0.3132349014738454,False,True
double,1130,FR4-3;FR5-2;FR5-5,AGUA-M;FR5-4;NPY-M,FR4-1;FR5-1;FR5-3,0.9845579365554421,0.24709339209823852,False,True
double,1131,FR4-3;FR5-2;FR5-5,FR4-1;FR5-1;FR5-3,AGUA-M;FR5-4;NPY-M,0.9845579365554421,0.24709339209823852,False,True
double,1132,FR4-3;FR5-2;FR5-5,FR4-1;FR5-1;FR5-4,AGUA-M;FR5-3;NPY-M,1.3683058536873927,0.3132349014738454,False,True
double,1133,FR4-3;FR5-2;FR5-5,FR4-1;FR5-1;NPY-M,AGUA-M;FR5-3;FR5-4,1.4958143865394113,0.332712665144255,False,True
double,1134,FR4-3;FR5-2;FR5-5,FR4-1;FR5-3;FR5-4,AGUA-M;FR5-1;NPY-M,0.9817396837080877,0.24656048905583394,False,True
double,1135,FR4-3;FR5-2;FR5-5,FR4-1;FR5-3;NPY-M,AGUA-M;FR5-1;FR5-4,0.9467030832434333,0.23987187869866938,False,True
double,1136,FR4-3;FR5-2;FR5-5,FR4-1;FR5-4;NPY-M,AGUA-M;FR5-1;FR5-3,1.3606783311488442,0.3120336396815507,False,True
double,1137,FR4-3;FR5-2;FR5-5,FR5-1;FR5-3;FR5-4,AGUA-M;FR4-1;NPY-M,1.724336257406096,0.3649901623117838,False,True
double,1138,FR4-3;FR5-2;FR5-5,FR5-1;FR5-3;NPY-M,AGUA-M;FR4-1;FR5-4,1.7968291620687469,0.3745868575594261,False,True
double,1139,FR4-3;FR5-2;FR5-5,FR5-1;FR5-4;NPY-M,AGUA-M;FR4-1;FR5-3,1.400775459081601,0.3183019611216268,False,True
double,1140,FR4-3;FR5-2;FR5-5,FR5-3;FR5-4;NPY-M,AGUA-M;FR4-1;FR5-1,1.9114499777483258,0.3891824179027143,False,True
double,1141,FR4-3;FR5-2;NPY-M,AGUA-M;FR4-1;FR5-1,FR5-3;FR5-4;FR5-5,0.8750765099024292,0.22582173736860303,False,False
double,1142,FR4-3;FR5-2;NPY-M,AGUA-M;FR4-1;FR5-3,FR5-1;FR5-4;FR5-5,0.6070728732782427,0.16830069549621055,False,False
double,1143,FR4-3;FR5-2;NPY-M,AGUA-M;FR4-1;FR5-4,FR5-1;FR5-3;FR5-5,0.6655130753192373,0.1815606878612147,False,False
double,1144,FR4-3;FR5-2;NPY-M,AGUA-M;FR4-1;FR5-5,FR5-1;FR5-3;FR5-4,1.912255317021539,0.3892825583383972,False,True
double,1145,FR4-3;FR5-2;NPY-M,AGUA-M;FR5-1;FR5-3,FR4-1;FR5-4;FR5-5,1.1139714957125129,0.2707776407477467,False,True
double,1146,FR4-3;FR5-2;NPY-M,AGUA-M;FR5-1;FR5-4,FR4-1;FR5-3;FR5-5,0.5527805999690424,0.15559097569207034,False,False
double,1147,FR4-3;FR5-2;NPY-M,AGUA-M;FR5-1;FR5-5,FR4-1;FR5-3;FR5-4,0.5804120742075809,0.1621076183908351,False,False
double,1148,FR4-3;FR5-2;NPY-M,AGUA-M;FR5-3;FR5-4,FR4-1;FR5-1;FR5-5,1.0638907402876774,0.2617911770463509,False,True
double,1149,FR4-3;FR5-2;NPY-M,AGUA-M;FR5-3;FR5-5,FR4-1;FR5-1;FR5-4,0.8237146020235119,0.21542261590015158,False,False
double,1150,FR4-3;FR5-2;NPY-M,AGUA-M;FR5-4;FR5-5,FR4-1;FR5-1;FR5-3,0.714277980722236,0.19230601059733973,False,False
double,1151,FR4-3;FR5-2;NPY-M,FR4-1;FR5-1;FR5-3,AGUA-M;FR5-4;FR5-5,0.7142779807222361,0.19230601059733976,False,False
double,1152,FR4-3;FR5-2;NPY-M,FR4-1;FR5-1;FR5-4,AGUA-M;FR5-3;FR5-5,0.8237146020235119,0.21542261590015158,False,False
double,1153,FR4-3;FR5-2;NPY-M,FR4-1;FR5-1;FR5-5,AGUA-M;FR5-3;FR5-4,1.0638907402876774,0.2617911770463509,False,True
double,1154,FR4-3;FR5-2;NPY-M,FR4-1;FR5-3;FR5-4,AGUA-M;FR5-1;FR5-5,0.5804120742075809,0.1621076183908351,False,False
double,1155,FR4-3;FR5-2;NPY-M,FR4-1;FR5-3;FR5-5,AGUA-M;FR5-1;FR5-4,0.5527805999690424,0.15559097569207034,False,False
double,1156,FR4-3;FR5-2;NPY-M,FR4-1;FR5-4;FR5-5,AGUA-M;FR5-1;FR5-3,1.1139714957125129,0.2707776407477467,False,True
double,1157,FR4-3;FR5-2;NPY-M,FR5-1;FR5-3;FR5-4,AGUA-M;FR4-1;FR5-5,1.912255317021539,0.3892825583383972,False,True
double,1158,FR4-3;FR5-2;NPY-M,FR5-1;FR5-3;FR5-5,AGUA-M;FR4-1;FR5-4,0.6655130753192373,0.1815606878612147,False,False
double,1159,FR4-3;FR5-2;NPY-M,FR5-1;FR5-4;FR5-5,AGUA-M;FR4-1;FR5-3,0.6070728732782427,0.16830069549621055,False,False
double,1160,FR4-3;FR5-2;NPY-M,FR5-3;FR5-4;FR5-5,AGUA-M;FR4-1;FR5-1,0.8750765099024292,0.22582173736860303,False,False
double,1161,FR4-3;FR5-3;FR5-4,AGUA-M;FR4-1;FR5-1,FR5-2;FR5-5;NPY-M,0.6082210429984484,0.16856535000223097,False,False
double,1162,FR4-3;FR5-3;FR5-4,AGUA-M;FR4-1;FR5-2,FR5-1;FR5-5;NPY-M,1.5325288484569985,0.33811783657564914,False,True
double,1163,FR4-3;FR5-3;FR5-4,AGUA-M;FR4-1;FR5-5,FR5-1;FR5-2;NPY-M,0.933125913406227,0.23724791271635307,False,False
double,1164,FR4-3;FR5-3;FR5-4,AGUA-M;FR4-1;NPY-M,FR5-1;FR5-2;FR5-5,0.45331697035966606,0.1312700149596904,False,False
double,1165,FR4-3;FR5-3;FR5-4,AGUA-M;FR5-1;FR5-2,FR4-1;FR5-5;NPY-M,0.7750886466888889,0.20531667444914578,False,False
double,1166,FR4-3;FR5-3;FR5-4,AGUA-M;FR5-1;FR5-5,FR4-1;FR5-2;NPY-M,0.8913825601890206,0.22906577454202356,False,False
double,1167,FR4-3;FR5-3;FR5-4,AGUA-M;FR5-1;NPY-M,FR4-1;FR5-2;FR5-5,1.5494415807146529,0.3405784101685855,False,True
double,1168,FR4-3;FR5-3;FR5-4,AGUA-M;FR5-2;FR5-5,FR4-1;FR5-1;NPY-M,1.2238340713699596,0.2897448267831745,False,True
double,1169,FR4-3;FR5-3;FR5-4,AGUA-M;FR5-2;NPY-M,FR4-1;FR5-1;FR5-5,0.7749854788863956,0.20529495629080222,False,False
double,1170,FR4-3;FR5-3;FR5-4,AGUA-M;FR5-5;NPY-M,FR4-1;FR5-1;FR5-2,0.9344792115521701,0.2375102678922311,False,True
double,1171,FR4-3;FR5-3;FR5-4,FR4-1;FR5-1;FR5-2,AGUA-M;FR5-5;NPY-M,0.9344792115521701,0.2375102678922311,False,True
double,1172,FR4-3;FR5-3;FR5-4,FR4-1;FR5-1;FR5-5,AGUA-M;FR5-2;NPY-M,0.7749854788863956,0.20529495629080222,False,False
double,1173,FR4-3;FR5-3;FR5-4,FR4-1;FR5-1;NPY-M,AGUA-M;FR5-2;FR5-5,1.2238340713699596,0.2897448267831745,False,True
double,1174,FR4-3;FR5-3;FR5-4,FR4-1;FR5-2;FR5-5,AGUA-M;FR5-1;NPY-M,1.5494415807146529,0.3405784101685855,False,True
double,1175,FR4-3;FR5-3;FR5-4,FR4-1;FR5-2;NPY-M,AGUA-M;FR5-1;FR5-5,0.8913825601890206,0.22906577454202356,False,False
double,1176,FR4-3;FR5-3;FR5-4,FR4-1;FR5-5;NPY-M,AGUA-M;FR5-1;FR5-2,0.775088646688889,0.2053166744491458,False,False
double,1177,FR4-3;FR5-3;FR5-4,FR5-1;FR5-2;FR5-5,AGUA-M;FR4-1;NPY-M,0.45331697035966606,0.1312700149596904,False,False
double,1178,FR4-3;FR5-3;FR5-4,FR5-1;FR5-2;NPY-M,AGUA-M;FR4-1;FR5-5,0.9331259134062273,0.2372479127163531,False,False
double,1179,FR4-3;FR5-3;FR5-4,FR5-1;FR5-5;NPY-M,AGUA-M;FR4-1;FR5-2,1.5325288484569985,0.33811783657564914,False,True
double,1180,FR4-3;FR5-3;FR5-4,FR5-2;FR5-5;NPY-M,AGUA-M;FR4-1;FR5-1,0.6082210429984484,0.16856535000223097,False,False
double,1181,FR4-3;FR5-3;FR5-5,AGUA-M;FR4-1;FR5-1,FR5-2;FR5-4;NPY-M,0.2811615471320446,0.08568963859088213,False,False
double,1182,FR4-3;FR5-3;FR5-5,AGUA-M;FR4-1;FR5-2,FR5-1;FR5-4;NPY-M,1.7134619370791497,0.3635251456259669,False,True
double,1183,FR4-3;FR5-3;FR5-5,AGUA-M;FR4-1;FR5-4,FR5-1;FR5-2;NPY-M,0.29141887997384097,0.08853898291309463,False,False
double,1184,FR4-3;FR5-3;FR5-5,AGUA-M;FR4-1;NPY-M,FR5-1;FR5-2;FR5-4,0.1764765672032287,0.05555733324946573,False,False
double,1185,FR4-3;FR5-3;FR5-5,AGUA-M;FR5-1;FR5-2,FR4-1;FR5-4;NPY-M,0.44875698194340374,0.13012136961025458,False,False
double,1186,FR4-3;FR5-3;FR5-5,AGUA-M;FR5-1;FR5-4,FR4-1;FR5-2;NPY-M,0.6628223493973965,0.18095945862797394,False,False
double,1187,FR4-3;FR5-3;FR5-5,AGUA-M;FR5-1;NPY-M,FR4-1;FR5-2;FR5-4,0.5896465171013815,0.16426311456915196,False,False
double,1188,FR4-3;FR5-3;FR5-5,AGUA-M;FR5-2;FR5-4,FR4-1;FR5-1;NPY-M,0.4616269609905781,0.1333554904074583,False,False
double,1189,FR4-3;FR5-3;FR5-5,AGUA-M;FR5-2;NPY-M,FR4-1;FR5-1;FR5-4,0.47730408139693586,0.13726268115303528,False,False
double,1190,FR4-3;FR5-3;FR5-5,AGUA-M;FR5-4;NPY-M,FR4-1;FR5-1;FR5-2,0.6685621495679707,0.1822409222770573,False,False
double,1191,FR4-3;FR5-3;FR5-5,FR4-1;FR5-1;FR5-2,AGUA-M;FR5-4;NPY-M,0.6685621495679707,0.1822409222770573,False,False
double,1192,FR4-3;FR5-3;FR5-5,FR4-1;FR5-1;FR5-4,AGUA-M;FR5-2;NPY-M,0.47730408139693586,0.13726268115303528,False,False
double,1193,FR4-3;FR5-3;FR5-5,FR4-1;FR5-1;NPY-M,AGUA-M;FR5-2;FR5-4,0.4616269609905781,0.1333554904074583,False,False
double,1194,FR4-3;FR5-3;FR5-5,FR4-1;FR5-2;FR5-4,AGUA-M;FR5-1;NPY-M,0.5896465171013815,0.16426311456915196,False,False
double,1195,FR4-3;FR5-3;FR5-5,FR4-1;FR5-2;NPY-M,AGUA-M;FR5-1;FR5-4,0.6628223493973965,0.18095945862797394,False,False
double,1196,FR4-3;FR5-3;FR5-5,FR4-1;FR5-4;NPY-M,AGUA-M;FR5-1;FR5-2,0.44875698194340374,0.13012136961025458,False,False
double,1197,FR4-3;FR5-3;FR5-5,FR5-1;FR5-2;FR5-4,AGUA-M;FR4-1;NPY-M,0.1764765672032287,0.05555733324946573,False,False
double,1198,FR4-3;FR5-3;FR5-5,FR5-1;FR5-2;NPY-M,AGUA-M;FR4-1;FR5-4,0.29141887997384097,0.08853898291309463,False,False
double,1199,FR4-3;FR5-3;FR5-5,FR5-1;FR5-4;NPY-M,AGUA-M;FR4-1;FR5-2,1.7134619370791497,0.3635251456259669,False,True
double,1200,FR4-3;FR5-3;FR5-5,FR5-2;FR5-4;NPY-M,AGUA-M;FR4-1;FR5-1,0.2811615471320446,0.08568963859088213,False,False
double,1201,FR4-3;FR5-3;NPY-M,AGUA-M;FR4-1;FR5-1,FR5-2;FR5-4;FR5-5,0.5088141750981174,0.14501029399309512,False,False
double,1202,FR4-3;FR5-3;NPY-M,AGUA-M;FR4-1;FR5-2,FR5-1;FR5-4;FR5-5,1.4435527581522603,0.32486454796871267,False,True
double,1203,FR4-3;FR5-3;NPY-M,AGUA-M;FR4-1;FR5-4,FR5-1;FR5-2;FR5-5,0.40210942931747967,0.11819414915120752,False,False
double,1204,FR4-3;FR5-3;NPY-M,AGUA-M;FR4-1;FR5-5,FR5-1;FR5-2;FR5-4,0.7091547748425149,0.1911903972442413,False,False
double,1205,FR4-3;FR5-3;NPY-M,AGUA-M;FR5-1;FR5-2,FR4-1;FR5-4;FR5-5,0.7509660549524386,0.20020603864461275,False,False
double,1206,FR4-3;FR5-3;NPY-M,AGUA-M;FR5-1;FR5-4,FR4-1;FR5-2;FR5-5,1.4076156588328874,0.3193598915576991,False,True
double,1207,FR4-3;FR5-3;NPY-M,AGUA-M;FR5-1;FR5-5,FR4-1;FR5-2;FR5-4,0.7089737060152569,0.19115091187231525,False,False
double,1208,FR4-3;FR5-3;NPY-M,AGUA-M;FR5-2;FR5-4,FR4-1;FR5-1;FR5-5,0.6309707437901718,0.17377467027771643,False,False
double,1209,FR4-3;FR5-3;NPY-M,AGUA-M;FR5-2;FR5-5,FR4-1;FR5-1;FR5-4,1.0657663815281584,0.2621317315156656,False,True
double,1210,FR4-3;FR5-3;NPY-M,AGUA-M;FR5-4;FR5-5,FR4-1;FR5-1;FR5-2,0.9411155753967957,0.23879420874432064,False,True
double,1211,FR4-3;FR5-3;NPY-M,FR4-1;FR5-1;FR5-2,AGUA-M;FR5-4;FR5-5,0.9411155753967956,0.23879420874432059,False,True
double,1212,FR4-3;FR5-3;NPY-M,FR4-1;FR5-1;FR5-4,AGUA-M;FR5-2;FR5-5,1.0657663815281584,0.2621317315156656,False,True
double,1213,FR4-3;FR5-3;NPY-M,FR4-1;FR5-1;FR5-5,AGUA-M;FR5-2;FR5-4,0.6309707437901718,0.17377467027771643,False,False
double,1214,FR4-3;FR5-3;NPY-M,FR4-1;FR5-2;FR5-4,AGUA-M;FR5-1;FR5-5,0.7089737060152569,0.19115091187231525,False,False
double,1215,FR4-3;FR5-3;NPY-M,FR4-1;FR5-2;FR5-5,AGUA-M;FR5-1;FR5-4,1.4076156588328874,0.3193598915576991,False,True
double,1216,FR4-3;FR5-3;NPY-M,FR4-1;FR5-4;FR5-5,AGUA-M;FR5-1;FR5-2,0.7509660549524386,0.20020603864461275,False,False
double,1217,FR4-3;FR5-3;NPY-M,FR5-1;FR5-2;FR5-4,AGUA-M;FR4-1;FR5-5,0.7091547748425149,0.1911903972442413,False,False
double,1218,FR4-3;FR5-3;NPY-M,FR5-1;FR5-2;FR5-5,AGUA-M;FR4-1;FR5-4,0.40210942931747967,0.11819414915120752,False,False
double,1219,FR4-3;FR5-3;NPY-M,FR5-1;FR5-4;FR5-5,AGUA-M;FR4-1;FR5-2,1.4435527581522607,0.32486454796871267,False,True
double,1220,FR4-3;FR5-3;NPY-M,FR5-2;FR5-4;FR5-5,AGUA-M;FR4-1;FR5-1,0.5088141750981174,0.14501029399309512,False,False
double,1221,FR4-3;FR5-4;FR5-5,AGUA-M;FR4-1;FR5-1,FR5-2;FR5-3;NPY-M,0.4610845746549954,0.13321967860347844,False,False
double,1222,FR4-3;FR5-4;FR5-5,AGUA-M;FR4-1;FR5-2,FR5-1;FR5-3;NPY-M,2.417713494066791,0.4462608620250129,False,True
double,1223,FR4-3;FR5-4;FR5-5,AGUA-M;FR4-1;FR5-3,FR5-1;FR5-2;NPY-M,0.3897914507012663,0.11498980287434139,False,False
double,1224,FR4-3;FR5-4;FR5-5,AGUA-M;FR4-1;NPY-M,FR5-1;FR5-2;FR5-3,0.3560707089021684,0.10609749906569924,False,False
double,1225,FR4-3;FR5-4;FR5-5,AGUA-M;FR5-1;FR5-2,FR4-1;FR5-3;NPY-M,0.5237478884319131,0.1486337572989604,False,False
double,1226,FR4-3;FR5-4;FR5-5,AGUA-M;FR5-1;FR5-3,FR4-1;FR5-2;NPY-M,1.118806180605636,0.271633607299561,False,True
double,1227,FR4-3;FR5-4;FR5-5,AGUA-M;FR5-1;NPY-M,FR4-1;FR5-2;FR5-3,0.5318215127085366,0.15057995167504523,False,False
double,1228,FR4-3;FR5-4;FR5-5,AGUA-M;FR5-2;FR5-3,FR4-1;FR5-1;NPY-M,0.6983341001518215,0.18882396269259558,False,False
double,1229,FR4-3;FR5-4;FR5-5,AGUA-M;FR5-2;NPY-M,FR4-1;FR5-1;FR5-3,0.5662710414794979,0.15878519464537824,False,False
double,1230,FR4-3;FR5-4;FR5-5,AGUA-M;FR5-3;NPY-M,FR4-1;FR5-1;FR5-2,1.1090539924227294,0.2699049451450071,False,True
double,1231,FR4-3;FR5-4;FR5-5,FR4-1;FR5-1;FR5-2,AGUA-M;FR5-3;NPY-M,1.1090539924227294,0.2699049451450071,False,True
double,1232,FR4-3;FR5-4;FR5-5,FR4-1;FR5-1;FR5-3,AGUA-M;FR5-2;NPY-M,0.566271041479498,0.15878519464537827,False,False
double,1233,FR4-3;FR5-4;FR5-5,FR4-1;FR5-1;NPY-M,AGUA-M;FR5-2;FR5-3,0.6983341001518215,0.18882396269259558,False,False
double,1234,FR4-3;FR5-4;FR5-5,FR4-1;FR5-2;FR5-3,AGUA-M;FR5-1;NPY-M,0.5318215127085365,0.1505799516750452,False,False
double,1235,FR4-3;FR5-4;FR5-5,FR4-1;FR5-2;NPY-M,AGUA-M;FR5-1;FR5-3,1.118806180605636,0.271633607299561,False,True
double,1236,FR4-3;FR5-4;FR5-5,FR4-1;FR5-3;NPY-M,AGUA-M;FR5-1;FR5-2,0.5237478884319131,0.1486337572989604,False,False
double,1237,FR4-3;FR5-4;FR5-5,FR5-1;FR5-2;FR5-3,AGUA-M;FR4-1;NPY-M,0.3560707089021684,0.10609749906569924,False,False
double,1238,FR4-3;FR5-4;FR5-5,FR5-1;FR5-2;NPY-M,AGUA-M;FR4-1;FR5-3,0.3897914507012663,0.11498980287434139,False,False
double,1239,FR4-3;FR5-4;FR5-5,FR5-1;FR5-3;NPY-M,AGUA-M;FR4-1;FR5-2,2.417713494066791,0.4462608620250129,False,True
double,1240,FR4-3;FR5-4;FR5-5,FR5-2;FR5-3;NPY-M,AGUA-M;FR4-1;FR5-1,0.46108457465499547,0.13321967860347847,False,False
double,1241,FR4-3;FR5-4;NPY-M,AGUA-M;FR4-1;FR5-1,FR5-2;FR5-3;FR5-5,0.35754693915006386,0.10649052586010131,False,False
double,1242,FR4-3;FR5-4;NPY-M,AGUA-M;FR4-1;FR5-2,FR5-1;FR5-3;FR5-5,1.4218468823709545,0.3215504562221686,False,True
double,1243,FR4-3;FR5-4;NPY-M,AGUA-M;FR4-1;FR5-3,FR5-1;FR5-2;FR5-5,0.33934439456557536,0.10162006503965926,False,False
double,1244,FR4-3;FR5-4;NPY-M,AGUA-M;FR4-1;FR5-5,FR5-1;FR5-2;FR5-3,0.7439425769685722,0.19870565898767978,False,False
double,1245,FR4-3;FR5-4;NPY-M,AGUA-M;FR5-1;FR5-2,FR4-1;FR5-3;FR5-5,0.45888556889474025,0.13266861818772846,False,False
double,1246,FR4-3;FR5-4;NPY-M,AGUA-M;FR5-1;FR5-3,FR4-1;FR5-2;FR5-5,1.7394048972271978,0.3670091361564912,False,True
double,1247,FR4-3;FR5-4;NPY-M,AGUA-M;FR5-1;FR5-5,FR4-1;FR5-2;FR5-3,0.46597562314895935,0.13444284490541347,False,False
double,1248,FR4-3;FR5-4;NPY-M,AGUA-M;FR5-2;FR5-3,FR4-1;FR5-1;FR5-5,0.6864920570763506,0.1862182384900586,False,False
double,1249,FR4-3;FR5-4;NPY-M,AGUA-M;FR5-2;FR5-5,FR4-1;FR5-1;FR5-3,0.9506398676170765,0.24062934093521357,False,True
double,1250,FR4-3;FR5-4;NPY-M,AGUA-M;FR5-3;FR5-5,FR4-1;FR5-1;FR5-2,0.9494908746771819,0.24040842346668037,False,True
double,1251,FR4-3;FR5-4;NPY-M,FR4-1;FR5-1;FR5-2,AGUA-M;FR5-3;FR5-5,0.9494908746771819,0.24040842346668037,False,True
double,1252,FR4-3;FR5-4;NPY-M,FR4-1;FR5-1;FR5-3,AGUA-M;FR5-2;FR5-5,0.9506398676170765,0.24062934093521357,False,True
double,1253,FR4-3;FR5-4;NPY-M,FR4-1;FR5-1;FR5-5,AGUA-M;FR5-2;FR5-3,0.6864920570763506,0.1862182384900586,False,False
double,1254,FR4-3;FR5-4;NPY-M,FR4-1;FR5-2;FR5-3,AGUA-M;FR5-1;FR5-5,0.46597562314895935,0.13444284490541347,False,False
double,1255,FR4-3;FR5-4;NPY-M,FR4-1;FR5-2;FR5-5,AGUA-M;FR5-1;FR5-3,1.7394048972271978,0.3670091361564912,False,True
double,1256,FR4-3;FR5-4;NPY-M,FR4-1;FR5-3;FR5-5,AGUA-M;FR5-1;FR5-2,0.45888556889474025,0.13266861818772846,False,False
double,1257,FR4-3;FR5-4;NPY-M,FR5-1;FR5-2;FR5-3,AGUA-M;FR4-1;FR5-5,0.7439425769685722,0.19870565898767978,False,False
double,1258,FR4-3;FR5-4;NPY-M,FR5-1;FR5-2;FR5-5,AGUA-M;FR4-1;FR5-3,0.33934439456557536,0.10162006503965926,False,False
double,1259,FR4-3;FR5-4;NPY-M,FR5-1;FR5-3;FR5-5,AGUA-M;FR4-1;FR5-2,1.4218468823709547,0.32155045622216866,False,True
double,1260,FR4-3;FR5-4;NPY-M,FR5-2;FR5-3;FR5-5,AGUA-M;FR4-1;FR5-1,0.35754693915006386,0.10649052586010131,False,False
double,1261,FR4-3;FR5-5;NPY-M,AGUA-M;FR4-1;FR5-1,FR5-2;FR5-3;FR5-4,0.29969868955037626,0.09082607769596497,False,False
double,1262,FR4-3;FR5-5;NPY-M,AGUA-M;FR4-1;FR5-2,FR5-1;FR5-3;FR5-4,2.1209310296782027,0.4141690285196989,False,True
double,1263,FR4-3;FR5-5;NPY-M,AGUA-M;FR4-1;FR5-3,FR5-1;FR5-2;FR5-4,0.18983680550370174,0.05951301495304082,False,False
double,1264,FR4-3;FR5-5;NPY-M,AGUA-M;FR4-1;FR5-4,FR5-1;FR5-2;FR5-3,0.2736880494860616,0.08360236080802753,False,False
double,1265,FR4-3;FR5-5;NPY-M,AGUA-M;FR5-1;FR5-2,FR4-1;FR5-3;FR5-4,0.42733592918255603,0.12468457659604984,False,False
double,1266,FR4-3;FR5-5;NPY-M,AGUA-M;FR5-1;FR5-3,FR4-1;FR5-2;FR5-4,0.8674719075332544,0.22429947218066393,False,False
double,1267,FR4-3;FR5-5;NPY-M,AGUA-M;FR5-1;FR5-4,FR4-1;FR5-2;FR5-3,0.4088668559515943,0.1199421606149701,False,False
double,1268,FR4-3;FR5-5;NPY-M,AGUA-M;FR5-2;FR5-3,FR4-1;FR5-1;FR5-4,0.5368666264451296,0.15179159497589792,False,False
double,1269,FR4-3;FR5-5;NPY-M,AGUA-M;FR5-2;FR5-4,FR4-1;FR5-1;FR5-3,0.4007653570058092,0.11784563618310365,False,False
double,1270,FR4-3;FR5-5;NPY-M,AGUA-M;FR5-3;FR5-4,FR4-1;FR5-1;FR5-2,1.0125745585287795,0.25235034109871907,False,True
double,1271,FR4-3;FR5-5;NPY-M,FR4-1;FR5-1;FR5-2,AGUA-M;FR5-3;FR5-4,1.0125745585287795,0.25235034109871907,False,True
double,1272,FR4-3;FR5-5;NPY-M,FR4-1;FR5-1;FR5-3,AGUA-M;FR5-2;FR5-4,0.40076535700580923,0.11784563618310367,False,False
double,1273,FR4-3;FR5-5;NPY-M,FR4-1;FR5-1;FR5-4,AGUA-M;FR5-2;FR5-3,0.5368666264451296,0.15179159497589792,False,False
double,1274,FR4-3;FR5-5;NPY-M,FR4-1;FR5-2;FR5-3,AGUA-M;FR5-1;FR5-4,0.4088668559515943,0.1199421606149701,False,False
double,1275,FR4-3;FR5-5;NPY-M,FR4-1;FR5-2;FR5-4,AGUA-M;FR5-1;FR5-3,0.8674719075332546,0.22429947218066396,False,False
double,1276,FR4-3;FR5-5;NPY-M,FR4-1;FR5-3;FR5-4,AGUA-M;FR5-1;FR5-2,0.42733592918255603,0.12468457659604984,False,False
double,1277,FR4-3;FR5-5;NPY-M,FR5-1;FR5-2;FR5-3,AGUA-M;FR4-1;FR5-4,0.2736880494860616,0.08360236080802753,False,False
double,1278,FR4-3;FR5-5;NPY-M,FR5-1;FR5-2;FR5-4,AGUA-M;FR4-1;FR5-3,0.18983680550370174,0.05951301495304082,False,False
double,1279,FR4-3;FR5-5;NPY-M,FR5-1;FR5-3;FR5-4,AGUA-M;FR4-1;FR5-2,2.1209310296782027,0.4141690285196989,False,True
double,1280,FR4-3;FR5-5;NPY-M,FR5-2;FR5-3;FR5-4,AGUA-M;FR4-1;FR5-1,0.29969868955037626,0.09082607769596497,False,False
double,1281,FR5-1;FR5-2;FR5-3,AGUA-M;FR4-1;FR4-3,FR5-4;FR5-5;NPY-M,1.467247596612441,0.3284455506171338,False,True
double,1282,FR5-1;FR5-2;FR5-3,AGUA-M;FR4-1;FR5-4,FR4-3;FR5-5;NPY-M,0.2736880494860616,0.08360236080802753,False,False
double,1283,FR5-1;FR5-2;FR5-3,AGUA-M;FR4-1;FR5-5,FR4-3;FR5-4;NPY-M,0.7439425769685722,0.19870565898767978,False,False
double,1284,FR5-1;FR5-2;FR5-3,AGUA-M;FR4-1;NPY-M,FR4-3;FR5-4;FR5-5,0.3560707089021684,0.10609749906569924,False,False
double,1285,FR5-1;FR5-2;FR5-3,AGUA-M;FR4-3;FR5-4,FR4-1;FR5-5;NPY-M,0.5604361602988637,0.15740660274942847,False,False
double,1286,FR5-1;FR5-2;FR5-3,AGUA-M;FR4-3;FR5-5,FR4-1;FR5-4;NPY-M,0.7006452095208381,0.18933055449851086,False,False
double,1287,FR5-1;FR5-2;FR5-3,AGUA-M;FR4-3;NPY-M,FR4-1;FR5-4;FR5-5,0.5329111110817982,0.15084192449965653,False,False
double,1288,FR5-1;FR5-2;FR5-3,AGUA-M;FR5-4;FR5-5,FR4-1;FR4-3;NPY-M,0.9207730522383676,0.2348447716739684,False,False
double,1289,FR5-1;FR5-2;FR5-3,AGUA-M;FR5-4;NPY-M,FR4-1;FR4-3;FR5-5,1.2881411702792112,0.30039616680701237,False,True
double,1290,FR5-1;FR5-2;FR5-3,AGUA-M;FR5-5;NPY-M,FR4-1;FR4-3;FR5-4,0.8891352557213492,0.2286202966104953,False,False
double,1291,FR5-1;FR5-2;FR5-3,FR4-1;FR4-3;FR5-4,AGUA-M;FR5-5;NPY-M,0.8891352557213492,0.2286202966104953,False,False
double,1292,FR5-1;FR5-2;FR5-3,FR4-1;FR4-3;FR5-5,AGUA-M;FR5-4;NPY-M,1.288141170279211,0.3003961668070123,False,True
double,1293,FR5-1;FR5-2;FR5-3,FR4-1;FR4-3;NPY-M,AGUA-M;FR5-4;FR5-5,0.9207730522383676,0.2348447716739684,False,False
double,1294,FR5-1;FR5-2;FR5-3,FR4-1;FR5-4;FR5-5,AGUA-M;FR4-3;NPY-M,0.5329111110817982,0.15084192449965653,False,False
double,1295,FR5-1;FR5-2;FR5-3,FR4-1;FR5-4;NPY-M,AGUA-M;FR4-3;FR5-5,0.7006452095208381,0.18933055449851086,False,False
double,1296,FR5-1;FR5-2;FR5-3,FR4-1;FR5-5;NPY-M,AGUA-M;FR4-3;FR5-4,0.5604361602988637,0.15740660274942847,False,False
double,1297,FR5-1;FR5-2;FR5-3,FR4-3;FR5-4;FR5-5,AGUA-M;FR4-1;NPY-M,0.3560707089021684,0.10609749906569924,False,False
double,1298,FR5-1;FR5-2;FR5-3,FR4-3;FR5-4;NPY-M,AGUA-M;FR4-1;FR5-5,0.7439425769685722,0.19870565898767978,False,False
double,1299,FR5-1;FR5-2;FR5-3,FR4-3;FR5-5;NPY-M,AGUA-M;FR4-1;FR5-4,0.2736880494860616,0.08360236080802753,False,False
double,1300,FR5-1;FR5-2;FR5-3,FR5-4;FR5-5;NPY-M,AGUA-M;FR4-1;FR4-3,1.4672475966124405,0.32844555061713376,False,True
double,1301,FR5-1;FR5-2;FR5-4,AGUA-M;FR4-1;FR4-3,FR5-3;FR5-5;NPY-M,1.3770448999936153,0.31460607132351415,False,True
double,1302,FR5-1;FR5-2;FR5-4,AGUA-M;FR4-1;FR5-3,FR4-3;FR5-5;NPY-M,0.18983680550370174,0.05951301495304082,False,False
double,1303,FR5-1;FR5-2;FR5-4,AGUA-M;FR4-1;FR5-5,FR4-3;FR5-3;NPY-M,0.7091547748425148,0.19119039724424128,False,False
double,1304,FR5-1;FR5-2;FR5-4,AGUA-M;FR4-1;NPY-M,FR4-3;FR5-3;FR5-5,0.1764765672032287,0.05555733324946573,False,False
double,1305,FR5-1;FR5-2;FR5-4,AGUA-M;FR4-3;FR5-3,FR4-1;FR5-5;NPY-M,0.5622251948740407,0.15782977327853098,False,False
double,1306,FR5-1;FR5-2;FR5-4,AGUA-M;FR4-3;FR5-5,FR4-1;FR5-3;NPY-M,0.5599974888735354,0.1573027763709832,False,False
double,1307,FR5-1;FR5-2;FR5-4,AGUA-M;FR4-3;NPY-M,FR4-1;FR5-3;FR5-5,0.24601285475584278,0.0757892422993338,False,False
double,1308,FR5-1;FR5-2;FR5-4,AGUA-M;FR5-3;FR5-5,FR4-1;FR4-3;NPY-M,0.8907665963155215,0.22894372465288967,False,False
double,1309,FR5-1;FR5-2;FR5-4,AGUA-M;FR5-3;NPY-M,FR4-1;FR4-3;FR5-5,1.528438757461043,0.3375200238587287,False,True
double,1310,FR5-1;FR5-2;FR5-4,AGUA-M;FR5-5;NPY-M,FR4-1;FR4-3;FR5-3,0.5709687325149593,0.15989183196035373,False,False
double,1311,FR5-1;FR5-2;FR5-4,FR4-1;FR4-3;FR5-3,AGUA-M;FR5-5;NPY-M,0.5709687325149593,0.15989183196035373,False,False
double,1312,FR5-1;FR5-2;FR5-4,FR4-1;FR4-3;FR5-5,AGUA-M;FR5-3;NPY-M,1.528438757461043,0.3375200238587287,False,True
double,1313,FR5-1;FR5-2;FR5-4,FR4-1;FR4-3;NPY-M,AGUA-M;FR5-3;FR5-5,0.8907665963155218,0.2289437246528897,False,False
double,1314,FR5-1;FR5-2;FR5-4,FR4-1;FR5-3;FR5-5,AGUA-M;FR4-3;NPY-M,0.2460128547558428,0.0757892422993338,False,False
double,1315,FR5-1;FR5-2;FR5-4,FR4-1;FR5-3;NPY-M,AGUA-M;FR4-3;FR5-5,0.5599974888735354,0.1573027763709832,False,False
double,1316,FR5-1;FR5-2;FR5-4,FR4-1;FR5-5;NPY-M,AGUA-M;FR4-3;FR5-3,0.5622251948740408,0.157829773278531,False,False
double,1317,FR5-1;FR5-2;FR5-4,FR4-3;FR5-3;FR5-5,AGUA-M;FR4-1;NPY-M,0.1764765672032287,0.05555733324946573,False,False
double,1318,FR5-1;FR5-2;FR5-4,FR4-3;FR5-3;NPY-M,AGUA-M;FR4-1;FR5-5,0.7091547748425149,0.1911903972442413,False,False
double,1319,FR5-1;FR5-2;FR5-4,FR4-3;FR5-5;NPY-M,AGUA-M;FR4-1;FR5-3,0.18983680550370174,0.05951301495304082,False,False
double,1320,FR5-1;FR5-2;FR5-4,FR5-3;FR5-5;NPY-M,AGUA-M;FR4-1;FR4-3,1.3770448999936153,0.31460607132351415,False,True
double,1321,FR5-1;FR5-2;FR5-5,AGUA-M;FR4-1;FR4-3,FR5-3;FR5-4;NPY-M,2.3779696593365354,0.4421686640065386,False,True
double,1322,FR5-1;FR5-2;FR5-5,AGUA-M;FR4-1;FR5-3,FR4-3;FR5-4;NPY-M,0.33934439456557536,0.10162006503965926,False,False
double,1323,FR5-1;FR5-2;FR5-5,AGUA-M;FR4-1;FR5-4,FR4-3;FR5-3;NPY-M,0.40210942931747967,0.11819414915120752,False,False
double,1324,FR5-1;FR5-2;FR5-5,AGUA-M;FR4-1;NPY-M,FR4-3;FR5-3;FR5-4,0.45331697035966606,0.1312700149596904,False,False
double,1325,FR5-1;FR5-2;FR5-5,AGUA-M;FR4-3;FR5-3,FR4-1;FR5-4;NPY-M,0.5644149491493781,0.15834715014986447,False,False
double,1326,FR5-1;FR5-2;FR5-5,AGUA-M;FR4-3;FR5-4,FR4-1;FR5-3;NPY-M,0.4320866756612996,0.1258962014932343,False,False
double,1327,FR5-1;FR5-2;FR5-5,AGUA-M;FR4-3;NPY-M,FR4-1;FR5-3;FR5-4,0.3704542082250461,0.10991225079427361,False,False
double,1328,FR5-1;FR5-2;FR5-5,AGUA-M;FR5-3;FR5-4,FR4-1;FR4-3;NPY-M,1.1840577747006356,0.2829926923715468,False,True
double,1329,FR5-1;FR5-2;FR5-5,AGUA-M;FR5-3;NPY-M,FR4-1;FR4-3;FR5-4,1.2027842843211403,0.28618748975726255,False,True
double,1330,FR5-1;FR5-2;FR5-5,AGUA-M;FR5-4;NPY-M,FR4-1;FR4-3;FR5-3,0.6600325926912315,0.18033516805540462,False,False
double,1331,FR5-1;FR5-2;FR5-5,FR4-1;FR4-3;FR5-3,AGUA-M;FR5-4;NPY-M,0.6600325926912315,0.18033516805540462,False,False
double,1332,FR5-1;FR5-2;FR5-5,FR4-1;FR4-3;FR5-4,AGUA-M;FR5-3;NPY-M,1.2027842843211403,0.28618748975726255,False,True
double,1333,FR5-1;FR5-2;FR5-5,FR4-1;FR4-3;NPY-M,AGUA-M;FR5-3;FR5-4,1.1840577747006356,0.2829926923715468,False,True
double,1334,FR5-1;FR5-2;FR5-5,FR4-1;FR5-3;FR5-4,AGUA-M;FR4-3;NPY-M,0.3704542082250461,0.10991225079427361,False,False
double,1335,FR5-1;FR5-2;FR5-5,FR4-1;FR5-3;NPY-M,AGUA-M;FR4-3;FR5-4,0.4320866756612996,0.1258962014932343,False,False
double,1336,FR5-1;FR5-2;FR5-5,FR4-1;FR5-4;NPY-M,AGUA-M;FR4-3;FR5-3,0.5644149491493781,0.15834715014986447,False,False
double,1337,FR5-1;FR5-2;FR5-5,FR4-3;FR5-3;FR5-4,AGUA-M;FR4-1;NPY-M,0.45331697035966606,0.1312700149596904,False,False
double,1338,FR5-1;FR5-2;FR5-5,FR4-3;FR5-3;NPY-M,AGUA-M;FR4-1;FR5-4,0.40210942931747967,0.11819414915120752,False,False
double,1339,FR5-1;FR5-2;FR5-5,FR4-3;FR5-4;NPY-M,AGUA-M;FR4-1;FR5-3,0.33934439456557536,0.10162006503965926,False,False
double,1340,FR5-1;FR5-2;FR5-5,FR5-3;FR5-4;NPY-M,AGUA-M;FR4-1;FR4-3,2.3779696593365354,0.4421686640065386,False,True
double,1341,FR5-1;FR5-2;NPY-M,AGUA-M;FR4-1;FR4-3,FR5-3;FR5-4;FR5-5,1.691117182676147,0.36049348520247654,False,True
double,1342,FR5-1;FR5-2;NPY-M,AGUA-M;FR4-1;FR5-3,FR4-3;FR5-4;FR5-5,0.3897914507012663,0.11498980287434139,False,False
double,1343,FR5-1;FR5-2;NPY-M,AGUA-M;FR4-1;FR5-4,FR4-3;FR5-3;FR5-5,0.29141887997384097,0.08853898291309463,False,False
double,1344,FR5-1;FR5-2;NPY-M,AGUA-M;FR4-1;FR5-5,FR4-3;FR5-3;FR5-4,0.933125913406227,0.23724791271635307,False,False
double,1345,FR5-1;FR5-2;NPY-M,AGUA-M;FR4-3;FR5-3,FR4-1;FR5-4;FR5-5,0.7442743163077349,0.19877665294610972,False,False
double,1346,FR5-1;FR5-2;NPY-M,AGUA-M;FR4-3;FR5-4,FR4-1;FR5-3;FR5-5,0.4219262441912556,0.1233008002166845,False,False
double,1347,FR5-1;FR5-2;NPY-M,AGUA-M;FR4-3;FR5-5,FR4-1;FR5-3;FR5-4,0.6983633746969053,0.18883038358937318,False,False
double,1348,FR5-1;FR5-2;NPY-M,AGUA-M;FR5-3;FR5-4,FR4-1;FR4-3;FR5-5,1.8033985599863473,0.37544220773374115,False,True
double,1349,FR5-1;FR5-2;NPY-M,AGUA-M;FR5-3;FR5-5,FR4-1;FR4-3;FR5-4,1.1099308179523426,0.2700607059136179,False,True
double,1350,FR5-1;FR5-2;NPY-M,AGUA-M;FR5-4;FR5-5,FR4-1;FR4-3;FR5-3,0.784215401159298,0.20723328828455506,False,False
double,1351,FR5-1;FR5-2;NPY-M,FR4-1;FR4-3;FR5-3,AGUA-M;FR5-4;FR5-5,0.7842154011592981,0.2072332882845551,False,False
double,1352,FR5-1;FR5-2;NPY-M,FR4-1;FR4-3;FR5-4,AGUA-M;FR5-3;FR5-5,1.1099308179523426,0.2700607059136179,False,True
double,1353,FR5-1;FR5-2;NPY-M,FR4-1;FR4-3;FR5-5,AGUA-M;FR5-3;FR5-4,1.8033985599863473,0.37544220773374115,False,True
double,1354,FR5-1;FR5-2;NPY-M,FR4-1;FR5-3;FR5-4,AGUA-M;FR4-3;FR5-5,0.6983633746969053,0.18883038358937318,False,False
double,1355,FR5-1;FR5-2;NPY-M,FR4-1;FR5-3;FR5-5,AGUA-M;FR4-3;FR5-4,0.4219262441912555,0.12330080021668449,False,False
double,1356,FR5-1;FR5-2;NPY-M,FR4-1;FR5-4;FR5-5,AGUA-M;FR4-3;FR5-3,0.7442743163077349,0.19877665294610972,False,False
double,1357,FR5-1;FR5-2;NPY-M,FR4-3;FR5-3;FR5-4,AGUA-M;FR4-1;FR5-5,0.9331259134062273,0.2372479127163531,False,False
double,1358,FR5-1;FR5-2;NPY-M,FR4-3;FR5-3;FR5-5,AGUA-M;FR4-1;FR5-4,0.29141887997384097,0.08853898291309463,False,False
double,1359,FR5-1;FR5-2;NPY-M,FR4-3;FR5-4;FR5-5,AGUA-M;FR4-1;FR5-3,0.3897914507012663,0.11498980287434139,False,False
double,1360,FR5-1;FR5-2;NPY-M,FR5-3;FR5-4;FR5-5,AGUA-M;FR4-1;FR4-3,1.6911171826761473,0.3604934852024766,False,True
double,1361,FR5-1;FR5-3;FR5-4,AGUA-M;FR4-1;FR4-3,FR5-2;FR5-5;NPY-M,2.5073331775465015,0.45527174345814864,False,True
double,1362,FR5-1;FR5-3;FR5-4,AGUA-M;FR4-1;FR5-2,FR4-3;FR5-5;NPY-M,2.1209310296782027,0.4141690285196989,False,True
double,1363,FR5-1;FR5-3;FR5-4,AGUA-M;FR4-1;FR5-5,FR4-3;FR5-2;NPY-M,1.912255317021539,0.3892825583383972,False,True
double,1364,FR5-1;FR5-3;FR5-4,AGUA-M;FR4-1;NPY-M,FR4-3;FR5-2;FR5-5,1.724336257406096,0.3649901623117838,False,True
double,1365,FR5-1;FR5-3;FR5-4,AGUA-M;FR4-3;FR5-2,FR4-1;FR5-5;NPY-M,2.5561475831209686,0.46005753894772233,False,True
double,1366,FR5-1;FR5-3;FR5-4,AGUA-M;FR4-3;FR5-5,FR4-1;FR5-2;NPY-M,2.06605447198567,0.4078231853626058,False,True
double,1367,FR5-1;FR5-3;FR5-4,AGUA-M;FR4-3;NPY-M,FR4-1;FR5-2;FR5-5,2.334758963582189,0.4376503192591185,False,True
double,1368,FR5-1;FR5-3;FR5-4,AGUA-M;FR5-2;FR5-5,FR4-1;FR4-3;NPY-M,2.7006584408081395,0.4737450013625597,False,True
double,1369,FR5-1;FR5-3;FR5-4,AGUA-M;FR5-2;NPY-M,FR4-1;FR4-3;FR5-5,2.670869886570701,0.47098063260023665,False,True
double,1370,FR5-1;FR5-3;FR5-4,AGUA-M;FR5-5;NPY-M,FR4-1;FR4-3;FR5-2,4.128928538394381,0.5791793978796598,False,True
double,1371,FR5-1;FR5-3;FR5-4,FR4-1;FR4-3;FR5-2,AGUA-M;FR5-5;NPY-M,4.128928538394379,0.5791793978796598,False,True
double,1372,FR5-1;FR5-3;FR5-4,FR4-1;FR4-3;FR5-5,AGUA-M;FR5-2;NPY-M,2.670869886570701,0.47098063260023665,False,True
double,1373,FR5-1;FR5-3;FR5-4,FR4-1;FR4-3;NPY-M,AGUA-M;FR5-2;FR5-5,2.7006584408081395,0.4737450013625597,False,True
double,1374,FR5-1;FR5-3;FR5-4,FR4-1;FR5-2;FR5-5,AGUA-M;FR4-3;NPY-M,2.3347589635821886,0.4376503192591184,False,True
double,1375,FR5-1;FR5-3;FR5-4,FR4-1;FR5-2;NPY-M,AGUA-M;FR4-3;FR5-5,2.06605447198567,0.4078231853626058,False,True
double,1376,FR5-1;FR5-3;FR5-4,FR4-1;FR5-5;NPY-M,AGUA-M;FR4-3;FR5-2,2.5561475831209686,0.46005753894772233,False,True
double,1377,FR5-1;FR5-3;FR5-4,FR4-3;FR5-2;FR5-5,AGUA-M;FR4-1;NPY-M,1.724336257406096,0.3649901623117838,False,True
double,1378,FR5-1;FR5-3;FR5-4,FR4-3;FR5-2;NPY-M,AGUA-M;FR4-1;FR5-5,1.912255317021539,0.3892825583383972,False,True
double,1379,FR5-1;FR5-3;FR5-4,FR4-3;FR5-5;NPY-M,AGUA-M;FR4-1;FR5-2,2.1209310296782027,0.4141690285196989,False,True
double,1380,FR5-1;FR5-3;FR5-4,FR5-2;FR5-5;NPY-M,AGUA-M;FR4-1;FR4-3,2.5073331775465015,0.45527174345814864,False,True
double,1381,FR5-1;FR5-3;FR5-5,AGUA-M;FR4-1;FR4-3,FR5-2;FR5-4;NPY-M,1.3692486484179887,0.3133830913728758,False,True
double,1382,FR5-1;FR5-3;FR5-5,AGUA-M;FR4-1;FR5-2,FR4-3;FR5-4;NPY-M,1.4218468823709547,0.32155045622216866,False,True
double,1383,FR5-1;FR5-3;FR5-5,AGUA-M;FR4-1;FR5-4,FR4-3;FR5-2;NPY-M,0.6655130753192373,0.1815606878612147,False,False
double,1384,FR5-1;FR5-3;FR5-5,AGUA-M;FR4-1;NPY-M,FR4-3;FR5-2;FR5-4,0.6199164876800929,0.17125159925371114,False,False
double,1385,FR5-1;FR5-3;FR5-5,AGUA-M;FR4-3;FR5-2,FR4-1;FR5-4;NPY-M,1.4500435448410136,0.32584929343490715,False,True
double,1386,FR5-1;FR5-3;FR5-5,AGUA-M;FR4-3;FR5-4,FR4-1;FR5-2;NPY-M,0.9561708392282946,0.24169098810070824,False,True
double,1387,FR5-1;FR5-3;FR5-5,AGUA-M;FR4-3;NPY-M,FR4-1;FR5-2;FR5-4,0.7609164501246288,0.20232208298576101,False,False
double,1388,FR5-1;FR5-3;FR5-5,AGUA-M;FR5-2;FR5-4,FR4-1;FR4-3;NPY-M,1.044995037931453,0.25834272431291955,False,True
double,1389,FR5-1;FR5-3;FR5-5,AGUA-M;FR5-2;NPY-M,FR4-1;FR4-3;FR5-4,1.195349314993822,0.28492247611462174,False,True
double,1390,FR5-1;FR5-3;FR5-5,AGUA-M;FR5-4;NPY-M,FR4-1;FR4-3;FR5-2,2.6063984422086075,0.46489711159056196,False,True
double,1391,FR5-1;FR5-3;FR5-5,FR4-1;FR4-3;FR5-2,AGUA-M;FR5-4;NPY-M,2.6063984422086075,0.46489711159056196,False,True
double,1392,FR5-1;FR5-3;FR5-5,FR4-1;FR4-3;FR5-4,AGUA-M;FR5-2;NPY-M,1.195349314993822,0.28492247611462174,False,True
double,1393,FR5-1;FR5-3;FR5-5,FR4-1;FR4-3;NPY-M,AGUA-M;FR5-2;FR5-4,1.044995037931453,0.25834272431291955,False,True
double,1394,FR5-1;FR5-3;FR5-5,FR4-1;FR5-2;FR5-4,AGUA-M;FR4-3;NPY-M,0.7609164501246288,0.20232208298576101,False,False
double,1395,FR5-1;FR5-3;FR5-5,FR4-1;FR5-2;NPY-M,AGUA-M;FR4-3;FR5-4,0.9561708392282944,0.2416909881007082,False,True
double,1396,FR5-1;FR5-3;FR5-5,FR4-1;FR5-4;NPY-M,AGUA-M;FR4-3;FR5-2,1.4500435448410136,0.32584929343490715,False,True
double,1397,FR5-1;FR5-3;FR5-5,FR4-3;FR5-2;FR5-4,AGUA-M;FR4-1;NPY-M,0.6199164876800929,0.17125159925371114,False,False
double,1398,FR5-1;FR5-3;FR5-5,FR4-3;FR5-2;NPY-M,AGUA-M;FR4-1;FR5-4,0.6655130753192373,0.1815606878612147,False,False
double,1399,FR5-1;FR5-3;FR5-5,FR4-3;FR5-4;NPY-M,AGUA-M;FR4-1;FR5-2,1.4218468823709547,0.32155045622216866,False,True
double,1400,FR5-1;FR5-3;FR5-5,FR5-2;FR5-4;NPY-M,AGUA-M;FR4-1;FR4-3,1.3692486484179887,0.3133830913728758,False,True
double,1401,FR5-1;FR5-3;NPY-M,AGUA-M;FR4-1;FR4-3,FR5-2;FR5-4;FR5-5,2.498425373364826,0.454389248505138,False,True
double,1402,FR5-1;FR5-3;NPY-M,AGUA-M;FR4-1;FR5-2,FR4-3;FR5-4;FR5-5,2.417713494066791,0.4462608620250129,False,True
double,1403,FR5-1;FR5-3;NPY-M,AGUA-M;FR4-1;FR5-4,FR4-3;FR5-2;FR5-5,1.7968291620687469,0.3745868575594261,False,True
double,1404,FR5-1;FR5-3;NPY-M,AGUA-M;FR4-1;FR5-5,FR4-3;FR5-2;FR5-4,1.906531916118692,0.3885701649785359,False,True
double,1405,FR5-1;FR5-3;NPY-M,AGUA-M;FR4-3;FR5-2,FR4-1;FR5-4;FR5-5,2.7429398578216775,0.4776194641993146,False,True
double,1406,FR5-1;FR5-3;NPY-M,AGUA-M;FR4-3;FR5-4,FR4-1;FR5-2;FR5-5,2.5738970082565875,0.46177692276048266,False,True
double,1407,FR5-1;FR5-3;NPY-M,AGUA-M;FR4-3;FR5-5,FR4-1;FR5-2;FR5-4,1.938929183717756,0.3925808837490227,False,True
double,1408,FR5-1;FR5-3;NPY-M,AGUA-M;FR5-2;FR5-4,FR4-1;FR4-3;FR5-5,2.577586066578584,0.462132907643276,False,True
double,1409,FR5-1;FR5-3;NPY-M,AGUA-M;FR5-2;FR5-5,FR4-1;FR4-3;FR5-4,2.8994385040740336,0.4914770282073014,False,True
double,1410,FR5-1;FR5-3;NPY-M,AGUA-M;FR5-4;FR5-5,FR4-1;FR4-3;FR5-2,4.559262725946962,0.6031358997878745,False,True
double,1411,FR5-1;FR5-3;NPY-M,FR4-1;FR4-3;FR5-2,AGUA-M;FR5-4;FR5-5,4.559262725946962,0.6031358997878745,False,True
double,1412,FR5-1;FR5-3;NPY-M,FR4-1;FR4-3;FR5-4,AGUA-M;FR5-2;FR5-5,2.8994385040740336,0.4914770282073014,False,True
double,1413,FR5-1;FR5-3;NPY-M,FR4-1;FR4-3;FR5-5,AGUA-M;FR5-2;FR5-4,2.577586066578584,0.462132907643276,False,True
double,1414,FR5-1;FR5-3;NPY-M,FR4-1;FR5-2;FR5-4,AGUA-M;FR4-3;FR5-5,1.938929183717756,0.3925808837490227,False,True
double,1415,FR5-1;FR5-3;NPY-M,FR4-1;FR5-2;FR5-5,AGUA-M;FR4-3;FR5-4,2.5738970082565875,0.46177692276048266,False,True
double,1416,FR5-1;FR5-3;NPY-M,FR4-1;FR5-4;FR5-5,AGUA-M;FR4-3;FR5-2,2.7429398578216766,0.4776194641993145,False,True
double,1417,FR5-1;FR5-3;NPY-M,FR4-3;FR5-2;FR5-4,AGUA-M;FR4-1;FR5-5,1.906531916118692,0.3885701649785359,False,True
double,1418,FR5-1;FR5-3;NPY-M,FR4-3;FR5-2;FR5-5,AGUA-M;FR4-1;FR5-4,1.7968291620687469,0.3745868575594261,False,True
double,1419,FR5-1;FR5-3;NPY-M,FR4-3;FR5-4;FR5-5,AGUA-M;FR4-1;FR5-2,2.417713494066791,0.4462608620250129,False,True
double,1420,FR5-1;FR5-3;NPY-M,FR5-2;FR5-4;FR5-5,AGUA-M;FR4-1;FR4-3,2.498425373364826,0.454389248505138,False,True
double,1421,FR5-1;FR5-4;FR5-5,AGUA-M;FR4-1;FR4-3,FR5-2;FR5-3;NPY-M,1.4195790354530284,0.32120231905922114,False,True
double,1422,FR5-1;FR5-4;FR5-5,AGUA-M;FR4-1;FR5-2,FR4-3;FR5-3;NPY-M,1.4435527581522603,0.32486454796871267,False,True
double,1423,FR5-1;FR5-4;FR5-5,AGUA-M;FR4-1;FR5-3,FR4-3;FR5-2;NPY-M,0.6070728732782427,0.16830069549621055,False,False
double,1424,FR5-1;FR5-4;FR5-5,AGUA-M;FR4-1;NPY-M,FR4-3;FR5-2;FR5-3,0.49801253592105504,0.1423701404174426,False,False
double,1425,FR5-1;FR5-4;FR5-5,AGUA-M;FR4-3;FR5-2,FR4-1;FR5-3;NPY-M,1.3143794467843273,0.304650868797362,False,True
double,1426,FR5-1;FR5-4;FR5-5,AGUA-M;FR4-3;FR5-3,FR4-1;FR5-2;NPY-M,1.0157605866091626,0.25294351211979316,False,True
double,1427,FR5-1;FR5-4;FR5-5,AGUA-M;FR4-3;NPY-M,FR4-1;FR5-2;FR5-3,0.5249666066671771,0.14892810776540324,False,False
double,1428,FR5-1;FR5-4;FR5-5,AGUA-M;FR5-2;FR5-3,FR4-1;FR4-3;NPY-M,1.1328028490420357,0.2741003842718058,False,True
double,1429,FR5-1;FR5-4;FR5-5,AGUA-M;FR5-2;NPY-M,FR4-1;FR4-3;FR5-3,0.8811004938373915,0.2270233649544627,False,False
double,1430,FR5-1;FR5-4;FR5-5,AGUA-M;FR5-3;NPY-M,FR4-1;FR4-3;FR5-2,3.15827154629567,0.5128503221322608,False,True
double,1431,FR5-1;FR5-4;FR5-5,FR4-1;FR4-3;FR5-2,AGUA-M;FR5-3;NPY-M,3.15827154629567,0.5128503221322608,False,True
double,1432,FR5-1;FR5-4;FR5-5,FR4-1;FR4-3;FR5-3,AGUA-M;FR5-2;NPY-M,0.8811004938373914,0.22702336495446268,False,False
double,1433,FR5-1;FR5-4;FR5-5,FR4-1;FR4-3;NPY-M,AGUA-M;FR5-2;FR5-3,1.1328028490420354,0.2741003842718057,False,True
double,1434,FR5-1;FR5-4;FR5-5,FR4-1;FR5-2;FR5-3,AGUA-M;FR4-3;NPY-M,0.5249666066671771,0.14892810776540324,False,False
double,1435,FR5-1;FR5-4;FR5-5,FR4-1;FR5-2;NPY-M,AGUA-M;FR4-3;FR5-3,1.0157605866091626,0.25294351211979316,False,True
double,1436,FR5-1;FR5-4;FR5-5,FR4-1;FR5-3;NPY-M,AGUA-M;FR4-3;FR5-2,1.3143794467843273,0.304650868797362,False,True
double,1437,FR5-1;FR5-4;FR5-5,FR4-3;FR5-2;FR5-3,AGUA-M;FR4-1;NPY-M,0.49801253592105493,0.14237014041744256,False,False
double,1438,FR5-1;FR5-4;FR5-5,FR4-3;FR5-2;NPY-M,AGUA-M;FR4-1;FR5-3,0.6070728732782427,0.16830069549621055,False,False
double,1439,FR5-1;FR5-4;FR5-5,FR4-3;FR5-3;NPY-M,AGUA-M;FR4-1;FR5-2,1.4435527581522607,0.32486454796871267,False,True
double,1440,FR5-1;FR5-4;FR5-5,FR5-2;FR5-3;NPY-M,AGUA-M;FR4-1;FR4-3,1.4195790354530282,0.3212023190592211,False,True
double,1441,FR5-1;FR5-4;NPY-M,AGUA-M;FR4-1;FR4-3,FR5-2;FR5-3;FR5-5,1.8089150980151734,0.37615866804589315,False,True
double,1442,FR5-1;FR5-4;NPY-M,AGUA-M;FR4-1;FR5-2,FR4-3;FR5-3;FR5-5,1.7134619370791497,0.3635251456259669,False,True
double,1443,FR5-1;FR5-4;NPY-M,AGUA-M;FR4-1;FR5-3,FR4-3;FR5-2;FR5-5,1.400775459081601,0.3183019611216268,False,True
double,1444,FR5-1;FR5-4;NPY-M,AGUA-M;FR4-1;FR5-5,FR4-3;FR5-2;FR5-3,1.3902254982034468,0.3166638020694723,False,True
double,1445,FR5-1;FR5-4;NPY-M,AGUA-M;FR4-3;FR5-2,FR4-1;FR5-3;FR5-5,1.7647123983036652,0.3703712314161792,False,True
double,1446,FR5-1;FR5-4;NPY-M,AGUA-M;FR4-3;FR5-3,FR4-1;FR5-2;FR5-5,2.2631998406553717,0.43000454270677263,False,True
double,1447,FR5-1;FR5-4;NPY-M,AGUA-M;FR4-3;FR5-5,FR4-1;FR5-2;FR5-3,1.262344486930874,0.2961620044558699,False,True
double,1448,FR5-1;FR5-4;NPY-M,AGUA-M;FR5-2;FR5-3,FR4-1;FR4-3;FR5-5,2.308472351433375,0.43486566352936723,False,True
double,1449,FR5-1;FR5-4;NPY-M,AGUA-M;FR5-2;FR5-5,FR4-1;FR4-3;FR5-3,1.9224954161168484,0.39055301297434725,False,True
double,1450,FR5-1;FR5-4;NPY-M,AGUA-M;FR5-3;FR5-5,FR4-1;FR4-3;FR5-2,3.897174882841863,0.5650393021839832,False,True
double,1451,FR5-1;FR5-4;NPY-M,FR4-1;FR4-3;FR5-2,AGUA-M;FR5-3;FR5-5,3.897174882841861,0.5650393021839832,False,True
double,1452,FR5-1;FR5-4;NPY-M,FR4-1;FR4-3;FR5-3,AGUA-M;FR5-2;FR5-5,1.9224954161168484,0.39055301297434725,False,True
double,1453,FR5-1;FR5-4;NPY-M,FR4-1;FR4-3;FR5-5,AGUA-M;FR5-2;FR5-3,2.308472351433375,0.43486566352936723,False,True
double,1454,FR5-1;FR5-4;NPY-M,FR4-1;FR5-2;FR5-3,AGUA-M;FR4-3;FR5-5,1.262344486930874,0.2961620044558699,False,True
double,1455,FR5-1;FR5-4;NPY-M,FR4-1;FR5-2;FR5-5,AGUA-M;FR4-3;FR5-3,2.263199840655371,0.4300045427067725,False,True
double,1456,FR5-1;FR5-4;NPY-M,FR4-1;FR5-3;FR5-5,AGUA-M;FR4-3;FR5-2,1.7647123983036652,0.3703712314161792,False,True
double,1457,FR5-1;FR5-4;NPY-M,FR4-3;FR5-2;FR5-3,AGUA-M;FR4-1;FR5-5,1.3902254982034465,0.3166638020694723,False,True
double,1458,FR5-1;FR5-4;NPY-M,FR4-3;FR5-2;FR5-5,AGUA-M;FR4-1;FR5-3,1.400775459081601,0.3183019611216268,False,True
double,1459,FR5-1;FR5-4;NPY-M,FR4-3;FR5-3;FR5-5,AGUA-M;FR4-1;FR5-2,1.7134619370791497,0.3635251456259669,False,True
double,1460,FR5-1;FR5-4;NPY-M,FR5-2;FR5-3;FR5-5,AGUA-M;FR4-1;FR4-3,1.8089150980151734,0.37615866804589315,False,True
double,1461,FR5-1;FR5-5;NPY-M,AGUA-M;FR4-1;FR4-3,FR5-2;FR5-3;FR5-4,1.2948025739350244,0.30148127920783285,False,True
double,1462,FR5-1;FR5-5;NPY-M,AGUA-M;FR4-1;FR5-2,FR4-3;FR5-3;FR5-4,1.5325288484569985,0.33811783657564914,False,True
double,1463,FR5-1;FR5-5;NPY-M,AGUA-M;FR4-1;FR5-3,FR4-3;FR5-2;FR5-4,0.5636607653970559,0.15816902968716046,False,False
double,1464,FR5-1;FR5-5;NPY-M,AGUA-M;FR4-1;FR5-4,FR4-3;FR5-2;FR5-3,0.4987363395357212,0.1425475632158961,False,False
double,1465,FR5-1;FR5-5;NPY-M,AGUA-M;FR4-3;FR5-2,FR4-1;FR5-3;FR5-4,1.3064730184636173,0.30337424915057665,False,True
double,1466,FR5-1;FR5-5;NPY-M,AGUA-M;FR4-3;FR5-3,FR4-1;FR5-2;FR5-4,0.8874300705711182,0.22828193805702138,False,False
double,1467,FR5-1;FR5-5;NPY-M,AGUA-M;FR4-3;FR5-4,FR4-1;FR5-2;FR5-3,0.5869525554247667,0.1636354388175786,False,False
double,1468,FR5-1;FR5-5;NPY-M,AGUA-M;FR5-2;FR5-3,FR4-1;FR4-3;FR5-4,1.1806785514838647,0.2824131386673586,False,True
double,1469,FR5-1;FR5-5;NPY-M,AGUA-M;FR5-2;FR5-4,FR4-1;FR4-3;FR5-3,0.7914997062338824,0.20875636754831334,False,False
double,1470,FR5-1;FR5-5;NPY-M,AGUA-M;FR5-3;FR5-4,FR4-1;FR4-3;FR5-2,3.2236568055328645,0.517968279142098,False,True
double,1471,FR5-1;FR5-5;NPY-M,FR4-1;FR4-3;FR5-2,AGUA-M;FR5-3;FR5-4,3.2236568055328645,0.517968279142098,False,True
double,1472,FR5-1;FR5-5;NPY-M,FR4-1;FR4-3;FR5-3,AGUA-M;FR5-2;FR5-4,0.7914997062338824,0.20875636754831334,False,False
double,1473,FR5-1;FR5-5;NPY-M,FR4-1;FR4-3;FR5-4,AGUA-M;FR5-2;FR5-3,1.1806785514838647,0.2824131386673586,False,True
double,1474,FR5-1;FR5-5;NPY-M,FR4-1;FR5-2;FR5-3,AGUA-M;FR4-3;FR5-4,0.5869525554247667,0.1636354388175786,False,False
double,1475,FR5-1;FR5-5;NPY-M,FR4-1;FR5-2;FR5-4,AGUA-M;FR4-3;FR5-3,0.8874300705711182,0.22828193805702138,False,False
double,1476,FR5-1;FR5-5;NPY-M,FR4-1;FR5-3;FR5-4,AGUA-M;FR4-3;FR5-2,1.3064730184636173,0.30337424915057665,False,True
double,1477,FR5-1;FR5-5;NPY-M,FR4-3;FR5-2;FR5-3,AGUA-M;FR4-1;FR5-4,0.4987363395357213,0.14254756321589612,False,False
double,1478,FR5-1;FR5-5;NPY-M,FR4-3;FR5-2;FR5-4,AGUA-M;FR4-1;FR5-3,0.5636607653970559,0.15816902968716046,False,False
double,1479,FR5-1;FR5-5;NPY-M,FR4-3;FR5-3;FR5-4,AGUA-M;FR4-1;FR5-2,1.5325288484569985,0.33811783657564914,False,True
double,1480,FR5-1;FR5-5;NPY-M,FR5-2;FR5-3;FR5-4,AGUA-M;FR4-1;FR4-3,1.2948025739350244,0.30148127920783285,False,True
double,1481,FR5-2;FR5-3;FR5-4,AGUA-M;FR4-1;FR4-3,FR5-1;FR5-5;NPY-M,1.2948025739350244,0.30148127920783285,False,True
double,1482,FR5-2;FR5-3;FR5-4,AGUA-M;FR4-1;FR5-1,FR4-3;FR5-5;NPY-M,0.29969868955037626,0.09082607769596497,False,False
double,1483,FR5-2;FR5-3;FR5-4,AGUA-M;FR4-1;FR5-5,FR4-3;FR5-1;NPY-M,0.7609167322206619,0.2023221428173904,False,False
double,1484,FR5-2;FR5-3;FR5-4,AGUA-M;FR4-1;NPY-M,FR4-3;FR5-1;FR5-5,0.26104145659585465,0.0800484937313098,False,False
double,1485,FR5-2;FR5-3;FR5-4,AGUA-M;FR4-3;FR5-1,FR4-1;FR5-5;NPY-M,0.5628664689561164,0.157981354019431,False,False
double,1486,FR5-2;FR5-3;FR5-4,AGUA-M;FR4-3;FR5-5,FR4-1;FR5-1;NPY-M,0.7481072243399798,0.19959600394615637,False,False
double,1487,FR5-2;FR5-3;FR5-4,AGUA-M;FR4-3;NPY-M,FR4-1;FR5-1;FR5-5,0.45400031090743953,0.13144188478320198,False,False
double,1488,FR5-2;FR5-3;FR5-4,AGUA-M;FR5-1;FR5-5,FR4-1;FR4-3;NPY-M,0.7728197479412134,0.20483876770495932,False,False
double,1489,FR5-2;FR5-3;FR5-4,AGUA-M;FR5-1;NPY-M,FR4-1;FR4-3;FR5-5,1.2860550393486643,0.3000556520021034,False,True
double,1490,FR5-2;FR5-3;FR5-4,AGUA-M;FR5-5;NPY-M,FR4-1;FR4-3;FR5-1,0.9463351673457753,0.23980101213305233,False,True
double,1491,FR5-2;FR5-3;FR5-4,FR4-1;FR4-3;FR5-1,AGUA-M;FR5-5;NPY-M,0.9463351673457753,0.23980101213305233,False,True
double,1492,FR5-2;FR5-3;FR5-4,FR4-1;FR4-3;FR5-5,AGUA-M;FR5-1;NPY-M,1.2860550393486643,0.3000556520021034,False,True
double,1493,FR5-2;FR5-3;FR5-4,FR4-1;FR4-3;NPY-M,AGUA-M;FR5-1;FR5-5,0.7728197479412134,0.20483876770495932,False,False
double,1494,FR5-2;FR5-3;FR5-4,FR4-1;FR5-1;FR5-5,AGUA-M;FR4-3;NPY-M,0.4540003109074396,0.131441884783202,False,False
double,1495,FR5-2;FR5-3;FR5-4,FR4-1;FR5-1;NPY-M,AGUA-M;FR4-3;FR5-5,0.7481072243399798,0.19959600394615637,False,False
double,1496,FR5-2;FR5-3;FR5-4,FR4-1;FR5-5;NPY-M,AGUA-M;FR4-3;FR5-1,0.5628664689561164,0.157981354019431,False,False
double,1497,FR5-2;FR5-3;FR5-4,FR4-3;FR5-1;FR5-5,AGUA-M;FR4-1;NPY-M,0.2610414565958546,0.0800484937313098,False,False
double,1498,FR5-2;FR5-3;FR5-4,FR4-3;FR5-1;NPY-M,AGUA-M;FR4-1;FR5-5,0.7609167322206621,0.20232214281739042,False,False
double,1499,FR5-2;FR5-3;FR5-4,FR4-3;FR5-5;NPY-M,AGUA-M;FR4-1;FR5-1,0.29969868955037626,0.09082607769596497,False,False
double,1500,FR5-2;FR5-3;FR5-4,FR5-1;FR5-5;NPY-M,AGUA-M;FR4-1;FR4-3,1.2948025739350244,0.30148127920783285,False,True
double,1501,FR5-2;FR5-3;FR5-5,AGUA-M;FR4-1;FR4-3,FR5-1;FR5-4;NPY-M,1.8089150980151734,0.37615866804589315,False,True
double,1502,FR5-2;FR5-3;FR5-5,AGUA-M;FR4-1;FR5-1,FR4-3;FR5-4;NPY-M,0.35754693915006386,0.10649052586010131,False,False
double,1503,FR5-2;FR5-3;FR5-5,AGUA-M;FR4-1;FR5-4,FR4-3;FR5-1;NPY-M,0.34404651694604904,0.10288329280187453,False,False
double,1504,FR5-2;FR5-3;FR5-5,AGUA-M;FR4-1;NPY-M,FR4-3;FR5-1;FR5-4,0.3440192270169844,0.10287597159657033,False,False
double,1505,FR5-2;FR5-3;FR5-5,AGUA-M;FR4-3;FR5-1,FR4-1;FR5-4;NPY-M,0.4564447081513753,0.1320561289682824,False,False
double,1506,FR5-2;FR5-3;FR5-5,AGUA-M;FR4-3;FR5-4,FR4-1;FR5-1;NPY-M,0.49547207617498457,0.1417468271459254,False,False
double,1507,FR5-2;FR5-3;FR5-5,AGUA-M;FR4-3;NPY-M,FR4-1;FR5-1;FR5-4,0.3809662241176388,0.11267968943317763,False,False
double,1508,FR5-2;FR5-3;FR5-5,AGUA-M;FR5-1;FR5-4,FR4-1;FR4-3;NPY-M,0.7783495783238457,0.20600253157865234,False,False
double,1509,FR5-2;FR5-3;FR5-5,AGUA-M;FR5-1;NPY-M,FR4-1;FR4-3;FR5-4,0.8574319682541663,0.22228051597815507,False,False
double,1510,FR5-2;FR5-3;FR5-5,AGUA-M;FR5-4;NPY-M,FR4-1;FR4-3;FR5-1,0.9154357054912314,0.2338017463056211,False,False
double,1511,FR5-2;FR5-3;FR5-5,FR4-1;FR4-3;FR5-1,AGUA-M;FR5-4;NPY-M,0.9154357054912314,0.2338017463056211,False,False
double,1512,FR5-2;FR5-3;FR5-5,FR4-1;FR4-3;FR5-4,AGUA-M;FR5-1;NPY-M,0.8574319682541665,0.2222805159781551,False,False
double,1513,FR5-2;FR5-3;FR5-5,FR4-1;FR4-3;NPY-M,AGUA-M;FR5-1;FR5-4,0.7783495783238457,0.20600253157865234,False,False
double,1514,FR5-2;FR5-3;FR5-5,FR4-1;FR5-1;FR5-4,AGUA-M;FR4-3;NPY-M,0.38096622411763886,0.11267968943317766,False,False
double,1515,FR5-2;FR5-3;FR5-5,FR4-1;FR5-1;NPY-M,AGUA-M;FR4-3;FR5-4,0.4954720761749846,0.14174682714592543,False,False
double,1516,FR5-2;FR5-3;FR5-5,FR4-1;FR5-4;NPY-M,AGUA-M;FR4-3;FR5-1,0.4564447081513753,0.1320561289682824,False,False
double,1517,FR5-2;FR5-3;FR5-5,FR4-3;FR5-1;FR5-4,AGUA-M;FR4-1;NPY-M,0.3440192270169844,0.10287597159657033,False,False
double,1518,FR5-2;FR5-3;FR5-5,FR4-3;FR5-1;NPY-M,AGUA-M;FR4-1;FR5-4,0.34404651694604904,0.10288329280187453,False,False
double,1519,FR5-2;FR5-3;FR5-5,FR4-3;FR5-4;NPY-M,AGUA-M;FR4-1;FR5-1,0.35754693915006386,0.10649052586010131,False,False
double,1520,FR5-2;FR5-3;FR5-5,FR5-1;FR5-4;NPY-M,AGUA-M;FR4-1;FR4-3,1.8089150980151734,0.37615866804589315,False,True
double,1521,FR5-2;FR5-3;NPY-M,AGUA-M;FR4-1;FR4-3,FR5-1;FR5-4;FR5-5,1.4195790354530282,0.3212023190592211,False,True
double,1522,FR5-2;FR5-3;NPY-M,AGUA-M;FR4-1;FR5-1,FR4-3;FR5-4;FR5-5,0.4610845746549954,0.13321967860347844,False,False
double,1523,FR5-2;FR5-3;NPY-M,AGUA-M;FR4-1;FR5-4,FR4-3;FR5-1;FR5-5,0.33313688706377,0.09994695638115159,False,False
double,1524,FR5-2;FR5-3;NPY-M,AGUA-M;FR4-1;FR5-5,FR4-3;FR5-1;FR5-4,0.8570985326654539,0.222213284261928,False,False
double,1525,FR5-2;FR5-3;NPY-M,AGUA-M;FR4-3;FR5-1,FR4-1;FR5-4;FR5-5,0.6848022452501007,0.18584504667322269,False,False
double,1526,FR5-2;FR5-3;NPY-M,AGUA-M;FR4-3;FR5-4,FR4-1;FR5-1;FR5-5,0.5965627894854602,0.16587025568676558,False,False
double,1527,FR5-2;FR5-3;NPY-M,AGUA-M;FR4-3;FR5-5,FR4-1;FR5-1;FR5-4,0.7733819363334656,0.20495723713697223,False,False
double,1528,FR5-2;FR5-3;NPY-M,AGUA-M;FR5-1;FR5-4,FR4-1;FR4-3;FR5-5,1.3592705104660023,0.3118114618495417,False,True
double,1529,FR5-2;FR5-3;NPY-M,AGUA-M;FR5-1;FR5-5,FR4-1;FR4-3;FR5-4,0.9106931276415869,0.23287256195190048,False,False
double,1530,FR5-2;FR5-3;NPY-M,AGUA-M;FR5-4;FR5-5,FR4-1;FR4-3;FR5-1,1.1325688493755037,0.27405928144346653,False,True
double,1531,FR5-2;FR5-3;NPY-M,FR4-1;FR4-3;FR5-1,AGUA-M;FR5-4;FR5-5,1.1325688493755042,0.2740592814434666,False,True
double,1532,FR5-2;FR5-3;NPY-M,FR4-1;FR4-3;FR5-4,AGUA-M;FR5-1;FR5-5,0.9106931276415869,0.23287256195190048,False,False
double,1533,FR5-2;FR5-3;NPY-M,FR4-1;FR4-3;FR5-5,AGUA-M;FR5-1;FR5-4,1.3592705104660023,0.3118114618495417,False,True
double,1534,FR5-2;FR5-3;NPY-M,FR4-1;FR5-1;FR5-4,AGUA-M;FR4-3;FR5-5,0.7733819363334656,0.20495723713697223,False,False
double,1535,FR5-2;FR5-3;NPY-M,FR4-1;FR5-1;FR5-5,AGUA-M;FR4-3;FR5-4,0.5965627894854602,0.16587025568676558,False,False
double,1536,FR5-2;FR5-3;NPY-M,FR4-1;FR5-4;FR5-5,AGUA-M;FR4-3;FR5-1,0.6848022452501007,0.18584504667322269,False,False
double,1537,FR5-2;FR5-3;NPY-M,FR4-3;FR5-1;FR5-4,AGUA-M;FR4-1;FR5-5,0.8570985326654539,0.222213284261928,False,False
double,1538,FR5-2;FR5-3;NPY-M,FR4-3;FR5-1;FR5-5,AGUA-M;FR4-1;FR5-4,0.33313688706377004,0.0999469563811516,False,False
double,1539,FR5-2;FR5-3;NPY-M,FR4-3;FR5-4;FR5-5,AGUA-M;FR4-1;FR5-1,0.46108457465499547,0.13321967860347847,False,False
double,1540,FR5-2;FR5-3;NPY-M,FR5-1;FR5-4;FR5-5,AGUA-M;FR4-1;FR4-3,1.4195790354530282,0.3212023190592211,False,True
double,1541,FR5-2;FR5-4;FR5-5,AGUA-M;FR4-1;FR4-3,FR5-1;FR5-3;NPY-M,2.498425373364826,0.454389248505138,False,True
double,1542,FR5-2;FR5-4;FR5-5,AGUA-M;FR4-1;FR5-1,FR4-3;FR5-3;NPY-M,0.5088141750981174,0.14501029399309512,False,False
double,1543,FR5-2;FR5-4;FR5-5,AGUA-M;FR4-1;FR5-3,FR4-3;FR5-1;NPY-M,0.4279014278953779,0.12482897682332007,False,False
double,1544,FR5-2;FR5-4;FR5-5,AGUA-M;FR4-1;NPY-M,FR4-3;FR5-1;FR5-3,0.5063353979975361,0.14440586553320134,False,False
double,1545,FR5-2;FR5-4;FR5-5,AGUA-M;FR4-3;FR5-1,FR4-1;FR5-3;NPY-M,0.5131412943967425,0.146063380717187,False,False
double,1546,FR5-2;FR5-4;FR5-5,AGUA-M;FR4-3;FR5-3,FR4-1;FR5-1;NPY-M,0.6955143870272882,0.18820502755146018,False,False
double,1547,FR5-2;FR5-4;FR5-5,AGUA-M;FR4-3;NPY-M,FR4-1;FR5-1;FR5-3,0.4470755942526205,0.12969706698571937,False,False
double,1548,FR5-2;FR5-4;FR5-5,AGUA-M;FR5-1;FR5-3,FR4-1;FR4-3;NPY-M,1.2383150548495816,0.2921715443104382,False,True
double,1549,FR5-2;FR5-4;FR5-5,AGUA-M;FR5-1;NPY-M,FR4-1;FR4-3;FR5-3,0.7480654416652117,0.19958708120444582,False,False
double,1550,FR5-2;FR5-4;FR5-5,AGUA-M;FR5-3;NPY-M,FR4-1;FR4-3;FR5-1,1.3921333761524581,0.3169606332337697,False,True
double,1551,FR5-2;FR5-4;FR5-5,FR4-1;FR4-3;FR5-1,AGUA-M;FR5-3;NPY-M,1.3921333761524581,0.3169606332337697,False,True
double,1552,FR5-2;FR5-4;FR5-5,FR4-1;FR4-3;FR5-3,AGUA-M;FR5-1;NPY-M,0.7480654416652117,0.19958708120444582,False,False
double,1553,FR5-2;FR5-4;FR5-5,FR4-1;FR4-3;NPY-M,AGUA-M;FR5-1;FR5-3,1.2383150548495816,0.2921715443104382,False,True
double,1554,FR5-2;FR5-4;FR5-5,FR4-1;FR5-1;FR5-3,AGUA-M;FR4-3;NPY-M,0.4470755942526206,0.1296970669857194,False,False
double,1555,FR5-2;FR5-4;FR5-5,FR4-1;FR5-1;NPY-M,AGUA-M;FR4-3;FR5-3,0.6955143870272882,0.18820502755146018,False,False
double,1556,FR5-2;FR5-4;FR5-5,FR4-1;FR5-3;NPY-M,AGUA-M;FR4-3;FR5-1,0.5131412943967425,0.146063380717187,False,False
double,1557,FR5-2;FR5-4;FR5-5,FR4-3;FR5-1;FR5-3,AGUA-M;FR4-1;NPY-M,0.5063353979975361,0.14440586553320134,False,False
double,1558,FR5-2;FR5-4;FR5-5,FR4-3;FR5-1;NPY-M,AGUA-M;FR4-1;FR5-3,0.4279014278953779,0.12482897682332007,False,False
double,1559,FR5-2;FR5-4;FR5-5,FR4-3;FR5-3;NPY-M,AGUA-M;FR4-1;FR5-1,0.5088141750981174,0.14501029399309512,False,False
double,1560,FR5-2;FR5-4;FR5-5,FR5-1;FR5-3;NPY-M,AGUA-M;FR4-1;FR4-3,2.498425373364826,0.454389248505138,False,True
double,1561,FR5-2;FR5-4;NPY-M,AGUA-M;FR4-1;FR4-3,FR5-1;FR5-3;FR5-5,1.3692486484179887,0.3133830913728758,False,True
double,1562,FR5-2;FR5-4;NPY-M,AGUA-M;FR4-1;FR5-1,FR4-3;FR5-3;FR5-5,0.2811615471320446,0.08568963859088213,False,False
double,1563,FR5-2;FR5-4;NPY-M,AGUA-M;FR4-1;FR5-3,FR4-3;FR5-1;FR5-5,0.2568612764107018,0.07886773632980205,False,False
double,1564,FR5-2;FR5-4;NPY-M,AGUA-M;FR4-1;FR5-5,FR4-3;FR5-1;FR5-3,0.849698896293833,0.22071827412576392,False,False
double,1565,FR5-2;FR5-4;NPY-M,AGUA-M;FR4-3;FR5-1,FR4-1;FR5-3;FR5-5,0.3852498648254464,0.1138024902765371,False,False
double,1566,FR5-2;FR5-4;NPY-M,AGUA-M;FR4-3;FR5-3,FR4-1;FR5-1;FR5-5,0.6114275043468609,0.16930355201950528,False,False
double,1567,FR5-2;FR5-4;NPY-M,AGUA-M;FR4-3;FR5-5,FR4-1;FR5-1;FR5-3,0.6538565771085744,0.17894971061671885,False,False
double,1568,FR5-2;FR5-4;NPY-M,AGUA-M;FR5-1;FR5-3,FR4-1;FR4-3;FR5-5,1.6508424270326691,0.35495557050853255,False,True
double,1569,FR5-2;FR5-4;NPY-M,AGUA-M;FR5-1;FR5-5,FR4-1;FR4-3;FR5-3,0.60210747683199,0.16715422310539613,False,False
double,1570,FR5-2;FR5-4;NPY-M,AGUA-M;FR5-3;FR5-5,FR4-1;FR4-3;FR5-1,1.1161769553944707,0.27116836022602503,False,True
double,1571,FR5-2;FR5-4;NPY-M,FR4-1;FR4-3;FR5-1,AGUA-M;FR5-3;FR5-5,1.1161769553944707,0.27116836022602503,False,True
double,1572,FR5-2;FR5-4;NPY-M,FR4-1;FR4-3;FR5-3,AGUA-M;FR5-1;FR5-5,0.60210747683199,0.16715422310539613,False,False
double,1573,FR5-2;FR5-4;NPY-M,FR4-1;FR4-3;FR5-5,AGUA-M;FR5-1;FR5-3,1.6508424270326691,0.35495557050853255,False,True
double,1574,FR5-2;FR5-4;NPY-M,FR4-1;FR5-1;FR5-3,AGUA-M;FR4-3;FR5-5,0.6538565771085744,0.17894971061671885,False,False
double,1575,FR5-2;FR5-4;NPY-M,FR4-1;FR5-1;FR5-5,AGUA-M;FR4-3;FR5-3,0.6114275043468609,0.16930355201950528,False,False
double,1576,FR5-2;FR5-4;NPY-M,FR4-1;FR5-3;FR5-5,AGUA-M;FR4-3;FR5-1,0.3852498648254464,0.1138024902765371,False,False
double,1577,FR5-2;FR5-4;NPY-M,FR4-3;FR5-1;FR5-3,AGUA-M;FR4-1;FR5-5,0.849698896293833,0.22071827412576392,False,False
double,1578,FR5-2;FR5-4;NPY-M,FR4-3;FR5-1;FR5-5,AGUA-M;FR4-1;FR5-3,0.25686127641070183,0.07886773632980205,False,False
double,1579,FR5-2;FR5-4;NPY-M,FR4-3;FR5-3;FR5-5,AGUA-M;FR4-1;FR5-1,0.2811615471320446,0.08568963859088213,False,False
double,1580,FR5-2;FR5-4;NPY-M,FR5-1;FR5-3;FR5-5,AGUA-M;FR4-1;FR4-3,1.3692486484179887,0.3133830913728758,False,True
double,1581,FR5-2;FR5-5;NPY-M,AGUA-M;FR4-1;FR4-3,FR5-1;FR5-3;FR5-4,2.5073331775465015,0.45527174345814864,False,True
double,1582,FR5-2;FR5-5;NPY-M,AGUA-M;FR4-1;FR5-1,FR4-3;FR5-3;FR5-4,0.6082210429984484,0.16856535000223097,False,False
double,1583,FR5-2;FR5-5;NPY-M,AGUA-M;FR4-1;FR5-3,FR4-3;FR5-1;FR5-4,0.4694147501974854,0.13530084581866883,False,False
double,1584,FR5-2;FR5-5;NPY-M,AGUA-M;FR4-1;FR5-4,FR4-3;FR5-1;FR5-3,0.5498129814815256,0.15488505573385428,False,False
double,1585,FR5-2;FR5-5;NPY-M,AGUA-M;FR4-3;FR5-1,FR4-1;FR5-3;FR5-4,0.550667852309679,0.15508852847260107,False,False
double,1586,FR5-2;FR5-5;NPY-M,AGUA-M;FR4-3;FR5-3,FR4-1;FR5-1;FR5-4,0.6771329601682226,0.18414698829308715,False,False
double,1587,FR5-2;FR5-5;NPY-M,AGUA-M;FR4-3;FR5-4,FR4-1;FR5-1;FR5-3,0.5490617313705137,0.15470616544009416,False,False
double,1588,FR5-2;FR5-5;NPY-M,AGUA-M;FR5-1;FR5-3,FR4-1;FR4-3;FR5-4,1.3527848937408884,0.3107860661081905,False,True
double,1589,FR5-2;FR5-5;NPY-M,AGUA-M;FR5-1;FR5-4,FR4-1;FR4-3;FR5-3,0.7590386959547376,0.20192361860269534,False,False
double,1590,FR5-2;FR5-5;NPY-M,AGUA-M;FR5-3;FR5-4,FR4-1;FR4-3;FR5-1,1.4935765961307703,0.3323803576458063,False,True
double,1591,FR5-2;FR5-5;NPY-M,FR4-1;FR4-3;FR5-1,AGUA-M;FR5-3;FR5-4,1.4935765961307703,0.3323803576458063,False,True
double,1592,FR5-2;FR5-5;NPY-M,FR4-1;FR4-3;FR5-3,AGUA-M;FR5-1;FR5-4,0.7590386959547376,0.20192361860269534,False,False
double,1593,FR5-2;FR5-5;NPY-M,FR4-1;FR4-3;FR5-4,AGUA-M;FR5-1;FR5-3,1.3527848937408884,0.3107860661081905,False,True
double,1594,FR5-2;FR5-5;NPY-M,FR4-1;FR5-1;FR5-3,AGUA-M;FR4-3;FR5-4,0.5490617313705137,0.15470616544009416,False,False
double,1595,FR5-2;FR5-5;NPY-M,FR4-1;FR5-1;FR5-4,AGUA-M;FR4-3;FR5-3,0.6771329601682226,0.18414698829308715,False,False
double,1596,FR5-2;FR5-5;NPY-M,FR4-1;FR5-3;FR5-4,AGUA-M;FR4-3;FR5-1,0.550667852309679,0.15508852847260107,False,False
double,1597,FR5-2;FR5-5;NPY-M,FR4-3;FR5-1;FR5-3,AGUA-M;FR4-1;FR5-4,0.5498129814815256,0.1548850557338543,False,False
double,1598,FR5-2;FR5-5;NPY-M,FR4-3;FR5-1;FR5-4,AGUA-M;FR4-1;FR5-3,0.4694147501974854,0.13530084581866883,False,False
double,1599,FR5-2;FR5-5;NPY-M,FR4-3;FR5-3;FR5-4,AGUA-M;FR4-1;FR5-1,0.6082210429984484,0.16856535000223097,False,False
double,1600,FR5-2;FR5-5;NPY-M,FR5-1;FR5-3;FR5-4,AGUA-M;FR4-1;FR4-3,2.5073331775465015,0.45527174345814864,False,True
double,1601,FR5-3;FR5-4;FR5-5,AGUA-M;FR4-1;FR4-3,FR5-1;FR5-2;NPY-M,1.691117182676147,0.36049348520247654,False,True
double,1602,FR5-3;FR5-4;FR5-5,AGUA-M;FR4-1;FR5-1,FR4-3;FR5-2;NPY-M,0.8750765099024289,0.22582173736860298,False,False
double,1603,FR5-3;FR5-4;FR5-5,AGUA-M;FR4-1;FR5-2,FR4-3;FR5-1;NPY-M,1.7037003721632575,0.36220427267133015,False,True
double,1604,FR5-3;FR5-4;FR5-5,AGUA-M;FR4-1;NPY-M,FR4-3;FR5-1;FR5-2,0.8425933344344431,0.21927725915822338,False,False
double,1605,FR5-3;FR5-4;FR5-5,AGUA-M;FR4-3;FR5-1,FR4-1;FR5-2;NPY-M,1.1626374185946942,0.2793030719901616,False,True
double,1606,FR5-3;FR5-4;FR5-5,AGUA-M;FR4-3;FR5-2,FR4-1;FR5-1;NPY-M,1.7858497775238125,0.3731520755020035,False,True
double,1607,FR5-3;FR5-4;FR5-5,AGUA-M;FR4-3;NPY-M,FR4-1;FR5-1;FR5-2,1.037667173689959,0.25699670850820816,False,True
double,1608,FR5-3;FR5-4;FR5-5,AGUA-M;FR5-1;FR5-2,FR4-1;FR4-3;NPY-M,1.3005289048566258,0.3024113855828121,False,True
double,1609,FR5-3;FR5-4;FR5-5,AGUA-M;FR5-1;NPY-M,FR4-1;FR4-3;FR5-2,3.0191883225242577,0.5015939294051038,False,True
double,1610,FR5-3;FR5-4;FR5-5,AGUA-M;FR5-2;NPY-M,FR4-1;FR4-3;FR5-1,1.4986989150237395,0.33314052425662966,False,True
double,1611,FR5-3;FR5-4;FR5-5,FR4-1;FR4-3;FR5-1,AGUA-M;FR5-2;NPY-M,1.4986989150237395,0.33314052425662966,False,True
double,1612,FR5-3;FR5-4;FR5-5,FR4-1;FR4-3;FR5-2,AGUA-M;FR5-1;NPY-M,3.0191883225242577,0.5015939294051038,False,True
double,1613,FR5-3;FR5-4;FR5-5,FR4-1;FR4-3;NPY-M,AGUA-M;FR5-1;FR5-2,1.300528904856626,0.30241138558281216,False,True
double,1614,FR5-3;FR5-4;FR5-5,FR4-1;FR5-1;FR5-2,AGUA-M;FR4-3;NPY-M,1.0376671736899592,0.25699670850820816,False,True
double,1615,FR5-3;FR5-4;FR5-5,FR4-1;FR5-1;NPY-M,AGUA-M;FR4-3;FR5-2,1.7858497775238125,0.3731520755020035,False,True
double,1616,FR5-3;FR5-4;FR5-5,FR4-1;FR5-2;NPY-M,AGUA-M;FR4-3;FR5-1,1.1626374185946942,0.2793030719901616,False,True
double,1617,FR5-3;FR5-4;FR5-5,FR4-3;FR5-1;FR5-2,AGUA-M;FR4-1;NPY-M,0.8425933344344428,0.21927725915822333,False,False
double,1618,FR5-3;FR5-4;FR5-5,FR4-3;FR5-1;NPY-M,AGUA-M;FR4-1;FR5-2,1.703700372163257,0.36220427267133004,False,True
double,1619,FR5-3;FR5-4;FR5-5,FR4-3;FR5-2;NPY-M,AGUA-M;FR4-1;FR5-1,0.8750765099024292,0.22582173736860303,False,False
double,1620,FR5-3;FR5-4;FR5-5,FR5-1;FR5-2;NPY-M,AGUA-M;FR4-1;FR4-3,1.6911171826761473,0.3604934852024766,False,True
double,1621,FR5-3;FR5-4;NPY-M,AGUA-M;FR4-1;FR4-3,FR5-1;FR5-2;FR5-5,2.3779696593365354,0.4421686640065386,False,True
double,1622,FR5-3;FR5-4;NPY-M,AGUA-M;FR4-1;FR5-1,FR4-3;FR5-2;FR5-5,1.9114499777483251,0.38918241790271424,False,True
double,1623,FR5-3;FR5-4;NPY-M,AGUA-M;FR4-1;FR5-2,FR4-3;FR5-1;FR5-5,2.2409409039628017,0.42758370014597424,False,True
double,1624,FR5-3;FR5-4;NPY-M,AGUA-M;FR4-1;FR5-5,FR4-3;FR5-1;FR5-2,2.0584276699378083,0.40693033571894804,False,True
double,1625,FR5-3;FR5-4;NPY-M,AGUA-M;FR4-3;FR5-1,FR4-1;FR5-2;FR5-5,2.6574260766313875,0.4697235174858359,False,True
double,1626,FR5-3;FR5-4;NPY-M,AGUA-M;FR4-3;FR5-2,FR4-1;FR5-1;FR5-5,2.613680727906097,0.46559126793821065,False,True
double,1627,FR5-3;FR5-4;NPY-M,AGUA-M;FR4-3;FR5-5,FR4-1;FR5-1;FR5-2,2.1510106343869015,0.4175900201073698,False,True
double,1628,FR5-3;FR5-4;NPY-M,AGUA-M;FR5-1;FR5-2,FR4-1;FR4-3;FR5-5,2.731054011443422,0.4765360797490686,False,True
double,1629,FR5-3;FR5-4;NPY-M,AGUA-M;FR5-1;FR5-5,FR4-1;FR4-3;FR5-2,4.151400329549948,0.5805017392742162,False,True
double,1630,FR5-3;FR5-4;NPY-M,AGUA-M;FR5-2;FR5-5,FR4-1;FR4-3;FR5-1,3.1228186876949278,0.5100295871852091,False,True
double,1631,FR5-3;FR5-4;NPY-M,FR4-1;FR4-3;FR5-1,AGUA-M;FR5-2;FR5-5,3.1228186876949278,0.5100295871852091,False,True
double,1632,FR5-3;FR5-4;NPY-M,FR4-1;FR4-3;FR5-2,AGUA-M;FR5-1;FR5-5,4.151400329549948,0.5805017392742162,False,True
double,1633,FR5-3;FR5-4;NPY-M,FR4-1;FR4-3;FR5-5,AGUA-M;FR5-1;FR5-2,2.731054011443422,0.4765360797490686,False,True
double,1634,FR5-3;FR5-4;NPY-M,FR4-1;FR5-1;FR5-2,AGUA-M;FR4-3;FR5-5,2.1510106343869015,0.4175900201073698,False,True
double,1635,FR5-3;FR5-4;NPY-M,FR4-1;FR5-1;FR5-5,AGUA-M;FR4-3;FR5-2,2.613680727906098,0.46559126793821076,False,True
double,1636,FR5-3;FR5-4;NPY-M,FR4-1;FR5-2;FR5-5,AGUA-M;FR4-3;FR5-1,2.657426076631387,0.46972351748583585,False,True
double,1637,FR5-3;FR5-4;NPY-M,FR4-3;FR5-1;FR5-2,AGUA-M;FR4-1;FR5-5,2.0584276699378083,0.40693033571894804,False,True
double,1638,FR5-3;FR5-4;NPY-M,FR4-3;FR5-1;FR5-5,AGUA-M;FR4-1;FR5-2,2.2409409039628017,0.42758370014597424,False,True
double,1639,FR5-3;FR5-4;NPY-M,FR4-3;FR5-2;FR5-5,AGUA-M;FR4-1;FR5-1,1.9114499777483258,0.3891824179027143,False,True
double,1640,FR5-3;FR5-4;NPY-M,FR5-1;FR5-2;FR5-5,AGUA-M;FR4-1;FR4-3,2.3779696593365354,0.4421686640065386,False,True
double,1641,FR5-3;FR5-5;NPY-M,AGUA-M;FR4-1;FR4-3,FR5-1;FR5-2;FR5-4,1.3770448999936153,0.31460607132351415,False,True
double,1642,FR5-3;FR5-5;NPY-M,AGUA-M;FR4-1;FR5-1,FR4-3;FR5-2;FR5-4,0.7622597209044792,0.2026068845457659,False,False
double,1643,FR5-3;FR5-5;NPY-M,AGUA-M;FR4-1;FR5-2,FR4-3;FR5-1;FR5-4,1.610357107850915,0.34929118725069247,False,True
double,1644,FR5-3;FR5-5;NPY-M,AGUA-M;FR4-1;FR5-4,FR4-3;FR5-1;FR5-2,0.7801061590953283,0.20637149494288987,False,False
double,1645,FR5-3;FR5-5;NPY-M,AGUA-M;FR4-3;FR5-1,FR4-1;FR5-2;FR5-4,0.9554787707064678,0.24155831091360266,False,True
double,1646,FR5-3;FR5-5;NPY-M,AGUA-M;FR4-3;FR5-2,FR4-1;FR5-1;FR5-4,1.5851163705282056,0.34570908182764404,False,True
double,1647,FR5-3;FR5-5;NPY-M,AGUA-M;FR4-3;FR5-4,FR4-1;FR5-1;FR5-2,1.046512516982484,0.25862085254659645,False,True
double,1648,FR5-3;FR5-5;NPY-M,AGUA-M;FR5-1;FR5-2,FR4-1;FR4-3;FR5-4,1.2713196514840384,0.297640952964578,False,True
double,1649,FR5-3;FR5-5;NPY-M,AGUA-M;FR5-1;FR5-4,FR4-1;FR4-3;FR5-2,2.77528940752391,0.4805455123873669,False,True
double,1650,FR5-3;FR5-5;NPY-M,AGUA-M;FR5-2;FR5-4,FR4-1;FR4-3;FR5-1,1.296703656747343,0.3017903398366932,False,True
double,1651,FR5-3;FR5-5;NPY-M,FR4-1;FR4-3;FR5-1,AGUA-M;FR5-2;FR5-4,1.296703656747343,0.3017903398366932,False,True
double,1652,FR5-3;FR5-5;NPY-M,FR4-1;FR4-3;FR5-2,AGUA-M;FR5-1;FR5-4,2.77528940752391,0.4805455123873669,False,True
double,1653,FR5-3;FR5-5;NPY-M,FR4-1;FR4-3;FR5-4,AGUA-M;FR5-1;FR5-2,1.2713196514840384,0.297640952964578,False,True
double,1654,FR5-3;FR5-5;NPY-M,FR4-1;FR5-1;FR5-2,AGUA-M;FR4-3;FR5-4,1.046512516982484,0.25862085254659645,False,True
double,1655,FR5-3;FR5-5;NPY-M,FR4-1;FR5-1;FR5-4,AGUA-M;FR4-3;FR5-2,1.5851163705282056,0.34570908182764404,False,True
double,1656,FR5-3;FR5-5;NPY-M,FR4-1;FR5-2;FR5-4,AGUA-M;FR4-3;FR5-1,0.9554787707064678,0.24155831091360266,False,True
double,1657,FR5-3;FR5-5;NPY-M,FR4-3;FR5-1;FR5-2,AGUA-M;FR4-1;FR5-4,0.7801061590953285,0.2063714949428899,False,False
double,1658,FR5-3;FR5-5;NPY-M,FR4-3;FR5-1;FR5-4,AGUA-M;FR4-1;FR5-2,1.6103571078509142,0.3492911872506924,False,True
double,1659,FR5-3;FR5-5;NPY-M,FR4-3;FR5-2;FR5-4,AGUA-M;FR4-1;FR5-1,0.7622597209044792,0.2026068845457659,False,False
double,1660,FR5-3;FR5-5;NPY-M,FR5-1;FR5-2;FR5-4,AGUA-M;FR4-1;FR4-3,1.3770448999936153,0.31460607132351415,False,True
double,1661,FR5-4;FR5-5;NPY-M,AGUA-M;FR4-1;FR4-3,FR5-1;FR5-2;FR5-3,1.4672475966124405,0.32844555061713376,False,True
double,1662,FR5-4;FR5-5;NPY-M,AGUA-M;FR4-1;FR5-1,FR4-3;FR5-2;FR5-3,0.6440295770258353,0.1767355515131345,False,False
double,1663,FR5-4;FR5-5;NPY-M,AGUA-M;FR4-1;FR5-2,FR4-3;FR5-1;FR5-3,1.6774546589414008,0.3586255306045108,False,True
double,1664,FR5-4;FR5-5;NPY-M,AGUA-M;FR4-1;FR5-3,FR4-3;FR5-1;FR5-2,0.7319078431728325,0.19612162838152278,False,False
double,1665,FR5-4;FR5-5;NPY-M,AGUA-M;FR4-3;FR5-1,FR4-1;FR5-2;FR5-3,0.7090816958525541,0.19117446149688208,False,False
double,1666,FR5-4;FR5-5;NPY-M,AGUA-M;FR4-3;FR5-2,FR4-1;FR5-1;FR5-3,1.4811628190493955,0.3305309087973731,False,True
double,1667,FR5-4;FR5-5;NPY-M,AGUA-M;FR4-3;FR5-3,FR4-1;FR5-1;FR5-2,1.125886305393344,0.27288350236931863,False,True
double,1668,FR5-4;FR5-5;NPY-M,AGUA-M;FR5-1;FR5-2,FR4-1;FR4-3;FR5-3,0.961713826477439,0.24275196760805604,False,True
double,1669,FR5-4;FR5-5;NPY-M,AGUA-M;FR5-1;FR5-3,FR4-1;FR4-3;FR5-2,3.4449458428767037,0.5345189745363401,False,True
double,1670,FR5-4;FR5-5;NPY-M,AGUA-M;FR5-2;FR5-3,FR4-1;FR4-3;FR5-1,1.4153887374777632,0.3205581255992166,False,True
double,1671,FR5-4;FR5-5;NPY-M,FR4-1;FR4-3;FR5-1,AGUA-M;FR5-2;FR5-3,1.4153887374777632,0.3205581255992166,False,True
double,1672,FR5-4;FR5-5;NPY-M,FR4-1;FR4-3;FR5-2,AGUA-M;FR5-1;FR5-3,3.4449458428767037,0.5345189745363401,False,True
double,1673,FR5-4;FR5-5;NPY-M,FR4-1;FR4-3;FR5-3,AGUA-M;FR5-1;FR5-2,0.9617138264774393,0.2427519676080561,False,True
double,1674,FR5-4;FR5-5;NPY-M,FR4-1;FR5-1;FR5-2,AGUA-M;FR4-3;FR5-3,1.125886305393344,0.27288350236931863,False,True
double,1675,FR5-4;FR5-5;NPY-M,FR4-1;FR5-1;FR5-3,AGUA-M;FR4-3;FR5-2,1.4811628190493957,0.33053090879737324,False,True
double,1676,FR5-4;FR5-5;NPY-M,FR4-1;FR5-2;FR5-3,AGUA-M;FR4-3;FR5-1,0.7090816958525541,0.19117446149688208,False,False
double,1677,FR5-4;FR5-5;NPY-M,FR4-3;FR5-1;FR5-2,AGUA-M;FR4-1;FR5-3,0.7319078431728323,0.19612162838152275,False,False
double,1678,FR5-4;FR5-5;NPY-M,FR4-3;FR5-1;FR5-3,AGUA-M;FR4-1;FR5-2,1.6774546589414008,0.3586255306045108,False,True
double,1679,FR5-4;FR5-5;NPY-M,FR4-3;FR5-2;FR5-3,AGUA-M;FR4-1;FR5-1,0.6440295770258353,0.1767355515131345,False,False
double,1680,FR5-4;FR5-5;NPY-M,FR5-1;FR5-2;FR5-3,AGUA-M;FR4-1;FR4-3,1.4672475966124405,0.32844555061713376,False,True
