condition,acquisition_id,selected_as_condition_medoid,medoid_distance_sum,point_index,x_raw_px,y_raw_px,x_normalized_unclipped,y_normalized_unclipped,x_normalized_display,y_normalized_display,normalization_geometry,geometry_role
Water,2026-07-10_AGUA-M_Water,False,1.615054695115347,1,474.895,1292.022,0.12928240069585387,0.3645685190573174,0.12928240069585387,0.3645685190573174,accepted DAPI-only ARC/ME/VMN anatomy HIL bbox,3V analysis exclusion plus display overlay; never outer-tissue crop or normalization
Water,2026-07-10_AGUA-M_Water,False,1.615054695115347,2,497.967,1330.475,0.13597187590605972,0.37575647366889725,0.13597187590605972,0.37575647366889725,accepted DAPI-only ARC/ME/VMN anatomy HIL bbox,3V analysis exclusion plus display overlay; never outer-tissue crop or normalization
Water,2026-07-10_AGUA-M_Water,False,1.615054695115347,3,547.956,1349.702,0.15046564221513484,0.38135059645039276,0.15046564221513484,0.38135059645039276,accepted DAPI-only ARC/ME/VMN anatomy HIL bbox,3V analysis exclusion plus display overlay; never outer-tissue crop or normalization
Water,2026-07-10_AGUA-M_Water,False,1.615054695115347,4,609.481,1403.536,0.16830414612931285,0.3970136747163224,0.16830414612931285,0.3970136747163224,accepted DAPI-only ARC/ME/VMN anatomy HIL bbox,3V analysis exclusion plus display overlay; never outer-tissue crop or normalization
Water,2026-07-10_AGUA-M_Water,False,1.615054695115347,5,651.779,1449.68,0.1805679907219484,0.4104393366307827,0.1805679907219484,0.4104393366307827,accepted DAPI-only ARC/ME/VMN anatomy HIL bbox,3V analysis exclusion plus display overlay; never outer-tissue crop or normalization
Water,2026-07-10_AGUA-M_Water,False,1.615054695115347,6,678.696,1503.514,0.18837228182081764,0.42610241489671224,0.18837228182081764,0.42610241489671224,accepted DAPI-only ARC/ME/VMN anatomy HIL bbox,3V analysis exclusion plus display overlay; never outer-tissue crop or normalization
Water,2026-07-10_AGUA-M_Water,False,1.615054695115347,7,671.006,1580.42,0.18614265004349087,0.448478324119872,0.18614265004349087,0.448478324119872,accepted DAPI-only ARC/ME/VMN anatomy HIL bbox,3V analysis exclusion plus display overlay; never outer-tissue crop or normalization
Water,2026-07-10_AGUA-M_Water,False,1.615054695115347,8,682.542,1703.47,0.1894873876485938,0.484279895257492,0.1894873876485938,0.484279895257492,accepted DAPI-only ARC/ME/VMN anatomy HIL bbox,3V analysis exclusion plus display overlay; never outer-tissue crop or normalization
Water,2026-07-10_AGUA-M_Water,False,1.615054695115347,9,678.696,1799.602,0.18837228182081764,0.5122496363107362,0.18837228182081764,0.5122496363107362,accepted DAPI-only ARC/ME/VMN anatomy HIL bbox,3V analysis exclusion plus display overlay; never outer-tissue crop or normalization
Water,2026-07-10_AGUA-M_Water,False,1.615054695115347,10,682.542,1876.508,0.1894873876485938,0.5346255455338959,0.1894873876485938,0.5346255455338959,accepted DAPI-only ARC/ME/VMN anatomy HIL bbox,3V analysis exclusion plus display overlay; never outer-tissue crop or normalization
Water,2026-07-10_AGUA-M_Water,False,1.615054695115347,11,655.624,1945.724,0.18168280661061179,0.5547640384055863,0.18168280661061179,0.5547640384055863,accepted DAPI-only ARC/ME/VMN anatomy HIL bbox,3V analysis exclusion plus display overlay; never outer-tissue crop or normalization
Water,2026-07-10_AGUA-M_Water,False,1.615054695115347,12,617.171,2030.321,0.17053377790663962,0.5793776549316264,0.17053377790663962,0.5793776549316264,accepted DAPI-only ARC/ME/VMN anatomy HIL bbox,3V analysis exclusion plus display overlay; never outer-tissue crop or normalization
Water,2026-07-10_AGUA-M_Water,False,1.615054695115347,13,555.646,2061.083,0.15269527399246158,0.5883279022403259,0.15269527399246158,0.5883279022403259,accepted DAPI-only ARC/ME/VMN anatomy HIL bbox,3V analysis exclusion plus display overlay; never outer-tissue crop or normalization
Water,2026-07-10_AGUA-M_Water,False,1.615054695115347,14,521.039,2134.144,0.14266135111626557,0.6095851032877508,0.14266135111626557,0.6095851032877508,accepted DAPI-only ARC/ME/VMN anatomy HIL bbox,3V analysis exclusion plus display overlay; never outer-tissue crop or normalization
Water,2026-07-10_AGUA-M_Water,False,1.615054695115347,15,544.111,2187.978,0.14935082632647143,0.6252481815536806,0.14935082632647143,0.6252481815536806,accepted DAPI-only ARC/ME/VMN anatomy HIL bbox,3V analysis exclusion plus display overlay; never outer-tissue crop or normalization
Water,2026-07-10_AGUA-M_Water,False,1.615054695115347,16,640.243,2157.216,0.17722325311684547,0.616297934244981,0.17722325311684547,0.616297934244981,accepted DAPI-only ARC/ME/VMN anatomy HIL bbox,3V analysis exclusion plus display overlay; never outer-tissue crop or normalization
Water,2026-07-10_AGUA-M_Water,False,1.615054695115347,17,697.923,2114.917,0.1939469411423601,0.6039909805062554,0.1939469411423601,0.6039909805062554,accepted DAPI-only ARC/ME/VMN anatomy HIL bbox,3V analysis exclusion plus display overlay; never outer-tissue crop or normalization
Water,2026-07-10_AGUA-M_Water,False,1.615054695115347,18,820.972,2072.619,0.22962365903160337,0.591684317718941,0.22962365903160337,0.591684317718941,accepted DAPI-only ARC/ME/VMN anatomy HIL bbox,3V analysis exclusion plus display overlay; never outer-tissue crop or normalization
Water,2026-07-10_AGUA-M_Water,False,1.615054695115347,19,986.321,2026.475,0.27756480139170775,0.5782586558044807,0.27756480139170775,0.5782586558044807,accepted DAPI-only ARC/ME/VMN anatomy HIL bbox,3V analysis exclusion plus display overlay; never outer-tissue crop or normalization
Water,2026-07-10_AGUA-M_Water,False,1.615054695115347,20,1086.298,1991.867,0.30655204407074516,0.5681894093686354,0.30655204407074516,0.5681894093686354,accepted DAPI-only ARC/ME/VMN anatomy HIL bbox,3V analysis exclusion plus display overlay; never outer-tissue crop or normalization
Water,2026-07-10_AGUA-M_Water,False,1.615054695115347,21,1220.884,1976.486,0.34557378950420414,0.5637142857142857,0.34557378950420414,0.5637142857142857,accepted DAPI-only ARC/ME/VMN anatomy HIL bbox,3V analysis exclusion plus display overlay; never outer-tissue crop or normalization
Water,2026-07-10_AGUA-M_Water,False,1.615054695115347,22,1336.243,1938.033,0.3790208756161206,0.5525263311027058,0.3790208756161206,0.5525263311027058,accepted DAPI-only ARC/ME/VMN anatomy HIL bbox,3V analysis exclusion plus display overlay; never outer-tissue crop or normalization
Water,2026-07-10_AGUA-M_Water,False,1.615054695115347,23,1540.044,1922.652,0.4381107567410844,0.5480512074483561,0.4381107567410844,0.5480512074483561,accepted DAPI-only ARC/ME/VMN anatomy HIL bbox,3V analysis exclusion plus display overlay; never outer-tissue crop or normalization
Water,2026-07-10_AGUA-M_Water,False,1.615054695115347,24,1743.845,1957.26,0.4972006378660481,0.5581204538842013,0.4972006378660481,0.5581204538842013,accepted DAPI-only ARC/ME/VMN anatomy HIL bbox,3V analysis exclusion plus display overlay; never outer-tissue crop or normalization
Water,2026-07-10_AGUA-M_Water,False,1.615054695115347,25,1913.039,1964.95,0.5462565961148159,0.5603578702356706,0.5462565961148159,0.5603578702356706,accepted DAPI-only ARC/ME/VMN anatomy HIL bbox,3V analysis exclusion plus display overlay; never outer-tissue crop or normalization
Water,2026-07-10_AGUA-M_Water,False,1.615054695115347,26,2120.685,1980.332,0.606461293128443,0.5648332848414315,0.606461293128443,0.5648332848414315,accepted DAPI-only ARC/ME/VMN anatomy HIL bbox,3V analysis exclusion plus display overlay; never outer-tissue crop or normalization
Water,2026-07-10_AGUA-M_Water,False,1.615054695115347,27,2293.724,1999.558,0.6566320672658742,0.5704271166715158,0.6566320672658742,0.5704271166715158,accepted DAPI-only ARC/ME/VMN anatomy HIL bbox,3V analysis exclusion plus display overlay; never outer-tissue crop or normalization
Water,2026-07-10_AGUA-M_Water,False,1.615054695115347,28,2512.906,2022.63,0.7201815018846042,0.577139947628746,0.7201815018846042,0.577139947628746,accepted DAPI-only ARC/ME/VMN anatomy HIL bbox,3V analysis exclusion plus display overlay; never outer-tissue crop or normalization
Water,2026-07-10_AGUA-M_Water,False,1.615054695115347,29,2693.636,2049.547,0.7725821977384749,0.5849714867617108,0.7725821977384749,0.5849714867617108,accepted DAPI-only ARC/ME/VMN anatomy HIL bbox,3V analysis exclusion plus display overlay; never outer-tissue crop or normalization
Water,2026-07-10_AGUA-M_Water,False,1.615054695115347,30,2866.674,2061.083,0.8227526819367933,0.5883279022403259,0.8227526819367933,0.5883279022403259,accepted DAPI-only ARC/ME/VMN anatomy HIL bbox,3V analysis exclusion plus display overlay; never outer-tissue crop or normalization
Water,2026-07-10_AGUA-M_Water,False,1.615054695115347,31,3082.011,2080.31,0.8851873006668599,0.5939220250218213,0.8851873006668599,0.5939220250218213,accepted DAPI-only ARC/ME/VMN anatomy HIL bbox,3V analysis exclusion plus display overlay; never outer-tissue crop or normalization
Water,2026-07-10_AGUA-M_Water,False,1.615054695115347,32,3197.37,2091.845,0.9186343867787764,0.5972781495490253,0.9186343867787764,0.5972781495490253,accepted DAPI-only ARC/ME/VMN anatomy HIL bbox,3V analysis exclusion plus display overlay; never outer-tissue crop or normalization
Water,2026-07-10_AGUA-M_Water,False,1.615054695115347,33,3374.254,2111.072,0.969919976804871,0.6028722723305209,0.969919976804871,0.6028722723305209,accepted DAPI-only ARC/ME/VMN anatomy HIL bbox,3V analysis exclusion plus display overlay; never outer-tissue crop or normalization
Water,2026-07-10_AGUA-M_Water,False,1.615054695115347,34,3443.47,2114.917,0.9899884024354885,0.6039909805062554,0.9899884024354885,0.6039909805062554,accepted DAPI-only ARC/ME/VMN anatomy HIL bbox,3V analysis exclusion plus display overlay; never outer-tissue crop or normalization
Water,2026-07-10_AGUA-M_Water,False,1.615054695115347,35,3466.542,2064.928,0.9966778776456944,0.5894466104160605,0.9966778776456944,0.5894466104160605,accepted DAPI-only ARC/ME/VMN anatomy HIL bbox,3V analysis exclusion plus display overlay; never outer-tissue crop or normalization
Water,2026-07-10_AGUA-M_Water,False,1.615054695115347,36,3470.387,1934.188,0.9977926935343578,0.5514076229269712,0.9977926935343578,0.5514076229269712,accepted DAPI-only ARC/ME/VMN anatomy HIL bbox,3V analysis exclusion plus display overlay; never outer-tissue crop or normalization
Water,2026-07-10_AGUA-M_Water,False,1.615054695115347,37,3466.542,1864.972,0.9966778776456944,0.5312691300552808,0.9966778776456944,0.5312691300552808,accepted DAPI-only ARC/ME/VMN anatomy HIL bbox,3V analysis exclusion plus display overlay; never outer-tissue crop or normalization
Water,2026-07-10_AGUA-M_Water,False,1.615054695115347,38,3235.824,1891.89,0.9297837054218614,0.5391009601396567,0.9297837054218614,0.5391009601396567,accepted DAPI-only ARC/ME/VMN anatomy HIL bbox,3V analysis exclusion plus display overlay; never outer-tissue crop or normalization
Water,2026-07-10_AGUA-M_Water,False,1.615054695115347,39,2912.818,1880.354,0.836131632357205,0.5357445446610416,0.836131632357205,0.5357445446610416,accepted DAPI-only ARC/ME/VMN anatomy HIL bbox,3V analysis exclusion plus display overlay; never outer-tissue crop or normalization
Water,2026-07-10_AGUA-M_Water,False,1.615054695115347,40,2705.171,1888.044,0.775926645404465,0.537981961012511,0.775926645404465,0.537981961012511,accepted DAPI-only ARC/ME/VMN anatomy HIL bbox,3V analysis exclusion plus display overlay; never outer-tissue crop or normalization
Water,2026-07-10_AGUA-M_Water,False,1.615054695115347,41,2535.978,1899.58,0.7268709770948101,0.5413383764911259,0.7268709770948101,0.5413383764911259,accepted DAPI-only ARC/ME/VMN anatomy HIL bbox,3V analysis exclusion plus display overlay; never outer-tissue crop or normalization
Water,2026-07-10_AGUA-M_Water,False,1.615054695115347,42,2347.558,1926.497,0.6722406494636126,0.5491699156240908,0.6722406494636126,0.5491699156240908,accepted DAPI-only ARC/ME/VMN anatomy HIL bbox,3V analysis exclusion plus display overlay; never outer-tissue crop or normalization
Water,2026-07-10_AGUA-M_Water,False,1.615054695115347,43,2193.746,1907.271,0.627644534647724,0.5435760837940063,0.627644534647724,0.5435760837940063,accepted DAPI-only ARC/ME/VMN anatomy HIL bbox,3V analysis exclusion plus display overlay; never outer-tissue crop or normalization
Water,2026-07-10_AGUA-M_Water,False,1.615054695115347,44,2074.542,1895.735,0.5930826326471441,0.5402196683153913,0.5930826326471441,0.5402196683153913,accepted DAPI-only ARC/ME/VMN anatomy HIL bbox,3V analysis exclusion plus display overlay; never outer-tissue crop or normalization
Water,2026-07-10_AGUA-M_Water,False,1.615054695115347,45,1920.729,1872.663,0.5484862278921426,0.5335068373581612,0.5484862278921426,0.5335068373581612,accepted DAPI-only ARC/ME/VMN anatomy HIL bbox,3V analysis exclusion plus display overlay; never outer-tissue crop or normalization
Water,2026-07-10_AGUA-M_Water,False,1.615054695115347,46,1747.691,1845.746,0.4983157436938243,0.5256752982251964,0.4983157436938243,0.5256752982251964,accepted DAPI-only ARC/ME/VMN anatomy HIL bbox,3V analysis exclusion plus display overlay; never outer-tissue crop or normalization
Water,2026-07-10_AGUA-M_Water,False,1.615054695115347,47,1493.901,1784.221,0.4247320962597855,0.5077745126563864,0.4247320962597855,0.5077745126563864,accepted DAPI-only ARC/ME/VMN anatomy HIL bbox,3V analysis exclusion plus display overlay; never outer-tissue crop or normalization
Water,2026-07-10_AGUA-M_Water,False,1.615054695115347,48,1347.779,1734.232,0.38236561322122353,0.49323014256619147,0.38236561322122353,0.49323014256619147,accepted DAPI-only ARC/ME/VMN anatomy HIL bbox,3V analysis exclusion plus display overlay; never outer-tissue crop or normalization
Water,2026-07-10_AGUA-M_Water,False,1.615054695115347,49,1174.74,1688.088,0.3321948390837924,0.47980448065173115,0.3321948390837924,0.47980448065173115,accepted DAPI-only ARC/ME/VMN anatomy HIL bbox,3V analysis exclusion plus display overlay; never outer-tissue crop or normalization
Water,2026-07-10_AGUA-M_Water,False,1.615054695115347,50,1055.536,1626.564,0.29763293708321253,0.4619039860343323,0.29763293708321253,0.4619039860343323,accepted DAPI-only ARC/ME/VMN anatomy HIL bbox,3V analysis exclusion plus display overlay; never outer-tissue crop or normalization
Water,2026-07-10_AGUA-M_Water,False,1.615054695115347,51,970.939,1584.265,0.2731049579588286,0.44959703229560666,0.2731049579588286,0.44959703229560666,accepted DAPI-only ARC/ME/VMN anatomy HIL bbox,3V analysis exclusion plus display overlay; never outer-tissue crop or normalization
Water,2026-07-10_AGUA-M_Water,False,1.615054695115347,52,863.271,1526.586,0.2418877935633517,0.4328152458539424,0.2418877935633517,0.4328152458539424,accepted DAPI-only ARC/ME/VMN anatomy HIL bbox,3V analysis exclusion plus display overlay; never outer-tissue crop or normalization
Water,2026-07-10_AGUA-M_Water,False,1.615054695115347,53,805.591,1480.442,0.22516410553783706,0.4193895839394821,0.22516410553783706,0.4193895839394821,accepted DAPI-only ARC/ME/VMN anatomy HIL bbox,3V analysis exclusion plus display overlay; never outer-tissue crop or normalization
Water,2026-07-10_AGUA-M_Water,False,1.615054695115347,54,732.53,1403.536,0.20398086401855609,0.3970136747163224,0.20398086401855609,0.3970136747163224,accepted DAPI-only ARC/ME/VMN anatomy HIL bbox,3V analysis exclusion plus display overlay; never outer-tissue crop or normalization
Water,2026-07-10_AGUA-M_Water,False,1.615054695115347,55,682.542,1353.547,0.1894873876485938,0.38246930462612744,0.1894873876485938,0.38246930462612744,accepted DAPI-only ARC/ME/VMN anatomy HIL bbox,3V analysis exclusion plus display overlay; never outer-tissue crop or normalization
Water,2026-07-10_AGUA-M_Water,False,1.615054695115347,56,636.398,1330.475,0.1761084372281821,0.37575647366889725,0.1761084372281821,0.37575647366889725,accepted DAPI-only ARC/ME/VMN anatomy HIL bbox,3V analysis exclusion plus display overlay; never outer-tissue crop or normalization
Water,2026-07-10_AGUA-M_Water,False,1.615054695115347,57,559.492,1295.867,0.15381037982023774,0.3656872272330521,0.15381037982023774,0.3656872272330521,accepted DAPI-only ARC/ME/VMN anatomy HIL bbox,3V analysis exclusion plus display overlay; never outer-tissue crop or normalization
Water,2026-07-10_FR5-5_Water,True,1.5812553030180827,1,625.999,1311.912,0.16275630498533725,0.3712195975503062,0.16275630498533725,0.3712195975503062,accepted DAPI-only ARC/ME/VMN anatomy HIL bbox,3V analysis exclusion plus display overlay; never outer-tissue crop or normalization
Water,2026-07-10_FR5-5_Water,True,1.5812553030180827,2,602.847,1350.497,0.15596686217008798,0.382472149314669,0.15596686217008798,0.382472149314669,accepted DAPI-only ARC/ME/VMN anatomy HIL bbox,3V analysis exclusion plus display overlay; never outer-tissue crop or normalization
Water,2026-07-10_FR5-5_Water,True,1.5812553030180827,3,622.141,1396.8,0.161624926686217,0.3959755030621172,0.161624926686217,0.3959755030621172,accepted DAPI-only ARC/ME/VMN anatomy HIL bbox,3V analysis exclusion plus display overlay; never outer-tissue crop or normalization
Water,2026-07-10_FR5-5_Water,True,1.5812553030180827,4,641.434,1466.254,0.16728269794721407,0.4162303878681831,0.16728269794721407,0.4162303878681831,accepted DAPI-only ARC/ME/VMN anatomy HIL bbox,3V analysis exclusion plus display overlay; never outer-tissue crop or normalization
Water,2026-07-10_FR5-5_Water,True,1.5812553030180827,5,637.575,1570.436,0.1661510263929619,0.4466130067074949,0.1661510263929619,0.4466130067074949,accepted DAPI-only ARC/ME/VMN anatomy HIL bbox,3V analysis exclusion plus display overlay; never outer-tissue crop or normalization
Water,2026-07-10_FR5-5_Water,True,1.5812553030180827,6,633.716,1647.607,0.1650193548387097,0.46911840186643333,0.1650193548387097,0.46911840186643333,accepted DAPI-only ARC/ME/VMN anatomy HIL bbox,3V analysis exclusion plus display overlay; never outer-tissue crop or normalization
Water,2026-07-10_FR5-5_Water,True,1.5812553030180827,7,610.565,1755.646,0.15823020527859238,0.500625838436862,0.15823020527859238,0.500625838436862,accepted DAPI-only ARC/ME/VMN anatomy HIL bbox,3V analysis exclusion plus display overlay; never outer-tissue crop or normalization
Water,2026-07-10_FR5-5_Water,True,1.5812553030180827,8,564.261,1886.838,0.14465131964809383,0.5388853893263342,0.14465131964809383,0.5388853893263342,accepted DAPI-only ARC/ME/VMN anatomy HIL bbox,3V analysis exclusion plus display overlay; never outer-tissue crop or normalization
Water,2026-07-10_FR5-5_Water,True,1.5812553030180827,9,564.261,1936.999,0.14465131964809383,0.5535138524351123,0.14465131964809383,0.5535138524351123,accepted DAPI-only ARC/ME/VMN anatomy HIL bbox,3V analysis exclusion plus display overlay; never outer-tissue crop or normalization
Water,2026-07-10_FR5-5_Water,True,1.5812553030180827,10,571.978,2021.887,0.14691436950146627,0.5782697579469233,0.14691436950146627,0.5782697579469233,accepted DAPI-only ARC/ME/VMN anatomy HIL bbox,3V analysis exclusion plus display overlay; never outer-tissue crop or normalization
Water,2026-07-10_FR5-5_Water,True,1.5812553030180827,11,610.565,2068.19,0.15823020527859238,0.5917731116943715,0.15823020527859238,0.5917731116943715,accepted DAPI-only ARC/ME/VMN anatomy HIL bbox,3V analysis exclusion plus display overlay; never outer-tissue crop or normalization
Water,2026-07-10_FR5-5_Water,True,1.5812553030180827,12,703.172,2045.039,0.18538768328445748,0.5850215806357538,0.18538768328445748,0.5850215806357538,accepted DAPI-only ARC/ME/VMN anatomy HIL bbox,3V analysis exclusion plus display overlay; never outer-tissue crop or normalization
Water,2026-07-10_FR5-5_Water,True,1.5812553030180827,13,799.637,1987.16,0.2136765395894428,0.5681423155438904,0.2136765395894428,0.5681423155438904,accepted DAPI-only ARC/ME/VMN anatomy HIL bbox,3V analysis exclusion plus display overlay; never outer-tissue crop or normalization
Water,2026-07-10_FR5-5_Water,True,1.5812553030180827,14,926.972,1921.565,0.2510181818181818,0.5490128317293672,0.2510181818181818,0.5490128317293672,accepted DAPI-only ARC/ME/VMN anatomy HIL bbox,3V analysis exclusion plus display overlay; never outer-tissue crop or normalization
Water,2026-07-10_FR5-5_Water,True,1.5812553030180827,15,996.427,1890.696,0.27138621700879767,0.540010498687664,0.27138621700879767,0.540010498687664,accepted DAPI-only ARC/ME/VMN anatomy HIL bbox,3V analysis exclusion plus display overlay; never outer-tissue crop or normalization
Water,2026-07-10_FR5-5_Water,True,1.5812553030180827,16,1177.782,1871.403,0.3245695014662756,0.5343840769903762,0.3245695014662756,0.5343840769903762,accepted DAPI-only ARC/ME/VMN anatomy HIL bbox,3V analysis exclusion plus display overlay; never outer-tissue crop or normalization
Water,2026-07-10_FR5-5_Water,True,1.5812553030180827,17,1281.965,1844.393,0.35512170087976536,0.5265071449402158,0.35512170087976536,0.5265071449402158,accepted DAPI-only ARC/ME/VMN anatomy HIL bbox,3V analysis exclusion plus display overlay; never outer-tissue crop or normalization
Water,2026-07-10_FR5-5_Water,True,1.5812553030180827,18,1409.3,1825.101,0.3924633431085044,0.5208810148731409,0.3924633431085044,0.5208810148731409,accepted DAPI-only ARC/ME/VMN anatomy HIL bbox,3V analysis exclusion plus display overlay; never outer-tissue crop or normalization
Water,2026-07-10_FR5-5_Water,True,1.5812553030180827,19,1559.786,1805.808,0.4365941348973607,0.515254593175853,0.4365941348973607,0.515254593175853,accepted DAPI-only ARC/ME/VMN anatomy HIL bbox,3V analysis exclusion plus display overlay; never outer-tissue crop or normalization
Water,2026-07-10_FR5-5_Water,True,1.5812553030180827,20,1633.1,1790.374,0.4580938416422287,0.5107535724701079,0.4580938416422287,0.5107535724701079,accepted DAPI-only ARC/ME/VMN anatomy HIL bbox,3V analysis exclusion plus display overlay; never outer-tissue crop or normalization
Water,2026-07-10_FR5-5_Water,True,1.5812553030180827,21,1772.01,1786.515,0.4988299120234604,0.5096281714785652,0.4988299120234604,0.5096281714785652,accepted DAPI-only ARC/ME/VMN anatomy HIL bbox,3V analysis exclusion plus display overlay; never outer-tissue crop or normalization
Water,2026-07-10_FR5-5_Water,True,1.5812553030180827,22,1876.193,1786.515,0.5293821114369501,0.5096281714785652,0.5293821114369501,0.5096281714785652,accepted DAPI-only ARC/ME/VMN anatomy HIL bbox,3V analysis exclusion plus display overlay; never outer-tissue crop or normalization
Water,2026-07-10_FR5-5_Water,True,1.5812553030180827,23,1961.083,1778.798,0.5542765395894428,0.5073776611256926,0.5542765395894428,0.5073776611256926,accepted DAPI-only ARC/ME/VMN anatomy HIL bbox,3V analysis exclusion plus display overlay; never outer-tissue crop or normalization
Water,2026-07-10_FR5-5_Water,True,1.5812553030180827,24,2103.852,1778.798,0.5961442815249266,0.5073776611256926,0.5961442815249266,0.5073776611256926,accepted DAPI-only ARC/ME/VMN anatomy HIL bbox,3V analysis exclusion plus display overlay; never outer-tissue crop or normalization
Water,2026-07-10_FR5-5_Water,True,1.5812553030180827,25,2269.773,1778.798,0.6448014662756598,0.5073776611256926,0.6448014662756598,0.5073776611256926,accepted DAPI-only ARC/ME/VMN anatomy HIL bbox,3V analysis exclusion plus display overlay; never outer-tissue crop or normalization
Water,2026-07-10_FR5-5_Water,True,1.5812553030180827,26,2489.714,1771.081,0.709300293255132,0.50512715077282,0.709300293255132,0.50512715077282,accepted DAPI-only ARC/ME/VMN anatomy HIL bbox,3V analysis exclusion plus display overlay; never outer-tissue crop or normalization
Water,2026-07-10_FR5-5_Water,True,1.5812553030180827,27,2678.787,1767.222,0.7647469208211143,0.5040017497812773,0.7647469208211143,0.5040017497812773,accepted DAPI-only ARC/ME/VMN anatomy HIL bbox,3V analysis exclusion plus display overlay; never outer-tissue crop or normalization
Water,2026-07-10_FR5-5_Water,True,1.5812553030180827,28,2914.163,1759.505,0.8337721407624633,0.5017512394284048,0.8337721407624633,0.5017512394284048,accepted DAPI-only ARC/ME/VMN anatomy HIL bbox,3V analysis exclusion plus display overlay; never outer-tissue crop or normalization
Water,2026-07-10_FR5-5_Water,True,1.5812553030180827,29,3014.487,1751.788,0.8631926686217009,0.4995007290755322,0.8631926686217009,0.4995007290755322,accepted DAPI-only ARC/ME/VMN anatomy HIL bbox,3V analysis exclusion plus display overlay; never outer-tissue crop or normalization
Water,2026-07-10_FR5-5_Water,True,1.5812553030180827,30,3068.508,1794.232,0.8790346041055718,0.5118786818314377,0.8790346041055718,0.5118786818314377,accepted DAPI-only ARC/ME/VMN anatomy HIL bbox,3V analysis exclusion plus display overlay; never outer-tissue crop or normalization
Water,2026-07-10_FR5-5_Water,True,1.5812553030180827,31,3222.853,1782.656,0.9242970674486803,0.5085027704870224,0.9242970674486803,0.5085027704870224,accepted DAPI-only ARC/ME/VMN anatomy HIL bbox,3V analysis exclusion plus display overlay; never outer-tissue crop or normalization
Water,2026-07-10_FR5-5_Water,True,1.5812553030180827,32,3303.884,1771.081,0.9480598240469208,0.50512715077282,0.9480598240469208,0.50512715077282,accepted DAPI-only ARC/ME/VMN anatomy HIL bbox,3V analysis exclusion plus display overlay; never outer-tissue crop or normalization
Water,2026-07-10_FR5-5_Water,True,1.5812553030180827,33,3350.187,1774.939,0.9616384164222873,0.5062522601341499,0.9616384164222873,0.5062522601341499,accepted DAPI-only ARC/ME/VMN anatomy HIL bbox,3V analysis exclusion plus display overlay; never outer-tissue crop or normalization
Water,2026-07-10_FR5-5_Water,True,1.5812553030180827,34,3446.653,1771.081,0.9899275659824046,0.50512715077282,0.9899275659824046,0.50512715077282,accepted DAPI-only ARC/ME/VMN anatomy HIL bbox,3V analysis exclusion plus display overlay; never outer-tissue crop or normalization
Water,2026-07-10_FR5-5_Water,True,1.5812553030180827,35,3481.381,1693.909,1.0001117302052787,0.48262146398366873,1.0,0.48262146398366873,accepted DAPI-only ARC/ME/VMN anatomy HIL bbox,3V analysis exclusion plus display overlay; never outer-tissue crop or normalization
Water,2026-07-10_FR5-5_Water,True,1.5812553030180827,36,3357.905,1655.324,0.9639017595307918,0.47136891221930594,0.9639017595307918,0.47136891221930594,accepted DAPI-only ARC/ME/VMN anatomy HIL bbox,3V analysis exclusion plus display overlay; never outer-tissue crop or normalization
Water,2026-07-10_FR5-5_Water,True,1.5812553030180827,37,3230.57,1674.617,0.9265601173020528,0.47699533391659377,0.9265601173020528,0.47699533391659377,accepted DAPI-only ARC/ME/VMN anatomy HIL bbox,3V analysis exclusion plus display overlay; never outer-tissue crop or normalization
Water,2026-07-10_FR5-5_Water,True,1.5812553030180827,38,3091.66,1690.051,0.8858240469208211,0.48149635462233886,0.8858240469208211,0.48149635462233886,accepted DAPI-only ARC/ME/VMN anatomy HIL bbox,3V analysis exclusion plus display overlay; never outer-tissue crop or normalization
Water,2026-07-10_FR5-5_Water,True,1.5812553030180827,39,2921.88,1686.192,0.8360351906158358,0.4803709536307961,0.8360351906158358,0.4803709536307961,accepted DAPI-only ARC/ME/VMN anatomy HIL bbox,3V analysis exclusion plus display overlay; never outer-tissue crop or normalization
Water,2026-07-10_FR5-5_Water,True,1.5812553030180827,40,2663.353,1678.475,0.7602208211143695,0.4781204432779236,0.7602208211143695,0.4781204432779236,accepted DAPI-only ARC/ME/VMN anatomy HIL bbox,3V analysis exclusion plus display overlay; never outer-tissue crop or normalization
Water,2026-07-10_FR5-5_Water,True,1.5812553030180827,41,2381.673,1690.051,0.6776167155425219,0.48149635462233886,0.6776167155425219,0.48149635462233886,accepted DAPI-only ARC/ME/VMN anatomy HIL bbox,3V analysis exclusion plus display overlay; never outer-tissue crop or normalization
Water,2026-07-10_FR5-5_Water,True,1.5812553030180827,42,2130.862,1713.202,0.6040651026392962,0.48824788568095656,0.6040651026392962,0.48824788568095656,accepted DAPI-only ARC/ME/VMN anatomy HIL bbox,3V analysis exclusion plus display overlay; never outer-tissue crop or normalization
Water,2026-07-10_FR5-5_Water,True,1.5812553030180827,43,1941.79,1690.051,0.5486187683284457,0.48149635462233886,0.5486187683284457,0.48149635462233886,accepted DAPI-only ARC/ME/VMN anatomy HIL bbox,3V analysis exclusion plus display overlay; never outer-tissue crop or normalization
Water,2026-07-10_FR5-5_Water,True,1.5812553030180827,44,1799.021,1732.495,0.5067510263929619,0.49387430737824434,0.5067510263929619,0.49387430737824434,accepted DAPI-only ARC/ME/VMN anatomy HIL bbox,3V analysis exclusion plus display overlay; never outer-tissue crop or normalization
Water,2026-07-10_FR5-5_Water,True,1.5812553030180827,45,1721.848,1720.919,0.4841196480938416,0.4904983960338291,0.4841196480938416,0.4904983960338291,accepted DAPI-only ARC/ME/VMN anatomy HIL bbox,3V analysis exclusion plus display overlay; never outer-tissue crop or normalization
Water,2026-07-10_FR5-5_Water,True,1.5812553030180827,46,1636.959,1705.485,0.45922551319648097,0.48599737532808396,0.45922551319648097,0.48599737532808396,accepted DAPI-only ARC/ME/VMN anatomy HIL bbox,3V analysis exclusion plus display overlay; never outer-tissue crop or normalization
Water,2026-07-10_FR5-5_Water,True,1.5812553030180827,47,1463.32,1670.758,0.4083049853372434,0.47586993292505103,0.4083049853372434,0.47586993292505103,accepted DAPI-only ARC/ME/VMN anatomy HIL bbox,3V analysis exclusion plus display overlay; never outer-tissue crop or normalization
Water,2026-07-10_FR5-5_Water,True,1.5812553030180827,48,1332.127,1651.465,0.36983196480938413,0.4702435112277632,0.36983196480938413,0.4702435112277632,accepted DAPI-only ARC/ME/VMN anatomy HIL bbox,3V analysis exclusion plus display overlay; never outer-tissue crop or normalization
Water,2026-07-10_FR5-5_Water,True,1.5812553030180827,49,1193.217,1632.172,0.3290958944281525,0.46461708953047537,0.3290958944281525,0.46461708953047537,accepted DAPI-only ARC/ME/VMN anatomy HIL bbox,3V analysis exclusion plus display overlay; never outer-tissue crop or normalization
Water,2026-07-10_FR5-5_Water,True,1.5812553030180827,50,1058.165,1570.436,0.28949120234604103,0.4466130067074949,0.28949120234604103,0.4466130067074949,accepted DAPI-only ARC/ME/VMN anatomy HIL bbox,3V analysis exclusion plus display overlay; never outer-tissue crop or normalization
Water,2026-07-10_FR5-5_Water,True,1.5812553030180827,51,942.406,1520.274,0.2555442815249267,0.43198425196850393,0.2555442815249267,0.43198425196850393,accepted DAPI-only ARC/ME/VMN anatomy HIL bbox,3V analysis exclusion plus display overlay; never outer-tissue crop or normalization
Water,2026-07-10_FR5-5_Water,True,1.5812553030180827,52,791.92,1427.669,0.21141348973607038,0.4049778361038204,0.21141348973607038,0.4049778361038204,accepted DAPI-only ARC/ME/VMN anatomy HIL bbox,3V analysis exclusion plus display overlay; never outer-tissue crop or normalization
Water,2026-07-10_FR5-5_Water,True,1.5812553030180827,53,714.748,1354.356,0.18878240469208213,0.38359755030621173,0.18878240469208213,0.38359755030621173,accepted DAPI-only ARC/ME/VMN anatomy HIL bbox,3V analysis exclusion plus display overlay; never outer-tissue crop or normalization
Water,2026-07-10_NPY-M_Water,False,1.737629179331307,1,640.34,1474.686,0.18264900662251657,0.39610319855159926,0.18264900662251657,0.39610319855159926,accepted DAPI-only ARC/ME/VMN anatomy HIL bbox,3V analysis exclusion plus display overlay; never outer-tissue crop or normalization
Water,2026-07-10_NPY-M_Water,False,1.737629179331307,2,626.961,1518.167,0.1787967175352721,0.40922359686179843,0.1787967175352721,0.40922359686179843,accepted DAPI-only ARC/ME/VMN anatomy HIL bbox,3V analysis exclusion plus display overlay; never outer-tissue crop or normalization
Water,2026-07-10_NPY-M_Water,False,1.737629179331307,3,643.685,1558.304,0.18361215087820326,0.42133494266747135,0.18361215087820326,0.42133494266747135,accepted DAPI-only ARC/ME/VMN anatomy HIL bbox,3V analysis exclusion plus display overlay; never outer-tissue crop or normalization
Water,2026-07-10_NPY-M_Water,False,1.737629179331307,4,633.651,1588.406,0.18072300604664554,0.4304182257091128,0.18072300604664554,0.4304182257091128,accepted DAPI-only ARC/ME/VMN anatomy HIL bbox,3V analysis exclusion plus display overlay; never outer-tissue crop or normalization
Water,2026-07-10_NPY-M_Water,False,1.737629179331307,5,680.477,1615.164,0.19420587388424992,0.4384924562462281,0.19420587388424992,0.4384924562462281,accepted DAPI-only ARC/ME/VMN anatomy HIL bbox,3V analysis exclusion plus display overlay; never outer-tissue crop or normalization
Water,2026-07-10_NPY-M_Water,False,1.737629179331307,6,713.924,1628.543,0.20383645263460984,0.4425295715147857,0.20383645263460984,0.4425295715147857,accepted DAPI-only ARC/ME/VMN anatomy HIL bbox,3V analysis exclusion plus display overlay; never outer-tissue crop or normalization
Water,2026-07-10_NPY-M_Water,False,1.737629179331307,7,754.06,1668.679,0.21539303196084075,0.4546406155703078,0.21539303196084075,0.4546406155703078,accepted DAPI-only ARC/ME/VMN anatomy HIL bbox,3V analysis exclusion plus display overlay; never outer-tissue crop or normalization
Water,2026-07-10_NPY-M_Water,False,1.737629179331307,8,764.094,1698.781,0.21828217679239853,0.4637238986119493,0.21828217679239853,0.4637238986119493,accepted DAPI-only ARC/ME/VMN anatomy HIL bbox,3V analysis exclusion plus display overlay; never outer-tissue crop or normalization
Water,2026-07-10_NPY-M_Water,False,1.737629179331307,9,760.75,1715.505,0.21731932047221422,0.4687703681351841,0.21731932047221422,0.4687703681351841,accepted DAPI-only ARC/ME/VMN anatomy HIL bbox,3V analysis exclusion plus display overlay; never outer-tissue crop or normalization
Water,2026-07-10_NPY-M_Water,False,1.737629179331307,10,797.541,1758.986,0.22791275554275844,0.48189076644538326,0.22791275554275844,0.48189076644538326,accepted DAPI-only ARC/ME/VMN anatomy HIL bbox,3V analysis exclusion plus display overlay; never outer-tissue crop or normalization
Water,2026-07-10_NPY-M_Water,False,1.737629179331307,11,827.644,1809.157,0.23658047797293408,0.4970298732649366,0.23658047797293408,0.4970298732649366,accepted DAPI-only ARC/ME/VMN anatomy HIL bbox,3V analysis exclusion plus display overlay; never outer-tissue crop or normalization
Water,2026-07-10_NPY-M_Water,False,1.737629179331307,12,830.988,1839.259,0.23754333429311836,0.5061131563065782,0.23754333429311836,0.5061131563065782,accepted DAPI-only ARC/ME/VMN anatomy HIL bbox,3V analysis exclusion plus display overlay; never outer-tissue crop or normalization
Water,2026-07-10_NPY-M_Water,False,1.737629179331307,13,784.163,1922.877,0.22406075439101641,0.5313449004224502,0.22406075439101641,0.5313449004224502,accepted DAPI-only ARC/ME/VMN anatomy HIL bbox,3V analysis exclusion plus display overlay; never outer-tissue crop or normalization
Water,2026-07-10_NPY-M_Water,False,1.737629179331307,14,723.958,1979.737,0.20672559746616756,0.548502414001207,0.20672559746616756,0.548502414001207,accepted DAPI-only ARC/ME/VMN anatomy HIL bbox,3V analysis exclusion plus display overlay; never outer-tissue crop or normalization
Water,2026-07-10_NPY-M_Water,False,1.737629179331307,15,640.34,2066.699,0.18264900662251657,0.5747432106216054,0.18264900662251657,0.5747432106216054,accepted DAPI-only ARC/ME/VMN anatomy HIL bbox,3V analysis exclusion plus display overlay; never outer-tissue crop or normalization
Water,2026-07-10_NPY-M_Water,False,1.737629179331307,16,550.033,2116.869,0.15664641520299452,0.5898820156910078,0.15664641520299452,0.5898820156910078,accepted DAPI-only ARC/ME/VMN anatomy HIL bbox,3V analysis exclusion plus display overlay; never outer-tissue crop or normalization
Water,2026-07-10_NPY-M_Water,False,1.737629179331307,17,496.518,2143.627,0.14123754678951914,0.597956246228123,0.14123754678951914,0.597956246228123,accepted DAPI-only ARC/ME/VMN anatomy HIL bbox,3V analysis exclusion plus display overlay; never outer-tissue crop or normalization
Water,2026-07-10_NPY-M_Water,False,1.737629179331307,18,583.48,2160.351,0.16627699395335446,0.6030027157513579,0.16627699395335446,0.6030027157513579,accepted DAPI-only ARC/ME/VMN anatomy HIL bbox,3V analysis exclusion plus display overlay; never outer-tissue crop or normalization
Water,2026-07-10_NPY-M_Water,False,1.737629179331307,19,600.204,2180.419,0.17109242729628563,0.6090582377791188,0.17109242729628563,0.6090582377791188,accepted DAPI-only ARC/ME/VMN anatomy HIL bbox,3V analysis exclusion plus display overlay; never outer-tissue crop or normalization
Water,2026-07-10_NPY-M_Water,False,1.737629179331307,20,647.03,2160.351,0.18457529513389,0.6030027157513579,0.18457529513389,0.6030027157513579,accepted DAPI-only ARC/ME/VMN anatomy HIL bbox,3V analysis exclusion plus display overlay; never outer-tissue crop or normalization
Water,2026-07-10_NPY-M_Water,False,1.737629179331307,21,713.924,2036.596,0.20383645263460984,0.5656596258298129,0.20383645263460984,0.5656596258298129,accepted DAPI-only ARC/ME/VMN anatomy HIL bbox,3V analysis exclusion plus display overlay; never outer-tissue crop or normalization
Water,2026-07-10_NPY-M_Water,False,1.737629179331307,22,740.681,2003.149,0.21154074287359634,0.5555669885334943,0.21154074287359634,0.5555669885334943,accepted DAPI-only ARC/ME/VMN anatomy HIL bbox,3V analysis exclusion plus display overlay; never outer-tissue crop or normalization
Water,2026-07-10_NPY-M_Water,False,1.737629179331307,23,757.405,1973.047,0.2163561762165275,0.5464837054918528,0.2163561762165275,0.5464837054918528,accepted DAPI-only ARC/ME/VMN anatomy HIL bbox,3V analysis exclusion plus display overlay; never outer-tissue crop or normalization
Water,2026-07-10_NPY-M_Water,False,1.737629179331307,24,797.541,1946.29,0.22791275554275844,0.5384097767048883,0.22791275554275844,0.5384097767048883,accepted DAPI-only ARC/ME/VMN anatomy HIL bbox,3V analysis exclusion plus display overlay; never outer-tissue crop or normalization
Water,2026-07-10_NPY-M_Water,False,1.737629179331307,25,827.644,1909.498,0.23658047797293408,0.5273077851538925,0.23658047797293408,0.5273077851538925,accepted DAPI-only ARC/ME/VMN anatomy HIL bbox,3V analysis exclusion plus display overlay; never outer-tissue crop or normalization
Water,2026-07-10_NPY-M_Water,False,1.737629179331307,26,844.367,1886.085,0.2413956233803628,0.5202429088714544,0.2413956233803628,0.5202429088714544,accepted DAPI-only ARC/ME/VMN anatomy HIL bbox,3V analysis exclusion plus display overlay; never outer-tissue crop or normalization
Water,2026-07-10_NPY-M_Water,False,1.737629179331307,27,907.917,1852.638,0.25969392456089835,0.5101502715751358,0.25969392456089835,0.5101502715751358,accepted DAPI-only ARC/ME/VMN anatomy HIL bbox,3V analysis exclusion plus display overlay; never outer-tissue crop or normalization
Water,2026-07-10_NPY-M_Water,False,1.737629179331307,28,1014.947,1809.157,0.2905116613878491,0.4970298732649366,0.2905116613878491,0.4970298732649366,accepted DAPI-only ARC/ME/VMN anatomy HIL bbox,3V analysis exclusion plus display overlay; never outer-tissue crop or normalization
Water,2026-07-10_NPY-M_Water,False,1.737629179331307,29,1065.118,1782.399,0.3049576734811402,0.4889556427278213,0.3049576734811402,0.4889556427278213,accepted DAPI-only ARC/ME/VMN anatomy HIL bbox,3V analysis exclusion plus display overlay; never outer-tissue crop or normalization
Water,2026-07-10_NPY-M_Water,False,1.737629179331307,30,1165.459,1782.399,0.33384940973222,0.4889556427278213,0.33384940973222,0.4889556427278213,accepted DAPI-only ARC/ME/VMN anatomy HIL bbox,3V analysis exclusion plus display overlay; never outer-tissue crop or normalization
Water,2026-07-10_NPY-M_Water,False,1.737629179331307,31,1362.796,1765.676,0.3906697379786928,0.48390947495473746,0.3906697379786928,0.48390947495473746,accepted DAPI-only ARC/ME/VMN anatomy HIL bbox,3V analysis exclusion plus display overlay; never outer-tissue crop or normalization
Water,2026-07-10_NPY-M_Water,False,1.737629179331307,32,1473.171,1769.02,0.4224506190613303,0.4849185274592637,0.4224506190613303,0.4849185274592637,accepted DAPI-only ARC/ME/VMN anatomy HIL bbox,3V analysis exclusion plus display overlay; never outer-tissue crop or normalization
Water,2026-07-10_NPY-M_Water,False,1.737629179331307,33,1653.785,1765.676,0.47445580190037434,0.48390947495473746,0.47445580190037434,0.48390947495473746,accepted DAPI-only ARC/ME/VMN anatomy HIL bbox,3V analysis exclusion plus display overlay; never outer-tissue crop or normalization
Water,2026-07-10_NPY-M_Water,False,1.737629179331307,34,1767.505,1758.986,0.5071998272386986,0.48189076644538326,0.5071998272386986,0.48189076644538326,accepted DAPI-only ARC/ME/VMN anatomy HIL bbox,3V analysis exclusion plus display overlay; never outer-tissue crop or normalization
Water,2026-07-10_NPY-M_Water,False,1.737629179331307,35,1901.294,1772.365,0.5457224301756407,0.48592788171394086,0.5457224301756407,0.48592788171394086,accepted DAPI-only ARC/ME/VMN anatomy HIL bbox,3V analysis exclusion plus display overlay; never outer-tissue crop or normalization
Water,2026-07-10_NPY-M_Water,False,1.737629179331307,36,2061.839,1772.365,0.5919490354160668,0.48592788171394086,0.5919490354160668,0.48592788171394086,accepted DAPI-only ARC/ME/VMN anatomy HIL bbox,3V analysis exclusion plus display overlay; never outer-tissue crop or normalization
Water,2026-07-10_NPY-M_Water,False,1.737629179331307,37,2232.419,1769.02,0.6410650734235531,0.4849185274592637,0.6410650734235531,0.4849185274592637,accepted DAPI-only ARC/ME/VMN anatomy HIL bbox,3V analysis exclusion plus display overlay; never outer-tissue crop or normalization
Water,2026-07-10_NPY-M_Water,False,1.737629179331307,38,2499.995,1745.607,0.7181097034264324,0.4778536511768256,0.7181097034264324,0.4778536511768256,accepted DAPI-only ARC/ME/VMN anatomy HIL bbox,3V analysis exclusion plus display overlay; never outer-tissue crop or normalization
Water,2026-07-10_NPY-M_Water,False,1.737629179331307,39,2566.89,1732.229,0.7373711488626548,0.47381683765841887,0.7373711488626548,0.47381683765841887,accepted DAPI-only ARC/ME/VMN anatomy HIL bbox,3V analysis exclusion plus display overlay; never outer-tissue crop or normalization
Water,2026-07-10_NPY-M_Water,False,1.737629179331307,40,2797.674,1722.194,0.8038220558594875,0.4707887748943874,0.8038220558594875,0.4707887748943874,accepted DAPI-only ARC/ME/VMN anatomy HIL bbox,3V analysis exclusion plus display overlay; never outer-tissue crop or normalization
Water,2026-07-10_NPY-M_Water,False,1.737629179331307,41,2995.012,1722.194,0.8606426720414627,0.4707887748943874,0.8606426720414627,0.4707887748943874,accepted DAPI-only ARC/ME/VMN anatomy HIL bbox,3V analysis exclusion plus display overlay; never outer-tissue crop or normalization
Water,2026-07-10_NPY-M_Water,False,1.737629179331307,42,3152.213,1718.85,0.9059064209617046,0.46977972238986115,0.9059064209617046,0.46977972238986115,accepted DAPI-only ARC/ME/VMN anatomy HIL bbox,3V analysis exclusion plus display overlay; never outer-tissue crop or normalization
Water,2026-07-10_NPY-M_Water,False,1.737629179331307,43,3269.277,1675.368,0.939613302620213,0.45665902232951117,0.939613302620213,0.45665902232951117,accepted DAPI-only ARC/ME/VMN anatomy HIL bbox,3V analysis exclusion plus display overlay; never outer-tissue crop or normalization
Water,2026-07-10_NPY-M_Water,False,1.737629179331307,44,3399.721,1658.645,0.9771727613014685,0.45161285455642725,0.9771727613014685,0.45161285455642725,accepted DAPI-only ARC/ME/VMN anatomy HIL bbox,3V analysis exclusion plus display overlay; never outer-tissue crop or normalization
Water,2026-07-10_NPY-M_Water,False,1.737629179331307,45,3463.27,1651.956,0.9954707745465016,0.44959444779722385,0.9954707745465016,0.44959444779722385,accepted DAPI-only ARC/ME/VMN anatomy HIL bbox,3V analysis exclusion plus display overlay; never outer-tissue crop or normalization
Water,2026-07-10_NPY-M_Water,False,1.737629179331307,46,3459.925,1564.993,0.9945076302908149,0.4233533494266747,0.9945076302908149,0.4233533494266747,accepted DAPI-only ARC/ME/VMN anatomy HIL bbox,3V analysis exclusion plus display overlay; never outer-tissue crop or normalization
Water,2026-07-10_NPY-M_Water,False,1.737629179331307,47,3349.55,1558.304,0.9627267492081775,0.42133494266747135,0.9627267492081775,0.42133494266747135,accepted DAPI-only ARC/ME/VMN anatomy HIL bbox,3V analysis exclusion plus display overlay; never outer-tissue crop or normalization
Water,2026-07-10_NPY-M_Water,False,1.737629179331307,48,3135.489,1561.649,0.9010909876187734,0.4223442969221484,0.9010909876187734,0.4223442969221484,accepted DAPI-only ARC/ME/VMN anatomy HIL bbox,3V analysis exclusion plus display overlay; never outer-tissue crop or normalization
Water,2026-07-10_NPY-M_Water,False,1.737629179331307,49,2911.394,1581.717,0.8365660811978116,0.4283998189499095,0.8365660811978116,0.4283998189499095,accepted DAPI-only ARC/ME/VMN anatomy HIL bbox,3V analysis exclusion plus display overlay; never outer-tissue crop or normalization
Water,2026-07-10_NPY-M_Water,False,1.737629179331307,50,2714.056,1571.683,0.7797454650158364,0.42537205793602895,0.7797454650158364,0.42537205793602895,accepted DAPI-only ARC/ME/VMN anatomy HIL bbox,3V analysis exclusion plus display overlay; never outer-tissue crop or normalization
Water,2026-07-10_NPY-M_Water,False,1.737629179331307,51,2563.545,1571.683,0.7364080046069681,0.42537205793602895,0.7364080046069681,0.42537205793602895,accepted DAPI-only ARC/ME/VMN anatomy HIL bbox,3V analysis exclusion plus display overlay; never outer-tissue crop or normalization
Water,2026-07-10_NPY-M_Water,False,1.737629179331307,52,2326.071,1588.406,0.6680308090987619,0.4304182257091128,0.6680308090987619,0.4304182257091128,accepted DAPI-only ARC/ME/VMN anatomy HIL bbox,3V analysis exclusion plus display overlay; never outer-tissue crop or normalization
Water,2026-07-10_NPY-M_Water,False,1.737629179331307,53,2125.389,1605.13,0.6102473365966024,0.43546469523234765,0.6102473365966024,0.43546469523234765,accepted DAPI-only ARC/ME/VMN anatomy HIL bbox,3V analysis exclusion plus display overlay; never outer-tissue crop or normalization
Water,2026-07-10_NPY-M_Water,False,1.737629179331307,54,1867.846,1645.266,0.5360915634897783,0.44757573928786965,0.5360915634897783,0.44757573928786965,accepted DAPI-only ARC/ME/VMN anatomy HIL bbox,3V analysis exclusion plus display overlay; never outer-tissue crop or normalization
Water,2026-07-10_NPY-M_Water,False,1.737629179331307,55,1657.13,1678.713,0.47541894615606106,0.4576683765841883,0.47541894615606106,0.4576683765841883,accepted DAPI-only ARC/ME/VMN anatomy HIL bbox,3V analysis exclusion plus display overlay; never outer-tissue crop or normalization
Water,2026-07-10_NPY-M_Water,False,1.737629179331307,56,1489.895,1705.471,0.42726605240426146,0.46574260712130355,0.42726605240426146,0.46574260712130355,accepted DAPI-only ARC/ME/VMN anatomy HIL bbox,3V analysis exclusion plus display overlay; never outer-tissue crop or normalization
Water,2026-07-10_NPY-M_Water,False,1.737629179331307,57,1322.66,1728.884,0.37911315865246187,0.4728074834037417,0.37911315865246187,0.4728074834037417,accepted DAPI-only ARC/ME/VMN anatomy HIL bbox,3V analysis exclusion plus display overlay; never outer-tissue crop or normalization
Water,2026-07-10_NPY-M_Water,False,1.737629179331307,58,1165.459,1722.194,0.33384940973222,0.4707887748943874,0.33384940973222,0.4707887748943874,accepted DAPI-only ARC/ME/VMN anatomy HIL bbox,3V analysis exclusion plus display overlay; never outer-tissue crop or normalization
Water,2026-07-10_NPY-M_Water,False,1.737629179331307,59,1071.807,1722.194,0.3068836740570112,0.4707887748943874,0.3068836740570112,0.4707887748943874,accepted DAPI-only ARC/ME/VMN anatomy HIL bbox,3V analysis exclusion plus display overlay; never outer-tissue crop or normalization
Water,2026-07-10_NPY-M_Water,False,1.737629179331307,60,978.155,1698.781,0.27991793838180246,0.4637238986119493,0.27991793838180246,0.4637238986119493,accepted DAPI-only ARC/ME/VMN anatomy HIL bbox,3V analysis exclusion plus display overlay; never outer-tissue crop or normalization
Water,2026-07-10_NPY-M_Water,False,1.737629179331307,61,884.504,1668.679,0.2529524906420962,0.4546406155703078,0.2529524906420962,0.4546406155703078,accepted DAPI-only ARC/ME/VMN anatomy HIL bbox,3V analysis exclusion plus display overlay; never outer-tissue crop or normalization
Water,2026-07-10_NPY-M_Water,False,1.737629179331307,62,814.265,1595.096,0.2327281888856896,0.43243693421846713,0.2327281888856896,0.43243693421846713,accepted DAPI-only ARC/ME/VMN anatomy HIL bbox,3V analysis exclusion plus display overlay; never outer-tissue crop or normalization
Water,2026-07-10_NPY-M_Water,False,1.737629179331307,63,730.647,1534.891,0.2086515980420386,0.4142700663850332,0.2086515980420386,0.4142700663850332,accepted DAPI-only ARC/ME/VMN anatomy HIL bbox,3V analysis exclusion plus display overlay; never outer-tissue crop or normalization
Sucrose,2026-07-09_FR5-3_Sucrose,False,1.5154505362333366,1,835.436,1479.567,0.21666247379454928,0.4144566304028227,0.21666247379454928,0.4144566304028227,accepted DAPI-only ARC/ME/VMN anatomy HIL bbox,3V analysis exclusion plus display overlay; never outer-tissue crop or normalization
Sucrose,2026-07-09_FR5-3_Sucrose,False,1.5154505362333366,2,835.436,1533.509,0.21666247379454928,0.4303172596295207,0.21666247379454928,0.4303172596295207,accepted DAPI-only ARC/ME/VMN anatomy HIL bbox,3V analysis exclusion plus display overlay; never outer-tissue crop or normalization
Sucrose,2026-07-09_FR5-3_Sucrose,False,1.5154505362333366,3,877.831,1610.57,0.22935938903863431,0.4529755954131138,0.22935938903863431,0.4529755954131138,accepted DAPI-only ARC/ME/VMN anatomy HIL bbox,3V analysis exclusion plus display overlay; never outer-tissue crop or normalization
Sucrose,2026-07-09_FR5-3_Sucrose,False,1.5154505362333366,4,920.226,1672.219,0.24205630428271938,0.4711023228462217,0.24205630428271938,0.4711023228462217,accepted DAPI-only ARC/ME/VMN anatomy HIL bbox,3V analysis exclusion plus display overlay; never outer-tissue crop or normalization
Sucrose,2026-07-09_FR5-3_Sucrose,False,1.5154505362333366,5,947.204,1780.104,0.25013596885295,0.5028238753307851,0.25013596885295,0.5028238753307851,accepted DAPI-only ARC/ME/VMN anatomy HIL bbox,3V analysis exclusion plus display overlay; never outer-tissue crop or normalization
Sucrose,2026-07-09_FR5-3_Sucrose,False,1.5154505362333366,6,962.621,1903.401,0.2547532195268044,0.5390770361658336,0.2547532195268044,0.5390770361658336,accepted DAPI-only ARC/ME/VMN anatomy HIL bbox,3V analysis exclusion plus display overlay; never outer-tissue crop or normalization
Sucrose,2026-07-09_FR5-3_Sucrose,False,1.5154505362333366,7,954.912,1992.021,0.25244444444444447,0.5651340782122904,0.25244444444444447,0.5651340782122904,accepted DAPI-only ARC/ME/VMN anatomy HIL bbox,3V analysis exclusion plus display overlay; never outer-tissue crop or normalization
Sucrose,2026-07-09_FR5-3_Sucrose,False,1.5154505362333366,8,885.539,2111.465,0.23166786463012878,0.6002543369597177,0.23166786463012878,0.6002543369597177,accepted DAPI-only ARC/ME/VMN anatomy HIL bbox,3V analysis exclusion plus display overlay; never outer-tissue crop or normalization
Sucrose,2026-07-09_FR5-3_Sucrose,False,1.5154505362333366,9,858.56,2165.408,0.22358790056903263,0.616115260217583,0.22358790056903263,0.616115260217583,accepted DAPI-only ARC/ME/VMN anatomy HIL bbox,3V analysis exclusion plus display overlay; never outer-tissue crop or normalization
Sucrose,2026-07-09_FR5-3_Sucrose,False,1.5154505362333366,10,846.998,2223.203,0.22012518718179097,0.6331087915319024,0.22012518718179097,0.6331087915319024,accepted DAPI-only ARC/ME/VMN anatomy HIL bbox,3V analysis exclusion plus display overlay; never outer-tissue crop or normalization
Sucrose,2026-07-09_FR5-3_Sucrose,False,1.5154505362333366,11,924.08,2227.056,0.24321054207846662,0.6342416936195236,0.24321054207846662,0.6342416936195236,accepted DAPI-only ARC/ME/VMN anatomy HIL bbox,3V analysis exclusion plus display overlay; never outer-tissue crop or normalization
Sucrose,2026-07-09_FR5-3_Sucrose,False,1.5154505362333366,12,962.621,2176.967,0.2547532195268044,0.619513966480447,0.2547532195268044,0.619513966480447,accepted DAPI-only ARC/ME/VMN anatomy HIL bbox,3V analysis exclusion plus display overlay; never outer-tissue crop or normalization
Sucrose,2026-07-09_FR5-3_Sucrose,False,1.5154505362333366,13,1020.432,2084.494,0.2720670859538784,0.5923240223463687,0.2720670859538784,0.5923240223463687,accepted DAPI-only ARC/ME/VMN anatomy HIL bbox,3V analysis exclusion plus display overlay; never outer-tissue crop or normalization
Sucrose,2026-07-09_FR5-3_Sucrose,False,1.5154505362333366,14,1093.66,1980.462,0.29399820305480684,0.5617353719494267,0.29399820305480684,0.5617353719494267,accepted DAPI-only ARC/ME/VMN anatomy HIL bbox,3V analysis exclusion plus display overlay; never outer-tissue crop or normalization
Sucrose,2026-07-09_FR5-3_Sucrose,False,1.5154505362333366,15,1151.471,1922.666,0.3113120694818808,0.54474154660394,0.3113120694818808,0.54474154660394,accepted DAPI-only ARC/ME/VMN anatomy HIL bbox,3V analysis exclusion plus display overlay; never outer-tissue crop or normalization
Sucrose,2026-07-09_FR5-3_Sucrose,False,1.5154505362333366,16,1263.239,1887.989,0.34478556454028153,0.5345454278153484,0.34478556454028153,0.5345454278153484,accepted DAPI-only ARC/ME/VMN anatomy HIL bbox,3V analysis exclusion plus display overlay; never outer-tissue crop or normalization
Sucrose,2026-07-09_FR5-3_Sucrose,False,1.5154505362333366,17,1390.424,1861.018,0.38287631027253666,0.5266151132019994,0.38287631027253666,0.5266151132019994,accepted DAPI-only ARC/ME/VMN anatomy HIL bbox,3V analysis exclusion plus display overlay; never outer-tissue crop or normalization
Sucrose,2026-07-09_FR5-3_Sucrose,False,1.5154505362333366,18,1540.733,1857.165,0.4278924827792752,0.5254822111143781,0.4278924827792752,0.5254822111143781,accepted DAPI-only ARC/ME/VMN anatomy HIL bbox,3V analysis exclusion plus display overlay; never outer-tissue crop or normalization
Sucrose,2026-07-09_FR5-3_Sucrose,False,1.5154505362333366,19,1698.751,1810.928,0.47521743036837377,0.5118870920317554,0.47521743036837377,0.5118870920317554,accepted DAPI-only ARC/ME/VMN anatomy HIL bbox,3V analysis exclusion plus display overlay; never outer-tissue crop or normalization
Sucrose,2026-07-09_FR5-3_Sucrose,False,1.5154505362333366,20,1833.644,1791.663,0.5156166516921233,0.506222581593649,0.5156166516921233,0.506222581593649,accepted DAPI-only ARC/ME/VMN anatomy HIL bbox,3V analysis exclusion plus display overlay; never outer-tissue crop or normalization
Sucrose,2026-07-09_FR5-3_Sucrose,False,1.5154505362333366,21,1987.807,1772.398,0.5617870619946091,0.5005580711555425,0.5617870619946091,0.5005580711555425,accepted DAPI-only ARC/ME/VMN anatomy HIL bbox,3V analysis exclusion plus display overlay; never outer-tissue crop or normalization
Sucrose,2026-07-09_FR5-3_Sucrose,False,1.5154505362333366,22,2099.576,1780.104,0.5952608565438754,0.5028238753307851,0.5952608565438754,0.5028238753307851,accepted DAPI-only ARC/ME/VMN anatomy HIL bbox,3V analysis exclusion plus display overlay; never outer-tissue crop or normalization
Sucrose,2026-07-09_FR5-3_Sucrose,False,1.5154505362333366,23,2357.799,1760.839,0.6725962863132674,0.4971593648926786,0.6725962863132674,0.4971593648926786,accepted DAPI-only ARC/ME/VMN anatomy HIL bbox,3V analysis exclusion plus display overlay; never outer-tissue crop or normalization
Sucrose,2026-07-09_FR5-3_Sucrose,False,1.5154505362333366,24,2500.401,1745.426,0.715304282719377,0.4926274625110261,0.715304282719377,0.4926274625110261,accepted DAPI-only ARC/ME/VMN anatomy HIL bbox,3V analysis exclusion plus display overlay; never outer-tissue crop or normalization
Sucrose,2026-07-09_FR5-3_Sucrose,False,1.5154505362333366,25,2639.148,1745.426,0.756857741838874,0.4926274625110261,0.756857741838874,0.4926274625110261,accepted DAPI-only ARC/ME/VMN anatomy HIL bbox,3V analysis exclusion plus display overlay; never outer-tissue crop or normalization
Sucrose,2026-07-09_FR5-3_Sucrose,False,1.5154505362333366,26,2777.895,1741.574,0.7984112009583708,0.4914948544545722,0.7984112009583708,0.4914948544545722,accepted DAPI-only ARC/ME/VMN anatomy HIL bbox,3V analysis exclusion plus display overlay; never outer-tissue crop or normalization
Sucrose,2026-07-09_FR5-3_Sucrose,False,1.5154505362333366,27,2878.101,1749.28,0.8284219826295298,0.4937606586298148,0.8284219826295298,0.4937606586298148,accepted DAPI-only ARC/ME/VMN anatomy HIL bbox,3V analysis exclusion plus display overlay; never outer-tissue crop or normalization
Sucrose,2026-07-09_FR5-3_Sucrose,False,1.5154505362333366,28,3066.951,1722.308,0.8849808325846061,0.48583004998529844,0.8849808325846061,0.48583004998529844,accepted DAPI-only ARC/ME/VMN anatomy HIL bbox,3V analysis exclusion plus display overlay; never outer-tissue crop or normalization
Sucrose,2026-07-09_FR5-3_Sucrose,False,1.5154505362333366,29,3224.969,1722.308,0.9323057801737047,0.48583004998529844,0.9323057801737047,0.48583004998529844,accepted DAPI-only ARC/ME/VMN anatomy HIL bbox,3V analysis exclusion plus display overlay; never outer-tissue crop or normalization
Sucrose,2026-07-09_FR5-3_Sucrose,False,1.5154505362333366,30,3348.299,1722.308,0.9692419886193471,0.48583004998529844,0.9692419886193471,0.48583004998529844,accepted DAPI-only ARC/ME/VMN anatomy HIL bbox,3V analysis exclusion plus display overlay; never outer-tissue crop or normalization
Sucrose,2026-07-09_FR5-3_Sucrose,False,1.5154505362333366,31,3448.506,1718.455,0.9992530697813716,0.48469714789767715,0.9992530697813716,0.48469714789767715,accepted DAPI-only ARC/ME/VMN anatomy HIL bbox,3V analysis exclusion plus display overlay; never outer-tissue crop or normalization
Sucrose,2026-07-09_FR5-3_Sucrose,False,1.5154505362333366,32,3479.338,1683.778,1.0084869721473495,0.4745010291090856,1.0,0.4745010291090856,accepted DAPI-only ARC/ME/VMN anatomy HIL bbox,3V analysis exclusion plus display overlay; never outer-tissue crop or normalization
Sucrose,2026-07-09_FR5-3_Sucrose,False,1.5154505362333366,33,3375.278,1664.513,0.9773219526804432,0.4688365186709791,0.9773219526804432,0.4688365186709791,accepted DAPI-only ARC/ME/VMN anatomy HIL bbox,3V analysis exclusion plus display overlay; never outer-tissue crop or normalization
Sucrose,2026-07-09_FR5-3_Sucrose,False,1.5154505362333366,34,3236.531,1676.072,0.9357684935609464,0.47223522493384296,0.9357684935609464,0.47223522493384296,accepted DAPI-only ARC/ME/VMN anatomy HIL bbox,3V analysis exclusion plus display overlay; never outer-tissue crop or normalization
Sucrose,2026-07-09_FR5-3_Sucrose,False,1.5154505362333366,35,3120.908,1691.484,0.9011404612159328,0.4767668332843281,0.9011404612159328,0.4767668332843281,accepted DAPI-only ARC/ME/VMN anatomy HIL bbox,3V analysis exclusion plus display overlay; never outer-tissue crop or normalization
Sucrose,2026-07-09_FR5-3_Sucrose,False,1.5154505362333366,36,2993.724,1695.337,0.8630500149745434,0.4778997353719494,0.8630500149745434,0.4778997353719494,accepted DAPI-only ARC/ME/VMN anatomy HIL bbox,3V analysis exclusion plus display overlay; never outer-tissue crop or normalization
Sucrose,2026-07-09_FR5-3_Sucrose,False,1.5154505362333366,37,2885.809,1695.337,0.8307304582210243,0.4778997353719494,0.8307304582210243,0.4778997353719494,accepted DAPI-only ARC/ME/VMN anatomy HIL bbox,3V analysis exclusion plus display overlay; never outer-tissue crop or normalization
Sucrose,2026-07-09_FR5-3_Sucrose,False,1.5154505362333366,38,2820.29,1695.337,0.8111081162024558,0.4778997353719494,0.8111081162024558,0.4778997353719494,accepted DAPI-only ARC/ME/VMN anatomy HIL bbox,3V analysis exclusion plus display overlay; never outer-tissue crop or normalization
Sucrose,2026-07-09_FR5-3_Sucrose,False,1.5154505362333366,39,2662.272,1695.337,0.7637831686133573,0.4778997353719494,0.7637831686133573,0.4778997353719494,accepted DAPI-only ARC/ME/VMN anatomy HIL bbox,3V analysis exclusion plus display overlay; never outer-tissue crop or normalization
Sucrose,2026-07-09_FR5-3_Sucrose,False,1.5154505362333366,40,2542.795,1699.19,0.7280008984725966,0.47903263745957075,0.7280008984725966,0.47903263745957075,accepted DAPI-only ARC/ME/VMN anatomy HIL bbox,3V analysis exclusion plus display overlay; never outer-tissue crop or normalization
Sucrose,2026-07-09_FR5-3_Sucrose,False,1.5154505362333366,41,2415.611,1699.19,0.689910452231207,0.47903263745957075,0.689910452231207,0.47903263745957075,accepted DAPI-only ARC/ME/VMN anatomy HIL bbox,3V analysis exclusion plus display overlay; never outer-tissue crop or normalization
Sucrose,2026-07-09_FR5-3_Sucrose,False,1.5154505362333366,42,2249.885,1706.896,0.640277029050614,0.4812984416348133,0.640277029050614,0.4812984416348133,accepted DAPI-only ARC/ME/VMN anatomy HIL bbox,3V analysis exclusion plus display overlay; never outer-tissue crop or normalization
Sucrose,2026-07-09_FR5-3_Sucrose,False,1.5154505362333366,43,2099.576,1706.896,0.5952608565438754,0.4812984416348133,0.5952608565438754,0.4812984416348133,accepted DAPI-only ARC/ME/VMN anatomy HIL bbox,3V analysis exclusion plus display overlay; never outer-tissue crop or normalization
Sucrose,2026-07-09_FR5-3_Sucrose,False,1.5154505362333366,44,1887.601,1741.574,0.5317762803234501,0.4914948544545722,0.5317762803234501,0.4914948544545722,accepted DAPI-only ARC/ME/VMN anatomy HIL bbox,3V analysis exclusion plus display overlay; never outer-tissue crop or normalization
Sucrose,2026-07-09_FR5-3_Sucrose,False,1.5154505362333366,45,1733.438,1745.426,0.4856058700209644,0.4926274625110261,0.4856058700209644,0.4926274625110261,accepted DAPI-only ARC/ME/VMN anatomy HIL bbox,3V analysis exclusion plus display overlay; never outer-tissue crop or normalization
Sucrose,2026-07-09_FR5-3_Sucrose,False,1.5154505362333366,46,1598.545,1741.574,0.44520664869721477,0.4914948544545722,0.44520664869721477,0.4914948544545722,accepted DAPI-only ARC/ME/VMN anatomy HIL bbox,3V analysis exclusion plus display overlay; never outer-tissue crop or normalization
Sucrose,2026-07-09_FR5-3_Sucrose,False,1.5154505362333366,47,1502.193,1730.014,0.41635010482180296,0.48809585416054097,0.41635010482180296,0.48809585416054097,accepted DAPI-only ARC/ME/VMN anatomy HIL bbox,3V analysis exclusion plus display overlay; never outer-tissue crop or normalization
Sucrose,2026-07-09_FR5-3_Sucrose,False,1.5154505362333366,48,1375.008,1695.337,0.3782593590895478,0.4778997353719494,0.3782593590895478,0.4778997353719494,accepted DAPI-only ARC/ME/VMN anatomy HIL bbox,3V analysis exclusion plus display overlay; never outer-tissue crop or normalization
Sucrose,2026-07-09_FR5-3_Sucrose,False,1.5154505362333366,49,1267.093,1656.807,0.3459398023360288,0.46657071449573656,0.3459398023360288,0.46657071449573656,accepted DAPI-only ARC/ME/VMN anatomy HIL bbox,3V analysis exclusion plus display overlay; never outer-tissue crop or normalization
Sucrose,2026-07-09_FR5-3_Sucrose,False,1.5154505362333366,50,1178.449,1606.717,0.3193917340521114,0.45184269332549254,0.3193917340521114,0.45184269332549254,accepted DAPI-only ARC/ME/VMN anatomy HIL bbox,3V analysis exclusion plus display overlay; never outer-tissue crop or normalization
Sucrose,2026-07-09_FR5-3_Sucrose,False,1.5154505362333366,51,1028.14,1545.069,0.2743755615453729,0.4337162599235519,0.2743755615453729,0.4337162599235519,accepted DAPI-only ARC/ME/VMN anatomy HIL bbox,3V analysis exclusion plus display overlay; never outer-tissue crop or normalization
Sucrose,2026-07-09_FR5-3_Sucrose,False,1.5154505362333366,52,939.496,1506.538,0.24782749326145553,0.42238694501617174,0.24782749326145553,0.42238694501617174,accepted DAPI-only ARC/ME/VMN anatomy HIL bbox,3V analysis exclusion plus display overlay; never outer-tissue crop or normalization
Sucrose,2026-07-09_FR5-4_Sucrose,False,1.4545210163150526,1,847.048,1409.586,0.23481175443700902,0.3991197429906542,0.23481175443700902,0.3991197429906542,accepted DAPI-only ARC/ME/VMN anatomy HIL bbox,3V analysis exclusion plus display overlay; never outer-tissue crop or normalization
Sucrose,2026-07-09_FR5-4_Sucrose,False,1.4545210163150526,2,816.158,1467.514,0.22582426534768693,0.4160379672897196,0.22582426534768693,0.4160379672897196,accepted DAPI-only ARC/ME/VMN anatomy HIL bbox,3V analysis exclusion plus display overlay; never outer-tissue crop or normalization
Sucrose,2026-07-09_FR5-4_Sucrose,False,1.4545210163150526,3,889.522,1556.337,0.24716962467267967,0.4419792640186916,0.24716962467267967,0.4419792640186916,accepted DAPI-only ARC/ME/VMN anatomy HIL bbox,3V analysis exclusion plus display overlay; never outer-tissue crop or normalization
Sucrose,2026-07-09_FR5-4_Sucrose,False,1.4545210163150526,4,920.412,1610.403,0.25615711376200173,0.45776956775700933,0.25615711376200173,0.45776956775700933,accepted DAPI-only ARC/ME/VMN anatomy HIL bbox,3V analysis exclusion plus display overlay; never outer-tissue crop or normalization
Sucrose,2026-07-09_FR5-4_Sucrose,False,1.4545210163150526,5,974.47,1691.503,0.27188536514402095,0.48145531542056075,0.27188536514402095,0.48145531542056075,accepted DAPI-only ARC/ME/VMN anatomy HIL bbox,3V analysis exclusion plus display overlay; never outer-tissue crop or normalization
Sucrose,2026-07-09_FR5-4_Sucrose,False,1.4545210163150526,6,986.053,1772.602,0.2752554553389584,0.5051407710280374,0.2752554553389584,0.5051407710280374,accepted DAPI-only ARC/ME/VMN anatomy HIL bbox,3V analysis exclusion plus display overlay; never outer-tissue crop or normalization
Sucrose,2026-07-09_FR5-4_Sucrose,False,1.4545210163150526,7,1028.527,1845.978,0.28761332557462904,0.5265706775700935,0.28761332557462904,0.5265706775700935,accepted DAPI-only ARC/ME/VMN anatomy HIL bbox,3V analysis exclusion plus display overlay; never outer-tissue crop or normalization
Sucrose,2026-07-09_FR5-4_Sucrose,False,1.4545210163150526,8,993.776,1954.111,0.27750247308699444,0.5581515771028037,0.27750247308699444,0.5581515771028037,accepted DAPI-only ARC/ME/VMN anatomy HIL bbox,3V analysis exclusion plus display overlay; never outer-tissue crop or normalization
Sucrose,2026-07-09_FR5-4_Sucrose,False,1.4545210163150526,9,951.302,2039.072,0.26514460285132385,0.582964953271028,0.26514460285132385,0.582964953271028,accepted DAPI-only ARC/ME/VMN anatomy HIL bbox,3V analysis exclusion plus display overlay; never outer-tissue crop or normalization
Sucrose,2026-07-09_FR5-4_Sucrose,False,1.4545210163150526,10,901.106,2127.895,0.25054000581902824,0.60890625,0.25054000581902824,0.60890625,accepted DAPI-only ARC/ME/VMN anatomy HIL bbox,3V analysis exclusion plus display overlay; never outer-tissue crop or normalization
Sucrose,2026-07-09_FR5-4_Sucrose,False,1.4545210163150526,11,885.661,2208.995,0.24604626127436716,0.6325919976635513,0.24604626127436716,0.6325919976635513,accepted DAPI-only ARC/ME/VMN anatomy HIL bbox,3V analysis exclusion plus display overlay; never outer-tissue crop or normalization
Sucrose,2026-07-09_FR5-4_Sucrose,False,1.4545210163150526,12,920.412,2259.199,0.25615711376200173,0.6472543808411215,0.25615711376200173,0.6472543808411215,accepted DAPI-only ARC/ME/VMN anatomy HIL bbox,3V analysis exclusion plus display overlay; never outer-tissue crop or normalization
Sucrose,2026-07-09_FR5-4_Sucrose,False,1.4545210163150526,13,1016.944,2228.304,0.2842432353796916,0.638231308411215,0.2842432353796916,0.638231308411215,accepted DAPI-only ARC/ME/VMN anatomy HIL bbox,3V analysis exclusion plus display overlay; never outer-tissue crop or normalization
Sucrose,2026-07-09_FR5-4_Sucrose,False,1.4545210163150526,14,1063.279,2185.823,0.2977244690136747,0.6258244742990654,0.2977244690136747,0.6258244742990654,accepted DAPI-only ARC/ME/VMN anatomy HIL bbox,3V analysis exclusion plus display overlay; never outer-tissue crop or normalization
Sucrose,2026-07-09_FR5-4_Sucrose,False,1.4545210163150526,15,1125.059,2143.343,0.31569944719231885,0.6134179322429906,0.31569944719231885,0.6134179322429906,accepted DAPI-only ARC/ME/VMN anatomy HIL bbox,3V analysis exclusion plus display overlay; never outer-tissue crop or normalization
Sucrose,2026-07-09_FR5-4_Sucrose,False,1.4545210163150526,16,1186.839,2108.586,0.33367442537096303,0.6032669392523364,0.33367442537096303,0.6032669392523364,accepted DAPI-only ARC/ME/VMN anatomy HIL bbox,3V analysis exclusion plus display overlay; never outer-tissue crop or normalization
Sucrose,2026-07-09_FR5-4_Sucrose,False,1.4545210163150526,17,1294.955,2069.967,0.3651309281350014,0.5919880257009346,0.3651309281350014,0.5919880257009346,accepted DAPI-only ARC/ME/VMN anatomy HIL bbox,3V analysis exclusion plus display overlay; never outer-tissue crop or normalization
Sucrose,2026-07-09_FR5-4_Sucrose,False,1.4545210163150526,18,1372.18,2019.762,0.38759965085830667,0.5773253504672897,0.38759965085830667,0.5773253504672897,accepted DAPI-only ARC/ME/VMN anatomy HIL bbox,3V analysis exclusion plus display overlay; never outer-tissue crop or normalization
Sucrose,2026-07-09_FR5-4_Sucrose,False,1.4545210163150526,19,1433.96,1992.729,0.40557462903695085,0.5694301985981308,0.40557462903695085,0.5694301985981308,accepted DAPI-only ARC/ME/VMN anatomy HIL bbox,3V analysis exclusion plus display overlay; never outer-tissue crop or normalization
Sucrose,2026-07-09_FR5-4_Sucrose,False,1.4545210163150526,20,1491.879,1988.868,0.4224262438172825,0.568302570093458,0.4224262438172825,0.568302570093458,accepted DAPI-only ARC/ME/VMN anatomy HIL bbox,3V analysis exclusion plus display overlay; never outer-tissue crop or normalization
Sucrose,2026-07-09_FR5-4_Sucrose,False,1.4545210163150526,21,1642.468,1988.868,0.46624032586558045,0.568302570093458,0.46624032586558045,0.568302570093458,accepted DAPI-only ARC/ME/VMN anatomy HIL bbox,3V analysis exclusion plus display overlay; never outer-tissue crop or normalization
Sucrose,2026-07-09_FR5-4_Sucrose,False,1.4545210163150526,22,1711.971,1981.144,0.4864623217922607,0.5660467289719626,0.4864623217922607,0.5660467289719626,accepted DAPI-only ARC/ME/VMN anatomy HIL bbox,3V analysis exclusion plus display overlay; never outer-tissue crop or normalization
Sucrose,2026-07-09_FR5-4_Sucrose,False,1.4545210163150526,23,1773.751,1973.42,0.5044372999709048,0.5637908878504673,0.5044372999709048,0.5637908878504673,accepted DAPI-only ARC/ME/VMN anatomy HIL bbox,3V analysis exclusion plus display overlay; never outer-tissue crop or normalization
Sucrose,2026-07-09_FR5-4_Sucrose,False,1.4545210163150526,24,1893.451,1973.42,0.5392641838812918,0.5637908878504673,0.5392641838812918,0.5637908878504673,accepted DAPI-only ARC/ME/VMN anatomy HIL bbox,3V analysis exclusion plus display overlay; never outer-tissue crop or normalization
Sucrose,2026-07-09_FR5-4_Sucrose,False,1.4545210163150526,25,2005.427,1988.868,0.5718437590922316,0.568302570093458,0.5718437590922316,0.568302570093458,accepted DAPI-only ARC/ME/VMN anatomy HIL bbox,3V analysis exclusion plus display overlay; never outer-tissue crop or normalization
Sucrose,2026-07-09_FR5-4_Sucrose,False,1.4545210163150526,26,2098.098,2004.315,0.5988065173116089,0.5728139602803739,0.5988065173116089,0.5728139602803739,accepted DAPI-only ARC/ME/VMN anatomy HIL bbox,3V analysis exclusion plus display overlay; never outer-tissue crop or normalization
Sucrose,2026-07-09_FR5-4_Sucrose,False,1.4545210163150526,27,2252.548,2008.177,0.6437439627582193,0.5739418808411215,0.6437439627582193,0.5739418808411215,accepted DAPI-only ARC/ME/VMN anatomy HIL bbox,3V analysis exclusion plus display overlay; never outer-tissue crop or normalization
Sucrose,2026-07-09_FR5-4_Sucrose,False,1.4545210163150526,28,2414.721,2008.177,0.6909284259528659,0.5739418808411215,0.6909284259528659,0.5739418808411215,accepted DAPI-only ARC/ME/VMN anatomy HIL bbox,3V analysis exclusion plus display overlay; never outer-tissue crop or normalization
Sucrose,2026-07-09_FR5-4_Sucrose,False,1.4545210163150526,29,2611.646,1992.729,0.7482240325865581,0.5694301985981308,0.7482240325865581,0.5694301985981308,accepted DAPI-only ARC/ME/VMN anatomy HIL bbox,3V analysis exclusion plus display overlay; never outer-tissue crop or normalization
Sucrose,2026-07-09_FR5-4_Sucrose,False,1.4545210163150526,30,2758.374,1981.144,0.7909147512365434,0.5660467289719626,0.7909147512365434,0.5660467289719626,accepted DAPI-only ARC/ME/VMN anatomy HIL bbox,3V analysis exclusion plus display overlay; never outer-tissue crop or normalization
Sucrose,2026-07-09_FR5-4_Sucrose,False,1.4545210163150526,31,2881.934,1988.868,0.8268647075938319,0.568302570093458,0.8268647075938319,0.568302570093458,accepted DAPI-only ARC/ME/VMN anatomy HIL bbox,3V analysis exclusion plus display overlay; never outer-tissue crop or normalization
Sucrose,2026-07-09_FR5-4_Sucrose,False,1.4545210163150526,32,2997.772,1985.006,0.8605679371544952,0.5671746495327104,0.8605679371544952,0.5671746495327104,accepted DAPI-only ARC/ME/VMN anatomy HIL bbox,3V analysis exclusion plus display overlay; never outer-tissue crop or normalization
Sucrose,2026-07-09_FR5-4_Sucrose,False,1.4545210163150526,33,3198.558,2004.315,0.9189869071864999,0.5728139602803739,0.9189869071864999,0.5728139602803739,accepted DAPI-only ARC/ME/VMN anatomy HIL bbox,3V analysis exclusion plus display overlay; never outer-tissue crop or normalization
Sucrose,2026-07-09_FR5-4_Sucrose,False,1.4545210163150526,34,3322.119,1988.868,0.9549371544951993,0.568302570093458,0.9549371544951993,0.568302570093458,accepted DAPI-only ARC/ME/VMN anatomy HIL bbox,3V analysis exclusion plus display overlay; never outer-tissue crop or normalization
Sucrose,2026-07-09_FR5-4_Sucrose,False,1.4545210163150526,35,3410.928,1981.144,0.980776258364853,0.5660467289719626,0.980776258364853,0.5660467289719626,accepted DAPI-only ARC/ME/VMN anatomy HIL bbox,3V analysis exclusion plus display overlay; never outer-tissue crop or normalization
Sucrose,2026-07-09_FR5-4_Sucrose,False,1.4545210163150526,36,3464.985,1973.42,0.9965042187954612,0.5637908878504673,0.9965042187954612,0.5637908878504673,accepted DAPI-only ARC/ME/VMN anatomy HIL bbox,3V analysis exclusion plus display overlay; never outer-tissue crop or normalization
Sucrose,2026-07-09_FR5-4_Sucrose,False,1.4545210163150526,37,3445.679,1950.249,0.9908871108524877,0.5570236565420561,0.9908871108524877,0.5570236565420561,accepted DAPI-only ARC/ME/VMN anatomy HIL bbox,3V analysis exclusion plus display overlay; never outer-tissue crop or normalization
Sucrose,2026-07-09_FR5-4_Sucrose,False,1.4545210163150526,38,3271.922,1954.111,0.9403322665114926,0.5581515771028037,0.9403322665114926,0.5581515771028037,accepted DAPI-only ARC/ME/VMN anatomy HIL bbox,3V analysis exclusion plus display overlay; never outer-tissue crop or normalization
Sucrose,2026-07-09_FR5-4_Sucrose,False,1.4545210163150526,39,3098.165,1954.111,0.8897774221704975,0.5581515771028037,0.8897774221704975,0.5581515771028037,accepted DAPI-only ARC/ME/VMN anatomy HIL bbox,3V analysis exclusion plus display overlay; never outer-tissue crop or normalization
Sucrose,2026-07-09_FR5-4_Sucrose,False,1.4545210163150526,40,2870.35,1946.387,0.8234943264474832,0.5558957359813084,0.8234943264474832,0.5558957359813084,accepted DAPI-only ARC/ME/VMN anatomy HIL bbox,3V analysis exclusion plus display overlay; never outer-tissue crop or normalization
Sucrose,2026-07-09_FR5-4_Sucrose,False,1.4545210163150526,41,2739.068,1946.387,0.78529764329357,0.5558957359813084,0.78529764329357,0.5558957359813084,accepted DAPI-only ARC/ME/VMN anatomy HIL bbox,3V analysis exclusion plus display overlay; never outer-tissue crop or normalization
Sucrose,2026-07-09_FR5-4_Sucrose,False,1.4545210163150526,42,2565.311,1946.387,0.734742798952575,0.5558957359813084,0.734742798952575,0.5558957359813084,accepted DAPI-only ARC/ME/VMN anatomy HIL bbox,3V analysis exclusion plus display overlay; never outer-tissue crop or normalization
Sucrose,2026-07-09_FR5-4_Sucrose,False,1.4545210163150526,43,2437.889,1942.525,0.697669188245563,0.5547678154205608,0.697669188245563,0.5547678154205608,accepted DAPI-only ARC/ME/VMN anatomy HIL bbox,3V analysis exclusion plus display overlay; never outer-tissue crop or normalization
Sucrose,2026-07-09_FR5-4_Sucrose,False,1.4545210163150526,44,2295.022,1942.525,0.65610183299389,0.5547678154205608,0.65610183299389,0.5547678154205608,accepted DAPI-only ARC/ME/VMN anatomy HIL bbox,3V analysis exclusion plus display overlay; never outer-tissue crop or normalization
Sucrose,2026-07-09_FR5-4_Sucrose,False,1.4545210163150526,45,2159.878,1950.249,0.6167814954902532,0.5570236565420561,0.6167814954902532,0.5570236565420561,accepted DAPI-only ARC/ME/VMN anatomy HIL bbox,3V analysis exclusion plus display overlay; never outer-tissue crop or normalization
Sucrose,2026-07-09_FR5-4_Sucrose,False,1.4545210163150526,46,2028.595,1938.663,0.5785845213849288,0.5536398948598131,0.5785845213849288,0.5536398948598131,accepted DAPI-only ARC/ME/VMN anatomy HIL bbox,3V analysis exclusion plus display overlay; never outer-tissue crop or normalization
Sucrose,2026-07-09_FR5-4_Sucrose,False,1.4545210163150526,47,1878.006,1915.492,0.5347704393366308,0.5468726635514018,0.5347704393366308,0.5468726635514018,accepted DAPI-only ARC/ME/VMN anatomy HIL bbox,3V analysis exclusion plus display overlay; never outer-tissue crop or normalization
Sucrose,2026-07-09_FR5-4_Sucrose,False,1.4545210163150526,48,1796.919,1900.044,0.511178062263602,0.5423609813084113,0.511178062263602,0.5423609813084113,accepted DAPI-only ARC/ME/VMN anatomy HIL bbox,3V analysis exclusion plus display overlay; never outer-tissue crop or normalization
Sucrose,2026-07-09_FR5-4_Sucrose,False,1.4545210163150526,49,1669.497,1884.597,0.4741044515565901,0.5378495911214953,0.4741044515565901,0.5378495911214953,accepted DAPI-only ARC/ME/VMN anatomy HIL bbox,3V analysis exclusion plus display overlay; never outer-tissue crop or normalization
Sucrose,2026-07-09_FR5-4_Sucrose,False,1.4545210163150526,50,1592.272,1853.702,0.45163572883328484,0.5288265186915888,0.45163572883328484,0.5288265186915888,accepted DAPI-only ARC/ME/VMN anatomy HIL bbox,3V analysis exclusion plus display overlay; never outer-tissue crop or normalization
Sucrose,2026-07-09_FR5-4_Sucrose,False,1.4545210163150526,51,1383.764,1788.05,0.3909700320046552,0.509652453271028,0.3909700320046552,0.509652453271028,accepted DAPI-only ARC/ME/VMN anatomy HIL bbox,3V analysis exclusion plus display overlay; never outer-tissue crop or normalization
Sucrose,2026-07-09_FR5-4_Sucrose,False,1.4545210163150526,52,1233.174,1687.641,0.34715565900494616,0.48032739485981313,0.34715565900494616,0.48032739485981313,accepted DAPI-only ARC/ME/VMN anatomy HIL bbox,3V analysis exclusion plus display overlay; never outer-tissue crop or normalization
Sucrose,2026-07-09_FR5-4_Sucrose,False,1.4545210163150526,53,1132.781,1625.851,0.3179461739889438,0.46228125000000003,0.3179461739889438,0.46228125000000003,accepted DAPI-only ARC/ME/VMN anatomy HIL bbox,3V analysis exclusion plus display overlay; never outer-tissue crop or normalization
Sucrose,2026-07-09_FR5-4_Sucrose,False,1.4545210163150526,54,1055.556,1598.818,0.2954774512656386,0.45438609813084113,0.2954774512656386,0.45438609813084113,accepted DAPI-only ARC/ME/VMN anatomy HIL bbox,3V analysis exclusion plus display overlay; never outer-tissue crop or normalization
Sucrose,2026-07-09_FR5-4_Sucrose,False,1.4545210163150526,55,1001.498,1552.475,0.27974919988361946,0.4408513434579439,0.27974919988361946,0.4408513434579439,accepted DAPI-only ARC/ME/VMN anatomy HIL bbox,3V analysis exclusion plus display overlay; never outer-tissue crop or normalization
Sucrose,2026-07-09_FR5-4_Sucrose,False,1.4545210163150526,56,935.857,1506.133,0.2606508583066628,0.4273168808411215,0.2606508583066628,0.4273168808411215,accepted DAPI-only ARC/ME/VMN anatomy HIL bbox,3V analysis exclusion plus display overlay; never outer-tissue crop or normalization
Sucrose,2026-07-10_FR4-3_Sucrose,True,1.3845250255362616,1,751.303,1342.78,0.20662047661076788,0.37687445127304653,0.20662047661076788,0.37687445127304653,accepted DAPI-only ARC/ME/VMN anatomy HIL bbox,3V analysis exclusion plus display overlay; never outer-tissue crop or normalization
Sucrose,2026-07-10_FR4-3_Sucrose,True,1.3845250255362616,2,704.998,1377.507,0.19299735216240071,0.3870374597600234,0.19299735216240071,0.3870374597600234,accepted DAPI-only ARC/ME/VMN anatomy HIL bbox,3V analysis exclusion plus display overlay; never outer-tissue crop or normalization
Sucrose,2026-07-10_FR4-3_Sucrose,True,1.3845250255362616,3,735.868,1454.679,0.20207943512797882,0.4096221832016389,0.20207943512797882,0.4096221832016389,accepted DAPI-only ARC/ME/VMN anatomy HIL bbox,3V analysis exclusion plus display overlay; never outer-tissue crop or normalization
Sucrose,2026-07-10_FR4-3_Sucrose,True,1.3845250255362616,4,766.738,1524.133,0.21116151809355693,0.42994820017559265,0.21116151809355693,0.42994820017559265,accepted DAPI-only ARC/ME/VMN anatomy HIL bbox,3V analysis exclusion plus display overlay; never outer-tissue crop or normalization
Sucrose,2026-07-10_FR4-3_Sucrose,True,1.3845250255362616,5,813.043,1597.445,0.2247846425419241,0.451403277729002,0.2247846425419241,0.451403277729002,accepted DAPI-only ARC/ME/VMN anatomy HIL bbox,3V analysis exclusion plus display overlay; never outer-tissue crop or normalization
Sucrose,2026-07-10_FR4-3_Sucrose,True,1.3845250255362616,6,843.913,1686.192,0.2338667255075022,0.4773754755633597,0.2338667255075022,0.4773754755633597,accepted DAPI-only ARC/ME/VMN anatomy HIL bbox,3V analysis exclusion plus display overlay; never outer-tissue crop or normalization
Sucrose,2026-07-10_FR4-3_Sucrose,True,1.3845250255362616,7,847.772,1728.637,0.2350020594292439,0.48979719051799825,0.2350020594292439,0.48979719051799825,accepted DAPI-only ARC/ME/VMN anatomy HIL bbox,3V analysis exclusion plus display overlay; never outer-tissue crop or normalization
Sucrose,2026-07-10_FR4-3_Sucrose,True,1.3845250255362616,8,824.619,1774.939,0.22819035010297148,0.5033476733977174,0.22819035010297148,0.5033476733977174,accepted DAPI-only ARC/ME/VMN anatomy HIL bbox,3V analysis exclusion plus display overlay; never outer-tissue crop or normalization
Sucrose,2026-07-10_FR4-3_Sucrose,True,1.3845250255362616,9,859.348,1817.383,0.23840776699029126,0.5157690956979807,0.23840776699029126,0.5157690956979807,accepted DAPI-only ARC/ME/VMN anatomy HIL bbox,3V analysis exclusion plus display overlay; never outer-tissue crop or normalization
Sucrose,2026-07-10_FR4-3_Sucrose,True,1.3845250255362616,10,855.489,1898.413,0.2372724330685496,0.5394828797190518,0.2372724330685496,0.5394828797190518,accepted DAPI-only ARC/ME/VMN anatomy HIL bbox,3V analysis exclusion plus display overlay; never outer-tissue crop or normalization
Sucrose,2026-07-10_FR4-3_Sucrose,True,1.3845250255362616,11,851.63,1964.009,0.2361370991468079,0.5586798361135499,0.2361370991468079,0.5586798361135499,accepted DAPI-only ARC/ME/VMN anatomy HIL bbox,3V analysis exclusion plus display overlay; never outer-tissue crop or normalization
Sucrose,2026-07-10_FR4-3_Sucrose,True,1.3845250255362616,12,809.184,1991.019,0.2236493086201824,0.5665844307872403,0.2236493086201824,0.5665844307872403,accepted DAPI-only ARC/ME/VMN anatomy HIL bbox,3V analysis exclusion plus display overlay; never outer-tissue crop or normalization
Sucrose,2026-07-10_FR4-3_Sucrose,True,1.3845250255362616,13,840.054,2037.322,0.2327313915857605,0.5801352063213344,0.2327313915857605,0.5801352063213344,accepted DAPI-only ARC/ME/VMN anatomy HIL bbox,3V analysis exclusion plus display overlay; never outer-tissue crop or normalization
Sucrose,2026-07-10_FR4-3_Sucrose,True,1.3845250255362616,14,909.511,2048.897,0.25316593115622243,0.5835226807140766,0.25316593115622243,0.5835226807140766,accepted DAPI-only ARC/ME/VMN anatomy HIL bbox,3V analysis exclusion plus display overlay; never outer-tissue crop or normalization
Sucrose,2026-07-10_FR4-3_Sucrose,True,1.3845250255362616,15,1013.698,2037.322,0.2838181818181818,0.5801352063213344,0.2838181818181818,0.5801352063213344,accepted DAPI-only ARC/ME/VMN anatomy HIL bbox,3V analysis exclusion plus display overlay; never outer-tissue crop or normalization
Sucrose,2026-07-10_FR4-3_Sucrose,True,1.3845250255362616,16,1102.449,2006.453,0.3099290967931745,0.5711012584138133,0.3099290967931745,0.5711012584138133,accepted DAPI-only ARC/ME/VMN anatomy HIL bbox,3V analysis exclusion plus display overlay; never outer-tissue crop or normalization
Sucrose,2026-07-10_FR4-3_Sucrose,True,1.3845250255362616,17,1183.482,1987.16,0.3337693439246837,0.5654550775534094,0.3337693439246837,0.5654550775534094,accepted DAPI-only ARC/ME/VMN anatomy HIL bbox,3V analysis exclusion plus display overlay; never outer-tissue crop or normalization
Sucrose,2026-07-10_FR4-3_Sucrose,True,1.3845250255362616,18,1233.646,1979.443,0.3485278022947926,0.5631966637401229,0.3485278022947926,0.5631966637401229,accepted DAPI-only ARC/ME/VMN anatomy HIL bbox,3V analysis exclusion plus display overlay; never outer-tissue crop or normalization
Sucrose,2026-07-10_FR4-3_Sucrose,True,1.3845250255362616,19,1430.442,1956.292,0.40642600764930864,0.5564214223002634,0.40642600764930864,0.5564214223002634,accepted DAPI-only ARC/ME/VMN anatomy HIL bbox,3V analysis exclusion plus display overlay; never outer-tissue crop or normalization
Sucrose,2026-07-10_FR4-3_Sucrose,True,1.3845250255362616,20,1519.193,1936.999,0.43253692262430127,0.5507752414398596,0.43253692262430127,0.5507752414398596,accepted DAPI-only ARC/ME/VMN anatomy HIL bbox,3V analysis exclusion plus display overlay; never outer-tissue crop or normalization
Sucrose,2026-07-10_FR4-3_Sucrose,True,1.3845250255362616,21,1646.531,1913.848,0.47000029420417766,0.544,0.47000029420417766,0.544,accepted DAPI-only ARC/ME/VMN anatomy HIL bbox,3V analysis exclusion plus display overlay; never outer-tissue crop or normalization
Sucrose,2026-07-10_FR4-3_Sucrose,True,1.3845250255362616,22,1708.271,1906.131,0.48816446013533393,0.5417415861867135,0.48816446013533393,0.5417415861867135,accepted DAPI-only ARC/ME/VMN anatomy HIL bbox,3V analysis exclusion plus display overlay; never outer-tissue crop or normalization
Sucrose,2026-07-10_FR4-3_Sucrose,True,1.3845250255362616,23,1820.175,1913.848,0.521087084436599,0.544,0.521087084436599,0.544,accepted DAPI-only ARC/ME/VMN anatomy HIL bbox,3V analysis exclusion plus display overlay; never outer-tissue crop or normalization
Sucrose,2026-07-10_FR4-3_Sucrose,True,1.3845250255362616,24,1897.35,1925.423,0.5437922918505442,0.5473874743927422,0.5437922918505442,0.5473874743927422,accepted DAPI-only ARC/ME/VMN anatomy HIL bbox,3V analysis exclusion plus display overlay; never outer-tissue crop or normalization
Sucrose,2026-07-10_FR4-3_Sucrose,True,1.3845250255362616,25,1986.101,1929.282,0.569903206825537,0.548516827626573,0.569903206825537,0.548516827626573,accepted DAPI-only ARC/ME/VMN anatomy HIL bbox,3V analysis exclusion plus display overlay; never outer-tissue crop or normalization
Sucrose,2026-07-10_FR4-3_Sucrose,True,1.3845250255362616,26,2086.428,1929.282,0.5994198293615769,0.548516827626573,0.5994198293615769,0.548516827626573,accepted DAPI-only ARC/ME/VMN anatomy HIL bbox,3V analysis exclusion plus display overlay; never outer-tissue crop or normalization
Sucrose,2026-07-10_FR4-3_Sucrose,True,1.3845250255362616,27,2148.168,1964.009,0.6175839952927332,0.5586798361135499,0.6175839952927332,0.5586798361135499,accepted DAPI-only ARC/ME/VMN anatomy HIL bbox,3V analysis exclusion plus display overlay; never outer-tissue crop or normalization
Sucrose,2026-07-10_FR4-3_Sucrose,True,1.3845250255362616,28,2275.507,1994.877,0.6550476610767874,0.5677134913666959,0.6550476610767874,0.5677134913666959,accepted DAPI-only ARC/ME/VMN anatomy HIL bbox,3V analysis exclusion plus display overlay; never outer-tissue crop or normalization
Sucrose,2026-07-10_FR4-3_Sucrose,True,1.3845250255362616,29,2398.986,2010.312,0.691375698734922,0.5722306116476441,0.691375698734922,0.5722306116476441,accepted DAPI-only ARC/ME/VMN anatomy HIL bbox,3V analysis exclusion plus display overlay; never outer-tissue crop or normalization
Sucrose,2026-07-10_FR4-3_Sucrose,True,1.3845250255362616,30,2483.879,2014.17,0.7163515739923506,0.5733596722270998,0.7163515739923506,0.5733596722270998,accepted DAPI-only ARC/ME/VMN anatomy HIL bbox,3V analysis exclusion plus display overlay; never outer-tissue crop or normalization
Sucrose,2026-07-10_FR4-3_Sucrose,True,1.3845250255362616,31,2561.054,2014.17,0.739056781406296,0.5733596722270998,0.739056781406296,0.5733596722270998,accepted DAPI-only ARC/ME/VMN anatomy HIL bbox,3V analysis exclusion plus display overlay; never outer-tissue crop or normalization
Sucrose,2026-07-10_FR4-3_Sucrose,True,1.3845250255362616,32,2680.675,2045.039,0.7742497793468668,0.582393620134621,0.7742497793468668,0.582393620134621,accepted DAPI-only ARC/ME/VMN anatomy HIL bbox,3V analysis exclusion plus display overlay; never outer-tissue crop or normalization
Sucrose,2026-07-10_FR4-3_Sucrose,True,1.3845250255362616,33,2757.85,2048.897,0.796954986760812,0.5835226807140766,0.796954986760812,0.5835226807140766,accepted DAPI-only ARC/ME/VMN anatomy HIL bbox,3V analysis exclusion plus display overlay; never outer-tissue crop or normalization
Sucrose,2026-07-10_FR4-3_Sucrose,True,1.3845250255362616,34,2869.753,2060.473,0.8298773168578994,0.586910447761194,0.8298773168578994,0.586910447761194,accepted DAPI-only ARC/ME/VMN anatomy HIL bbox,3V analysis exclusion plus display overlay; never outer-tissue crop or normalization
Sucrose,2026-07-10_FR4-3_Sucrose,True,1.3845250255362616,35,3027.962,2075.907,0.8764230656075316,0.5914272753877671,0.8764230656075316,0.5914272753877671,accepted DAPI-only ARC/ME/VMN anatomy HIL bbox,3V analysis exclusion plus display overlay; never outer-tissue crop or normalization
Sucrose,2026-07-10_FR4-3_Sucrose,True,1.3845250255362616,36,3128.289,2095.2,0.9059396881435717,0.5970734562481709,0.9059396881435717,0.5970734562481709,accepted DAPI-only ARC/ME/VMN anatomy HIL bbox,3V analysis exclusion plus display overlay; never outer-tissue crop or normalization
Sucrose,2026-07-10_FR4-3_Sucrose,True,1.3845250255362616,37,3375.249,2133.786,0.9785963518681965,0.6083658179689787,0.9785963518681965,0.6083658179689787,accepted DAPI-only ARC/ME/VMN anatomy HIL bbox,3V analysis exclusion plus display overlay; never outer-tissue crop or normalization
Sucrose,2026-07-10_FR4-3_Sucrose,True,1.3845250255362616,38,3448.565,2156.937,1.0001662253604002,0.6151410594088381,1.0,0.6151410594088381,accepted DAPI-only ARC/ME/VMN anatomy HIL bbox,3V analysis exclusion plus display overlay; never outer-tissue crop or normalization
Sucrose,2026-07-10_FR4-3_Sucrose,True,1.3845250255362616,39,3471.717,2068.19,1.0069776404824948,0.5891688615744806,1.0,0.5891688615744806,accepted DAPI-only ARC/ME/VMN anatomy HIL bbox,3V analysis exclusion plus display overlay; never outer-tissue crop or normalization
Sucrose,2026-07-10_FR4-3_Sucrose,True,1.3845250255362616,40,3367.531,2033.463,0.9763256840247131,0.5790058530875036,0.9763256840247131,0.5790058530875036,accepted DAPI-only ARC/ME/VMN anatomy HIL bbox,3V analysis exclusion plus display overlay; never outer-tissue crop or normalization
Sucrose,2026-07-10_FR4-3_Sucrose,True,1.3845250255362616,41,3240.193,2029.605,0.9388623124448368,0.577876792508048,0.9388623124448368,0.577876792508048,accepted DAPI-only ARC/ME/VMN anatomy HIL bbox,3V analysis exclusion plus display overlay; never outer-tissue crop or normalization
Sucrose,2026-07-10_FR4-3_Sucrose,True,1.3845250255362616,42,3093.56,2025.746,0.8957222712562518,0.5767474392742171,0.8957222712562518,0.5767474392742171,accepted DAPI-only ARC/ME/VMN anatomy HIL bbox,3V analysis exclusion plus display overlay; never outer-tissue crop or normalization
Sucrose,2026-07-10_FR4-3_Sucrose,True,1.3845250255362616,43,2912.199,2002.595,0.8423651073845249,0.5699721978343576,0.8423651073845249,0.5699721978343576,accepted DAPI-only ARC/ME/VMN anatomy HIL bbox,3V analysis exclusion plus display overlay; never outer-tissue crop or normalization
Sucrose,2026-07-10_FR4-3_Sucrose,True,1.3845250255362616,44,2846.601,1994.877,0.8230659017358046,0.5677134913666959,0.8230659017358046,0.5677134913666959,accepted DAPI-only ARC/ME/VMN anatomy HIL bbox,3V analysis exclusion plus display overlay; never outer-tissue crop or normalization
Sucrose,2026-07-10_FR4-3_Sucrose,True,1.3845250255362616,45,2773.285,2002.595,0.801496028243601,0.5699721978343576,0.801496028243601,0.5699721978343576,accepted DAPI-only ARC/ME/VMN anatomy HIL bbox,3V analysis exclusion plus display overlay; never outer-tissue crop or normalization
Sucrose,2026-07-10_FR4-3_Sucrose,True,1.3845250255362616,46,2626.652,1975.585,0.7583559870550162,0.5620676031606673,0.7583559870550162,0.5620676031606673,accepted DAPI-only ARC/ME/VMN anatomy HIL bbox,3V analysis exclusion plus display overlay; never outer-tissue crop or normalization
Sucrose,2026-07-10_FR4-3_Sucrose,True,1.3845250255362616,47,2371.975,1948.575,0.6834289496910856,0.5541630084869769,0.6834289496910856,0.5541630084869769,accepted DAPI-only ARC/ME/VMN anatomy HIL bbox,3V analysis exclusion plus display overlay; never outer-tissue crop or normalization
Sucrose,2026-07-10_FR4-3_Sucrose,True,1.3845250255362616,48,2298.659,1936.999,0.6618590761988821,0.5507752414398596,0.6618590761988821,0.5507752414398596,accepted DAPI-only ARC/ME/VMN anatomy HIL bbox,3V analysis exclusion plus display overlay; never outer-tissue crop or normalization
Sucrose,2026-07-10_FR4-3_Sucrose,True,1.3845250255362616,49,2233.061,1921.565,0.6425598705501618,0.5462584138132865,0.6425598705501618,0.5462584138132865,accepted DAPI-only ARC/ME/VMN anatomy HIL bbox,3V analysis exclusion plus display overlay; never outer-tissue crop or normalization
Sucrose,2026-07-10_FR4-3_Sucrose,True,1.3845250255362616,50,2163.603,1902.272,0.6221250367755222,0.5406122329528826,0.6221250367755222,0.5406122329528826,accepted DAPI-only ARC/ME/VMN anatomy HIL bbox,3V analysis exclusion plus display overlay; never outer-tissue crop or normalization
Sucrose,2026-07-10_FR4-3_Sucrose,True,1.3845250255362616,51,2105.722,1894.555,0.6050962047661077,0.5383538191395961,0.6050962047661077,0.5383538191395961,accepted DAPI-only ARC/ME/VMN anatomy HIL bbox,3V analysis exclusion plus display overlay; never outer-tissue crop or normalization
Sucrose,2026-07-10_FR4-3_Sucrose,True,1.3845250255362616,52,2016.971,1879.121,0.5789852897911151,0.5338369915130231,0.5789852897911151,0.5338369915130231,accepted DAPI-only ARC/ME/VMN anatomy HIL bbox,3V analysis exclusion plus display overlay; never outer-tissue crop or normalization
Sucrose,2026-07-10_FR4-3_Sucrose,True,1.3845250255362616,53,1970.666,1855.969,0.5653621653427479,0.5270614574187884,0.5653621653427479,0.5270614574187884,accepted DAPI-only ARC/ME/VMN anatomy HIL bbox,3V analysis exclusion plus display overlay; never outer-tissue crop or normalization
Sucrose,2026-07-10_FR4-3_Sucrose,True,1.3845250255362616,54,1843.327,1840.535,0.5278984995586937,0.5225446297922154,0.5278984995586937,0.5225446297922154,accepted DAPI-only ARC/ME/VMN anatomy HIL bbox,3V analysis exclusion plus display overlay; never outer-tissue crop or normalization
Sucrose,2026-07-10_FR4-3_Sucrose,True,1.3845250255362616,55,1816.316,1844.393,0.5199517505148573,0.5236736903716711,0.5199517505148573,0.5236736903716711,accepted DAPI-only ARC/ME/VMN anatomy HIL bbox,3V analysis exclusion plus display overlay; never outer-tissue crop or normalization
Sucrose,2026-07-10_FR4-3_Sucrose,True,1.3845250255362616,56,1719.848,1840.535,0.491570461900559,0.5225446297922154,0.491570461900559,0.5225446297922154,accepted DAPI-only ARC/ME/VMN anatomy HIL bbox,3V analysis exclusion plus display overlay; never outer-tissue crop or normalization
Sucrose,2026-07-10_FR4-3_Sucrose,True,1.3845250255362616,57,1654.249,1836.676,0.47227096204766106,0.5214152765583845,0.47227096204766106,0.5214152765583845,accepted DAPI-only ARC/ME/VMN anatomy HIL bbox,3V analysis exclusion plus display overlay; never outer-tissue crop or normalization
Sucrose,2026-07-10_FR4-3_Sucrose,True,1.3845250255362616,58,1553.922,1821.242,0.4427543395116211,0.5168984489318115,0.4427543395116211,0.5168984489318115,accepted DAPI-only ARC/ME/VMN anatomy HIL bbox,3V analysis exclusion plus display overlay; never outer-tissue crop or normalization
Sucrose,2026-07-10_FR4-3_Sucrose,True,1.3845250255362616,59,1469.029,1805.808,0.4177784642541924,0.5123816213052386,0.4177784642541924,0.5123816213052386,accepted DAPI-only ARC/ME/VMN anatomy HIL bbox,3V analysis exclusion plus display overlay; never outer-tissue crop or normalization
Sucrose,2026-07-10_FR4-3_Sucrose,True,1.3845250255362616,60,1418.866,1782.656,0.40302030008826123,0.5056060872110038,0.40302030008826123,0.5056060872110038,accepted DAPI-only ARC/ME/VMN anatomy HIL bbox,3V analysis exclusion plus display overlay; never outer-tissue crop or normalization
Sucrose,2026-07-10_FR4-3_Sucrose,True,1.3845250255362616,61,1364.843,1763.364,0.3871265077964107,0.4999601990049751,0.3871265077964107,0.4999601990049751,accepted DAPI-only ARC/ME/VMN anatomy HIL bbox,3V analysis exclusion plus display overlay; never outer-tissue crop or normalization
Sucrose,2026-07-10_FR4-3_Sucrose,True,1.3845250255362616,62,1260.657,1728.637,0.356474551338629,0.48979719051799825,0.356474551338629,0.48979719051799825,accepted DAPI-only ARC/ME/VMN anatomy HIL bbox,3V analysis exclusion plus display overlay; never outer-tissue crop or normalization
Sucrose,2026-07-10_FR4-3_Sucrose,True,1.3845250255362616,63,1195.058,1697.768,0.33717505148573107,0.48076324261047704,0.33717505148573107,0.48076324261047704,accepted DAPI-only ARC/ME/VMN anatomy HIL bbox,3V analysis exclusion plus display overlay; never outer-tissue crop or normalization
Sucrose,2026-07-10_FR4-3_Sucrose,True,1.3845250255362616,64,1152.612,1647.607,0.32468726095910566,0.46608340649692714,0.32468726095910566,0.46608340649692714,accepted DAPI-only ARC/ME/VMN anatomy HIL bbox,3V analysis exclusion plus display overlay; never outer-tissue crop or normalization
Sucrose,2026-07-10_FR4-3_Sucrose,True,1.3845250255362616,65,1087.014,1597.445,0.3053880553103854,0.451403277729002,0.3053880553103854,0.451403277729002,accepted DAPI-only ARC/ME/VMN anatomy HIL bbox,3V analysis exclusion plus display overlay; never outer-tissue crop or normalization
Sucrose,2026-07-10_FR4-3_Sucrose,True,1.3845250255362616,66,1021.415,1531.85,0.28608855545748746,0.4322066139888791,0.28608855545748746,0.4322066139888791,accepted DAPI-only ARC/ME/VMN anatomy HIL bbox,3V analysis exclusion plus display overlay; never outer-tissue crop or normalization
Sucrose,2026-07-10_FR4-3_Sucrose,True,1.3845250255362616,67,955.816,1470.113,0.2667890556045896,0.4141390108282119,0.2667890556045896,0.4141390108282119,accepted DAPI-only ARC/ME/VMN anatomy HIL bbox,3V analysis exclusion plus display overlay; never outer-tissue crop or normalization
Sucrose,2026-07-10_FR4-3_Sucrose,True,1.3845250255362616,68,905.653,1416.093,0.2520308914386584,0.3983298214808312,0.2520308914386584,0.3983298214808312,accepted DAPI-only ARC/ME/VMN anatomy HIL bbox,3V analysis exclusion plus display overlay; never outer-tissue crop or normalization
Sucrose,2026-07-10_FR4-3_Sucrose,True,1.3845250255362616,69,847.772,1365.932,0.2350020594292439,0.38364998536728123,0.2350020594292439,0.38364998536728123,accepted DAPI-only ARC/ME/VMN anatomy HIL bbox,3V analysis exclusion plus display overlay; never outer-tissue crop or normalization
Allulose,2026-07-09_FR4-1_Allulose,False,1.700481169597831,1,2773.285,2164.654,0.8150479386385426,0.6159852681202121,0.8150479386385426,0.6159852681202121,accepted DAPI-only ARC/ME/VMN anatomy HIL bbox,3V analysis exclusion plus display overlay; never outer-tissue crop or normalization
Allulose,2026-07-09_FR4-1_Allulose,False,1.700481169597831,2,2761.708,2087.483,0.8113480345158198,0.5932477902180319,0.8113480345158198,0.5932477902180319,accepted DAPI-only ARC/ME/VMN anatomy HIL bbox,3V analysis exclusion plus display overlay; never outer-tissue crop or normalization
Allulose,2026-07-09_FR4-1_Allulose,False,1.700481169597831,3,2711.545,2021.887,0.7953163950143816,0.5739207424867413,0.7953163950143816,0.5739207424867413,accepted DAPI-only ARC/ME/VMN anatomy HIL bbox,3V analysis exclusion plus display overlay; never outer-tissue crop or normalization
Allulose,2026-07-09_FR4-1_Allulose,False,1.700481169597831,4,2672.957,1940.858,0.7829840204538191,0.5500465527401296,0.7829840204538191,0.5500465527401296,accepted DAPI-only ARC/ME/VMN anatomy HIL bbox,3V analysis exclusion plus display overlay; never outer-tissue crop or normalization
Allulose,2026-07-09_FR4-1_Allulose,False,1.700481169597831,5,2661.381,1863.686,0.7792844359220198,0.5273087802003535,0.7792844359220198,0.5273087802003535,accepted DAPI-only ARC/ME/VMN anatomy HIL bbox,3V analysis exclusion plus display overlay; never outer-tissue crop or normalization
Allulose,2026-07-09_FR4-1_Allulose,False,1.700481169597831,6,2653.663,1782.656,0.7768178331735379,0.5034342958161461,0.7768178331735379,0.5034342958161461,accepted DAPI-only ARC/ME/VMN anatomy HIL bbox,3V analysis exclusion plus display overlay; never outer-tissue crop or normalization
Allulose,2026-07-09_FR4-1_Allulose,False,1.700481169597831,7,2653.663,1709.344,0.7768178331735379,0.4818338243959929,0.7768178331735379,0.4818338243959929,accepted DAPI-only ARC/ME/VMN anatomy HIL bbox,3V analysis exclusion plus display overlay; never outer-tissue crop or normalization
Allulose,2026-07-09_FR4-1_Allulose,False,1.700481169597831,8,2692.251,1636.031,0.7891502077341004,0.46023305833824396,0.7891502077341004,0.46023305833824396,accepted DAPI-only ARC/ME/VMN anatomy HIL bbox,3V analysis exclusion plus display overlay; never outer-tissue crop or normalization
Allulose,2026-07-09_FR4-1_Allulose,False,1.700481169597831,9,2777.143,1539.567,0.8162809204218601,0.43181113730111964,0.8162809204218601,0.43181113730111964,accepted DAPI-only ARC/ME/VMN anatomy HIL bbox,3V analysis exclusion plus display overlay; never outer-tissue crop or normalization
Allulose,2026-07-09_FR4-1_Allulose,False,1.700481169597831,10,2788.719,1458.537,0.8199805049536594,0.4079366529169122,0.8199805049536594,0.4079366529169122,accepted DAPI-only ARC/ME/VMN anatomy HIL bbox,3V analysis exclusion plus display overlay; never outer-tissue crop or normalization
Allulose,2026-07-09_FR4-1_Allulose,False,1.700481169597831,11,2753.991,1389.083,0.8088817513582615,0.38747289334119034,0.8088817513582615,0.38747289334119034,accepted DAPI-only ARC/ME/VMN anatomy HIL bbox,3V analysis exclusion plus display overlay; never outer-tissue crop or normalization
Allulose,2026-07-09_FR4-1_Allulose,False,1.700481169597831,12,2730.838,1373.649,0.8014822627037392,0.3829254566882734,0.8014822627037392,0.3829254566882734,accepted DAPI-only ARC/ME/VMN anatomy HIL bbox,3V analysis exclusion plus display overlay; never outer-tissue crop or normalization
Allulose,2026-07-09_FR4-1_Allulose,False,1.700481169597831,13,2649.805,1419.951,0.7755848513902205,0.39656776664702414,0.7755848513902205,0.39656776664702414,accepted DAPI-only ARC/ME/VMN anatomy HIL bbox,3V analysis exclusion plus display overlay; never outer-tissue crop or normalization
Allulose,2026-07-09_FR4-1_Allulose,False,1.700481169597831,14,2615.076,1454.679,0.7644857782038991,0.40679994107248085,0.7644857782038991,0.40679994107248085,accepted DAPI-only ARC/ME/VMN anatomy HIL bbox,3V analysis exclusion plus display overlay; never outer-tissue crop or normalization
Allulose,2026-07-09_FR4-1_Allulose,False,1.700481169597831,15,2530.184,1535.708,0.7373550655161394,0.43067413081909256,0.7373550655161394,0.43067413081909256,accepted DAPI-only ARC/ME/VMN anatomy HIL bbox,3V analysis exclusion plus display overlay; never outer-tissue crop or normalization
Allulose,2026-07-09_FR4-1_Allulose,False,1.700481169597831,16,2414.421,1624.455,0.7003582614253755,0.4568223335297584,0.7003582614253755,0.4568223335297584,accepted DAPI-only ARC/ME/VMN anatomy HIL bbox,3V analysis exclusion plus display overlay; never outer-tissue crop or normalization
Allulose,2026-07-09_FR4-1_Allulose,False,1.700481169597831,17,2356.54,1655.324,0.6818600191754554,0.465917501473188,0.6818600191754554,0.465917501473188,accepted DAPI-only ARC/ME/VMN anatomy HIL bbox,3V analysis exclusion plus display overlay; never outer-tissue crop or normalization
Allulose,2026-07-09_FR4-1_Allulose,False,1.700481169597831,18,2283.224,1705.485,0.6584288910194951,0.4806968179139658,0.6584288910194951,0.4806968179139658,accepted DAPI-only ARC/ME/VMN anatomy HIL bbox,3V analysis exclusion plus display overlay; never outer-tissue crop or normalization
Allulose,2026-07-09_FR4-1_Allulose,False,1.700481169597831,19,2182.897,1771.081,0.626365292425695,0.5000238656452564,0.626365292425695,0.5000238656452564,accepted DAPI-only ARC/ME/VMN anatomy HIL bbox,3V analysis exclusion plus display overlay; never outer-tissue crop or normalization
Allulose,2026-07-09_FR4-1_Allulose,False,1.700481169597831,20,2125.016,1790.374,0.607867050175775,0.5057083087802003,0.607867050175775,0.5057083087802003,accepted DAPI-only ARC/ME/VMN anatomy HIL bbox,3V analysis exclusion plus display overlay; never outer-tissue crop or normalization
Allulose,2026-07-09_FR4-1_Allulose,False,1.700481169597831,21,2040.123,1805.808,0.5807360178970917,0.5102557454331172,0.5807360178970917,0.5102557454331172,accepted DAPI-only ARC/ME/VMN anatomy HIL bbox,3V analysis exclusion plus display overlay; never outer-tissue crop or normalization
Allulose,2026-07-09_FR4-1_Allulose,False,1.700481169597831,22,1962.948,1852.111,0.5560715883668904,0.5238983500294638,0.5560715883668904,0.5238983500294638,accepted DAPI-only ARC/ME/VMN anatomy HIL bbox,3V analysis exclusion plus display overlay; never outer-tissue crop or normalization
Allulose,2026-07-09_FR4-1_Allulose,False,1.700481169597831,23,1889.632,1867.545,0.53264046021093,0.5284457866823807,0.53264046021093,0.5284457866823807,accepted DAPI-only ARC/ME/VMN anatomy HIL bbox,3V analysis exclusion plus display overlay; never outer-tissue crop or normalization
Allulose,2026-07-09_FR4-1_Allulose,False,1.700481169597831,24,1781.587,1886.838,0.4981102588686481,0.5341302298173247,0.4981102588686481,0.5341302298173247,accepted DAPI-only ARC/ME/VMN anatomy HIL bbox,3V analysis exclusion plus display overlay; never outer-tissue crop or normalization
Allulose,2026-07-09_FR4-1_Allulose,False,1.700481169597831,25,1692.836,1902.272,0.4697462448066475,0.5386776664702416,0.4697462448066475,0.5386776664702416,accepted DAPI-only ARC/ME/VMN anatomy HIL bbox,3V analysis exclusion plus display overlay; never outer-tissue crop or normalization
Allulose,2026-07-09_FR4-1_Allulose,False,1.700481169597831,26,1623.379,1906.131,0.44754841802492806,0.5398146729522687,0.44754841802492806,0.5398146729522687,accepted DAPI-only ARC/ME/VMN anatomy HIL bbox,3V analysis exclusion plus display overlay; never outer-tissue crop or normalization
Allulose,2026-07-09_FR4-1_Allulose,False,1.700481169597831,27,1569.357,1909.989,0.43028347714924897,0.5409513847967,0.43028347714924897,0.5409513847967,accepted DAPI-only ARC/ME/VMN anatomy HIL bbox,3V analysis exclusion plus display overlay; never outer-tissue crop or normalization
Allulose,2026-07-09_FR4-1_Allulose,False,1.700481169597831,28,1395.713,1933.14,0.374788430808565,0.5477725397760754,0.374788430808565,0.5477725397760754,accepted DAPI-only ARC/ME/VMN anatomy HIL bbox,3V analysis exclusion plus display overlay; never outer-tissue crop or normalization
Allulose,2026-07-09_FR4-1_Allulose,False,1.700481169597831,29,1260.657,1944.716,0.33162575902844355,0.5511832645845609,0.33162575902844355,0.5511832645845609,accepted DAPI-only ARC/ME/VMN anatomy HIL bbox,3V analysis exclusion plus display overlay; never outer-tissue crop or normalization
Allulose,2026-07-09_FR4-1_Allulose,False,1.700481169597831,30,1218.211,1929.282,0.31806040268456376,0.546635827931644,0.31806040268456376,0.546635827931644,accepted DAPI-only ARC/ME/VMN anatomy HIL bbox,3V analysis exclusion plus display overlay; never outer-tissue crop or normalization
Allulose,2026-07-09_FR4-1_Allulose,False,1.700481169597831,31,1168.047,1936.999,0.302028443592202,0.5489095462581025,0.302028443592202,0.5489095462581025,accepted DAPI-only ARC/ME/VMN anatomy HIL bbox,3V analysis exclusion plus display overlay; never outer-tissue crop or normalization
Allulose,2026-07-09_FR4-1_Allulose,False,1.700481169597831,32,1102.449,1956.292,0.2810639181847236,0.5545939893930465,0.2810639181847236,0.5545939893930465,accepted DAPI-only ARC/ME/VMN anatomy HIL bbox,3V analysis exclusion plus display overlay; never outer-tissue crop or normalization
Allulose,2026-07-09_FR4-1_Allulose,False,1.700481169597831,33,1040.709,1975.585,0.2613323745605625,0.5602784325279906,0.2613323745605625,0.5602784325279906,accepted DAPI-only ARC/ME/VMN anatomy HIL bbox,3V analysis exclusion plus display overlay; never outer-tissue crop or normalization
Allulose,2026-07-09_FR4-1_Allulose,False,1.700481169597831,34,921.088,1987.16,0.22310258868648128,0.5636888626988804,0.22310258868648128,0.5636888626988804,accepted DAPI-only ARC/ME/VMN anatomy HIL bbox,3V analysis exclusion plus display overlay; never outer-tissue crop or normalization
Allulose,2026-07-09_FR4-1_Allulose,False,1.700481169597831,35,774.455,2006.453,0.17624001278363696,0.5693733058338244,0.17624001278363696,0.5693733058338244,accepted DAPI-only ARC/ME/VMN anatomy HIL bbox,3V analysis exclusion plus display overlay; never outer-tissue crop or normalization
Allulose,2026-07-09_FR4-1_Allulose,False,1.700481169597831,36,677.987,2018.029,0.14540971556407797,0.57278403064231,0.14540971556407797,0.57278403064231,accepted DAPI-only ARC/ME/VMN anatomy HIL bbox,3V analysis exclusion plus display overlay; never outer-tissue crop or normalization
Allulose,2026-07-09_FR4-1_Allulose,False,1.700481169597831,37,612.388,2041.18,0.12444487056567595,0.5796051856216854,0.12444487056567595,0.5796051856216854,accepted DAPI-only ARC/ME/VMN anatomy HIL bbox,3V analysis exclusion plus display overlay; never outer-tissue crop or normalization
Allulose,2026-07-09_FR4-1_Allulose,False,1.700481169597831,38,508.202,2052.756,0.09114797059763503,0.5830159104301709,0.09114797059763503,0.5830159104301709,accepted DAPI-only ARC/ME/VMN anatomy HIL bbox,3V analysis exclusion plus display overlay; never outer-tissue crop or normalization
Allulose,2026-07-09_FR4-1_Allulose,False,1.700481169597831,39,388.581,2068.19,0.052918184723553856,0.5875633470830878,0.052918184723553856,0.5875633470830878,accepted DAPI-only ARC/ME/VMN anatomy HIL bbox,3V analysis exclusion plus display overlay; never outer-tissue crop or normalization
Allulose,2026-07-09_FR4-1_Allulose,False,1.700481169597831,40,253.525,2075.907,0.009755512943432408,0.5898370654095463,0.009755512943432408,0.5898370654095463,accepted DAPI-only ARC/ME/VMN anatomy HIL bbox,3V analysis exclusion plus display overlay; never outer-tissue crop or normalization
Allulose,2026-07-09_FR4-1_Allulose,False,1.700481169597831,41,180.209,2075.907,-0.013675615212527963,0.5898370654095463,0.0,0.5898370654095463,accepted DAPI-only ARC/ME/VMN anatomy HIL bbox,3V analysis exclusion plus display overlay; never outer-tissue crop or normalization
Allulose,2026-07-09_FR4-1_Allulose,False,1.700481169597831,42,60.588,2102.917,-0.05190540108660914,0.5977952268709487,0.0,0.5977952268709487,accepted DAPI-only ARC/ME/VMN anatomy HIL bbox,3V analysis exclusion plus display overlay; never outer-tissue crop or normalization
Allulose,2026-07-09_FR4-1_Allulose,False,1.700481169597831,43,6.565,2118.351,-0.06917066155321189,0.6023426635238657,0.0,0.6023426635238657,accepted DAPI-only ARC/ME/VMN anatomy HIL bbox,3V analysis exclusion plus display overlay; never outer-tissue crop or normalization
Allulose,2026-07-09_FR4-1_Allulose,False,1.700481169597831,44,2.707,2164.654,-0.07040364333652925,0.6159852681202121,0.0,0.6159852681202121,accepted DAPI-only ARC/ME/VMN anatomy HIL bbox,3V analysis exclusion plus display overlay; never outer-tissue crop or normalization
Allulose,2026-07-09_FR4-1_Allulose,False,1.700481169597831,45,83.74,2180.089,-0.044506232023010545,0.6205329994107248,0.0,0.6205329994107248,accepted DAPI-only ARC/ME/VMN anatomy HIL bbox,3V analysis exclusion plus display overlay; never outer-tissue crop or normalization
Allulose,2026-07-09_FR4-1_Allulose,False,1.700481169597831,46,234.231,2149.22,0.0035893256631511646,0.6114378314672951,0.0035893256631511646,0.6114378314672951,accepted DAPI-only ARC/ME/VMN anatomy HIL bbox,3V analysis exclusion plus display overlay; never outer-tissue crop or normalization
Allulose,2026-07-09_FR4-1_Allulose,False,1.700481169597831,47,307.547,2137.644,0.027020453819111546,0.6080271066588095,0.027020453819111546,0.6080271066588095,accepted DAPI-only ARC/ME/VMN anatomy HIL bbox,3V analysis exclusion plus display overlay; never outer-tissue crop or normalization
Allulose,2026-07-09_FR4-1_Allulose,False,1.700481169597831,48,373.146,2129.927,0.04798529881751359,0.6057533883323513,0.04798529881751359,0.6057533883323513,accepted DAPI-only ARC/ME/VMN anatomy HIL bbox,3V analysis exclusion plus display overlay; never outer-tissue crop or normalization
Allulose,2026-07-09_FR4-1_Allulose,False,1.700481169597831,49,477.332,2118.351,0.08128219878555448,0.6023426635238657,0.08128219878555448,0.6023426635238657,accepted DAPI-only ARC/ME/VMN anatomy HIL bbox,3V analysis exclusion plus display overlay; never outer-tissue crop or normalization
Allulose,2026-07-09_FR4-1_Allulose,False,1.700481169597831,50,585.377,2099.059,0.11581240012783635,0.5966585150265175,0.11581240012783635,0.5966585150265175,accepted DAPI-only ARC/ME/VMN anatomy HIL bbox,3V analysis exclusion plus display overlay; never outer-tissue crop or normalization
Allulose,2026-07-09_FR4-1_Allulose,False,1.700481169597831,51,647.117,2091.342,0.13554394375199744,0.594384796700059,0.13554394375199744,0.594384796700059,accepted DAPI-only ARC/ME/VMN anatomy HIL bbox,3V analysis exclusion plus display overlay; never outer-tissue crop or normalization
Allulose,2026-07-09_FR4-1_Allulose,False,1.700481169597831,52,712.716,2083.624,0.1565087887503995,0.5921107837360047,0.1565087887503995,0.5921107837360047,accepted DAPI-only ARC/ME/VMN anatomy HIL bbox,3V analysis exclusion plus display overlay; never outer-tissue crop or normalization
Allulose,2026-07-09_FR4-1_Allulose,False,1.700481169597831,53,778.314,2060.473,0.1774733141578779,0.5852896287566294,0.1774733141578779,0.5852896287566294,accepted DAPI-only ARC/ME/VMN anatomy HIL bbox,3V analysis exclusion plus display overlay; never outer-tissue crop or normalization
Allulose,2026-07-09_FR4-1_Allulose,False,1.700481169597831,54,874.783,2048.897,0.2083039309683605,0.5818789039481438,0.2083039309683605,0.5818789039481438,accepted DAPI-only ARC/ME/VMN anatomy HIL bbox,3V analysis exclusion plus display overlay; never outer-tissue crop or normalization
Allulose,2026-07-09_FR4-1_Allulose,False,1.700481169597831,55,975.11,2033.463,0.24036752956216043,0.5773314672952269,0.24036752956216043,0.5773314672952269,accepted DAPI-only ARC/ME/VMN anatomy HIL bbox,3V analysis exclusion plus display overlay; never outer-tissue crop or normalization
Allulose,2026-07-09_FR4-1_Allulose,False,1.700481169597831,56,1083.155,2025.746,0.2748977309044423,0.5750577489687685,0.2748977309044423,0.5750577489687685,accepted DAPI-only ARC/ME/VMN anatomy HIL bbox,3V analysis exclusion plus display overlay; never outer-tissue crop or normalization
Allulose,2026-07-09_FR4-1_Allulose,False,1.700481169597831,57,1195.058,2025.746,0.31066091403004154,0.5750577489687685,0.31066091403004154,0.5750577489687685,accepted DAPI-only ARC/ME/VMN anatomy HIL bbox,3V analysis exclusion plus display overlay; never outer-tissue crop or normalization
Allulose,2026-07-09_FR4-1_Allulose,False,1.700481169597831,58,1272.233,2025.746,0.33532534356024285,0.5750577489687685,0.33532534356024285,0.5750577489687685,accepted DAPI-only ARC/ME/VMN anatomy HIL bbox,3V analysis exclusion plus display overlay; never outer-tissue crop or normalization
Allulose,2026-07-09_FR4-1_Allulose,False,1.700481169597831,59,1341.691,1971.726,0.3575234899328859,0.5591414260459635,0.3575234899328859,0.5591414260459635,accepted DAPI-only ARC/ME/VMN anatomy HIL bbox,3V analysis exclusion plus display overlay; never outer-tissue crop or normalization
Allulose,2026-07-09_FR4-1_Allulose,False,1.700481169597831,60,1472.888,1967.868,0.39945286033876637,0.5580047142015321,0.39945286033876637,0.5580047142015321,accepted DAPI-only ARC/ME/VMN anatomy HIL bbox,3V analysis exclusion plus display overlay; never outer-tissue crop or normalization
Allulose,2026-07-09_FR4-1_Allulose,False,1.700481169597831,61,1634.955,1960.15,0.45124800255672737,0.5557307012374779,0.45124800255672737,0.5557307012374779,accepted DAPI-only ARC/ME/VMN anatomy HIL bbox,3V analysis exclusion plus display overlay; never outer-tissue crop or normalization
Allulose,2026-07-09_FR4-1_Allulose,False,1.700481169597831,62,1723.706,1956.292,0.479612016618728,0.5545939893930465,0.479612016618728,0.5545939893930465,accepted DAPI-only ARC/ME/VMN anatomy HIL bbox,3V analysis exclusion plus display overlay; never outer-tissue crop or normalization
Allulose,2026-07-09_FR4-1_Allulose,False,1.700481169597831,63,1874.197,1948.575,0.5277075743048897,0.5523202710665881,0.5277075743048897,0.5523202710665881,accepted DAPI-only ARC/ME/VMN anatomy HIL bbox,3V analysis exclusion plus display overlay; never outer-tissue crop or normalization
Allulose,2026-07-09_FR4-1_Allulose,False,1.700481169597831,64,1966.807,1925.423,0.5573048897411313,0.5454988214496169,0.5573048897411313,0.5454988214496169,accepted DAPI-only ARC/ME/VMN anatomy HIL bbox,3V analysis exclusion plus display overlay; never outer-tissue crop or normalization
Allulose,2026-07-09_FR4-1_Allulose,False,1.700481169597831,65,2024.688,1933.14,0.5758031319910515,0.5477725397760754,0.5758031319910515,0.5477725397760754,accepted DAPI-only ARC/ME/VMN anatomy HIL bbox,3V analysis exclusion plus display overlay; never outer-tissue crop or normalization
Allulose,2026-07-09_FR4-1_Allulose,False,1.700481169597831,66,2179.038,1967.868,0.6251319910514541,0.5580047142015321,0.6251319910514541,0.5580047142015321,accepted DAPI-only ARC/ME/VMN anatomy HIL bbox,3V analysis exclusion plus display overlay; never outer-tissue crop or normalization
Allulose,2026-07-09_FR4-1_Allulose,False,1.700481169597831,67,2244.637,1956.292,0.6460968360498562,0.5545939893930465,0.6460968360498562,0.5545939893930465,accepted DAPI-only ARC/ME/VMN anatomy HIL bbox,3V analysis exclusion plus display overlay; never outer-tissue crop or normalization
Allulose,2026-07-09_FR4-1_Allulose,False,1.700481169597831,68,2321.811,1987.16,0.6707609459891339,0.5636888626988804,0.6707609459891339,0.5636888626988804,accepted DAPI-only ARC/ME/VMN anatomy HIL bbox,3V analysis exclusion plus display overlay; never outer-tissue crop or normalization
Allulose,2026-07-09_FR4-1_Allulose,False,1.700481169597831,69,2441.433,2037.322,0.7089910514541387,0.578468473777254,0.7089910514541387,0.578468473777254,accepted DAPI-only ARC/ME/VMN anatomy HIL bbox,3V analysis exclusion plus display overlay; never outer-tissue crop or normalization
Allulose,2026-07-09_FR4-1_Allulose,False,1.700481169597831,70,2483.879,2060.473,0.7225564077980186,0.5852896287566294,0.7225564077980186,0.5852896287566294,accepted DAPI-only ARC/ME/VMN anatomy HIL bbox,3V analysis exclusion plus display overlay; never outer-tissue crop or normalization
Allulose,2026-07-09_FR4-1_Allulose,False,1.700481169597831,71,2526.325,2095.2,0.7361217641418983,0.5955215085444903,0.7361217641418983,0.5955215085444903,accepted DAPI-only ARC/ME/VMN anatomy HIL bbox,3V analysis exclusion plus display overlay; never outer-tissue crop or normalization
Allulose,2026-07-09_FR4-1_Allulose,False,1.700481169597831,72,2580.347,2122.21,0.7533867050175775,0.6034796700058928,0.7533867050175775,0.6034796700058928,accepted DAPI-only ARC/ME/VMN anatomy HIL bbox,3V analysis exclusion plus display overlay; never outer-tissue crop or normalization
Allulose,2026-07-09_FR4-1_Allulose,False,1.700481169597831,73,2638.229,2126.069,0.7718852668584212,0.6046166764879198,0.7718852668584212,0.6046166764879198,accepted DAPI-only ARC/ME/VMN anatomy HIL bbox,3V analysis exclusion plus display overlay; never outer-tissue crop or normalization
Allulose,2026-07-09_FR4-1_Allulose,False,1.700481169597831,74,2703.827,2156.937,0.7928497922658997,0.6137115497937536,0.7928497922658997,0.6137115497937536,accepted DAPI-only ARC/ME/VMN anatomy HIL bbox,3V analysis exclusion plus display overlay; never outer-tissue crop or normalization
Allulose,2026-07-09_FR5-1_Allulose,False,1.6567414730142827,1,728.539,1291.879,0.178583084279737,0.36346939367565995,0.178583084279737,0.36346939367565995,accepted DAPI-only ARC/ME/VMN anatomy HIL bbox,3V analysis exclusion plus display overlay; never outer-tissue crop or normalization
Allulose,2026-07-09_FR5-1_Allulose,False,1.6567414730142827,2,751.671,1349.724,0.18549641362821281,0.3802506527415143,0.18549641362821281,0.3802506527415143,accepted DAPI-only ARC/ME/VMN anatomy HIL bbox,3V analysis exclusion plus display overlay; never outer-tissue crop or normalization
Allulose,2026-07-09_FR5-1_Allulose,False,1.6567414730142827,3,813.357,1430.707,0.20393215780035862,0.4037444154337105,0.20393215780035862,0.4037444154337105,accepted DAPI-only ARC/ME/VMN anatomy HIL bbox,3V analysis exclusion plus display overlay; never outer-tissue crop or normalization
Allulose,2026-07-09_FR5-1_Allulose,False,1.6567414730142827,4,828.779,1488.553,0.2085412432755529,0.4205259646069046,0.2085412432755529,0.4205259646069046,accepted DAPI-only ARC/ME/VMN anatomy HIL bbox,3V analysis exclusion plus display overlay; never outer-tissue crop or normalization
Allulose,2026-07-09_FR5-1_Allulose,False,1.6567414730142827,5,836.489,1569.536,0.21084548714883444,0.44401972729910066,0.21084548714883444,0.44401972729910066,accepted DAPI-only ARC/ME/VMN anatomy HIL bbox,3V analysis exclusion plus display overlay; never outer-tissue crop or normalization
Allulose,2026-07-09_FR5-1_Allulose,False,1.6567414730142827,6,867.332,1619.669,0.22006335923490736,0.4585636785610676,0.22006335923490736,0.4585636785610676,accepted DAPI-only ARC/ME/VMN anatomy HIL bbox,3V analysis exclusion plus display overlay; never outer-tissue crop or normalization
Allulose,2026-07-09_FR5-1_Allulose,False,1.6567414730142827,7,875.043,1708.365,0.22236790197250447,0.48429503916449085,0.22236790197250447,0.48429503916449085,accepted DAPI-only ARC/ME/VMN anatomy HIL bbox,3V analysis exclusion plus display overlay; never outer-tissue crop or normalization
Allulose,2026-07-09_FR5-1_Allulose,False,1.6567414730142827,8,844.2,1793.205,0.21315002988643159,0.5089077458659704,0.21315002988643159,0.5089077458659704,accepted DAPI-only ARC/ME/VMN anatomy HIL bbox,3V analysis exclusion plus display overlay; never outer-tissue crop or normalization
Allulose,2026-07-09_FR5-1_Allulose,False,1.6567414730142827,9,805.646,1897.326,0.2016276150627615,0.5391140121845083,0.2016276150627615,0.5391140121845083,accepted DAPI-only ARC/ME/VMN anatomy HIL bbox,3V analysis exclusion plus display overlay; never outer-tissue crop or normalization
Allulose,2026-07-09_FR5-1_Allulose,False,1.6567414730142827,10,805.646,1966.74,0.2016276150627615,0.5592515230635335,0.2016276150627615,0.5592515230635335,accepted DAPI-only ARC/ME/VMN anatomy HIL bbox,3V analysis exclusion plus display overlay; never outer-tissue crop or normalization
Allulose,2026-07-09_FR5-1_Allulose,False,1.6567414730142827,11,747.816,2059.293,0.18434429169157204,0.5861018276762402,0.18434429169157204,0.5861018276762402,accepted DAPI-only ARC/ME/VMN anatomy HIL bbox,3V analysis exclusion plus display overlay; never outer-tissue crop or normalization
Allulose,2026-07-09_FR5-1_Allulose,False,1.6567414730142827,12,732.394,2113.282,0.17973520621637776,0.6017644328401509,0.17973520621637776,0.6017644328401509,accepted DAPI-only ARC/ME/VMN anatomy HIL bbox,3V analysis exclusion plus display overlay; never outer-tissue crop or normalization
Allulose,2026-07-09_FR5-1_Allulose,False,1.6567414730142827,13,732.394,2163.415,0.17973520621637776,0.6163083841021177,0.17973520621637776,0.6163083841021177,accepted DAPI-only ARC/ME/VMN anatomy HIL bbox,3V analysis exclusion plus display overlay; never outer-tissue crop or normalization
Allulose,2026-07-09_FR5-1_Allulose,False,1.6567414730142827,14,770.948,2186.553,0.19125762104004781,0.6230208877284595,0.19125762104004781,0.6230208877284595,accepted DAPI-only ARC/ME/VMN anatomy HIL bbox,3V analysis exclusion plus display overlay; never outer-tissue crop or normalization
Allulose,2026-07-09_FR5-1_Allulose,False,1.6567414730142827,15,855.766,2159.558,0.21660669456066944,0.6151894400928344,0.21660669456066944,0.6151894400928344,accepted DAPI-only ARC/ME/VMN anatomy HIL bbox,3V analysis exclusion plus display overlay; never outer-tissue crop or normalization
Allulose,2026-07-09_FR5-1_Allulose,False,1.6567414730142827,16,979.138,2117.138,0.25347818290496116,0.6028830867420946,0.25347818290496116,0.6028830867420946,accepted DAPI-only ARC/ME/VMN anatomy HIL bbox,3V analysis exclusion plus display overlay; never outer-tissue crop or normalization
Allulose,2026-07-09_FR5-1_Allulose,False,1.6567414730142827,17,1029.258,2094.0,0.2684572624028691,0.5961705831157529,0.2684572624028691,0.5961705831157529,accepted DAPI-only ARC/ME/VMN anatomy HIL bbox,3V analysis exclusion plus display overlay; never outer-tissue crop or normalization
Allulose,2026-07-09_FR5-1_Allulose,False,1.6567414730142827,18,1106.365,2070.862,0.2915017931858936,0.5894580794894111,0.2915017931858936,0.5894580794894111,accepted DAPI-only ARC/ME/VMN anatomy HIL bbox,3V analysis exclusion plus display overlay; never outer-tissue crop or normalization
Allulose,2026-07-09_FR5-1_Allulose,False,1.6567414730142827,19,1164.195,2070.862,0.3087851165570831,0.5894580794894111,0.3087851165570831,0.5894580794894111,accepted DAPI-only ARC/ME/VMN anatomy HIL bbox,3V analysis exclusion plus display overlay; never outer-tissue crop or normalization
Allulose,2026-07-09_FR5-1_Allulose,False,1.6567414730142827,20,1198.894,2047.724,0.31915540944411236,0.5827455758630693,0.31915540944411236,0.5827455758630693,accepted DAPI-only ARC/ME/VMN anatomy HIL bbox,3V analysis exclusion plus display overlay; never outer-tissue crop or normalization
Allulose,2026-07-09_FR5-1_Allulose,False,1.6567414730142827,21,1249.013,2016.873,0.3341341900777047,0.5737954743255005,0.3341341900777047,0.5737954743255005,accepted DAPI-only ARC/ME/VMN anatomy HIL bbox,3V analysis exclusion plus display overlay; never outer-tissue crop or normalization
Allulose,2026-07-09_FR5-1_Allulose,False,1.6567414730142827,22,1364.674,2016.873,0.3687011356843993,0.5737954743255005,0.3687011356843993,0.5737954743255005,accepted DAPI-only ARC/ME/VMN anatomy HIL bbox,3V analysis exclusion plus display overlay; never outer-tissue crop or normalization
Allulose,2026-07-09_FR5-1_Allulose,False,1.6567414730142827,23,1453.348,2001.448,0.3952026300059773,0.5693205686103858,0.3952026300059773,0.5693205686103858,accepted DAPI-only ARC/ME/VMN anatomy HIL bbox,3V analysis exclusion plus display overlay; never outer-tissue crop or normalization
Allulose,2026-07-09_FR5-1_Allulose,False,1.6567414730142827,24,1480.335,2001.448,0.40326808129109387,0.5693205686103858,0.40326808129109387,0.5693205686103858,accepted DAPI-only ARC/ME/VMN anatomy HIL bbox,3V analysis exclusion plus display overlay; never outer-tissue crop or normalization
Allulose,2026-07-09_FR5-1_Allulose,False,1.6567414730142827,25,1545.876,2040.011,0.42285594739988047,0.5805079779518422,0.42285594739988047,0.5805079779518422,accepted DAPI-only ARC/ME/VMN anatomy HIL bbox,3V analysis exclusion plus display overlay; never outer-tissue crop or normalization
Allulose,2026-07-09_FR5-1_Allulose,False,1.6567414730142827,26,1634.55,2074.718,0.4493574417214584,0.5905767333913547,0.4493574417214584,0.5905767333913547,accepted DAPI-only ARC/ME/VMN anatomy HIL bbox,3V analysis exclusion plus display overlay; never outer-tissue crop or normalization
Allulose,2026-07-09_FR5-1_Allulose,False,1.6567414730142827,27,1757.921,2109.426,0.48622863120143456,0.6006457789382071,0.48622863120143456,0.6006457789382071,accepted DAPI-only ARC/ME/VMN anatomy HIL bbox,3V analysis exclusion plus display overlay; never outer-tissue crop or normalization
Allulose,2026-07-09_FR5-1_Allulose,False,1.6567414730142827,28,1831.173,2117.138,0.5081210400478183,0.6028830867420946,0.5081210400478183,0.6028830867420946,accepted DAPI-only ARC/ME/VMN anatomy HIL bbox,3V analysis exclusion plus display overlay; never outer-tissue crop or normalization
Allulose,2026-07-09_FR5-1_Allulose,False,1.6567414730142827,29,1981.533,2163.415,0.5530582785415421,0.6163083841021177,0.5530582785415421,0.6163083841021177,accepted DAPI-only ARC/ME/VMN anatomy HIL bbox,3V analysis exclusion plus display overlay; never outer-tissue crop or normalization
Allulose,2026-07-09_FR5-1_Allulose,False,1.6567414730142827,30,2070.206,2186.553,0.5795594739988046,0.6230208877284595,0.5795594739988046,0.6230208877284595,accepted DAPI-only ARC/ME/VMN anatomy HIL bbox,3V analysis exclusion plus display overlay; never outer-tissue crop or normalization
Allulose,2026-07-09_FR5-1_Allulose,False,1.6567414730142827,31,2193.578,2201.978,0.6164309623430962,0.6274957934435741,0.6164309623430962,0.6274957934435741,accepted DAPI-only ARC/ME/VMN anatomy HIL bbox,3V analysis exclusion plus display overlay; never outer-tissue crop or normalization
Allulose,2026-07-09_FR5-1_Allulose,False,1.6567414730142827,32,2332.371,2225.116,0.6579112372982666,0.6342082970699159,0.6579112372982666,0.6342082970699159,accepted DAPI-only ARC/ME/VMN anatomy HIL bbox,3V analysis exclusion plus display overlay; never outer-tissue crop or normalization
Allulose,2026-07-09_FR5-1_Allulose,False,1.6567414730142827,33,2451.887,2252.111,0.6936303048416019,0.642039744705541,0.6936303048416019,0.642039744705541,accepted DAPI-only ARC/ME/VMN anatomy HIL bbox,3V analysis exclusion plus display overlay; never outer-tissue crop or normalization
Allulose,2026-07-09_FR5-1_Allulose,False,1.6567414730142827,34,2579.114,2290.674,0.7316539151225344,0.6532271540469974,0.7316539151225344,0.6532271540469974,accepted DAPI-only ARC/ME/VMN anatomy HIL bbox,3V analysis exclusion plus display overlay; never outer-tissue crop or normalization
Allulose,2026-07-09_FR5-1_Allulose,False,1.6567414730142827,35,2806.581,2325.381,0.7996356843992828,0.66329590948651,0.7996356843992828,0.66329590948651,accepted DAPI-only ARC/ME/VMN anatomy HIL bbox,3V analysis exclusion plus display overlay; never outer-tissue crop or normalization
Allulose,2026-07-09_FR5-1_Allulose,False,1.6567414730142827,36,2899.11,2333.094,0.8272893006575015,0.6655335073977372,0.8272893006575015,0.6655335073977372,accepted DAPI-only ARC/ME/VMN anatomy HIL bbox,3V analysis exclusion plus display overlay; never outer-tissue crop or normalization
Allulose,2026-07-09_FR5-1_Allulose,False,1.6567414730142827,37,3007.06,2356.232,0.8595517035265989,0.6722460110240789,0.8595517035265989,0.6722460110240789,accepted DAPI-only ARC/ME/VMN anatomy HIL bbox,3V analysis exclusion plus display overlay; never outer-tissue crop or normalization
Allulose,2026-07-09_FR5-1_Allulose,False,1.6567414730142827,38,3115.01,2383.227,0.8918141063956965,0.680077458659704,0.8918141063956965,0.680077458659704,accepted DAPI-only ARC/ME/VMN anatomy HIL bbox,3V analysis exclusion plus display overlay; never outer-tissue crop or normalization
Allulose,2026-07-09_FR5-1_Allulose,False,1.6567414730142827,39,3222.96,2398.652,0.9240765092647938,0.6845523643748187,0.9240765092647938,0.6845523643748187,accepted DAPI-only ARC/ME/VMN anatomy HIL bbox,3V analysis exclusion plus display overlay; never outer-tissue crop or normalization
Allulose,2026-07-09_FR5-1_Allulose,False,1.6567414730142827,40,3350.187,2429.503,0.9621001195457262,0.6935024659123876,0.9621001195457262,0.6935024659123876,accepted DAPI-only ARC/ME/VMN anatomy HIL bbox,3V analysis exclusion plus display overlay; never outer-tissue crop or normalization
Allulose,2026-07-09_FR5-1_Allulose,False,1.6567414730142827,41,3427.294,2452.641,0.9851446503287508,0.7002149695387293,0.9851446503287508,0.7002149695387293,accepted DAPI-only ARC/ME/VMN anatomy HIL bbox,3V analysis exclusion plus display overlay; never outer-tissue crop or normalization
Allulose,2026-07-09_FR5-1_Allulose,False,1.6567414730142827,42,3477.414,2468.066,1.0001237298266588,0.7046898752538439,1.0,0.7046898752538439,accepted DAPI-only ARC/ME/VMN anatomy HIL bbox,3V analysis exclusion plus display overlay; never outer-tissue crop or normalization
Allulose,2026-07-09_FR5-1_Allulose,False,1.6567414730142827,43,3465.848,2417.934,0.9966670651524208,0.6901462140992167,0.9966670651524208,0.6901462140992167,accepted DAPI-only ARC/ME/VMN anatomy HIL bbox,3V analysis exclusion plus display overlay; never outer-tissue crop or normalization
Allulose,2026-07-09_FR5-1_Allulose,False,1.6567414730142827,44,3396.452,2406.365,0.9759270771069934,0.6867899622860457,0.9759270771069934,0.6867899622860457,accepted DAPI-only ARC/ME/VMN anatomy HIL bbox,3V analysis exclusion plus display overlay; never outer-tissue crop or normalization
Allulose,2026-07-09_FR5-1_Allulose,False,1.6567414730142827,45,3311.633,2394.796,0.9505777047220562,0.6834337104728749,0.9505777047220562,0.6834337104728749,accepted DAPI-only ARC/ME/VMN anatomy HIL bbox,3V analysis exclusion plus display overlay; never outer-tissue crop or normalization
Allulose,2026-07-09_FR5-1_Allulose,False,1.6567414730142827,46,3141.997,2356.232,0.8998795576808128,0.6722460110240789,0.8998795576808128,0.6722460110240789,accepted DAPI-only ARC/ME/VMN anatomy HIL bbox,3V analysis exclusion plus display overlay; never outer-tissue crop or normalization
Allulose,2026-07-09_FR5-1_Allulose,False,1.6567414730142827,47,2995.494,2321.525,0.856095038852361,0.6621772555845663,0.856095038852361,0.6621772555845663,accepted DAPI-only ARC/ME/VMN anatomy HIL bbox,3V analysis exclusion plus display overlay; never outer-tissue crop or normalization
Allulose,2026-07-09_FR5-1_Allulose,False,1.6567414730142827,48,2918.386,2298.387,0.8330502092050209,0.6554647519582246,0.8330502092050209,0.6554647519582246,accepted DAPI-only ARC/ME/VMN anatomy HIL bbox,3V analysis exclusion plus display overlay; never outer-tissue crop or normalization
Allulose,2026-07-09_FR5-1_Allulose,False,1.6567414730142827,49,2702.486,2259.823,0.7685254034668261,0.6442770525094285,0.7685254034668261,0.6442770525094285,accepted DAPI-only ARC/ME/VMN anatomy HIL bbox,3V analysis exclusion plus display overlay; never outer-tissue crop or normalization
Allulose,2026-07-09_FR5-1_Allulose,False,1.6567414730142827,50,2609.957,2244.398,0.7408717872086072,0.6398021467943139,0.7408717872086072,0.6398021467943139,accepted DAPI-only ARC/ME/VMN anatomy HIL bbox,3V analysis exclusion plus display overlay; never outer-tissue crop or normalization
Allulose,2026-07-09_FR5-1_Allulose,False,1.6567414730142827,51,2490.441,2217.404,0.7051527196652719,0.6319709892660285,0.7051527196652719,0.6319709892660285,accepted DAPI-only ARC/ME/VMN anatomy HIL bbox,3V analysis exclusion plus display overlay; never outer-tissue crop or normalization
Allulose,2026-07-09_FR5-1_Allulose,False,1.6567414730142827,52,2313.094,2167.271,0.6521500298864316,0.6174270380040615,0.6521500298864316,0.6174270380040615,accepted DAPI-only ARC/ME/VMN anatomy HIL bbox,3V analysis exclusion plus display overlay; never outer-tissue crop or normalization
Allulose,2026-07-09_FR5-1_Allulose,False,1.6567414730142827,53,2212.854,2151.845,0.6221918708906156,0.6129518421816071,0.6221918708906156,0.6129518421816071,accepted DAPI-only ARC/ME/VMN anatomy HIL bbox,3V analysis exclusion plus display overlay; never outer-tissue crop or normalization
Allulose,2026-07-09_FR5-1_Allulose,False,1.6567414730142827,54,1946.834,2078.575,0.5426879856545128,0.5916956774006382,0.5426879856545128,0.5916956774006382,accepted DAPI-only ARC/ME/VMN anatomy HIL bbox,3V analysis exclusion plus display overlay; never outer-tissue crop or normalization
Allulose,2026-07-09_FR5-1_Allulose,False,1.6567414730142827,55,1838.884,2063.149,0.5104255827854154,0.5872204815781839,0.5104255827854154,0.5872204815781839,accepted DAPI-only ARC/ME/VMN anatomy HIL bbox,3V analysis exclusion plus display overlay; never outer-tissue crop or normalization
Allulose,2026-07-09_FR5-1_Allulose,False,1.6567414730142827,56,1781.054,2047.724,0.49314225941422596,0.5827455758630693,0.49314225941422596,0.5827455758630693,accepted DAPI-only ARC/ME/VMN anatomy HIL bbox,3V analysis exclusion plus display overlay; never outer-tissue crop or normalization
Allulose,2026-07-09_FR5-1_Allulose,False,1.6567414730142827,57,1661.537,1997.591,0.457422893006575,0.5682016246011024,0.457422893006575,0.5682016246011024,accepted DAPI-only ARC/ME/VMN anatomy HIL bbox,3V analysis exclusion plus display overlay; never outer-tissue crop or normalization
Allulose,2026-07-09_FR5-1_Allulose,False,1.6567414730142827,58,1592.141,1951.315,0.43668290496114764,0.5547766173484189,0.43668290496114764,0.5547766173484189,accepted DAPI-only ARC/ME/VMN anatomy HIL bbox,3V analysis exclusion plus display overlay; never outer-tissue crop or normalization
Allulose,2026-07-09_FR5-1_Allulose,False,1.6567414730142827,59,1488.046,1905.039,0.405572624028691,0.5413516100957354,0.405572624028691,0.5413516100957354,accepted DAPI-only ARC/ME/VMN anatomy HIL bbox,3V analysis exclusion plus display overlay; never outer-tissue crop or normalization
Allulose,2026-07-09_FR5-1_Allulose,False,1.6567414730142827,60,1403.228,1866.475,0.38022355050806933,0.5301639106469394,0.38022355050806933,0.5301639106469394,accepted DAPI-only ARC/ME/VMN anatomy HIL bbox,3V analysis exclusion plus display overlay; never outer-tissue crop or normalization
Allulose,2026-07-09_FR5-1_Allulose,False,1.6567414730142827,61,1233.592,1789.348,0.3295254034668261,0.507788801856687,0.3295254034668261,0.507788801856687,accepted DAPI-only ARC/ME/VMN anatomy HIL bbox,3V analysis exclusion plus display overlay; never outer-tissue crop or normalization
Allulose,2026-07-09_FR5-1_Allulose,False,1.6567414730142827,62,1094.799,1669.801,0.2880451285116557,0.4731073397156948,0.2880451285116557,0.4731073397156948,accepted DAPI-only ARC/ME/VMN anatomy HIL bbox,3V analysis exclusion plus display overlay; never outer-tissue crop or normalization
Allulose,2026-07-09_FR5-1_Allulose,False,1.6567414730142827,63,1040.824,1581.105,0.271913927077107,0.44737597911227156,0.271913927077107,0.44737597911227156,accepted DAPI-only ARC/ME/VMN anatomy HIL bbox,3V analysis exclusion plus display overlay; never outer-tissue crop or normalization
Allulose,2026-07-09_FR5-1_Allulose,False,1.6567414730142827,64,975.282,1500.122,0.2523257621040048,0.42388221642007545,0.2523257621040048,0.42388221642007545,accepted DAPI-only ARC/ME/VMN anatomy HIL bbox,3V analysis exclusion plus display overlay; never outer-tissue crop or normalization
Allulose,2026-07-09_FR5-1_Allulose,False,1.6567414730142827,65,921.307,1465.414,0.23619456066945607,0.4138131708732231,0.23619456066945607,0.4138131708732231,accepted DAPI-only ARC/ME/VMN anatomy HIL bbox,3V analysis exclusion plus display overlay; never outer-tissue crop or normalization
Allulose,2026-07-09_FR5-1_Allulose,False,1.6567414730142827,66,851.911,1388.287,0.21545457262402867,0.3914380620829707,0.21545457262402867,0.3914380620829707,accepted DAPI-only ARC/ME/VMN anatomy HIL bbox,3V analysis exclusion plus display overlay; never outer-tissue crop or normalization
Allulose,2026-07-09_FR5-1_Allulose,False,1.6567414730142827,67,821.068,1322.729,0.20623670053795576,0.3724192051058892,0.20623670053795576,0.3724192051058892,accepted DAPI-only ARC/ME/VMN anatomy HIL bbox,3V analysis exclusion plus display overlay; never outer-tissue crop or normalization
Allulose,2026-07-09_FR5-2_Allulose,True,1.506835712259577,1,784.337,1275.879,0.21768019859813084,0.35366237942122186,0.21768019859813084,0.35366237942122186,accepted DAPI-only ARC/ME/VMN anatomy HIL bbox,3V analysis exclusion plus display overlay; never outer-tissue crop or normalization
Allulose,2026-07-09_FR5-2_Allulose,True,1.506835712259577,2,718.622,1302.943,0.1984877336448598,0.3615735165156387,0.1984877336448598,0.3615735165156387,accepted DAPI-only ARC/ME/VMN anatomy HIL bbox,3V analysis exclusion plus display overlay; never outer-tissue crop or normalization
Allulose,2026-07-09_FR5-2_Allulose,True,1.506835712259577,3,683.832,1353.205,0.18832710280373832,0.3762657117801812,0.18832710280373832,0.3762657117801812,accepted DAPI-only ARC/ME/VMN anatomy HIL bbox,3V analysis exclusion plus display overlay; never outer-tissue crop or normalization
Allulose,2026-07-09_FR5-2_Allulose,True,1.506835712259577,4,687.697,1434.397,0.18945589953271028,0.3999991230634317,0.18945589953271028,0.3999991230634317,accepted DAPI-only ARC/ME/VMN anatomy HIL bbox,3V analysis exclusion plus display overlay; never outer-tissue crop or normalization
Allulose,2026-07-09_FR5-2_Allulose,True,1.506835712259577,5,695.429,1542.653,0.19171407710280372,0.4316436714410991,0.19171407710280372,0.4316436714410991,accepted DAPI-only ARC/ME/VMN anatomy HIL bbox,3V analysis exclusion plus display overlay; never outer-tissue crop or normalization
Allulose,2026-07-09_FR5-2_Allulose,True,1.506835712259577,6,695.429,1658.642,0.19171407710280372,0.46554866997953814,0.19171407710280372,0.46554866997953814,accepted DAPI-only ARC/ME/VMN anatomy HIL bbox,3V analysis exclusion plus display overlay; never outer-tissue crop or normalization
Allulose,2026-07-09_FR5-2_Allulose,True,1.506835712259577,7,676.101,1763.032,0.18606921728971962,0.49606313943291436,0.18606921728971962,0.49606313943291436,accepted DAPI-only ARC/ME/VMN anatomy HIL bbox,3V analysis exclusion plus display overlay; never outer-tissue crop or normalization
Allulose,2026-07-09_FR5-2_Allulose,True,1.506835712259577,8,691.563,1809.428,0.190584988317757,0.5096252557731658,0.190584988317757,0.5096252557731658,accepted DAPI-only ARC/ME/VMN anatomy HIL bbox,3V analysis exclusion plus display overlay; never outer-tissue crop or normalization
Allulose,2026-07-09_FR5-2_Allulose,True,1.506835712259577,9,664.504,1886.754,0.18268224299065422,0.532228588132125,0.18268224299065422,0.532228588132125,accepted DAPI-only ARC/ME/VMN anatomy HIL bbox,3V analysis exclusion plus display overlay; never outer-tissue crop or normalization
Allulose,2026-07-09_FR5-2_Allulose,True,1.506835712259577,10,618.117,1964.08,0.16913463785046728,0.5548319204910844,0.16913463785046728,0.5548319204910844,accepted DAPI-only ARC/ME/VMN anatomy HIL bbox,3V analysis exclusion plus display overlay; never outer-tissue crop or normalization
Allulose,2026-07-09_FR5-2_Allulose,True,1.506835712259577,11,614.252,2022.074,0.1680058411214953,0.5717842736042094,0.1680058411214953,0.5717842736042094,accepted DAPI-only ARC/ME/VMN anatomy HIL bbox,3V analysis exclusion plus display overlay; never outer-tissue crop or normalization
Allulose,2026-07-09_FR5-2_Allulose,True,1.506835712259577,12,625.848,2107.133,0.17139252336448596,0.5966480561239403,0.17139252336448596,0.5966480561239403,accepted DAPI-only ARC/ME/VMN anatomy HIL bbox,3V analysis exclusion plus display overlay; never outer-tissue crop or normalization
Allulose,2026-07-09_FR5-2_Allulose,True,1.506835712259577,13,645.176,2145.796,0.17703738317757012,0.60794972230342,0.17703738317757012,0.60794972230342,accepted DAPI-only ARC/ME/VMN anatomy HIL bbox,3V analysis exclusion plus display overlay; never outer-tissue crop or normalization
Allulose,2026-07-09_FR5-2_Allulose,True,1.506835712259577,14,695.429,2176.726,0.19171407710280372,0.616990938322128,0.19171407710280372,0.616990938322128,accepted DAPI-only ARC/ME/VMN anatomy HIL bbox,3V analysis exclusion plus display overlay; never outer-tissue crop or normalization
Allulose,2026-07-09_FR5-2_Allulose,True,1.506835712259577,15,753.412,2168.994,0.2086483644859813,0.6147307804735458,0.2086483644859813,0.6147307804735458,accepted DAPI-only ARC/ME/VMN anatomy HIL bbox,3V analysis exclusion plus display overlay; never outer-tissue crop or normalization
Allulose,2026-07-09_FR5-2_Allulose,True,1.506835712259577,16,865.514,2161.261,0.24138843457943926,0.612470330312774,0.24138843457943926,0.612470330312774,accepted DAPI-only ARC/ME/VMN anatomy HIL bbox,3V analysis exclusion plus display overlay; never outer-tissue crop or normalization
Allulose,2026-07-09_FR5-2_Allulose,True,1.506835712259577,17,927.363,2138.063,0.25945181074766355,0.6056892721426483,0.25945181074766355,0.6056892721426483,accepted DAPI-only ARC/ME/VMN anatomy HIL bbox,3V analysis exclusion plus display overlay; never outer-tissue crop or normalization
Allulose,2026-07-09_FR5-2_Allulose,True,1.506835712259577,18,1043.331,2103.266,0.2933209696261682,0.5955176848874598,0.2933209696261682,0.5955176848874598,accepted DAPI-only ARC/ME/VMN anatomy HIL bbox,3V analysis exclusion plus display overlay; never outer-tissue crop or normalization
Allulose,2026-07-09_FR5-2_Allulose,True,1.506835712259577,19,1163.163,2068.47,0.3283186331775701,0.5853463899444606,0.3283186331775701,0.5853463899444606,accepted DAPI-only ARC/ME/VMN anatomy HIL bbox,3V analysis exclusion plus display overlay; never outer-tissue crop or normalization
Allulose,2026-07-09_FR5-2_Allulose,True,1.506835712259577,20,1267.534,2018.208,0.3588008177570094,0.5706541946799182,0.3588008177570094,0.5706541946799182,accepted DAPI-only ARC/ME/VMN anatomy HIL bbox,3V analysis exclusion plus display overlay; never outer-tissue crop or normalization
Allulose,2026-07-09_FR5-2_Allulose,True,1.506835712259577,21,1360.308,1995.01,0.38589602803738315,0.5638731365097924,0.38589602803738315,0.5638731365097924,accepted DAPI-only ARC/ME/VMN anatomy HIL bbox,3V analysis exclusion plus display overlay; never outer-tissue crop or normalization
Allulose,2026-07-09_FR5-2_Allulose,True,1.506835712259577,22,1491.738,1979.545,0.42428095794392523,0.5593525285004385,0.42428095794392523,0.5593525285004385,accepted DAPI-only ARC/ME/VMN anatomy HIL bbox,3V analysis exclusion plus display overlay; never outer-tissue crop or normalization
Allulose,2026-07-09_FR5-2_Allulose,True,1.506835712259577,23,1619.302,1964.08,0.46153679906542056,0.5548319204910844,0.46153679906542056,0.5548319204910844,accepted DAPI-only ARC/ME/VMN anatomy HIL bbox,3V analysis exclusion plus display overlay; never outer-tissue crop or normalization
Allulose,2026-07-09_FR5-2_Allulose,True,1.506835712259577,24,1735.269,1956.347,0.49540566588785045,0.5525714703303127,0.49540566588785045,0.5525714703303127,accepted DAPI-only ARC/ME/VMN anatomy HIL bbox,3V analysis exclusion plus display overlay; never outer-tissue crop or normalization
Allulose,2026-07-09_FR5-2_Allulose,True,1.506835712259577,25,1843.505,1956.347,0.5270166471962617,0.5525714703303127,0.5270166471962617,0.5525714703303127,accepted DAPI-only ARC/ME/VMN anatomy HIL bbox,3V analysis exclusion plus display overlay; never outer-tissue crop or normalization
Allulose,2026-07-09_FR5-2_Allulose,True,1.506835712259577,26,1982.666,1956.347,0.5676594626168224,0.5525714703303127,0.5676594626168224,0.5525714703303127,accepted DAPI-only ARC/ME/VMN anatomy HIL bbox,3V analysis exclusion plus display overlay; never outer-tissue crop or normalization
Allulose,2026-07-09_FR5-2_Allulose,True,1.506835712259577,27,2141.155,1983.411,0.6139471378504674,0.5604826074247297,0.6139471378504674,0.5604826074247297,accepted DAPI-only ARC/ME/VMN anatomy HIL bbox,3V analysis exclusion plus display overlay; never outer-tissue crop or normalization
Allulose,2026-07-09_FR5-2_Allulose,True,1.506835712259577,28,2307.374,1995.01,0.662492406542056,0.5638731365097924,0.662492406542056,0.5638731365097924,accepted DAPI-only ARC/ME/VMN anatomy HIL bbox,3V analysis exclusion plus display overlay; never outer-tissue crop or normalization
Allulose,2026-07-09_FR5-2_Allulose,True,1.506835712259577,29,2601.158,2033.673,0.748293808411215,0.5751748026892721,0.748293808411215,0.5751748026892721,accepted DAPI-only ARC/ME/VMN anatomy HIL bbox,3V analysis exclusion plus display overlay; never outer-tissue crop or normalization
Allulose,2026-07-09_FR5-2_Allulose,True,1.506835712259577,30,2813.765,2049.138,0.8103869742990654,0.5796954106986261,0.8103869742990654,0.5796954106986261,accepted DAPI-only ARC/ME/VMN anatomy HIL bbox,3V analysis exclusion plus display overlay; never outer-tissue crop or normalization
Allulose,2026-07-09_FR5-2_Allulose,True,1.506835712259577,31,2976.119,2056.871,0.8578034462616823,0.5819558608593979,0.8578034462616823,0.5819558608593979,accepted DAPI-only ARC/ME/VMN anatomy HIL bbox,3V analysis exclusion plus display overlay; never outer-tissue crop or normalization
Allulose,2026-07-09_FR5-2_Allulose,True,1.506835712259577,32,3034.103,2045.272,0.8747380257009346,0.578565331774335,0.8747380257009346,0.578565331774335,accepted DAPI-only ARC/ME/VMN anatomy HIL bbox,3V analysis exclusion plus display overlay; never outer-tissue crop or normalization
Allulose,2026-07-09_FR5-2_Allulose,True,1.506835712259577,33,3099.818,2025.94,0.8939304906542057,0.5729143525285004,0.8939304906542057,0.5729143525285004,accepted DAPI-only ARC/ME/VMN anatomy HIL bbox,3V analysis exclusion plus display overlay; never outer-tissue crop or normalization
Allulose,2026-07-09_FR5-2_Allulose,True,1.506835712259577,34,3188.726,2022.074,0.9198966121495328,0.5717842736042094,0.9198966121495328,0.5717842736042094,accepted DAPI-only ARC/ME/VMN anatomy HIL bbox,3V analysis exclusion plus display overlay; never outer-tissue crop or normalization
Allulose,2026-07-09_FR5-2_Allulose,True,1.506835712259577,35,3266.038,2033.673,0.9424760514018692,0.5751748026892721,0.9424760514018692,0.5751748026892721,accepted DAPI-only ARC/ME/VMN anatomy HIL bbox,3V analysis exclusion plus display overlay; never outer-tissue crop or normalization
Allulose,2026-07-09_FR5-2_Allulose,True,1.506835712259577,36,3316.29,2033.673,0.957152453271028,0.5751748026892721,0.957152453271028,0.5751748026892721,accepted DAPI-only ARC/ME/VMN anatomy HIL bbox,3V analysis exclusion plus display overlay; never outer-tissue crop or normalization
Allulose,2026-07-09_FR5-2_Allulose,True,1.506835712259577,37,3378.139,2029.807,0.9752158294392523,0.5740447237649811,0.9752158294392523,0.5740447237649811,accepted DAPI-only ARC/ME/VMN anatomy HIL bbox,3V analysis exclusion plus display overlay; never outer-tissue crop or normalization
Allulose,2026-07-09_FR5-2_Allulose,True,1.506835712259577,38,3439.988,2037.539,0.9932792056074766,0.5763048816135633,0.9932792056074766,0.5763048816135633,accepted DAPI-only ARC/ME/VMN anatomy HIL bbox,3V analysis exclusion plus display overlay; never outer-tissue crop or normalization
Allulose,2026-07-09_FR5-2_Allulose,True,1.506835712259577,39,3478.644,2037.539,1.0045689252336447,0.5763048816135633,1.0,0.5763048816135633,accepted DAPI-only ARC/ME/VMN anatomy HIL bbox,3V analysis exclusion plus display overlay; never outer-tissue crop or normalization
Allulose,2026-07-09_FR5-2_Allulose,True,1.506835712259577,40,3478.644,1917.684,1.0045689252336447,0.541269804150833,1.0,0.541269804150833,accepted DAPI-only ARC/ME/VMN anatomy HIL bbox,3V analysis exclusion plus display overlay; never outer-tissue crop or normalization
Allulose,2026-07-09_FR5-2_Allulose,True,1.506835712259577,41,3478.644,1817.16,1.0045689252336447,0.511885413621748,1.0,0.511885413621748,accepted DAPI-only ARC/ME/VMN anatomy HIL bbox,3V analysis exclusion plus display overlay; never outer-tissue crop or normalization
Allulose,2026-07-09_FR5-2_Allulose,True,1.506835712259577,42,3382.005,1817.16,0.9763449182242991,0.511885413621748,0.9763449182242991,0.511885413621748,accepted DAPI-only ARC/ME/VMN anatomy HIL bbox,3V analysis exclusion plus display overlay; never outer-tissue crop or normalization
Allulose,2026-07-09_FR5-2_Allulose,True,1.506835712259577,43,3308.559,1832.625,0.9548945677570094,0.516406021631102,0.9548945677570094,0.516406021631102,accepted DAPI-only ARC/ME/VMN anatomy HIL bbox,3V analysis exclusion plus display overlay; never outer-tissue crop or normalization
Allulose,2026-07-09_FR5-2_Allulose,True,1.506835712259577,44,3138.473,1844.224,0.905219918224299,0.5197965507161648,0.905219918224299,0.5197965507161648,accepted DAPI-only ARC/ME/VMN anatomy HIL bbox,3V analysis exclusion plus display overlay; never outer-tissue crop or normalization
Allulose,2026-07-09_FR5-2_Allulose,True,1.506835712259577,45,2991.581,1844.224,0.8623192172897197,0.5197965507161648,0.8623192172897197,0.5197965507161648,accepted DAPI-only ARC/ME/VMN anatomy HIL bbox,3V analysis exclusion plus display overlay; never outer-tissue crop or normalization
Allulose,2026-07-09_FR5-2_Allulose,True,1.506835712259577,46,2875.614,1859.69,0.8284503504672898,0.5243174510377083,0.8284503504672898,0.5243174510377083,accepted DAPI-only ARC/ME/VMN anatomy HIL bbox,3V analysis exclusion plus display overlay; never outer-tissue crop or normalization
Allulose,2026-07-09_FR5-2_Allulose,True,1.506835712259577,47,2771.244,1855.823,0.7979684579439252,0.5231870798012277,0.7979684579439252,0.5231870798012277,accepted DAPI-only ARC/ME/VMN anatomy HIL bbox,3V analysis exclusion plus display overlay; never outer-tissue crop or normalization
Allulose,2026-07-09_FR5-2_Allulose,True,1.506835712259577,48,2655.276,1828.759,0.7640992990654205,0.5152759427068109,0.7640992990654205,0.5152759427068109,accepted DAPI-only ARC/ME/VMN anatomy HIL bbox,3V analysis exclusion plus display overlay; never outer-tissue crop or normalization
Allulose,2026-07-09_FR5-2_Allulose,True,1.506835712259577,49,2554.771,1813.294,0.7347462032710281,0.5107553346974569,0.7347462032710281,0.5107553346974569,accepted DAPI-only ARC/ME/VMN anatomy HIL bbox,3V analysis exclusion plus display overlay; never outer-tissue crop or normalization
Allulose,2026-07-09_FR5-2_Allulose,True,1.506835712259577,50,2396.283,1813.294,0.6884588200934579,0.5107553346974569,0.6884588200934579,0.5107553346974569,accepted DAPI-only ARC/ME/VMN anatomy HIL bbox,3V analysis exclusion plus display overlay; never outer-tissue crop or normalization
Allulose,2026-07-09_FR5-2_Allulose,True,1.506835712259577,51,2322.837,1809.428,0.6670084696261682,0.5096252557731658,0.6670084696261682,0.5096252557731658,accepted DAPI-only ARC/ME/VMN anatomy HIL bbox,3V analysis exclusion plus display overlay; never outer-tissue crop or normalization
Allulose,2026-07-09_FR5-2_Allulose,True,1.506835712259577,52,2214.6,1782.364,0.6353971962616822,0.5017141186787489,0.6353971962616822,0.5017141186787489,accepted DAPI-only ARC/ME/VMN anatomy HIL bbox,3V analysis exclusion plus display overlay; never outer-tissue crop or normalization
Allulose,2026-07-09_FR5-2_Allulose,True,1.506835712259577,53,2110.23,1790.096,0.6049153037383178,0.5039742765273312,0.6049153037383178,0.5039742765273312,accepted DAPI-only ARC/ME/VMN anatomy HIL bbox,3V analysis exclusion plus display overlay; never outer-tissue crop or normalization
Allulose,2026-07-09_FR5-2_Allulose,True,1.506835712259577,54,1982.666,1774.631,0.5676594626168224,0.49945366851797723,0.5676594626168224,0.49945366851797723,accepted DAPI-only ARC/ME/VMN anatomy HIL bbox,3V analysis exclusion plus display overlay; never outer-tissue crop or normalization
Allulose,2026-07-09_FR5-2_Allulose,True,1.506835712259577,55,1916.951,1763.032,0.5484669976635514,0.49606313943291436,0.5484669976635514,0.49606313943291436,accepted DAPI-only ARC/ME/VMN anatomy HIL bbox,3V analysis exclusion plus display overlay; never outer-tissue crop or normalization
Allulose,2026-07-09_FR5-2_Allulose,True,1.506835712259577,56,1785.521,1747.567,0.5100820677570094,0.49154253142356036,0.5100820677570094,0.49154253142356036,accepted DAPI-only ARC/ME/VMN anatomy HIL bbox,3V analysis exclusion plus display overlay; never outer-tissue crop or normalization
Allulose,2026-07-09_FR5-2_Allulose,True,1.506835712259577,57,1580.646,1712.77,0.45024707943925235,0.48137094416837184,0.45024707943925235,0.48137094416837184,accepted DAPI-only ARC/ME/VMN anatomy HIL bbox,3V analysis exclusion plus display overlay; never outer-tissue crop or normalization
Allulose,2026-07-09_FR5-2_Allulose,True,1.506835712259577,58,1507.2,1666.375,0.42879672897196264,0.46780912014030984,0.42879672897196264,0.46780912014030984,accepted DAPI-only ARC/ME/VMN anatomy HIL bbox,3V analysis exclusion plus display overlay; never outer-tissue crop or normalization
Allulose,2026-07-09_FR5-2_Allulose,True,1.506835712259577,59,1445.351,1650.909,0.41073335280373835,0.4632882198187665,0.41073335280373835,0.4632882198187665,accepted DAPI-only ARC/ME/VMN anatomy HIL bbox,3V analysis exclusion plus display overlay; never outer-tissue crop or normalization
Allulose,2026-07-09_FR5-2_Allulose,True,1.506835712259577,60,1340.98,1619.979,0.38025116822429905,0.4542470038000585,0.38025116822429905,0.4542470038000585,accepted DAPI-only ARC/ME/VMN anatomy HIL bbox,3V analysis exclusion plus display overlay; never outer-tissue crop or normalization
Allulose,2026-07-09_FR5-2_Allulose,True,1.506835712259577,61,1275.265,1573.584,0.36105870327102807,0.4406851797719965,0.36105870327102807,0.4406851797719965,accepted DAPI-only ARC/ME/VMN anatomy HIL bbox,3V analysis exclusion plus display overlay; never outer-tissue crop or normalization
Allulose,2026-07-09_FR5-2_Allulose,True,1.506835712259577,62,1159.298,1515.589,0.3271898364485981,0.42373253434668223,0.3271898364485981,0.42373253434668223,accepted DAPI-only ARC/ME/VMN anatomy HIL bbox,3V analysis exclusion plus display overlay; never outer-tissue crop or normalization
Allulose,2026-07-09_FR5-2_Allulose,True,1.506835712259577,63,1120.642,1473.06,0.3159001168224299,0.4113007892429114,0.3159001168224299,0.4113007892429114,accepted DAPI-only ARC/ME/VMN anatomy HIL bbox,3V analysis exclusion plus display overlay; never outer-tissue crop or normalization
Allulose,2026-07-09_FR5-2_Allulose,True,1.506835712259577,64,1012.406,1411.199,0.2842891355140187,0.3932180648933061,0.2842891355140187,0.3932180648933061,accepted DAPI-only ARC/ME/VMN anatomy HIL bbox,3V analysis exclusion plus display overlay; never outer-tissue crop or normalization
Allulose,2026-07-09_FR5-2_Allulose,True,1.506835712259577,65,942.826,1357.071,0.2639678738317757,0.3773957907044724,0.2639678738317757,0.3773957907044724,accepted DAPI-only ARC/ME/VMN anatomy HIL bbox,3V analysis exclusion plus display overlay; never outer-tissue crop or normalization
Allulose,2026-07-09_FR5-2_Allulose,True,1.506835712259577,66,900.304,1314.542,0.2515490654205607,0.3649640456007015,0.2515490654205607,0.3649640456007015,accepted DAPI-only ARC/ME/VMN anatomy HIL bbox,3V analysis exclusion plus display overlay; never outer-tissue crop or normalization
