cohort,animal_id,condition,cage,acquisition_id,endpoint,region,hemifield,stratum_id,marker_channel_present,N,m,shape_N,shape_m,shape_core_N,shape_available,shape_reason,core_observed,core_expected,core_enrichment,graph_N,graph_m,graph_edges,k_effective,cluster_count,clustered_cells,cluster_expected_cells,cluster_fraction,cluster_expected_fraction,cluster_excess,largest_cluster,graph_boundary_pass,graph_unique_pass
POMC,FR-721,Allulose,JAULA1,FR721(R)__S01,cfos,ARC,LEFT_ACQUISITION,POMC|FR721(R)__S01|ARC|LEFT_ACQUISITION|cfos,True,575.0,51.0,575,51,197,True,estimable,17,17.47304347826087,0.9729272419627748,575,51,1984,6,12.0,30.0,23.790105601492414,0.5882352941176471,0.4664726588527924,0.1217626352648546,4,True,True
POMC,FR-721,Allulose,JAULA1,FR721(R)__S01,cfos,ARC,RIGHT_ACQUISITION,POMC|FR721(R)__S01|ARC|RIGHT_ACQUISITION|cfos,True,458.0,43.0,458,43,198,True,estimable,26,18.58951965065502,1.398637538172422,458,43,1576,6,8.0,25.0,20.84443330365909,0.5813953488372093,0.4847542628757929,0.0966410859614164,7,True,True
POMC,FR-721,Allulose,JAULA1,FR721(R)__S02,cfos,ARC,LEFT_ACQUISITION,POMC|FR721(R)__S02|ARC|LEFT_ACQUISITION|cfos,True,546.0,54.0,546,54,231,True,estimable,27,22.846153846153847,1.181818181818182,546,54,1894,6,10.0,32.0,27.41373403603142,0.5925925925925926,0.5076617414079893,0.0849308511846033,9,True,True
POMC,FR-721,Allulose,JAULA1,FR721(R)__S02,cfos,ARC,RIGHT_ACQUISITION,POMC|FR721(R)__S02|ARC|RIGHT_ACQUISITION|cfos,True,502.0,36.0,502,36,220,True,estimable,27,15.776892430278885,1.7113636363636364,502,36,1712,6,9.0,22.0,14.042467450005988,0.6111111111111112,0.3900685402779441,0.221042570833167,3,True,True
POMC,FR-721,Allulose,JAULA1,FR721(R)__S01,cfos,ME,LEFT_ACQUISITION,POMC|FR721(R)__S01|ME|LEFT_ACQUISITION|cfos,True,39.0,9.0,0,0,0,False,fewer_than_five_marker_anchors,0,0.0,,39,9,143,6,2.0,9.0,7.584141126835644,1.0,0.8426823474261826,0.1573176525738173,6,True,True
POMC,FR-721,Allulose,JAULA1,FR721(R)__S01,cfos,ME,RIGHT_ACQUISITION,POMC|FR721(R)__S01|ME|RIGHT_ACQUISITION|cfos,True,65.0,8.0,0,0,0,False,fewer_than_five_marker_anchors,0,0.0,,65,8,233,6,1.0,2.0,4.640524659086796,0.25,0.5800655823858495,-0.3300655823858495,2,True,True
POMC,FR-721,Allulose,JAULA1,FR721(R)__S02,cfos,ME,LEFT_ACQUISITION,POMC|FR721(R)__S02|ME|LEFT_ACQUISITION|cfos,True,25.0,7.0,0,0,0,False,fewer_than_five_marker_anchors,0,0.0,,25,7,95,6,1.0,7.0,6.389292698148535,1.0,0.912756099735505,0.087243900264495,7,True,True
POMC,FR-721,Allulose,JAULA1,FR721(R)__S02,cfos,ME,RIGHT_ACQUISITION,POMC|FR721(R)__S02|ME|RIGHT_ACQUISITION|cfos,True,52.0,6.0,0,0,0,False,fewer_than_five_marker_anchors,0,0.0,,52,6,180,6,2.0,4.0,3.171422627971032,0.6666666666666666,0.5285704379951719,0.1380962286714947,2,True,True
POMC,FR-722,Allulose,JAULA1,FR722__S01,cfos,ARC,LEFT_ACQUISITION,POMC|FR722__S01|ARC|LEFT_ACQUISITION|cfos,True,702.0,39.0,702,39,307,True,estimable,20,17.055555555555557,1.1726384364820843,702,39,2389,6,5.0,18.0,12.318661111170568,0.4615384615384615,0.31586310541463,0.1456753561238316,9,True,True
POMC,FR-722,Allulose,JAULA1,FR722__S01,cfos,ARC,RIGHT_ACQUISITION,POMC|FR722__S01|ARC|RIGHT_ACQUISITION|cfos,True,681.0,66.0,681,66,335,True,estimable,40,32.46696035242291,1.23202170963365,681,66,2330,6,15.0,40.0,32.772690799048725,0.6060606060606061,0.496555921197708,0.1095046848628981,4,True,True
POMC,FR-722,Allulose,JAULA1,FR722__S02,cfos,ARC,LEFT_ACQUISITION,POMC|FR722__S02|ARC|LEFT_ACQUISITION|cfos,True,621.0,97.0,621,97,299,True,estimable,62,46.7037037037037,1.3275178429817605,621,97,2118,6,17.0,75.0,66.0137623322151,0.7731958762886598,0.6805542508475783,0.0926416254410815,18,True,True
POMC,FR-722,Allulose,JAULA1,FR722__S02,cfos,ARC,RIGHT_ACQUISITION,POMC|FR722__S02|ARC|RIGHT_ACQUISITION|cfos,True,631.0,79.0,631,79,338,True,estimable,54,42.31695721077654,1.2760841884503034,631,79,2180,6,15.0,54.0,47.17456390826332,0.6835443037974683,0.5971463785856116,0.0863979252118567,7,True,True
POMC,FR-722,Allulose,JAULA1,FR722__S03,cfos,ARC,LEFT_ACQUISITION,POMC|FR722__S03|ARC|LEFT_ACQUISITION|cfos,True,538.0,44.0,538,44,233,True,estimable,18,19.055762081784387,0.944596176355833,538,44,1861,6,9.0,24.0,19.299477920515937,0.5454545454545454,0.438624498193544,0.1068300472610014,4,True,True
POMC,FR-722,Allulose,JAULA1,FR722__S03,cfos,ARC,RIGHT_ACQUISITION,POMC|FR722__S03|ARC|RIGHT_ACQUISITION|cfos,True,709.0,60.0,709,60,365,True,estimable,36,30.8885754583921,1.1654794520547946,709,60,2442,6,13.0,31.0,27.013799665340574,0.5166666666666667,0.4502299944223429,0.0664366722443237,4,True,True
POMC,FR-722,Allulose,JAULA1,FR722__S04,cfos,ARC,LEFT_ACQUISITION,POMC|FR722__S04|ARC|LEFT_ACQUISITION|cfos,True,611.0,72.0,611,72,370,True,estimable,52,43.60065466448445,1.1926426426426426,611,72,2100,6,9.0,46.0,41.14122506410168,0.6388888888888888,0.571405903668079,0.0674829852208099,17,True,True
POMC,FR-722,Allulose,JAULA1,FR722__S04,cfos,ARC,RIGHT_ACQUISITION,POMC|FR722__S04|ARC|RIGHT_ACQUISITION|cfos,True,677.0,58.0,677,58,321,True,estimable,33,27.500738552437223,1.1999677731227845,677,58,2324,6,13.0,44.0,26.290298442207405,0.7586206896551724,0.4532810076242656,0.3053396820309068,9,True,True
POMC,FR-722,Allulose,JAULA1,FR722__S05,cfos,ARC,LEFT_ACQUISITION,POMC|FR722__S05|ARC|LEFT_ACQUISITION|cfos,True,725.0,58.0,725,58,279,True,estimable,14,22.32,0.6272401433691757,725,58,2466,6,9.0,30.0,24.781054658208664,0.5172413793103449,0.4272595630725632,0.0899818162377816,7,True,True
POMC,FR-722,Allulose,JAULA1,FR722__S05,cfos,ARC,RIGHT_ACQUISITION,POMC|FR722__S05|ARC|RIGHT_ACQUISITION|cfos,True,742.0,73.0,742,73,418,True,estimable,44,41.12398921832884,1.0699351117519829,742,73,2549,6,15.0,47.0,36.76212082396975,0.6438356164383562,0.5035906962187636,0.1402449202195925,6,True,True
POMC,FR-722,Allulose,JAULA1,FR722__S01,cfos,ME,LEFT_ACQUISITION,POMC|FR722__S01|ME|LEFT_ACQUISITION|cfos,True,119.0,1.0,0,0,0,False,fewer_than_five_marker_anchors,0,0.0,,119,1,429,6,0.0,0.0,0.0,0.0,0.0,,0,True,True
POMC,FR-722,Allulose,JAULA1,FR722__S01,cfos,ME,RIGHT_ACQUISITION,POMC|FR722__S01|ME|RIGHT_ACQUISITION|cfos,True,117.0,3.0,0,0,0,False,fewer_than_five_marker_anchors,0,0.0,,117,3,415,6,1.0,3.0,0.3568907853764407,1.0,0.1189635951254802,0.8810364048745197,3,True,True
POMC,FR-722,Allulose,JAULA1,FR722__S02,cfos,ME,LEFT_ACQUISITION,POMC|FR722__S02|ME|LEFT_ACQUISITION|cfos,True,50.0,0.0,0,0,0,False,fewer_than_five_marker_anchors,0,0.0,,50,0,173,6,0.0,0.0,0.0,,,,0,True,True
POMC,FR-722,Allulose,JAULA1,FR722__S02,cfos,ME,RIGHT_ACQUISITION,POMC|FR722__S02|ME|RIGHT_ACQUISITION|cfos,True,64.0,6.0,0,0,0,False,fewer_than_five_marker_anchors,0,0.0,,64,6,230,6,1.0,6.0,2.779673767973539,1.0,0.4632789613289231,0.5367210386710769,6,True,True
POMC,FR-722,Allulose,JAULA1,FR722__S03,cfos,ME,LEFT_ACQUISITION,POMC|FR722__S03|ME|LEFT_ACQUISITION|cfos,True,68.0,4.0,0,0,0,False,fewer_than_five_marker_anchors,0,0.0,,68,4,244,6,1.0,4.0,1.1642257654549537,1.0,0.2910564413637384,0.7089435586362616,4,True,True
POMC,FR-722,Allulose,JAULA1,FR722__S03,cfos,ME,RIGHT_ACQUISITION,POMC|FR722__S03|ME|RIGHT_ACQUISITION|cfos,True,106.0,2.0,0,0,0,False,fewer_than_five_marker_anchors,0,0.0,,106,2,381,6,0.0,0.0,0.1369272237197087,0.0,0.0684636118598543,-0.0684636118598543,0,True,True
POMC,FR-722,Allulose,JAULA1,FR722__S04,cfos,ME,LEFT_ACQUISITION,POMC|FR722__S04|ME|LEFT_ACQUISITION|cfos,True,67.0,3.0,0,0,0,False,fewer_than_five_marker_anchors,0,0.0,,67,3,234,6,0.0,0.0,0.6047176703893027,0.0,0.2015725567964342,-0.2015725567964342,0,True,True
POMC,FR-722,Allulose,JAULA1,FR722__S04,cfos,ME,RIGHT_ACQUISITION,POMC|FR722__S04|ME|RIGHT_ACQUISITION|cfos,True,90.0,2.0,0,0,0,False,fewer_than_five_marker_anchors,0,0.0,,90,2,319,6,0.0,0.0,0.1593008739075535,0.0,0.0796504369537767,-0.0796504369537767,0,True,True
POMC,FR-722,Allulose,JAULA1,FR722__S05,cfos,ME,LEFT_ACQUISITION,POMC|FR722__S05|ME|LEFT_ACQUISITION|cfos,True,126.0,5.0,0,0,0,False,fewer_than_five_marker_anchors,0,0.0,,126,5,448,6,2.0,4.0,1.0533543756075905,0.8,0.2106708751215181,0.5893291248784819,2,True,True
POMC,FR-722,Allulose,JAULA1,FR722__S05,cfos,ME,RIGHT_ACQUISITION,POMC|FR722__S05|ME|RIGHT_ACQUISITION|cfos,True,115.0,5.0,0,0,0,False,fewer_than_five_marker_anchors,0,0.0,,115,5,414,6,2.0,4.0,1.158792309538648,0.8,0.2317584619077296,0.5682415380922704,2,True,True
POMC,FR-724,Sucrose,JAULA2,FR724__S01,cfos,ARC,LEFT_ACQUISITION,POMC|FR724__S01|ARC|LEFT_ACQUISITION|cfos,True,1270.0,228.0,1270,228,386,True,estimable,58,69.29763779527559,0.8369693664212344,1270,228,4318,6,40.0,186.0,167.5905505887848,0.8157894736842105,0.735046274512214,0.0807431991719965,26,True,True
POMC,FR-724,Sucrose,JAULA2,FR724__S01,cfos,ARC,RIGHT_ACQUISITION,POMC|FR724__S01|ARC|RIGHT_ACQUISITION|cfos,True,1047.0,168.0,1047,168,223,True,estimable,58,35.78223495702006,1.6209160794362587,1047,168,3565,6,26.0,120.0,116.15075034723532,0.7142857142857143,0.6913735139716388,0.0229122003140754,39,True,True
POMC,FR-724,Sucrose,JAULA2,FR724__S02,cfos,ARC,LEFT_ACQUISITION,POMC|FR724__S02|ARC|LEFT_ACQUISITION|cfos,True,788.0,78.0,788,78,197,True,estimable,28,19.5,1.435897435897436,788,78,2732,6,14.0,46.0,39.719704959904455,0.5897435897435898,0.5092269866654417,0.080516603078148,6,True,True
POMC,FR-724,Sucrose,JAULA2,FR724__S02,cfos,ARC,RIGHT_ACQUISITION,POMC|FR724__S02|ARC|RIGHT_ACQUISITION|cfos,True,680.0,57.0,680,57,217,True,estimable,22,18.189705882352943,1.209475301156116,680,57,2344,6,9.0,39.0,25.484958228243464,0.6842105263157895,0.4471045303200607,0.2371059959957287,12,True,True
POMC,FR-724,Sucrose,JAULA2,FR724__S03,cfos,ARC,LEFT_ACQUISITION,POMC|FR724__S03|ARC|LEFT_ACQUISITION|cfos,True,589.0,67.0,589,67,261,True,estimable,29,29.6893039049236,0.976782752902156,589,67,2032,6,19.0,49.0,37.4319629202058,0.7313432835820896,0.5586860137344148,0.1726572698476746,5,True,True
POMC,FR-724,Sucrose,JAULA2,FR724__S03,cfos,ARC,RIGHT_ACQUISITION,POMC|FR724__S03|ARC|RIGHT_ACQUISITION|cfos,True,628.0,58.0,628,58,224,True,estimable,35,20.687898089171973,1.6918103448275863,628,58,2186,6,13.0,33.0,28.091284564229724,0.5689655172413793,0.4843324924867194,0.0846330247546599,4,True,True
POMC,FR-724,Sucrose,JAULA2,FR724__S04,cfos,ARC,LEFT_ACQUISITION,POMC|FR724__S04|ARC|LEFT_ACQUISITION|cfos,True,718.0,72.0,718,72,378,True,estimable,48,37.90529247910864,1.2663139329805997,718,72,2477,6,12.0,49.0,36.857075856853584,0.6805555555555556,0.5119038313451887,0.1686517242103669,12,True,True
POMC,FR-724,Sucrose,JAULA2,FR724__S04,cfos,ARC,RIGHT_ACQUISITION,POMC|FR724__S04|ARC|RIGHT_ACQUISITION|cfos,True,681.0,54.0,681,54,309,True,estimable,27,24.50220264317181,1.1019417475728157,681,54,2365,6,10.0,27.0,23.25316448527594,0.5,0.4306141571347396,0.0693858428652604,5,True,True
POMC,FR-724,Sucrose,JAULA2,FR724__S05,cfos,ARC,LEFT_ACQUISITION,POMC|FR724__S05|ARC|LEFT_ACQUISITION|cfos,True,921.0,37.0,921,37,266,True,estimable,18,10.686210640608037,1.684413737045316,921,37,3152,6,5.0,24.0,8.851506938258709,0.6486486486486487,0.2392299172502353,0.4094187313984133,14,True,True
POMC,FR-724,Sucrose,JAULA2,FR724__S05,cfos,ARC,RIGHT_ACQUISITION,POMC|FR724__S05|ARC|RIGHT_ACQUISITION|cfos,True,879.0,77.0,879,77,250,True,estimable,34,21.899886234357226,1.5525194805194804,879,77,3028,6,9.0,45.0,35.6652717529232,0.5844155844155844,0.463185347440561,0.1212302369750234,11,True,True
POMC,FR-724,Sucrose,JAULA2,FR724__S01,cfos,ME,SIDE_1,POMC|FR724__S01|ME|SIDE_1|cfos,True,0.0,0.0,0,0,0,False,fewer_than_five_marker_anchors,0,0.0,,0,0,0,0,0.0,0.0,0.0,,,,0,True,True
POMC,FR-724,Sucrose,JAULA2,FR724__S02,cfos,ME,SIDE_1,POMC|FR724__S02|ME|SIDE_1|cfos,True,0.0,0.0,0,0,0,False,fewer_than_five_marker_anchors,0,0.0,,0,0,0,0,0.0,0.0,0.0,,,,0,True,True
POMC,FR-724,Sucrose,JAULA2,FR724__S03,cfos,ME,LEFT_ACQUISITION,POMC|FR724__S03|ME|LEFT_ACQUISITION|cfos,True,35.0,10.0,0,0,0,False,fewer_than_five_marker_anchors,0,0.0,,35,10,127,6,2.0,10.0,9.108193427109862,1.0,0.9108193427109862,0.0891806572890137,8,True,True
POMC,FR-724,Sucrose,JAULA2,FR724__S03,cfos,ME,RIGHT_ACQUISITION,POMC|FR724__S03|ME|RIGHT_ACQUISITION|cfos,True,27.0,4.0,0,0,0,False,fewer_than_five_marker_anchors,0,0.0,,27,4,93,6,1.0,3.0,2.411282051282047,0.75,0.6028205128205117,0.1471794871794882,3,True,True
POMC,FR-724,Sucrose,JAULA2,FR724__S04,cfos,ME,SIDE_1,POMC|FR724__S04|ME|SIDE_1|cfos,True,0.0,0.0,0,0,0,False,fewer_than_five_marker_anchors,0,0.0,,0,0,0,0,0.0,0.0,0.0,,,,0,True,True
POMC,FR-724,Sucrose,JAULA2,FR724__S05,cfos,ME,SIDE_1,POMC|FR724__S05|ME|SIDE_1|cfos,True,0.0,0.0,0,0,0,False,fewer_than_five_marker_anchors,0,0.0,,0,0,0,0,0.0,0.0,0.0,,,,0,True,True
POMC,FR6-1,Allulose,JAULA3,FR6-1__S01,cfos,ARC,LEFT_ACQUISITION,POMC|FR6-1__S01|ARC|LEFT_ACQUISITION|cfos,True,699.0,133.0,699,133,382,True,estimable,61,72.68383404864092,0.8392512695350942,699,133,2375,6,20.0,102.0,100.64470237333455,0.7669172932330827,0.7567270855137936,0.010190207719289,34,True,True
POMC,FR6-1,Allulose,JAULA3,FR6-1__S01,cfos,ARC,RIGHT_ACQUISITION,POMC|FR6-1__S01|ARC|RIGHT_ACQUISITION|cfos,True,656.0,83.0,656,83,333,True,estimable,34,42.13262195121951,0.8069756503491443,656,83,2265,6,16.0,63.0,49.94611917094101,0.7590361445783133,0.6017604719390484,0.1572756726392649,17,True,True
POMC,FR6-1,Allulose,JAULA3,FR6-1__S02,cfos,ARC,LEFT_ACQUISITION,POMC|FR6-1__S02|ARC|LEFT_ACQUISITION|cfos,True,856.0,95.0,856,95,256,True,estimable,28,28.411214953271028,0.9855263157894736,856,95,2926,6,16.0,53.0,52.0441242751405,0.5578947368421052,0.5478328871067422,0.0100618497353631,7,True,True
POMC,FR6-1,Allulose,JAULA3,FR6-1__S02,cfos,ARC,RIGHT_ACQUISITION,POMC|FR6-1__S02|ARC|RIGHT_ACQUISITION|cfos,True,713.0,112.0,713,112,242,True,estimable,40,38.01402524544179,1.0522432113341205,713,112,2465,6,20.0,90.0,76.99023697542098,0.8035714285714286,0.6874128301376874,0.1161585984337412,20,True,True
POMC,FR6-1,Allulose,JAULA3,FR6-1__S03,cfos,ARC,LEFT_ACQUISITION,POMC|FR6-1__S03|ARC|LEFT_ACQUISITION|cfos,True,735.0,142.0,735,142,362,True,estimable,61,69.93741496598639,0.8722083884522606,735,142,2538,6,27.0,111.0,109.05306749494407,0.7816901408450704,0.7679793485559442,0.0137107922891262,35,True,True
POMC,FR6-1,Allulose,JAULA3,FR6-1__S03,cfos,ARC,RIGHT_ACQUISITION,POMC|FR6-1__S03|ARC|RIGHT_ACQUISITION|cfos,True,644.0,160.0,644,160,391,True,estimable,100,97.14285714285714,1.0294117647058825,644,160,2224,6,22.0,144.0,136.8783081380461,0.9,0.8554894258627881,0.0445105741372119,83,True,True
POMC,FR6-1,Allulose,JAULA3,FR6-1__S04,cfos,ARC,LEFT_ACQUISITION,POMC|FR6-1__S04|ARC|LEFT_ACQUISITION|cfos,True,649.0,130.0,649,130,285,True,estimable,56,57.08782742681048,0.980944669365722,649,130,2242,6,25.0,110.0,101.55320190122684,0.8461538461538461,0.7811784761632833,0.0649753699905628,45,True,True
POMC,FR6-1,Allulose,JAULA3,FR6-1__S04,cfos,ARC,RIGHT_ACQUISITION,POMC|FR6-1__S04|ARC|RIGHT_ACQUISITION|cfos,True,549.0,92.0,549,92,267,True,estimable,37,44.74316939890711,0.8269418661455789,549,92,1898,6,13.0,76.0,65.60147074558961,0.8260869565217391,0.713059464625974,0.1130274918957651,47,True,True
POMC,FR6-1,Allulose,JAULA3,FR6-1__S05,cfos,ARC,LEFT_ACQUISITION,POMC|FR6-1__S05|ARC|LEFT_ACQUISITION|cfos,True,876.0,143.0,876,143,317,True,estimable,51,51.74771689497717,0.985550726875648,876,143,3040,6,22.0,110.0,100.69452745780691,0.7692307692307693,0.7041575346699785,0.0650732345607907,53,True,True
POMC,FR6-1,Allulose,JAULA3,FR6-1__S05,cfos,ARC,RIGHT_ACQUISITION,POMC|FR6-1__S05|ARC|RIGHT_ACQUISITION|cfos,True,809.0,135.0,809,135,228,True,estimable,30,38.04697156983931,0.7884990253411306,809,135,2772,6,15.0,105.0,95.6547437272876,0.7777777777777778,0.7085536572391674,0.0692241205386104,66,True,True
POMC,FR6-1,Allulose,JAULA3,FR6-1__S01,cfos,ME,LEFT_ACQUISITION,POMC|FR6-1__S01|ME|LEFT_ACQUISITION|cfos,True,141.0,9.0,0,0,0,False,fewer_than_five_marker_anchors,0,0.0,,141,9,497,6,3.0,8.0,3.0963296856854456,0.8888888888888888,0.3440366317428273,0.5448522571460617,3,True,True
POMC,FR6-1,Allulose,JAULA3,FR6-1__S01,cfos,ME,RIGHT_ACQUISITION,POMC|FR6-1__S01|ME|RIGHT_ACQUISITION|cfos,True,164.0,5.0,0,0,0,False,fewer_than_five_marker_anchors,0,0.0,,164,5,590,6,1.0,4.0,0.8314210078772357,0.8,0.1662842015754471,0.633715798424553,4,True,True
POMC,FR6-1,Allulose,JAULA3,FR6-1__S02,cfos,ME,LEFT_ACQUISITION,POMC|FR6-1__S02|ME|LEFT_ACQUISITION|cfos,True,227.0,55.0,227,55,150,True,estimable,45,36.34361233480176,1.2381818181818185,227,55,783,6,12.0,53.0,46.56072836277206,0.9636363636363636,0.8465586975049465,0.117077666131417,17,True,True
POMC,FR6-1,Allulose,JAULA3,FR6-1__S02,cfos,ME,RIGHT_ACQUISITION,POMC|FR6-1__S02|ME|RIGHT_ACQUISITION|cfos,True,182.0,50.0,0,0,0,False,fewer_than_five_marker_anchors,0,0.0,,182,50,632,6,7.0,48.0,44.36172362598986,0.96,0.8872344725197973,0.0727655274802027,22,True,True
POMC,FR6-1,Allulose,JAULA3,FR6-1__S03,cfos,ME,LEFT_ACQUISITION,POMC|FR6-1__S03|ME|LEFT_ACQUISITION|cfos,True,91.0,4.0,0,0,0,False,fewer_than_five_marker_anchors,0,0.0,,91,4,325,6,1.0,2.0,0.8855941810997264,0.5,0.2213985452749316,0.2786014547250683,2,True,True
POMC,FR6-1,Allulose,JAULA3,FR6-1__S03,cfos,ME,RIGHT_ACQUISITION,POMC|FR6-1__S03|ME|RIGHT_ACQUISITION|cfos,True,153.0,11.0,0,0,0,False,fewer_than_five_marker_anchors,0,0.0,,153,11,532,6,1.0,6.0,4.1912708027744205,0.5454545454545454,0.3810246184340382,0.1644299270205072,6,True,True
POMC,FR6-1,Allulose,JAULA3,FR6-1__S04,cfos,ME,LEFT_ACQUISITION,POMC|FR6-1__S04|ME|LEFT_ACQUISITION|cfos,True,148.0,12.0,0,0,0,False,fewer_than_five_marker_anchors,0,0.0,,148,12,526,6,4.0,11.0,5.149066369056576,0.9166666666666666,0.4290888640880479,0.4875778025786186,4,True,True
POMC,FR6-1,Allulose,JAULA3,FR6-1__S04,cfos,ME,RIGHT_ACQUISITION,POMC|FR6-1__S04|ME|RIGHT_ACQUISITION|cfos,True,113.0,11.0,0,0,0,False,fewer_than_five_marker_anchors,0,0.0,,113,11,398,6,2.0,9.0,5.380352531821647,0.8181818181818182,0.4891229574383315,0.3290588607434866,7,True,True
POMC,FR6-1,Allulose,JAULA3,FR6-1__S05,cfos,ME,SIDE_1,POMC|FR6-1__S05|ME|SIDE_1|cfos,True,0.0,0.0,0,0,0,False,fewer_than_five_marker_anchors,0,0.0,,0,0,0,0,0.0,0.0,0.0,,,,0,True,True
POMC,FR6-2,Sucrose,JAULA4,FR6-2__S01,cfos,ARC,LEFT_ACQUISITION,POMC|FR6-2__S01|ARC|LEFT_ACQUISITION|cfos,False,958.0,135.0,0,0,0,False,fewer_than_five_marker_anchors,0,0.0,,958,135,3262,6,31.0,102.0,86.39850661002752,0.7555555555555555,0.6399889378520557,0.1155666177034998,10,True,True
POMC,FR6-2,Sucrose,JAULA4,FR6-2__S01,cfos,ARC,RIGHT_ACQUISITION,POMC|FR6-2__S01|ARC|RIGHT_ACQUISITION|cfos,False,953.0,148.0,0,0,0,False,fewer_than_five_marker_anchors,0,0.0,,953,148,3264,6,26.0,107.0,100.6462993714164,0.722972972972973,0.6800425633203812,0.0429304096525918,31,True,True
POMC,FR6-2,Sucrose,JAULA4,FR6-2__S02,cfos,ARC,LEFT_ACQUISITION,POMC|FR6-2__S02|ARC|LEFT_ACQUISITION|cfos,False,652.0,96.0,0,0,0,False,fewer_than_five_marker_anchors,0,0.0,,652,96,2218,6,22.0,62.0,63.01738926735452,0.6458333333333334,0.6564311382016096,-0.0105978048682762,9,True,True
POMC,FR6-2,Sucrose,JAULA4,FR6-2__S02,cfos,ARC,RIGHT_ACQUISITION,POMC|FR6-2__S02|ARC|RIGHT_ACQUISITION|cfos,False,783.0,121.0,0,0,0,False,fewer_than_five_marker_anchors,0,0.0,,783,121,2694,6,25.0,89.0,82.23769335732489,0.7355371900826446,0.6796503583249991,0.0558868317576455,18,True,True
POMC,FR6-2,Sucrose,JAULA4,FR6-2__S03,cfos,ARC,LEFT_ACQUISITION,POMC|FR6-2__S03|ARC|LEFT_ACQUISITION|cfos,False,762.0,129.0,0,0,0,False,fewer_than_five_marker_anchors,0,0.0,,762,129,2661,6,27.0,99.0,92.96286302691252,0.7674418604651163,0.7206423490458335,0.0467995114192828,11,True,True
POMC,FR6-2,Sucrose,JAULA4,FR6-2__S03,cfos,ARC,RIGHT_ACQUISITION,POMC|FR6-2__S03|ARC|RIGHT_ACQUISITION|cfos,False,632.0,81.0,0,0,0,False,fewer_than_five_marker_anchors,0,0.0,,632,81,2190,6,14.0,51.0,49.19324739696656,0.6296296296296297,0.6073240419378587,0.0223055876917709,11,True,True
POMC,FR6-2,Sucrose,JAULA4,FR6-2__S04,cfos,ARC,LEFT_ACQUISITION,POMC|FR6-2__S04|ARC|LEFT_ACQUISITION|cfos,False,601.0,77.0,0,0,0,False,fewer_than_five_marker_anchors,0,0.0,,601,77,2078,6,17.0,49.0,46.682659369338,0.6363636363636364,0.6062683034978961,0.0300953328657402,9,True,True
POMC,FR6-2,Sucrose,JAULA4,FR6-2__S04,cfos,ARC,RIGHT_ACQUISITION,POMC|FR6-2__S04|ARC|RIGHT_ACQUISITION|cfos,False,602.0,67.0,0,0,0,False,fewer_than_five_marker_anchors,0,0.0,,602,67,2069,6,17.0,45.0,36.82839339791885,0.6716417910447762,0.549677513401774,0.1219642776430022,6,True,True
POMC,FR6-2,Sucrose,JAULA4,FR6-2__S05,cfos,ARC,LEFT_ACQUISITION,POMC|FR6-2__S05|ARC|LEFT_ACQUISITION|cfos,False,796.0,99.0,0,0,0,False,fewer_than_five_marker_anchors,0,0.0,,796,99,2724,6,21.0,65.0,58.60262741369434,0.6565656565656566,0.591945731451458,0.0646199251141985,10,True,True
POMC,FR6-2,Sucrose,JAULA4,FR6-2__S05,cfos,ARC,RIGHT_ACQUISITION,POMC|FR6-2__S05|ARC|RIGHT_ACQUISITION|cfos,False,729.0,82.0,0,0,0,False,fewer_than_five_marker_anchors,0,0.0,,729,82,2500,6,16.0,44.0,45.40733947411562,0.5365853658536586,0.5537480423672637,-0.0171626765136051,6,True,True
POMC,FR6-2,Sucrose,JAULA4,FR6-2__S01,cfos,ME,SIDE_1,POMC|FR6-2__S01|ME|SIDE_1|cfos,False,0.0,0.0,0,0,0,False,fewer_than_five_marker_anchors,0,0.0,,0,0,0,0,0.0,0.0,0.0,,,,0,True,True
POMC,FR6-2,Sucrose,JAULA4,FR6-2__S02,cfos,ME,LEFT_ACQUISITION,POMC|FR6-2__S02|ME|LEFT_ACQUISITION|cfos,False,73.0,6.0,0,0,0,False,fewer_than_five_marker_anchors,0,0.0,,73,6,266,6,2.0,5.0,2.5213918600181686,0.8333333333333334,0.4202319766696947,0.4131013566636385,3,True,True
POMC,FR6-2,Sucrose,JAULA4,FR6-2__S02,cfos,ME,RIGHT_ACQUISITION,POMC|FR6-2__S02|ME|RIGHT_ACQUISITION|cfos,False,78.0,6.0,0,0,0,False,fewer_than_five_marker_anchors,0,0.0,,78,6,283,6,1.0,2.0,2.378319975003412,0.3333333333333333,0.3963866625005687,-0.0630533291672353,2,True,True
POMC,FR6-2,Sucrose,JAULA4,FR6-2__S03,cfos,ME,LEFT_ACQUISITION,POMC|FR6-2__S03|ME|LEFT_ACQUISITION|cfos,False,58.0,7.0,0,0,0,False,fewer_than_five_marker_anchors,0,0.0,,58,7,213,6,2.0,5.0,4.029402783122404,0.7142857142857143,0.5756289690174862,0.138656745268228,3,True,True
POMC,FR6-2,Sucrose,JAULA4,FR6-2__S03,cfos,ME,RIGHT_ACQUISITION,POMC|FR6-2__S03|ME|RIGHT_ACQUISITION|cfos,False,44.0,6.0,0,0,0,False,fewer_than_five_marker_anchors,0,0.0,,44,6,161,6,3.0,6.0,3.709933571816767,1.0,0.6183222619694612,0.3816777380305389,2,True,True
POMC,FR6-2,Sucrose,JAULA4,FR6-2__S04,cfos,ME,LEFT_ACQUISITION,POMC|FR6-2__S04|ME|LEFT_ACQUISITION|cfos,False,90.0,11.0,0,0,0,False,fewer_than_five_marker_anchors,0,0.0,,90,11,327,6,4.0,9.0,6.466232419958707,0.8181818181818182,0.5878393109053369,0.2303425072764812,3,True,True
POMC,FR6-2,Sucrose,JAULA4,FR6-2__S04,cfos,ME,RIGHT_ACQUISITION,POMC|FR6-2__S04|ME|RIGHT_ACQUISITION|cfos,False,62.0,14.0,0,0,0,False,fewer_than_five_marker_anchors,0,0.0,,62,14,224,6,2.0,11.0,11.603682777511445,0.7857142857142857,0.8288344841079602,-0.0431201983936744,9,True,True
POMC,FR6-2,Sucrose,JAULA4,FR6-2__S05,cfos,ME,LEFT_ACQUISITION,POMC|FR6-2__S05|ME|LEFT_ACQUISITION|cfos,False,69.0,9.0,0,0,0,False,fewer_than_five_marker_anchors,0,0.0,,69,9,248,6,1.0,7.0,5.464796478778267,0.7777777777777778,0.6071996087531407,0.170578169024637,7,True,True
POMC,FR6-2,Sucrose,JAULA4,FR6-2__S05,cfos,ME,RIGHT_ACQUISITION,POMC|FR6-2__S05|ME|RIGHT_ACQUISITION|cfos,False,23.0,4.0,0,0,0,False,fewer_than_five_marker_anchors,0,0.0,,23,4,83,6,1.0,2.0,2.7795595708639174,0.5,0.6948898927159793,-0.1948898927159793,2,True,True
POMC,FR6-3,Allulose,JAULA5,FR6-3__S01,cfos,ARC,LEFT_ACQUISITION,POMC|FR6-3__S01|ARC|LEFT_ACQUISITION|cfos,True,721.0,174.0,721,174,414,True,estimable,113,99.91123439667128,1.131003942473208,721,174,2457,6,28.0,154.0,146.69177020476056,0.8850574712643678,0.8430561506020722,0.0420013206622956,49,True,True
POMC,FR6-3,Allulose,JAULA5,FR6-3__S01,cfos,ARC,RIGHT_ACQUISITION,POMC|FR6-3__S01|ARC|RIGHT_ACQUISITION|cfos,True,791.0,159.0,791,159,408,True,estimable,100,82.01264222503161,1.2193242076704895,791,159,2702,6,29.0,125.0,123.87526154188612,0.7861635220125787,0.7790896952319882,0.0070738267805903,37,True,True
POMC,FR6-3,Allulose,JAULA5,FR6-3__S02,cfos,ARC,LEFT_ACQUISITION,POMC|FR6-3__S02|ARC|LEFT_ACQUISITION|cfos,True,648.0,179.0,648,179,266,True,estimable,79,73.47839506172839,1.07514596547234,648,179,2237,6,21.0,157.0,158.92478031227978,0.8770949720670391,0.8878479347054736,-0.0107529626384345,31,True,True
POMC,FR6-3,Allulose,JAULA5,FR6-3__S02,cfos,ARC,RIGHT_ACQUISITION,POMC|FR6-3__S02|ARC|RIGHT_ACQUISITION|cfos,True,772.0,181.0,772,181,336,True,estimable,107,78.77720207253886,1.3582609839515918,772,181,2634,6,24.0,161.0,150.8843516291062,0.8895027624309392,0.8336152023707525,0.0558875600601867,30,True,True
POMC,FR6-3,Allulose,JAULA5,FR6-3__S03,cfos,ARC,LEFT_ACQUISITION,POMC|FR6-3__S03|ARC|LEFT_ACQUISITION|cfos,True,754.0,181.0,754,181,325,True,estimable,93,78.01724137931035,1.1920441988950277,754,181,2587,6,27.0,156.0,152.60081161769642,0.861878453038674,0.8430984067276045,0.0187800463110694,54,True,True
POMC,FR6-3,Allulose,JAULA5,FR6-3__S03,cfos,ARC,RIGHT_ACQUISITION,POMC|FR6-3__S03|ARC|RIGHT_ACQUISITION|cfos,True,732.0,178.0,732,178,369,True,estimable,115,89.72950819672131,1.2816296702292866,732,178,2522,6,23.0,153.0,150.9370421369186,0.8595505617977528,0.8479609108815651,0.0115896509161876,42,True,True
POMC,FR6-3,Allulose,JAULA5,FR6-3__S04,cfos,ARC,LEFT_ACQUISITION,POMC|FR6-3__S04|ARC|LEFT_ACQUISITION|cfos,True,533.0,130.0,533,130,308,True,estimable,80,75.1219512195122,1.0649350649350648,533,130,1847,6,15.0,110.0,110.57807631965336,0.8461538461538461,0.8506005870742567,-0.0044467409204104,25,True,True
POMC,FR6-3,Allulose,JAULA5,FR6-3__S04,cfos,ARC,RIGHT_ACQUISITION,POMC|FR6-3__S04|ARC|RIGHT_ACQUISITION|cfos,True,548.0,106.0,548,106,298,True,estimable,69,57.64233576642336,1.197036849436495,548,106,1917,6,19.0,86.0,81.75013694198682,0.8113207547169812,0.7712277069998758,0.0400930477171054,16,True,True
POMC,FR6-3,Allulose,JAULA5,FR6-3__S05,cfos,ARC,LEFT_ACQUISITION,POMC|FR6-3__S05|ARC|LEFT_ACQUISITION|cfos,True,633.0,151.0,633,151,380,True,estimable,108,90.6477093206951,1.1914255838271175,633,151,2179,6,21.0,129.0,127.11677534836195,0.8543046357615894,0.8418329493269004,0.0124716864346889,43,True,True
POMC,FR6-3,Allulose,JAULA5,FR6-3__S05,cfos,ARC,RIGHT_ACQUISITION,POMC|FR6-3__S05|ARC|RIGHT_ACQUISITION|cfos,True,648.0,153.0,648,153,417,True,estimable,119,98.45833333333331,1.20863309352518,648,153,2243,6,19.0,133.0,128.56903621836807,0.869281045751634,0.8403204981592685,0.0289605475923655,46,True,True
POMC,FR6-3,Allulose,JAULA5,FR6-3__S01,cfos,ME,LEFT_ACQUISITION,POMC|FR6-3__S01|ME|LEFT_ACQUISITION|cfos,True,63.0,3.0,0,0,0,False,fewer_than_five_marker_anchors,0,0.0,,63,3,233,6,1.0,2.0,0.675631437133165,0.6666666666666666,0.2252104790443883,0.4414561876222784,2,True,True
POMC,FR6-3,Allulose,JAULA5,FR6-3__S01,cfos,ME,RIGHT_ACQUISITION,POMC|FR6-3__S01|ME|RIGHT_ACQUISITION|cfos,True,52.0,5.0,0,0,0,False,fewer_than_five_marker_anchors,0,0.0,,52,5,180,6,2.0,5.0,2.237127543324999,1.0,0.4474255086649997,0.5525744913350003,3,True,True
POMC,FR6-3,Allulose,JAULA5,FR6-3__S02,cfos,ME,LEFT_ACQUISITION,POMC|FR6-3__S02|ME|LEFT_ACQUISITION|cfos,True,69.0,25.0,0,0,0,False,fewer_than_five_marker_anchors,0,0.0,,69,25,256,6,1.0,24.0,24.017769952376657,0.96,0.9607107980950664,-0.0007107980950662,24,True,True
POMC,FR6-3,Allulose,JAULA5,FR6-3__S02,cfos,ME,RIGHT_ACQUISITION,POMC|FR6-3__S02|ME|RIGHT_ACQUISITION|cfos,True,36.0,11.0,36,11,28,True,estimable,11,8.555555555555555,1.2857142857142858,36,11,131,6,2.0,11.0,10.163724423960463,1.0,0.9239749476327695,0.0760250523672304,6,True,True
POMC,FR6-3,Allulose,JAULA5,FR6-3__S03,cfos,ME,LEFT_ACQUISITION,POMC|FR6-3__S03|ME|LEFT_ACQUISITION|cfos,True,47.0,14.0,0,0,0,False,fewer_than_five_marker_anchors,0,0.0,,47,14,166,6,3.0,13.0,12.701673569781365,0.9285714285714286,0.907262397841526,0.0213090307299025,6,True,True
POMC,FR6-3,Allulose,JAULA5,FR6-3__S03,cfos,ME,RIGHT_ACQUISITION,POMC|FR6-3__S03|ME|RIGHT_ACQUISITION|cfos,True,60.0,19.0,0,0,0,False,fewer_than_five_marker_anchors,0,0.0,,60,19,218,6,2.0,18.0,17.744380672351152,0.9473684210526316,0.933914772229008,0.0134536488236235,15,True,True
POMC,FR6-3,Allulose,JAULA5,FR6-3__S04,cfos,ME,LEFT_ACQUISITION,POMC|FR6-3__S04|ME|LEFT_ACQUISITION|cfos,True,58.0,3.0,0,0,0,False,fewer_than_five_marker_anchors,0,0.0,,58,3,204,6,1.0,3.0,0.6993129375161006,1.0,0.2331043125053668,0.7668956874946331,3,True,True
POMC,FR6-3,Allulose,JAULA5,FR6-3__S04,cfos,ME,RIGHT_ACQUISITION,POMC|FR6-3__S04|ME|RIGHT_ACQUISITION|cfos,True,26.0,6.0,0,0,0,False,fewer_than_five_marker_anchors,0,0.0,,26,6,89,6,1.0,6.0,4.816661599270294,1.0,0.8027769332117156,0.1972230667882843,6,True,True
POMC,FR6-3,Allulose,JAULA5,FR6-3__S05,cfos,ME,LEFT_ACQUISITION,POMC|FR6-3__S05|ME|LEFT_ACQUISITION|cfos,True,76.0,17.0,0,0,0,False,fewer_than_five_marker_anchors,0,0.0,,76,17,282,6,4.0,15.0,14.210108737426118,0.8823529411764706,0.8358887492603599,0.0464641919161106,5,True,True
POMC,FR6-3,Allulose,JAULA5,FR6-3__S05,cfos,ME,RIGHT_ACQUISITION,POMC|FR6-3__S05|ME|RIGHT_ACQUISITION|cfos,True,50.0,7.0,0,0,0,False,fewer_than_five_marker_anchors,0,0.0,,50,7,183,6,1.0,4.0,4.4508439756357525,0.5714285714285714,0.6358348536622503,-0.0644062822336789,4,True,True
POMC,FR6-5,Water,JAULA7,FR6-5__S01,cfos,ARC,LEFT_ACQUISITION,POMC|FR6-5__S01|ARC|LEFT_ACQUISITION|cfos,True,871.0,77.0,871,77,445,True,estimable,56,39.3398392652124,1.4234933605720124,871,77,2987,6,14.0,59.0,35.79889297220576,0.7662337662337663,0.4649206879507241,0.3013130782830421,22,True,True
POMC,FR6-5,Water,JAULA7,FR6-5__S01,cfos,ARC,RIGHT_ACQUISITION,POMC|FR6-5__S01|ARC|RIGHT_ACQUISITION|cfos,True,850.0,94.0,850,94,393,True,estimable,61,43.46117647058824,1.4035515131828271,850,94,2902,6,15.0,72.0,51.313831118140136,0.7659574468085106,0.5458918204057461,0.2200656264027645,40,True,True
POMC,FR6-5,Water,JAULA7,FR6-5__S02,cfos,ARC,LEFT_ACQUISITION,POMC|FR6-5__S02|ARC|LEFT_ACQUISITION|cfos,True,824.0,84.0,824,84,257,True,estimable,39,26.199029126213592,1.4886047804335742,824,84,2829,6,18.0,52.0,43.41834204557565,0.6190476190476191,0.516885024352091,0.1021625946955279,7,True,True
POMC,FR6-5,Water,JAULA7,FR6-5__S02,cfos,ARC,RIGHT_ACQUISITION,POMC|FR6-5__S02|ARC|RIGHT_ACQUISITION|cfos,True,811.0,76.0,811,76,357,True,estimable,58,33.454993834771884,1.7336724163349553,811,76,2802,6,13.0,51.0,37.07370412817331,0.6710526315789473,0.487811896423333,0.1832407351556143,12,True,True
POMC,FR6-5,Water,JAULA7,FR6-5__S03,cfos,ARC,LEFT_ACQUISITION,POMC|FR6-5__S03|ARC|LEFT_ACQUISITION|cfos,True,773.0,94.0,773,94,395,True,estimable,54,48.033635187580856,1.1242122273094532,773,94,2672,6,9.0,69.0,55.15670519228915,0.7340425531914894,0.5867734594924378,0.1472690936990515,41,True,True
POMC,FR6-5,Water,JAULA7,FR6-5__S03,cfos,ARC,RIGHT_ACQUISITION,POMC|FR6-5__S03|ARC|RIGHT_ACQUISITION|cfos,True,788.0,94.0,788,94,378,True,estimable,57,45.09137055837564,1.2640999662276258,788,94,2713,6,12.0,62.0,54.31434908719229,0.6595744680851063,0.5778122243318328,0.0817622437532735,27,True,True
POMC,FR6-5,Water,JAULA7,FR6-5__S04,cfos,ARC,LEFT_ACQUISITION,POMC|FR6-5__S04|ARC|LEFT_ACQUISITION|cfos,True,656.0,80.0,656,80,308,True,estimable,46,37.5609756097561,1.2246753246753246,656,80,2257,6,10.0,56.0,46.86723588944883,0.7,0.5858404486181104,0.1141595513818896,28,True,True
POMC,FR6-5,Water,JAULA7,FR6-5__S04,cfos,ARC,RIGHT_ACQUISITION,POMC|FR6-5__S04|ARC|RIGHT_ACQUISITION|cfos,True,745.0,65.0,745,65,389,True,estimable,53,33.939597315436245,1.5615977852481706,745,65,2572,6,12.0,50.0,30.028614902196217,0.7692307692307693,0.4619786908030187,0.3072520784277505,15,True,True
POMC,FR6-5,Water,JAULA7,FR6-5__S05,cfos,ARC,LEFT_ACQUISITION,POMC|FR6-5__S05|ARC|LEFT_ACQUISITION|cfos,True,611.0,70.0,611,70,293,True,estimable,58,33.56792144026186,1.7278400780107266,611,70,2107,6,5.0,45.0,39.33945435897771,0.6428571428571429,0.561992205128253,0.0808649377288898,35,True,True
POMC,FR6-5,Water,JAULA7,FR6-5__S05,cfos,ARC,RIGHT_ACQUISITION,POMC|FR6-5__S05|ARC|RIGHT_ACQUISITION|cfos,True,706.0,74.0,706,74,320,True,estimable,60,33.54107648725213,1.788851351351351,706,74,2433,6,8.0,50.0,39.10656456298316,0.6756756756756757,0.5284670886889616,0.147208586986714,34,True,True
POMC,FR6-5,Water,JAULA7,FR6-5__S01,cfos,ME,LEFT_ACQUISITION,POMC|FR6-5__S01|ME|LEFT_ACQUISITION|cfos,True,129.0,8.0,0,0,0,False,fewer_than_five_marker_anchors,0,0.0,,129,8,454,6,2.0,6.0,2.650421022133536,0.75,0.3313026277666919,0.418697372233308,4,True,True
POMC,FR6-5,Water,JAULA7,FR6-5__S01,cfos,ME,RIGHT_ACQUISITION,POMC|FR6-5__S01|ME|RIGHT_ACQUISITION|cfos,True,191.0,4.0,0,0,0,False,fewer_than_five_marker_anchors,0,0.0,,191,4,656,6,1.0,2.0,0.419951125446495,0.5,0.1049877813616237,0.3950122186383762,2,True,True
POMC,FR6-5,Water,JAULA7,FR6-5__S02,cfos,ME,LEFT_ACQUISITION,POMC|FR6-5__S02|ME|LEFT_ACQUISITION|cfos,True,89.0,23.0,89,23,59,True,estimable,19,15.247191011235955,1.2461311717022845,89,23,311,6,3.0,21.0,20.007842816673996,0.9130434782608696,0.8699062094206084,0.0431372688402611,11,True,True
POMC,FR6-5,Water,JAULA7,FR6-5__S02,cfos,ME,RIGHT_ACQUISITION,POMC|FR6-5__S02|ME|RIGHT_ACQUISITION|cfos,True,32.0,9.0,32,9,21,True,estimable,7,5.90625,1.1851851851851851,32,9,117,6,2.0,9.0,8.164541370753824,1.0,0.9071712634170916,0.0928287365829084,7,True,True
POMC,FR6-5,Water,JAULA7,FR6-5__S03,cfos,ME,LEFT_ACQUISITION,POMC|FR6-5__S03|ME|LEFT_ACQUISITION|cfos,True,313.0,10.0,0,0,0,False,fewer_than_five_marker_anchors,0,0.0,,313,10,1114,6,2.0,4.0,1.8941874790324185,0.4,0.1894187479032418,0.2105812520967581,2,True,True
POMC,FR6-5,Water,JAULA7,FR6-5__S03,cfos,ME,RIGHT_ACQUISITION,POMC|FR6-5__S03|ME|RIGHT_ACQUISITION|cfos,True,399.0,13.0,0,0,0,False,fewer_than_five_marker_anchors,0,0.0,,399,13,1396,6,3.0,6.0,2.5183962727735807,0.4615384615384615,0.1937227902133523,0.2678156713251092,2,True,True
POMC,FR6-5,Water,JAULA7,FR6-5__S04,cfos,ME,LEFT_ACQUISITION,POMC|FR6-5__S04|ME|LEFT_ACQUISITION|cfos,True,58.0,4.0,0,0,0,False,fewer_than_five_marker_anchors,0,0.0,,58,4,215,6,1.0,2.0,1.3816225516769316,0.5,0.3454056379192329,0.1545943620807671,2,True,True
POMC,FR6-5,Water,JAULA7,FR6-5__S04,cfos,ME,RIGHT_ACQUISITION,POMC|FR6-5__S04|ME|RIGHT_ACQUISITION|cfos,True,95.0,7.0,95,7,28,True,estimable,6,2.0631578947368423,2.908163265306122,95,7,351,6,1.0,5.0,2.7607768685977456,0.7142857142857143,0.3943966955139636,0.3198890187717506,5,True,True
POMC,FR6-5,Water,JAULA7,FR6-5__S05,cfos,ME,LEFT_ACQUISITION,POMC|FR6-5__S05|ME|LEFT_ACQUISITION|cfos,True,127.0,9.0,0,0,0,False,fewer_than_five_marker_anchors,0,0.0,,127,9,455,6,2.0,5.0,3.4276996582253467,0.5555555555555556,0.3808555175805941,0.1747000379749614,3,True,True
POMC,FR6-5,Water,JAULA7,FR6-5__S05,cfos,ME,RIGHT_ACQUISITION,POMC|FR6-5__S05|ME|RIGHT_ACQUISITION|cfos,True,154.0,6.0,154,6,77,True,estimable,4,3.0,1.3333333333333333,154,6,528,6,0.0,0.0,1.2417235626921062,0.0,0.206953927115351,-0.206953927115351,0,True,True
POMC,FR7-1,Water,JAULA6,FR7-1__S01,cfos,ARC,LEFT_ACQUISITION,POMC|FR7-1__S01|ARC|LEFT_ACQUISITION|cfos,True,661.0,61.0,661,61,361,True,estimable,32,33.314674735249625,0.960537668589074,661,61,2277,6,13.0,36.0,29.32137088984329,0.5901639344262295,0.4806782113089064,0.1094857231173231,6,True,True
POMC,FR7-1,Water,JAULA6,FR7-1__S01,cfos,ARC,RIGHT_ACQUISITION,POMC|FR7-1__S01|ARC|RIGHT_ACQUISITION|cfos,True,638.0,55.0,638,55,284,True,estimable,24,24.48275862068965,0.9802816901408452,638,55,2207,6,8.0,26.0,25.163462865576268,0.4727272727272727,0.4575175066468412,0.0152097660804315,9,True,True
POMC,FR7-1,Water,JAULA6,FR7-1__S02,cfos,ARC,LEFT_ACQUISITION,POMC|FR7-1__S02|ARC|LEFT_ACQUISITION|cfos,True,551.0,56.0,551,56,258,True,estimable,29,26.22141560798548,1.105966223698782,551,56,1899,6,11.0,36.0,28.8766358345842,0.6428571428571429,0.5156542113318606,0.1272029315252822,7,True,True
POMC,FR7-1,Water,JAULA6,FR7-1__S02,cfos,ARC,RIGHT_ACQUISITION,POMC|FR7-1__S02|ARC|RIGHT_ACQUISITION|cfos,True,537.0,66.0,537,66,260,True,estimable,30,31.955307262569832,0.9388111888111887,537,66,1870,6,14.0,42.0,39.0860464028907,0.6363636363636364,0.5922128242862228,0.0441508120774136,9,True,True
POMC,FR7-1,Water,JAULA6,FR7-1__S03,cfos,ARC,LEFT_ACQUISITION,POMC|FR7-1__S03|ARC|LEFT_ACQUISITION|cfos,True,765.0,72.0,765,72,236,True,estimable,25,22.211764705882352,1.1255296610169492,765,72,2629,6,11.0,47.0,35.12062046602685,0.6527777777777778,0.487786395361484,0.1649913824162937,21,True,True
POMC,FR7-1,Water,JAULA6,FR7-1__S03,cfos,ARC,RIGHT_ACQUISITION,POMC|FR7-1__S03|ARC|RIGHT_ACQUISITION|cfos,True,653.0,50.0,653,50,345,True,estimable,35,26.416539050535988,1.324927536231884,653,50,2258,6,8.0,31.0,20.85927227890531,0.62,0.4171854455781061,0.2028145544218938,11,True,True
POMC,FR7-1,Water,JAULA6,FR7-1__S04,cfos,ARC,LEFT_ACQUISITION,POMC|FR7-1__S04|ARC|LEFT_ACQUISITION|cfos,True,706.0,47.0,706,47,293,True,estimable,14,19.505665722379604,0.7177401786362646,706,47,2422,6,7.0,22.0,17.40989717484657,0.4680851063829787,0.3704233441456717,0.097661762237307,7,True,True
POMC,FR7-1,Water,JAULA6,FR7-1__S04,cfos,ARC,RIGHT_ACQUISITION,POMC|FR7-1__S04|ARC|RIGHT_ACQUISITION|cfos,True,558.0,49.0,558,49,240,True,estimable,30,21.0752688172043,1.423469387755102,558,49,1916,6,6.0,27.0,22.60185170807065,0.5510204081632653,0.4612622797565439,0.0897581284067214,15,True,True
POMC,FR7-1,Water,JAULA6,FR7-1__S05,cfos,ARC,LEFT_ACQUISITION,POMC|FR7-1__S05|ARC|LEFT_ACQUISITION|cfos,True,717.0,97.0,717,97,317,True,estimable,36,42.885634588563455,0.8394419330709942,717,97,2445,6,11.0,58.0,60.521496302951206,0.5979381443298969,0.6239329515768166,-0.0259948072469196,22,True,True
POMC,FR7-1,Water,JAULA6,FR7-1__S05,cfos,ARC,RIGHT_ACQUISITION,POMC|FR7-1__S05|ARC|RIGHT_ACQUISITION|cfos,True,636.0,63.0,636,63,392,True,estimable,45,38.83018867924528,1.1588921282798834,636,63,2215,6,12.0,39.0,32.13754258812589,0.6190476190476191,0.5101197236210459,0.1089278954265731,6,True,True
POMC,FR7-1,Water,JAULA6,FR7-1__S01,cfos,ME,LEFT_ACQUISITION,POMC|FR7-1__S01|ME|LEFT_ACQUISITION|cfos,True,45.0,2.0,0,0,0,False,fewer_than_five_marker_anchors,0,0.0,,45,2,164,6,1.0,2.0,0.3313131313131046,1.0,0.1656565656565523,0.8343434343434477,2,True,True
POMC,FR7-1,Water,JAULA6,FR7-1__S01,cfos,ME,RIGHT_ACQUISITION,POMC|FR7-1__S01|ME|RIGHT_ACQUISITION|cfos,True,61.0,2.0,0,0,0,False,fewer_than_five_marker_anchors,0,0.0,,61,2,219,6,0.0,0.0,0.2393442622951589,0.0,0.1196721311475794,-0.1196721311475794,0,True,True
POMC,FR7-1,Water,JAULA6,FR7-1__S02,cfos,ME,LEFT_ACQUISITION,POMC|FR7-1__S02|ME|LEFT_ACQUISITION|cfos,True,44.0,6.0,0,0,0,False,fewer_than_five_marker_anchors,0,0.0,,44,6,153,6,2.0,5.0,3.545957445844043,0.8333333333333334,0.5909929076406738,0.2423404256926594,3,True,True
POMC,FR7-1,Water,JAULA6,FR7-1__S02,cfos,ME,RIGHT_ACQUISITION,POMC|FR7-1__S02|ME|RIGHT_ACQUISITION|cfos,True,27.0,3.0,0,0,0,False,fewer_than_five_marker_anchors,0,0.0,,27,3,96,6,1.0,3.0,1.4273504273504276,1.0,0.4757834757834758,0.5242165242165241,3,True,True
POMC,FR7-1,Water,JAULA6,FR7-1__S03,cfos,ME,LEFT_ACQUISITION,POMC|FR7-1__S03|ME|LEFT_ACQUISITION|cfos,True,178.0,2.0,0,0,0,False,fewer_than_five_marker_anchors,0,0.0,,178,2,644,6,0.0,0.0,0.0817622040248028,0.0,0.0408811020124014,-0.0408811020124014,0,True,True
POMC,FR7-1,Water,JAULA6,FR7-1__S03,cfos,ME,RIGHT_ACQUISITION,POMC|FR7-1__S03|ME|RIGHT_ACQUISITION|cfos,True,138.0,1.0,0,0,0,False,fewer_than_five_marker_anchors,0,0.0,,138,1,477,6,0.0,0.0,0.0,0.0,0.0,,0,True,True
POMC,FR7-1,Water,JAULA6,FR7-1__S04,cfos,ME,LEFT_ACQUISITION,POMC|FR7-1__S04|ME|LEFT_ACQUISITION|cfos,True,95.0,4.0,0,0,0,False,fewer_than_five_marker_anchors,0,0.0,,95,4,336,6,1.0,2.0,0.8426489966372341,0.5,0.2106622491593085,0.2893377508406914,2,True,True
POMC,FR7-1,Water,JAULA6,FR7-1__S04,cfos,ME,RIGHT_ACQUISITION,POMC|FR7-1__S04|ME|RIGHT_ACQUISITION|cfos,True,62.0,1.0,0,0,0,False,fewer_than_five_marker_anchors,0,0.0,,62,1,220,6,0.0,0.0,0.0,0.0,0.0,,0,True,True
POMC,FR7-1,Water,JAULA6,FR7-1__S05,cfos,ME,LEFT_ACQUISITION,POMC|FR7-1__S05|ME|LEFT_ACQUISITION|cfos,True,154.0,1.0,0,0,0,False,fewer_than_five_marker_anchors,0,0.0,,154,1,559,6,0.0,0.0,0.0,0.0,0.0,,0,True,True
POMC,FR7-1,Water,JAULA6,FR7-1__S05,cfos,ME,RIGHT_ACQUISITION,POMC|FR7-1__S05|ME|RIGHT_ACQUISITION|cfos,True,125.0,4.0,0,0,0,False,fewer_than_five_marker_anchors,0,0.0,,125,4,432,6,1.0,2.0,0.6361083953517523,0.5,0.159027098837938,0.3409729011620619,2,True,True
POMC,FR7-2,Water,JAULA7,FR7-2__S01,cfos,ARC,LEFT_ACQUISITION,POMC|FR7-2__S01|ARC|LEFT_ACQUISITION|cfos,True,546.0,64.0,546,64,347,True,estimable,50,40.67399267399267,1.2292867435158503,546,64,1877,6,9.0,46.0,36.4623010160798,0.71875,0.5697234533762469,0.1490265466237531,12,True,True
POMC,FR7-2,Water,JAULA7,FR7-2__S01,cfos,ARC,RIGHT_ACQUISITION,POMC|FR7-2__S01|ARC|RIGHT_ACQUISITION|cfos,True,525.0,100.0,525,100,323,True,estimable,67,61.523809523809526,1.0890092879256963,525,100,1816,6,19.0,80.0,76.25484755998431,0.8,0.7625484755998432,0.0374515244001568,21,True,True
POMC,FR7-2,Water,JAULA7,FR7-2__S02,cfos,ARC,LEFT_ACQUISITION,POMC|FR7-2__S02|ARC|LEFT_ACQUISITION|cfos,True,501.0,52.0,501,52,219,True,estimable,31,22.730538922155688,1.363804004214963,501,52,1725,6,8.0,36.0,27.18821419633743,0.6923076923076923,0.522850273006489,0.1694574193012032,16,True,True
POMC,FR7-2,Water,JAULA7,FR7-2__S02,cfos,ARC,RIGHT_ACQUISITION,POMC|FR7-2__S02|ARC|RIGHT_ACQUISITION|cfos,True,510.0,64.0,510,64,259,True,estimable,35,32.501960784313724,1.076858108108108,510,64,1759,6,10.0,47.0,38.19959500288508,0.734375,0.5968686719200794,0.1375063280799205,25,True,True
POMC,FR7-2,Water,JAULA7,FR7-2__S03,cfos,ARC,LEFT_ACQUISITION,POMC|FR7-2__S03|ARC|LEFT_ACQUISITION|cfos,True,655.0,72.0,655,72,328,True,estimable,35,36.05496183206107,0.9707401761517616,655,72,2243,6,8.0,57.0,39.16808916708332,0.7916666666666666,0.5440012384317128,0.2476654282349538,24,True,True
POMC,FR7-2,Water,JAULA7,FR7-2__S03,cfos,ARC,RIGHT_ACQUISITION,POMC|FR7-2__S03|ARC|RIGHT_ACQUISITION|cfos,True,649.0,81.0,649,81,337,True,estimable,45,42.06009244992296,1.0698977909660403,649,81,2209,6,9.0,51.0,47.89004611897796,0.6296296296296297,0.5912351372713329,0.0383944923582967,28,True,True
POMC,FR7-2,Water,JAULA7,FR7-2__S04,cfos,ARC,LEFT_ACQUISITION,POMC|FR7-2__S04|ARC|LEFT_ACQUISITION|cfos,True,473.0,40.0,473,40,237,True,estimable,25,20.042283298097253,1.247362869198312,473,40,1632,6,10.0,25.0,17.935853190102428,0.625,0.4483963297525607,0.1766036702474393,4,True,True
POMC,FR7-2,Water,JAULA7,FR7-2__S04,cfos,ARC,RIGHT_ACQUISITION,POMC|FR7-2__S04|ARC|RIGHT_ACQUISITION|cfos,True,537.0,74.0,537,74,298,True,estimable,50,41.06517690875233,1.2175766370397243,537,74,1864,6,12.0,57.0,47.11302744279802,0.7702702702702703,0.636662533010784,0.1336077372594862,23,True,True
POMC,FR7-2,Water,JAULA7,FR7-2__S05,cfos,ARC,LEFT_ACQUISITION,POMC|FR7-2__S05|ARC|LEFT_ACQUISITION|cfos,True,484.0,52.0,484,52,217,True,estimable,26,23.31404958677686,1.1152073732718892,484,52,1667,6,9.0,40.0,27.863815021038537,0.7692307692307693,0.5358425965584334,0.2333881726723358,21,True,True
POMC,FR7-2,Water,JAULA7,FR7-2__S05,cfos,ARC,RIGHT_ACQUISITION,POMC|FR7-2__S05|ARC|RIGHT_ACQUISITION|cfos,True,440.0,59.0,440,59,243,True,estimable,37,32.58409090909091,1.1355234707400432,440,59,1519,6,10.0,47.0,36.77930127248999,0.7966101694915254,0.6233779876693218,0.1732321818222036,26,True,True
POMC,FR7-2,Water,JAULA7,FR7-2__S01,cfos,ME,LEFT_ACQUISITION,POMC|FR7-2__S01|ME|LEFT_ACQUISITION|cfos,True,44.0,15.0,0,0,0,False,fewer_than_five_marker_anchors,0,0.0,,44,15,158,6,2.0,14.0,14.21358703020233,0.9333333333333332,0.9475724686801552,-0.0142391353468219,11,True,True
POMC,FR7-2,Water,JAULA7,FR7-2__S01,cfos,ME,RIGHT_ACQUISITION,POMC|FR7-2__S01|ME|RIGHT_ACQUISITION|cfos,True,54.0,8.0,0,0,0,False,fewer_than_five_marker_anchors,0,0.0,,54,8,196,6,2.0,7.0,5.274372201127411,0.875,0.6592965251409264,0.2157034748590736,5,True,True
POMC,FR7-2,Water,JAULA7,FR7-2__S02,cfos,ME,LEFT_ACQUISITION,POMC|FR7-2__S02|ME|LEFT_ACQUISITION|cfos,True,75.0,7.0,0,0,0,False,fewer_than_five_marker_anchors,0,0.0,,75,7,268,6,2.0,5.0,3.255249683996557,0.7142857142857143,0.4650356691423653,0.2492500451433489,3,True,True
POMC,FR7-2,Water,JAULA7,FR7-2__S02,cfos,ME,RIGHT_ACQUISITION,POMC|FR7-2__S02|ME|RIGHT_ACQUISITION|cfos,True,50.0,10.0,0,0,0,False,fewer_than_five_marker_anchors,0,0.0,,50,10,183,6,1.0,9.0,7.877974219228098,0.9,0.7877974219228098,0.1122025780771902,9,True,True
POMC,FR7-2,Water,JAULA7,FR7-2__S03,cfos,ME,LEFT_ACQUISITION,POMC|FR7-2__S03|ME|LEFT_ACQUISITION|cfos,True,142.0,8.0,0,0,0,False,fewer_than_five_marker_anchors,0,0.0,,142,8,508,6,2.0,7.0,2.480221931712889,0.875,0.3100277414641111,0.564972258535889,4,True,True
POMC,FR7-2,Water,JAULA7,FR7-2__S03,cfos,ME,RIGHT_ACQUISITION,POMC|FR7-2__S03|ME|RIGHT_ACQUISITION|cfos,True,112.0,7.0,0,0,0,False,fewer_than_five_marker_anchors,0,0.0,,112,7,394,6,1.0,6.0,2.308671996767312,0.8571428571428571,0.3298102852524731,0.5273325718903841,6,True,True
POMC,FR7-2,Water,JAULA7,FR7-2__S04,cfos,ME,LEFT_ACQUISITION,POMC|FR7-2__S04|ME|LEFT_ACQUISITION|cfos,True,58.0,13.0,0,0,0,False,fewer_than_five_marker_anchors,0,0.0,,58,13,209,6,2.0,12.0,10.758984859924231,0.9230769230769232,0.8276142199941716,0.0954627030827514,10,True,True
POMC,FR7-2,Water,JAULA7,FR7-2__S04,cfos,ME,RIGHT_ACQUISITION,POMC|FR7-2__S04|ME|RIGHT_ACQUISITION|cfos,True,45.0,4.0,0,0,0,False,fewer_than_five_marker_anchors,0,0.0,,45,4,163,6,1.0,4.0,1.685345145810263,1.0,0.4213362864525657,0.5786637135474342,4,True,True
POMC,FR7-2,Water,JAULA7,FR7-2__S05,cfos,ME,LEFT_ACQUISITION,POMC|FR7-2__S05|ME|LEFT_ACQUISITION|cfos,True,53.0,5.0,0,0,0,False,fewer_than_five_marker_anchors,0,0.0,,53,5,185,6,2.0,5.0,2.212413906055948,1.0,0.4424827812111894,0.5575172187888106,3,True,True
POMC,FR7-2,Water,JAULA7,FR7-2__S05,cfos,ME,RIGHT_ACQUISITION,POMC|FR7-2__S05|ME|RIGHT_ACQUISITION|cfos,True,79.0,7.0,0,0,0,False,fewer_than_five_marker_anchors,0,0.0,,79,7,278,6,3.0,7.0,3.0843839042736123,1.0,0.4406262720390875,0.5593737279609126,3,True,True
POMC,FR7-23,Sucrose,JAULA2,FR723__S01,cfos,ARC,LEFT_ACQUISITION,POMC|FR723__S01|ARC|LEFT_ACQUISITION|cfos,True,472.0,41.0,472,41,208,True,estimable,17,18.06779661016949,0.9409005628517824,472,41,1627,6,7.0,23.0,18.77263363400383,0.5609756097560976,0.4578691130244837,0.1031064967316138,7,True,True
POMC,FR7-23,Sucrose,JAULA2,FR723__S01,cfos,ARC,RIGHT_ACQUISITION,POMC|FR723__S01|ARC|RIGHT_ACQUISITION|cfos,True,447.0,25.0,447,25,272,True,estimable,17,15.212527964205815,1.1175,447,25,1542,6,5.0,16.0,7.948073809518127,0.64,0.3179229523807251,0.3220770476192748,8,True,True
POMC,FR7-23,Sucrose,JAULA2,FR723__S02,cfos,ARC,LEFT_ACQUISITION,POMC|FR723__S02|ARC|LEFT_ACQUISITION|cfos,True,547.0,51.0,547,51,329,True,estimable,34,30.674588665447896,1.1084093211752788,547,51,1898,6,10.0,29.0,24.79768005596576,0.5686274509803921,0.4862290207052109,0.0823984302751811,4,True,True
POMC,FR7-23,Sucrose,JAULA2,FR723__S02,cfos,ARC,RIGHT_ACQUISITION,POMC|FR723__S02|ARC|RIGHT_ACQUISITION|cfos,True,519.0,57.0,519,57,277,True,estimable,37,30.421965317919074,1.2162264867946038,519,57,1790,6,7.0,30.0,31.06981995357387,0.5263157894736842,0.5450845605890152,-0.018768771115331,9,True,True
POMC,FR7-23,Sucrose,JAULA2,FR723__S03,cfos,ARC,LEFT_ACQUISITION,POMC|FR723__S03|ARC|LEFT_ACQUISITION|cfos,True,551.0,82.0,551,82,333,True,estimable,54,49.55716878402904,1.0896506262359922,551,82,1883,6,18.0,62.0,54.249399645780194,0.7560975609756098,0.6615780444607341,0.0945195165148756,12,True,True
POMC,FR7-23,Sucrose,JAULA2,FR723__S03,cfos,ARC,RIGHT_ACQUISITION,POMC|FR723__S03|ARC|RIGHT_ACQUISITION|cfos,True,564.0,44.0,564,44,271,True,estimable,29,21.141843971631207,1.3716873532371687,564,44,1934,6,11.0,33.0,18.4807156171004,0.75,0.4200162640250091,0.3299837359749908,10,True,True
POMC,FR7-23,Sucrose,JAULA2,FR723__S04,cfos,ARC,LEFT_ACQUISITION,POMC|FR723__S04|ARC|LEFT_ACQUISITION|cfos,True,544.0,63.0,544,63,309,True,estimable,42,35.78492647058823,1.173678532901834,544,63,1868,6,14.0,48.0,35.55895647231312,0.7619047619047619,0.5644278805129067,0.1974768813918552,10,True,True
POMC,FR7-23,Sucrose,JAULA2,FR723__S04,cfos,ARC,RIGHT_ACQUISITION,POMC|FR723__S04|ARC|RIGHT_ACQUISITION|cfos,True,553.0,53.0,553,53,281,True,estimable,37,26.93128390596745,1.3738669173437186,553,53,1899,6,10.0,29.0,26.12769035167269,0.5471698113207547,0.4929752896542018,0.0541945216665529,6,True,True
POMC,FR7-23,Sucrose,JAULA2,FR723__S05,cfos,ARC,LEFT_ACQUISITION,POMC|FR723__S05|ARC|LEFT_ACQUISITION|cfos,True,596.0,93.0,596,93,297,True,estimable,58,46.34395973154363,1.2515115310814235,596,93,2027,6,14.0,73.0,63.1612044544076,0.7849462365591398,0.6791527360688989,0.1057935004902409,39,True,True
POMC,FR7-23,Sucrose,JAULA2,FR723__S05,cfos,ARC,RIGHT_ACQUISITION,POMC|FR723__S05|ARC|RIGHT_ACQUISITION|cfos,True,515.0,55.0,515,55,215,True,estimable,32,22.961165048543688,1.3936575052854123,515,55,1757,6,12.0,41.0,29.20469336486965,0.7454545454545455,0.5309944248158118,0.2144601206387336,8,True,True
POMC,FR7-23,Sucrose,JAULA2,FR723__S01,cfos,ME,LEFT_ACQUISITION,POMC|FR723__S01|ME|LEFT_ACQUISITION|cfos,True,15.0,4.0,0,0,0,False,fewer_than_five_marker_anchors,0,0.0,,15,4,53,6,1.0,3.0,3.5545787545787557,0.75,0.8886446886446888,-0.1386446886446888,3,True,True
POMC,FR7-23,Sucrose,JAULA2,FR723__S01,cfos,ME,RIGHT_ACQUISITION,POMC|FR723__S01|ME|RIGHT_ACQUISITION|cfos,True,45.0,4.0,0,0,0,False,fewer_than_five_marker_anchors,0,0.0,,45,4,163,6,1.0,3.0,1.6928688882177287,0.75,0.4232172220544322,0.3267827779455678,3,True,True
POMC,FR7-23,Sucrose,JAULA2,FR723__S02,cfos,ME,LEFT_ACQUISITION,POMC|FR723__S02|ME|LEFT_ACQUISITION|cfos,True,55.0,14.0,0,0,0,False,fewer_than_five_marker_anchors,0,0.0,,55,14,200,6,3.0,13.0,12.24430530664225,0.9285714285714286,0.8745932361887322,0.0539781923826964,8,True,True
POMC,FR7-23,Sucrose,JAULA2,FR723__S02,cfos,ME,RIGHT_ACQUISITION,POMC|FR723__S02|ME|RIGHT_ACQUISITION|cfos,True,35.0,9.0,0,0,0,False,fewer_than_five_marker_anchors,0,0.0,,35,9,127,6,1.0,9.0,7.901139298878602,1.0,0.8779043665420669,0.122095633457933,9,True,True
POMC,FR7-23,Sucrose,JAULA2,FR723__S03,cfos,ME,LEFT_ACQUISITION,POMC|FR723__S03|ME|LEFT_ACQUISITION|cfos,True,29.0,4.0,0,0,0,False,fewer_than_five_marker_anchors,0,0.0,,29,4,111,6,1.0,2.0,2.494000252620953,0.5,0.6235000631552382,-0.1235000631552382,2,True,True
POMC,FR7-23,Sucrose,JAULA2,FR723__S03,cfos,ME,RIGHT_ACQUISITION,POMC|FR723__S03|ME|RIGHT_ACQUISITION|cfos,True,51.0,14.0,0,0,0,False,fewer_than_five_marker_anchors,0,0.0,,51,14,191,6,2.0,14.0,12.620361553883717,1.0,0.9014543967059796,0.0985456032940202,8,True,True
POMC,FR7-23,Sucrose,JAULA2,FR723__S04,cfos,ME,LEFT_ACQUISITION,POMC|FR723__S04|ME|LEFT_ACQUISITION|cfos,True,44.0,15.0,0,0,0,False,fewer_than_five_marker_anchors,0,0.0,,44,15,166,6,1.0,13.0,14.30495255019205,0.8666666666666667,0.9536635033461368,-0.08699683667947,13,True,True
POMC,FR7-23,Sucrose,JAULA2,FR723__S04,cfos,ME,RIGHT_ACQUISITION,POMC|FR723__S04|ME|RIGHT_ACQUISITION|cfos,True,33.0,1.0,0,0,0,False,fewer_than_five_marker_anchors,0,0.0,,33,1,115,6,0.0,0.0,0.0,0.0,0.0,,0,True,True
POMC,FR7-23,Sucrose,JAULA2,FR723__S05,cfos,ME,RIGHT_ACQUISITION,POMC|FR723__S05|ME|RIGHT_ACQUISITION|cfos,True,56.0,6.0,0,0,0,False,fewer_than_five_marker_anchors,0,0.0,,56,6,198,6,1.0,5.0,3.0435266423058938,0.8333333333333334,0.5072544403843157,0.3260788929490177,5,True,True
POMC,FR7-3,Sucrose,JAULA8,FR7-3__S01,cfos,ARC,LEFT_ACQUISITION,POMC|FR7-3__S01|ARC|LEFT_ACQUISITION|cfos,True,630.0,110.0,630,110,348,True,estimable,65,60.76190476190476,1.0697492163009406,630,110,2162,6,22.0,85.0,79.9618842246008,0.7727272727272727,0.7269262202236436,0.0458010525036291,9,True,True
POMC,FR7-3,Sucrose,JAULA8,FR7-3__S01,cfos,ARC,RIGHT_ACQUISITION,POMC|FR7-3__S01|ARC|RIGHT_ACQUISITION|cfos,True,504.0,99.0,504,99,329,True,estimable,61,64.625,0.943907156673114,504,99,1730,6,18.0,78.0,76.36489177659735,0.7878787878787878,0.7713625431979529,0.0165162446808348,15,True,True
POMC,FR7-3,Sucrose,JAULA8,FR7-3__S02,cfos,ARC,LEFT_ACQUISITION,POMC|FR7-3__S02|ARC|LEFT_ACQUISITION|cfos,True,498.0,88.0,498,88,215,True,estimable,37,37.99196787148595,0.9738900634249472,498,88,1703,6,12.0,64.0,64.22410518138508,0.7272727272727273,0.7298193770611942,-0.0025466497884668,18,True,True
POMC,FR7-3,Sucrose,JAULA8,FR7-3__S02,cfos,ARC,RIGHT_ACQUISITION,POMC|FR7-3__S02|ARC|RIGHT_ACQUISITION|cfos,True,485.0,91.0,485,91,305,True,estimable,50,57.22680412371134,0.8737164474869393,485,91,1665,6,14.0,67.0,68.64071665943463,0.7362637362637363,0.7542935896641169,-0.0180298534003805,15,True,True
POMC,FR7-3,Sucrose,JAULA8,FR7-3__S03,cfos,ARC,LEFT_ACQUISITION,POMC|FR7-3__S03|ARC|LEFT_ACQUISITION|cfos,True,591.0,103.0,591,103,368,True,estimable,78,64.13536379018612,1.2161777121148163,591,103,2043,6,22.0,76.0,75.02684236800755,0.7378640776699029,0.7284159453204616,0.0094481323494412,7,True,True
POMC,FR7-3,Sucrose,JAULA8,FR7-3__S03,cfos,ARC,RIGHT_ACQUISITION,POMC|FR7-3__S03|ARC|RIGHT_ACQUISITION|cfos,True,559.0,117.0,559,117,330,True,estimable,72,69.06976744186046,1.0424242424242425,559,117,1910,6,18.0,89.0,92.84566160657276,0.7606837606837606,0.7935526633040406,-0.0328689026202798,17,True,True
POMC,FR7-3,Sucrose,JAULA8,FR7-3__S04,cfos,ARC,LEFT_ACQUISITION,POMC|FR7-3__S04|ARC|LEFT_ACQUISITION|cfos,True,606.0,97.0,606,97,331,True,estimable,64,52.98184818481848,1.207960880804809,606,97,2081,6,19.0,72.0,67.15242111806528,0.7422680412371134,0.6922930012171679,0.0499750400199456,11,True,True
POMC,FR7-3,Sucrose,JAULA8,FR7-3__S04,cfos,ARC,RIGHT_ACQUISITION,POMC|FR7-3__S04|ARC|RIGHT_ACQUISITION|cfos,True,526.0,97.0,526,97,313,True,estimable,71,57.72053231939164,1.2300648858733243,526,97,1806,6,14.0,78.0,72.52971902612023,0.8041237113402062,0.7477290621249508,0.0563946492152553,38,True,True
POMC,FR7-3,Sucrose,JAULA8,FR7-3__S05,cfos,ARC,LEFT_ACQUISITION,POMC|FR7-3__S05|ARC|LEFT_ACQUISITION|cfos,True,489.0,72.0,489,72,282,True,estimable,42,41.52147239263804,1.0115248226950355,489,72,1691,6,13.0,44.0,47.60467852502944,0.6111111111111112,0.6611760906254088,-0.0500649795142977,10,True,True
POMC,FR7-3,Sucrose,JAULA8,FR7-3__S05,cfos,ARC,RIGHT_ACQUISITION,POMC|FR7-3__S05|ARC|RIGHT_ACQUISITION|cfos,True,517.0,118.0,517,118,326,True,estimable,84,74.40618955512572,1.1289383383591558,517,118,1772,6,16.0,95.0,97.33684620829126,0.8050847457627118,0.824888527188909,-0.0198037814261971,45,True,True
POMC,FR7-3,Sucrose,JAULA8,FR7-3__S01,cfos,ME,LEFT_ACQUISITION,POMC|FR7-3__S01|ME|LEFT_ACQUISITION|cfos,True,81.0,8.0,0,0,0,False,fewer_than_five_marker_anchors,0,0.0,,81,8,288,6,3.0,7.0,3.917592534274883,0.875,0.4896990667843603,0.3853009332156396,3,True,True
POMC,FR7-3,Sucrose,JAULA8,FR7-3__S01,cfos,ME,RIGHT_ACQUISITION,POMC|FR7-3__S01|ME|RIGHT_ACQUISITION|cfos,True,115.0,28.0,0,0,0,False,fewer_than_five_marker_anchors,0,0.0,,115,28,406,6,5.0,24.0,23.922504620442098,0.8571428571428571,0.8543751650157893,0.0027676921270679,7,True,True
POMC,FR7-3,Sucrose,JAULA8,FR7-3__S02,cfos,ME,SIDE_1,POMC|FR7-3__S02|ME|SIDE_1|cfos,True,0.0,0.0,0,0,0,False,fewer_than_five_marker_anchors,0,0.0,,0,0,0,0,0.0,0.0,0.0,,,,0,True,True
POMC,FR7-3,Sucrose,JAULA8,FR7-3__S03,cfos,ME,LEFT_ACQUISITION,POMC|FR7-3__S03|ME|LEFT_ACQUISITION|cfos,True,27.0,3.0,0,0,0,False,fewer_than_five_marker_anchors,0,0.0,,27,3,100,6,1.0,3.0,1.4755555555555548,1.0,0.4918518518518516,0.5081481481481483,3,True,True
POMC,FR7-3,Sucrose,JAULA8,FR7-3__S03,cfos,ME,RIGHT_ACQUISITION,POMC|FR7-3__S03|ME|RIGHT_ACQUISITION|cfos,True,83.0,18.0,0,0,0,False,fewer_than_five_marker_anchors,0,0.0,,83,18,294,6,4.0,15.0,14.63814884288902,0.8333333333333334,0.8132304912716122,0.0201028420617211,7,True,True
POMC,FR7-3,Sucrose,JAULA8,FR7-3__S04,cfos,ME,LEFT_ACQUISITION,POMC|FR7-3__S04|ME|LEFT_ACQUISITION|cfos,True,12.0,5.0,0,0,0,False,fewer_than_five_marker_anchors,0,0.0,,12,5,44,6,1.0,5.0,4.9595959595959584,1.0,0.9919191919191916,0.0080808080808083,5,True,True
POMC,FR7-3,Sucrose,JAULA8,FR7-3__S05,cfos,ME,LEFT_ACQUISITION,POMC|FR7-3__S05|ME|LEFT_ACQUISITION|cfos,True,30.0,8.0,0,0,0,False,fewer_than_five_marker_anchors,0,0.0,,30,8,112,6,2.0,8.0,7.153917400274213,1.0,0.8942396750342766,0.1057603249657234,5,True,True
POMC,FR7-3,Sucrose,JAULA8,FR7-3__S05,cfos,ME,RIGHT_ACQUISITION,POMC|FR7-3__S05|ME|RIGHT_ACQUISITION|cfos,True,72.0,20.0,0,0,0,False,fewer_than_five_marker_anchors,0,0.0,,72,20,265,6,3.0,20.0,18.040295907978084,1.0,0.9020147953989042,0.0979852046010957,16,True,True
POMC,FR7-4,Sucrose,JAULA8,FR7-4__S01,cfos,ARC,LEFT_ACQUISITION,POMC|FR7-4__S01|ARC|LEFT_ACQUISITION|cfos,True,594.0,75.0,594,75,289,True,estimable,52,36.48989898989899,1.4250519031141868,594,75,2048,6,11.0,51.0,44.97223052434279,0.68,0.5996297403245705,0.0803702596754294,11,True,True
POMC,FR7-4,Sucrose,JAULA8,FR7-4__S01,cfos,ARC,RIGHT_ACQUISITION,POMC|FR7-4__S01|ARC|RIGHT_ACQUISITION|cfos,True,507.0,67.0,507,67,245,True,estimable,39,32.3767258382643,1.204568991775815,507,67,1738,6,13.0,45.0,41.23978908393754,0.6716417910447762,0.6155192400587692,0.0561225509860069,10,True,True
POMC,FR7-4,Sucrose,JAULA8,FR7-4__S02,cfos,ARC,LEFT_ACQUISITION,POMC|FR7-4__S02|ARC|LEFT_ACQUISITION|cfos,True,527.0,63.0,527,63,204,True,estimable,40,24.387096774193548,1.6402116402116402,527,63,1824,6,7.0,39.0,36.4899897319972,0.6190476190476191,0.5792061862221778,0.0398414328254412,15,True,True
POMC,FR7-4,Sucrose,JAULA8,FR7-4__S02,cfos,ARC,RIGHT_ACQUISITION,POMC|FR7-4__S02|ARC|RIGHT_ACQUISITION|cfos,True,518.0,48.0,518,48,300,True,estimable,30,27.7992277992278,1.0791666666666666,518,48,1792,6,9.0,39.0,23.16614749644984,0.8125,0.482628072842705,0.3298719271572949,8,True,True
POMC,FR7-4,Sucrose,JAULA8,FR7-4__S03,cfos,ARC,LEFT_ACQUISITION,POMC|FR7-4__S03|ARC|LEFT_ACQUISITION|cfos,True,651.0,76.0,651,76,309,True,estimable,46,36.07373271889401,1.275166070516096,651,76,2254,6,11.0,58.0,43.39494428530237,0.7631578947368421,0.5709861090171365,0.1921717857197056,20,True,True
POMC,FR7-4,Sucrose,JAULA8,FR7-4__S03,cfos,ARC,RIGHT_ACQUISITION,POMC|FR7-4__S03|ARC|RIGHT_ACQUISITION|cfos,True,588.0,75.0,588,75,359,True,estimable,51,45.79081632653061,1.1137604456824512,588,75,2008,6,14.0,49.0,45.048898023311374,0.6533333333333333,0.6006519736441517,0.0526813596891816,10,True,True
POMC,FR7-4,Sucrose,JAULA8,FR7-4__S04,cfos,ARC,LEFT_ACQUISITION,POMC|FR7-4__S04|ARC|LEFT_ACQUISITION|cfos,True,603.0,68.0,603,68,257,True,estimable,32,28.981757877280263,1.1041428244449532,603,68,2044,6,10.0,45.0,37.38844019817646,0.6617647058823529,0.5498300029143597,0.1119347029679932,21,True,True
POMC,FR7-4,Sucrose,JAULA8,FR7-4__S04,cfos,ARC,RIGHT_ACQUISITION,POMC|FR7-4__S04|ARC|RIGHT_ACQUISITION|cfos,True,568.0,48.0,568,48,242,True,estimable,32,20.450704225352112,1.564738292011019,568,48,1975,6,5.0,31.0,21.690850201526107,0.6458333333333334,0.4518927125317939,0.1939406208015394,23,True,True
POMC,FR7-4,Sucrose,JAULA8,FR7-4__S05,cfos,ARC,LEFT_ACQUISITION,POMC|FR7-4__S05|ARC|LEFT_ACQUISITION|cfos,True,655.0,66.0,655,66,345,True,estimable,45,34.76335877862596,1.2944664031620552,655,66,2222,6,11.0,47.0,33.51951440775143,0.7121212121212122,0.5078714304204762,0.2042497817007359,18,True,True
POMC,FR7-4,Sucrose,JAULA8,FR7-4__S05,cfos,ARC,RIGHT_ACQUISITION,POMC|FR7-4__S05|ARC|RIGHT_ACQUISITION|cfos,True,591.0,49.0,591,49,243,True,estimable,22,20.14720812182741,1.09196271101033,591,49,2011,6,5.0,35.0,21.497420082379268,0.7142857142857143,0.4387228588240667,0.2755628554616476,26,True,True
POMC,FR7-4,Sucrose,JAULA8,FR7-4__S01,cfos,ME,LEFT_ACQUISITION,POMC|FR7-4__S01|ME|LEFT_ACQUISITION|cfos,True,61.0,3.0,0,0,0,False,fewer_than_five_marker_anchors,0,0.0,,61,3,227,6,1.0,2.0,0.7021116976938322,0.6666666666666666,0.2340372325646107,0.4326294341020559,2,True,True
POMC,FR7-4,Sucrose,JAULA8,FR7-4__S01,cfos,ME,RIGHT_ACQUISITION,POMC|FR7-4__S01|ME|RIGHT_ACQUISITION|cfos,True,57.0,4.0,0,0,0,False,fewer_than_five_marker_anchors,0,0.0,,57,4,206,6,1.0,4.0,1.3718462823726305,1.0,0.3429615705931575,0.6570384294068424,4,True,True
POMC,FR7-4,Sucrose,JAULA8,FR7-4__S02,cfos,ME,LEFT_ACQUISITION,POMC|FR7-4__S02|ME|LEFT_ACQUISITION|cfos,True,80.0,4.0,0,0,0,False,fewer_than_five_marker_anchors,0,0.0,,80,4,274,6,0.0,0.0,0.961330441709995,0.0,0.2403326104274987,-0.2403326104274987,0,True,True
POMC,FR7-4,Sucrose,JAULA8,FR7-4__S02,cfos,ME,RIGHT_ACQUISITION,POMC|FR7-4__S02|ME|RIGHT_ACQUISITION|cfos,True,115.0,7.0,0,0,0,False,fewer_than_five_marker_anchors,0,0.0,,115,7,408,6,3.0,7.0,2.27197884236008,1.0,0.3245684060514399,0.6754315939485601,3,True,True
POMC,FR7-4,Sucrose,JAULA8,FR7-4__S03,cfos,ME,LEFT_ACQUISITION,POMC|FR7-4__S03|ME|LEFT_ACQUISITION|cfos,True,64.0,13.0,0,0,0,False,fewer_than_five_marker_anchors,0,0.0,,64,13,220,6,2.0,12.0,10.093370117588124,0.9230769230769232,0.7764130859683172,0.1466638371086059,9,True,True
POMC,FR7-4,Sucrose,JAULA8,FR7-4__S03,cfos,ME,RIGHT_ACQUISITION,POMC|FR7-4__S03|ME|RIGHT_ACQUISITION|cfos,True,27.0,1.0,0,0,0,False,fewer_than_five_marker_anchors,0,0.0,,27,1,106,6,0.0,0.0,0.0,0.0,0.0,,0,True,True
POMC,FR7-4,Sucrose,JAULA8,FR7-4__S04,cfos,ME,LEFT_ACQUISITION,POMC|FR7-4__S04|ME|LEFT_ACQUISITION|cfos,True,77.0,6.0,0,0,0,False,fewer_than_five_marker_anchors,0,0.0,,77,6,270,6,1.0,4.0,2.3323405827010686,0.6666666666666666,0.3887234304501781,0.2779432362164886,4,True,True
POMC,FR7-4,Sucrose,JAULA8,FR7-4__S04,cfos,ME,RIGHT_ACQUISITION,POMC|FR7-4__S04|ME|RIGHT_ACQUISITION|cfos,True,98.0,6.0,0,0,0,False,fewer_than_five_marker_anchors,0,0.0,,98,6,349,6,2.0,5.0,1.9306698243591396,0.8333333333333334,0.3217783040598566,0.5115550292734768,3,True,True
POMC,FR7-4,Sucrose,JAULA8,FR7-4__S05,cfos,ME,LEFT_ACQUISITION,POMC|FR7-4__S05|ME|LEFT_ACQUISITION|cfos,True,146.0,12.0,0,0,0,False,fewer_than_five_marker_anchors,0,0.0,,146,12,510,6,2.0,9.0,5.14018198360053,0.75,0.4283484986333775,0.3216515013666225,5,True,True
POMC,FR7-4,Sucrose,JAULA8,FR7-4__S05,cfos,ME,RIGHT_ACQUISITION,POMC|FR7-4__S05|ME|RIGHT_ACQUISITION|cfos,True,82.0,6.0,0,0,0,False,fewer_than_five_marker_anchors,0,0.0,,82,6,288,6,3.0,6.0,2.2224716183501165,1.0,0.370411936391686,0.6295880636083139,2,True,True
POMC,FR8-1,Allulose,JAULA3,FR8-1(R)__S01,cfos,ARC,LEFT_ACQUISITION,POMC|FR8-1(R)__S01|ARC|LEFT_ACQUISITION|cfos,True,694.0,96.0,694,96,361,True,estimable,75,49.93659942363112,1.501904432132964,694,96,2376,6,11.0,72.0,60.83926397893397,0.75,0.6337423331138955,0.1162576668861044,36,True,True
POMC,FR8-1,Allulose,JAULA3,FR8-1(R)__S01,cfos,ARC,RIGHT_ACQUISITION,POMC|FR8-1(R)__S01|ARC|RIGHT_ACQUISITION|cfos,True,589.0,102.0,589,102,324,True,estimable,73,56.10865874363328,1.3010469619946743,589,102,2027,6,11.0,81.0,73.85700232476714,0.7941176470588235,0.7240882580859523,0.0700293889728712,49,True,True
POMC,FR8-1,Allulose,JAULA3,FR8-1(R)__S02,cfos,ARC,LEFT_ACQUISITION,POMC|FR8-1(R)__S02|ARC|LEFT_ACQUISITION|cfos,True,646.0,88.0,646,88,267,True,estimable,54,36.371517027863774,1.4846782431052097,646,88,2203,6,16.0,66.0,55.10582610065898,0.75,0.6262025693256702,0.1237974306743297,24,True,True
POMC,FR8-1,Allulose,JAULA3,FR8-1(R)__S02,cfos,ARC,RIGHT_ACQUISITION,POMC|FR8-1(R)__S02|ARC|RIGHT_ACQUISITION|cfos,True,604.0,80.0,604,80,362,True,estimable,61,47.94701986754967,1.2722375690607737,604,80,2079,6,9.0,58.0,49.463459381915975,0.725,0.6182932422739497,0.1067067577260503,37,True,True
POMC,FR8-1,Allulose,JAULA3,FR8-1(R)__S03,cfos,ARC,LEFT_ACQUISITION,POMC|FR8-1(R)__S03|ARC|LEFT_ACQUISITION|cfos,True,866.0,93.0,866,93,379,True,estimable,63,40.70092378752887,1.5478764150140436,866,93,2957,6,14.0,74.0,49.73406393800146,0.7956989247311828,0.5347748810537791,0.2609240436774036,17,True,True
POMC,FR8-1,Allulose,JAULA3,FR8-1(R)__S03,cfos,ARC,RIGHT_ACQUISITION,POMC|FR8-1(R)__S03|ARC|RIGHT_ACQUISITION|cfos,True,756.0,100.0,756,100,331,True,estimable,68,43.78306878306879,1.5531117824773413,756,100,2599,6,18.0,75.0,61.7580405653966,0.75,0.617580405653966,0.132419594346034,25,True,True
POMC,FR8-1,Allulose,JAULA3,FR8-1(R)__S04,cfos,ARC,LEFT_ACQUISITION,POMC|FR8-1(R)__S04|ARC|LEFT_ACQUISITION|cfos,True,404.0,47.0,404,47,263,True,estimable,36,30.596534653465348,1.1766038346412102,404,47,1396,6,8.0,31.0,26.64886235045264,0.6595744680851063,0.5669970712862263,0.09257739679888,12,True,True
POMC,FR8-1,Allulose,JAULA3,FR8-1(R)__S04,cfos,ARC,RIGHT_ACQUISITION,POMC|FR8-1(R)__S04|ARC|RIGHT_ACQUISITION|cfos,True,404.0,57.0,404,57,230,True,estimable,37,32.45049504950495,1.1401983218916858,404,57,1407,6,12.0,44.0,36.835260810908295,0.7719298245614035,0.6462326458054087,0.1256971787559948,17,True,True
POMC,FR8-1,Allulose,JAULA3,FR8-1(R)__S01,cfos,ME,LEFT_ACQUISITION,POMC|FR8-1(R)__S01|ME|LEFT_ACQUISITION|cfos,True,134.0,5.0,0,0,0,False,fewer_than_five_marker_anchors,0,0.0,,134,5,480,6,1.0,2.0,1.000598494230891,0.4,0.2001196988461782,0.1998803011538218,2,True,True
POMC,FR8-1,Allulose,JAULA3,FR8-1(R)__S01,cfos,ME,RIGHT_ACQUISITION,POMC|FR8-1(R)__S01|ME|RIGHT_ACQUISITION|cfos,True,91.0,6.0,91,6,55,True,estimable,6,3.6263736263736255,1.6545454545454543,91,6,326,6,1.0,5.0,2.066308744191719,0.8333333333333334,0.3443847906986199,0.4889485426347135,5,True,True
POMC,FR8-1,Allulose,JAULA3,FR8-1(R)__S02,cfos,ME,LEFT_ACQUISITION,POMC|FR8-1(R)__S02|ME|LEFT_ACQUISITION|cfos,True,34.0,4.0,0,0,0,False,fewer_than_five_marker_anchors,0,0.0,,34,4,123,6,1.0,2.0,2.1216361911333896,0.5,0.5304090477833474,-0.0304090477833474,2,True,True
POMC,FR8-1,Allulose,JAULA3,FR8-1(R)__S02,cfos,ME,RIGHT_ACQUISITION,POMC|FR8-1(R)__S02|ME|RIGHT_ACQUISITION|cfos,True,64.0,7.0,0,0,0,False,fewer_than_five_marker_anchors,0,0.0,,64,7,226,6,1.0,3.0,3.624659202379553,0.4285714285714285,0.5178084574827932,-0.0892370289113646,3,True,True
POMC,FR8-1,Allulose,JAULA3,FR8-1(R)__S03,cfos,ME,LEFT_ACQUISITION,POMC|FR8-1(R)__S03|ME|LEFT_ACQUISITION|cfos,True,78.0,4.0,0,0,0,False,fewer_than_five_marker_anchors,0,0.0,,78,4,275,6,0.0,0.0,1.0114474998687513,0.0,0.2528618749671878,-0.2528618749671878,0,True,True
POMC,FR8-1,Allulose,JAULA3,FR8-1(R)__S03,cfos,ME,RIGHT_ACQUISITION,POMC|FR8-1(R)__S03|ME|RIGHT_ACQUISITION|cfos,True,36.0,1.0,0,0,0,False,fewer_than_five_marker_anchors,0,0.0,,36,1,132,6,0.0,0.0,0.0,0.0,0.0,,0,True,True
POMC,FR8-1,Allulose,JAULA3,FR8-1(R)__S04,cfos,ME,SIDE_1,POMC|FR8-1(R)__S04|ME|SIDE_1|cfos,True,0.0,0.0,0,0,0,False,fewer_than_five_marker_anchors,0,0.0,,0,0,0,0,0.0,0.0,0.0,,,,0,True,True
POMC,FR8-3,Allulose,JAULA5,FR8-3__S01,cfos,ARC,LEFT_ACQUISITION,POMC|FR8-3__S01|ARC|LEFT_ACQUISITION|cfos,True,584.0,38.0,584,38,204,True,estimable,19,13.273972602739724,1.431372549019608,584,38,2054,6,7.0,16.0,14.037189227243935,0.4210526315789473,0.3693997165064194,0.0516529150725279,3,True,True
POMC,FR8-3,Allulose,JAULA5,FR8-3__S01,cfos,ARC,RIGHT_ACQUISITION,POMC|FR8-3__S01|ARC|RIGHT_ACQUISITION|cfos,True,660.0,46.0,660,46,225,True,estimable,20,15.681818181818182,1.2753623188405798,660,46,2292,6,5.0,11.0,17.84372820325073,0.2391304347826087,0.3879071348532767,-0.148776700070668,3,True,True
POMC,FR8-3,Allulose,JAULA5,FR8-3__S02,cfos,ARC,LEFT_ACQUISITION,POMC|FR8-3__S02|ARC|LEFT_ACQUISITION|cfos,True,648.0,66.0,648,66,287,True,estimable,36,29.23148148148148,1.231548938866012,648,66,2217,6,16.0,45.0,33.95677859327984,0.6818181818181818,0.5144966453527249,0.1673215364654569,7,True,True
POMC,FR8-3,Allulose,JAULA5,FR8-3__S02,cfos,ARC,RIGHT_ACQUISITION,POMC|FR8-3__S02|ARC|RIGHT_ACQUISITION|cfos,True,596.0,90.0,596,90,263,True,estimable,46,39.71476510067114,1.158259400084495,596,90,2042,6,14.0,55.0,60.198789577643055,0.6111111111111112,0.6688754397515895,-0.0577643286404783,9,True,True
POMC,FR8-3,Allulose,JAULA5,FR8-3__S03,cfos,ARC,LEFT_ACQUISITION,POMC|FR8-3__S03|ARC|LEFT_ACQUISITION|cfos,True,738.0,110.0,738,110,328,True,estimable,66,48.888888888888886,1.35,738,110,2534,6,21.0,74.0,73.14014313346583,0.6727272727272727,0.6649103921224166,0.0078168806048561,10,True,True
POMC,FR8-3,Allulose,JAULA5,FR8-3__S03,cfos,ARC,RIGHT_ACQUISITION,POMC|FR8-3__S03|ARC|RIGHT_ACQUISITION|cfos,True,651.0,94.0,651,94,363,True,estimable,67,52.4147465437788,1.27826622120626,651,94,2243,6,20.0,61.0,61.40019277700837,0.648936170212766,0.65319354018094,-0.004257369968174,7,True,True
POMC,FR8-3,Allulose,JAULA5,FR8-3__S04,cfos,ARC,LEFT_ACQUISITION,POMC|FR8-3__S04|ARC|LEFT_ACQUISITION|cfos,True,629.0,82.0,629,82,349,True,estimable,57,45.49761526232115,1.2528129149486336,629,82,2164,6,19.0,61.0,50.1628864839415,0.7439024390243902,0.6117425180968475,0.1321599209275427,13,True,True
POMC,FR8-3,Allulose,JAULA5,FR8-3__S04,cfos,ARC,RIGHT_ACQUISITION,POMC|FR8-3__S04|ARC|RIGHT_ACQUISITION|cfos,True,629.0,63.0,629,63,299,True,estimable,41,29.947535771065183,1.3690608908000212,629,63,2172,6,13.0,37.0,32.24150132201953,0.5873015873015873,0.5117698622542782,0.075531725047309,7,True,True
POMC,FR8-3,Allulose,JAULA5,FR8-3__S05,cfos,ARC,LEFT_ACQUISITION,POMC|FR8-3__S05|ARC|LEFT_ACQUISITION|cfos,True,668.0,62.0,668,62,286,True,estimable,36,26.54491017964072,1.3561921949018725,668,62,2276,6,12.0,30.0,29.72019394352548,0.4838709677419355,0.4793579668310561,0.0045130009108793,4,True,True
POMC,FR8-3,Allulose,JAULA5,FR8-3__S05,cfos,ARC,RIGHT_ACQUISITION,POMC|FR8-3__S05|ARC|RIGHT_ACQUISITION|cfos,True,558.0,61.0,558,61,319,True,estimable,43,34.87275985663082,1.2330541137776865,558,61,1921,6,13.0,32.0,33.11282054540724,0.5245901639344263,0.5428331236952006,-0.0182429597607744,3,True,True
POMC,FR8-3,Allulose,JAULA5,FR8-3__S01,cfos,ME,SIDE_1,POMC|FR8-3__S01|ME|SIDE_1|cfos,True,0.0,0.0,0,0,0,False,fewer_than_five_marker_anchors,0,0.0,,0,0,0,0,0.0,0.0,0.0,,,,0,True,True
POMC,FR8-3,Allulose,JAULA5,FR8-3__S02,cfos,ME,LEFT_ACQUISITION,POMC|FR8-3__S02|ME|LEFT_ACQUISITION|cfos,True,58.0,12.0,0,0,0,False,fewer_than_five_marker_anchors,0,0.0,,58,12,210,6,2.0,11.0,9.596536783555017,0.9166666666666666,0.7997113986295847,0.1169552680370819,6,True,True
POMC,FR8-3,Allulose,JAULA5,FR8-3__S02,cfos,ME,RIGHT_ACQUISITION,POMC|FR8-3__S02|ME|RIGHT_ACQUISITION|cfos,True,36.0,6.0,0,0,0,False,fewer_than_five_marker_anchors,0,0.0,,36,6,134,6,2.0,6.0,4.27468846776247,1.0,0.7124480779604117,0.2875519220395883,3,True,True
POMC,FR8-3,Allulose,JAULA5,FR8-3__S03,cfos,ME,SIDE_1,POMC|FR8-3__S03|ME|SIDE_1|cfos,True,0.0,0.0,0,0,0,False,fewer_than_five_marker_anchors,0,0.0,,0,0,0,0,0.0,0.0,0.0,,,,0,True,True
POMC,FR8-3,Allulose,JAULA5,FR8-3__S04,cfos,ME,SIDE_1,POMC|FR8-3__S04|ME|SIDE_1|cfos,True,0.0,0.0,0,0,0,False,fewer_than_five_marker_anchors,0,0.0,,0,0,0,0,0.0,0.0,0.0,,,,0,True,True
POMC,FR8-3,Allulose,JAULA5,FR8-3__S05,cfos,ME,SIDE_1,POMC|FR8-3__S05|ME|SIDE_1|cfos,True,0.0,0.0,0,0,0,False,fewer_than_five_marker_anchors,0,0.0,,0,0,0,0,0.0,0.0,0.0,,,,0,True,True
POMC,FR-721,Allulose,JAULA1,FR721(R)__S01,marker_cfos,ARC,LEFT_ACQUISITION,POMC|FR721(R)__S01|ARC|LEFT_ACQUISITION|marker_cfos,True,20.0,2.0,20,2,20,True,estimable,2,2.0,1.0,20,2,54,6,0.0,0.0,0.5684210526315828,0.0,0.2842105263157914,-0.2842105263157914,0,True,True
POMC,FR-721,Allulose,JAULA1,FR721(R)__S01,marker_cfos,ARC,RIGHT_ACQUISITION,POMC|FR721(R)__S01|ARC|RIGHT_ACQUISITION|marker_cfos,True,20.0,7.0,20,7,19,True,estimable,7,6.65,1.0526315789473684,20,7,55,6,2.0,6.0,5.96840815273478,0.8571428571428571,0.8526297361049685,0.0045131210378886,4,True,True
POMC,FR-721,Allulose,JAULA1,FR721(R)__S02,marker_cfos,ARC,LEFT_ACQUISITION,POMC|FR721(R)__S02|ARC|LEFT_ACQUISITION|marker_cfos,True,33.0,8.0,33,8,33,True,estimable,8,8.0,1.0,33,8,121,6,2.0,8.0,6.897442235595734,1.0,0.8621802794494667,0.1378197205505332,6,True,True
POMC,FR-721,Allulose,JAULA1,FR721(R)__S02,marker_cfos,ARC,RIGHT_ACQUISITION,POMC|FR721(R)__S02|ARC|RIGHT_ACQUISITION|marker_cfos,True,35.0,10.0,35,10,32,True,estimable,10,9.142857142857142,1.09375,35,10,117,6,3.0,9.0,8.663646115275366,0.9,0.8663646115275366,0.0336353884724633,4,True,True
POMC,FR-721,Allulose,JAULA1,FR721(R)__S01,marker_cfos,ME,LEFT_ACQUISITION,POMC|FR721(R)__S01|ME|LEFT_ACQUISITION|marker_cfos,True,0.0,0.0,0,0,0,False,fewer_than_five_marker_anchors,0,0.0,,0,0,0,0,0.0,0.0,0.0,,,,0,True,True
POMC,FR-721,Allulose,JAULA1,FR721(R)__S01,marker_cfos,ME,RIGHT_ACQUISITION,POMC|FR721(R)__S01|ME|RIGHT_ACQUISITION|marker_cfos,True,2.0,1.0,0,0,0,False,fewer_than_five_marker_anchors,0,0.0,,2,1,1,1,0.0,0.0,0.0,0.0,0.0,,0,True,True
POMC,FR-721,Allulose,JAULA1,FR721(R)__S02,marker_cfos,ME,LEFT_ACQUISITION,POMC|FR721(R)__S02|ME|LEFT_ACQUISITION|marker_cfos,True,0.0,0.0,0,0,0,False,fewer_than_five_marker_anchors,0,0.0,,0,0,0,0,0.0,0.0,0.0,,,,0,True,True
POMC,FR-721,Allulose,JAULA1,FR721(R)__S02,marker_cfos,ME,RIGHT_ACQUISITION,POMC|FR721(R)__S02|ME|RIGHT_ACQUISITION|marker_cfos,True,0.0,0.0,0,0,0,False,fewer_than_five_marker_anchors,0,0.0,,0,0,0,0,0.0,0.0,0.0,,,,0,True,True
POMC,FR-722,Allulose,JAULA1,FR722__S01,marker_cfos,ARC,LEFT_ACQUISITION,POMC|FR722__S01|ARC|LEFT_ACQUISITION|marker_cfos,True,38.0,7.0,38,7,34,True,estimable,5,6.2631578947368425,0.7983193277310924,38,7,117,6,1.0,4.0,4.553163343120724,0.5714285714285714,0.6504519061601035,-0.079023334731532,4,True,True
POMC,FR-722,Allulose,JAULA1,FR722__S01,marker_cfos,ARC,RIGHT_ACQUISITION,POMC|FR722__S01|ARC|RIGHT_ACQUISITION|marker_cfos,True,27.0,4.0,27,4,26,True,estimable,3,3.851851851851852,0.7788461538461539,27,4,76,6,1.0,2.0,2.0763532763532733,0.5,0.5190883190883183,-0.0190883190883183,2,True,True
POMC,FR-722,Allulose,JAULA1,FR722__S02,marker_cfos,ARC,LEFT_ACQUISITION,POMC|FR722__S02|ARC|LEFT_ACQUISITION|marker_cfos,True,38.0,15.0,38,15,38,True,estimable,15,15.0,1.0,38,15,130,6,2.0,15.0,14.498908604017211,1.0,0.9665939069344808,0.0334060930655192,12,True,True
POMC,FR-722,Allulose,JAULA1,FR722__S02,marker_cfos,ARC,RIGHT_ACQUISITION,POMC|FR722__S02|ARC|RIGHT_ACQUISITION|marker_cfos,True,44.0,9.0,44,9,40,True,estimable,9,8.181818181818182,1.1,44,9,151,6,1.0,7.0,6.8524463825163,0.7777777777777778,0.7613829313907,0.0163948463870777,7,True,True
POMC,FR-722,Allulose,JAULA1,FR722__S03,marker_cfos,ARC,LEFT_ACQUISITION,POMC|FR722__S03|ARC|LEFT_ACQUISITION|marker_cfos,True,40.0,3.0,40,3,39,True,estimable,2,2.925,0.6837606837606838,40,3,141,6,0.0,0.0,0.9945344129554786,0.0,0.3315114709851595,-0.3315114709851595,0,True,True
POMC,FR-722,Allulose,JAULA1,FR722__S03,marker_cfos,ARC,RIGHT_ACQUISITION,POMC|FR722__S03|ARC|RIGHT_ACQUISITION|marker_cfos,True,29.0,6.0,29,6,27,True,estimable,6,5.586206896551724,1.074074074074074,29,6,76,6,1.0,3.0,3.725708391225641,0.5,0.6209513985376068,-0.1209513985376068,3,True,True
POMC,FR-722,Allulose,JAULA1,FR722__S04,marker_cfos,ARC,LEFT_ACQUISITION,POMC|FR722__S04|ARC|LEFT_ACQUISITION|marker_cfos,True,46.0,11.0,46,11,43,True,estimable,11,10.282608695652174,1.069767441860465,46,11,152,6,4.0,10.0,8.898838900147684,0.9090909090909092,0.8089853545588803,0.1001055545320287,4,True,True
POMC,FR-722,Allulose,JAULA1,FR722__S04,marker_cfos,ARC,RIGHT_ACQUISITION,POMC|FR722__S04|ARC|RIGHT_ACQUISITION|marker_cfos,True,21.0,4.0,21,4,20,True,estimable,4,3.809523809523809,1.05,21,4,56,6,1.0,4.0,2.28838763575606,1.0,0.572096908939015,0.427903091060985,4,True,True
POMC,FR-722,Allulose,JAULA1,FR722__S05,marker_cfos,ARC,LEFT_ACQUISITION,POMC|FR722__S05|ARC|LEFT_ACQUISITION|marker_cfos,True,22.0,3.0,22,3,21,True,estimable,2,2.863636363636364,0.6984126984126984,22,3,64,6,1.0,2.0,1.416233766233765,0.6666666666666666,0.4720779220779216,0.194588744588745,2,True,True
POMC,FR-722,Allulose,JAULA1,FR722__S05,marker_cfos,ARC,RIGHT_ACQUISITION,POMC|FR722__S05|ARC|RIGHT_ACQUISITION|marker_cfos,True,56.0,12.0,56,12,52,True,estimable,11,11.142857142857142,0.9871794871794872,56,12,203,6,2.0,11.0,9.642106660309627,0.9166666666666666,0.8035088883591356,0.113157778307531,7,True,True
POMC,FR-722,Allulose,JAULA1,FR722__S01,marker_cfos,ME,LEFT_ACQUISITION,POMC|FR722__S01|ME|LEFT_ACQUISITION|marker_cfos,True,0.0,0.0,0,0,0,False,fewer_than_five_marker_anchors,0,0.0,,0,0,0,0,0.0,0.0,0.0,,,,0,True,True
POMC,FR-722,Allulose,JAULA1,FR722__S01,marker_cfos,ME,RIGHT_ACQUISITION,POMC|FR722__S01|ME|RIGHT_ACQUISITION|marker_cfos,True,2.0,0.0,0,0,0,False,fewer_than_five_marker_anchors,0,0.0,,2,0,1,1,0.0,0.0,0.0,,,,0,True,True
POMC,FR-722,Allulose,JAULA1,FR722__S02,marker_cfos,ME,LEFT_ACQUISITION,POMC|FR722__S02|ME|LEFT_ACQUISITION|marker_cfos,True,0.0,0.0,0,0,0,False,fewer_than_five_marker_anchors,0,0.0,,0,0,0,0,0.0,0.0,0.0,,,,0,True,True
POMC,FR-722,Allulose,JAULA1,FR722__S02,marker_cfos,ME,RIGHT_ACQUISITION,POMC|FR722__S02|ME|RIGHT_ACQUISITION|marker_cfos,True,0.0,0.0,0,0,0,False,fewer_than_five_marker_anchors,0,0.0,,0,0,0,0,0.0,0.0,0.0,,,,0,True,True
POMC,FR-722,Allulose,JAULA1,FR722__S03,marker_cfos,ME,LEFT_ACQUISITION,POMC|FR722__S03|ME|LEFT_ACQUISITION|marker_cfos,True,0.0,0.0,0,0,0,False,fewer_than_five_marker_anchors,0,0.0,,0,0,0,0,0.0,0.0,0.0,,,,0,True,True
POMC,FR-722,Allulose,JAULA1,FR722__S03,marker_cfos,ME,RIGHT_ACQUISITION,POMC|FR722__S03|ME|RIGHT_ACQUISITION|marker_cfos,True,0.0,0.0,0,0,0,False,fewer_than_five_marker_anchors,0,0.0,,0,0,0,0,0.0,0.0,0.0,,,,0,True,True
POMC,FR-722,Allulose,JAULA1,FR722__S04,marker_cfos,ME,LEFT_ACQUISITION,POMC|FR722__S04|ME|LEFT_ACQUISITION|marker_cfos,True,0.0,0.0,0,0,0,False,fewer_than_five_marker_anchors,0,0.0,,0,0,0,0,0.0,0.0,0.0,,,,0,True,True
POMC,FR-722,Allulose,JAULA1,FR722__S04,marker_cfos,ME,RIGHT_ACQUISITION,POMC|FR722__S04|ME|RIGHT_ACQUISITION|marker_cfos,True,0.0,0.0,0,0,0,False,fewer_than_five_marker_anchors,0,0.0,,0,0,0,0,0.0,0.0,0.0,,,,0,True,True
POMC,FR-722,Allulose,JAULA1,FR722__S05,marker_cfos,ME,LEFT_ACQUISITION,POMC|FR722__S05|ME|LEFT_ACQUISITION|marker_cfos,True,0.0,0.0,0,0,0,False,fewer_than_five_marker_anchors,0,0.0,,0,0,0,0,0.0,0.0,0.0,,,,0,True,True
POMC,FR-722,Allulose,JAULA1,FR722__S05,marker_cfos,ME,RIGHT_ACQUISITION,POMC|FR722__S05|ME|RIGHT_ACQUISITION|marker_cfos,True,0.0,0.0,0,0,0,False,fewer_than_five_marker_anchors,0,0.0,,0,0,0,0,0.0,0.0,0.0,,,,0,True,True
POMC,FR-724,Sucrose,JAULA2,FR724__S01,marker_cfos,ARC,LEFT_ACQUISITION,POMC|FR724__S01|ARC|LEFT_ACQUISITION|marker_cfos,True,21.0,3.0,21,3,19,True,estimable,3,2.7142857142857144,1.1052631578947367,21,3,38,6,0.0,0.0,0.9864661654135338,0.0,0.3288220551378446,-0.3288220551378446,0,True,True
POMC,FR-724,Sucrose,JAULA2,FR724__S01,marker_cfos,ARC,RIGHT_ACQUISITION,POMC|FR724__S01|ARC|RIGHT_ACQUISITION|marker_cfos,True,31.0,10.0,31,10,29,True,estimable,10,9.35483870967742,1.0689655172413792,31,10,96,6,2.0,9.0,8.593783324895186,0.9,0.8593783324895187,0.0406216675104813,5,True,True
POMC,FR-724,Sucrose,JAULA2,FR724__S02,marker_cfos,ARC,LEFT_ACQUISITION,POMC|FR724__S02|ARC|LEFT_ACQUISITION|marker_cfos,True,25.0,7.0,25,7,23,True,estimable,6,6.44,0.9316770186335404,25,7,86,6,2.0,5.0,6.077911379238611,0.7142857142857143,0.8682730541769443,-0.1539873398912301,3,True,True
POMC,FR-724,Sucrose,JAULA2,FR724__S02,marker_cfos,ARC,RIGHT_ACQUISITION,POMC|FR724__S02|ARC|RIGHT_ACQUISITION|marker_cfos,True,38.0,6.0,38,6,36,True,estimable,4,5.684210526315789,0.7037037037037037,38,6,130,6,2.0,5.0,3.922334380538679,0.8333333333333334,0.6537223967564465,0.1796109365768868,3,True,True
POMC,FR-724,Sucrose,JAULA2,FR724__S03,marker_cfos,ARC,LEFT_ACQUISITION,POMC|FR724__S03|ARC|LEFT_ACQUISITION|marker_cfos,True,24.0,7.0,24,7,22,True,estimable,5,6.416666666666667,0.7792207792207791,24,7,57,6,2.0,5.0,5.176342948940205,0.7142857142857143,0.739477564134315,-0.0251918498486006,3,True,True
POMC,FR-724,Sucrose,JAULA2,FR724__S03,marker_cfos,ARC,RIGHT_ACQUISITION,POMC|FR724__S03|ARC|RIGHT_ACQUISITION|marker_cfos,True,32.0,8.0,32,8,32,True,estimable,8,8.0,1.0,32,8,104,6,2.0,7.0,6.55605012216803,0.875,0.8195062652710038,0.0554937347289962,4,True,True
POMC,FR-724,Sucrose,JAULA2,FR724__S04,marker_cfos,ARC,LEFT_ACQUISITION,POMC|FR724__S04|ARC|LEFT_ACQUISITION|marker_cfos,True,50.0,12.0,50,12,46,True,estimable,11,11.04,0.996376811594203,50,12,157,6,2.0,9.0,9.3960940437002,0.75,0.7830078369750167,-0.0330078369750167,5,True,True
POMC,FR-724,Sucrose,JAULA2,FR724__S04,marker_cfos,ARC,RIGHT_ACQUISITION,POMC|FR724__S04|ARC|RIGHT_ACQUISITION|marker_cfos,True,30.0,3.0,30,3,28,True,estimable,3,2.8,1.0714285714285714,30,3,87,6,1.0,2.0,1.077586206896549,0.6666666666666666,0.3591954022988496,0.307471264367817,2,True,True
POMC,FR-724,Sucrose,JAULA2,FR724__S05,marker_cfos,ARC,LEFT_ACQUISITION,POMC|FR724__S05|ARC|LEFT_ACQUISITION|marker_cfos,True,26.0,2.0,26,2,26,True,estimable,2,2.0,1.0,26,2,93,6,0.0,0.0,0.5723076923076901,0.0,0.286153846153845,-0.286153846153845,0,True,True
POMC,FR-724,Sucrose,JAULA2,FR724__S05,marker_cfos,ARC,RIGHT_ACQUISITION,POMC|FR724__S05|ARC|RIGHT_ACQUISITION|marker_cfos,True,11.0,1.0,11,1,10,True,estimable,1,0.9090909090909092,1.1,11,1,21,6,0.0,0.0,0.0,0.0,0.0,,0,True,True
POMC,FR-724,Sucrose,JAULA2,FR724__S01,marker_cfos,ME,SIDE_1,POMC|FR724__S01|ME|SIDE_1|marker_cfos,True,0.0,0.0,0,0,0,False,fewer_than_five_marker_anchors,0,0.0,,0,0,0,0,0.0,0.0,0.0,,,,0,True,True
POMC,FR-724,Sucrose,JAULA2,FR724__S02,marker_cfos,ME,SIDE_1,POMC|FR724__S02|ME|SIDE_1|marker_cfos,True,0.0,0.0,0,0,0,False,fewer_than_five_marker_anchors,0,0.0,,0,0,0,0,0.0,0.0,0.0,,,,0,True,True
POMC,FR-724,Sucrose,JAULA2,FR724__S03,marker_cfos,ME,LEFT_ACQUISITION,POMC|FR724__S03|ME|LEFT_ACQUISITION|marker_cfos,True,2.0,1.0,0,0,0,False,fewer_than_five_marker_anchors,0,0.0,,2,1,1,1,0.0,0.0,0.0,0.0,0.0,,0,True,True
POMC,FR-724,Sucrose,JAULA2,FR724__S03,marker_cfos,ME,RIGHT_ACQUISITION,POMC|FR724__S03|ME|RIGHT_ACQUISITION|marker_cfos,True,0.0,0.0,0,0,0,False,fewer_than_five_marker_anchors,0,0.0,,0,0,0,0,0.0,0.0,0.0,,,,0,True,True
POMC,FR-724,Sucrose,JAULA2,FR724__S04,marker_cfos,ME,SIDE_1,POMC|FR724__S04|ME|SIDE_1|marker_cfos,True,0.0,0.0,0,0,0,False,fewer_than_five_marker_anchors,0,0.0,,0,0,0,0,0.0,0.0,0.0,,,,0,True,True
POMC,FR-724,Sucrose,JAULA2,FR724__S05,marker_cfos,ME,SIDE_1,POMC|FR724__S05|ME|SIDE_1|marker_cfos,True,0.0,0.0,0,0,0,False,fewer_than_five_marker_anchors,0,0.0,,0,0,0,0,0.0,0.0,0.0,,,,0,True,True
POMC,FR6-1,Allulose,JAULA3,FR6-1__S01,marker_cfos,ARC,LEFT_ACQUISITION,POMC|FR6-1__S01|ARC|LEFT_ACQUISITION|marker_cfos,True,26.0,8.0,26,8,24,True,estimable,7,7.384615384615385,0.9479166666666666,26,8,53,6,2.0,5.0,5.593981213294711,0.625,0.6992476516618389,-0.0742476516618388,3,True,True
POMC,FR6-1,Allulose,JAULA3,FR6-1__S01,marker_cfos,ARC,RIGHT_ACQUISITION,POMC|FR6-1__S01|ARC|RIGHT_ACQUISITION|marker_cfos,True,38.0,6.0,38,6,36,True,estimable,6,5.684210526315789,1.0555555555555556,38,6,122,6,0.0,0.0,3.730028931267283,0.0,0.6216714885445472,-0.6216714885445472,0,True,True
POMC,FR6-1,Allulose,JAULA3,FR6-1__S02,marker_cfos,ARC,LEFT_ACQUISITION,POMC|FR6-1__S02|ARC|LEFT_ACQUISITION|marker_cfos,True,22.0,1.0,22,1,22,True,estimable,1,1.0,1.0,22,1,46,6,0.0,0.0,0.0,0.0,0.0,,0,True,True
POMC,FR6-1,Allulose,JAULA3,FR6-1__S02,marker_cfos,ARC,RIGHT_ACQUISITION,POMC|FR6-1__S02|ARC|RIGHT_ACQUISITION|marker_cfos,True,37.0,9.0,37,9,37,True,estimable,9,9.0,1.0,37,9,133,6,1.0,7.0,7.670863597056098,0.7777777777777778,0.8523181774506775,-0.0745403996728997,7,True,True
POMC,FR6-1,Allulose,JAULA3,FR6-1__S03,marker_cfos,ARC,LEFT_ACQUISITION,POMC|FR6-1__S03|ARC|LEFT_ACQUISITION|marker_cfos,True,42.0,14.0,42,14,38,True,estimable,12,12.666666666666666,0.9473684210526316,42,14,134,6,4.0,13.0,12.298137237017048,0.9285714285714286,0.8784383740726461,0.0501330544987823,4,True,True
POMC,FR6-1,Allulose,JAULA3,FR6-1__S03,marker_cfos,ARC,RIGHT_ACQUISITION,POMC|FR6-1__S03|ARC|RIGHT_ACQUISITION|marker_cfos,True,34.0,8.0,34,8,32,True,estimable,7,7.529411764705882,0.9296875,34,8,106,6,2.0,6.0,6.226641538066028,0.75,0.7783301922582535,-0.0283301922582535,3,True,True
POMC,FR6-1,Allulose,JAULA3,FR6-1__S04,marker_cfos,ARC,LEFT_ACQUISITION,POMC|FR6-1__S04|ARC|LEFT_ACQUISITION|marker_cfos,True,22.0,5.0,22,5,22,True,estimable,5,5.0,1.0,22,5,64,6,1.0,3.0,3.655882129566338,0.6,0.7311764259132677,-0.1311764259132677,3,True,True
POMC,FR6-1,Allulose,JAULA3,FR6-1__S04,marker_cfos,ARC,RIGHT_ACQUISITION,POMC|FR6-1__S04|ARC|RIGHT_ACQUISITION|marker_cfos,True,16.0,1.0,16,1,15,True,estimable,1,0.9375,1.0666666666666669,16,1,43,6,0.0,0.0,0.0,0.0,0.0,,0,True,True
POMC,FR6-1,Allulose,JAULA3,FR6-1__S05,marker_cfos,ARC,LEFT_ACQUISITION,POMC|FR6-1__S05|ARC|LEFT_ACQUISITION|marker_cfos,True,37.0,7.0,37,7,36,True,estimable,6,6.8108108108108105,0.880952380952381,37,7,133,6,2.0,5.0,5.197710799466034,0.7142857142857143,0.7425301142094334,-0.028244399923719,3,True,True
POMC,FR6-1,Allulose,JAULA3,FR6-1__S05,marker_cfos,ARC,RIGHT_ACQUISITION,POMC|FR6-1__S05|ARC|RIGHT_ACQUISITION|marker_cfos,True,5.0,1.0,5,1,5,True,estimable,1,1.0,1.0,5,1,4,4,0.0,0.0,0.0,0.0,0.0,,0,True,True
POMC,FR6-1,Allulose,JAULA3,FR6-1__S01,marker_cfos,ME,LEFT_ACQUISITION,POMC|FR6-1__S01|ME|LEFT_ACQUISITION|marker_cfos,True,0.0,0.0,0,0,0,False,fewer_than_five_marker_anchors,0,0.0,,0,0,0,0,0.0,0.0,0.0,,,,0,True,True
POMC,FR6-1,Allulose,JAULA3,FR6-1__S01,marker_cfos,ME,RIGHT_ACQUISITION,POMC|FR6-1__S01|ME|RIGHT_ACQUISITION|marker_cfos,True,0.0,0.0,0,0,0,False,fewer_than_five_marker_anchors,0,0.0,,0,0,0,0,0.0,0.0,0.0,,,,0,True,True
POMC,FR6-1,Allulose,JAULA3,FR6-1__S02,marker_cfos,ME,LEFT_ACQUISITION,POMC|FR6-1__S02|ME|LEFT_ACQUISITION|marker_cfos,True,9.0,1.0,9,1,8,True,estimable,1,0.8888888888888888,1.125,9,1,13,6,0.0,0.0,0.0,0.0,0.0,,0,True,True
POMC,FR6-1,Allulose,JAULA3,FR6-1__S02,marker_cfos,ME,RIGHT_ACQUISITION,POMC|FR6-1__S02|ME|RIGHT_ACQUISITION|marker_cfos,True,0.0,0.0,0,0,0,False,fewer_than_five_marker_anchors,0,0.0,,0,0,0,0,0.0,0.0,0.0,,,,0,True,True
POMC,FR6-1,Allulose,JAULA3,FR6-1__S03,marker_cfos,ME,LEFT_ACQUISITION,POMC|FR6-1__S03|ME|LEFT_ACQUISITION|marker_cfos,True,0.0,0.0,0,0,0,False,fewer_than_five_marker_anchors,0,0.0,,0,0,0,0,0.0,0.0,0.0,,,,0,True,True
POMC,FR6-1,Allulose,JAULA3,FR6-1__S03,marker_cfos,ME,RIGHT_ACQUISITION,POMC|FR6-1__S03|ME|RIGHT_ACQUISITION|marker_cfos,True,0.0,0.0,0,0,0,False,fewer_than_five_marker_anchors,0,0.0,,0,0,0,0,0.0,0.0,0.0,,,,0,True,True
POMC,FR6-1,Allulose,JAULA3,FR6-1__S04,marker_cfos,ME,LEFT_ACQUISITION,POMC|FR6-1__S04|ME|LEFT_ACQUISITION|marker_cfos,True,0.0,0.0,0,0,0,False,fewer_than_five_marker_anchors,0,0.0,,0,0,0,0,0.0,0.0,0.0,,,,0,True,True
POMC,FR6-1,Allulose,JAULA3,FR6-1__S04,marker_cfos,ME,RIGHT_ACQUISITION,POMC|FR6-1__S04|ME|RIGHT_ACQUISITION|marker_cfos,True,0.0,0.0,0,0,0,False,fewer_than_five_marker_anchors,0,0.0,,0,0,0,0,0.0,0.0,0.0,,,,0,True,True
POMC,FR6-1,Allulose,JAULA3,FR6-1__S05,marker_cfos,ME,SIDE_1,POMC|FR6-1__S05|ME|SIDE_1|marker_cfos,True,0.0,0.0,0,0,0,False,fewer_than_five_marker_anchors,0,0.0,,0,0,0,0,0.0,0.0,0.0,,,,0,True,True
POMC,FR6-2,Sucrose,JAULA4,FR6-2__S01,marker_cfos,ARC,LEFT_ACQUISITION,POMC|FR6-2__S01|ARC|LEFT_ACQUISITION|marker_cfos,False,,,0,0,0,False,fewer_than_five_marker_anchors,0,0.0,,0,0,0,0,,,,,,,0,True,True
POMC,FR6-2,Sucrose,JAULA4,FR6-2__S01,marker_cfos,ARC,RIGHT_ACQUISITION,POMC|FR6-2__S01|ARC|RIGHT_ACQUISITION|marker_cfos,False,,,0,0,0,False,fewer_than_five_marker_anchors,0,0.0,,0,0,0,0,,,,,,,0,True,True
POMC,FR6-2,Sucrose,JAULA4,FR6-2__S02,marker_cfos,ARC,LEFT_ACQUISITION,POMC|FR6-2__S02|ARC|LEFT_ACQUISITION|marker_cfos,False,,,0,0,0,False,fewer_than_five_marker_anchors,0,0.0,,0,0,0,0,,,,,,,0,True,True
POMC,FR6-2,Sucrose,JAULA4,FR6-2__S02,marker_cfos,ARC,RIGHT_ACQUISITION,POMC|FR6-2__S02|ARC|RIGHT_ACQUISITION|marker_cfos,False,,,0,0,0,False,fewer_than_five_marker_anchors,0,0.0,,0,0,0,0,,,,,,,0,True,True
POMC,FR6-2,Sucrose,JAULA4,FR6-2__S03,marker_cfos,ARC,LEFT_ACQUISITION,POMC|FR6-2__S03|ARC|LEFT_ACQUISITION|marker_cfos,False,,,0,0,0,False,fewer_than_five_marker_anchors,0,0.0,,0,0,0,0,,,,,,,0,True,True
POMC,FR6-2,Sucrose,JAULA4,FR6-2__S03,marker_cfos,ARC,RIGHT_ACQUISITION,POMC|FR6-2__S03|ARC|RIGHT_ACQUISITION|marker_cfos,False,,,0,0,0,False,fewer_than_five_marker_anchors,0,0.0,,0,0,0,0,,,,,,,0,True,True
POMC,FR6-2,Sucrose,JAULA4,FR6-2__S04,marker_cfos,ARC,LEFT_ACQUISITION,POMC|FR6-2__S04|ARC|LEFT_ACQUISITION|marker_cfos,False,,,0,0,0,False,fewer_than_five_marker_anchors,0,0.0,,0,0,0,0,,,,,,,0,True,True
POMC,FR6-2,Sucrose,JAULA4,FR6-2__S04,marker_cfos,ARC,RIGHT_ACQUISITION,POMC|FR6-2__S04|ARC|RIGHT_ACQUISITION|marker_cfos,False,,,0,0,0,False,fewer_than_five_marker_anchors,0,0.0,,0,0,0,0,,,,,,,0,True,True
POMC,FR6-2,Sucrose,JAULA4,FR6-2__S05,marker_cfos,ARC,LEFT_ACQUISITION,POMC|FR6-2__S05|ARC|LEFT_ACQUISITION|marker_cfos,False,,,0,0,0,False,fewer_than_five_marker_anchors,0,0.0,,0,0,0,0,,,,,,,0,True,True
POMC,FR6-2,Sucrose,JAULA4,FR6-2__S05,marker_cfos,ARC,RIGHT_ACQUISITION,POMC|FR6-2__S05|ARC|RIGHT_ACQUISITION|marker_cfos,False,,,0,0,0,False,fewer_than_five_marker_anchors,0,0.0,,0,0,0,0,,,,,,,0,True,True
POMC,FR6-2,Sucrose,JAULA4,FR6-2__S01,marker_cfos,ME,SIDE_1,POMC|FR6-2__S01|ME|SIDE_1|marker_cfos,False,,,0,0,0,False,fewer_than_five_marker_anchors,0,0.0,,0,0,0,0,,,,,,,0,True,True
POMC,FR6-2,Sucrose,JAULA4,FR6-2__S02,marker_cfos,ME,LEFT_ACQUISITION,POMC|FR6-2__S02|ME|LEFT_ACQUISITION|marker_cfos,False,,,0,0,0,False,fewer_than_five_marker_anchors,0,0.0,,0,0,0,0,,,,,,,0,True,True
POMC,FR6-2,Sucrose,JAULA4,FR6-2__S02,marker_cfos,ME,RIGHT_ACQUISITION,POMC|FR6-2__S02|ME|RIGHT_ACQUISITION|marker_cfos,False,,,0,0,0,False,fewer_than_five_marker_anchors,0,0.0,,0,0,0,0,,,,,,,0,True,True
POMC,FR6-2,Sucrose,JAULA4,FR6-2__S03,marker_cfos,ME,LEFT_ACQUISITION,POMC|FR6-2__S03|ME|LEFT_ACQUISITION|marker_cfos,False,,,0,0,0,False,fewer_than_five_marker_anchors,0,0.0,,0,0,0,0,,,,,,,0,True,True
POMC,FR6-2,Sucrose,JAULA4,FR6-2__S03,marker_cfos,ME,RIGHT_ACQUISITION,POMC|FR6-2__S03|ME|RIGHT_ACQUISITION|marker_cfos,False,,,0,0,0,False,fewer_than_five_marker_anchors,0,0.0,,0,0,0,0,,,,,,,0,True,True
POMC,FR6-2,Sucrose,JAULA4,FR6-2__S04,marker_cfos,ME,LEFT_ACQUISITION,POMC|FR6-2__S04|ME|LEFT_ACQUISITION|marker_cfos,False,,,0,0,0,False,fewer_than_five_marker_anchors,0,0.0,,0,0,0,0,,,,,,,0,True,True
POMC,FR6-2,Sucrose,JAULA4,FR6-2__S04,marker_cfos,ME,RIGHT_ACQUISITION,POMC|FR6-2__S04|ME|RIGHT_ACQUISITION|marker_cfos,False,,,0,0,0,False,fewer_than_five_marker_anchors,0,0.0,,0,0,0,0,,,,,,,0,True,True
POMC,FR6-2,Sucrose,JAULA4,FR6-2__S05,marker_cfos,ME,LEFT_ACQUISITION,POMC|FR6-2__S05|ME|LEFT_ACQUISITION|marker_cfos,False,,,0,0,0,False,fewer_than_five_marker_anchors,0,0.0,,0,0,0,0,,,,,,,0,True,True
POMC,FR6-2,Sucrose,JAULA4,FR6-2__S05,marker_cfos,ME,RIGHT_ACQUISITION,POMC|FR6-2__S05|ME|RIGHT_ACQUISITION|marker_cfos,False,,,0,0,0,False,fewer_than_five_marker_anchors,0,0.0,,0,0,0,0,,,,,,,0,True,True
POMC,FR6-3,Allulose,JAULA5,FR6-3__S01,marker_cfos,ARC,LEFT_ACQUISITION,POMC|FR6-3__S01|ARC|LEFT_ACQUISITION|marker_cfos,True,56.0,21.0,56,21,54,True,estimable,21,20.25,1.037037037037037,56,21,195,6,4.0,20.0,19.97560232710779,0.9523809523809524,0.9512191584337044,0.001161793947248,9,True,True
POMC,FR6-3,Allulose,JAULA5,FR6-3__S01,marker_cfos,ARC,RIGHT_ACQUISITION,POMC|FR6-3__S01|ARC|RIGHT_ACQUISITION|marker_cfos,True,29.0,6.0,29,6,28,True,estimable,6,5.793103448275862,1.0357142857142858,29,6,75,6,2.0,4.0,3.778849311607938,0.6666666666666666,0.6298082186013231,0.0368584480653436,2,True,True
POMC,FR6-3,Allulose,JAULA5,FR6-3__S02,marker_cfos,ARC,LEFT_ACQUISITION,POMC|FR6-3__S02|ARC|LEFT_ACQUISITION|marker_cfos,True,51.0,21.0,51,21,46,True,estimable,19,18.94117647058824,1.0031055900621118,51,21,182,6,2.0,19.0,19.98230992714008,0.9047619047619048,0.9515385679590512,-0.0467766631971464,17,True,True
POMC,FR6-3,Allulose,JAULA5,FR6-3__S02,marker_cfos,ARC,RIGHT_ACQUISITION,POMC|FR6-3__S02|ARC|RIGHT_ACQUISITION|marker_cfos,True,55.0,24.0,55,24,52,True,estimable,21,22.69090909090909,0.9254807692307692,55,24,189,6,4.0,23.0,23.25311469842229,0.9583333333333334,0.9688797791009288,-0.0105464457675954,9,True,True
POMC,FR6-3,Allulose,JAULA5,FR6-3__S03,marker_cfos,ARC,LEFT_ACQUISITION,POMC|FR6-3__S03|ARC|LEFT_ACQUISITION|marker_cfos,True,44.0,17.0,44,17,38,True,estimable,14,14.681818181818182,0.953560371517028,44,17,146,6,4.0,16.0,15.345384228176613,0.9411764705882352,0.9026696604809772,0.038506810107258,10,True,True
POMC,FR6-3,Allulose,JAULA5,FR6-3__S03,marker_cfos,ARC,RIGHT_ACQUISITION,POMC|FR6-3__S03|ARC|RIGHT_ACQUISITION|marker_cfos,True,52.0,20.0,52,20,51,True,estimable,19,19.615384615384617,0.968627450980392,52,20,179,6,5.0,20.0,19.176938446346043,1.0,0.9588469223173022,0.0411530776826978,5,True,True
POMC,FR6-3,Allulose,JAULA5,FR6-3__S04,marker_cfos,ARC,LEFT_ACQUISITION,POMC|FR6-3__S04|ARC|LEFT_ACQUISITION|marker_cfos,True,60.0,22.0,60,22,57,True,estimable,20,20.9,0.9569377990430624,60,22,204,6,5.0,21.0,20.517709727792603,0.9545454545454546,0.9326231694451184,0.0219222851003362,7,True,True
POMC,FR6-3,Allulose,JAULA5,FR6-3__S04,marker_cfos,ARC,RIGHT_ACQUISITION,POMC|FR6-3__S04|ARC|RIGHT_ACQUISITION|marker_cfos,True,33.0,10.0,33,10,33,True,estimable,10,10.0,1.0,33,10,109,6,4.0,10.0,9.038039535856548,1.0,0.9038039535856548,0.0961960464143452,4,True,True
POMC,FR6-3,Allulose,JAULA5,FR6-3__S05,marker_cfos,ARC,LEFT_ACQUISITION,POMC|FR6-3__S05|ARC|LEFT_ACQUISITION|marker_cfos,True,41.0,12.0,41,12,39,True,estimable,11,11.414634146341465,0.9636752136752136,41,12,134,6,3.0,10.0,10.45791540061358,0.8333333333333334,0.8714929500511316,-0.0381596167177982,5,True,True
POMC,FR6-3,Allulose,JAULA5,FR6-3__S05,marker_cfos,ARC,RIGHT_ACQUISITION,POMC|FR6-3__S05|ARC|RIGHT_ACQUISITION|marker_cfos,True,42.0,22.0,42,22,39,True,estimable,22,20.428571428571427,1.076923076923077,42,22,134,6,3.0,22.0,20.840576035697985,1.0,0.9472989107135448,0.0527010892864553,16,True,True
POMC,FR6-3,Allulose,JAULA5,FR6-3__S01,marker_cfos,ME,LEFT_ACQUISITION,POMC|FR6-3__S01|ME|LEFT_ACQUISITION|marker_cfos,True,0.0,0.0,0,0,0,False,fewer_than_five_marker_anchors,0,0.0,,0,0,0,0,0.0,0.0,0.0,,,,0,True,True
POMC,FR6-3,Allulose,JAULA5,FR6-3__S01,marker_cfos,ME,RIGHT_ACQUISITION,POMC|FR6-3__S01|ME|RIGHT_ACQUISITION|marker_cfos,True,0.0,0.0,0,0,0,False,fewer_than_five_marker_anchors,0,0.0,,0,0,0,0,0.0,0.0,0.0,,,,0,True,True
POMC,FR6-3,Allulose,JAULA5,FR6-3__S02,marker_cfos,ME,LEFT_ACQUISITION,POMC|FR6-3__S02|ME|LEFT_ACQUISITION|marker_cfos,True,3.0,2.0,0,0,0,False,fewer_than_five_marker_anchors,0,0.0,,3,2,3,2,1.0,2.0,2.0,1.0,1.0,0.0,2,True,True
POMC,FR6-3,Allulose,JAULA5,FR6-3__S02,marker_cfos,ME,RIGHT_ACQUISITION,POMC|FR6-3__S02|ME|RIGHT_ACQUISITION|marker_cfos,True,5.0,3.0,5,3,5,True,estimable,3,3.0,1.0,5,3,10,4,1.0,3.0,3.0,1.0,1.0,0.0,3,True,True
POMC,FR6-3,Allulose,JAULA5,FR6-3__S03,marker_cfos,ME,LEFT_ACQUISITION,POMC|FR6-3__S03|ME|LEFT_ACQUISITION|marker_cfos,True,0.0,0.0,0,0,0,False,fewer_than_five_marker_anchors,0,0.0,,0,0,0,0,0.0,0.0,0.0,,,,0,True,True
POMC,FR6-3,Allulose,JAULA5,FR6-3__S03,marker_cfos,ME,RIGHT_ACQUISITION,POMC|FR6-3__S03|ME|RIGHT_ACQUISITION|marker_cfos,True,0.0,0.0,0,0,0,False,fewer_than_five_marker_anchors,0,0.0,,0,0,0,0,0.0,0.0,0.0,,,,0,True,True
POMC,FR6-3,Allulose,JAULA5,FR6-3__S04,marker_cfos,ME,LEFT_ACQUISITION,POMC|FR6-3__S04|ME|LEFT_ACQUISITION|marker_cfos,True,0.0,0.0,0,0,0,False,fewer_than_five_marker_anchors,0,0.0,,0,0,0,0,0.0,0.0,0.0,,,,0,True,True
POMC,FR6-3,Allulose,JAULA5,FR6-3__S04,marker_cfos,ME,RIGHT_ACQUISITION,POMC|FR6-3__S04|ME|RIGHT_ACQUISITION|marker_cfos,True,0.0,0.0,0,0,0,False,fewer_than_five_marker_anchors,0,0.0,,0,0,0,0,0.0,0.0,0.0,,,,0,True,True
POMC,FR6-3,Allulose,JAULA5,FR6-3__S05,marker_cfos,ME,LEFT_ACQUISITION,POMC|FR6-3__S05|ME|LEFT_ACQUISITION|marker_cfos,True,0.0,0.0,0,0,0,False,fewer_than_five_marker_anchors,0,0.0,,0,0,0,0,0.0,0.0,0.0,,,,0,True,True
POMC,FR6-3,Allulose,JAULA5,FR6-3__S05,marker_cfos,ME,RIGHT_ACQUISITION,POMC|FR6-3__S05|ME|RIGHT_ACQUISITION|marker_cfos,True,0.0,0.0,0,0,0,False,fewer_than_five_marker_anchors,0,0.0,,0,0,0,0,0.0,0.0,0.0,,,,0,True,True
POMC,FR6-5,Water,JAULA7,FR6-5__S01,marker_cfos,ARC,LEFT_ACQUISITION,POMC|FR6-5__S01|ARC|LEFT_ACQUISITION|marker_cfos,True,59.0,11.0,59,11,56,True,estimable,10,10.440677966101696,0.9577922077922078,59,11,213,6,2.0,7.0,8.168326722502833,0.6363636363636364,0.7425751565911667,-0.1062115202275302,4,True,True
POMC,FR6-5,Water,JAULA7,FR6-5__S01,marker_cfos,ARC,RIGHT_ACQUISITION,POMC|FR6-5__S01|ARC|RIGHT_ACQUISITION|marker_cfos,True,60.0,11.0,60,11,57,True,estimable,10,10.45,0.9569377990430624,60,11,216,6,2.0,6.0,8.225711397439044,0.5454545454545454,0.7477919452217313,-0.2023373997671858,4,True,True
POMC,FR6-5,Water,JAULA7,FR6-5__S02,marker_cfos,ARC,LEFT_ACQUISITION,POMC|FR6-5__S02|ARC|LEFT_ACQUISITION|marker_cfos,True,35.0,14.0,35,14,34,True,estimable,13,13.6,0.9558823529411764,35,14,121,6,3.0,13.0,13.516798383626885,0.9285714285714286,0.9654855988304918,-0.0369141702590631,7,True,True
POMC,FR6-5,Water,JAULA7,FR6-5__S02,marker_cfos,ARC,RIGHT_ACQUISITION,POMC|FR6-5__S02|ARC|RIGHT_ACQUISITION|marker_cfos,True,83.0,12.0,83,12,72,True,estimable,11,10.409638554216867,1.056712962962963,83,12,270,6,3.0,9.0,7.184455026981598,0.75,0.5987045855817998,0.1512954144182001,4,True,True
POMC,FR6-5,Water,JAULA7,FR6-5__S03,marker_cfos,ARC,LEFT_ACQUISITION,POMC|FR6-5__S03|ARC|LEFT_ACQUISITION|marker_cfos,True,48.0,9.0,48,9,45,True,estimable,9,8.4375,1.0666666666666669,48,9,163,6,2.0,8.0,6.417224046647486,0.8888888888888888,0.7130248940719429,0.175863994816946,5,True,True
POMC,FR6-5,Water,JAULA7,FR6-5__S03,marker_cfos,ARC,RIGHT_ACQUISITION,POMC|FR6-5__S03|ARC|RIGHT_ACQUISITION|marker_cfos,True,72.0,11.0,72,11,63,True,estimable,10,9.625,1.0389610389610389,72,11,250,6,3.0,8.0,7.158579915588504,0.7272727272727273,0.6507799923262276,0.0764927349464996,4,True,True
POMC,FR6-5,Water,JAULA7,FR6-5__S04,marker_cfos,ARC,LEFT_ACQUISITION,POMC|FR6-5__S04|ARC|LEFT_ACQUISITION|marker_cfos,True,48.0,12.0,48,12,43,True,estimable,11,10.75,1.0232558139534884,48,12,167,6,2.0,11.0,10.008798812788054,0.9166666666666666,0.8340665677323379,0.0826000989343288,9,True,True
POMC,FR6-5,Water,JAULA7,FR6-5__S04,marker_cfos,ARC,RIGHT_ACQUISITION,POMC|FR6-5__S04|ARC|RIGHT_ACQUISITION|marker_cfos,True,49.0,6.0,49,6,45,True,estimable,5,5.510204081632653,0.9074074074074072,49,6,159,6,1.0,3.0,3.0732843595767614,0.5,0.5122140599294602,-0.0122140599294602,3,True,True
POMC,FR6-5,Water,JAULA7,FR6-5__S05,marker_cfos,ARC,LEFT_ACQUISITION,POMC|FR6-5__S05|ARC|LEFT_ACQUISITION|marker_cfos,True,39.0,13.0,39,13,36,True,estimable,12,12.0,1.0,39,13,122,6,2.0,12.0,11.599591912486886,0.9230769230769232,0.8922763009605297,0.0308006221163933,10,True,True
POMC,FR6-5,Water,JAULA7,FR6-5__S05,marker_cfos,ARC,RIGHT_ACQUISITION,POMC|FR6-5__S05|ARC|RIGHT_ACQUISITION|marker_cfos,True,56.0,16.0,56,16,50,True,estimable,16,14.285714285714286,1.12,56,16,189,6,4.0,15.0,13.727727768897326,0.9375,0.8579829855560829,0.0795170144439171,6,True,True
POMC,FR6-5,Water,JAULA7,FR6-5__S01,marker_cfos,ME,LEFT_ACQUISITION,POMC|FR6-5__S01|ME|LEFT_ACQUISITION|marker_cfos,True,0.0,0.0,0,0,0,False,fewer_than_five_marker_anchors,0,0.0,,0,0,0,0,0.0,0.0,0.0,,,,0,True,True
POMC,FR6-5,Water,JAULA7,FR6-5__S01,marker_cfos,ME,RIGHT_ACQUISITION,POMC|FR6-5__S01|ME|RIGHT_ACQUISITION|marker_cfos,True,0.0,0.0,0,0,0,False,fewer_than_five_marker_anchors,0,0.0,,0,0,0,0,0.0,0.0,0.0,,,,0,True,True
POMC,FR6-5,Water,JAULA7,FR6-5__S02,marker_cfos,ME,LEFT_ACQUISITION,POMC|FR6-5__S02|ME|LEFT_ACQUISITION|marker_cfos,True,7.0,3.0,7,3,7,True,estimable,3,3.0,1.0,7,3,18,6,1.0,3.0,2.942857142857143,1.0,0.980952380952381,0.0190476190476189,3,True,True
POMC,FR6-5,Water,JAULA7,FR6-5__S02,marker_cfos,ME,RIGHT_ACQUISITION,POMC|FR6-5__S02|ME|RIGHT_ACQUISITION|marker_cfos,True,5.0,2.0,5,2,5,True,estimable,2,2.0,1.0,5,2,10,4,1.0,2.0,2.0,1.0,1.0,0.0,2,True,True
POMC,FR6-5,Water,JAULA7,FR6-5__S03,marker_cfos,ME,LEFT_ACQUISITION,POMC|FR6-5__S03|ME|LEFT_ACQUISITION|marker_cfos,True,1.0,0.0,0,0,0,False,fewer_than_five_marker_anchors,0,0.0,,1,0,0,0,0.0,0.0,0.0,,,,0,True,True
POMC,FR6-5,Water,JAULA7,FR6-5__S03,marker_cfos,ME,RIGHT_ACQUISITION,POMC|FR6-5__S03|ME|RIGHT_ACQUISITION|marker_cfos,True,0.0,0.0,0,0,0,False,fewer_than_five_marker_anchors,0,0.0,,0,0,0,0,0.0,0.0,0.0,,,,0,True,True
POMC,FR6-5,Water,JAULA7,FR6-5__S04,marker_cfos,ME,LEFT_ACQUISITION,POMC|FR6-5__S04|ME|LEFT_ACQUISITION|marker_cfos,True,0.0,0.0,0,0,0,False,fewer_than_five_marker_anchors,0,0.0,,0,0,0,0,0.0,0.0,0.0,,,,0,True,True
POMC,FR6-5,Water,JAULA7,FR6-5__S04,marker_cfos,ME,RIGHT_ACQUISITION,POMC|FR6-5__S04|ME|RIGHT_ACQUISITION|marker_cfos,True,5.0,2.0,5,2,5,True,estimable,2,2.0,1.0,5,2,10,4,1.0,2.0,2.0,1.0,1.0,0.0,2,True,True
POMC,FR6-5,Water,JAULA7,FR6-5__S05,marker_cfos,ME,LEFT_ACQUISITION,POMC|FR6-5__S05|ME|LEFT_ACQUISITION|marker_cfos,True,0.0,0.0,0,0,0,False,fewer_than_five_marker_anchors,0,0.0,,0,0,0,0,0.0,0.0,0.0,,,,0,True,True
POMC,FR6-5,Water,JAULA7,FR6-5__S05,marker_cfos,ME,RIGHT_ACQUISITION,POMC|FR6-5__S05|ME|RIGHT_ACQUISITION|marker_cfos,True,8.0,2.0,8,2,8,True,estimable,2,2.0,1.0,8,2,13,6,0.0,0.0,0.9285714285714296,0.0,0.4642857142857147,-0.4642857142857147,0,True,True
POMC,FR7-1,Water,JAULA6,FR7-1__S01,marker_cfos,ARC,LEFT_ACQUISITION,POMC|FR7-1__S01|ARC|LEFT_ACQUISITION|marker_cfos,True,62.0,7.0,62,7,56,True,estimable,5,6.32258064516129,0.7908163265306123,62,7,211,6,2.0,4.0,3.6054402312605767,0.5714285714285714,0.5150628901800823,0.056365681248489,2,True,True
POMC,FR7-1,Water,JAULA6,FR7-1__S01,marker_cfos,ARC,RIGHT_ACQUISITION,POMC|FR7-1__S01|ARC|RIGHT_ACQUISITION|marker_cfos,True,43.0,4.0,43,4,40,True,estimable,3,3.72093023255814,0.80625,43,4,156,6,1.0,2.0,1.7324933149663764,0.5,0.4331233287415941,0.0668766712584059,2,True,True
POMC,FR7-1,Water,JAULA6,FR7-1__S02,marker_cfos,ARC,LEFT_ACQUISITION,POMC|FR7-1__S02|ARC|LEFT_ACQUISITION|marker_cfos,True,41.0,10.0,41,10,41,True,estimable,10,10.0,1.0,41,10,146,6,2.0,9.0,8.515383807070922,0.9,0.8515383807070922,0.0484616192929078,5,True,True
POMC,FR7-1,Water,JAULA6,FR7-1__S02,marker_cfos,ARC,RIGHT_ACQUISITION,POMC|FR7-1__S02|ARC|RIGHT_ACQUISITION|marker_cfos,True,48.0,9.0,48,9,48,True,estimable,9,9.0,1.0,48,9,173,6,2.0,7.0,6.812253837358933,0.7777777777777778,0.7569170930398815,0.0208606847378962,5,True,True
POMC,FR7-1,Water,JAULA6,FR7-1__S03,marker_cfos,ARC,LEFT_ACQUISITION,POMC|FR7-1__S03|ARC|LEFT_ACQUISITION|marker_cfos,True,38.0,9.0,38,9,37,True,estimable,9,8.763157894736842,1.027027027027027,38,9,139,6,2.0,7.0,7.639065774689439,0.7777777777777778,0.8487850860766044,-0.0710073082988265,5,True,True
POMC,FR7-1,Water,JAULA6,FR7-1__S03,marker_cfos,ARC,RIGHT_ACQUISITION,POMC|FR7-1__S03|ARC|RIGHT_ACQUISITION|marker_cfos,True,36.0,3.0,36,3,33,True,estimable,3,2.75,1.0909090909090908,36,3,99,6,1.0,2.0,0.868907563025159,0.6666666666666666,0.2896358543417197,0.377030812324947,2,True,True
POMC,FR7-1,Water,JAULA6,FR7-1__S04,marker_cfos,ARC,LEFT_ACQUISITION,POMC|FR7-1__S04|ARC|LEFT_ACQUISITION|marker_cfos,True,44.0,3.0,44,3,41,True,estimable,2,2.7954545454545454,0.7154471544715447,44,3,151,6,0.0,0.0,0.8844759891272033,0.0,0.2948253297090678,-0.2948253297090678,0,True,True
POMC,FR7-1,Water,JAULA6,FR7-1__S04,marker_cfos,ARC,RIGHT_ACQUISITION,POMC|FR7-1__S04|ARC|RIGHT_ACQUISITION|marker_cfos,True,28.0,3.0,28,3,26,True,estimable,3,2.7857142857142856,1.0769230769230769,28,3,90,6,1.0,2.0,1.2484737484737394,0.6666666666666666,0.4161579161579131,0.2505087505087535,2,True,True
POMC,FR7-1,Water,JAULA6,FR7-1__S05,marker_cfos,ARC,LEFT_ACQUISITION,POMC|FR7-1__S05|ARC|LEFT_ACQUISITION|marker_cfos,True,39.0,11.0,39,11,39,True,estimable,11,11.0,1.0,39,11,144,6,3.0,10.0,9.785944573104024,0.9090909090909092,0.8896313248276386,0.0194595842632704,5,True,True
POMC,FR7-1,Water,JAULA6,FR7-1__S05,marker_cfos,ARC,RIGHT_ACQUISITION,POMC|FR7-1__S05|ARC|RIGHT_ACQUISITION|marker_cfos,True,35.0,6.0,35,6,35,True,estimable,6,6.0,1.0,35,6,104,6,2.0,5.0,3.742621183370716,0.8333333333333334,0.6237701972284526,0.2095631361048807,3,True,True
POMC,FR7-1,Water,JAULA6,FR7-1__S01,marker_cfos,ME,LEFT_ACQUISITION,POMC|FR7-1__S01|ME|LEFT_ACQUISITION|marker_cfos,True,0.0,0.0,0,0,0,False,fewer_than_five_marker_anchors,0,0.0,,0,0,0,0,0.0,0.0,0.0,,,,0,True,True
POMC,FR7-1,Water,JAULA6,FR7-1__S01,marker_cfos,ME,RIGHT_ACQUISITION,POMC|FR7-1__S01|ME|RIGHT_ACQUISITION|marker_cfos,True,0.0,0.0,0,0,0,False,fewer_than_five_marker_anchors,0,0.0,,0,0,0,0,0.0,0.0,0.0,,,,0,True,True
POMC,FR7-1,Water,JAULA6,FR7-1__S02,marker_cfos,ME,LEFT_ACQUISITION,POMC|FR7-1__S02|ME|LEFT_ACQUISITION|marker_cfos,True,0.0,0.0,0,0,0,False,fewer_than_five_marker_anchors,0,0.0,,0,0,0,0,0.0,0.0,0.0,,,,0,True,True
POMC,FR7-1,Water,JAULA6,FR7-1__S02,marker_cfos,ME,RIGHT_ACQUISITION,POMC|FR7-1__S02|ME|RIGHT_ACQUISITION|marker_cfos,True,0.0,0.0,0,0,0,False,fewer_than_five_marker_anchors,0,0.0,,0,0,0,0,0.0,0.0,0.0,,,,0,True,True
POMC,FR7-1,Water,JAULA6,FR7-1__S03,marker_cfos,ME,LEFT_ACQUISITION,POMC|FR7-1__S03|ME|LEFT_ACQUISITION|marker_cfos,True,0.0,0.0,0,0,0,False,fewer_than_five_marker_anchors,0,0.0,,0,0,0,0,0.0,0.0,0.0,,,,0,True,True
POMC,FR7-1,Water,JAULA6,FR7-1__S03,marker_cfos,ME,RIGHT_ACQUISITION,POMC|FR7-1__S03|ME|RIGHT_ACQUISITION|marker_cfos,True,0.0,0.0,0,0,0,False,fewer_than_five_marker_anchors,0,0.0,,0,0,0,0,0.0,0.0,0.0,,,,0,True,True
POMC,FR7-1,Water,JAULA6,FR7-1__S04,marker_cfos,ME,LEFT_ACQUISITION,POMC|FR7-1__S04|ME|LEFT_ACQUISITION|marker_cfos,True,0.0,0.0,0,0,0,False,fewer_than_five_marker_anchors,0,0.0,,0,0,0,0,0.0,0.0,0.0,,,,0,True,True
POMC,FR7-1,Water,JAULA6,FR7-1__S04,marker_cfos,ME,RIGHT_ACQUISITION,POMC|FR7-1__S04|ME|RIGHT_ACQUISITION|marker_cfos,True,0.0,0.0,0,0,0,False,fewer_than_five_marker_anchors,0,0.0,,0,0,0,0,0.0,0.0,0.0,,,,0,True,True
POMC,FR7-1,Water,JAULA6,FR7-1__S05,marker_cfos,ME,LEFT_ACQUISITION,POMC|FR7-1__S05|ME|LEFT_ACQUISITION|marker_cfos,True,0.0,0.0,0,0,0,False,fewer_than_five_marker_anchors,0,0.0,,0,0,0,0,0.0,0.0,0.0,,,,0,True,True
POMC,FR7-1,Water,JAULA6,FR7-1__S05,marker_cfos,ME,RIGHT_ACQUISITION,POMC|FR7-1__S05|ME|RIGHT_ACQUISITION|marker_cfos,True,0.0,0.0,0,0,0,False,fewer_than_five_marker_anchors,0,0.0,,0,0,0,0,0.0,0.0,0.0,,,,0,True,True
POMC,FR7-2,Water,JAULA7,FR7-2__S01,marker_cfos,ARC,LEFT_ACQUISITION,POMC|FR7-2__S01|ARC|LEFT_ACQUISITION|marker_cfos,True,61.0,12.0,61,12,55,True,estimable,12,10.81967213114754,1.1090909090909091,61,12,210,6,2.0,9.0,9.000600081285443,0.75,0.7500500067737869,-5.0006773786896254e-05,7,True,True
POMC,FR7-2,Water,JAULA7,FR7-2__S01,marker_cfos,ARC,RIGHT_ACQUISITION,POMC|FR7-2__S01|ARC|RIGHT_ACQUISITION|marker_cfos,True,61.0,18.0,61,18,58,True,estimable,18,17.114754098360656,1.0517241379310345,61,18,223,6,2.0,16.0,16.45462419318121,0.8888888888888888,0.9141457885100672,-0.0252568996211783,14,True,True
POMC,FR7-2,Water,JAULA7,FR7-2__S02,marker_cfos,ARC,LEFT_ACQUISITION,POMC|FR7-2__S02|ARC|LEFT_ACQUISITION|marker_cfos,True,33.0,4.0,33,4,31,True,estimable,4,3.757575757575758,1.064516129032258,33,4,119,6,1.0,2.0,2.140004887585542,0.5,0.5350012218963857,-0.0350012218963856,2,True,True
POMC,FR7-2,Water,JAULA7,FR7-2__S02,marker_cfos,ARC,RIGHT_ACQUISITION,POMC|FR7-2__S02|ARC|RIGHT_ACQUISITION|marker_cfos,True,33.0,6.0,33,6,31,True,estimable,6,5.636363636363637,1.064516129032258,33,6,106,6,2.0,5.0,4.03521679932971,0.8333333333333334,0.6725361332216183,0.1607972001117149,3,True,True
POMC,FR7-2,Water,JAULA7,FR7-2__S03,marker_cfos,ARC,LEFT_ACQUISITION,POMC|FR7-2__S03|ARC|LEFT_ACQUISITION|marker_cfos,True,58.0,6.0,58,6,52,True,estimable,5,5.379310344827586,0.9294871794871796,58,6,209,6,1.0,3.0,2.969485680645406,0.5,0.4949142801075676,0.0050857198924323,3,True,True
POMC,FR7-2,Water,JAULA7,FR7-2__S03,marker_cfos,ARC,RIGHT_ACQUISITION,POMC|FR7-2__S03|ARC|RIGHT_ACQUISITION|marker_cfos,True,60.0,15.0,60,15,57,True,estimable,15,14.25,1.0526315789473684,60,15,215,6,3.0,11.0,12.986705691802516,0.7333333333333333,0.865780379453501,-0.1324470461201676,5,True,True
POMC,FR7-2,Water,JAULA7,FR7-2__S04,marker_cfos,ARC,LEFT_ACQUISITION,POMC|FR7-2__S04|ARC|LEFT_ACQUISITION|marker_cfos,True,54.0,6.0,54,6,49,True,estimable,4,5.444444444444445,0.7346938775510203,54,6,185,6,1.0,3.0,3.029278281220591,0.5,0.5048797135367652,-0.0048797135367651,3,True,True
POMC,FR7-2,Water,JAULA7,FR7-2__S04,marker_cfos,ARC,RIGHT_ACQUISITION,POMC|FR7-2__S04|ARC|RIGHT_ACQUISITION|marker_cfos,True,42.0,9.0,42,9,41,True,estimable,9,8.785714285714286,1.024390243902439,42,9,145,6,3.0,8.0,7.038709217377162,0.8888888888888888,0.7820788019307958,0.106810086958093,3,True,True
POMC,FR7-2,Water,JAULA7,FR7-2__S05,marker_cfos,ARC,LEFT_ACQUISITION,POMC|FR7-2__S05|ARC|LEFT_ACQUISITION|marker_cfos,True,37.0,6.0,37,6,34,True,estimable,5,5.513513513513513,0.9068627450980392,37,6,117,6,1.0,2.0,3.7788667678373606,0.3333333333333333,0.6298111279728934,-0.2964777946395601,2,True,True
POMC,FR7-2,Water,JAULA7,FR7-2__S05,marker_cfos,ARC,RIGHT_ACQUISITION,POMC|FR7-2__S05|ARC|RIGHT_ACQUISITION|marker_cfos,True,22.0,4.0,22,4,21,True,estimable,4,3.8181818181818175,1.0476190476190477,22,4,58,6,0.0,0.0,2.3313738892686247,0.0,0.5828434723171562,-0.5828434723171562,0,True,True
POMC,FR7-2,Water,JAULA7,FR7-2__S01,marker_cfos,ME,LEFT_ACQUISITION,POMC|FR7-2__S01|ME|LEFT_ACQUISITION|marker_cfos,True,0.0,0.0,0,0,0,False,fewer_than_five_marker_anchors,0,0.0,,0,0,0,0,0.0,0.0,0.0,,,,0,True,True
POMC,FR7-2,Water,JAULA7,FR7-2__S01,marker_cfos,ME,RIGHT_ACQUISITION,POMC|FR7-2__S01|ME|RIGHT_ACQUISITION|marker_cfos,True,2.0,2.0,0,0,0,False,fewer_than_five_marker_anchors,0,0.0,,2,2,1,1,1.0,2.0,2.0,1.0,1.0,0.0,2,True,True
POMC,FR7-2,Water,JAULA7,FR7-2__S02,marker_cfos,ME,LEFT_ACQUISITION,POMC|FR7-2__S02|ME|LEFT_ACQUISITION|marker_cfos,True,0.0,0.0,0,0,0,False,fewer_than_five_marker_anchors,0,0.0,,0,0,0,0,0.0,0.0,0.0,,,,0,True,True
POMC,FR7-2,Water,JAULA7,FR7-2__S02,marker_cfos,ME,RIGHT_ACQUISITION,POMC|FR7-2__S02|ME|RIGHT_ACQUISITION|marker_cfos,True,0.0,0.0,0,0,0,False,fewer_than_five_marker_anchors,0,0.0,,0,0,0,0,0.0,0.0,0.0,,,,0,True,True
POMC,FR7-2,Water,JAULA7,FR7-2__S03,marker_cfos,ME,LEFT_ACQUISITION,POMC|FR7-2__S03|ME|LEFT_ACQUISITION|marker_cfos,True,0.0,0.0,0,0,0,False,fewer_than_five_marker_anchors,0,0.0,,0,0,0,0,0.0,0.0,0.0,,,,0,True,True
POMC,FR7-2,Water,JAULA7,FR7-2__S03,marker_cfos,ME,RIGHT_ACQUISITION,POMC|FR7-2__S03|ME|RIGHT_ACQUISITION|marker_cfos,True,0.0,0.0,0,0,0,False,fewer_than_five_marker_anchors,0,0.0,,0,0,0,0,0.0,0.0,0.0,,,,0,True,True
POMC,FR7-2,Water,JAULA7,FR7-2__S04,marker_cfos,ME,LEFT_ACQUISITION,POMC|FR7-2__S04|ME|LEFT_ACQUISITION|marker_cfos,True,4.0,2.0,0,0,0,False,fewer_than_five_marker_anchors,0,0.0,,4,2,6,3,1.0,2.0,2.0,1.0,1.0,0.0,2,True,True
POMC,FR7-2,Water,JAULA7,FR7-2__S04,marker_cfos,ME,RIGHT_ACQUISITION,POMC|FR7-2__S04|ME|RIGHT_ACQUISITION|marker_cfos,True,1.0,0.0,0,0,0,False,fewer_than_five_marker_anchors,0,0.0,,1,0,0,0,0.0,0.0,0.0,,,,0,True,True
POMC,FR7-2,Water,JAULA7,FR7-2__S05,marker_cfos,ME,LEFT_ACQUISITION,POMC|FR7-2__S05|ME|LEFT_ACQUISITION|marker_cfos,True,0.0,0.0,0,0,0,False,fewer_than_five_marker_anchors,0,0.0,,0,0,0,0,0.0,0.0,0.0,,,,0,True,True
POMC,FR7-2,Water,JAULA7,FR7-2__S05,marker_cfos,ME,RIGHT_ACQUISITION,POMC|FR7-2__S05|ME|RIGHT_ACQUISITION|marker_cfos,True,1.0,0.0,0,0,0,False,fewer_than_five_marker_anchors,0,0.0,,1,0,0,0,0.0,0.0,0.0,,,,0,True,True
POMC,FR7-23,Sucrose,JAULA2,FR723__S01,marker_cfos,ARC,LEFT_ACQUISITION,POMC|FR723__S01|ARC|LEFT_ACQUISITION|marker_cfos,True,39.0,5.0,39,5,34,True,estimable,3,4.358974358974359,0.6882352941176472,39,5,128,6,1.0,3.0,2.645405961195478,0.6,0.5290811922390957,0.0709188077609043,3,True,True
POMC,FR7-23,Sucrose,JAULA2,FR723__S01,marker_cfos,ARC,RIGHT_ACQUISITION,POMC|FR723__S01|ARC|RIGHT_ACQUISITION|marker_cfos,True,49.0,2.0,49,2,49,True,estimable,2,2.0,1.0,49,2,174,6,1.0,2.0,0.2959183673468896,1.0,0.1479591836734448,0.8520408163265552,2,True,True
POMC,FR7-23,Sucrose,JAULA2,FR723__S02,marker_cfos,ARC,LEFT_ACQUISITION,POMC|FR723__S02|ARC|LEFT_ACQUISITION|marker_cfos,True,46.0,10.0,46,10,43,True,estimable,8,9.347826086956522,0.8558139534883721,46,10,152,6,4.0,8.0,7.68650652249711,0.8,0.768650652249711,0.0313493477502889,2,True,True
POMC,FR7-23,Sucrose,JAULA2,FR723__S02,marker_cfos,ARC,RIGHT_ACQUISITION,POMC|FR723__S02|ARC|RIGHT_ACQUISITION|marker_cfos,True,46.0,8.0,46,8,42,True,estimable,7,7.304347826086956,0.9583333333333334,46,8,158,6,3.0,6.0,5.567809993541912,0.75,0.695976249192739,0.0540237508072609,2,True,True
POMC,FR7-23,Sucrose,JAULA2,FR723__S03,marker_cfos,ARC,LEFT_ACQUISITION,POMC|FR723__S03|ARC|LEFT_ACQUISITION|marker_cfos,True,41.0,15.0,41,15,36,True,estimable,12,13.170731707317072,0.9111111111111112,41,15,147,6,3.0,14.0,14.258245921699292,0.9333333333333332,0.950549728113286,-0.0172163947799527,7,True,True
POMC,FR7-23,Sucrose,JAULA2,FR723__S03,marker_cfos,ARC,RIGHT_ACQUISITION,POMC|FR723__S03|ARC|RIGHT_ACQUISITION|marker_cfos,True,29.0,4.0,29,4,28,True,estimable,4,3.8620689655172415,1.0357142857142856,29,4,91,6,1.0,3.0,2.1423519009726046,0.75,0.5355879752431512,0.2144120247568488,3,True,True
POMC,FR7-23,Sucrose,JAULA2,FR723__S04,marker_cfos,ARC,LEFT_ACQUISITION,POMC|FR723__S04|ARC|LEFT_ACQUISITION|marker_cfos,True,42.0,11.0,42,11,36,True,estimable,11,9.428571428571429,1.1666666666666667,42,11,143,6,3.0,11.0,9.39769015123684,1.0,0.8543354682942582,0.1456645317057417,5,True,True
POMC,FR7-23,Sucrose,JAULA2,FR723__S04,marker_cfos,ARC,RIGHT_ACQUISITION,POMC|FR723__S04|ARC|RIGHT_ACQUISITION|marker_cfos,True,28.0,7.0,28,7,28,True,estimable,7,7.0,1.0,28,7,87,6,2.0,4.0,5.417062768149717,0.5714285714285714,0.7738661097356738,-0.2024375383071024,2,True,True
POMC,FR7-23,Sucrose,JAULA2,FR723__S05,marker_cfos,ARC,LEFT_ACQUISITION,POMC|FR723__S05|ARC|LEFT_ACQUISITION|marker_cfos,True,70.0,18.0,70,18,59,True,estimable,14,15.17142857142857,0.9227871939736348,70,18,256,6,4.0,13.0,15.754426471922702,0.7222222222222222,0.8752459151068168,-0.1530236928845945,6,True,True
POMC,FR7-23,Sucrose,JAULA2,FR723__S05,marker_cfos,ARC,RIGHT_ACQUISITION,POMC|FR723__S05|ARC|RIGHT_ACQUISITION|marker_cfos,True,31.0,10.0,31,10,30,True,estimable,9,9.67741935483871,0.93,31,10,119,6,2.0,9.0,9.51370299510745,0.9,0.9513702995107448,-0.0513702995107449,7,True,True
POMC,FR7-23,Sucrose,JAULA2,FR723__S01,marker_cfos,ME,LEFT_ACQUISITION,POMC|FR723__S01|ME|LEFT_ACQUISITION|marker_cfos,True,0.0,0.0,0,0,0,False,fewer_than_five_marker_anchors,0,0.0,,0,0,0,0,0.0,0.0,0.0,,,,0,True,True
POMC,FR7-23,Sucrose,JAULA2,FR723__S01,marker_cfos,ME,RIGHT_ACQUISITION,POMC|FR723__S01|ME|RIGHT_ACQUISITION|marker_cfos,True,0.0,0.0,0,0,0,False,fewer_than_five_marker_anchors,0,0.0,,0,0,0,0,0.0,0.0,0.0,,,,0,True,True
POMC,FR7-23,Sucrose,JAULA2,FR723__S02,marker_cfos,ME,LEFT_ACQUISITION,POMC|FR723__S02|ME|LEFT_ACQUISITION|marker_cfos,True,0.0,0.0,0,0,0,False,fewer_than_five_marker_anchors,0,0.0,,0,0,0,0,0.0,0.0,0.0,,,,0,True,True
POMC,FR7-23,Sucrose,JAULA2,FR723__S02,marker_cfos,ME,RIGHT_ACQUISITION,POMC|FR723__S02|ME|RIGHT_ACQUISITION|marker_cfos,True,0.0,0.0,0,0,0,False,fewer_than_five_marker_anchors,0,0.0,,0,0,0,0,0.0,0.0,0.0,,,,0,True,True
POMC,FR7-23,Sucrose,JAULA2,FR723__S03,marker_cfos,ME,LEFT_ACQUISITION,POMC|FR723__S03|ME|LEFT_ACQUISITION|marker_cfos,True,0.0,0.0,0,0,0,False,fewer_than_five_marker_anchors,0,0.0,,0,0,0,0,0.0,0.0,0.0,,,,0,True,True
POMC,FR7-23,Sucrose,JAULA2,FR723__S03,marker_cfos,ME,RIGHT_ACQUISITION,POMC|FR723__S03|ME|RIGHT_ACQUISITION|marker_cfos,True,3.0,2.0,0,0,0,False,fewer_than_five_marker_anchors,0,0.0,,3,2,3,2,1.0,2.0,2.0,1.0,1.0,0.0,2,True,True
POMC,FR7-23,Sucrose,JAULA2,FR723__S04,marker_cfos,ME,LEFT_ACQUISITION,POMC|FR723__S04|ME|LEFT_ACQUISITION|marker_cfos,True,0.0,0.0,0,0,0,False,fewer_than_five_marker_anchors,0,0.0,,0,0,0,0,0.0,0.0,0.0,,,,0,True,True
POMC,FR7-23,Sucrose,JAULA2,FR723__S04,marker_cfos,ME,RIGHT_ACQUISITION,POMC|FR723__S04|ME|RIGHT_ACQUISITION|marker_cfos,True,0.0,0.0,0,0,0,False,fewer_than_five_marker_anchors,0,0.0,,0,0,0,0,0.0,0.0,0.0,,,,0,True,True
POMC,FR7-23,Sucrose,JAULA2,FR723__S05,marker_cfos,ME,RIGHT_ACQUISITION,POMC|FR723__S05|ME|RIGHT_ACQUISITION|marker_cfos,True,0.0,0.0,0,0,0,False,fewer_than_five_marker_anchors,0,0.0,,0,0,0,0,0.0,0.0,0.0,,,,0,True,True
POMC,FR7-3,Sucrose,JAULA8,FR7-3__S01,marker_cfos,ARC,LEFT_ACQUISITION,POMC|FR7-3__S01|ARC|LEFT_ACQUISITION|marker_cfos,True,52.0,20.0,52,20,50,True,estimable,19,19.23076923076923,0.988,52,20,193,6,4.0,20.0,19.162428069888414,1.0,0.9581214034944208,0.0418785965055793,9,True,True
POMC,FR7-3,Sucrose,JAULA8,FR7-3__S01,marker_cfos,ARC,RIGHT_ACQUISITION,POMC|FR7-3__S01|ARC|RIGHT_ACQUISITION|marker_cfos,True,32.0,5.0,32,5,31,True,estimable,5,4.84375,1.032258064516129,32,5,85,6,1.0,2.0,2.603264539965057,0.4,0.5206529079930113,-0.1206529079930113,2,True,True
POMC,FR7-3,Sucrose,JAULA8,FR7-3__S02,marker_cfos,ARC,LEFT_ACQUISITION,POMC|FR7-3__S02|ARC|LEFT_ACQUISITION|marker_cfos,True,49.0,8.0,49,8,46,True,estimable,8,7.510204081632653,1.0652173913043477,49,8,178,6,3.0,6.0,5.616414794771872,0.75,0.702051849346484,0.0479481506535159,2,True,True
POMC,FR7-3,Sucrose,JAULA8,FR7-3__S02,marker_cfos,ARC,RIGHT_ACQUISITION,POMC|FR7-3__S02|ARC|RIGHT_ACQUISITION|marker_cfos,True,56.0,13.0,56,13,54,True,estimable,12,12.535714285714286,0.9572649572649572,56,13,179,6,4.0,9.0,10.18160893854512,0.6923076923076923,0.7832006875803939,-0.0908929952727015,3,True,True
POMC,FR7-3,Sucrose,JAULA8,FR7-3__S03,marker_cfos,ARC,LEFT_ACQUISITION,POMC|FR7-3__S03|ARC|LEFT_ACQUISITION|marker_cfos,True,55.0,13.0,55,13,52,True,estimable,13,12.290909090909093,1.0576923076923077,55,13,180,6,4.0,10.0,10.281663931753714,0.7692307692307693,0.7908972255195165,-0.0216664562887472,3,True,True
POMC,FR7-3,Sucrose,JAULA8,FR7-3__S03,marker_cfos,ARC,RIGHT_ACQUISITION,POMC|FR7-3__S03|ARC|RIGHT_ACQUISITION|marker_cfos,True,45.0,9.0,45,9,41,True,estimable,8,8.2,0.9756097560975612,45,9,145,6,1.0,4.0,6.528010755040024,0.4444444444444444,0.7253345283377803,-0.2808900838933359,4,True,True
POMC,FR7-3,Sucrose,JAULA8,FR7-3__S04,marker_cfos,ARC,LEFT_ACQUISITION,POMC|FR7-3__S04|ARC|LEFT_ACQUISITION|marker_cfos,True,35.0,11.0,35,11,35,True,estimable,11,11.0,1.0,35,11,97,6,3.0,10.0,8.484787979365587,0.9090909090909092,0.7713443617605079,0.1377465473304012,6,True,True
POMC,FR7-3,Sucrose,JAULA8,FR7-3__S04,marker_cfos,ARC,RIGHT_ACQUISITION,POMC|FR7-3__S04|ARC|RIGHT_ACQUISITION|marker_cfos,True,53.0,20.0,53,20,46,True,estimable,19,17.358490566037737,1.0945652173913043,53,20,187,6,4.0,19.0,18.956820666273178,0.95,0.9478410333136588,0.0021589666863411,7,True,True
POMC,FR7-3,Sucrose,JAULA8,FR7-3__S05,marker_cfos,ARC,LEFT_ACQUISITION,POMC|FR7-3__S05|ARC|LEFT_ACQUISITION|marker_cfos,True,42.0,12.0,42,12,39,True,estimable,10,11.142857142857142,0.8974358974358975,42,12,149,6,4.0,11.0,10.702893573266058,0.9166666666666666,0.8919077977721716,0.0247588688944951,5,True,True
POMC,FR7-3,Sucrose,JAULA8,FR7-3__S05,marker_cfos,ARC,RIGHT_ACQUISITION,POMC|FR7-3__S05|ARC|RIGHT_ACQUISITION|marker_cfos,True,62.0,18.0,62,18,58,True,estimable,18,16.838709677419356,1.0689655172413792,62,18,207,6,4.0,16.0,15.937362493742276,0.8888888888888888,0.8854090274301264,0.0034798614587624,8,True,True
POMC,FR7-3,Sucrose,JAULA8,FR7-3__S01,marker_cfos,ME,LEFT_ACQUISITION,POMC|FR7-3__S01|ME|LEFT_ACQUISITION|marker_cfos,True,0.0,0.0,0,0,0,False,fewer_than_five_marker_anchors,0,0.0,,0,0,0,0,0.0,0.0,0.0,,,,0,True,True
POMC,FR7-3,Sucrose,JAULA8,FR7-3__S01,marker_cfos,ME,RIGHT_ACQUISITION,POMC|FR7-3__S01|ME|RIGHT_ACQUISITION|marker_cfos,True,3.0,1.0,0,0,0,False,fewer_than_five_marker_anchors,0,0.0,,3,1,3,2,0.0,0.0,0.0,0.0,0.0,,0,True,True
POMC,FR7-3,Sucrose,JAULA8,FR7-3__S02,marker_cfos,ME,SIDE_1,POMC|FR7-3__S02|ME|SIDE_1|marker_cfos,True,0.0,0.0,0,0,0,False,fewer_than_five_marker_anchors,0,0.0,,0,0,0,0,0.0,0.0,0.0,,,,0,True,True
POMC,FR7-3,Sucrose,JAULA8,FR7-3__S03,marker_cfos,ME,LEFT_ACQUISITION,POMC|FR7-3__S03|ME|LEFT_ACQUISITION|marker_cfos,True,0.0,0.0,0,0,0,False,fewer_than_five_marker_anchors,0,0.0,,0,0,0,0,0.0,0.0,0.0,,,,0,True,True
POMC,FR7-3,Sucrose,JAULA8,FR7-3__S03,marker_cfos,ME,RIGHT_ACQUISITION,POMC|FR7-3__S03|ME|RIGHT_ACQUISITION|marker_cfos,True,0.0,0.0,0,0,0,False,fewer_than_five_marker_anchors,0,0.0,,0,0,0,0,0.0,0.0,0.0,,,,0,True,True
POMC,FR7-3,Sucrose,JAULA8,FR7-3__S04,marker_cfos,ME,LEFT_ACQUISITION,POMC|FR7-3__S04|ME|LEFT_ACQUISITION|marker_cfos,True,0.0,0.0,0,0,0,False,fewer_than_five_marker_anchors,0,0.0,,0,0,0,0,0.0,0.0,0.0,,,,0,True,True
POMC,FR7-3,Sucrose,JAULA8,FR7-3__S05,marker_cfos,ME,LEFT_ACQUISITION,POMC|FR7-3__S05|ME|LEFT_ACQUISITION|marker_cfos,True,0.0,0.0,0,0,0,False,fewer_than_five_marker_anchors,0,0.0,,0,0,0,0,0.0,0.0,0.0,,,,0,True,True
POMC,FR7-3,Sucrose,JAULA8,FR7-3__S05,marker_cfos,ME,RIGHT_ACQUISITION,POMC|FR7-3__S05|ME|RIGHT_ACQUISITION|marker_cfos,True,0.0,0.0,0,0,0,False,fewer_than_five_marker_anchors,0,0.0,,0,0,0,0,0.0,0.0,0.0,,,,0,True,True
POMC,FR7-4,Sucrose,JAULA8,FR7-4__S01,marker_cfos,ARC,LEFT_ACQUISITION,POMC|FR7-4__S01|ARC|LEFT_ACQUISITION|marker_cfos,True,49.0,12.0,49,12,47,True,estimable,12,11.510204081632653,1.0425531914893618,49,12,162,6,3.0,11.0,9.732050624083891,0.9166666666666666,0.8110042186736578,0.1056624479930089,5,True,True
POMC,FR7-4,Sucrose,JAULA8,FR7-4__S01,marker_cfos,ARC,RIGHT_ACQUISITION,POMC|FR7-4__S01|ARC|RIGHT_ACQUISITION|marker_cfos,True,47.0,10.0,47,10,43,True,estimable,9,9.148936170212766,0.983720930232558,47,10,170,6,2.0,8.0,7.859843494898986,0.8,0.7859843494898986,0.0140156505101013,5,True,True
POMC,FR7-4,Sucrose,JAULA8,FR7-4__S02,marker_cfos,ARC,LEFT_ACQUISITION,POMC|FR7-4__S02|ARC|LEFT_ACQUISITION|marker_cfos,True,22.0,8.0,22,8,21,True,estimable,8,7.636363636363637,1.0476190476190477,22,8,61,6,1.0,6.0,6.872761672452074,0.75,0.8590952090565093,-0.1090952090565092,6,True,True
POMC,FR7-4,Sucrose,JAULA8,FR7-4__S02,marker_cfos,ARC,RIGHT_ACQUISITION,POMC|FR7-4__S02|ARC|RIGHT_ACQUISITION|marker_cfos,True,46.0,7.0,46,7,41,True,estimable,4,6.239130434782608,0.6411149825783973,46,7,140,6,2.0,4.0,4.103707224405786,0.5714285714285714,0.5862438892008266,-0.0148153177722551,2,True,True
POMC,FR7-4,Sucrose,JAULA8,FR7-4__S03,marker_cfos,ARC,LEFT_ACQUISITION,POMC|FR7-4__S03|ARC|LEFT_ACQUISITION|marker_cfos,True,34.0,7.0,34,7,32,True,estimable,6,6.588235294117647,0.9107142857142858,34,7,111,6,2.0,4.0,5.045102847489535,0.5714285714285714,0.7207289782127908,-0.1493004067842193,2,True,True
POMC,FR7-4,Sucrose,JAULA8,FR7-4__S03,marker_cfos,ARC,RIGHT_ACQUISITION,POMC|FR7-4__S03|ARC|RIGHT_ACQUISITION|marker_cfos,True,43.0,7.0,43,7,40,True,estimable,7,6.511627906976744,1.075,43,7,149,6,2.0,6.0,4.632547073288007,0.8571428571428571,0.6617924390411439,0.1953504181017132,3,True,True
POMC,FR7-4,Sucrose,JAULA8,FR7-4__S04,marker_cfos,ARC,LEFT_ACQUISITION,POMC|FR7-4__S04|ARC|LEFT_ACQUISITION|marker_cfos,True,48.0,11.0,48,11,43,True,estimable,8,9.854166666666666,0.8118393234672305,48,11,160,6,3.0,10.0,8.611096019779374,0.9090909090909092,0.782826910889034,0.126263998201875,6,True,True
POMC,FR7-4,Sucrose,JAULA8,FR7-4__S04,marker_cfos,ARC,RIGHT_ACQUISITION,POMC|FR7-4__S04|ARC|RIGHT_ACQUISITION|marker_cfos,True,42.0,9.0,42,9,41,True,estimable,9,8.785714285714286,1.024390243902439,42,9,150,6,1.0,8.0,7.133488379165307,0.8888888888888888,0.7926098199072563,0.0962790689816325,8,True,True
POMC,FR7-4,Sucrose,JAULA8,FR7-4__S05,marker_cfos,ARC,LEFT_ACQUISITION,POMC|FR7-4__S05|ARC|LEFT_ACQUISITION|marker_cfos,True,40.0,7.0,40,7,38,True,estimable,7,6.65,1.0526315789473684,40,7,140,6,3.0,7.0,4.874386705114196,1.0,0.6963409578734565,0.3036590421265434,3,True,True
POMC,FR7-4,Sucrose,JAULA8,FR7-4__S05,marker_cfos,ARC,RIGHT_ACQUISITION,POMC|FR7-4__S05|ARC|RIGHT_ACQUISITION|marker_cfos,True,33.0,1.0,33,1,32,True,estimable,1,0.9696969696969696,1.03125,33,1,118,6,0.0,0.0,0.0,0.0,0.0,,0,True,True
POMC,FR7-4,Sucrose,JAULA8,FR7-4__S01,marker_cfos,ME,LEFT_ACQUISITION,POMC|FR7-4__S01|ME|LEFT_ACQUISITION|marker_cfos,True,0.0,0.0,0,0,0,False,fewer_than_five_marker_anchors,0,0.0,,0,0,0,0,0.0,0.0,0.0,,,,0,True,True
POMC,FR7-4,Sucrose,JAULA8,FR7-4__S01,marker_cfos,ME,RIGHT_ACQUISITION,POMC|FR7-4__S01|ME|RIGHT_ACQUISITION|marker_cfos,True,0.0,0.0,0,0,0,False,fewer_than_five_marker_anchors,0,0.0,,0,0,0,0,0.0,0.0,0.0,,,,0,True,True
POMC,FR7-4,Sucrose,JAULA8,FR7-4__S02,marker_cfos,ME,LEFT_ACQUISITION,POMC|FR7-4__S02|ME|LEFT_ACQUISITION|marker_cfos,True,0.0,0.0,0,0,0,False,fewer_than_five_marker_anchors,0,0.0,,0,0,0,0,0.0,0.0,0.0,,,,0,True,True
POMC,FR7-4,Sucrose,JAULA8,FR7-4__S02,marker_cfos,ME,RIGHT_ACQUISITION,POMC|FR7-4__S02|ME|RIGHT_ACQUISITION|marker_cfos,True,0.0,0.0,0,0,0,False,fewer_than_five_marker_anchors,0,0.0,,0,0,0,0,0.0,0.0,0.0,,,,0,True,True
POMC,FR7-4,Sucrose,JAULA8,FR7-4__S03,marker_cfos,ME,LEFT_ACQUISITION,POMC|FR7-4__S03|ME|LEFT_ACQUISITION|marker_cfos,True,0.0,0.0,0,0,0,False,fewer_than_five_marker_anchors,0,0.0,,0,0,0,0,0.0,0.0,0.0,,,,0,True,True
POMC,FR7-4,Sucrose,JAULA8,FR7-4__S03,marker_cfos,ME,RIGHT_ACQUISITION,POMC|FR7-4__S03|ME|RIGHT_ACQUISITION|marker_cfos,True,0.0,0.0,0,0,0,False,fewer_than_five_marker_anchors,0,0.0,,0,0,0,0,0.0,0.0,0.0,,,,0,True,True
POMC,FR7-4,Sucrose,JAULA8,FR7-4__S04,marker_cfos,ME,LEFT_ACQUISITION,POMC|FR7-4__S04|ME|LEFT_ACQUISITION|marker_cfos,True,0.0,0.0,0,0,0,False,fewer_than_five_marker_anchors,0,0.0,,0,0,0,0,0.0,0.0,0.0,,,,0,True,True
POMC,FR7-4,Sucrose,JAULA8,FR7-4__S04,marker_cfos,ME,RIGHT_ACQUISITION,POMC|FR7-4__S04|ME|RIGHT_ACQUISITION|marker_cfos,True,0.0,0.0,0,0,0,False,fewer_than_five_marker_anchors,0,0.0,,0,0,0,0,0.0,0.0,0.0,,,,0,True,True
POMC,FR7-4,Sucrose,JAULA8,FR7-4__S05,marker_cfos,ME,LEFT_ACQUISITION,POMC|FR7-4__S05|ME|LEFT_ACQUISITION|marker_cfos,True,4.0,2.0,0,0,0,False,fewer_than_five_marker_anchors,0,0.0,,4,2,6,3,1.0,2.0,2.0,1.0,1.0,0.0,2,True,True
POMC,FR7-4,Sucrose,JAULA8,FR7-4__S05,marker_cfos,ME,RIGHT_ACQUISITION,POMC|FR7-4__S05|ME|RIGHT_ACQUISITION|marker_cfos,True,0.0,0.0,0,0,0,False,fewer_than_five_marker_anchors,0,0.0,,0,0,0,0,0.0,0.0,0.0,,,,0,True,True
POMC,FR8-1,Allulose,JAULA3,FR8-1(R)__S01,marker_cfos,ARC,LEFT_ACQUISITION,POMC|FR8-1(R)__S01|ARC|LEFT_ACQUISITION|marker_cfos,True,43.0,10.0,43,10,39,True,estimable,9,9.069767441860463,0.9923076923076924,43,10,143,6,2.0,8.0,7.921718724694876,0.8,0.7921718724694876,0.0078281275305124,6,True,True
POMC,FR8-1,Allulose,JAULA3,FR8-1(R)__S01,marker_cfos,ARC,RIGHT_ACQUISITION,POMC|FR8-1(R)__S01|ARC|RIGHT_ACQUISITION|marker_cfos,True,42.0,12.0,42,12,39,True,estimable,12,11.142857142857142,1.0769230769230769,42,12,146,6,3.0,11.0,10.732110399898684,0.9166666666666666,0.8943425333248904,0.0223241333417762,6,True,True
POMC,FR8-1,Allulose,JAULA3,FR8-1(R)__S02,marker_cfos,ARC,LEFT_ACQUISITION,POMC|FR8-1(R)__S02|ARC|LEFT_ACQUISITION|marker_cfos,True,55.0,12.0,55,12,51,True,estimable,12,11.127272727272729,1.0784313725490196,55,12,197,6,1.0,10.0,9.648053604691391,0.8333333333333334,0.8040044670576161,0.0293288662757172,10,True,True
POMC,FR8-1,Allulose,JAULA3,FR8-1(R)__S02,marker_cfos,ARC,RIGHT_ACQUISITION,POMC|FR8-1(R)__S02|ARC|RIGHT_ACQUISITION|marker_cfos,True,36.0,10.0,36,10,34,True,estimable,10,9.444444444444445,1.0588235294117647,36,10,109,6,4.0,10.0,8.161076550708797,1.0,0.8161076550708797,0.1838923449291202,3,True,True
POMC,FR8-1,Allulose,JAULA3,FR8-1(R)__S03,marker_cfos,ARC,LEFT_ACQUISITION,POMC|FR8-1(R)__S03|ARC|LEFT_ACQUISITION|marker_cfos,True,65.0,8.0,65,8,62,True,estimable,7,7.630769230769231,0.9173387096774192,65,8,228,6,1.0,3.0,4.534750766890714,0.375,0.5668438458613393,-0.1918438458613393,3,True,True
POMC,FR8-1,Allulose,JAULA3,FR8-1(R)__S03,marker_cfos,ARC,RIGHT_ACQUISITION,POMC|FR8-1(R)__S03|ARC|RIGHT_ACQUISITION|marker_cfos,True,51.0,12.0,51,12,45,True,estimable,11,10.588235294117649,1.038888888888889,51,12,177,6,3.0,10.0,9.803569044417625,0.8333333333333334,0.8169640870348021,0.0163692462985312,4,True,True
POMC,FR8-1,Allulose,JAULA3,FR8-1(R)__S04,marker_cfos,ARC,LEFT_ACQUISITION,POMC|FR8-1(R)__S04|ARC|LEFT_ACQUISITION|marker_cfos,True,32.0,3.0,32,3,32,True,estimable,3,3.0,1.0,32,3,77,6,1.0,2.0,0.8667338709677597,0.6666666666666666,0.2889112903225865,0.3777553763440801,2,True,True
POMC,FR8-1,Allulose,JAULA3,FR8-1(R)__S04,marker_cfos,ARC,RIGHT_ACQUISITION,POMC|FR8-1(R)__S04|ARC|RIGHT_ACQUISITION|marker_cfos,True,27.0,6.0,27,6,26,True,estimable,5,5.777777777777778,0.8653846153846154,27,6,74,6,1.0,2.0,4.229718590588158,0.3333333333333333,0.7049530984313597,-0.3716197650980263,2,True,True
POMC,FR8-1,Allulose,JAULA3,FR8-1(R)__S01,marker_cfos,ME,LEFT_ACQUISITION,POMC|FR8-1(R)__S01|ME|LEFT_ACQUISITION|marker_cfos,True,0.0,0.0,0,0,0,False,fewer_than_five_marker_anchors,0,0.0,,0,0,0,0,0.0,0.0,0.0,,,,0,True,True
POMC,FR8-1,Allulose,JAULA3,FR8-1(R)__S01,marker_cfos,ME,RIGHT_ACQUISITION,POMC|FR8-1(R)__S01|ME|RIGHT_ACQUISITION|marker_cfos,True,7.0,2.0,7,2,7,True,estimable,2,2.0,1.0,7,2,21,6,1.0,2.0,2.0,1.0,1.0,0.0,2,True,True
POMC,FR8-1,Allulose,JAULA3,FR8-1(R)__S02,marker_cfos,ME,LEFT_ACQUISITION,POMC|FR8-1(R)__S02|ME|LEFT_ACQUISITION|marker_cfos,True,0.0,0.0,0,0,0,False,fewer_than_five_marker_anchors,0,0.0,,0,0,0,0,0.0,0.0,0.0,,,,0,True,True
POMC,FR8-1,Allulose,JAULA3,FR8-1(R)__S02,marker_cfos,ME,RIGHT_ACQUISITION,POMC|FR8-1(R)__S02|ME|RIGHT_ACQUISITION|marker_cfos,True,0.0,0.0,0,0,0,False,fewer_than_five_marker_anchors,0,0.0,,0,0,0,0,0.0,0.0,0.0,,,,0,True,True
POMC,FR8-1,Allulose,JAULA3,FR8-1(R)__S03,marker_cfos,ME,LEFT_ACQUISITION,POMC|FR8-1(R)__S03|ME|LEFT_ACQUISITION|marker_cfos,True,0.0,0.0,0,0,0,False,fewer_than_five_marker_anchors,0,0.0,,0,0,0,0,0.0,0.0,0.0,,,,0,True,True
POMC,FR8-1,Allulose,JAULA3,FR8-1(R)__S03,marker_cfos,ME,RIGHT_ACQUISITION,POMC|FR8-1(R)__S03|ME|RIGHT_ACQUISITION|marker_cfos,True,0.0,0.0,0,0,0,False,fewer_than_five_marker_anchors,0,0.0,,0,0,0,0,0.0,0.0,0.0,,,,0,True,True
POMC,FR8-1,Allulose,JAULA3,FR8-1(R)__S04,marker_cfos,ME,SIDE_1,POMC|FR8-1(R)__S04|ME|SIDE_1|marker_cfos,True,0.0,0.0,0,0,0,False,fewer_than_five_marker_anchors,0,0.0,,0,0,0,0,0.0,0.0,0.0,,,,0,True,True
POMC,FR8-3,Allulose,JAULA5,FR8-3__S01,marker_cfos,ARC,LEFT_ACQUISITION,POMC|FR8-3__S01|ARC|LEFT_ACQUISITION|marker_cfos,True,32.0,7.0,32,7,32,True,estimable,7,7.0,1.0,32,7,98,6,2.0,5.0,5.0381002633505485,0.7142857142857143,0.7197286090500784,-0.005442894764364,3,True,True
POMC,FR8-3,Allulose,JAULA5,FR8-3__S01,marker_cfos,ARC,RIGHT_ACQUISITION,POMC|FR8-3__S01|ARC|RIGHT_ACQUISITION|marker_cfos,True,27.0,10.0,27,10,27,True,estimable,10,10.0,1.0,27,10,79,6,1.0,8.0,8.917112804984658,0.8,0.8917112804984658,-0.0917112804984658,8,True,True
POMC,FR8-3,Allulose,JAULA5,FR8-3__S02,marker_cfos,ARC,LEFT_ACQUISITION,POMC|FR8-3__S02|ARC|LEFT_ACQUISITION|marker_cfos,True,33.0,9.0,33,9,30,True,estimable,8,8.181818181818182,0.9777777777777776,33,9,92,6,3.0,8.0,6.924649118030645,0.8888888888888888,0.7694054575589606,0.1194834313299283,4,True,True
POMC,FR8-3,Allulose,JAULA5,FR8-3__S02,marker_cfos,ARC,RIGHT_ACQUISITION,POMC|FR8-3__S02|ARC|RIGHT_ACQUISITION|marker_cfos,True,35.0,9.0,35,9,35,True,estimable,9,9.0,1.0,35,9,121,6,1.0,7.0,7.483252548668358,0.7777777777777778,0.8314725054075953,-0.0536947276298175,7,True,True
POMC,FR8-3,Allulose,JAULA5,FR8-3__S03,marker_cfos,ARC,LEFT_ACQUISITION,POMC|FR8-3__S03|ARC|LEFT_ACQUISITION|marker_cfos,True,44.0,17.0,44,17,43,True,estimable,17,16.613636363636363,1.0232558139534884,44,17,147,6,4.0,17.0,15.883756402146735,1.0,0.9343386118909844,0.0656613881090155,6,True,True
POMC,FR8-3,Allulose,JAULA5,FR8-3__S03,marker_cfos,ARC,RIGHT_ACQUISITION,POMC|FR8-3__S03|ARC|RIGHT_ACQUISITION|marker_cfos,True,49.0,13.0,49,13,45,True,estimable,11,11.93877551020408,0.9213675213675214,49,13,158,6,2.0,10.0,10.604018420802676,0.7692307692307693,0.815693724677129,-0.0464629554463597,6,True,True
POMC,FR8-3,Allulose,JAULA5,FR8-3__S04,marker_cfos,ARC,LEFT_ACQUISITION,POMC|FR8-3__S04|ARC|LEFT_ACQUISITION|marker_cfos,True,46.0,11.0,46,11,44,True,estimable,11,10.521739130434783,1.0454545454545454,46,11,153,6,2.0,7.0,8.921445765769372,0.6363636363636364,0.8110405241608519,-0.1746768877972156,4,True,True
POMC,FR8-3,Allulose,JAULA5,FR8-3__S04,marker_cfos,ARC,RIGHT_ACQUISITION,POMC|FR8-3__S04|ARC|RIGHT_ACQUISITION|marker_cfos,True,36.0,10.0,36,10,35,True,estimable,10,9.72222222222222,1.0285714285714287,36,10,123,6,3.0,9.0,8.539612823253135,0.9,0.8539612823253135,0.0460387176746865,4,True,True
POMC,FR8-3,Allulose,JAULA5,FR8-3__S05,marker_cfos,ARC,LEFT_ACQUISITION,POMC|FR8-3__S05|ARC|LEFT_ACQUISITION|marker_cfos,True,28.0,8.0,28,8,27,True,estimable,8,7.714285714285714,1.037037037037037,28,8,85,6,3.0,7.0,6.700935457457187,0.875,0.8376169321821484,0.0373830678178516,3,True,True
POMC,FR8-3,Allulose,JAULA5,FR8-3__S05,marker_cfos,ARC,RIGHT_ACQUISITION,POMC|FR8-3__S05|ARC|RIGHT_ACQUISITION|marker_cfos,True,38.0,8.0,38,8,36,True,estimable,8,7.578947368421052,1.0555555555555556,38,8,119,6,1.0,2.0,5.837303520165751,0.25,0.7296629400207189,-0.4796629400207188,2,True,True
POMC,FR8-3,Allulose,JAULA5,FR8-3__S01,marker_cfos,ME,SIDE_1,POMC|FR8-3__S01|ME|SIDE_1|marker_cfos,True,0.0,0.0,0,0,0,False,fewer_than_five_marker_anchors,0,0.0,,0,0,0,0,0.0,0.0,0.0,,,,0,True,True
POMC,FR8-3,Allulose,JAULA5,FR8-3__S02,marker_cfos,ME,LEFT_ACQUISITION,POMC|FR8-3__S02|ME|LEFT_ACQUISITION|marker_cfos,True,0.0,0.0,0,0,0,False,fewer_than_five_marker_anchors,0,0.0,,0,0,0,0,0.0,0.0,0.0,,,,0,True,True
POMC,FR8-3,Allulose,JAULA5,FR8-3__S02,marker_cfos,ME,RIGHT_ACQUISITION,POMC|FR8-3__S02|ME|RIGHT_ACQUISITION|marker_cfos,True,0.0,0.0,0,0,0,False,fewer_than_five_marker_anchors,0,0.0,,0,0,0,0,0.0,0.0,0.0,,,,0,True,True
POMC,FR8-3,Allulose,JAULA5,FR8-3__S03,marker_cfos,ME,SIDE_1,POMC|FR8-3__S03|ME|SIDE_1|marker_cfos,True,0.0,0.0,0,0,0,False,fewer_than_five_marker_anchors,0,0.0,,0,0,0,0,0.0,0.0,0.0,,,,0,True,True
POMC,FR8-3,Allulose,JAULA5,FR8-3__S04,marker_cfos,ME,SIDE_1,POMC|FR8-3__S04|ME|SIDE_1|marker_cfos,True,0.0,0.0,0,0,0,False,fewer_than_five_marker_anchors,0,0.0,,0,0,0,0,0.0,0.0,0.0,,,,0,True,True
POMC,FR8-3,Allulose,JAULA5,FR8-3__S05,marker_cfos,ME,SIDE_1,POMC|FR8-3__S05|ME|SIDE_1|marker_cfos,True,0.0,0.0,0,0,0,False,fewer_than_five_marker_anchors,0,0.0,,0,0,0,0,0.0,0.0,0.0,,,,0,True,True
