endpoint,endpoint_label,labeling_index,water_animals,sucrose_animals,allulose_animals,dispersion_f,water_mean_distance,sucrose_mean_distance,allulose_mean_distance,is_observed_allocation,is_as_or_more_extreme,permutation_unit
cfos_occurrence,Ocurrencia espacial de núcleos c-FOS positivos / núcleos DAPI,1,WATER_NPY1;WATER_NPY2;WATER_NPY3,E7_FR7-1;E7_FR7-5;E9_FR8-1,E8_FR6-1;E8_FR6-3;E8_FR6-4,4.71416619668,0.189273632795,0.06113494281,0.0940001390035,True,True,biological animal
cfos_occurrence,Ocurrencia espacial de núcleos c-FOS positivos / núcleos DAPI,2,WATER_NPY1;WATER_NPY2;WATER_NPY3,E7_FR7-1;E7_FR7-5;E8_FR6-1,E9_FR8-1;E8_FR6-3;E8_FR6-4,0.546702134739,0.189273632795,0.126925372434,0.183562577946,False,False,biological animal
cfos_occurrence,Ocurrencia espacial de núcleos c-FOS positivos / núcleos DAPI,3,WATER_NPY1;WATER_NPY2;WATER_NPY3,E7_FR7-1;E7_FR7-5;E8_FR6-3,E9_FR8-1;E8_FR6-1;E8_FR6-4,0.812554029567,0.189273632795,0.12088188552,0.191342895355,False,False,biological animal
cfos_occurrence,Ocurrencia espacial de núcleos c-FOS positivos / núcleos DAPI,4,WATER_NPY1;WATER_NPY2;WATER_NPY3,E7_FR7-1;E7_FR7-5;E8_FR6-4,E9_FR8-1;E8_FR6-1;E8_FR6-3,0.343886294508,0.189273632795,0.18959245673,0.142625398728,False,False,biological animal
cfos_occurrence,Ocurrencia espacial de núcleos c-FOS positivos / núcleos DAPI,5,WATER_NPY1;WATER_NPY2;WATER_NPY3,E7_FR7-1;E9_FR8-1;E8_FR6-1,E7_FR7-5;E8_FR6-3;E8_FR6-4,0.388363881381,0.189273632795,0.142871381155,0.14658594897,False,False,biological animal
cfos_occurrence,Ocurrencia espacial de núcleos c-FOS positivos / núcleos DAPI,6,WATER_NPY1;WATER_NPY2;WATER_NPY3,E7_FR7-1;E9_FR8-1;E8_FR6-3,E7_FR7-5;E8_FR6-1;E8_FR6-4,0.452310262679,0.189273632795,0.137886924537,0.154106710722,False,False,biological animal
cfos_occurrence,Ocurrencia espacial de núcleos c-FOS positivos / núcleos DAPI,7,WATER_NPY1;WATER_NPY2;WATER_NPY3,E7_FR7-1;E9_FR8-1;E8_FR6-4,E7_FR7-5;E8_FR6-1;E8_FR6-3,1.86229820705,0.189273632795,0.213023460701,0.102106846054,False,False,biological animal
cfos_occurrence,Ocurrencia espacial de núcleos c-FOS positivos / núcleos DAPI,8,WATER_NPY1;WATER_NPY2;WATER_NPY3,E7_FR7-1;E8_FR6-1;E8_FR6-3,E7_FR7-5;E9_FR8-1;E8_FR6-4,0.472972817085,0.189273632795,0.135112165602,0.190166664278,False,False,biological animal
cfos_occurrence,Ocurrencia espacial de núcleos c-FOS positivos / núcleos DAPI,9,WATER_NPY1;WATER_NPY2;WATER_NPY3,E7_FR7-1;E8_FR6-1;E8_FR6-4,E7_FR7-5;E9_FR8-1;E8_FR6-3,0.626876342332,0.189273632795,0.184102836073,0.122495409459,False,False,biological animal
cfos_occurrence,Ocurrencia espacial de núcleos c-FOS positivos / núcleos DAPI,10,WATER_NPY1;WATER_NPY2;WATER_NPY3,E7_FR7-1;E8_FR6-3;E8_FR6-4,E7_FR7-5;E9_FR8-1;E8_FR6-1,0.417641001857,0.189273632795,0.178587431646,0.129816827847,False,False,biological animal
cfos_occurrence,Ocurrencia espacial de núcleos c-FOS positivos / núcleos DAPI,11,WATER_NPY1;WATER_NPY2;WATER_NPY3,E7_FR7-5;E9_FR8-1;E8_FR6-1,E7_FR7-1;E8_FR6-3;E8_FR6-4,0.417641001857,0.189273632795,0.129816827847,0.178587431646,False,False,biological animal
cfos_occurrence,Ocurrencia espacial de núcleos c-FOS positivos / núcleos DAPI,12,WATER_NPY1;WATER_NPY2;WATER_NPY3,E7_FR7-5;E9_FR8-1;E8_FR6-3,E7_FR7-1;E8_FR6-1;E8_FR6-4,0.626876342332,0.189273632795,0.122495409459,0.184102836073,False,False,biological animal
cfos_occurrence,Ocurrencia espacial de núcleos c-FOS positivos / núcleos DAPI,13,WATER_NPY1;WATER_NPY2;WATER_NPY3,E7_FR7-5;E9_FR8-1;E8_FR6-4,E7_FR7-1;E8_FR6-1;E8_FR6-3,0.472972817085,0.189273632795,0.190166664278,0.135112165602,False,False,biological animal
cfos_occurrence,Ocurrencia espacial de núcleos c-FOS positivos / núcleos DAPI,14,WATER_NPY1;WATER_NPY2;WATER_NPY3,E7_FR7-5;E8_FR6-1;E8_FR6-3,E7_FR7-1;E9_FR8-1;E8_FR6-4,1.86229820705,0.189273632795,0.102106846054,0.213023460701,False,False,biological animal
cfos_occurrence,Ocurrencia espacial de núcleos c-FOS positivos / núcleos DAPI,15,WATER_NPY1;WATER_NPY2;WATER_NPY3,E7_FR7-5;E8_FR6-1;E8_FR6-4,E7_FR7-1;E9_FR8-1;E8_FR6-3,0.452310262679,0.189273632795,0.154106710722,0.137886924537,False,False,biological animal
cfos_occurrence,Ocurrencia espacial de núcleos c-FOS positivos / núcleos DAPI,16,WATER_NPY1;WATER_NPY2;WATER_NPY3,E7_FR7-5;E8_FR6-3;E8_FR6-4,E7_FR7-1;E9_FR8-1;E8_FR6-1,0.388363881381,0.189273632795,0.14658594897,0.142871381155,False,False,biological animal
cfos_occurrence,Ocurrencia espacial de núcleos c-FOS positivos / núcleos DAPI,17,WATER_NPY1;WATER_NPY2;WATER_NPY3,E9_FR8-1;E8_FR6-1;E8_FR6-3,E7_FR7-1;E7_FR7-5;E8_FR6-4,0.343886294508,0.189273632795,0.142625398728,0.18959245673,False,False,biological animal
cfos_occurrence,Ocurrencia espacial de núcleos c-FOS positivos / núcleos DAPI,18,WATER_NPY1;WATER_NPY2;WATER_NPY3,E9_FR8-1;E8_FR6-1;E8_FR6-4,E7_FR7-1;E7_FR7-5;E8_FR6-3,0.812554029567,0.189273632795,0.191342895355,0.12088188552,False,False,biological animal
cfos_occurrence,Ocurrencia espacial de núcleos c-FOS positivos / núcleos DAPI,19,WATER_NPY1;WATER_NPY2;WATER_NPY3,E9_FR8-1;E8_FR6-3;E8_FR6-4,E7_FR7-1;E7_FR7-5;E8_FR6-1,0.546702134739,0.189273632795,0.183562577946,0.126925372434,False,False,biological animal
cfos_occurrence,Ocurrencia espacial de núcleos c-FOS positivos / núcleos DAPI,20,WATER_NPY1;WATER_NPY2;WATER_NPY3,E8_FR6-1;E8_FR6-3;E8_FR6-4,E7_FR7-1;E7_FR7-5;E9_FR8-1,4.71416619668,0.189273632795,0.0940001390035,0.06113494281,False,True,biological animal
cfos_occurrence,Ocurrencia espacial de núcleos c-FOS positivos / núcleos DAPI,21,WATER_NPY1;WATER_NPY2;E7_FR7-1,WATER_NPY3;E7_FR7-5;E9_FR8-1,E8_FR6-1;E8_FR6-3;E8_FR6-4,5.0344841391,0.187727396435,0.0707104698796,0.0940001390035,False,True,biological animal
cfos_occurrence,Ocurrencia espacial de núcleos c-FOS positivos / núcleos DAPI,22,WATER_NPY1;WATER_NPY2;E7_FR7-1,WATER_NPY3;E7_FR7-5;E8_FR6-1,E9_FR8-1;E8_FR6-3;E8_FR6-4,0.424770502261,0.187727396435,0.131679683057,0.183562577946,False,False,biological animal
cfos_occurrence,Ocurrencia espacial de núcleos c-FOS positivos / núcleos DAPI,23,WATER_NPY1;WATER_NPY2;E7_FR7-1,WATER_NPY3;E7_FR7-5;E8_FR6-3,E9_FR8-1;E8_FR6-1;E8_FR6-4,0.727669713531,0.187727396435,0.123850801143,0.191342895355,False,False,biological animal
cfos_occurrence,Ocurrencia espacial de núcleos c-FOS positivos / núcleos DAPI,24,WATER_NPY1;WATER_NPY2;E7_FR7-1,WATER_NPY3;E7_FR7-5;E8_FR6-4,E9_FR8-1;E8_FR6-1;E8_FR6-3,0.375772864864,0.187727396435,0.188229081385,0.142625398728,False,False,biological animal
cfos_occurrence,Ocurrencia espacial de núcleos c-FOS positivos / núcleos DAPI,25,WATER_NPY1;WATER_NPY2;E7_FR7-1,WATER_NPY3;E9_FR8-1;E8_FR6-1,E7_FR7-5;E8_FR6-3;E8_FR6-4,0.304145559064,0.187727396435,0.156345004239,0.14658594897,False,False,biological animal
cfos_occurrence,Ocurrencia espacial de núcleos c-FOS positivos / núcleos DAPI,26,WATER_NPY1;WATER_NPY2;E7_FR7-1,WATER_NPY3;E9_FR8-1;E8_FR6-3,E7_FR7-5;E8_FR6-1;E8_FR6-4,0.34703887318,0.187727396435,0.148034243925,0.154106710722,False,False,biological animal
cfos_occurrence,Ocurrencia espacial de núcleos c-FOS positivos / núcleos DAPI,27,WATER_NPY1;WATER_NPY2;E7_FR7-1,WATER_NPY3;E9_FR8-1;E8_FR6-4,E7_FR7-5;E8_FR6-1;E8_FR6-3,2.16330799004,0.187727396435,0.213419517422,0.102106846054,False,False,biological animal
cfos_occurrence,Ocurrencia espacial de núcleos c-FOS positivos / núcleos DAPI,28,WATER_NPY1;WATER_NPY2;E7_FR7-1,WATER_NPY3;E8_FR6-1;E8_FR6-3,E7_FR7-5;E9_FR8-1;E8_FR6-4,0.268724986489,0.187727396435,0.148417989643,0.190166664278,False,False,biological animal
cfos_occurrence,Ocurrencia espacial de núcleos c-FOS positivos / núcleos DAPI,29,WATER_NPY1;WATER_NPY2;E7_FR7-1,WATER_NPY3;E8_FR6-1;E8_FR6-4,E7_FR7-5;E9_FR8-1;E8_FR6-3,0.951271612193,0.187727396435,0.19390681198,0.122495409459,False,False,biological animal
cfos_occurrence,Ocurrencia espacial de núcleos c-FOS positivos / núcleos DAPI,30,WATER_NPY1;WATER_NPY2;E7_FR7-1,WATER_NPY3;E8_FR6-3;E8_FR6-4,E7_FR7-5;E9_FR8-1;E8_FR6-1,0.580096538684,0.187727396435,0.185366063715,0.129816827847,False,False,biological animal
cfos_occurrence,Ocurrencia espacial de núcleos c-FOS positivos / núcleos DAPI,31,WATER_NPY1;WATER_NPY2;E7_FR7-1,E7_FR7-5;E9_FR8-1;E8_FR6-1,WATER_NPY3;E8_FR6-3;E8_FR6-4,0.580096538684,0.187727396435,0.129816827847,0.185366063715,False,False,biological animal
cfos_occurrence,Ocurrencia espacial de núcleos c-FOS positivos / núcleos DAPI,32,WATER_NPY1;WATER_NPY2;E7_FR7-1,E7_FR7-5;E9_FR8-1;E8_FR6-3,WATER_NPY3;E8_FR6-1;E8_FR6-4,0.951271612193,0.187727396435,0.122495409459,0.19390681198,False,False,biological animal
cfos_occurrence,Ocurrencia espacial de núcleos c-FOS positivos / núcleos DAPI,33,WATER_NPY1;WATER_NPY2;E7_FR7-1,E7_FR7-5;E9_FR8-1;E8_FR6-4,WATER_NPY3;E8_FR6-1;E8_FR6-3,0.268724986489,0.187727396435,0.190166664278,0.148417989643,False,False,biological animal
cfos_occurrence,Ocurrencia espacial de núcleos c-FOS positivos / núcleos DAPI,34,WATER_NPY1;WATER_NPY2;E7_FR7-1,E7_FR7-5;E8_FR6-1;E8_FR6-3,WATER_NPY3;E9_FR8-1;E8_FR6-4,2.16330799004,0.187727396435,0.102106846054,0.213419517422,False,False,biological animal
cfos_occurrence,Ocurrencia espacial de núcleos c-FOS positivos / núcleos DAPI,35,WATER_NPY1;WATER_NPY2;E7_FR7-1,E7_FR7-5;E8_FR6-1;E8_FR6-4,WATER_NPY3;E9_FR8-1;E8_FR6-3,0.34703887318,0.187727396435,0.154106710722,0.148034243925,False,False,biological animal
cfos_occurrence,Ocurrencia espacial de núcleos c-FOS positivos / núcleos DAPI,36,WATER_NPY1;WATER_NPY2;E7_FR7-1,E7_FR7-5;E8_FR6-3;E8_FR6-4,WATER_NPY3;E9_FR8-1;E8_FR6-1,0.304145559064,0.187727396435,0.14658594897,0.156345004239,False,False,biological animal
cfos_occurrence,Ocurrencia espacial de núcleos c-FOS positivos / núcleos DAPI,37,WATER_NPY1;WATER_NPY2;E7_FR7-1,E9_FR8-1;E8_FR6-1;E8_FR6-3,WATER_NPY3;E7_FR7-5;E8_FR6-4,0.375772864864,0.187727396435,0.142625398728,0.188229081385,False,False,biological animal
cfos_occurrence,Ocurrencia espacial de núcleos c-FOS positivos / núcleos DAPI,38,WATER_NPY1;WATER_NPY2;E7_FR7-1,E9_FR8-1;E8_FR6-1;E8_FR6-4,WATER_NPY3;E7_FR7-5;E8_FR6-3,0.727669713531,0.187727396435,0.191342895355,0.123850801143,False,False,biological animal
cfos_occurrence,Ocurrencia espacial de núcleos c-FOS positivos / núcleos DAPI,39,WATER_NPY1;WATER_NPY2;E7_FR7-1,E9_FR8-1;E8_FR6-3;E8_FR6-4,WATER_NPY3;E7_FR7-5;E8_FR6-1,0.424770502261,0.187727396435,0.183562577946,0.131679683057,False,False,biological animal
cfos_occurrence,Ocurrencia espacial de núcleos c-FOS positivos / núcleos DAPI,40,WATER_NPY1;WATER_NPY2;E7_FR7-1,E8_FR6-1;E8_FR6-3;E8_FR6-4,WATER_NPY3;E7_FR7-5;E9_FR8-1,5.0344841391,0.187727396435,0.0940001390035,0.0707104698796,False,True,biological animal
cfos_occurrence,Ocurrencia espacial de núcleos c-FOS positivos / núcleos DAPI,41,WATER_NPY1;WATER_NPY2;E7_FR7-5,WATER_NPY3;E7_FR7-1;E9_FR8-1,E8_FR6-1;E8_FR6-3;E8_FR6-4,3.3103743841,0.149674721509,0.0650726600127,0.0940001390035,False,False,biological animal
cfos_occurrence,Ocurrencia espacial de núcleos c-FOS positivos / núcleos DAPI,42,WATER_NPY1;WATER_NPY2;E7_FR7-5,WATER_NPY3;E7_FR7-1;E8_FR6-1,E9_FR8-1;E8_FR6-3;E8_FR6-4,0.192201611456,0.149674721509,0.154141285542,0.183562577946,False,False,biological animal
cfos_occurrence,Ocurrencia espacial de núcleos c-FOS positivos / núcleos DAPI,43,WATER_NPY1;WATER_NPY2;E7_FR7-5,WATER_NPY3;E7_FR7-1;E8_FR6-3,E9_FR8-1;E8_FR6-1;E8_FR6-4,0.404239912471,0.149674721509,0.148088957748,0.191342895355,False,False,biological animal
cfos_occurrence,Ocurrencia espacial de núcleos c-FOS positivos / núcleos DAPI,44,WATER_NPY1;WATER_NPY2;E7_FR7-5,WATER_NPY3;E7_FR7-1;E8_FR6-4,E9_FR8-1;E8_FR6-1;E8_FR6-3,1.07563371733,0.149674721509,0.214831538443,0.142625398728,False,False,biological animal
cfos_occurrence,Ocurrencia espacial de núcleos c-FOS positivos / núcleos DAPI,45,WATER_NPY1;WATER_NPY2;E7_FR7-5,WATER_NPY3;E9_FR8-1;E8_FR6-1,E7_FR7-1;E8_FR6-3;E8_FR6-4,0.120768673546,0.149674721509,0.156345004239,0.178587431646,False,False,biological animal
cfos_occurrence,Ocurrencia espacial de núcleos c-FOS positivos / núcleos DAPI,46,WATER_NPY1;WATER_NPY2;E7_FR7-5,WATER_NPY3;E9_FR8-1;E8_FR6-3,E7_FR7-1;E8_FR6-1;E8_FR6-4,0.248195209371,0.149674721509,0.148034243925,0.184102836073,False,False,biological animal
cfos_occurrence,Ocurrencia espacial de núcleos c-FOS positivos / núcleos DAPI,47,WATER_NPY1;WATER_NPY2;E7_FR7-5,WATER_NPY3;E9_FR8-1;E8_FR6-4,E7_FR7-1;E8_FR6-1;E8_FR6-3,1.1715975331,0.149674721509,0.213419517422,0.135112165602,False,False,biological animal
cfos_occurrence,Ocurrencia espacial de núcleos c-FOS positivos / núcleos DAPI,48,WATER_NPY1;WATER_NPY2;E7_FR7-5,WATER_NPY3;E8_FR6-1;E8_FR6-3,E7_FR7-1;E9_FR8-1;E8_FR6-4,0.81100537035,0.149674721509,0.148417989643,0.213023460701,False,False,biological animal
cfos_occurrence,Ocurrencia espacial de núcleos c-FOS positivos / núcleos DAPI,49,WATER_NPY1;WATER_NPY2;E7_FR7-5,WATER_NPY3;E8_FR6-1;E8_FR6-4,E7_FR7-1;E9_FR8-1;E8_FR6-3,0.658988900782,0.149674721509,0.19390681198,0.137886924537,False,False,biological animal
cfos_occurrence,Ocurrencia espacial de núcleos c-FOS positivos / núcleos DAPI,50,WATER_NPY1;WATER_NPY2;E7_FR7-5,WATER_NPY3;E8_FR6-3;E8_FR6-4,E7_FR7-1;E9_FR8-1;E8_FR6-1,0.339073281487,0.149674721509,0.185366063715,0.142871381155,False,False,biological animal
cfos_occurrence,Ocurrencia espacial de núcleos c-FOS positivos / núcleos DAPI,51,WATER_NPY1;WATER_NPY2;E7_FR7-5,E7_FR7-1;E9_FR8-1;E8_FR6-1,WATER_NPY3;E8_FR6-3;E8_FR6-4,0.339073281487,0.149674721509,0.142871381155,0.185366063715,False,False,biological animal
cfos_occurrence,Ocurrencia espacial de núcleos c-FOS positivos / núcleos DAPI,52,WATER_NPY1;WATER_NPY2;E7_FR7-5,E7_FR7-1;E9_FR8-1;E8_FR6-3,WATER_NPY3;E8_FR6-1;E8_FR6-4,0.658988900782,0.149674721509,0.137886924537,0.19390681198,False,False,biological animal
cfos_occurrence,Ocurrencia espacial de núcleos c-FOS positivos / núcleos DAPI,53,WATER_NPY1;WATER_NPY2;E7_FR7-5,E7_FR7-1;E9_FR8-1;E8_FR6-4,WATER_NPY3;E8_FR6-1;E8_FR6-3,0.81100537035,0.149674721509,0.213023460701,0.148417989643,False,False,biological animal
cfos_occurrence,Ocurrencia espacial de núcleos c-FOS positivos / núcleos DAPI,54,WATER_NPY1;WATER_NPY2;E7_FR7-5,E7_FR7-1;E8_FR6-1;E8_FR6-3,WATER_NPY3;E9_FR8-1;E8_FR6-4,1.1715975331,0.149674721509,0.135112165602,0.213419517422,False,False,biological animal
cfos_occurrence,Ocurrencia espacial de núcleos c-FOS positivos / núcleos DAPI,55,WATER_NPY1;WATER_NPY2;E7_FR7-5,E7_FR7-1;E8_FR6-1;E8_FR6-4,WATER_NPY3;E9_FR8-1;E8_FR6-3,0.248195209371,0.149674721509,0.184102836073,0.148034243925,False,False,biological animal
cfos_occurrence,Ocurrencia espacial de núcleos c-FOS positivos / núcleos DAPI,56,WATER_NPY1;WATER_NPY2;E7_FR7-5,E7_FR7-1;E8_FR6-3;E8_FR6-4,WATER_NPY3;E9_FR8-1;E8_FR6-1,0.120768673546,0.149674721509,0.178587431646,0.156345004239,False,False,biological animal
cfos_occurrence,Ocurrencia espacial de núcleos c-FOS positivos / núcleos DAPI,57,WATER_NPY1;WATER_NPY2;E7_FR7-5,E9_FR8-1;E8_FR6-1;E8_FR6-3,WATER_NPY3;E7_FR7-1;E8_FR6-4,1.07563371733,0.149674721509,0.142625398728,0.214831538443,False,False,biological animal
cfos_occurrence,Ocurrencia espacial de núcleos c-FOS positivos / núcleos DAPI,58,WATER_NPY1;WATER_NPY2;E7_FR7-5,E9_FR8-1;E8_FR6-1;E8_FR6-4,WATER_NPY3;E7_FR7-1;E8_FR6-3,0.404239912471,0.149674721509,0.191342895355,0.148088957748,False,False,biological animal
cfos_occurrence,Ocurrencia espacial de núcleos c-FOS positivos / núcleos DAPI,59,WATER_NPY1;WATER_NPY2;E7_FR7-5,E9_FR8-1;E8_FR6-3;E8_FR6-4,WATER_NPY3;E7_FR7-1;E8_FR6-1,0.192201611456,0.149674721509,0.183562577946,0.154141285542,False,False,biological animal
cfos_occurrence,Ocurrencia espacial de núcleos c-FOS positivos / núcleos DAPI,60,WATER_NPY1;WATER_NPY2;E7_FR7-5,E8_FR6-1;E8_FR6-3;E8_FR6-4,WATER_NPY3;E7_FR7-1;E9_FR8-1,3.3103743841,0.149674721509,0.0940001390035,0.0650726600127,False,False,biological animal
cfos_occurrence,Ocurrencia espacial de núcleos c-FOS positivos / núcleos DAPI,61,WATER_NPY1;WATER_NPY2;E9_FR8-1,WATER_NPY3;E7_FR7-1;E7_FR7-5,E8_FR6-1;E8_FR6-3;E8_FR6-4,4.28186851249,0.187139448845,0.0744699724207,0.0940001390035,False,False,biological animal
cfos_occurrence,Ocurrencia espacial de núcleos c-FOS positivos / núcleos DAPI,62,WATER_NPY1;WATER_NPY2;E9_FR8-1,WATER_NPY3;E7_FR7-1;E8_FR6-1,E7_FR7-5;E8_FR6-3;E8_FR6-4,0.298109056285,0.187139448845,0.154141285542,0.14658594897,False,False,biological animal
cfos_occurrence,Ocurrencia espacial de núcleos c-FOS positivos / núcleos DAPI,63,WATER_NPY1;WATER_NPY2;E9_FR8-1,WATER_NPY3;E7_FR7-1;E8_FR6-3,E7_FR7-5;E8_FR6-1;E8_FR6-4,0.327095136865,0.187139448845,0.148088957748,0.154106710722,False,False,biological animal
cfos_occurrence,Ocurrencia espacial de núcleos c-FOS positivos / núcleos DAPI,64,WATER_NPY1;WATER_NPY2;E9_FR8-1,WATER_NPY3;E7_FR7-1;E8_FR6-4,E7_FR7-5;E8_FR6-1;E8_FR6-3,2.16921250196,0.187139448845,0.214831538443,0.102106846054,False,False,biological animal
cfos_occurrence,Ocurrencia espacial de núcleos c-FOS positivos / núcleos DAPI,65,WATER_NPY1;WATER_NPY2;E9_FR8-1,WATER_NPY3;E7_FR7-5;E8_FR6-1,E7_FR7-1;E8_FR6-3;E8_FR6-4,0.360895310076,0.187139448845,0.131679683057,0.178587431646,False,False,biological animal
cfos_occurrence,Ocurrencia espacial de núcleos c-FOS positivos / núcleos DAPI,66,WATER_NPY1;WATER_NPY2;E9_FR8-1,WATER_NPY3;E7_FR7-5;E8_FR6-3,E7_FR7-1;E8_FR6-1;E8_FR6-4,0.579642402506,0.187139448845,0.123850801143,0.184102836073,False,False,biological animal
cfos_occurrence,Ocurrencia espacial de núcleos c-FOS positivos / núcleos DAPI,67,WATER_NPY1;WATER_NPY2;E9_FR8-1,WATER_NPY3;E7_FR7-5;E8_FR6-4,E7_FR7-1;E8_FR6-1;E8_FR6-3,0.497493190283,0.187139448845,0.188229081385,0.135112165602,False,False,biological animal
cfos_occurrence,Ocurrencia espacial de núcleos c-FOS positivos / núcleos DAPI,68,WATER_NPY1;WATER_NPY2;E9_FR8-1,WATER_NPY3;E8_FR6-1;E8_FR6-3,E7_FR7-1;E7_FR7-5;E8_FR6-4,0.25493481784,0.187139448845,0.148417989643,0.18959245673,False,False,biological animal
cfos_occurrence,Ocurrencia espacial de núcleos c-FOS positivos / núcleos DAPI,69,WATER_NPY1;WATER_NPY2;E9_FR8-1,WATER_NPY3;E8_FR6-1;E8_FR6-4,E7_FR7-1;E7_FR7-5;E8_FR6-3,0.992826389087,0.187139448845,0.19390681198,0.12088188552,False,False,biological animal
cfos_occurrence,Ocurrencia espacial de núcleos c-FOS positivos / núcleos DAPI,70,WATER_NPY1;WATER_NPY2;E9_FR8-1,WATER_NPY3;E8_FR6-3;E8_FR6-4,E7_FR7-1;E7_FR7-5;E8_FR6-1,0.654460137972,0.187139448845,0.185366063715,0.126925372434,False,False,biological animal
cfos_occurrence,Ocurrencia espacial de núcleos c-FOS positivos / núcleos DAPI,71,WATER_NPY1;WATER_NPY2;E9_FR8-1,E7_FR7-1;E7_FR7-5;E8_FR6-1,WATER_NPY3;E8_FR6-3;E8_FR6-4,0.654460137972,0.187139448845,0.126925372434,0.185366063715,False,False,biological animal
cfos_occurrence,Ocurrencia espacial de núcleos c-FOS positivos / núcleos DAPI,72,WATER_NPY1;WATER_NPY2;E9_FR8-1,E7_FR7-1;E7_FR7-5;E8_FR6-3,WATER_NPY3;E8_FR6-1;E8_FR6-4,0.992826389087,0.187139448845,0.12088188552,0.19390681198,False,False,biological animal
cfos_occurrence,Ocurrencia espacial de núcleos c-FOS positivos / núcleos DAPI,73,WATER_NPY1;WATER_NPY2;E9_FR8-1,E7_FR7-1;E7_FR7-5;E8_FR6-4,WATER_NPY3;E8_FR6-1;E8_FR6-3,0.25493481784,0.187139448845,0.18959245673,0.148417989643,False,False,biological animal
cfos_occurrence,Ocurrencia espacial de núcleos c-FOS positivos / núcleos DAPI,74,WATER_NPY1;WATER_NPY2;E9_FR8-1,E7_FR7-1;E8_FR6-1;E8_FR6-3,WATER_NPY3;E7_FR7-5;E8_FR6-4,0.497493190283,0.187139448845,0.135112165602,0.188229081385,False,False,biological animal
cfos_occurrence,Ocurrencia espacial de núcleos c-FOS positivos / núcleos DAPI,75,WATER_NPY1;WATER_NPY2;E9_FR8-1,E7_FR7-1;E8_FR6-1;E8_FR6-4,WATER_NPY3;E7_FR7-5;E8_FR6-3,0.579642402506,0.187139448845,0.184102836073,0.123850801143,False,False,biological animal
cfos_occurrence,Ocurrencia espacial de núcleos c-FOS positivos / núcleos DAPI,76,WATER_NPY1;WATER_NPY2;E9_FR8-1,E7_FR7-1;E8_FR6-3;E8_FR6-4,WATER_NPY3;E7_FR7-5;E8_FR6-1,0.360895310076,0.187139448845,0.178587431646,0.131679683057,False,False,biological animal
cfos_occurrence,Ocurrencia espacial de núcleos c-FOS positivos / núcleos DAPI,77,WATER_NPY1;WATER_NPY2;E9_FR8-1,E7_FR7-5;E8_FR6-1;E8_FR6-3,WATER_NPY3;E7_FR7-1;E8_FR6-4,2.16921250196,0.187139448845,0.102106846054,0.214831538443,False,False,biological animal
cfos_occurrence,Ocurrencia espacial de núcleos c-FOS positivos / núcleos DAPI,78,WATER_NPY1;WATER_NPY2;E9_FR8-1,E7_FR7-5;E8_FR6-1;E8_FR6-4,WATER_NPY3;E7_FR7-1;E8_FR6-3,0.327095136865,0.187139448845,0.154106710722,0.148088957748,False,False,biological animal
cfos_occurrence,Ocurrencia espacial de núcleos c-FOS positivos / núcleos DAPI,79,WATER_NPY1;WATER_NPY2;E9_FR8-1,E7_FR7-5;E8_FR6-3;E8_FR6-4,WATER_NPY3;E7_FR7-1;E8_FR6-1,0.298109056285,0.187139448845,0.14658594897,0.154141285542,False,False,biological animal
cfos_occurrence,Ocurrencia espacial de núcleos c-FOS positivos / núcleos DAPI,80,WATER_NPY1;WATER_NPY2;E9_FR8-1,E8_FR6-1;E8_FR6-3;E8_FR6-4,WATER_NPY3;E7_FR7-1;E7_FR7-5,4.28186851249,0.187139448845,0.0940001390035,0.0744699724207,False,False,biological animal
cfos_occurrence,Ocurrencia espacial de núcleos c-FOS positivos / núcleos DAPI,81,WATER_NPY1;WATER_NPY2;E8_FR6-1,WATER_NPY3;E7_FR7-1;E7_FR7-5,E9_FR8-1;E8_FR6-3;E8_FR6-4,2.94188504387,0.0981248663582,0.0744699724207,0.183562577946,False,False,biological animal
cfos_occurrence,Ocurrencia espacial de núcleos c-FOS positivos / núcleos DAPI,82,WATER_NPY1;WATER_NPY2;E8_FR6-1,WATER_NPY3;E7_FR7-1;E9_FR8-1,E7_FR7-5;E8_FR6-3;E8_FR6-4,2.67736388468,0.0981248663582,0.0650726600127,0.14658594897,False,False,biological animal
cfos_occurrence,Ocurrencia espacial de núcleos c-FOS positivos / núcleos DAPI,83,WATER_NPY1;WATER_NPY2;E8_FR6-1,WATER_NPY3;E7_FR7-1;E8_FR6-3,E7_FR7-5;E9_FR8-1;E8_FR6-4,1.71393712314,0.0981248663582,0.148088957748,0.190166664278,False,False,biological animal
cfos_occurrence,Ocurrencia espacial de núcleos c-FOS positivos / núcleos DAPI,84,WATER_NPY1;WATER_NPY2;E8_FR6-1,WATER_NPY3;E7_FR7-1;E8_FR6-4,E7_FR7-5;E9_FR8-1;E8_FR6-3,3.34229927243,0.0981248663582,0.214831538443,0.122495409459,False,False,biological animal
cfos_occurrence,Ocurrencia espacial de núcleos c-FOS positivos / núcleos DAPI,85,WATER_NPY1;WATER_NPY2;E8_FR6-1,WATER_NPY3;E7_FR7-5;E9_FR8-1,E7_FR7-1;E8_FR6-3;E8_FR6-4,2.59878588789,0.0981248663582,0.0707104698796,0.178587431646,False,False,biological animal
cfos_occurrence,Ocurrencia espacial de núcleos c-FOS positivos / núcleos DAPI,86,WATER_NPY1;WATER_NPY2;E8_FR6-1,WATER_NPY3;E7_FR7-5;E8_FR6-3,E7_FR7-1;E9_FR8-1;E8_FR6-4,2.65185325374,0.0981248663582,0.123850801143,0.213023460701,False,False,biological animal
cfos_occurrence,Ocurrencia espacial de núcleos c-FOS positivos / núcleos DAPI,87,WATER_NPY1;WATER_NPY2;E8_FR6-1,WATER_NPY3;E7_FR7-5;E8_FR6-4,E7_FR7-1;E9_FR8-1;E8_FR6-3,1.7527722075,0.0981248663582,0.188229081385,0.137886924537,False,False,biological animal
cfos_occurrence,Ocurrencia espacial de núcleos c-FOS positivos / núcleos DAPI,88,WATER_NPY1;WATER_NPY2;E8_FR6-1,WATER_NPY3;E9_FR8-1;E8_FR6-3,E7_FR7-1;E7_FR7-5;E8_FR6-4,1.67263668641,0.0981248663582,0.148034243925,0.18959245673,False,False,biological animal
cfos_occurrence,Ocurrencia espacial de núcleos c-FOS positivos / núcleos DAPI,89,WATER_NPY1;WATER_NPY2;E8_FR6-1,WATER_NPY3;E9_FR8-1;E8_FR6-4,E7_FR7-1;E7_FR7-5;E8_FR6-3,3.36673602536,0.0981248663582,0.213419517422,0.12088188552,False,False,biological animal
cfos_occurrence,Ocurrencia espacial de núcleos c-FOS positivos / núcleos DAPI,90,WATER_NPY1;WATER_NPY2;E8_FR6-1,WATER_NPY3;E8_FR6-3;E8_FR6-4,E7_FR7-1;E7_FR7-5;E9_FR8-1,4.88201138532,0.0981248663582,0.185366063715,0.06113494281,False,True,biological animal
cfos_occurrence,Ocurrencia espacial de núcleos c-FOS positivos / núcleos DAPI,91,WATER_NPY1;WATER_NPY2;E8_FR6-1,E7_FR7-1;E7_FR7-5;E9_FR8-1,WATER_NPY3;E8_FR6-3;E8_FR6-4,4.88201138532,0.0981248663582,0.06113494281,0.185366063715,False,True,biological animal
cfos_occurrence,Ocurrencia espacial de núcleos c-FOS positivos / núcleos DAPI,92,WATER_NPY1;WATER_NPY2;E8_FR6-1,E7_FR7-1;E7_FR7-5;E8_FR6-3,WATER_NPY3;E9_FR8-1;E8_FR6-4,3.36673602536,0.0981248663582,0.12088188552,0.213419517422,False,False,biological animal
cfos_occurrence,Ocurrencia espacial de núcleos c-FOS positivos / núcleos DAPI,93,WATER_NPY1;WATER_NPY2;E8_FR6-1,E7_FR7-1;E7_FR7-5;E8_FR6-4,WATER_NPY3;E9_FR8-1;E8_FR6-3,1.67263668641,0.0981248663582,0.18959245673,0.148034243925,False,False,biological animal
cfos_occurrence,Ocurrencia espacial de núcleos c-FOS positivos / núcleos DAPI,94,WATER_NPY1;WATER_NPY2;E8_FR6-1,E7_FR7-1;E9_FR8-1;E8_FR6-3,WATER_NPY3;E7_FR7-5;E8_FR6-4,1.7527722075,0.0981248663582,0.137886924537,0.188229081385,False,False,biological animal
cfos_occurrence,Ocurrencia espacial de núcleos c-FOS positivos / núcleos DAPI,95,WATER_NPY1;WATER_NPY2;E8_FR6-1,E7_FR7-1;E9_FR8-1;E8_FR6-4,WATER_NPY3;E7_FR7-5;E8_FR6-3,2.65185325374,0.0981248663582,0.213023460701,0.123850801143,False,False,biological animal
cfos_occurrence,Ocurrencia espacial de núcleos c-FOS positivos / núcleos DAPI,96,WATER_NPY1;WATER_NPY2;E8_FR6-1,E7_FR7-1;E8_FR6-3;E8_FR6-4,WATER_NPY3;E7_FR7-5;E9_FR8-1,2.59878588789,0.0981248663582,0.178587431646,0.0707104698796,False,False,biological animal
cfos_occurrence,Ocurrencia espacial de núcleos c-FOS positivos / núcleos DAPI,97,WATER_NPY1;WATER_NPY2;E8_FR6-1,E7_FR7-5;E9_FR8-1;E8_FR6-3,WATER_NPY3;E7_FR7-1;E8_FR6-4,3.34229927243,0.0981248663582,0.122495409459,0.214831538443,False,False,biological animal
cfos_occurrence,Ocurrencia espacial de núcleos c-FOS positivos / núcleos DAPI,98,WATER_NPY1;WATER_NPY2;E8_FR6-1,E7_FR7-5;E9_FR8-1;E8_FR6-4,WATER_NPY3;E7_FR7-1;E8_FR6-3,1.71393712314,0.0981248663582,0.190166664278,0.148088957748,False,False,biological animal
cfos_occurrence,Ocurrencia espacial de núcleos c-FOS positivos / núcleos DAPI,99,WATER_NPY1;WATER_NPY2;E8_FR6-1,E7_FR7-5;E8_FR6-3;E8_FR6-4,WATER_NPY3;E7_FR7-1;E9_FR8-1,2.67736388468,0.0981248663582,0.14658594897,0.0650726600127,False,False,biological animal
cfos_occurrence,Ocurrencia espacial de núcleos c-FOS positivos / núcleos DAPI,100,WATER_NPY1;WATER_NPY2;E8_FR6-1,E9_FR8-1;E8_FR6-3;E8_FR6-4,WATER_NPY3;E7_FR7-1;E7_FR7-5,2.94188504387,0.0981248663582,0.183562577946,0.0744699724207,False,False,biological animal
cfos_occurrence,Ocurrencia espacial de núcleos c-FOS positivos / núcleos DAPI,101,WATER_NPY1;WATER_NPY2;E8_FR6-3,WATER_NPY3;E7_FR7-1;E7_FR7-5,E9_FR8-1;E8_FR6-1;E8_FR6-4,4.54608816522,0.0889515109225,0.0744699724207,0.191342895355,False,False,biological animal
cfos_occurrence,Ocurrencia espacial de núcleos c-FOS positivos / núcleos DAPI,102,WATER_NPY1;WATER_NPY2;E8_FR6-3,WATER_NPY3;E7_FR7-1;E9_FR8-1,E7_FR7-5;E8_FR6-1;E8_FR6-4,4.53846428449,0.0889515109225,0.0650726600127,0.154106710722,False,False,biological animal
cfos_occurrence,Ocurrencia espacial de núcleos c-FOS positivos / núcleos DAPI,103,WATER_NPY1;WATER_NPY2;E8_FR6-3,WATER_NPY3;E7_FR7-1;E8_FR6-1,E7_FR7-5;E9_FR8-1;E8_FR6-4,2.04420292928,0.0889515109225,0.154141285542,0.190166664278,False,False,biological animal
cfos_occurrence,Ocurrencia espacial de núcleos c-FOS positivos / núcleos DAPI,104,WATER_NPY1;WATER_NPY2;E8_FR6-3,WATER_NPY3;E7_FR7-1;E8_FR6-4,E7_FR7-5;E9_FR8-1;E8_FR6-1,3.57493403722,0.0889515109225,0.214831538443,0.129816827847,False,False,biological animal
cfos_occurrence,Ocurrencia espacial de núcleos c-FOS positivos / núcleos DAPI,105,WATER_NPY1;WATER_NPY2;E8_FR6-3,WATER_NPY3;E7_FR7-5;E9_FR8-1,E7_FR7-1;E8_FR6-1;E8_FR6-4,3.61482514275,0.0889515109225,0.0707104698796,0.184102836073,False,False,biological animal
cfos_occurrence,Ocurrencia espacial de núcleos c-FOS positivos / núcleos DAPI,106,WATER_NPY1;WATER_NPY2;E8_FR6-3,WATER_NPY3;E7_FR7-5;E8_FR6-1,E7_FR7-1;E9_FR8-1;E8_FR6-4,2.72270689431,0.0889515109225,0.131679683057,0.213023460701,False,False,biological animal
cfos_occurrence,Ocurrencia espacial de núcleos c-FOS positivos / núcleos DAPI,107,WATER_NPY1;WATER_NPY2;E8_FR6-3,WATER_NPY3;E7_FR7-5;E8_FR6-4,E7_FR7-1;E9_FR8-1;E8_FR6-1,2.07613802238,0.0889515109225,0.188229081385,0.142871381155,False,False,biological animal
cfos_occurrence,Ocurrencia espacial de núcleos c-FOS positivos / núcleos DAPI,108,WATER_NPY1;WATER_NPY2;E8_FR6-3,WATER_NPY3;E9_FR8-1;E8_FR6-1,E7_FR7-1;E7_FR7-5;E8_FR6-4,2.02840678245,0.0889515109225,0.156345004239,0.18959245673,False,False,biological animal
cfos_occurrence,Ocurrencia espacial de núcleos c-FOS positivos / núcleos DAPI,109,WATER_NPY1;WATER_NPY2;E8_FR6-3,WATER_NPY3;E9_FR8-1;E8_FR6-4,E7_FR7-1;E7_FR7-5;E8_FR6-1,3.78451201108,0.0889515109225,0.213419517422,0.126925372434,False,False,biological animal
cfos_occurrence,Ocurrencia espacial de núcleos c-FOS positivos / núcleos DAPI,110,WATER_NPY1;WATER_NPY2;E8_FR6-3,WATER_NPY3;E8_FR6-1;E8_FR6-4,E7_FR7-1;E7_FR7-5;E9_FR8-1,7.57780539454,0.0889515109225,0.19390681198,0.06113494281,False,True,biological animal
cfos_occurrence,Ocurrencia espacial de núcleos c-FOS positivos / núcleos DAPI,111,WATER_NPY1;WATER_NPY2;E8_FR6-3,E7_FR7-1;E7_FR7-5;E9_FR8-1,WATER_NPY3;E8_FR6-1;E8_FR6-4,7.57780539454,0.0889515109225,0.06113494281,0.19390681198,False,True,biological animal
cfos_occurrence,Ocurrencia espacial de núcleos c-FOS positivos / núcleos DAPI,112,WATER_NPY1;WATER_NPY2;E8_FR6-3,E7_FR7-1;E7_FR7-5;E8_FR6-1,WATER_NPY3;E9_FR8-1;E8_FR6-4,3.78451201108,0.0889515109225,0.126925372434,0.213419517422,False,False,biological animal
cfos_occurrence,Ocurrencia espacial de núcleos c-FOS positivos / núcleos DAPI,113,WATER_NPY1;WATER_NPY2;E8_FR6-3,E7_FR7-1;E7_FR7-5;E8_FR6-4,WATER_NPY3;E9_FR8-1;E8_FR6-1,2.02840678245,0.0889515109225,0.18959245673,0.156345004239,False,False,biological animal
cfos_occurrence,Ocurrencia espacial de núcleos c-FOS positivos / núcleos DAPI,114,WATER_NPY1;WATER_NPY2;E8_FR6-3,E7_FR7-1;E9_FR8-1;E8_FR6-1,WATER_NPY3;E7_FR7-5;E8_FR6-4,2.07613802238,0.0889515109225,0.142871381155,0.188229081385,False,False,biological animal
cfos_occurrence,Ocurrencia espacial de núcleos c-FOS positivos / núcleos DAPI,115,WATER_NPY1;WATER_NPY2;E8_FR6-3,E7_FR7-1;E9_FR8-1;E8_FR6-4,WATER_NPY3;E7_FR7-5;E8_FR6-1,2.72270689431,0.0889515109225,0.213023460701,0.131679683057,False,False,biological animal
cfos_occurrence,Ocurrencia espacial de núcleos c-FOS positivos / núcleos DAPI,116,WATER_NPY1;WATER_NPY2;E8_FR6-3,E7_FR7-1;E8_FR6-1;E8_FR6-4,WATER_NPY3;E7_FR7-5;E9_FR8-1,3.61482514275,0.0889515109225,0.184102836073,0.0707104698796,False,False,biological animal
cfos_occurrence,Ocurrencia espacial de núcleos c-FOS positivos / núcleos DAPI,117,WATER_NPY1;WATER_NPY2;E8_FR6-3,E7_FR7-5;E9_FR8-1;E8_FR6-1,WATER_NPY3;E7_FR7-1;E8_FR6-4,3.57493403722,0.0889515109225,0.129816827847,0.214831538443,False,False,biological animal
cfos_occurrence,Ocurrencia espacial de núcleos c-FOS positivos / núcleos DAPI,118,WATER_NPY1;WATER_NPY2;E8_FR6-3,E7_FR7-5;E9_FR8-1;E8_FR6-4,WATER_NPY3;E7_FR7-1;E8_FR6-1,2.04420292928,0.0889515109225,0.190166664278,0.154141285542,False,False,biological animal
cfos_occurrence,Ocurrencia espacial de núcleos c-FOS positivos / núcleos DAPI,119,WATER_NPY1;WATER_NPY2;E8_FR6-3,E7_FR7-5;E8_FR6-1;E8_FR6-4,WATER_NPY3;E7_FR7-1;E9_FR8-1,4.53846428449,0.0889515109225,0.154106710722,0.0650726600127,False,False,biological animal
cfos_occurrence,Ocurrencia espacial de núcleos c-FOS positivos / núcleos DAPI,120,WATER_NPY1;WATER_NPY2;E8_FR6-3,E9_FR8-1;E8_FR6-1;E8_FR6-4,WATER_NPY3;E7_FR7-1;E7_FR7-5,4.54608816522,0.0889515109225,0.191342895355,0.0744699724207,False,False,biological animal
cfos_occurrence,Ocurrencia espacial de núcleos c-FOS positivos / núcleos DAPI,121,WATER_NPY1;WATER_NPY2;E8_FR6-4,WATER_NPY3;E7_FR7-1;E7_FR7-5,E9_FR8-1;E8_FR6-1;E8_FR6-3,2.43553480193,0.0992205380813,0.0744699724207,0.142625398728,False,False,biological animal
cfos_occurrence,Ocurrencia espacial de núcleos c-FOS positivos / núcleos DAPI,122,WATER_NPY1;WATER_NPY2;E8_FR6-4,WATER_NPY3;E7_FR7-1;E9_FR8-1,E7_FR7-5;E8_FR6-1;E8_FR6-3,1.33419406629,0.0992205380813,0.0650726600127,0.102106846054,False,False,biological animal
cfos_occurrence,Ocurrencia espacial de núcleos c-FOS positivos / núcleos DAPI,123,WATER_NPY1;WATER_NPY2;E8_FR6-4,WATER_NPY3;E7_FR7-1;E8_FR6-1,E7_FR7-5;E9_FR8-1;E8_FR6-3,0.957597020191,0.0992205380813,0.154141285542,0.122495409459,False,False,biological animal
cfos_occurrence,Ocurrencia espacial de núcleos c-FOS positivos / núcleos DAPI,124,WATER_NPY1;WATER_NPY2;E8_FR6-4,WATER_NPY3;E7_FR7-1;E8_FR6-3,E7_FR7-5;E9_FR8-1;E8_FR6-1,0.7976747718,0.0992205380813,0.148088957748,0.129816827847,False,False,biological animal
cfos_occurrence,Ocurrencia espacial de núcleos c-FOS positivos / núcleos DAPI,125,WATER_NPY1;WATER_NPY2;E8_FR6-4,WATER_NPY3;E7_FR7-5;E9_FR8-1,E7_FR7-1;E8_FR6-1;E8_FR6-3,2.41148701117,0.0992205380813,0.0707104698796,0.135112165602,False,False,biological animal
cfos_occurrence,Ocurrencia espacial de núcleos c-FOS positivos / núcleos DAPI,126,WATER_NPY1;WATER_NPY2;E8_FR6-4,WATER_NPY3;E7_FR7-5;E8_FR6-1,E7_FR7-1;E9_FR8-1;E8_FR6-3,0.429756532346,0.0992205380813,0.131679683057,0.137886924537,False,False,biological animal
cfos_occurrence,Ocurrencia espacial de núcleos c-FOS positivos / núcleos DAPI,127,WATER_NPY1;WATER_NPY2;E8_FR6-4,WATER_NPY3;E7_FR7-5;E8_FR6-3,E7_FR7-1;E9_FR8-1;E8_FR6-1,0.508580501993,0.0992205380813,0.123850801143,0.142871381155,False,False,biological animal
cfos_occurrence,Ocurrencia espacial de núcleos c-FOS positivos / núcleos DAPI,128,WATER_NPY1;WATER_NPY2;E8_FR6-4,WATER_NPY3;E9_FR8-1;E8_FR6-1,E7_FR7-1;E7_FR7-5;E8_FR6-3,1.11338302442,0.0992205380813,0.156345004239,0.12088188552,False,False,biological animal
cfos_occurrence,Ocurrencia espacial de núcleos c-FOS positivos / núcleos DAPI,129,WATER_NPY1;WATER_NPY2;E8_FR6-4,WATER_NPY3;E9_FR8-1;E8_FR6-3,E7_FR7-1;E7_FR7-5;E8_FR6-1,0.891421747121,0.0992205380813,0.148034243925,0.126925372434,False,False,biological animal
cfos_occurrence,Ocurrencia espacial de núcleos c-FOS positivos / núcleos DAPI,130,WATER_NPY1;WATER_NPY2;E8_FR6-4,WATER_NPY3;E8_FR6-1;E8_FR6-3,E7_FR7-1;E7_FR7-5;E9_FR8-1,3.47903927595,0.0992205380813,0.148417989643,0.06113494281,False,False,biological animal
cfos_occurrence,Ocurrencia espacial de núcleos c-FOS positivos / núcleos DAPI,131,WATER_NPY1;WATER_NPY2;E8_FR6-4,E7_FR7-1;E7_FR7-5;E9_FR8-1,WATER_NPY3;E8_FR6-1;E8_FR6-3,3.47903927595,0.0992205380813,0.06113494281,0.148417989643,False,False,biological animal
cfos_occurrence,Ocurrencia espacial de núcleos c-FOS positivos / núcleos DAPI,132,WATER_NPY1;WATER_NPY2;E8_FR6-4,E7_FR7-1;E7_FR7-5;E8_FR6-1,WATER_NPY3;E9_FR8-1;E8_FR6-3,0.891421747121,0.0992205380813,0.126925372434,0.148034243925,False,False,biological animal
cfos_occurrence,Ocurrencia espacial de núcleos c-FOS positivos / núcleos DAPI,133,WATER_NPY1;WATER_NPY2;E8_FR6-4,E7_FR7-1;E7_FR7-5;E8_FR6-3,WATER_NPY3;E9_FR8-1;E8_FR6-1,1.11338302442,0.0992205380813,0.12088188552,0.156345004239,False,False,biological animal
cfos_occurrence,Ocurrencia espacial de núcleos c-FOS positivos / núcleos DAPI,134,WATER_NPY1;WATER_NPY2;E8_FR6-4,E7_FR7-1;E9_FR8-1;E8_FR6-1,WATER_NPY3;E7_FR7-5;E8_FR6-3,0.508580501993,0.0992205380813,0.142871381155,0.123850801143,False,False,biological animal
cfos_occurrence,Ocurrencia espacial de núcleos c-FOS positivos / núcleos DAPI,135,WATER_NPY1;WATER_NPY2;E8_FR6-4,E7_FR7-1;E9_FR8-1;E8_FR6-3,WATER_NPY3;E7_FR7-5;E8_FR6-1,0.429756532346,0.0992205380813,0.137886924537,0.131679683057,False,False,biological animal
cfos_occurrence,Ocurrencia espacial de núcleos c-FOS positivos / núcleos DAPI,136,WATER_NPY1;WATER_NPY2;E8_FR6-4,E7_FR7-1;E8_FR6-1;E8_FR6-3,WATER_NPY3;E7_FR7-5;E9_FR8-1,2.41148701117,0.0992205380813,0.135112165602,0.0707104698796,False,False,biological animal
cfos_occurrence,Ocurrencia espacial de núcleos c-FOS positivos / núcleos DAPI,137,WATER_NPY1;WATER_NPY2;E8_FR6-4,E7_FR7-5;E9_FR8-1;E8_FR6-1,WATER_NPY3;E7_FR7-1;E8_FR6-3,0.7976747718,0.0992205380813,0.129816827847,0.148088957748,False,False,biological animal
cfos_occurrence,Ocurrencia espacial de núcleos c-FOS positivos / núcleos DAPI,138,WATER_NPY1;WATER_NPY2;E8_FR6-4,E7_FR7-5;E9_FR8-1;E8_FR6-3,WATER_NPY3;E7_FR7-1;E8_FR6-1,0.957597020191,0.0992205380813,0.122495409459,0.154141285542,False,False,biological animal
cfos_occurrence,Ocurrencia espacial de núcleos c-FOS positivos / núcleos DAPI,139,WATER_NPY1;WATER_NPY2;E8_FR6-4,E7_FR7-5;E8_FR6-1;E8_FR6-3,WATER_NPY3;E7_FR7-1;E9_FR8-1,1.33419406629,0.0992205380813,0.102106846054,0.0650726600127,False,False,biological animal
cfos_occurrence,Ocurrencia espacial de núcleos c-FOS positivos / núcleos DAPI,140,WATER_NPY1;WATER_NPY2;E8_FR6-4,E9_FR8-1;E8_FR6-1;E8_FR6-3,WATER_NPY3;E7_FR7-1;E7_FR7-5,2.43553480193,0.0992205380813,0.142625398728,0.0744699724207,False,False,biological animal
cfos_occurrence,Ocurrencia espacial de núcleos c-FOS positivos / núcleos DAPI,141,WATER_NPY1;WATER_NPY3;E7_FR7-1,WATER_NPY2;E7_FR7-5;E9_FR8-1,E8_FR6-1;E8_FR6-3;E8_FR6-4,2.48972403395,0.207912209875,0.143571770456,0.0940001390035,False,False,biological animal
cfos_occurrence,Ocurrencia espacial de núcleos c-FOS positivos / núcleos DAPI,142,WATER_NPY1;WATER_NPY3;E7_FR7-1,WATER_NPY2;E7_FR7-5;E8_FR6-1,E9_FR8-1;E8_FR6-3;E8_FR6-4,0.797785449174,0.207912209875,0.133459160332,0.183562577946,False,False,biological animal
cfos_occurrence,Ocurrencia espacial de núcleos c-FOS positivos / núcleos DAPI,143,WATER_NPY1;WATER_NPY3;E7_FR7-1,WATER_NPY2;E7_FR7-5;E8_FR6-3,E9_FR8-1;E8_FR6-1;E8_FR6-4,1.24808641917,0.207912209875,0.121822665893,0.191342895355,False,False,biological animal
cfos_occurrence,Ocurrencia espacial de núcleos c-FOS positivos / núcleos DAPI,144,WATER_NPY1;WATER_NPY3;E7_FR7-1,WATER_NPY2;E7_FR7-5;E8_FR6-4,E9_FR8-1;E8_FR6-1;E8_FR6-3,0.830154108532,0.207912209875,0.164102948762,0.142625398728,False,False,biological animal
cfos_occurrence,Ocurrencia espacial de núcleos c-FOS positivos / núcleos DAPI,145,WATER_NPY1;WATER_NPY3;E7_FR7-1,WATER_NPY2;E9_FR8-1;E8_FR6-1,E7_FR7-5;E8_FR6-3;E8_FR6-4,0.666990401852,0.207912209875,0.16916185466,0.14658594897,False,False,biological animal
cfos_occurrence,Ocurrencia espacial de núcleos c-FOS positivos / núcleos DAPI,146,WATER_NPY1;WATER_NPY3;E7_FR7-1,WATER_NPY2;E9_FR8-1;E8_FR6-3,E7_FR7-5;E8_FR6-1;E8_FR6-4,0.633351940214,0.207912209875,0.158834848678,0.154106710722,False,False,biological animal
cfos_occurrence,Ocurrencia espacial de núcleos c-FOS positivos / núcleos DAPI,147,WATER_NPY1;WATER_NPY3;E7_FR7-1,WATER_NPY2;E9_FR8-1;E8_FR6-4,E7_FR7-5;E8_FR6-1;E8_FR6-3,2.31432627577,0.207912209875,0.201437327672,0.102106846054,False,False,biological animal
cfos_occurrence,Ocurrencia espacial de núcleos c-FOS positivos / núcleos DAPI,148,WATER_NPY1;WATER_NPY3;E7_FR7-1,WATER_NPY2;E8_FR6-1;E8_FR6-3,E7_FR7-5;E9_FR8-1;E8_FR6-4,2.79812909806,0.207912209875,0.0771025607609,0.190166664278,False,False,biological animal
cfos_occurrence,Ocurrencia espacial de núcleos c-FOS positivos / núcleos DAPI,149,WATER_NPY1;WATER_NPY3;E7_FR7-1,WATER_NPY2;E8_FR6-1;E8_FR6-4,E7_FR7-5;E9_FR8-1;E8_FR6-3,2.33661037557,0.207912209875,0.120012976209,0.122495409459,False,False,biological animal
cfos_occurrence,Ocurrencia espacial de núcleos c-FOS positivos / núcleos DAPI,150,WATER_NPY1;WATER_NPY3;E7_FR7-1,WATER_NPY2;E8_FR6-3;E8_FR6-4,E7_FR7-5;E9_FR8-1;E8_FR6-1,2.34844234777,0.207912209875,0.109964085689,0.129816827847,False,False,biological animal
cfos_occurrence,Ocurrencia espacial de núcleos c-FOS positivos / núcleos DAPI,151,WATER_NPY1;WATER_NPY3;E7_FR7-1,E7_FR7-5;E9_FR8-1;E8_FR6-1,WATER_NPY2;E8_FR6-3;E8_FR6-4,2.34844234777,0.207912209875,0.129816827847,0.109964085689,False,False,biological animal
cfos_occurrence,Ocurrencia espacial de núcleos c-FOS positivos / núcleos DAPI,152,WATER_NPY1;WATER_NPY3;E7_FR7-1,E7_FR7-5;E9_FR8-1;E8_FR6-3,WATER_NPY2;E8_FR6-1;E8_FR6-4,2.33661037557,0.207912209875,0.122495409459,0.120012976209,False,False,biological animal
cfos_occurrence,Ocurrencia espacial de núcleos c-FOS positivos / núcleos DAPI,153,WATER_NPY1;WATER_NPY3;E7_FR7-1,E7_FR7-5;E9_FR8-1;E8_FR6-4,WATER_NPY2;E8_FR6-1;E8_FR6-3,2.79812909806,0.207912209875,0.190166664278,0.0771025607609,False,False,biological animal
cfos_occurrence,Ocurrencia espacial de núcleos c-FOS positivos / núcleos DAPI,154,WATER_NPY1;WATER_NPY3;E7_FR7-1,E7_FR7-5;E8_FR6-1;E8_FR6-3,WATER_NPY2;E9_FR8-1;E8_FR6-4,2.31432627577,0.207912209875,0.102106846054,0.201437327672,False,False,biological animal
cfos_occurrence,Ocurrencia espacial de núcleos c-FOS positivos / núcleos DAPI,155,WATER_NPY1;WATER_NPY3;E7_FR7-1,E7_FR7-5;E8_FR6-1;E8_FR6-4,WATER_NPY2;E9_FR8-1;E8_FR6-3,0.633351940214,0.207912209875,0.154106710722,0.158834848678,False,False,biological animal
cfos_occurrence,Ocurrencia espacial de núcleos c-FOS positivos / núcleos DAPI,156,WATER_NPY1;WATER_NPY3;E7_FR7-1,E7_FR7-5;E8_FR6-3;E8_FR6-4,WATER_NPY2;E9_FR8-1;E8_FR6-1,0.666990401852,0.207912209875,0.14658594897,0.16916185466,False,False,biological animal
cfos_occurrence,Ocurrencia espacial de núcleos c-FOS positivos / núcleos DAPI,157,WATER_NPY1;WATER_NPY3;E7_FR7-1,E9_FR8-1;E8_FR6-1;E8_FR6-3,WATER_NPY2;E7_FR7-5;E8_FR6-4,0.830154108532,0.207912209875,0.142625398728,0.164102948762,False,False,biological animal
cfos_occurrence,Ocurrencia espacial de núcleos c-FOS positivos / núcleos DAPI,158,WATER_NPY1;WATER_NPY3;E7_FR7-1,E9_FR8-1;E8_FR6-1;E8_FR6-4,WATER_NPY2;E7_FR7-5;E8_FR6-3,1.24808641917,0.207912209875,0.191342895355,0.121822665893,False,False,biological animal
cfos_occurrence,Ocurrencia espacial de núcleos c-FOS positivos / núcleos DAPI,159,WATER_NPY1;WATER_NPY3;E7_FR7-1,E9_FR8-1;E8_FR6-3;E8_FR6-4,WATER_NPY2;E7_FR7-5;E8_FR6-1,0.797785449174,0.207912209875,0.183562577946,0.133459160332,False,False,biological animal
cfos_occurrence,Ocurrencia espacial de núcleos c-FOS positivos / núcleos DAPI,160,WATER_NPY1;WATER_NPY3;E7_FR7-1,E8_FR6-1;E8_FR6-3;E8_FR6-4,WATER_NPY2;E7_FR7-5;E9_FR8-1,2.48972403395,0.207912209875,0.0940001390035,0.143571770456,False,False,biological animal
cfos_occurrence,Ocurrencia espacial de núcleos c-FOS positivos / núcleos DAPI,161,WATER_NPY1;WATER_NPY3;E7_FR7-5,WATER_NPY2;E7_FR7-1;E9_FR8-1,E8_FR6-1;E8_FR6-3;E8_FR6-4,1.39053902053,0.182776750138,0.162280241501,0.0940001390035,False,False,biological animal
cfos_occurrence,Ocurrencia espacial de núcleos c-FOS positivos / núcleos DAPI,162,WATER_NPY1;WATER_NPY3;E7_FR7-5,WATER_NPY2;E7_FR7-1;E8_FR6-1,E9_FR8-1;E8_FR6-3;E8_FR6-4,0.0455068601714,0.182776750138,0.16556885265,0.183562577946,False,False,biological animal
cfos_occurrence,Ocurrencia espacial de núcleos c-FOS positivos / núcleos DAPI,163,WATER_NPY1;WATER_NPY3;E7_FR7-5,WATER_NPY2;E7_FR7-1;E8_FR6-3,E9_FR8-1;E8_FR6-1;E8_FR6-4,0.148139541073,0.182776750138,0.156828655789,0.191342895355,False,False,biological animal
cfos_occurrence,Ocurrencia espacial de núcleos c-FOS positivos / núcleos DAPI,164,WATER_NPY1;WATER_NPY3;E7_FR7-5,WATER_NPY2;E7_FR7-1;E8_FR6-4,E9_FR8-1;E8_FR6-1;E8_FR6-3,0.482086069337,0.182776750138,0.202666112306,0.142625398728,False,False,biological animal
cfos_occurrence,Ocurrencia espacial de núcleos c-FOS positivos / núcleos DAPI,165,WATER_NPY1;WATER_NPY3;E7_FR7-5,WATER_NPY2;E9_FR8-1;E8_FR6-1,E7_FR7-1;E8_FR6-3;E8_FR6-4,0.0208399110164,0.182776750138,0.16916185466,0.178587431646,False,False,biological animal
cfos_occurrence,Ocurrencia espacial de núcleos c-FOS positivos / núcleos DAPI,166,WATER_NPY1;WATER_NPY3;E7_FR7-5,WATER_NPY2;E9_FR8-1;E8_FR6-3,E7_FR7-1;E8_FR6-1;E8_FR6-4,0.0891618078453,0.182776750138,0.158834848678,0.184102836073,False,False,biological animal
cfos_occurrence,Ocurrencia espacial de núcleos c-FOS positivos / núcleos DAPI,167,WATER_NPY1;WATER_NPY3;E7_FR7-5,WATER_NPY2;E9_FR8-1;E8_FR6-4,E7_FR7-1;E8_FR6-1;E8_FR6-3,0.602203775729,0.182776750138,0.201437327672,0.135112165602,False,False,biological animal
cfos_occurrence,Ocurrencia espacial de núcleos c-FOS positivos / núcleos DAPI,168,WATER_NPY1;WATER_NPY3;E7_FR7-5,WATER_NPY2;E8_FR6-1;E8_FR6-3,E7_FR7-1;E9_FR8-1;E8_FR6-4,2.60937630168,0.182776750138,0.0771025607609,0.213023460701,False,False,biological animal
cfos_occurrence,Ocurrencia espacial de núcleos c-FOS positivos / núcleos DAPI,169,WATER_NPY1;WATER_NPY3;E7_FR7-5,WATER_NPY2;E8_FR6-1;E8_FR6-4,E7_FR7-1;E9_FR8-1;E8_FR6-3,0.82822506851,0.182776750138,0.120012976209,0.137886924537,False,False,biological animal
cfos_occurrence,Ocurrencia espacial de núcleos c-FOS positivos / núcleos DAPI,170,WATER_NPY1;WATER_NPY3;E7_FR7-5,WATER_NPY2;E8_FR6-3;E8_FR6-4,E7_FR7-1;E9_FR8-1;E8_FR6-1,0.992838717758,0.182776750138,0.109964085689,0.142871381155,False,False,biological animal
cfos_occurrence,Ocurrencia espacial de núcleos c-FOS positivos / núcleos DAPI,171,WATER_NPY1;WATER_NPY3;E7_FR7-5,E7_FR7-1;E9_FR8-1;E8_FR6-1,WATER_NPY2;E8_FR6-3;E8_FR6-4,0.992838717758,0.182776750138,0.142871381155,0.109964085689,False,False,biological animal
cfos_occurrence,Ocurrencia espacial de núcleos c-FOS positivos / núcleos DAPI,172,WATER_NPY1;WATER_NPY3;E7_FR7-5,E7_FR7-1;E9_FR8-1;E8_FR6-3,WATER_NPY2;E8_FR6-1;E8_FR6-4,0.82822506851,0.182776750138,0.137886924537,0.120012976209,False,False,biological animal
cfos_occurrence,Ocurrencia espacial de núcleos c-FOS positivos / núcleos DAPI,173,WATER_NPY1;WATER_NPY3;E7_FR7-5,E7_FR7-1;E9_FR8-1;E8_FR6-4,WATER_NPY2;E8_FR6-1;E8_FR6-3,2.60937630168,0.182776750138,0.213023460701,0.0771025607609,False,False,biological animal
cfos_occurrence,Ocurrencia espacial de núcleos c-FOS positivos / núcleos DAPI,174,WATER_NPY1;WATER_NPY3;E7_FR7-5,E7_FR7-1;E8_FR6-1;E8_FR6-3,WATER_NPY2;E9_FR8-1;E8_FR6-4,0.602203775729,0.182776750138,0.135112165602,0.201437327672,False,False,biological animal
cfos_occurrence,Ocurrencia espacial de núcleos c-FOS positivos / núcleos DAPI,175,WATER_NPY1;WATER_NPY3;E7_FR7-5,E7_FR7-1;E8_FR6-1;E8_FR6-4,WATER_NPY2;E9_FR8-1;E8_FR6-3,0.0891618078453,0.182776750138,0.184102836073,0.158834848678,False,False,biological animal
cfos_occurrence,Ocurrencia espacial de núcleos c-FOS positivos / núcleos DAPI,176,WATER_NPY1;WATER_NPY3;E7_FR7-5,E7_FR7-1;E8_FR6-3;E8_FR6-4,WATER_NPY2;E9_FR8-1;E8_FR6-1,0.0208399110164,0.182776750138,0.178587431646,0.16916185466,False,False,biological animal
cfos_occurrence,Ocurrencia espacial de núcleos c-FOS positivos / núcleos DAPI,177,WATER_NPY1;WATER_NPY3;E7_FR7-5,E9_FR8-1;E8_FR6-1;E8_FR6-3,WATER_NPY2;E7_FR7-1;E8_FR6-4,0.482086069337,0.182776750138,0.142625398728,0.202666112306,False,False,biological animal
cfos_occurrence,Ocurrencia espacial de núcleos c-FOS positivos / núcleos DAPI,178,WATER_NPY1;WATER_NPY3;E7_FR7-5,E9_FR8-1;E8_FR6-1;E8_FR6-4,WATER_NPY2;E7_FR7-1;E8_FR6-3,0.148139541073,0.182776750138,0.191342895355,0.156828655789,False,False,biological animal
cfos_occurrence,Ocurrencia espacial de núcleos c-FOS positivos / núcleos DAPI,179,WATER_NPY1;WATER_NPY3;E7_FR7-5,E9_FR8-1;E8_FR6-3;E8_FR6-4,WATER_NPY2;E7_FR7-1;E8_FR6-1,0.0455068601714,0.182776750138,0.183562577946,0.16556885265,False,False,biological animal
cfos_occurrence,Ocurrencia espacial de núcleos c-FOS positivos / núcleos DAPI,180,WATER_NPY1;WATER_NPY3;E7_FR7-5,E8_FR6-1;E8_FR6-3;E8_FR6-4,WATER_NPY2;E7_FR7-1;E9_FR8-1,1.39053902053,0.182776750138,0.0940001390035,0.162280241501,False,False,biological animal
cfos_occurrence,Ocurrencia espacial de núcleos c-FOS positivos / núcleos DAPI,181,WATER_NPY1;WATER_NPY3;E9_FR8-1,WATER_NPY2;E7_FR7-1;E7_FR7-5,E8_FR6-1;E8_FR6-3;E8_FR6-4,2.27337256239,0.207537317556,0.144085962965,0.0940001390035,False,False,biological animal
cfos_occurrence,Ocurrencia espacial de núcleos c-FOS positivos / núcleos DAPI,182,WATER_NPY1;WATER_NPY3;E9_FR8-1,WATER_NPY2;E7_FR7-1;E8_FR6-1,E7_FR7-5;E8_FR6-3;E8_FR6-4,0.63477452508,0.207537317556,0.16556885265,0.14658594897,False,False,biological animal
cfos_occurrence,Ocurrencia espacial de núcleos c-FOS positivos / núcleos DAPI,183,WATER_NPY1;WATER_NPY3;E9_FR8-1,WATER_NPY2;E7_FR7-1;E8_FR6-3,E7_FR7-5;E8_FR6-1;E8_FR6-4,0.600923442879,0.207537317556,0.156828655789,0.154106710722,False,False,biological animal
cfos_occurrence,Ocurrencia espacial de núcleos c-FOS positivos / núcleos DAPI,184,WATER_NPY1;WATER_NPY3;E9_FR8-1,WATER_NPY2;E7_FR7-1;E8_FR6-4,E7_FR7-5;E8_FR6-1;E8_FR6-3,2.32818782009,0.207537317556,0.202666112306,0.102106846054,False,False,biological animal
cfos_occurrence,Ocurrencia espacial de núcleos c-FOS positivos / núcleos DAPI,185,WATER_NPY1;WATER_NPY3;E9_FR8-1,WATER_NPY2;E7_FR7-5;E8_FR6-1,E7_FR7-1;E8_FR6-3;E8_FR6-4,0.712062908038,0.207537317556,0.133459160332,0.178587431646,False,False,biological animal
cfos_occurrence,Ocurrencia espacial de núcleos c-FOS positivos / núcleos DAPI,186,WATER_NPY1;WATER_NPY3;E9_FR8-1,WATER_NPY2;E7_FR7-5;E8_FR6-3,E7_FR7-1;E8_FR6-1;E8_FR6-4,1.05216078524,0.207537317556,0.121822665893,0.184102836073,False,False,biological animal
cfos_occurrence,Ocurrencia espacial de núcleos c-FOS positivos / núcleos DAPI,187,WATER_NPY1;WATER_NPY3;E9_FR8-1,WATER_NPY2;E7_FR7-5;E8_FR6-4,E7_FR7-1;E8_FR6-1;E8_FR6-3,0.993465975094,0.207537317556,0.164102948762,0.135112165602,False,False,biological animal
cfos_occurrence,Ocurrencia espacial de núcleos c-FOS positivos / núcleos DAPI,188,WATER_NPY1;WATER_NPY3;E9_FR8-1,WATER_NPY2;E8_FR6-1;E8_FR6-3,E7_FR7-1;E7_FR7-5;E8_FR6-4,2.73882204519,0.207537317556,0.0771025607609,0.18959245673,False,False,biological animal
cfos_occurrence,Ocurrencia espacial de núcleos c-FOS positivos / núcleos DAPI,189,WATER_NPY1;WATER_NPY3;E9_FR8-1,WATER_NPY2;E8_FR6-1;E8_FR6-4,E7_FR7-1;E7_FR7-5;E8_FR6-3,2.4259488269,0.207537317556,0.120012976209,0.12088188552,False,False,biological animal
cfos_occurrence,Ocurrencia espacial de núcleos c-FOS positivos / núcleos DAPI,190,WATER_NPY1;WATER_NPY3;E9_FR8-1,WATER_NPY2;E8_FR6-3;E8_FR6-4,E7_FR7-1;E7_FR7-5;E8_FR6-1,2.5639173533,0.207537317556,0.109964085689,0.126925372434,False,False,biological animal
cfos_occurrence,Ocurrencia espacial de núcleos c-FOS positivos / núcleos DAPI,191,WATER_NPY1;WATER_NPY3;E9_FR8-1,E7_FR7-1;E7_FR7-5;E8_FR6-1,WATER_NPY2;E8_FR6-3;E8_FR6-4,2.5639173533,0.207537317556,0.126925372434,0.109964085689,False,False,biological animal
cfos_occurrence,Ocurrencia espacial de núcleos c-FOS positivos / núcleos DAPI,192,WATER_NPY1;WATER_NPY3;E9_FR8-1,E7_FR7-1;E7_FR7-5;E8_FR6-3,WATER_NPY2;E8_FR6-1;E8_FR6-4,2.4259488269,0.207537317556,0.12088188552,0.120012976209,False,False,biological animal
cfos_occurrence,Ocurrencia espacial de núcleos c-FOS positivos / núcleos DAPI,193,WATER_NPY1;WATER_NPY3;E9_FR8-1,E7_FR7-1;E7_FR7-5;E8_FR6-4,WATER_NPY2;E8_FR6-1;E8_FR6-3,2.73882204519,0.207537317556,0.18959245673,0.0771025607609,False,False,biological animal
cfos_occurrence,Ocurrencia espacial de núcleos c-FOS positivos / núcleos DAPI,194,WATER_NPY1;WATER_NPY3;E9_FR8-1,E7_FR7-1;E8_FR6-1;E8_FR6-3,WATER_NPY2;E7_FR7-5;E8_FR6-4,0.993465975094,0.207537317556,0.135112165602,0.164102948762,False,False,biological animal
cfos_occurrence,Ocurrencia espacial de núcleos c-FOS positivos / núcleos DAPI,195,WATER_NPY1;WATER_NPY3;E9_FR8-1,E7_FR7-1;E8_FR6-1;E8_FR6-4,WATER_NPY2;E7_FR7-5;E8_FR6-3,1.05216078524,0.207537317556,0.184102836073,0.121822665893,False,False,biological animal
cfos_occurrence,Ocurrencia espacial de núcleos c-FOS positivos / núcleos DAPI,196,WATER_NPY1;WATER_NPY3;E9_FR8-1,E7_FR7-1;E8_FR6-3;E8_FR6-4,WATER_NPY2;E7_FR7-5;E8_FR6-1,0.712062908038,0.207537317556,0.178587431646,0.133459160332,False,False,biological animal
cfos_occurrence,Ocurrencia espacial de núcleos c-FOS positivos / núcleos DAPI,197,WATER_NPY1;WATER_NPY3;E9_FR8-1,E7_FR7-5;E8_FR6-1;E8_FR6-3,WATER_NPY2;E7_FR7-1;E8_FR6-4,2.32818782009,0.207537317556,0.102106846054,0.202666112306,False,False,biological animal
cfos_occurrence,Ocurrencia espacial de núcleos c-FOS positivos / núcleos DAPI,198,WATER_NPY1;WATER_NPY3;E9_FR8-1,E7_FR7-5;E8_FR6-1;E8_FR6-4,WATER_NPY2;E7_FR7-1;E8_FR6-3,0.600923442879,0.207537317556,0.154106710722,0.156828655789,False,False,biological animal
cfos_occurrence,Ocurrencia espacial de núcleos c-FOS positivos / núcleos DAPI,199,WATER_NPY1;WATER_NPY3;E9_FR8-1,E7_FR7-5;E8_FR6-3;E8_FR6-4,WATER_NPY2;E7_FR7-1;E8_FR6-1,0.63477452508,0.207537317556,0.14658594897,0.16556885265,False,False,biological animal
cfos_occurrence,Ocurrencia espacial de núcleos c-FOS positivos / núcleos DAPI,200,WATER_NPY1;WATER_NPY3;E9_FR8-1,E8_FR6-1;E8_FR6-3;E8_FR6-4,WATER_NPY2;E7_FR7-1;E7_FR7-5,2.27337256239,0.207537317556,0.0940001390035,0.144085962965,False,False,biological animal
cfos_occurrence,Ocurrencia espacial de núcleos c-FOS positivos / núcleos DAPI,201,WATER_NPY1;WATER_NPY3;E8_FR6-1,WATER_NPY2;E7_FR7-1;E7_FR7-5,E9_FR8-1;E8_FR6-3;E8_FR6-4,0.213086904663,0.184767822781,0.144085962965,0.183562577946,False,False,biological animal
cfos_occurrence,Ocurrencia espacial de núcleos c-FOS positivos / núcleos DAPI,202,WATER_NPY1;WATER_NPY3;E8_FR6-1,WATER_NPY2;E7_FR7-1;E9_FR8-1,E7_FR7-5;E8_FR6-3;E8_FR6-4,0.193427396471,0.184767822781,0.162280241501,0.14658594897,False,False,biological animal
cfos_occurrence,Ocurrencia espacial de núcleos c-FOS positivos / núcleos DAPI,203,WATER_NPY1;WATER_NPY3;E8_FR6-1,WATER_NPY2;E7_FR7-1;E8_FR6-3,E7_FR7-5;E9_FR8-1;E8_FR6-4,0.144764181884,0.184767822781,0.156828655789,0.190166664278,False,False,biological animal
cfos_occurrence,Ocurrencia espacial de núcleos c-FOS positivos / núcleos DAPI,204,WATER_NPY1;WATER_NPY3;E8_FR6-1,WATER_NPY2;E7_FR7-1;E8_FR6-4,E7_FR7-5;E9_FR8-1;E8_FR6-3,0.940951048592,0.184767822781,0.202666112306,0.122495409459,False,False,biological animal
cfos_occurrence,Ocurrencia espacial de núcleos c-FOS positivos / núcleos DAPI,205,WATER_NPY1;WATER_NPY3;E8_FR6-1,WATER_NPY2;E7_FR7-5;E9_FR8-1,E7_FR7-1;E8_FR6-3;E8_FR6-4,0.193436823666,0.184767822781,0.143571770456,0.178587431646,False,False,biological animal
cfos_occurrence,Ocurrencia espacial de núcleos c-FOS positivos / núcleos DAPI,206,WATER_NPY1;WATER_NPY3;E8_FR6-1,WATER_NPY2;E7_FR7-5;E8_FR6-3,E7_FR7-1;E9_FR8-1;E8_FR6-4,1.17462915481,0.184767822781,0.121822665893,0.213023460701,False,False,biological animal
cfos_occurrence,Ocurrencia espacial de núcleos c-FOS positivos / núcleos DAPI,207,WATER_NPY1;WATER_NPY3;E8_FR6-1,WATER_NPY2;E7_FR7-5;E8_FR6-4,E7_FR7-1;E9_FR8-1;E8_FR6-3,0.376577465003,0.184767822781,0.164102948762,0.137886924537,False,False,biological animal
cfos_occurrence,Ocurrencia espacial de núcleos c-FOS positivos / núcleos DAPI,208,WATER_NPY1;WATER_NPY3;E8_FR6-1,WATER_NPY2;E9_FR8-1;E8_FR6-3,E7_FR7-1;E7_FR7-5;E8_FR6-4,0.128353549498,0.184767822781,0.158834848678,0.18959245673,False,False,biological animal
cfos_occurrence,Ocurrencia espacial de núcleos c-FOS positivos / núcleos DAPI,209,WATER_NPY1;WATER_NPY3;E8_FR6-1,WATER_NPY2;E9_FR8-1;E8_FR6-4,E7_FR7-1;E7_FR7-5;E8_FR6-3,0.97693196872,0.184767822781,0.201437327672,0.12088188552,False,False,biological animal
cfos_occurrence,Ocurrencia espacial de núcleos c-FOS positivos / núcleos DAPI,210,WATER_NPY1;WATER_NPY3;E8_FR6-1,WATER_NPY2;E8_FR6-3;E8_FR6-4,E7_FR7-1;E7_FR7-5;E9_FR8-1,4.22815306465,0.184767822781,0.109964085689,0.06113494281,False,False,biological animal
cfos_occurrence,Ocurrencia espacial de núcleos c-FOS positivos / núcleos DAPI,211,WATER_NPY1;WATER_NPY3;E8_FR6-1,E7_FR7-1;E7_FR7-5;E9_FR8-1,WATER_NPY2;E8_FR6-3;E8_FR6-4,4.22815306465,0.184767822781,0.06113494281,0.109964085689,False,False,biological animal
cfos_occurrence,Ocurrencia espacial de núcleos c-FOS positivos / núcleos DAPI,212,WATER_NPY1;WATER_NPY3;E8_FR6-1,E7_FR7-1;E7_FR7-5;E8_FR6-3,WATER_NPY2;E9_FR8-1;E8_FR6-4,0.97693196872,0.184767822781,0.12088188552,0.201437327672,False,False,biological animal
cfos_occurrence,Ocurrencia espacial de núcleos c-FOS positivos / núcleos DAPI,213,WATER_NPY1;WATER_NPY3;E8_FR6-1,E7_FR7-1;E7_FR7-5;E8_FR6-4,WATER_NPY2;E9_FR8-1;E8_FR6-3,0.128353549498,0.184767822781,0.18959245673,0.158834848678,False,False,biological animal
cfos_occurrence,Ocurrencia espacial de núcleos c-FOS positivos / núcleos DAPI,214,WATER_NPY1;WATER_NPY3;E8_FR6-1,E7_FR7-1;E9_FR8-1;E8_FR6-3,WATER_NPY2;E7_FR7-5;E8_FR6-4,0.376577465003,0.184767822781,0.137886924537,0.164102948762,False,False,biological animal
cfos_occurrence,Ocurrencia espacial de núcleos c-FOS positivos / núcleos DAPI,215,WATER_NPY1;WATER_NPY3;E8_FR6-1,E7_FR7-1;E9_FR8-1;E8_FR6-4,WATER_NPY2;E7_FR7-5;E8_FR6-3,1.17462915481,0.184767822781,0.213023460701,0.121822665893,False,False,biological animal
cfos_occurrence,Ocurrencia espacial de núcleos c-FOS positivos / núcleos DAPI,216,WATER_NPY1;WATER_NPY3;E8_FR6-1,E7_FR7-1;E8_FR6-3;E8_FR6-4,WATER_NPY2;E7_FR7-5;E9_FR8-1,0.193436823666,0.184767822781,0.178587431646,0.143571770456,False,False,biological animal
cfos_occurrence,Ocurrencia espacial de núcleos c-FOS positivos / núcleos DAPI,217,WATER_NPY1;WATER_NPY3;E8_FR6-1,E7_FR7-5;E9_FR8-1;E8_FR6-3,WATER_NPY2;E7_FR7-1;E8_FR6-4,0.940951048592,0.184767822781,0.122495409459,0.202666112306,False,False,biological animal
cfos_occurrence,Ocurrencia espacial de núcleos c-FOS positivos / núcleos DAPI,218,WATER_NPY1;WATER_NPY3;E8_FR6-1,E7_FR7-5;E9_FR8-1;E8_FR6-4,WATER_NPY2;E7_FR7-1;E8_FR6-3,0.144764181884,0.184767822781,0.190166664278,0.156828655789,False,False,biological animal
cfos_occurrence,Ocurrencia espacial de núcleos c-FOS positivos / núcleos DAPI,219,WATER_NPY1;WATER_NPY3;E8_FR6-1,E7_FR7-5;E8_FR6-3;E8_FR6-4,WATER_NPY2;E7_FR7-1;E9_FR8-1,0.193427396471,0.184767822781,0.14658594897,0.162280241501,False,False,biological animal
cfos_occurrence,Ocurrencia espacial de núcleos c-FOS positivos / núcleos DAPI,220,WATER_NPY1;WATER_NPY3;E8_FR6-1,E9_FR8-1;E8_FR6-3;E8_FR6-4,WATER_NPY2;E7_FR7-1;E7_FR7-5,0.213086904663,0.184767822781,0.183562577946,0.144085962965,False,False,biological animal
cfos_occurrence,Ocurrencia espacial de núcleos c-FOS positivos / núcleos DAPI,221,WATER_NPY1;WATER_NPY3;E8_FR6-3,WATER_NPY2;E7_FR7-1;E7_FR7-5,E9_FR8-1;E8_FR6-1;E8_FR6-4,0.229645422685,0.175754541786,0.144085962965,0.191342895355,False,False,biological animal
cfos_occurrence,Ocurrencia espacial de núcleos c-FOS positivos / núcleos DAPI,222,WATER_NPY1;WATER_NPY3;E8_FR6-3,WATER_NPY2;E7_FR7-1;E9_FR8-1,E7_FR7-5;E8_FR6-1;E8_FR6-4,0.0603107001981,0.175754541786,0.162280241501,0.154106710722,False,False,biological animal
cfos_occurrence,Ocurrencia espacial de núcleos c-FOS positivos / núcleos DAPI,223,WATER_NPY1;WATER_NPY3;E8_FR6-3,WATER_NPY2;E7_FR7-1;E8_FR6-1,E7_FR7-5;E9_FR8-1;E8_FR6-4,0.0659952417064,0.175754541786,0.16556885265,0.190166664278,False,False,biological animal
cfos_occurrence,Ocurrencia espacial de núcleos c-FOS positivos / núcleos DAPI,224,WATER_NPY1;WATER_NPY3;E8_FR6-3,WATER_NPY2;E7_FR7-1;E8_FR6-4,E7_FR7-5;E9_FR8-1;E8_FR6-1,0.634437673121,0.175754541786,0.202666112306,0.129816827847,False,False,biological animal
cfos_occurrence,Ocurrencia espacial de núcleos c-FOS positivos / núcleos DAPI,225,WATER_NPY1;WATER_NPY3;E8_FR6-3,WATER_NPY2;E7_FR7-5;E9_FR8-1,E7_FR7-1;E8_FR6-1;E8_FR6-4,0.175857242324,0.175754541786,0.143571770456,0.184102836073,False,False,biological animal
cfos_occurrence,Ocurrencia espacial de núcleos c-FOS positivos / núcleos DAPI,226,WATER_NPY1;WATER_NPY3;E8_FR6-3,WATER_NPY2;E7_FR7-5;E8_FR6-1,E7_FR7-1;E9_FR8-1;E8_FR6-4,0.792087786456,0.175754541786,0.133459160332,0.213023460701,False,False,biological animal
cfos_occurrence,Ocurrencia espacial de núcleos c-FOS positivos / núcleos DAPI,227,WATER_NPY1;WATER_NPY3;E8_FR6-3,WATER_NPY2;E7_FR7-5;E8_FR6-4,E7_FR7-1;E9_FR8-1;E8_FR6-1,0.160726581712,0.175754541786,0.164102948762,0.142871381155,False,False,biological animal
cfos_occurrence,Ocurrencia espacial de núcleos c-FOS positivos / núcleos DAPI,228,WATER_NPY1;WATER_NPY3;E8_FR6-3,WATER_NPY2;E9_FR8-1;E8_FR6-1,E7_FR7-1;E7_FR7-5;E8_FR6-4,0.0483234827534,0.175754541786,0.16916185466,0.18959245673,False,False,biological animal
cfos_occurrence,Ocurrencia espacial de núcleos c-FOS positivos / núcleos DAPI,229,WATER_NPY1;WATER_NPY3;E8_FR6-3,WATER_NPY2;E9_FR8-1;E8_FR6-4,E7_FR7-1;E7_FR7-5;E8_FR6-1,0.696970528768,0.175754541786,0.201437327672,0.126925372434,False,False,biological animal
cfos_occurrence,Ocurrencia espacial de núcleos c-FOS positivos / núcleos DAPI,230,WATER_NPY1;WATER_NPY3;E8_FR6-3,WATER_NPY2;E8_FR6-1;E8_FR6-4,E7_FR7-1;E7_FR7-5;E9_FR8-1,2.97555602893,0.175754541786,0.120012976209,0.06113494281,False,False,biological animal
cfos_occurrence,Ocurrencia espacial de núcleos c-FOS positivos / núcleos DAPI,231,WATER_NPY1;WATER_NPY3;E8_FR6-3,E7_FR7-1;E7_FR7-5;E9_FR8-1,WATER_NPY2;E8_FR6-1;E8_FR6-4,2.97555602893,0.175754541786,0.06113494281,0.120012976209,False,False,biological animal
cfos_occurrence,Ocurrencia espacial de núcleos c-FOS positivos / núcleos DAPI,232,WATER_NPY1;WATER_NPY3;E8_FR6-3,E7_FR7-1;E7_FR7-5;E8_FR6-1,WATER_NPY2;E9_FR8-1;E8_FR6-4,0.696970528768,0.175754541786,0.126925372434,0.201437327672,False,False,biological animal
cfos_occurrence,Ocurrencia espacial de núcleos c-FOS positivos / núcleos DAPI,233,WATER_NPY1;WATER_NPY3;E8_FR6-3,E7_FR7-1;E7_FR7-5;E8_FR6-4,WATER_NPY2;E9_FR8-1;E8_FR6-1,0.0483234827534,0.175754541786,0.18959245673,0.16916185466,False,False,biological animal
cfos_occurrence,Ocurrencia espacial de núcleos c-FOS positivos / núcleos DAPI,234,WATER_NPY1;WATER_NPY3;E8_FR6-3,E7_FR7-1;E9_FR8-1;E8_FR6-1,WATER_NPY2;E7_FR7-5;E8_FR6-4,0.160726581712,0.175754541786,0.142871381155,0.164102948762,False,False,biological animal
cfos_occurrence,Ocurrencia espacial de núcleos c-FOS positivos / núcleos DAPI,235,WATER_NPY1;WATER_NPY3;E8_FR6-3,E7_FR7-1;E9_FR8-1;E8_FR6-4,WATER_NPY2;E7_FR7-5;E8_FR6-1,0.792087786456,0.175754541786,0.213023460701,0.133459160332,False,False,biological animal
cfos_occurrence,Ocurrencia espacial de núcleos c-FOS positivos / núcleos DAPI,236,WATER_NPY1;WATER_NPY3;E8_FR6-3,E7_FR7-1;E8_FR6-1;E8_FR6-4,WATER_NPY2;E7_FR7-5;E9_FR8-1,0.175857242324,0.175754541786,0.184102836073,0.143571770456,False,False,biological animal
cfos_occurrence,Ocurrencia espacial de núcleos c-FOS positivos / núcleos DAPI,237,WATER_NPY1;WATER_NPY3;E8_FR6-3,E7_FR7-5;E9_FR8-1;E8_FR6-1,WATER_NPY2;E7_FR7-1;E8_FR6-4,0.634437673121,0.175754541786,0.129816827847,0.202666112306,False,False,biological animal
cfos_occurrence,Ocurrencia espacial de núcleos c-FOS positivos / núcleos DAPI,238,WATER_NPY1;WATER_NPY3;E8_FR6-3,E7_FR7-5;E9_FR8-1;E8_FR6-4,WATER_NPY2;E7_FR7-1;E8_FR6-1,0.0659952417064,0.175754541786,0.190166664278,0.16556885265,False,False,biological animal
cfos_occurrence,Ocurrencia espacial de núcleos c-FOS positivos / núcleos DAPI,239,WATER_NPY1;WATER_NPY3;E8_FR6-3,E7_FR7-5;E8_FR6-1;E8_FR6-4,WATER_NPY2;E7_FR7-1;E9_FR8-1,0.0603107001981,0.175754541786,0.154106710722,0.162280241501,False,False,biological animal
cfos_occurrence,Ocurrencia espacial de núcleos c-FOS positivos / núcleos DAPI,240,WATER_NPY1;WATER_NPY3;E8_FR6-3,E9_FR8-1;E8_FR6-1;E8_FR6-4,WATER_NPY2;E7_FR7-1;E7_FR7-5,0.229645422685,0.175754541786,0.191342895355,0.144085962965,False,False,biological animal
cfos_occurrence,Ocurrencia espacial de núcleos c-FOS positivos / núcleos DAPI,241,WATER_NPY1;WATER_NPY3;E8_FR6-4,WATER_NPY2;E7_FR7-1;E7_FR7-5,E9_FR8-1;E8_FR6-1;E8_FR6-3,0.945203421055,0.21161239551,0.144085962965,0.142625398728,False,False,biological animal
cfos_occurrence,Ocurrencia espacial de núcleos c-FOS positivos / núcleos DAPI,242,WATER_NPY1;WATER_NPY3;E8_FR6-4,WATER_NPY2;E7_FR7-1;E9_FR8-1,E7_FR7-5;E8_FR6-1;E8_FR6-3,2.22102166173,0.21161239551,0.162280241501,0.102106846054,False,False,biological animal
cfos_occurrence,Ocurrencia espacial de núcleos c-FOS positivos / núcleos DAPI,243,WATER_NPY1;WATER_NPY3;E8_FR6-4,WATER_NPY2;E7_FR7-1;E8_FR6-1,E7_FR7-5;E9_FR8-1;E8_FR6-3,1.47859239282,0.21161239551,0.16556885265,0.122495409459,False,False,biological animal
cfos_occurrence,Ocurrencia espacial de núcleos c-FOS positivos / núcleos DAPI,244,WATER_NPY1;WATER_NPY3;E8_FR6-4,WATER_NPY2;E7_FR7-1;E8_FR6-3,E7_FR7-5;E9_FR8-1;E8_FR6-1,1.16004579174,0.21161239551,0.156828655789,0.129816827847,False,False,biological animal
cfos_occurrence,Ocurrencia espacial de núcleos c-FOS positivos / núcleos DAPI,245,WATER_NPY1;WATER_NPY3;E8_FR6-4,WATER_NPY2;E7_FR7-5;E9_FR8-1,E7_FR7-1;E8_FR6-1;E8_FR6-3,1.14696236302,0.21161239551,0.143571770456,0.135112165602,False,False,biological animal
cfos_occurrence,Ocurrencia espacial de núcleos c-FOS positivos / núcleos DAPI,246,WATER_NPY1;WATER_NPY3;E8_FR6-4,WATER_NPY2;E7_FR7-5;E8_FR6-1,E7_FR7-1;E9_FR8-1;E8_FR6-3,1.80505072328,0.21161239551,0.133459160332,0.137886924537,False,False,biological animal
cfos_occurrence,Ocurrencia espacial de núcleos c-FOS positivos / núcleos DAPI,247,WATER_NPY1;WATER_NPY3;E8_FR6-4,WATER_NPY2;E7_FR7-5;E8_FR6-3,E7_FR7-1;E9_FR8-1;E8_FR6-1,1.85899909263,0.21161239551,0.121822665893,0.142871381155,False,False,biological animal
cfos_occurrence,Ocurrencia espacial de núcleos c-FOS positivos / núcleos DAPI,248,WATER_NPY1;WATER_NPY3;E8_FR6-4,WATER_NPY2;E9_FR8-1;E8_FR6-1,E7_FR7-1;E7_FR7-5;E8_FR6-3,1.68449641866,0.21161239551,0.16916185466,0.12088188552,False,False,biological animal
cfos_occurrence,Ocurrencia espacial de núcleos c-FOS positivos / núcleos DAPI,249,WATER_NPY1;WATER_NPY3;E8_FR6-4,WATER_NPY2;E9_FR8-1;E8_FR6-3,E7_FR7-1;E7_FR7-5;E8_FR6-1,1.39625968375,0.21161239551,0.158834848678,0.126925372434,False,False,biological animal
cfos_occurrence,Ocurrencia espacial de núcleos c-FOS positivos / núcleos DAPI,250,WATER_NPY1;WATER_NPY3;E8_FR6-4,WATER_NPY2;E8_FR6-1;E8_FR6-3,E7_FR7-1;E7_FR7-5;E9_FR8-1,7.9419986259,0.21161239551,0.0771025607609,0.06113494281,False,True,biological animal
cfos_occurrence,Ocurrencia espacial de núcleos c-FOS positivos / núcleos DAPI,251,WATER_NPY1;WATER_NPY3;E8_FR6-4,E7_FR7-1;E7_FR7-5;E9_FR8-1,WATER_NPY2;E8_FR6-1;E8_FR6-3,7.9419986259,0.21161239551,0.06113494281,0.0771025607609,False,True,biological animal
cfos_occurrence,Ocurrencia espacial de núcleos c-FOS positivos / núcleos DAPI,252,WATER_NPY1;WATER_NPY3;E8_FR6-4,E7_FR7-1;E7_FR7-5;E8_FR6-1,WATER_NPY2;E9_FR8-1;E8_FR6-3,1.39625968375,0.21161239551,0.126925372434,0.158834848678,False,False,biological animal
cfos_occurrence,Ocurrencia espacial de núcleos c-FOS positivos / núcleos DAPI,253,WATER_NPY1;WATER_NPY3;E8_FR6-4,E7_FR7-1;E7_FR7-5;E8_FR6-3,WATER_NPY2;E9_FR8-1;E8_FR6-1,1.68449641866,0.21161239551,0.12088188552,0.16916185466,False,False,biological animal
cfos_occurrence,Ocurrencia espacial de núcleos c-FOS positivos / núcleos DAPI,254,WATER_NPY1;WATER_NPY3;E8_FR6-4,E7_FR7-1;E9_FR8-1;E8_FR6-1,WATER_NPY2;E7_FR7-5;E8_FR6-3,1.85899909263,0.21161239551,0.142871381155,0.121822665893,False,False,biological animal
cfos_occurrence,Ocurrencia espacial de núcleos c-FOS positivos / núcleos DAPI,255,WATER_NPY1;WATER_NPY3;E8_FR6-4,E7_FR7-1;E9_FR8-1;E8_FR6-3,WATER_NPY2;E7_FR7-5;E8_FR6-1,1.80505072328,0.21161239551,0.137886924537,0.133459160332,False,False,biological animal
cfos_occurrence,Ocurrencia espacial de núcleos c-FOS positivos / núcleos DAPI,256,WATER_NPY1;WATER_NPY3;E8_FR6-4,E7_FR7-1;E8_FR6-1;E8_FR6-3,WATER_NPY2;E7_FR7-5;E9_FR8-1,1.14696236302,0.21161239551,0.135112165602,0.143571770456,False,False,biological animal
cfos_occurrence,Ocurrencia espacial de núcleos c-FOS positivos / núcleos DAPI,257,WATER_NPY1;WATER_NPY3;E8_FR6-4,E7_FR7-5;E9_FR8-1;E8_FR6-1,WATER_NPY2;E7_FR7-1;E8_FR6-3,1.16004579174,0.21161239551,0.129816827847,0.156828655789,False,False,biological animal
cfos_occurrence,Ocurrencia espacial de núcleos c-FOS positivos / núcleos DAPI,258,WATER_NPY1;WATER_NPY3;E8_FR6-4,E7_FR7-5;E9_FR8-1;E8_FR6-3,WATER_NPY2;E7_FR7-1;E8_FR6-1,1.47859239282,0.21161239551,0.122495409459,0.16556885265,False,False,biological animal
cfos_occurrence,Ocurrencia espacial de núcleos c-FOS positivos / núcleos DAPI,259,WATER_NPY1;WATER_NPY3;E8_FR6-4,E7_FR7-5;E8_FR6-1;E8_FR6-3,WATER_NPY2;E7_FR7-1;E9_FR8-1,2.22102166173,0.21161239551,0.102106846054,0.162280241501,False,False,biological animal
cfos_occurrence,Ocurrencia espacial de núcleos c-FOS positivos / núcleos DAPI,260,WATER_NPY1;WATER_NPY3;E8_FR6-4,E9_FR8-1;E8_FR6-1;E8_FR6-3,WATER_NPY2;E7_FR7-1;E7_FR7-5,0.945203421055,0.21161239551,0.142625398728,0.144085962965,False,False,biological animal
cfos_occurrence,Ocurrencia espacial de núcleos c-FOS positivos / núcleos DAPI,261,WATER_NPY1;E7_FR7-1;E7_FR7-5,WATER_NPY2;WATER_NPY3;E9_FR8-1,E8_FR6-1;E8_FR6-3;E8_FR6-4,1.62671682144,0.179886201248,0.16592639567,0.0940001390035,False,False,biological animal
cfos_occurrence,Ocurrencia espacial de núcleos c-FOS positivos / núcleos DAPI,262,WATER_NPY1;E7_FR7-1;E7_FR7-5,WATER_NPY2;WATER_NPY3;E8_FR6-1,E9_FR8-1;E8_FR6-3;E8_FR6-4,0.0132446778337,0.179886201248,0.173189579894,0.183562577946,False,False,biological animal
cfos_occurrence,Ocurrencia espacial de núcleos c-FOS positivos / núcleos DAPI,263,WATER_NPY1;E7_FR7-1;E7_FR7-5,WATER_NPY2;WATER_NPY3;E8_FR6-3,E9_FR8-1;E8_FR6-1;E8_FR6-4,0.114437836796,0.179886201248,0.161572306475,0.191342895355,False,False,biological animal
cfos_occurrence,Ocurrencia espacial de núcleos c-FOS positivos / núcleos DAPI,264,WATER_NPY1;E7_FR7-1;E7_FR7-5,WATER_NPY2;WATER_NPY3;E8_FR6-4,E9_FR8-1;E8_FR6-1;E8_FR6-3,0.488932147915,0.179886201248,0.19932441033,0.142625398728,False,False,biological animal
cfos_occurrence,Ocurrencia espacial de núcleos c-FOS positivos / núcleos DAPI,265,WATER_NPY1;E7_FR7-1;E7_FR7-5,WATER_NPY2;E9_FR8-1;E8_FR6-1,WATER_NPY3;E8_FR6-3;E8_FR6-4,0.0382194633534,0.179886201248,0.16916185466,0.185366063715,False,False,biological animal
cfos_occurrence,Ocurrencia espacial de núcleos c-FOS positivos / núcleos DAPI,266,WATER_NPY1;E7_FR7-1;E7_FR7-5,WATER_NPY2;E9_FR8-1;E8_FR6-3,WATER_NPY3;E8_FR6-1;E8_FR6-4,0.18222035779,0.179886201248,0.158834848678,0.19390681198,False,False,biological animal
cfos_occurrence,Ocurrencia espacial de núcleos c-FOS positivos / núcleos DAPI,267,WATER_NPY1;E7_FR7-1;E7_FR7-5,WATER_NPY2;E9_FR8-1;E8_FR6-4,WATER_NPY3;E8_FR6-1;E8_FR6-3,0.377828011541,0.179886201248,0.201437327672,0.148417989643,False,False,biological animal
cfos_occurrence,Ocurrencia espacial de núcleos c-FOS positivos / núcleos DAPI,268,WATER_NPY1;E7_FR7-1;E7_FR7-5,WATER_NPY2;E8_FR6-1;E8_FR6-3,WATER_NPY3;E9_FR8-1;E8_FR6-4,2.98796373276,0.179886201248,0.0771025607609,0.213419517422,False,False,biological animal
cfos_occurrence,Ocurrencia espacial de núcleos c-FOS positivos / núcleos DAPI,269,WATER_NPY1;E7_FR7-1;E7_FR7-5,WATER_NPY2;E8_FR6-1;E8_FR6-4,WATER_NPY3;E9_FR8-1;E8_FR6-3,0.852947731519,0.179886201248,0.120012976209,0.148034243925,False,False,biological animal
cfos_occurrence,Ocurrencia espacial de núcleos c-FOS positivos / núcleos DAPI,270,WATER_NPY1;E7_FR7-1;E7_FR7-5,WATER_NPY2;E8_FR6-3;E8_FR6-4,WATER_NPY3;E9_FR8-1;E8_FR6-1,1.10587001175,0.179886201248,0.109964085689,0.156345004239,False,False,biological animal
cfos_occurrence,Ocurrencia espacial de núcleos c-FOS positivos / núcleos DAPI,271,WATER_NPY1;E7_FR7-1;E7_FR7-5,WATER_NPY3;E9_FR8-1;E8_FR6-1,WATER_NPY2;E8_FR6-3;E8_FR6-4,1.10587001175,0.179886201248,0.156345004239,0.109964085689,False,False,biological animal
cfos_occurrence,Ocurrencia espacial de núcleos c-FOS positivos / núcleos DAPI,272,WATER_NPY1;E7_FR7-1;E7_FR7-5,WATER_NPY3;E9_FR8-1;E8_FR6-3,WATER_NPY2;E8_FR6-1;E8_FR6-4,0.852947731519,0.179886201248,0.148034243925,0.120012976209,False,False,biological animal
cfos_occurrence,Ocurrencia espacial de núcleos c-FOS positivos / núcleos DAPI,273,WATER_NPY1;E7_FR7-1;E7_FR7-5,WATER_NPY3;E9_FR8-1;E8_FR6-4,WATER_NPY2;E8_FR6-1;E8_FR6-3,2.98796373276,0.179886201248,0.213419517422,0.0771025607609,False,False,biological animal
cfos_occurrence,Ocurrencia espacial de núcleos c-FOS positivos / núcleos DAPI,274,WATER_NPY1;E7_FR7-1;E7_FR7-5,WATER_NPY3;E8_FR6-1;E8_FR6-3,WATER_NPY2;E9_FR8-1;E8_FR6-4,0.377828011541,0.179886201248,0.148417989643,0.201437327672,False,False,biological animal
cfos_occurrence,Ocurrencia espacial de núcleos c-FOS positivos / núcleos DAPI,275,WATER_NPY1;E7_FR7-1;E7_FR7-5,WATER_NPY3;E8_FR6-1;E8_FR6-4,WATER_NPY2;E9_FR8-1;E8_FR6-3,0.18222035779,0.179886201248,0.19390681198,0.158834848678,False,False,biological animal
cfos_occurrence,Ocurrencia espacial de núcleos c-FOS positivos / núcleos DAPI,276,WATER_NPY1;E7_FR7-1;E7_FR7-5,WATER_NPY3;E8_FR6-3;E8_FR6-4,WATER_NPY2;E9_FR8-1;E8_FR6-1,0.0382194633534,0.179886201248,0.185366063715,0.16916185466,False,False,biological animal
cfos_occurrence,Ocurrencia espacial de núcleos c-FOS positivos / núcleos DAPI,277,WATER_NPY1;E7_FR7-1;E7_FR7-5,E9_FR8-1;E8_FR6-1;E8_FR6-3,WATER_NPY2;WATER_NPY3;E8_FR6-4,0.488932147915,0.179886201248,0.142625398728,0.19932441033,False,False,biological animal
cfos_occurrence,Ocurrencia espacial de núcleos c-FOS positivos / núcleos DAPI,278,WATER_NPY1;E7_FR7-1;E7_FR7-5,E9_FR8-1;E8_FR6-1;E8_FR6-4,WATER_NPY2;WATER_NPY3;E8_FR6-3,0.114437836796,0.179886201248,0.191342895355,0.161572306475,False,False,biological animal
cfos_occurrence,Ocurrencia espacial de núcleos c-FOS positivos / núcleos DAPI,279,WATER_NPY1;E7_FR7-1;E7_FR7-5,E9_FR8-1;E8_FR6-3;E8_FR6-4,WATER_NPY2;WATER_NPY3;E8_FR6-1,0.0132446778337,0.179886201248,0.183562577946,0.173189579894,False,False,biological animal
cfos_occurrence,Ocurrencia espacial de núcleos c-FOS positivos / núcleos DAPI,280,WATER_NPY1;E7_FR7-1;E7_FR7-5,E8_FR6-1;E8_FR6-3;E8_FR6-4,WATER_NPY2;WATER_NPY3;E9_FR8-1,1.62671682144,0.179886201248,0.0940001390035,0.16592639567,False,False,biological animal
cfos_occurrence,Ocurrencia espacial de núcleos c-FOS positivos / núcleos DAPI,281,WATER_NPY1;E7_FR7-1;E9_FR8-1,WATER_NPY2;WATER_NPY3;E7_FR7-5,E8_FR6-1;E8_FR6-3;E8_FR6-4,1.96320604217,0.19965383875,0.144286763472,0.0940001390035,False,False,biological animal
cfos_occurrence,Ocurrencia espacial de núcleos c-FOS positivos / núcleos DAPI,282,WATER_NPY1;E7_FR7-1;E9_FR8-1,WATER_NPY2;WATER_NPY3;E8_FR6-1,E7_FR7-5;E8_FR6-3;E8_FR6-4,0.452239648378,0.19965383875,0.173189579894,0.14658594897,False,False,biological animal
cfos_occurrence,Ocurrencia espacial de núcleos c-FOS positivos / núcleos DAPI,283,WATER_NPY1;E7_FR7-1;E9_FR8-1,WATER_NPY2;WATER_NPY3;E8_FR6-3,E7_FR7-5;E8_FR6-1;E8_FR6-4,0.396340188954,0.19965383875,0.161572306475,0.154106710722,False,False,biological animal
cfos_occurrence,Ocurrencia espacial de núcleos c-FOS positivos / núcleos DAPI,284,WATER_NPY1;E7_FR7-1;E9_FR8-1,WATER_NPY2;WATER_NPY3;E8_FR6-4,E7_FR7-5;E8_FR6-1;E8_FR6-3,2.12536833555,0.19965383875,0.19932441033,0.102106846054,False,False,biological animal
cfos_occurrence,Ocurrencia espacial de núcleos c-FOS positivos / núcleos DAPI,285,WATER_NPY1;E7_FR7-1;E9_FR8-1,WATER_NPY2;E7_FR7-5;E8_FR6-1,WATER_NPY3;E8_FR6-3;E8_FR6-4,0.75365673802,0.19965383875,0.133459160332,0.185366063715,False,False,biological animal
cfos_occurrence,Ocurrencia espacial de núcleos c-FOS positivos / núcleos DAPI,286,WATER_NPY1;E7_FR7-1;E9_FR8-1,WATER_NPY2;E7_FR7-5;E8_FR6-3,WATER_NPY3;E8_FR6-1;E8_FR6-4,1.24115629356,0.19965383875,0.121822665893,0.19390681198,False,False,biological animal
cfos_occurrence,Ocurrencia espacial de núcleos c-FOS positivos / núcleos DAPI,287,WATER_NPY1;E7_FR7-1;E9_FR8-1,WATER_NPY2;E7_FR7-5;E8_FR6-4,WATER_NPY3;E8_FR6-1;E8_FR6-3,0.464075107232,0.19965383875,0.164102948762,0.148417989643,False,False,biological animal
cfos_occurrence,Ocurrencia espacial de núcleos c-FOS positivos / núcleos DAPI,288,WATER_NPY1;E7_FR7-1;E9_FR8-1,WATER_NPY2;E8_FR6-1;E8_FR6-3,WATER_NPY3;E7_FR7-5;E8_FR6-4,2.64545176278,0.19965383875,0.0771025607609,0.188229081385,False,False,biological animal
cfos_occurrence,Ocurrencia espacial de núcleos c-FOS positivos / núcleos DAPI,289,WATER_NPY1;E7_FR7-1;E9_FR8-1,WATER_NPY2;E8_FR6-1;E8_FR6-4,WATER_NPY3;E7_FR7-5;E8_FR6-3,1.61250664117,0.19965383875,0.120012976209,0.123850801143,False,False,biological animal
cfos_occurrence,Ocurrencia espacial de núcleos c-FOS positivos / núcleos DAPI,290,WATER_NPY1;E7_FR7-1;E9_FR8-1,WATER_NPY2;E8_FR6-3;E8_FR6-4,WATER_NPY3;E7_FR7-5;E8_FR6-1,1.57604261921,0.19965383875,0.109964085689,0.131679683057,False,False,biological animal
cfos_occurrence,Ocurrencia espacial de núcleos c-FOS positivos / núcleos DAPI,291,WATER_NPY1;E7_FR7-1;E9_FR8-1,WATER_NPY3;E7_FR7-5;E8_FR6-1,WATER_NPY2;E8_FR6-3;E8_FR6-4,1.57604261921,0.19965383875,0.131679683057,0.109964085689,False,False,biological animal
cfos_occurrence,Ocurrencia espacial de núcleos c-FOS positivos / núcleos DAPI,292,WATER_NPY1;E7_FR7-1;E9_FR8-1,WATER_NPY3;E7_FR7-5;E8_FR6-3,WATER_NPY2;E8_FR6-1;E8_FR6-4,1.61250664117,0.19965383875,0.123850801143,0.120012976209,False,False,biological animal
cfos_occurrence,Ocurrencia espacial de núcleos c-FOS positivos / núcleos DAPI,293,WATER_NPY1;E7_FR7-1;E9_FR8-1,WATER_NPY3;E7_FR7-5;E8_FR6-4,WATER_NPY2;E8_FR6-1;E8_FR6-3,2.64545176278,0.19965383875,0.188229081385,0.0771025607609,False,False,biological animal
cfos_occurrence,Ocurrencia espacial de núcleos c-FOS positivos / núcleos DAPI,294,WATER_NPY1;E7_FR7-1;E9_FR8-1,WATER_NPY3;E8_FR6-1;E8_FR6-3,WATER_NPY2;E7_FR7-5;E8_FR6-4,0.464075107232,0.19965383875,0.148417989643,0.164102948762,False,False,biological animal
cfos_occurrence,Ocurrencia espacial de núcleos c-FOS positivos / núcleos DAPI,295,WATER_NPY1;E7_FR7-1;E9_FR8-1,WATER_NPY3;E8_FR6-1;E8_FR6-4,WATER_NPY2;E7_FR7-5;E8_FR6-3,1.24115629356,0.19965383875,0.19390681198,0.121822665893,False,False,biological animal
cfos_occurrence,Ocurrencia espacial de núcleos c-FOS positivos / núcleos DAPI,296,WATER_NPY1;E7_FR7-1;E9_FR8-1,WATER_NPY3;E8_FR6-3;E8_FR6-4,WATER_NPY2;E7_FR7-5;E8_FR6-1,0.75365673802,0.19965383875,0.185366063715,0.133459160332,False,False,biological animal
cfos_occurrence,Ocurrencia espacial de núcleos c-FOS positivos / núcleos DAPI,297,WATER_NPY1;E7_FR7-1;E9_FR8-1,E7_FR7-5;E8_FR6-1;E8_FR6-3,WATER_NPY2;WATER_NPY3;E8_FR6-4,2.12536833555,0.19965383875,0.102106846054,0.19932441033,False,False,biological animal
cfos_occurrence,Ocurrencia espacial de núcleos c-FOS positivos / núcleos DAPI,298,WATER_NPY1;E7_FR7-1;E9_FR8-1,E7_FR7-5;E8_FR6-1;E8_FR6-4,WATER_NPY2;WATER_NPY3;E8_FR6-3,0.396340188954,0.19965383875,0.154106710722,0.161572306475,False,False,biological animal
cfos_occurrence,Ocurrencia espacial de núcleos c-FOS positivos / núcleos DAPI,299,WATER_NPY1;E7_FR7-1;E9_FR8-1,E7_FR7-5;E8_FR6-3;E8_FR6-4,WATER_NPY2;WATER_NPY3;E8_FR6-1,0.452239648378,0.19965383875,0.14658594897,0.173189579894,False,False,biological animal
cfos_occurrence,Ocurrencia espacial de núcleos c-FOS positivos / núcleos DAPI,300,WATER_NPY1;E7_FR7-1;E9_FR8-1,E8_FR6-1;E8_FR6-3;E8_FR6-4,WATER_NPY2;WATER_NPY3;E7_FR7-5,1.96320604217,0.19965383875,0.0940001390035,0.144286763472,False,False,biological animal
cfos_occurrence,Ocurrencia espacial de núcleos c-FOS positivos / núcleos DAPI,301,WATER_NPY1;E7_FR7-1;E8_FR6-1,WATER_NPY2;WATER_NPY3;E7_FR7-5,E9_FR8-1;E8_FR6-3;E8_FR6-4,0.156090146452,0.170084800188,0.144286763472,0.183562577946,False,False,biological animal
cfos_occurrence,Ocurrencia espacial de núcleos c-FOS positivos / núcleos DAPI,302,WATER_NPY1;E7_FR7-1;E8_FR6-1,WATER_NPY2;WATER_NPY3;E9_FR8-1,E7_FR7-5;E8_FR6-3;E8_FR6-4,0.0826223617455,0.170084800188,0.16592639567,0.14658594897,False,False,biological animal
cfos_occurrence,Ocurrencia espacial de núcleos c-FOS positivos / núcleos DAPI,303,WATER_NPY1;E7_FR7-1;E8_FR6-1,WATER_NPY2;WATER_NPY3;E8_FR6-3,E7_FR7-5;E9_FR8-1;E8_FR6-4,0.0958407106989,0.170084800188,0.161572306475,0.190166664278,False,False,biological animal
cfos_occurrence,Ocurrencia espacial de núcleos c-FOS positivos / núcleos DAPI,304,WATER_NPY1;E7_FR7-1;E8_FR6-1,WATER_NPY2;WATER_NPY3;E8_FR6-4,E7_FR7-5;E9_FR8-1;E8_FR6-3,0.796977160869,0.170084800188,0.19932441033,0.122495409459,False,False,biological animal
cfos_occurrence,Ocurrencia espacial de núcleos c-FOS positivos / núcleos DAPI,305,WATER_NPY1;E7_FR7-1;E8_FR6-1,WATER_NPY2;E7_FR7-5;E9_FR8-1,WATER_NPY3;E8_FR6-3;E8_FR6-4,0.199378157419,0.170084800188,0.143571770456,0.185366063715,False,False,biological animal
cfos_occurrence,Ocurrencia espacial de núcleos c-FOS positivos / núcleos DAPI,306,WATER_NPY1;E7_FR7-1;E8_FR6-1,WATER_NPY2;E7_FR7-5;E8_FR6-3,WATER_NPY3;E9_FR8-1;E8_FR6-4,1.14126044425,0.170084800188,0.121822665893,0.213419517422,False,False,biological animal
cfos_occurrence,Ocurrencia espacial de núcleos c-FOS positivos / núcleos DAPI,307,WATER_NPY1;E7_FR7-1;E8_FR6-1,WATER_NPY2;E7_FR7-5;E8_FR6-4,WATER_NPY3;E9_FR8-1;E8_FR6-3,0.0865323695352,0.170084800188,0.164102948762,0.148034243925,False,False,biological animal
cfos_occurrence,Ocurrencia espacial de núcleos c-FOS positivos / núcleos DAPI,308,WATER_NPY1;E7_FR7-1;E8_FR6-1,WATER_NPY2;E9_FR8-1;E8_FR6-3,WATER_NPY3;E7_FR7-5;E8_FR6-4,0.105848705716,0.170084800188,0.158834848678,0.188229081385,False,False,biological animal
cfos_occurrence,Ocurrencia espacial de núcleos c-FOS positivos / núcleos DAPI,309,WATER_NPY1;E7_FR7-1;E8_FR6-1,WATER_NPY2;E9_FR8-1;E8_FR6-4,WATER_NPY3;E7_FR7-5;E8_FR6-3,0.72601567136,0.170084800188,0.201437327672,0.123850801143,False,False,biological animal
cfos_occurrence,Ocurrencia espacial de núcleos c-FOS positivos / núcleos DAPI,310,WATER_NPY1;E7_FR7-1;E8_FR6-1,WATER_NPY2;E8_FR6-3;E8_FR6-4,WATER_NPY3;E7_FR7-5;E9_FR8-1,2.54374535209,0.170084800188,0.109964085689,0.0707104698796,False,False,biological animal
cfos_occurrence,Ocurrencia espacial de núcleos c-FOS positivos / núcleos DAPI,311,WATER_NPY1;E7_FR7-1;E8_FR6-1,WATER_NPY3;E7_FR7-5;E9_FR8-1,WATER_NPY2;E8_FR6-3;E8_FR6-4,2.54374535209,0.170084800188,0.0707104698796,0.109964085689,False,False,biological animal
cfos_occurrence,Ocurrencia espacial de núcleos c-FOS positivos / núcleos DAPI,312,WATER_NPY1;E7_FR7-1;E8_FR6-1,WATER_NPY3;E7_FR7-5;E8_FR6-3,WATER_NPY2;E9_FR8-1;E8_FR6-4,0.72601567136,0.170084800188,0.123850801143,0.201437327672,False,False,biological animal
cfos_occurrence,Ocurrencia espacial de núcleos c-FOS positivos / núcleos DAPI,313,WATER_NPY1;E7_FR7-1;E8_FR6-1,WATER_NPY3;E7_FR7-5;E8_FR6-4,WATER_NPY2;E9_FR8-1;E8_FR6-3,0.105848705716,0.170084800188,0.188229081385,0.158834848678,False,False,biological animal
cfos_occurrence,Ocurrencia espacial de núcleos c-FOS positivos / núcleos DAPI,314,WATER_NPY1;E7_FR7-1;E8_FR6-1,WATER_NPY3;E9_FR8-1;E8_FR6-3,WATER_NPY2;E7_FR7-5;E8_FR6-4,0.0865323695352,0.170084800188,0.148034243925,0.164102948762,False,False,biological animal
cfos_occurrence,Ocurrencia espacial de núcleos c-FOS positivos / núcleos DAPI,315,WATER_NPY1;E7_FR7-1;E8_FR6-1,WATER_NPY3;E9_FR8-1;E8_FR6-4,WATER_NPY2;E7_FR7-5;E8_FR6-3,1.14126044425,0.170084800188,0.213419517422,0.121822665893,False,False,biological animal
cfos_occurrence,Ocurrencia espacial de núcleos c-FOS positivos / núcleos DAPI,316,WATER_NPY1;E7_FR7-1;E8_FR6-1,WATER_NPY3;E8_FR6-3;E8_FR6-4,WATER_NPY2;E7_FR7-5;E9_FR8-1,0.199378157419,0.170084800188,0.185366063715,0.143571770456,False,False,biological animal
cfos_occurrence,Ocurrencia espacial de núcleos c-FOS positivos / núcleos DAPI,317,WATER_NPY1;E7_FR7-1;E8_FR6-1,E7_FR7-5;E9_FR8-1;E8_FR6-3,WATER_NPY2;WATER_NPY3;E8_FR6-4,0.796977160869,0.170084800188,0.122495409459,0.19932441033,False,False,biological animal
cfos_occurrence,Ocurrencia espacial de núcleos c-FOS positivos / núcleos DAPI,318,WATER_NPY1;E7_FR7-1;E8_FR6-1,E7_FR7-5;E9_FR8-1;E8_FR6-4,WATER_NPY2;WATER_NPY3;E8_FR6-3,0.0958407106989,0.170084800188,0.190166664278,0.161572306475,False,False,biological animal
cfos_occurrence,Ocurrencia espacial de núcleos c-FOS positivos / núcleos DAPI,319,WATER_NPY1;E7_FR7-1;E8_FR6-1,E7_FR7-5;E8_FR6-3;E8_FR6-4,WATER_NPY2;WATER_NPY3;E9_FR8-1,0.0826223617455,0.170084800188,0.14658594897,0.16592639567,False,False,biological animal
cfos_occurrence,Ocurrencia espacial de núcleos c-FOS positivos / núcleos DAPI,320,WATER_NPY1;E7_FR7-1;E8_FR6-1,E9_FR8-1;E8_FR6-3;E8_FR6-4,WATER_NPY2;WATER_NPY3;E7_FR7-5,0.156090146452,0.170084800188,0.183562577946,0.144286763472,False,False,biological animal
cfos_occurrence,Ocurrencia espacial de núcleos c-FOS positivos / núcleos DAPI,321,WATER_NPY1;E7_FR7-1;E8_FR6-3,WATER_NPY2;WATER_NPY3;E7_FR7-5,E9_FR8-1;E8_FR6-1;E8_FR6-4,0.225947536823,0.16597521685,0.144286763472,0.191342895355,False,False,biological animal
cfos_occurrence,Ocurrencia espacial de núcleos c-FOS positivos / núcleos DAPI,322,WATER_NPY1;E7_FR7-1;E8_FR6-3,WATER_NPY2;WATER_NPY3;E9_FR8-1,E7_FR7-5;E8_FR6-1;E8_FR6-4,0.0249608592429,0.16597521685,0.16592639567,0.154106710722,False,False,biological animal
cfos_occurrence,Ocurrencia espacial de núcleos c-FOS positivos / núcleos DAPI,323,WATER_NPY1;E7_FR7-1;E8_FR6-3,WATER_NPY2;WATER_NPY3;E8_FR6-1,E7_FR7-5;E9_FR8-1;E8_FR6-4,0.0679384181599,0.16597521685,0.173189579894,0.190166664278,False,False,biological animal
cfos_occurrence,Ocurrencia espacial de núcleos c-FOS positivos / núcleos DAPI,324,WATER_NPY1;E7_FR7-1;E8_FR6-3,WATER_NPY2;WATER_NPY3;E8_FR6-4,E7_FR7-5;E9_FR8-1;E8_FR6-1,0.593462918646,0.16597521685,0.19932441033,0.129816827847,False,False,biological animal
cfos_occurrence,Ocurrencia espacial de núcleos c-FOS positivos / núcleos DAPI,325,WATER_NPY1;E7_FR7-1;E8_FR6-3,WATER_NPY2;E7_FR7-5;E9_FR8-1,WATER_NPY3;E8_FR6-1;E8_FR6-4,0.290849667758,0.16597521685,0.143571770456,0.19390681198,False,False,biological animal
cfos_occurrence,Ocurrencia espacial de núcleos c-FOS positivos / núcleos DAPI,326,WATER_NPY1;E7_FR7-1;E8_FR6-3,WATER_NPY2;E7_FR7-5;E8_FR6-1,WATER_NPY3;E9_FR8-1;E8_FR6-4,0.861233383532,0.16597521685,0.133459160332,0.213419517422,False,False,biological animal
cfos_occurrence,Ocurrencia espacial de núcleos c-FOS positivos / núcleos DAPI,327,WATER_NPY1;E7_FR7-1;E8_FR6-3,WATER_NPY2;E7_FR7-5;E8_FR6-4,WATER_NPY3;E9_FR8-1;E8_FR6-1,0.0155655444344,0.16597521685,0.164102948762,0.156345004239,False,False,biological animal
cfos_occurrence,Ocurrencia espacial de núcleos c-FOS positivos / núcleos DAPI,328,WATER_NPY1;E7_FR7-1;E8_FR6-3,WATER_NPY2;E9_FR8-1;E8_FR6-1,WATER_NPY3;E7_FR7-5;E8_FR6-4,0.0693272535712,0.16597521685,0.16916185466,0.188229081385,False,False,biological animal
cfos_occurrence,Ocurrencia espacial de núcleos c-FOS positivos / núcleos DAPI,329,WATER_NPY1;E7_FR7-1;E8_FR6-3,WATER_NPY2;E9_FR8-1;E8_FR6-4,WATER_NPY3;E7_FR7-5;E8_FR6-1,0.525266587886,0.16597521685,0.201437327672,0.131679683057,False,False,biological animal
cfos_occurrence,Ocurrencia espacial de núcleos c-FOS positivos / núcleos DAPI,330,WATER_NPY1;E7_FR7-1;E8_FR6-3,WATER_NPY2;E8_FR6-1;E8_FR6-4,WATER_NPY3;E7_FR7-5;E9_FR8-1,2.13199205149,0.16597521685,0.120012976209,0.0707104698796,False,False,biological animal
cfos_occurrence,Ocurrencia espacial de núcleos c-FOS positivos / núcleos DAPI,331,WATER_NPY1;E7_FR7-1;E8_FR6-3,WATER_NPY3;E7_FR7-5;E9_FR8-1,WATER_NPY2;E8_FR6-1;E8_FR6-4,2.13199205149,0.16597521685,0.0707104698796,0.120012976209,False,False,biological animal
cfos_occurrence,Ocurrencia espacial de núcleos c-FOS positivos / núcleos DAPI,332,WATER_NPY1;E7_FR7-1;E8_FR6-3,WATER_NPY3;E7_FR7-5;E8_FR6-1,WATER_NPY2;E9_FR8-1;E8_FR6-4,0.525266587886,0.16597521685,0.131679683057,0.201437327672,False,False,biological animal
cfos_occurrence,Ocurrencia espacial de núcleos c-FOS positivos / núcleos DAPI,333,WATER_NPY1;E7_FR7-1;E8_FR6-3,WATER_NPY3;E7_FR7-5;E8_FR6-4,WATER_NPY2;E9_FR8-1;E8_FR6-1,0.0693272535712,0.16597521685,0.188229081385,0.16916185466,False,False,biological animal
cfos_occurrence,Ocurrencia espacial de núcleos c-FOS positivos / núcleos DAPI,334,WATER_NPY1;E7_FR7-1;E8_FR6-3,WATER_NPY3;E9_FR8-1;E8_FR6-1,WATER_NPY2;E7_FR7-5;E8_FR6-4,0.0155655444344,0.16597521685,0.156345004239,0.164102948762,False,False,biological animal
cfos_occurrence,Ocurrencia espacial de núcleos c-FOS positivos / núcleos DAPI,335,WATER_NPY1;E7_FR7-1;E8_FR6-3,WATER_NPY3;E9_FR8-1;E8_FR6-4,WATER_NPY2;E7_FR7-5;E8_FR6-1,0.861233383532,0.16597521685,0.213419517422,0.133459160332,False,False,biological animal
cfos_occurrence,Ocurrencia espacial de núcleos c-FOS positivos / núcleos DAPI,336,WATER_NPY1;E7_FR7-1;E8_FR6-3,WATER_NPY3;E8_FR6-1;E8_FR6-4,WATER_NPY2;E7_FR7-5;E9_FR8-1,0.290849667758,0.16597521685,0.19390681198,0.143571770456,False,False,biological animal
cfos_occurrence,Ocurrencia espacial de núcleos c-FOS positivos / núcleos DAPI,337,WATER_NPY1;E7_FR7-1;E8_FR6-3,E7_FR7-5;E9_FR8-1;E8_FR6-1,WATER_NPY2;WATER_NPY3;E8_FR6-4,0.593462918646,0.16597521685,0.129816827847,0.19932441033,False,False,biological animal
cfos_occurrence,Ocurrencia espacial de núcleos c-FOS positivos / núcleos DAPI,338,WATER_NPY1;E7_FR7-1;E8_FR6-3,E7_FR7-5;E9_FR8-1;E8_FR6-4,WATER_NPY2;WATER_NPY3;E8_FR6-1,0.0679384181599,0.16597521685,0.190166664278,0.173189579894,False,False,biological animal
cfos_occurrence,Ocurrencia espacial de núcleos c-FOS positivos / núcleos DAPI,339,WATER_NPY1;E7_FR7-1;E8_FR6-3,E7_FR7-5;E8_FR6-1;E8_FR6-4,WATER_NPY2;WATER_NPY3;E9_FR8-1,0.0249608592429,0.16597521685,0.154106710722,0.16592639567,False,False,biological animal
cfos_occurrence,Ocurrencia espacial de núcleos c-FOS positivos / núcleos DAPI,340,WATER_NPY1;E7_FR7-1;E8_FR6-3,E9_FR8-1;E8_FR6-1;E8_FR6-4,WATER_NPY2;WATER_NPY3;E7_FR7-5,0.225947536823,0.16597521685,0.191342895355,0.144286763472,False,False,biological animal
cfos_occurrence,Ocurrencia espacial de núcleos c-FOS positivos / núcleos DAPI,341,WATER_NPY1;E7_FR7-1;E8_FR6-4,WATER_NPY2;WATER_NPY3;E7_FR7-5,E9_FR8-1;E8_FR6-1;E8_FR6-3,0.921537985427,0.210301637132,0.144286763472,0.142625398728,False,False,biological animal
cfos_occurrence,Ocurrencia espacial de núcleos c-FOS positivos / núcleos DAPI,342,WATER_NPY1;E7_FR7-1;E8_FR6-4,WATER_NPY2;WATER_NPY3;E9_FR8-1,E7_FR7-5;E8_FR6-1;E8_FR6-3,2.29374914474,0.210301637132,0.16592639567,0.102106846054,False,False,biological animal
cfos_occurrence,Ocurrencia espacial de núcleos c-FOS positivos / núcleos DAPI,343,WATER_NPY1;E7_FR7-1;E8_FR6-4,WATER_NPY2;WATER_NPY3;E8_FR6-1,E7_FR7-5;E9_FR8-1;E8_FR6-3,1.44712709545,0.210301637132,0.173189579894,0.122495409459,False,False,biological animal
cfos_occurrence,Ocurrencia espacial de núcleos c-FOS positivos / núcleos DAPI,344,WATER_NPY1;E7_FR7-1;E8_FR6-4,WATER_NPY2;WATER_NPY3;E8_FR6-3,E7_FR7-5;E9_FR8-1;E8_FR6-1,1.11735390048,0.210301637132,0.161572306475,0.129816827847,False,False,biological animal
cfos_occurrence,Ocurrencia espacial de núcleos c-FOS positivos / núcleos DAPI,345,WATER_NPY1;E7_FR7-1;E8_FR6-4,WATER_NPY2;E7_FR7-5;E9_FR8-1,WATER_NPY3;E8_FR6-1;E8_FR6-3,0.835926481124,0.210301637132,0.143571770456,0.148417989643,False,False,biological animal
cfos_occurrence,Ocurrencia espacial de núcleos c-FOS positivos / núcleos DAPI,346,WATER_NPY1;E7_FR7-1;E8_FR6-4,WATER_NPY2;E7_FR7-5;E8_FR6-1,WATER_NPY3;E9_FR8-1;E8_FR6-3,1.60055551477,0.210301637132,0.133459160332,0.148034243925,False,False,biological animal
cfos_occurrence,Ocurrencia espacial de núcleos c-FOS positivos / núcleos DAPI,347,WATER_NPY1;E7_FR7-1;E8_FR6-4,WATER_NPY2;E7_FR7-5;E8_FR6-3,WATER_NPY3;E9_FR8-1;E8_FR6-1,1.69229338614,0.210301637132,0.121822665893,0.156345004239,False,False,biological animal
cfos_occurrence,Ocurrencia espacial de núcleos c-FOS positivos / núcleos DAPI,348,WATER_NPY1;E7_FR7-1;E8_FR6-4,WATER_NPY2;E9_FR8-1;E8_FR6-1,WATER_NPY3;E7_FR7-5;E8_FR6-3,1.32885831065,0.210301637132,0.16916185466,0.123850801143,False,False,biological animal
cfos_occurrence,Ocurrencia espacial de núcleos c-FOS positivos / núcleos DAPI,349,WATER_NPY1;E7_FR7-1;E8_FR6-4,WATER_NPY2;E9_FR8-1;E8_FR6-3,WATER_NPY3;E7_FR7-5;E8_FR6-1,0.987840156444,0.210301637132,0.158834848678,0.131679683057,False,False,biological animal
cfos_occurrence,Ocurrencia espacial de núcleos c-FOS positivos / núcleos DAPI,350,WATER_NPY1;E7_FR7-1;E8_FR6-4,WATER_NPY2;E8_FR6-1;E8_FR6-3,WATER_NPY3;E7_FR7-5;E9_FR8-1,7.18752613544,0.210301637132,0.0771025607609,0.0707104698796,False,True,biological animal
cfos_occurrence,Ocurrencia espacial de núcleos c-FOS positivos / núcleos DAPI,351,WATER_NPY1;E7_FR7-1;E8_FR6-4,WATER_NPY3;E7_FR7-5;E9_FR8-1,WATER_NPY2;E8_FR6-1;E8_FR6-3,7.18752613544,0.210301637132,0.0707104698796,0.0771025607609,False,True,biological animal
cfos_occurrence,Ocurrencia espacial de núcleos c-FOS positivos / núcleos DAPI,352,WATER_NPY1;E7_FR7-1;E8_FR6-4,WATER_NPY3;E7_FR7-5;E8_FR6-1,WATER_NPY2;E9_FR8-1;E8_FR6-3,0.987840156444,0.210301637132,0.131679683057,0.158834848678,False,False,biological animal
cfos_occurrence,Ocurrencia espacial de núcleos c-FOS positivos / núcleos DAPI,353,WATER_NPY1;E7_FR7-1;E8_FR6-4,WATER_NPY3;E7_FR7-5;E8_FR6-3,WATER_NPY2;E9_FR8-1;E8_FR6-1,1.32885831065,0.210301637132,0.123850801143,0.16916185466,False,False,biological animal
cfos_occurrence,Ocurrencia espacial de núcleos c-FOS positivos / núcleos DAPI,354,WATER_NPY1;E7_FR7-1;E8_FR6-4,WATER_NPY3;E9_FR8-1;E8_FR6-1,WATER_NPY2;E7_FR7-5;E8_FR6-3,1.69229338614,0.210301637132,0.156345004239,0.121822665893,False,False,biological animal
cfos_occurrence,Ocurrencia espacial de núcleos c-FOS positivos / núcleos DAPI,355,WATER_NPY1;E7_FR7-1;E8_FR6-4,WATER_NPY3;E9_FR8-1;E8_FR6-3,WATER_NPY2;E7_FR7-5;E8_FR6-1,1.60055551477,0.210301637132,0.148034243925,0.133459160332,False,False,biological animal
cfos_occurrence,Ocurrencia espacial de núcleos c-FOS positivos / núcleos DAPI,356,WATER_NPY1;E7_FR7-1;E8_FR6-4,WATER_NPY3;E8_FR6-1;E8_FR6-3,WATER_NPY2;E7_FR7-5;E9_FR8-1,0.835926481124,0.210301637132,0.148417989643,0.143571770456,False,False,biological animal
cfos_occurrence,Ocurrencia espacial de núcleos c-FOS positivos / núcleos DAPI,357,WATER_NPY1;E7_FR7-1;E8_FR6-4,E7_FR7-5;E9_FR8-1;E8_FR6-1,WATER_NPY2;WATER_NPY3;E8_FR6-3,1.11735390048,0.210301637132,0.129816827847,0.161572306475,False,False,biological animal
cfos_occurrence,Ocurrencia espacial de núcleos c-FOS positivos / núcleos DAPI,358,WATER_NPY1;E7_FR7-1;E8_FR6-4,E7_FR7-5;E9_FR8-1;E8_FR6-3,WATER_NPY2;WATER_NPY3;E8_FR6-1,1.44712709545,0.210301637132,0.122495409459,0.173189579894,False,False,biological animal
cfos_occurrence,Ocurrencia espacial de núcleos c-FOS positivos / núcleos DAPI,359,WATER_NPY1;E7_FR7-1;E8_FR6-4,E7_FR7-5;E8_FR6-1;E8_FR6-3,WATER_NPY2;WATER_NPY3;E9_FR8-1,2.29374914474,0.210301637132,0.102106846054,0.16592639567,False,False,biological animal
cfos_occurrence,Ocurrencia espacial de núcleos c-FOS positivos / núcleos DAPI,360,WATER_NPY1;E7_FR7-1;E8_FR6-4,E9_FR8-1;E8_FR6-1;E8_FR6-3,WATER_NPY2;WATER_NPY3;E7_FR7-5,0.921537985427,0.210301637132,0.142625398728,0.144286763472,False,False,biological animal
cfos_occurrence,Ocurrencia espacial de núcleos c-FOS positivos / núcleos DAPI,361,WATER_NPY1;E7_FR7-5;E9_FR8-1,WATER_NPY2;WATER_NPY3;E7_FR7-1,E8_FR6-1;E8_FR6-3;E8_FR6-4,1.68124009338,0.181110850059,0.169941416456,0.0940001390035,False,False,biological animal
cfos_occurrence,Ocurrencia espacial de núcleos c-FOS positivos / núcleos DAPI,362,WATER_NPY1;E7_FR7-5;E9_FR8-1,WATER_NPY2;WATER_NPY3;E8_FR6-1,E7_FR7-1;E8_FR6-3;E8_FR6-4,0.00728472547114,0.181110850059,0.173189579894,0.178587431646,False,False,biological animal
cfos_occurrence,Ocurrencia espacial de núcleos c-FOS positivos / núcleos DAPI,363,WATER_NPY1;E7_FR7-5;E9_FR8-1,WATER_NPY2;WATER_NPY3;E8_FR6-3,E7_FR7-1;E8_FR6-1;E8_FR6-4,0.0689187482235,0.181110850059,0.161572306475,0.184102836073,False,False,biological animal
cfos_occurrence,Ocurrencia espacial de núcleos c-FOS positivos / núcleos DAPI,364,WATER_NPY1;E7_FR7-5;E9_FR8-1,WATER_NPY2;WATER_NPY3;E8_FR6-4,E7_FR7-1;E8_FR6-1;E8_FR6-3,0.640320883003,0.181110850059,0.19932441033,0.135112165602,False,False,biological animal
cfos_occurrence,Ocurrencia espacial de núcleos c-FOS positivos / núcleos DAPI,365,WATER_NPY1;E7_FR7-5;E9_FR8-1,WATER_NPY2;E7_FR7-1;E8_FR6-1,WATER_NPY3;E8_FR6-3;E8_FR6-4,0.0578800615958,0.181110850059,0.16556885265,0.185366063715,False,False,biological animal
cfos_occurrence,Ocurrencia espacial de núcleos c-FOS positivos / núcleos DAPI,366,WATER_NPY1;E7_FR7-5;E9_FR8-1,WATER_NPY2;E7_FR7-1;E8_FR6-3,WATER_NPY3;E8_FR6-1;E8_FR6-4,0.194432516811,0.181110850059,0.156828655789,0.19390681198,False,False,biological animal
cfos_occurrence,Ocurrencia espacial de núcleos c-FOS positivos / núcleos DAPI,367,WATER_NPY1;E7_FR7-5;E9_FR8-1,WATER_NPY2;E7_FR7-1;E8_FR6-4,WATER_NPY3;E8_FR6-1;E8_FR6-3,0.39435326915,0.181110850059,0.202666112306,0.148417989643,False,False,biological animal
cfos_occurrence,Ocurrencia espacial de núcleos c-FOS positivos / núcleos DAPI,368,WATER_NPY1;E7_FR7-5;E9_FR8-1,WATER_NPY2;E8_FR6-1;E8_FR6-3,WATER_NPY3;E7_FR7-1;E8_FR6-4,3.04299299927,0.181110850059,0.0771025607609,0.214831538443,False,False,biological animal
cfos_occurrence,Ocurrencia espacial de núcleos c-FOS positivos / núcleos DAPI,369,WATER_NPY1;E7_FR7-5;E9_FR8-1,WATER_NPY2;E8_FR6-1;E8_FR6-4,WATER_NPY3;E7_FR7-1;E8_FR6-3,0.87322338516,0.181110850059,0.120012976209,0.148088957748,False,False,biological animal
cfos_occurrence,Ocurrencia espacial de núcleos c-FOS positivos / núcleos DAPI,370,WATER_NPY1;E7_FR7-5;E9_FR8-1,WATER_NPY2;E8_FR6-3;E8_FR6-4,WATER_NPY3;E7_FR7-1;E8_FR6-1,1.10268120981,0.181110850059,0.109964085689,0.154141285542,False,False,biological animal
cfos_occurrence,Ocurrencia espacial de núcleos c-FOS positivos / núcleos DAPI,371,WATER_NPY1;E7_FR7-5;E9_FR8-1,WATER_NPY3;E7_FR7-1;E8_FR6-1,WATER_NPY2;E8_FR6-3;E8_FR6-4,1.10268120981,0.181110850059,0.154141285542,0.109964085689,False,False,biological animal
cfos_occurrence,Ocurrencia espacial de núcleos c-FOS positivos / núcleos DAPI,372,WATER_NPY1;E7_FR7-5;E9_FR8-1,WATER_NPY3;E7_FR7-1;E8_FR6-3,WATER_NPY2;E8_FR6-1;E8_FR6-4,0.87322338516,0.181110850059,0.148088957748,0.120012976209,False,False,biological animal
cfos_occurrence,Ocurrencia espacial de núcleos c-FOS positivos / núcleos DAPI,373,WATER_NPY1;E7_FR7-5;E9_FR8-1,WATER_NPY3;E7_FR7-1;E8_FR6-4,WATER_NPY2;E8_FR6-1;E8_FR6-3,3.04299299927,0.181110850059,0.214831538443,0.0771025607609,False,False,biological animal
cfos_occurrence,Ocurrencia espacial de núcleos c-FOS positivos / núcleos DAPI,374,WATER_NPY1;E7_FR7-5;E9_FR8-1,WATER_NPY3;E8_FR6-1;E8_FR6-3,WATER_NPY2;E7_FR7-1;E8_FR6-4,0.39435326915,0.181110850059,0.148417989643,0.202666112306,False,False,biological animal
cfos_occurrence,Ocurrencia espacial de núcleos c-FOS positivos / núcleos DAPI,375,WATER_NPY1;E7_FR7-5;E9_FR8-1,WATER_NPY3;E8_FR6-1;E8_FR6-4,WATER_NPY2;E7_FR7-1;E8_FR6-3,0.194432516811,0.181110850059,0.19390681198,0.156828655789,False,False,biological animal
cfos_occurrence,Ocurrencia espacial de núcleos c-FOS positivos / núcleos DAPI,376,WATER_NPY1;E7_FR7-5;E9_FR8-1,WATER_NPY3;E8_FR6-3;E8_FR6-4,WATER_NPY2;E7_FR7-1;E8_FR6-1,0.0578800615958,0.181110850059,0.185366063715,0.16556885265,False,False,biological animal
cfos_occurrence,Ocurrencia espacial de núcleos c-FOS positivos / núcleos DAPI,377,WATER_NPY1;E7_FR7-5;E9_FR8-1,E7_FR7-1;E8_FR6-1;E8_FR6-3,WATER_NPY2;WATER_NPY3;E8_FR6-4,0.640320883003,0.181110850059,0.135112165602,0.19932441033,False,False,biological animal
cfos_occurrence,Ocurrencia espacial de núcleos c-FOS positivos / núcleos DAPI,378,WATER_NPY1;E7_FR7-5;E9_FR8-1,E7_FR7-1;E8_FR6-1;E8_FR6-4,WATER_NPY2;WATER_NPY3;E8_FR6-3,0.0689187482235,0.181110850059,0.184102836073,0.161572306475,False,False,biological animal
cfos_occurrence,Ocurrencia espacial de núcleos c-FOS positivos / núcleos DAPI,379,WATER_NPY1;E7_FR7-5;E9_FR8-1,E7_FR7-1;E8_FR6-3;E8_FR6-4,WATER_NPY2;WATER_NPY3;E8_FR6-1,0.00728472547114,0.181110850059,0.178587431646,0.173189579894,False,False,biological animal
cfos_occurrence,Ocurrencia espacial de núcleos c-FOS positivos / núcleos DAPI,380,WATER_NPY1;E7_FR7-5;E9_FR8-1,E8_FR6-1;E8_FR6-3;E8_FR6-4,WATER_NPY2;WATER_NPY3;E7_FR7-1,1.68124009338,0.181110850059,0.0940001390035,0.169941416456,False,False,biological animal
cfos_occurrence,Ocurrencia espacial de núcleos c-FOS positivos / núcleos DAPI,381,WATER_NPY1;E7_FR7-5;E8_FR6-1,WATER_NPY2;WATER_NPY3;E7_FR7-1,E9_FR8-1;E8_FR6-3;E8_FR6-4,0.251146901891,0.140062915087,0.169941416456,0.183562577946,False,False,biological animal
cfos_occurrence,Ocurrencia espacial de núcleos c-FOS positivos / núcleos DAPI,382,WATER_NPY1;E7_FR7-5;E8_FR6-1,WATER_NPY2;WATER_NPY3;E9_FR8-1,E7_FR7-1;E8_FR6-3;E8_FR6-4,0.183581279336,0.140062915087,0.16592639567,0.178587431646,False,False,biological animal
cfos_occurrence,Ocurrencia espacial de núcleos c-FOS positivos / núcleos DAPI,383,WATER_NPY1;E7_FR7-5;E8_FR6-1,WATER_NPY2;WATER_NPY3;E8_FR6-3,E7_FR7-1;E9_FR8-1;E8_FR6-4,0.823186269678,0.140062915087,0.161572306475,0.213023460701,False,False,biological animal
cfos_occurrence,Ocurrencia espacial de núcleos c-FOS positivos / núcleos DAPI,384,WATER_NPY1;E7_FR7-5;E8_FR6-1,WATER_NPY2;WATER_NPY3;E8_FR6-4,E7_FR7-1;E9_FR8-1;E8_FR6-3,0.878503507781,0.140062915087,0.19932441033,0.137886924537,False,False,biological animal
cfos_occurrence,Ocurrencia espacial de núcleos c-FOS positivos / núcleos DAPI,385,WATER_NPY1;E7_FR7-5;E8_FR6-1,WATER_NPY2;E7_FR7-1;E9_FR8-1,WATER_NPY3;E8_FR6-3;E8_FR6-4,0.286290253639,0.140062915087,0.162280241501,0.185366063715,False,False,biological animal
cfos_occurrence,Ocurrencia espacial de núcleos c-FOS positivos / núcleos DAPI,386,WATER_NPY1;E7_FR7-5;E8_FR6-1,WATER_NPY2;E7_FR7-1;E8_FR6-3,WATER_NPY3;E9_FR8-1;E8_FR6-4,0.893224327879,0.140062915087,0.156828655789,0.213419517422,False,False,biological animal
cfos_occurrence,Ocurrencia espacial de núcleos c-FOS positivos / núcleos DAPI,387,WATER_NPY1;E7_FR7-5;E8_FR6-1,WATER_NPY2;E7_FR7-1;E8_FR6-4,WATER_NPY3;E9_FR8-1;E8_FR6-3,0.820437509973,0.140062915087,0.202666112306,0.148034243925,False,False,biological animal
cfos_occurrence,Ocurrencia espacial de núcleos c-FOS positivos / núcleos DAPI,388,WATER_NPY1;E7_FR7-5;E8_FR6-1,WATER_NPY2;E9_FR8-1;E8_FR6-3,WATER_NPY3;E7_FR7-1;E8_FR6-4,0.979172637363,0.140062915087,0.158834848678,0.214831538443,False,False,biological animal
cfos_occurrence,Ocurrencia espacial de núcleos c-FOS positivos / núcleos DAPI,389,WATER_NPY1;E7_FR7-5;E8_FR6-1,WATER_NPY2;E9_FR8-1;E8_FR6-4,WATER_NPY3;E7_FR7-1;E8_FR6-3,0.781434438445,0.140062915087,0.201437327672,0.148088957748,False,False,biological animal
cfos_occurrence,Ocurrencia espacial de núcleos c-FOS positivos / núcleos DAPI,390,WATER_NPY1;E7_FR7-5;E8_FR6-1,WATER_NPY2;E8_FR6-3;E8_FR6-4,WATER_NPY3;E7_FR7-1;E9_FR8-1,2.37443811921,0.140062915087,0.109964085689,0.0650726600127,False,False,biological animal
cfos_occurrence,Ocurrencia espacial de núcleos c-FOS positivos / núcleos DAPI,391,WATER_NPY1;E7_FR7-5;E8_FR6-1,WATER_NPY3;E7_FR7-1;E9_FR8-1,WATER_NPY2;E8_FR6-3;E8_FR6-4,2.37443811921,0.140062915087,0.0650726600127,0.109964085689,False,False,biological animal
cfos_occurrence,Ocurrencia espacial de núcleos c-FOS positivos / núcleos DAPI,392,WATER_NPY1;E7_FR7-5;E8_FR6-1,WATER_NPY3;E7_FR7-1;E8_FR6-3,WATER_NPY2;E9_FR8-1;E8_FR6-4,0.781434438445,0.140062915087,0.148088957748,0.201437327672,False,False,biological animal
cfos_occurrence,Ocurrencia espacial de núcleos c-FOS positivos / núcleos DAPI,393,WATER_NPY1;E7_FR7-5;E8_FR6-1,WATER_NPY3;E7_FR7-1;E8_FR6-4,WATER_NPY2;E9_FR8-1;E8_FR6-3,0.979172637363,0.140062915087,0.214831538443,0.158834848678,False,False,biological animal
cfos_occurrence,Ocurrencia espacial de núcleos c-FOS positivos / núcleos DAPI,394,WATER_NPY1;E7_FR7-5;E8_FR6-1,WATER_NPY3;E9_FR8-1;E8_FR6-3,WATER_NPY2;E7_FR7-1;E8_FR6-4,0.820437509973,0.140062915087,0.148034243925,0.202666112306,False,False,biological animal
cfos_occurrence,Ocurrencia espacial de núcleos c-FOS positivos / núcleos DAPI,395,WATER_NPY1;E7_FR7-5;E8_FR6-1,WATER_NPY3;E9_FR8-1;E8_FR6-4,WATER_NPY2;E7_FR7-1;E8_FR6-3,0.893224327879,0.140062915087,0.213419517422,0.156828655789,False,False,biological animal
cfos_occurrence,Ocurrencia espacial de núcleos c-FOS positivos / núcleos DAPI,396,WATER_NPY1;E7_FR7-5;E8_FR6-1,WATER_NPY3;E8_FR6-3;E8_FR6-4,WATER_NPY2;E7_FR7-1;E9_FR8-1,0.286290253639,0.140062915087,0.185366063715,0.162280241501,False,False,biological animal
cfos_occurrence,Ocurrencia espacial de núcleos c-FOS positivos / núcleos DAPI,397,WATER_NPY1;E7_FR7-5;E8_FR6-1,E7_FR7-1;E9_FR8-1;E8_FR6-3,WATER_NPY2;WATER_NPY3;E8_FR6-4,0.878503507781,0.140062915087,0.137886924537,0.19932441033,False,False,biological animal
cfos_occurrence,Ocurrencia espacial de núcleos c-FOS positivos / núcleos DAPI,398,WATER_NPY1;E7_FR7-5;E8_FR6-1,E7_FR7-1;E9_FR8-1;E8_FR6-4,WATER_NPY2;WATER_NPY3;E8_FR6-3,0.823186269678,0.140062915087,0.213023460701,0.161572306475,False,False,biological animal
cfos_occurrence,Ocurrencia espacial de núcleos c-FOS positivos / núcleos DAPI,399,WATER_NPY1;E7_FR7-5;E8_FR6-1,E7_FR7-1;E8_FR6-3;E8_FR6-4,WATER_NPY2;WATER_NPY3;E9_FR8-1,0.183581279336,0.140062915087,0.178587431646,0.16592639567,False,False,biological animal
cfos_occurrence,Ocurrencia espacial de núcleos c-FOS positivos / núcleos DAPI,400,WATER_NPY1;E7_FR7-5;E8_FR6-1,E9_FR8-1;E8_FR6-3;E8_FR6-4,WATER_NPY2;WATER_NPY3;E7_FR7-1,0.251146901891,0.140062915087,0.183562577946,0.169941416456,False,False,biological animal
cfos_occurrence,Ocurrencia espacial de núcleos c-FOS positivos / núcleos DAPI,401,WATER_NPY1;E7_FR7-5;E8_FR6-3,WATER_NPY2;WATER_NPY3;E7_FR7-1,E9_FR8-1;E8_FR6-1;E8_FR6-4,0.463571494864,0.132238082191,0.169941416456,0.191342895355,False,False,biological animal
cfos_occurrence,Ocurrencia espacial de núcleos c-FOS positivos / núcleos DAPI,402,WATER_NPY1;E7_FR7-5;E8_FR6-3,WATER_NPY2;WATER_NPY3;E9_FR8-1,E7_FR7-1;E8_FR6-1;E8_FR6-4,0.329281568613,0.132238082191,0.16592639567,0.184102836073,False,False,biological animal
cfos_occurrence,Ocurrencia espacial de núcleos c-FOS positivos / núcleos DAPI,403,WATER_NPY1;E7_FR7-5;E8_FR6-3,WATER_NPY2;WATER_NPY3;E8_FR6-1,E7_FR7-1;E9_FR8-1;E8_FR6-4,0.913683663277,0.132238082191,0.173189579894,0.213023460701,False,False,biological animal
cfos_occurrence,Ocurrencia espacial de núcleos c-FOS positivos / núcleos DAPI,404,WATER_NPY1;E7_FR7-5;E8_FR6-3,WATER_NPY2;WATER_NPY3;E8_FR6-4,E7_FR7-1;E9_FR8-1;E8_FR6-1,0.81417510949,0.132238082191,0.19932441033,0.142871381155,False,False,biological animal
cfos_occurrence,Ocurrencia espacial de núcleos c-FOS positivos / núcleos DAPI,405,WATER_NPY1;E7_FR7-5;E8_FR6-3,WATER_NPY2;E7_FR7-1;E9_FR8-1,WATER_NPY3;E8_FR6-1;E8_FR6-4,0.530337282166,0.132238082191,0.162280241501,0.19390681198,False,False,biological animal
cfos_occurrence,Ocurrencia espacial de núcleos c-FOS positivos / núcleos DAPI,406,WATER_NPY1;E7_FR7-5;E8_FR6-3,WATER_NPY2;E7_FR7-1;E8_FR6-1,WATER_NPY3;E9_FR8-1;E8_FR6-4,0.975607232427,0.132238082191,0.16556885265,0.213419517422,False,False,biological animal
cfos_occurrence,Ocurrencia espacial de núcleos c-FOS positivos / núcleos DAPI,407,WATER_NPY1;E7_FR7-5;E8_FR6-3,WATER_NPY2;E7_FR7-1;E8_FR6-4,WATER_NPY3;E9_FR8-1;E8_FR6-1,0.778917683651,0.132238082191,0.202666112306,0.156345004239,False,False,biological animal
cfos_occurrence,Ocurrencia espacial de núcleos c-FOS positivos / núcleos DAPI,408,WATER_NPY1;E7_FR7-5;E8_FR6-3,WATER_NPY2;E9_FR8-1;E8_FR6-1,WATER_NPY3;E7_FR7-1;E8_FR6-4,1.06105708288,0.132238082191,0.16916185466,0.214831538443,False,False,biological animal
cfos_occurrence,Ocurrencia espacial de núcleos c-FOS positivos / núcleos DAPI,409,WATER_NPY1;E7_FR7-5;E8_FR6-3,WATER_NPY2;E9_FR8-1;E8_FR6-4,WATER_NPY3;E7_FR7-1;E8_FR6-1,0.753499944806,0.132238082191,0.201437327672,0.154141285542,False,False,biological animal
cfos_occurrence,Ocurrencia espacial de núcleos c-FOS positivos / núcleos DAPI,410,WATER_NPY1;E7_FR7-5;E8_FR6-3,WATER_NPY2;E8_FR6-1;E8_FR6-4,WATER_NPY3;E7_FR7-1;E9_FR8-1,1.73714376212,0.132238082191,0.120012976209,0.0650726600127,False,False,biological animal
cfos_occurrence,Ocurrencia espacial de núcleos c-FOS positivos / núcleos DAPI,411,WATER_NPY1;E7_FR7-5;E8_FR6-3,WATER_NPY3;E7_FR7-1;E9_FR8-1,WATER_NPY2;E8_FR6-1;E8_FR6-4,1.73714376212,0.132238082191,0.0650726600127,0.120012976209,False,False,biological animal
cfos_occurrence,Ocurrencia espacial de núcleos c-FOS positivos / núcleos DAPI,412,WATER_NPY1;E7_FR7-5;E8_FR6-3,WATER_NPY3;E7_FR7-1;E8_FR6-1,WATER_NPY2;E9_FR8-1;E8_FR6-4,0.753499944806,0.132238082191,0.154141285542,0.201437327672,False,False,biological animal
cfos_occurrence,Ocurrencia espacial de núcleos c-FOS positivos / núcleos DAPI,413,WATER_NPY1;E7_FR7-5;E8_FR6-3,WATER_NPY3;E7_FR7-1;E8_FR6-4,WATER_NPY2;E9_FR8-1;E8_FR6-1,1.06105708288,0.132238082191,0.214831538443,0.16916185466,False,False,biological animal
cfos_occurrence,Ocurrencia espacial de núcleos c-FOS positivos / núcleos DAPI,414,WATER_NPY1;E7_FR7-5;E8_FR6-3,WATER_NPY3;E9_FR8-1;E8_FR6-1,WATER_NPY2;E7_FR7-1;E8_FR6-4,0.778917683651,0.132238082191,0.156345004239,0.202666112306,False,False,biological animal
cfos_occurrence,Ocurrencia espacial de núcleos c-FOS positivos / núcleos DAPI,415,WATER_NPY1;E7_FR7-5;E8_FR6-3,WATER_NPY3;E9_FR8-1;E8_FR6-4,WATER_NPY2;E7_FR7-1;E8_FR6-1,0.975607232427,0.132238082191,0.213419517422,0.16556885265,False,False,biological animal
cfos_occurrence,Ocurrencia espacial de núcleos c-FOS positivos / núcleos DAPI,416,WATER_NPY1;E7_FR7-5;E8_FR6-3,WATER_NPY3;E8_FR6-1;E8_FR6-4,WATER_NPY2;E7_FR7-1;E9_FR8-1,0.530337282166,0.132238082191,0.19390681198,0.162280241501,False,False,biological animal
cfos_occurrence,Ocurrencia espacial de núcleos c-FOS positivos / núcleos DAPI,417,WATER_NPY1;E7_FR7-5;E8_FR6-3,E7_FR7-1;E9_FR8-1;E8_FR6-1,WATER_NPY2;WATER_NPY3;E8_FR6-4,0.81417510949,0.132238082191,0.142871381155,0.19932441033,False,False,biological animal
cfos_occurrence,Ocurrencia espacial de núcleos c-FOS positivos / núcleos DAPI,418,WATER_NPY1;E7_FR7-5;E8_FR6-3,E7_FR7-1;E9_FR8-1;E8_FR6-4,WATER_NPY2;WATER_NPY3;E8_FR6-1,0.913683663277,0.132238082191,0.213023460701,0.173189579894,False,False,biological animal
cfos_occurrence,Ocurrencia espacial de núcleos c-FOS positivos / núcleos DAPI,419,WATER_NPY1;E7_FR7-5;E8_FR6-3,E7_FR7-1;E8_FR6-1;E8_FR6-4,WATER_NPY2;WATER_NPY3;E9_FR8-1,0.329281568613,0.132238082191,0.184102836073,0.16592639567,False,False,biological animal
cfos_occurrence,Ocurrencia espacial de núcleos c-FOS positivos / núcleos DAPI,420,WATER_NPY1;E7_FR7-5;E8_FR6-3,E9_FR8-1;E8_FR6-1;E8_FR6-4,WATER_NPY2;WATER_NPY3;E7_FR7-1,0.463571494864,0.132238082191,0.191342895355,0.169941416456,False,False,biological animal
cfos_occurrence,Ocurrencia espacial de núcleos c-FOS positivos / núcleos DAPI,421,WATER_NPY1;E7_FR7-5;E8_FR6-4,WATER_NPY2;WATER_NPY3;E7_FR7-1,E9_FR8-1;E8_FR6-1;E8_FR6-3,0.223343927074,0.170261350708,0.169941416456,0.142625398728,False,False,biological animal
cfos_occurrence,Ocurrencia espacial de núcleos c-FOS positivos / núcleos DAPI,422,WATER_NPY1;E7_FR7-5;E8_FR6-4,WATER_NPY2;WATER_NPY3;E9_FR8-1,E7_FR7-1;E8_FR6-1;E8_FR6-3,0.331301881196,0.170261350708,0.16592639567,0.135112165602,False,False,biological animal
cfos_occurrence,Ocurrencia espacial de núcleos c-FOS positivos / núcleos DAPI,423,WATER_NPY1;E7_FR7-5;E8_FR6-4,WATER_NPY2;WATER_NPY3;E8_FR6-1,E7_FR7-1;E9_FR8-1;E8_FR6-3,0.413037257158,0.170261350708,0.173189579894,0.137886924537,False,False,biological animal
cfos_occurrence,Ocurrencia espacial de núcleos c-FOS positivos / núcleos DAPI,424,WATER_NPY1;E7_FR7-5;E8_FR6-4,WATER_NPY2;WATER_NPY3;E8_FR6-3,E7_FR7-1;E9_FR8-1;E8_FR6-1,0.184046921597,0.170261350708,0.161572306475,0.142871381155,False,False,biological animal
cfos_occurrence,Ocurrencia espacial de núcleos c-FOS positivos / núcleos DAPI,425,WATER_NPY1;E7_FR7-5;E8_FR6-4,WATER_NPY2;E7_FR7-1;E9_FR8-1,WATER_NPY3;E8_FR6-1;E8_FR6-3,0.0942833897023,0.170261350708,0.162280241501,0.148417989643,False,False,biological animal
cfos_occurrence,Ocurrencia espacial de núcleos c-FOS positivos / núcleos DAPI,426,WATER_NPY1;E7_FR7-5;E8_FR6-4,WATER_NPY2;E7_FR7-1;E8_FR6-1,WATER_NPY3;E9_FR8-1;E8_FR6-3,0.151982860335,0.170261350708,0.16556885265,0.148034243925,False,False,biological animal
cfos_occurrence,Ocurrencia espacial de núcleos c-FOS positivos / núcleos DAPI,427,WATER_NPY1;E7_FR7-5;E8_FR6-4,WATER_NPY2;E7_FR7-1;E8_FR6-3,WATER_NPY3;E9_FR8-1;E8_FR6-1,0.0577798860575,0.170261350708,0.156828655789,0.156345004239,False,False,biological animal
cfos_occurrence,Ocurrencia espacial de núcleos c-FOS positivos / núcleos DAPI,428,WATER_NPY1;E7_FR7-5;E8_FR6-4,WATER_NPY2;E9_FR8-1;E8_FR6-1,WATER_NPY3;E7_FR7-1;E8_FR6-3,0.189668297967,0.170261350708,0.16916185466,0.148088957748,False,False,biological animal
cfos_occurrence,Ocurrencia espacial de núcleos c-FOS positivos / núcleos DAPI,429,WATER_NPY1;E7_FR7-5;E8_FR6-4,WATER_NPY2;E9_FR8-1;E8_FR6-3,WATER_NPY3;E7_FR7-1;E8_FR6-1,0.0693557401434,0.170261350708,0.158834848678,0.154141285542,False,False,biological animal
cfos_occurrence,Ocurrencia espacial de núcleos c-FOS positivos / núcleos DAPI,430,WATER_NPY1;E7_FR7-5;E8_FR6-4,WATER_NPY2;E8_FR6-1;E8_FR6-3,WATER_NPY3;E7_FR7-1;E9_FR8-1,5.82127179015,0.170261350708,0.0771025607609,0.0650726600127,False,True,biological animal
cfos_occurrence,Ocurrencia espacial de núcleos c-FOS positivos / núcleos DAPI,431,WATER_NPY1;E7_FR7-5;E8_FR6-4,WATER_NPY3;E7_FR7-1;E9_FR8-1,WATER_NPY2;E8_FR6-1;E8_FR6-3,5.82127179015,0.170261350708,0.0650726600127,0.0771025607609,False,True,biological animal
cfos_occurrence,Ocurrencia espacial de núcleos c-FOS positivos / núcleos DAPI,432,WATER_NPY1;E7_FR7-5;E8_FR6-4,WATER_NPY3;E7_FR7-1;E8_FR6-1,WATER_NPY2;E9_FR8-1;E8_FR6-3,0.0693557401434,0.170261350708,0.154141285542,0.158834848678,False,False,biological animal
cfos_occurrence,Ocurrencia espacial de núcleos c-FOS positivos / núcleos DAPI,433,WATER_NPY1;E7_FR7-5;E8_FR6-4,WATER_NPY3;E7_FR7-1;E8_FR6-3,WATER_NPY2;E9_FR8-1;E8_FR6-1,0.189668297967,0.170261350708,0.148088957748,0.16916185466,False,False,biological animal
cfos_occurrence,Ocurrencia espacial de núcleos c-FOS positivos / núcleos DAPI,434,WATER_NPY1;E7_FR7-5;E8_FR6-4,WATER_NPY3;E9_FR8-1;E8_FR6-1,WATER_NPY2;E7_FR7-1;E8_FR6-3,0.0577798860575,0.170261350708,0.156345004239,0.156828655789,False,False,biological animal
cfos_occurrence,Ocurrencia espacial de núcleos c-FOS positivos / núcleos DAPI,435,WATER_NPY1;E7_FR7-5;E8_FR6-4,WATER_NPY3;E9_FR8-1;E8_FR6-3,WATER_NPY2;E7_FR7-1;E8_FR6-1,0.151982860335,0.170261350708,0.148034243925,0.16556885265,False,False,biological animal
cfos_occurrence,Ocurrencia espacial de núcleos c-FOS positivos / núcleos DAPI,436,WATER_NPY1;E7_FR7-5;E8_FR6-4,WATER_NPY3;E8_FR6-1;E8_FR6-3,WATER_NPY2;E7_FR7-1;E9_FR8-1,0.0942833897023,0.170261350708,0.148417989643,0.162280241501,False,False,biological animal
cfos_occurrence,Ocurrencia espacial de núcleos c-FOS positivos / núcleos DAPI,437,WATER_NPY1;E7_FR7-5;E8_FR6-4,E7_FR7-1;E9_FR8-1;E8_FR6-1,WATER_NPY2;WATER_NPY3;E8_FR6-3,0.184046921597,0.170261350708,0.142871381155,0.161572306475,False,False,biological animal
cfos_occurrence,Ocurrencia espacial de núcleos c-FOS positivos / núcleos DAPI,438,WATER_NPY1;E7_FR7-5;E8_FR6-4,E7_FR7-1;E9_FR8-1;E8_FR6-3,WATER_NPY2;WATER_NPY3;E8_FR6-1,0.413037257158,0.170261350708,0.137886924537,0.173189579894,False,False,biological animal
cfos_occurrence,Ocurrencia espacial de núcleos c-FOS positivos / núcleos DAPI,439,WATER_NPY1;E7_FR7-5;E8_FR6-4,E7_FR7-1;E8_FR6-1;E8_FR6-3,WATER_NPY2;WATER_NPY3;E9_FR8-1,0.331301881196,0.170261350708,0.135112165602,0.16592639567,False,False,biological animal
cfos_occurrence,Ocurrencia espacial de núcleos c-FOS positivos / núcleos DAPI,440,WATER_NPY1;E7_FR7-5;E8_FR6-4,E9_FR8-1;E8_FR6-1;E8_FR6-3,WATER_NPY2;WATER_NPY3;E7_FR7-1,0.223343927074,0.170261350708,0.142625398728,0.169941416456,False,False,biological animal
cfos_occurrence,Ocurrencia espacial de núcleos c-FOS positivos / núcleos DAPI,441,WATER_NPY1;E9_FR8-1;E8_FR6-1,WATER_NPY2;WATER_NPY3;E7_FR7-1,E7_FR7-5;E8_FR6-3;E8_FR6-4,0.150847379433,0.178220357587,0.169941416456,0.14658594897,False,False,biological animal
cfos_occurrence,Ocurrencia espacial de núcleos c-FOS positivos / núcleos DAPI,442,WATER_NPY1;E9_FR8-1;E8_FR6-1,WATER_NPY2;WATER_NPY3;E7_FR7-5,E7_FR7-1;E8_FR6-3;E8_FR6-4,0.151489058047,0.178220357587,0.144286763472,0.178587431646,False,False,biological animal
cfos_occurrence,Ocurrencia espacial de núcleos c-FOS positivos / núcleos DAPI,443,WATER_NPY1;E9_FR8-1;E8_FR6-1,WATER_NPY2;WATER_NPY3;E8_FR6-3,E7_FR7-1;E7_FR7-5;E8_FR6-4,0.093086068285,0.178220357587,0.161572306475,0.18959245673,False,False,biological animal
cfos_occurrence,Ocurrencia espacial de núcleos c-FOS positivos / núcleos DAPI,444,WATER_NPY1;E9_FR8-1;E8_FR6-1,WATER_NPY2;WATER_NPY3;E8_FR6-4,E7_FR7-1;E7_FR7-5;E8_FR6-3,0.960286760555,0.178220357587,0.19932441033,0.12088188552,False,False,biological animal
cfos_occurrence,Ocurrencia espacial de núcleos c-FOS positivos / núcleos DAPI,445,WATER_NPY1;E9_FR8-1;E8_FR6-1,WATER_NPY2;E7_FR7-1;E7_FR7-5,WATER_NPY3;E8_FR6-3;E8_FR6-4,0.219669668775,0.178220357587,0.144085962965,0.185366063715,False,False,biological animal
cfos_occurrence,Ocurrencia espacial de núcleos c-FOS positivos / núcleos DAPI,446,WATER_NPY1;E9_FR8-1;E8_FR6-1,WATER_NPY2;E7_FR7-1;E8_FR6-3,WATER_NPY3;E7_FR7-5;E8_FR6-4,0.125976985474,0.178220357587,0.156828655789,0.188229081385,False,False,biological animal
cfos_occurrence,Ocurrencia espacial de núcleos c-FOS positivos / núcleos DAPI,447,WATER_NPY1;E9_FR8-1;E8_FR6-1,WATER_NPY2;E7_FR7-1;E8_FR6-4,WATER_NPY3;E7_FR7-5;E8_FR6-3,0.830986738117,0.178220357587,0.202666112306,0.123850801143,False,False,biological animal
cfos_occurrence,Ocurrencia espacial de núcleos c-FOS positivos / núcleos DAPI,448,WATER_NPY1;E9_FR8-1;E8_FR6-1,WATER_NPY2;E7_FR7-5;E8_FR6-3,WATER_NPY3;E7_FR7-1;E8_FR6-4,1.29509246874,0.178220357587,0.121822665893,0.214831538443,False,False,biological animal
cfos_occurrence,Ocurrencia espacial de núcleos c-FOS positivos / núcleos DAPI,449,WATER_NPY1;E9_FR8-1;E8_FR6-1,WATER_NPY2;E7_FR7-5;E8_FR6-4,WATER_NPY3;E7_FR7-1;E8_FR6-3,0.165668224495,0.178220357587,0.164102948762,0.148088957748,False,False,biological animal
cfos_occurrence,Ocurrencia espacial de núcleos c-FOS positivos / núcleos DAPI,450,WATER_NPY1;E9_FR8-1;E8_FR6-1,WATER_NPY2;E8_FR6-3;E8_FR6-4,WATER_NPY3;E7_FR7-1;E7_FR7-5,3.07488750487,0.178220357587,0.109964085689,0.0744699724207,False,False,biological animal
cfos_occurrence,Ocurrencia espacial de núcleos c-FOS positivos / núcleos DAPI,451,WATER_NPY1;E9_FR8-1;E8_FR6-1,WATER_NPY3;E7_FR7-1;E7_FR7-5,WATER_NPY2;E8_FR6-3;E8_FR6-4,3.07488750487,0.178220357587,0.0744699724207,0.109964085689,False,False,biological animal
cfos_occurrence,Ocurrencia espacial de núcleos c-FOS positivos / núcleos DAPI,452,WATER_NPY1;E9_FR8-1;E8_FR6-1,WATER_NPY3;E7_FR7-1;E8_FR6-3,WATER_NPY2;E7_FR7-5;E8_FR6-4,0.165668224495,0.178220357587,0.148088957748,0.164102948762,False,False,biological animal
cfos_occurrence,Ocurrencia espacial de núcleos c-FOS positivos / núcleos DAPI,453,WATER_NPY1;E9_FR8-1;E8_FR6-1,WATER_NPY3;E7_FR7-1;E8_FR6-4,WATER_NPY2;E7_FR7-5;E8_FR6-3,1.29509246874,0.178220357587,0.214831538443,0.121822665893,False,False,biological animal
cfos_occurrence,Ocurrencia espacial de núcleos c-FOS positivos / núcleos DAPI,454,WATER_NPY1;E9_FR8-1;E8_FR6-1,WATER_NPY3;E7_FR7-5;E8_FR6-3,WATER_NPY2;E7_FR7-1;E8_FR6-4,0.830986738117,0.178220357587,0.123850801143,0.202666112306,False,False,biological animal
cfos_occurrence,Ocurrencia espacial de núcleos c-FOS positivos / núcleos DAPI,455,WATER_NPY1;E9_FR8-1;E8_FR6-1,WATER_NPY3;E7_FR7-5;E8_FR6-4,WATER_NPY2;E7_FR7-1;E8_FR6-3,0.125976985474,0.178220357587,0.188229081385,0.156828655789,False,False,biological animal
cfos_occurrence,Ocurrencia espacial de núcleos c-FOS positivos / núcleos DAPI,456,WATER_NPY1;E9_FR8-1;E8_FR6-1,WATER_NPY3;E8_FR6-3;E8_FR6-4,WATER_NPY2;E7_FR7-1;E7_FR7-5,0.219669668775,0.178220357587,0.185366063715,0.144085962965,False,False,biological animal
cfos_occurrence,Ocurrencia espacial de núcleos c-FOS positivos / núcleos DAPI,457,WATER_NPY1;E9_FR8-1;E8_FR6-1,E7_FR7-1;E7_FR7-5;E8_FR6-3,WATER_NPY2;WATER_NPY3;E8_FR6-4,0.960286760555,0.178220357587,0.12088188552,0.19932441033,False,False,biological animal
cfos_occurrence,Ocurrencia espacial de núcleos c-FOS positivos / núcleos DAPI,458,WATER_NPY1;E9_FR8-1;E8_FR6-1,E7_FR7-1;E7_FR7-5;E8_FR6-4,WATER_NPY2;WATER_NPY3;E8_FR6-3,0.093086068285,0.178220357587,0.18959245673,0.161572306475,False,False,biological animal
cfos_occurrence,Ocurrencia espacial de núcleos c-FOS positivos / núcleos DAPI,459,WATER_NPY1;E9_FR8-1;E8_FR6-1,E7_FR7-1;E8_FR6-3;E8_FR6-4,WATER_NPY2;WATER_NPY3;E7_FR7-5,0.151489058047,0.178220357587,0.178587431646,0.144286763472,False,False,biological animal
cfos_occurrence,Ocurrencia espacial de núcleos c-FOS positivos / núcleos DAPI,460,WATER_NPY1;E9_FR8-1;E8_FR6-1,E7_FR7-5;E8_FR6-3;E8_FR6-4,WATER_NPY2;WATER_NPY3;E7_FR7-1,0.150847379433,0.178220357587,0.14658594897,0.169941416456,False,False,biological animal
cfos_occurrence,Ocurrencia espacial de núcleos c-FOS positivos / núcleos DAPI,461,WATER_NPY1;E9_FR8-1;E8_FR6-3,WATER_NPY2;WATER_NPY3;E7_FR7-1,E7_FR7-5;E8_FR6-1;E8_FR6-4,0.0507700910234,0.171396376123,0.169941416456,0.154106710722,False,False,biological animal
cfos_occurrence,Ocurrencia espacial de núcleos c-FOS positivos / núcleos DAPI,462,WATER_NPY1;E9_FR8-1;E8_FR6-3,WATER_NPY2;WATER_NPY3;E7_FR7-5,E7_FR7-1;E8_FR6-1;E8_FR6-4,0.161288977478,0.171396376123,0.144286763472,0.184102836073,False,False,biological animal
cfos_occurrence,Ocurrencia espacial de núcleos c-FOS positivos / núcleos DAPI,463,WATER_NPY1;E9_FR8-1;E8_FR6-3,WATER_NPY2;WATER_NPY3;E8_FR6-1,E7_FR7-1;E7_FR7-5;E8_FR6-4,0.0454617162415,0.171396376123,0.173189579894,0.18959245673,False,False,biological animal
cfos_occurrence,Ocurrencia espacial de núcleos c-FOS positivos / núcleos DAPI,464,WATER_NPY1;E9_FR8-1;E8_FR6-3,WATER_NPY2;WATER_NPY3;E8_FR6-4,E7_FR7-1;E7_FR7-5;E8_FR6-1,0.712690498016,0.171396376123,0.19932441033,0.126925372434,False,False,biological animal
cfos_occurrence,Ocurrencia espacial de núcleos c-FOS positivos / núcleos DAPI,465,WATER_NPY1;E9_FR8-1;E8_FR6-3,WATER_NPY2;E7_FR7-1;E7_FR7-5,WATER_NPY3;E8_FR6-1;E8_FR6-4,0.280836216466,0.171396376123,0.144085962965,0.19390681198,False,False,biological animal
cfos_occurrence,Ocurrencia espacial de núcleos c-FOS positivos / núcleos DAPI,466,WATER_NPY1;E9_FR8-1;E8_FR6-3,WATER_NPY2;E7_FR7-1;E8_FR6-1,WATER_NPY3;E7_FR7-5;E8_FR6-4,0.0660870599253,0.171396376123,0.16556885265,0.188229081385,False,False,biological animal
cfos_occurrence,Ocurrencia espacial de núcleos c-FOS positivos / núcleos DAPI,467,WATER_NPY1;E9_FR8-1;E8_FR6-3,WATER_NPY2;E7_FR7-1;E8_FR6-4,WATER_NPY3;E7_FR7-5;E8_FR6-1,0.566613179626,0.171396376123,0.202666112306,0.131679683057,False,False,biological animal
cfos_occurrence,Ocurrencia espacial de núcleos c-FOS positivos / núcleos DAPI,468,WATER_NPY1;E9_FR8-1;E8_FR6-3,WATER_NPY2;E7_FR7-5;E8_FR6-1,WATER_NPY3;E7_FR7-1;E8_FR6-4,0.926097104912,0.171396376123,0.133459160332,0.214831538443,False,False,biological animal
cfos_occurrence,Ocurrencia espacial de núcleos c-FOS positivos / núcleos DAPI,469,WATER_NPY1;E9_FR8-1;E8_FR6-3,WATER_NPY2;E7_FR7-5;E8_FR6-4,WATER_NPY3;E7_FR7-1;E8_FR6-1,0.0466632552469,0.171396376123,0.164102948762,0.154141285542,False,False,biological animal
cfos_occurrence,Ocurrencia espacial de núcleos c-FOS positivos / núcleos DAPI,470,WATER_NPY1;E9_FR8-1;E8_FR6-3,WATER_NPY2;E8_FR6-1;E8_FR6-4,WATER_NPY3;E7_FR7-1;E7_FR7-5,2.25825602595,0.171396376123,0.120012976209,0.0744699724207,False,False,biological animal
cfos_occurrence,Ocurrencia espacial de núcleos c-FOS positivos / núcleos DAPI,471,WATER_NPY1;E9_FR8-1;E8_FR6-3,WATER_NPY3;E7_FR7-1;E7_FR7-5,WATER_NPY2;E8_FR6-1;E8_FR6-4,2.25825602595,0.171396376123,0.0744699724207,0.120012976209,False,False,biological animal
cfos_occurrence,Ocurrencia espacial de núcleos c-FOS positivos / núcleos DAPI,472,WATER_NPY1;E9_FR8-1;E8_FR6-3,WATER_NPY3;E7_FR7-1;E8_FR6-1,WATER_NPY2;E7_FR7-5;E8_FR6-4,0.0466632552469,0.171396376123,0.154141285542,0.164102948762,False,False,biological animal
cfos_occurrence,Ocurrencia espacial de núcleos c-FOS positivos / núcleos DAPI,473,WATER_NPY1;E9_FR8-1;E8_FR6-3,WATER_NPY3;E7_FR7-1;E8_FR6-4,WATER_NPY2;E7_FR7-5;E8_FR6-1,0.926097104912,0.171396376123,0.214831538443,0.133459160332,False,False,biological animal
cfos_occurrence,Ocurrencia espacial de núcleos c-FOS positivos / núcleos DAPI,474,WATER_NPY1;E9_FR8-1;E8_FR6-3,WATER_NPY3;E7_FR7-5;E8_FR6-1,WATER_NPY2;E7_FR7-1;E8_FR6-4,0.566613179626,0.171396376123,0.131679683057,0.202666112306,False,False,biological animal
cfos_occurrence,Ocurrencia espacial de núcleos c-FOS positivos / núcleos DAPI,475,WATER_NPY1;E9_FR8-1;E8_FR6-3,WATER_NPY3;E7_FR7-5;E8_FR6-4,WATER_NPY2;E7_FR7-1;E8_FR6-1,0.0660870599253,0.171396376123,0.188229081385,0.16556885265,False,False,biological animal
cfos_occurrence,Ocurrencia espacial de núcleos c-FOS positivos / núcleos DAPI,476,WATER_NPY1;E9_FR8-1;E8_FR6-3,WATER_NPY3;E8_FR6-1;E8_FR6-4,WATER_NPY2;E7_FR7-1;E7_FR7-5,0.280836216466,0.171396376123,0.19390681198,0.144085962965,False,False,biological animal
cfos_occurrence,Ocurrencia espacial de núcleos c-FOS positivos / núcleos DAPI,477,WATER_NPY1;E9_FR8-1;E8_FR6-3,E7_FR7-1;E7_FR7-5;E8_FR6-1,WATER_NPY2;WATER_NPY3;E8_FR6-4,0.712690498016,0.171396376123,0.126925372434,0.19932441033,False,False,biological animal
cfos_occurrence,Ocurrencia espacial de núcleos c-FOS positivos / núcleos DAPI,478,WATER_NPY1;E9_FR8-1;E8_FR6-3,E7_FR7-1;E7_FR7-5;E8_FR6-4,WATER_NPY2;WATER_NPY3;E8_FR6-1,0.0454617162415,0.171396376123,0.18959245673,0.173189579894,False,False,biological animal
cfos_occurrence,Ocurrencia espacial de núcleos c-FOS positivos / núcleos DAPI,479,WATER_NPY1;E9_FR8-1;E8_FR6-3,E7_FR7-1;E8_FR6-1;E8_FR6-4,WATER_NPY2;WATER_NPY3;E7_FR7-5,0.161288977478,0.171396376123,0.184102836073,0.144286763472,False,False,biological animal
cfos_occurrence,Ocurrencia espacial de núcleos c-FOS positivos / núcleos DAPI,480,WATER_NPY1;E9_FR8-1;E8_FR6-3,E7_FR7-5;E8_FR6-1;E8_FR6-4,WATER_NPY2;WATER_NPY3;E7_FR7-1,0.0507700910234,0.171396376123,0.154106710722,0.169941416456,False,False,biological animal
cfos_occurrence,Ocurrencia espacial de núcleos c-FOS positivos / núcleos DAPI,481,WATER_NPY1;E9_FR8-1;E8_FR6-4,WATER_NPY2;WATER_NPY3;E7_FR7-1,E7_FR7-5;E8_FR6-1;E8_FR6-3,2.45719494612,0.212844372096,0.169941416456,0.102106846054,False,False,biological animal
cfos_occurrence,Ocurrencia espacial de núcleos c-FOS positivos / núcleos DAPI,482,WATER_NPY1;E9_FR8-1;E8_FR6-4,WATER_NPY2;WATER_NPY3;E7_FR7-5,E7_FR7-1;E8_FR6-1;E8_FR6-3,1.14353645383,0.212844372096,0.144286763472,0.135112165602,False,False,biological animal
cfos_occurrence,Ocurrencia espacial de núcleos c-FOS positivos / núcleos DAPI,483,WATER_NPY1;E9_FR8-1;E8_FR6-4,WATER_NPY2;WATER_NPY3;E8_FR6-1,E7_FR7-1;E7_FR7-5;E8_FR6-3,1.67532888645,0.212844372096,0.173189579894,0.12088188552,False,False,biological animal
cfos_occurrence,Ocurrencia espacial de núcleos c-FOS positivos / núcleos DAPI,484,WATER_NPY1;E9_FR8-1;E8_FR6-4,WATER_NPY2;WATER_NPY3;E8_FR6-3,E7_FR7-1;E7_FR7-5;E8_FR6-1,1.38790294268,0.212844372096,0.161572306475,0.126925372434,False,False,biological animal
cfos_occurrence,Ocurrencia espacial de núcleos c-FOS positivos / núcleos DAPI,485,WATER_NPY1;E9_FR8-1;E8_FR6-4,WATER_NPY2;E7_FR7-1;E7_FR7-5,WATER_NPY3;E8_FR6-1;E8_FR6-3,0.858623188141,0.212844372096,0.144085962965,0.148417989643,False,False,biological animal
cfos_occurrence,Ocurrencia espacial de núcleos c-FOS positivos / núcleos DAPI,486,WATER_NPY1;E9_FR8-1;E8_FR6-4,WATER_NPY2;E7_FR7-1;E8_FR6-1,WATER_NPY3;E7_FR7-5;E8_FR6-3,1.36310107134,0.212844372096,0.16556885265,0.123850801143,False,False,biological animal
cfos_occurrence,Ocurrencia espacial de núcleos c-FOS positivos / núcleos DAPI,487,WATER_NPY1;E9_FR8-1;E8_FR6-4,WATER_NPY2;E7_FR7-1;E8_FR6-3,WATER_NPY3;E7_FR7-5;E8_FR6-1,1.02950193726,0.212844372096,0.156828655789,0.131679683057,False,False,biological animal
cfos_occurrence,Ocurrencia espacial de núcleos c-FOS positivos / núcleos DAPI,488,WATER_NPY1;E9_FR8-1;E8_FR6-4,WATER_NPY2;E7_FR7-5;E8_FR6-1,WATER_NPY3;E7_FR7-1;E8_FR6-3,1.77036884996,0.212844372096,0.133459160332,0.148088957748,False,False,biological animal
cfos_occurrence,Ocurrencia espacial de núcleos c-FOS positivos / núcleos DAPI,489,WATER_NPY1;E9_FR8-1;E8_FR6-4,WATER_NPY2;E7_FR7-5;E8_FR6-3,WATER_NPY3;E7_FR7-1;E8_FR6-1,1.85299645696,0.212844372096,0.121822665893,0.154141285542,False,False,biological animal
cfos_occurrence,Ocurrencia espacial de núcleos c-FOS positivos / núcleos DAPI,490,WATER_NPY1;E9_FR8-1;E8_FR6-4,WATER_NPY2;E8_FR6-1;E8_FR6-3,WATER_NPY3;E7_FR7-1;E7_FR7-5,7.1014480696,0.212844372096,0.0771025607609,0.0744699724207,False,True,biological animal
cfos_occurrence,Ocurrencia espacial de núcleos c-FOS positivos / núcleos DAPI,491,WATER_NPY1;E9_FR8-1;E8_FR6-4,WATER_NPY3;E7_FR7-1;E7_FR7-5,WATER_NPY2;E8_FR6-1;E8_FR6-3,7.1014480696,0.212844372096,0.0744699724207,0.0771025607609,False,True,biological animal
cfos_occurrence,Ocurrencia espacial de núcleos c-FOS positivos / núcleos DAPI,492,WATER_NPY1;E9_FR8-1;E8_FR6-4,WATER_NPY3;E7_FR7-1;E8_FR6-1,WATER_NPY2;E7_FR7-5;E8_FR6-3,1.85299645696,0.212844372096,0.154141285542,0.121822665893,False,False,biological animal
cfos_occurrence,Ocurrencia espacial de núcleos c-FOS positivos / núcleos DAPI,493,WATER_NPY1;E9_FR8-1;E8_FR6-4,WATER_NPY3;E7_FR7-1;E8_FR6-3,WATER_NPY2;E7_FR7-5;E8_FR6-1,1.77036884996,0.212844372096,0.148088957748,0.133459160332,False,False,biological animal
cfos_occurrence,Ocurrencia espacial de núcleos c-FOS positivos / núcleos DAPI,494,WATER_NPY1;E9_FR8-1;E8_FR6-4,WATER_NPY3;E7_FR7-5;E8_FR6-1,WATER_NPY2;E7_FR7-1;E8_FR6-3,1.02950193726,0.212844372096,0.131679683057,0.156828655789,False,False,biological animal
cfos_occurrence,Ocurrencia espacial de núcleos c-FOS positivos / núcleos DAPI,495,WATER_NPY1;E9_FR8-1;E8_FR6-4,WATER_NPY3;E7_FR7-5;E8_FR6-3,WATER_NPY2;E7_FR7-1;E8_FR6-1,1.36310107134,0.212844372096,0.123850801143,0.16556885265,False,False,biological animal
cfos_occurrence,Ocurrencia espacial de núcleos c-FOS positivos / núcleos DAPI,496,WATER_NPY1;E9_FR8-1;E8_FR6-4,WATER_NPY3;E8_FR6-1;E8_FR6-3,WATER_NPY2;E7_FR7-1;E7_FR7-5,0.858623188141,0.212844372096,0.148417989643,0.144085962965,False,False,biological animal
cfos_occurrence,Ocurrencia espacial de núcleos c-FOS positivos / núcleos DAPI,497,WATER_NPY1;E9_FR8-1;E8_FR6-4,E7_FR7-1;E7_FR7-5;E8_FR6-1,WATER_NPY2;WATER_NPY3;E8_FR6-3,1.38790294268,0.212844372096,0.126925372434,0.161572306475,False,False,biological animal
cfos_occurrence,Ocurrencia espacial de núcleos c-FOS positivos / núcleos DAPI,498,WATER_NPY1;E9_FR8-1;E8_FR6-4,E7_FR7-1;E7_FR7-5;E8_FR6-3,WATER_NPY2;WATER_NPY3;E8_FR6-1,1.67532888645,0.212844372096,0.12088188552,0.173189579894,False,False,biological animal
cfos_occurrence,Ocurrencia espacial de núcleos c-FOS positivos / núcleos DAPI,499,WATER_NPY1;E9_FR8-1;E8_FR6-4,E7_FR7-1;E8_FR6-1;E8_FR6-3,WATER_NPY2;WATER_NPY3;E7_FR7-5,1.14353645383,0.212844372096,0.135112165602,0.144286763472,False,False,biological animal
cfos_occurrence,Ocurrencia espacial de núcleos c-FOS positivos / núcleos DAPI,500,WATER_NPY1;E9_FR8-1;E8_FR6-4,E7_FR7-5;E8_FR6-1;E8_FR6-3,WATER_NPY2;WATER_NPY3;E7_FR7-1,2.45719494612,0.212844372096,0.102106846054,0.169941416456,False,False,biological animal
cfos_occurrence,Ocurrencia espacial de núcleos c-FOS positivos / núcleos DAPI,501,WATER_NPY1;E8_FR6-1;E8_FR6-3,WATER_NPY2;WATER_NPY3;E7_FR7-1,E7_FR7-5;E9_FR8-1;E8_FR6-4,2.77946010124,0.0726304282101,0.169941416456,0.190166664278,False,False,biological animal
cfos_occurrence,Ocurrencia espacial de núcleos c-FOS positivos / núcleos DAPI,502,WATER_NPY1;E8_FR6-1;E8_FR6-3,WATER_NPY2;WATER_NPY3;E7_FR7-5,E7_FR7-1;E9_FR8-1;E8_FR6-4,3.37692420651,0.0726304282101,0.144286763472,0.213023460701,False,False,biological animal
cfos_occurrence,Ocurrencia espacial de núcleos c-FOS positivos / núcleos DAPI,503,WATER_NPY1;E8_FR6-1;E8_FR6-3,WATER_NPY2;WATER_NPY3;E9_FR8-1,E7_FR7-1;E7_FR7-5;E8_FR6-4,2.68485436276,0.0726304282101,0.16592639567,0.18959245673,False,False,biological animal
cfos_occurrence,Ocurrencia espacial de núcleos c-FOS positivos / núcleos DAPI,504,WATER_NPY1;E8_FR6-1;E8_FR6-3,WATER_NPY2;WATER_NPY3;E8_FR6-4,E7_FR7-1;E7_FR7-5;E9_FR8-1,9.29989118393,0.0726304282101,0.19932441033,0.06113494281,False,True,biological animal
cfos_occurrence,Ocurrencia espacial de núcleos c-FOS positivos / núcleos DAPI,505,WATER_NPY1;E8_FR6-1;E8_FR6-3,WATER_NPY2;E7_FR7-1;E7_FR7-5,WATER_NPY3;E9_FR8-1;E8_FR6-4,3.52415902763,0.0726304282101,0.144085962965,0.213419517422,False,False,biological animal
cfos_occurrence,Ocurrencia espacial de núcleos c-FOS positivos / núcleos DAPI,506,WATER_NPY1;E8_FR6-1;E8_FR6-3,WATER_NPY2;E7_FR7-1;E9_FR8-1,WATER_NPY3;E7_FR7-5;E8_FR6-4,2.68275052779,0.0726304282101,0.162280241501,0.188229081385,False,False,biological animal
cfos_occurrence,Ocurrencia espacial de núcleos c-FOS positivos / núcleos DAPI,507,WATER_NPY1;E8_FR6-1;E8_FR6-3,WATER_NPY2;E7_FR7-1;E8_FR6-4,WATER_NPY3;E7_FR7-5;E9_FR8-1,8.22832777484,0.0726304282101,0.202666112306,0.0707104698796,False,True,biological animal
cfos_occurrence,Ocurrencia espacial de núcleos c-FOS positivos / núcleos DAPI,508,WATER_NPY1;E8_FR6-1;E8_FR6-3,WATER_NPY2;E7_FR7-5;E9_FR8-1,WATER_NPY3;E7_FR7-1;E8_FR6-4,3.92186862632,0.0726304282101,0.143571770456,0.214831538443,False,False,biological animal
cfos_occurrence,Ocurrencia espacial de núcleos c-FOS positivos / núcleos DAPI,509,WATER_NPY1;E8_FR6-1;E8_FR6-3,WATER_NPY2;E7_FR7-5;E8_FR6-4,WATER_NPY3;E7_FR7-1;E9_FR8-1,7.64232939527,0.0726304282101,0.164102948762,0.0650726600127,False,True,biological animal
cfos_occurrence,Ocurrencia espacial de núcleos c-FOS positivos / núcleos DAPI,510,WATER_NPY1;E8_FR6-1;E8_FR6-3,WATER_NPY2;E9_FR8-1;E8_FR6-4,WATER_NPY3;E7_FR7-1;E7_FR7-5,7.22803395685,0.0726304282101,0.201437327672,0.0744699724207,False,True,biological animal
cfos_occurrence,Ocurrencia espacial de núcleos c-FOS positivos / núcleos DAPI,511,WATER_NPY1;E8_FR6-1;E8_FR6-3,WATER_NPY3;E7_FR7-1;E7_FR7-5,WATER_NPY2;E9_FR8-1;E8_FR6-4,7.22803395685,0.0726304282101,0.0744699724207,0.201437327672,False,True,biological animal
cfos_occurrence,Ocurrencia espacial de núcleos c-FOS positivos / núcleos DAPI,512,WATER_NPY1;E8_FR6-1;E8_FR6-3,WATER_NPY3;E7_FR7-1;E9_FR8-1,WATER_NPY2;E7_FR7-5;E8_FR6-4,7.64232939527,0.0726304282101,0.0650726600127,0.164102948762,False,True,biological animal
cfos_occurrence,Ocurrencia espacial de núcleos c-FOS positivos / núcleos DAPI,513,WATER_NPY1;E8_FR6-1;E8_FR6-3,WATER_NPY3;E7_FR7-1;E8_FR6-4,WATER_NPY2;E7_FR7-5;E9_FR8-1,3.92186862632,0.0726304282101,0.214831538443,0.143571770456,False,False,biological animal
cfos_occurrence,Ocurrencia espacial de núcleos c-FOS positivos / núcleos DAPI,514,WATER_NPY1;E8_FR6-1;E8_FR6-3,WATER_NPY3;E7_FR7-5;E9_FR8-1,WATER_NPY2;E7_FR7-1;E8_FR6-4,8.22832777484,0.0726304282101,0.0707104698796,0.202666112306,False,True,biological animal
cfos_occurrence,Ocurrencia espacial de núcleos c-FOS positivos / núcleos DAPI,515,WATER_NPY1;E8_FR6-1;E8_FR6-3,WATER_NPY3;E7_FR7-5;E8_FR6-4,WATER_NPY2;E7_FR7-1;E9_FR8-1,2.68275052779,0.0726304282101,0.188229081385,0.162280241501,False,False,biological animal
cfos_occurrence,Ocurrencia espacial de núcleos c-FOS positivos / núcleos DAPI,516,WATER_NPY1;E8_FR6-1;E8_FR6-3,WATER_NPY3;E9_FR8-1;E8_FR6-4,WATER_NPY2;E7_FR7-1;E7_FR7-5,3.52415902763,0.0726304282101,0.213419517422,0.144085962965,False,False,biological animal
cfos_occurrence,Ocurrencia espacial de núcleos c-FOS positivos / núcleos DAPI,517,WATER_NPY1;E8_FR6-1;E8_FR6-3,E7_FR7-1;E7_FR7-5;E9_FR8-1,WATER_NPY2;WATER_NPY3;E8_FR6-4,9.29989118393,0.0726304282101,0.06113494281,0.19932441033,False,True,biological animal
cfos_occurrence,Ocurrencia espacial de núcleos c-FOS positivos / núcleos DAPI,518,WATER_NPY1;E8_FR6-1;E8_FR6-3,E7_FR7-1;E7_FR7-5;E8_FR6-4,WATER_NPY2;WATER_NPY3;E9_FR8-1,2.68485436276,0.0726304282101,0.18959245673,0.16592639567,False,False,biological animal
cfos_occurrence,Ocurrencia espacial de núcleos c-FOS positivos / núcleos DAPI,519,WATER_NPY1;E8_FR6-1;E8_FR6-3,E7_FR7-1;E9_FR8-1;E8_FR6-4,WATER_NPY2;WATER_NPY3;E7_FR7-5,3.37692420651,0.0726304282101,0.213023460701,0.144286763472,False,False,biological animal
cfos_occurrence,Ocurrencia espacial de núcleos c-FOS positivos / núcleos DAPI,520,WATER_NPY1;E8_FR6-1;E8_FR6-3,E7_FR7-5;E9_FR8-1;E8_FR6-4,WATER_NPY2;WATER_NPY3;E7_FR7-1,2.77946010124,0.0726304282101,0.190166664278,0.169941416456,False,False,biological animal
cfos_occurrence,Ocurrencia espacial de núcleos c-FOS positivos / núcleos DAPI,521,WATER_NPY1;E8_FR6-1;E8_FR6-4,WATER_NPY2;WATER_NPY3;E7_FR7-1,E7_FR7-5;E9_FR8-1;E8_FR6-3,1.62775335435,0.0976124324673,0.169941416456,0.122495409459,False,False,biological animal
cfos_occurrence,Ocurrencia espacial de núcleos c-FOS positivos / núcleos DAPI,522,WATER_NPY1;E8_FR6-1;E8_FR6-4,WATER_NPY2;WATER_NPY3;E7_FR7-5,E7_FR7-1;E9_FR8-1;E8_FR6-3,0.706327916161,0.0976124324673,0.144286763472,0.137886924537,False,False,biological animal
cfos_occurrence,Ocurrencia espacial de núcleos c-FOS positivos / núcleos DAPI,523,WATER_NPY1;E8_FR6-1;E8_FR6-4,WATER_NPY2;WATER_NPY3;E9_FR8-1,E7_FR7-1;E7_FR7-5;E8_FR6-3,1.55072462406,0.0976124324673,0.16592639567,0.12088188552,False,False,biological animal
cfos_occurrence,Ocurrencia espacial de núcleos c-FOS positivos / núcleos DAPI,524,WATER_NPY1;E8_FR6-1;E8_FR6-4,WATER_NPY2;WATER_NPY3;E8_FR6-3,E7_FR7-1;E7_FR7-5;E9_FR8-1,6.40669134179,0.0976124324673,0.161572306475,0.06113494281,False,True,biological animal
cfos_occurrence,Ocurrencia espacial de núcleos c-FOS positivos / núcleos DAPI,525,WATER_NPY1;E8_FR6-1;E8_FR6-4,WATER_NPY2;E7_FR7-1;E7_FR7-5,WATER_NPY3;E9_FR8-1;E8_FR6-3,0.867770697188,0.0976124324673,0.144085962965,0.148034243925,False,False,biological animal
cfos_occurrence,Ocurrencia espacial de núcleos c-FOS positivos / núcleos DAPI,526,WATER_NPY1;E8_FR6-1;E8_FR6-4,WATER_NPY2;E7_FR7-1;E9_FR8-1,WATER_NPY3;E7_FR7-5;E8_FR6-3,1.0309259779,0.0976124324673,0.162280241501,0.123850801143,False,False,biological animal
cfos_occurrence,Ocurrencia espacial de núcleos c-FOS positivos / núcleos DAPI,527,WATER_NPY1;E8_FR6-1;E8_FR6-4,WATER_NPY2;E7_FR7-1;E8_FR6-3,WATER_NPY3;E7_FR7-5;E9_FR8-1,4.47409205347,0.0976124324673,0.156828655789,0.0707104698796,False,False,biological animal
cfos_occurrence,Ocurrencia espacial de núcleos c-FOS positivos / núcleos DAPI,528,WATER_NPY1;E8_FR6-1;E8_FR6-4,WATER_NPY2;E7_FR7-5;E9_FR8-1,WATER_NPY3;E7_FR7-1;E8_FR6-3,0.971983445275,0.0976124324673,0.143571770456,0.148088957748,False,False,biological animal
cfos_occurrence,Ocurrencia espacial de núcleos c-FOS positivos / núcleos DAPI,529,WATER_NPY1;E8_FR6-1;E8_FR6-4,WATER_NPY2;E7_FR7-5;E8_FR6-3,WATER_NPY3;E7_FR7-1;E9_FR8-1,3.45981755463,0.0976124324673,0.121822665893,0.0650726600127,False,False,biological animal
cfos_occurrence,Ocurrencia espacial de núcleos c-FOS positivos / núcleos DAPI,530,WATER_NPY1;E8_FR6-1;E8_FR6-4,WATER_NPY2;E9_FR8-1;E8_FR6-3,WATER_NPY3;E7_FR7-1;E7_FR7-5,4.88447367179,0.0976124324673,0.158834848678,0.0744699724207,False,True,biological animal
cfos_occurrence,Ocurrencia espacial de núcleos c-FOS positivos / núcleos DAPI,531,WATER_NPY1;E8_FR6-1;E8_FR6-4,WATER_NPY3;E7_FR7-1;E7_FR7-5,WATER_NPY2;E9_FR8-1;E8_FR6-3,4.88447367179,0.0976124324673,0.0744699724207,0.158834848678,False,True,biological animal
cfos_occurrence,Ocurrencia espacial de núcleos c-FOS positivos / núcleos DAPI,532,WATER_NPY1;E8_FR6-1;E8_FR6-4,WATER_NPY3;E7_FR7-1;E9_FR8-1,WATER_NPY2;E7_FR7-5;E8_FR6-3,3.45981755463,0.0976124324673,0.0650726600127,0.121822665893,False,False,biological animal
cfos_occurrence,Ocurrencia espacial de núcleos c-FOS positivos / núcleos DAPI,533,WATER_NPY1;E8_FR6-1;E8_FR6-4,WATER_NPY3;E7_FR7-1;E8_FR6-3,WATER_NPY2;E7_FR7-5;E9_FR8-1,0.971983445275,0.0976124324673,0.148088957748,0.143571770456,False,False,biological animal
cfos_occurrence,Ocurrencia espacial de núcleos c-FOS positivos / núcleos DAPI,534,WATER_NPY1;E8_FR6-1;E8_FR6-4,WATER_NPY3;E7_FR7-5;E9_FR8-1,WATER_NPY2;E7_FR7-1;E8_FR6-3,4.47409205347,0.0976124324673,0.0707104698796,0.156828655789,False,False,biological animal
cfos_occurrence,Ocurrencia espacial de núcleos c-FOS positivos / núcleos DAPI,535,WATER_NPY1;E8_FR6-1;E8_FR6-4,WATER_NPY3;E7_FR7-5;E8_FR6-3,WATER_NPY2;E7_FR7-1;E9_FR8-1,1.0309259779,0.0976124324673,0.123850801143,0.162280241501,False,False,biological animal
cfos_occurrence,Ocurrencia espacial de núcleos c-FOS positivos / núcleos DAPI,536,WATER_NPY1;E8_FR6-1;E8_FR6-4,WATER_NPY3;E9_FR8-1;E8_FR6-3,WATER_NPY2;E7_FR7-1;E7_FR7-5,0.867770697188,0.0976124324673,0.148034243925,0.144085962965,False,False,biological animal
cfos_occurrence,Ocurrencia espacial de núcleos c-FOS positivos / núcleos DAPI,537,WATER_NPY1;E8_FR6-1;E8_FR6-4,E7_FR7-1;E7_FR7-5;E9_FR8-1,WATER_NPY2;WATER_NPY3;E8_FR6-3,6.40669134179,0.0976124324673,0.06113494281,0.161572306475,False,True,biological animal
cfos_occurrence,Ocurrencia espacial de núcleos c-FOS positivos / núcleos DAPI,538,WATER_NPY1;E8_FR6-1;E8_FR6-4,E7_FR7-1;E7_FR7-5;E8_FR6-3,WATER_NPY2;WATER_NPY3;E9_FR8-1,1.55072462406,0.0976124324673,0.12088188552,0.16592639567,False,False,biological animal
cfos_occurrence,Ocurrencia espacial de núcleos c-FOS positivos / núcleos DAPI,539,WATER_NPY1;E8_FR6-1;E8_FR6-4,E7_FR7-1;E9_FR8-1;E8_FR6-3,WATER_NPY2;WATER_NPY3;E7_FR7-5,0.706327916161,0.0976124324673,0.137886924537,0.144286763472,False,False,biological animal
cfos_occurrence,Ocurrencia espacial de núcleos c-FOS positivos / núcleos DAPI,540,WATER_NPY1;E8_FR6-1;E8_FR6-4,E7_FR7-5;E9_FR8-1;E8_FR6-3,WATER_NPY2;WATER_NPY3;E7_FR7-1,1.62775335435,0.0976124324673,0.122495409459,0.169941416456,False,False,biological animal
cfos_occurrence,Ocurrencia espacial de núcleos c-FOS positivos / núcleos DAPI,541,WATER_NPY1;E8_FR6-3;E8_FR6-4,WATER_NPY2;WATER_NPY3;E7_FR7-1,E7_FR7-5;E9_FR8-1;E8_FR6-1,1.68013767037,0.0945784918164,0.169941416456,0.129816827847,False,False,biological animal
cfos_occurrence,Ocurrencia espacial de núcleos c-FOS positivos / núcleos DAPI,542,WATER_NPY1;E8_FR6-3;E8_FR6-4,WATER_NPY2;WATER_NPY3;E7_FR7-5,E7_FR7-1;E9_FR8-1;E8_FR6-1,0.861079687011,0.0945784918164,0.144286763472,0.142871381155,False,False,biological animal
cfos_occurrence,Ocurrencia espacial de núcleos c-FOS positivos / núcleos DAPI,543,WATER_NPY1;E8_FR6-3;E8_FR6-4,WATER_NPY2;WATER_NPY3;E9_FR8-1,E7_FR7-1;E7_FR7-5;E8_FR6-1,1.71863563408,0.0945784918164,0.16592639567,0.126925372434,False,False,biological animal
cfos_occurrence,Ocurrencia espacial de núcleos c-FOS positivos / núcleos DAPI,544,WATER_NPY1;E8_FR6-3;E8_FR6-4,WATER_NPY2;WATER_NPY3;E8_FR6-1,E7_FR7-1;E7_FR7-5;E9_FR8-1,11.3356699412,0.0945784918164,0.173189579894,0.06113494281,False,True,biological animal
cfos_occurrence,Ocurrencia espacial de núcleos c-FOS positivos / núcleos DAPI,545,WATER_NPY1;E8_FR6-3;E8_FR6-4,WATER_NPY2;E7_FR7-1;E7_FR7-5,WATER_NPY3;E9_FR8-1;E8_FR6-1,1.13096319445,0.0945784918164,0.144085962965,0.156345004239,False,False,biological animal
cfos_occurrence,Ocurrencia espacial de núcleos c-FOS positivos / núcleos DAPI,546,WATER_NPY1;E8_FR6-3;E8_FR6-4,WATER_NPY2;E7_FR7-1;E9_FR8-1,WATER_NPY3;E7_FR7-5;E8_FR6-1,1.0342611442,0.0945784918164,0.162280241501,0.131679683057,False,False,biological animal
cfos_occurrence,Ocurrencia espacial de núcleos c-FOS positivos / núcleos DAPI,547,WATER_NPY1;E8_FR6-3;E8_FR6-4,WATER_NPY2;E7_FR7-1;E8_FR6-1,WATER_NPY3;E7_FR7-5;E9_FR8-1,8.20746547481,0.0945784918164,0.16556885265,0.0707104698796,False,True,biological animal
cfos_occurrence,Ocurrencia espacial de núcleos c-FOS positivos / núcleos DAPI,548,WATER_NPY1;E8_FR6-3;E8_FR6-4,WATER_NPY2;E7_FR7-5;E9_FR8-1,WATER_NPY3;E7_FR7-1;E8_FR6-1,1.19022272031,0.0945784918164,0.143571770456,0.154141285542,False,False,biological animal
cfos_occurrence,Ocurrencia espacial de núcleos c-FOS positivos / núcleos DAPI,549,WATER_NPY1;E8_FR6-3;E8_FR6-4,WATER_NPY2;E7_FR7-5;E8_FR6-1,WATER_NPY3;E7_FR7-1;E9_FR8-1,8.43542235379,0.0945784918164,0.133459160332,0.0650726600127,False,True,biological animal
cfos_occurrence,Ocurrencia espacial de núcleos c-FOS positivos / núcleos DAPI,550,WATER_NPY1;E8_FR6-3;E8_FR6-4,WATER_NPY2;E9_FR8-1;E8_FR6-1,WATER_NPY3;E7_FR7-1;E7_FR7-5,9.31747010695,0.0945784918164,0.16916185466,0.0744699724207,False,True,biological animal
cfos_occurrence,Ocurrencia espacial de núcleos c-FOS positivos / núcleos DAPI,551,WATER_NPY1;E8_FR6-3;E8_FR6-4,WATER_NPY3;E7_FR7-1;E7_FR7-5,WATER_NPY2;E9_FR8-1;E8_FR6-1,9.31747010695,0.0945784918164,0.0744699724207,0.16916185466,False,True,biological animal
cfos_occurrence,Ocurrencia espacial de núcleos c-FOS positivos / núcleos DAPI,552,WATER_NPY1;E8_FR6-3;E8_FR6-4,WATER_NPY3;E7_FR7-1;E9_FR8-1,WATER_NPY2;E7_FR7-5;E8_FR6-1,8.43542235379,0.0945784918164,0.0650726600127,0.133459160332,False,True,biological animal
cfos_occurrence,Ocurrencia espacial de núcleos c-FOS positivos / núcleos DAPI,553,WATER_NPY1;E8_FR6-3;E8_FR6-4,WATER_NPY3;E7_FR7-1;E8_FR6-1,WATER_NPY2;E7_FR7-5;E9_FR8-1,1.19022272031,0.0945784918164,0.154141285542,0.143571770456,False,False,biological animal
cfos_occurrence,Ocurrencia espacial de núcleos c-FOS positivos / núcleos DAPI,554,WATER_NPY1;E8_FR6-3;E8_FR6-4,WATER_NPY3;E7_FR7-5;E9_FR8-1,WATER_NPY2;E7_FR7-1;E8_FR6-1,8.20746547481,0.0945784918164,0.0707104698796,0.16556885265,False,True,biological animal
cfos_occurrence,Ocurrencia espacial de núcleos c-FOS positivos / núcleos DAPI,555,WATER_NPY1;E8_FR6-3;E8_FR6-4,WATER_NPY3;E7_FR7-5;E8_FR6-1,WATER_NPY2;E7_FR7-1;E9_FR8-1,1.0342611442,0.0945784918164,0.131679683057,0.162280241501,False,False,biological animal
cfos_occurrence,Ocurrencia espacial de núcleos c-FOS positivos / núcleos DAPI,556,WATER_NPY1;E8_FR6-3;E8_FR6-4,WATER_NPY3;E9_FR8-1;E8_FR6-1,WATER_NPY2;E7_FR7-1;E7_FR7-5,1.13096319445,0.0945784918164,0.156345004239,0.144085962965,False,False,biological animal
cfos_occurrence,Ocurrencia espacial de núcleos c-FOS positivos / núcleos DAPI,557,WATER_NPY1;E8_FR6-3;E8_FR6-4,E7_FR7-1;E7_FR7-5;E9_FR8-1,WATER_NPY2;WATER_NPY3;E8_FR6-1,11.3356699412,0.0945784918164,0.06113494281,0.173189579894,False,True,biological animal
cfos_occurrence,Ocurrencia espacial de núcleos c-FOS positivos / núcleos DAPI,558,WATER_NPY1;E8_FR6-3;E8_FR6-4,E7_FR7-1;E7_FR7-5;E8_FR6-1,WATER_NPY2;WATER_NPY3;E9_FR8-1,1.71863563408,0.0945784918164,0.126925372434,0.16592639567,False,False,biological animal
cfos_occurrence,Ocurrencia espacial de núcleos c-FOS positivos / núcleos DAPI,559,WATER_NPY1;E8_FR6-3;E8_FR6-4,E7_FR7-1;E9_FR8-1;E8_FR6-1,WATER_NPY2;WATER_NPY3;E7_FR7-5,0.861079687011,0.0945784918164,0.142871381155,0.144286763472,False,False,biological animal
cfos_occurrence,Ocurrencia espacial de núcleos c-FOS positivos / núcleos DAPI,560,WATER_NPY1;E8_FR6-3;E8_FR6-4,E7_FR7-5;E9_FR8-1;E8_FR6-1,WATER_NPY2;WATER_NPY3;E7_FR7-1,1.68013767037,0.0945784918164,0.129816827847,0.169941416456,False,False,biological animal
cfos_occurrence,Ocurrencia espacial de núcleos c-FOS positivos / núcleos DAPI,561,WATER_NPY2;WATER_NPY3;E7_FR7-1,WATER_NPY1;E7_FR7-5;E9_FR8-1,E8_FR6-1;E8_FR6-3;E8_FR6-4,1.68124009338,0.169941416456,0.181110850059,0.0940001390035,False,False,biological animal
cfos_occurrence,Ocurrencia espacial de núcleos c-FOS positivos / núcleos DAPI,562,WATER_NPY2;WATER_NPY3;E7_FR7-1,WATER_NPY1;E7_FR7-5;E8_FR6-1,E9_FR8-1;E8_FR6-3;E8_FR6-4,0.251146901891,0.169941416456,0.140062915087,0.183562577946,False,False,biological animal
cfos_occurrence,Ocurrencia espacial de núcleos c-FOS positivos / núcleos DAPI,563,WATER_NPY2;WATER_NPY3;E7_FR7-1,WATER_NPY1;E7_FR7-5;E8_FR6-3,E9_FR8-1;E8_FR6-1;E8_FR6-4,0.463571494864,0.169941416456,0.132238082191,0.191342895355,False,False,biological animal
cfos_occurrence,Ocurrencia espacial de núcleos c-FOS positivos / núcleos DAPI,564,WATER_NPY2;WATER_NPY3;E7_FR7-1,WATER_NPY1;E7_FR7-5;E8_FR6-4,E9_FR8-1;E8_FR6-1;E8_FR6-3,0.223343927074,0.169941416456,0.170261350708,0.142625398728,False,False,biological animal
cfos_occurrence,Ocurrencia espacial de núcleos c-FOS positivos / núcleos DAPI,565,WATER_NPY2;WATER_NPY3;E7_FR7-1,WATER_NPY1;E9_FR8-1;E8_FR6-1,E7_FR7-5;E8_FR6-3;E8_FR6-4,0.150847379433,0.169941416456,0.178220357587,0.14658594897,False,False,biological animal
cfos_occurrence,Ocurrencia espacial de núcleos c-FOS positivos / núcleos DAPI,566,WATER_NPY2;WATER_NPY3;E7_FR7-1,WATER_NPY1;E9_FR8-1;E8_FR6-3,E7_FR7-5;E8_FR6-1;E8_FR6-4,0.0507700910234,0.169941416456,0.171396376123,0.154106710722,False,False,biological animal
cfos_occurrence,Ocurrencia espacial de núcleos c-FOS positivos / núcleos DAPI,567,WATER_NPY2;WATER_NPY3;E7_FR7-1,WATER_NPY1;E9_FR8-1;E8_FR6-4,E7_FR7-5;E8_FR6-1;E8_FR6-3,2.45719494612,0.169941416456,0.212844372096,0.102106846054,False,False,biological animal
cfos_occurrence,Ocurrencia espacial de núcleos c-FOS positivos / núcleos DAPI,568,WATER_NPY2;WATER_NPY3;E7_FR7-1,WATER_NPY1;E8_FR6-1;E8_FR6-3,E7_FR7-5;E9_FR8-1;E8_FR6-4,2.77946010124,0.169941416456,0.0726304282101,0.190166664278,False,False,biological animal
cfos_occurrence,Ocurrencia espacial de núcleos c-FOS positivos / núcleos DAPI,569,WATER_NPY2;WATER_NPY3;E7_FR7-1,WATER_NPY1;E8_FR6-1;E8_FR6-4,E7_FR7-5;E9_FR8-1;E8_FR6-3,1.62775335435,0.169941416456,0.0976124324673,0.122495409459,False,False,biological animal
cfos_occurrence,Ocurrencia espacial de núcleos c-FOS positivos / núcleos DAPI,570,WATER_NPY2;WATER_NPY3;E7_FR7-1,WATER_NPY1;E8_FR6-3;E8_FR6-4,E7_FR7-5;E9_FR8-1;E8_FR6-1,1.68013767037,0.169941416456,0.0945784918164,0.129816827847,False,False,biological animal
cfos_occurrence,Ocurrencia espacial de núcleos c-FOS positivos / núcleos DAPI,571,WATER_NPY2;WATER_NPY3;E7_FR7-1,E7_FR7-5;E9_FR8-1;E8_FR6-1,WATER_NPY1;E8_FR6-3;E8_FR6-4,1.68013767037,0.169941416456,0.129816827847,0.0945784918164,False,False,biological animal
cfos_occurrence,Ocurrencia espacial de núcleos c-FOS positivos / núcleos DAPI,572,WATER_NPY2;WATER_NPY3;E7_FR7-1,E7_FR7-5;E9_FR8-1;E8_FR6-3,WATER_NPY1;E8_FR6-1;E8_FR6-4,1.62775335435,0.169941416456,0.122495409459,0.0976124324673,False,False,biological animal
cfos_occurrence,Ocurrencia espacial de núcleos c-FOS positivos / núcleos DAPI,573,WATER_NPY2;WATER_NPY3;E7_FR7-1,E7_FR7-5;E9_FR8-1;E8_FR6-4,WATER_NPY1;E8_FR6-1;E8_FR6-3,2.77946010124,0.169941416456,0.190166664278,0.0726304282101,False,False,biological animal
cfos_occurrence,Ocurrencia espacial de núcleos c-FOS positivos / núcleos DAPI,574,WATER_NPY2;WATER_NPY3;E7_FR7-1,E7_FR7-5;E8_FR6-1;E8_FR6-3,WATER_NPY1;E9_FR8-1;E8_FR6-4,2.45719494612,0.169941416456,0.102106846054,0.212844372096,False,False,biological animal
cfos_occurrence,Ocurrencia espacial de núcleos c-FOS positivos / núcleos DAPI,575,WATER_NPY2;WATER_NPY3;E7_FR7-1,E7_FR7-5;E8_FR6-1;E8_FR6-4,WATER_NPY1;E9_FR8-1;E8_FR6-3,0.0507700910234,0.169941416456,0.154106710722,0.171396376123,False,False,biological animal
cfos_occurrence,Ocurrencia espacial de núcleos c-FOS positivos / núcleos DAPI,576,WATER_NPY2;WATER_NPY3;E7_FR7-1,E7_FR7-5;E8_FR6-3;E8_FR6-4,WATER_NPY1;E9_FR8-1;E8_FR6-1,0.150847379433,0.169941416456,0.14658594897,0.178220357587,False,False,biological animal
cfos_occurrence,Ocurrencia espacial de núcleos c-FOS positivos / núcleos DAPI,577,WATER_NPY2;WATER_NPY3;E7_FR7-1,E9_FR8-1;E8_FR6-1;E8_FR6-3,WATER_NPY1;E7_FR7-5;E8_FR6-4,0.223343927074,0.169941416456,0.142625398728,0.170261350708,False,False,biological animal
cfos_occurrence,Ocurrencia espacial de núcleos c-FOS positivos / núcleos DAPI,578,WATER_NPY2;WATER_NPY3;E7_FR7-1,E9_FR8-1;E8_FR6-1;E8_FR6-4,WATER_NPY1;E7_FR7-5;E8_FR6-3,0.463571494864,0.169941416456,0.191342895355,0.132238082191,False,False,biological animal
cfos_occurrence,Ocurrencia espacial de núcleos c-FOS positivos / núcleos DAPI,579,WATER_NPY2;WATER_NPY3;E7_FR7-1,E9_FR8-1;E8_FR6-3;E8_FR6-4,WATER_NPY1;E7_FR7-5;E8_FR6-1,0.251146901891,0.169941416456,0.183562577946,0.140062915087,False,False,biological animal
cfos_occurrence,Ocurrencia espacial de núcleos c-FOS positivos / núcleos DAPI,580,WATER_NPY2;WATER_NPY3;E7_FR7-1,E8_FR6-1;E8_FR6-3;E8_FR6-4,WATER_NPY1;E7_FR7-5;E9_FR8-1,1.68124009338,0.169941416456,0.0940001390035,0.181110850059,False,False,biological animal
cfos_occurrence,Ocurrencia espacial de núcleos c-FOS positivos / núcleos DAPI,581,WATER_NPY2;WATER_NPY3;E7_FR7-5,WATER_NPY1;E7_FR7-1;E9_FR8-1,E8_FR6-1;E8_FR6-3;E8_FR6-4,1.96320604217,0.144286763472,0.19965383875,0.0940001390035,False,False,biological animal
cfos_occurrence,Ocurrencia espacial de núcleos c-FOS positivos / núcleos DAPI,582,WATER_NPY2;WATER_NPY3;E7_FR7-5,WATER_NPY1;E7_FR7-1;E8_FR6-1,E9_FR8-1;E8_FR6-3;E8_FR6-4,0.156090146452,0.144286763472,0.170084800188,0.183562577946,False,False,biological animal
cfos_occurrence,Ocurrencia espacial de núcleos c-FOS positivos / núcleos DAPI,583,WATER_NPY2;WATER_NPY3;E7_FR7-5,WATER_NPY1;E7_FR7-1;E8_FR6-3,E9_FR8-1;E8_FR6-1;E8_FR6-4,0.225947536823,0.144286763472,0.16597521685,0.191342895355,False,False,biological animal
cfos_occurrence,Ocurrencia espacial de núcleos c-FOS positivos / núcleos DAPI,584,WATER_NPY2;WATER_NPY3;E7_FR7-5,WATER_NPY1;E7_FR7-1;E8_FR6-4,E9_FR8-1;E8_FR6-1;E8_FR6-3,0.921537985427,0.144286763472,0.210301637132,0.142625398728,False,False,biological animal
cfos_occurrence,Ocurrencia espacial de núcleos c-FOS positivos / núcleos DAPI,585,WATER_NPY2;WATER_NPY3;E7_FR7-5,WATER_NPY1;E9_FR8-1;E8_FR6-1,E7_FR7-1;E8_FR6-3;E8_FR6-4,0.151489058047,0.144286763472,0.178220357587,0.178587431646,False,False,biological animal
cfos_occurrence,Ocurrencia espacial de núcleos c-FOS positivos / núcleos DAPI,586,WATER_NPY2;WATER_NPY3;E7_FR7-5,WATER_NPY1;E9_FR8-1;E8_FR6-3,E7_FR7-1;E8_FR6-1;E8_FR6-4,0.161288977478,0.144286763472,0.171396376123,0.184102836073,False,False,biological animal
cfos_occurrence,Ocurrencia espacial de núcleos c-FOS positivos / núcleos DAPI,587,WATER_NPY2;WATER_NPY3;E7_FR7-5,WATER_NPY1;E9_FR8-1;E8_FR6-4,E7_FR7-1;E8_FR6-1;E8_FR6-3,1.14353645383,0.144286763472,0.212844372096,0.135112165602,False,False,biological animal
cfos_occurrence,Ocurrencia espacial de núcleos c-FOS positivos / núcleos DAPI,588,WATER_NPY2;WATER_NPY3;E7_FR7-5,WATER_NPY1;E8_FR6-1;E8_FR6-3,E7_FR7-1;E9_FR8-1;E8_FR6-4,3.37692420651,0.144286763472,0.0726304282101,0.213023460701,False,False,biological animal
cfos_occurrence,Ocurrencia espacial de núcleos c-FOS positivos / núcleos DAPI,589,WATER_NPY2;WATER_NPY3;E7_FR7-5,WATER_NPY1;E8_FR6-1;E8_FR6-4,E7_FR7-1;E9_FR8-1;E8_FR6-3,0.706327916161,0.144286763472,0.0976124324673,0.137886924537,False,False,biological animal
cfos_occurrence,Ocurrencia espacial de núcleos c-FOS positivos / núcleos DAPI,590,WATER_NPY2;WATER_NPY3;E7_FR7-5,WATER_NPY1;E8_FR6-3;E8_FR6-4,E7_FR7-1;E9_FR8-1;E8_FR6-1,0.861079687011,0.144286763472,0.0945784918164,0.142871381155,False,False,biological animal
cfos_occurrence,Ocurrencia espacial de núcleos c-FOS positivos / núcleos DAPI,591,WATER_NPY2;WATER_NPY3;E7_FR7-5,E7_FR7-1;E9_FR8-1;E8_FR6-1,WATER_NPY1;E8_FR6-3;E8_FR6-4,0.861079687011,0.144286763472,0.142871381155,0.0945784918164,False,False,biological animal
cfos_occurrence,Ocurrencia espacial de núcleos c-FOS positivos / núcleos DAPI,592,WATER_NPY2;WATER_NPY3;E7_FR7-5,E7_FR7-1;E9_FR8-1;E8_FR6-3,WATER_NPY1;E8_FR6-1;E8_FR6-4,0.706327916161,0.144286763472,0.137886924537,0.0976124324673,False,False,biological animal
cfos_occurrence,Ocurrencia espacial de núcleos c-FOS positivos / núcleos DAPI,593,WATER_NPY2;WATER_NPY3;E7_FR7-5,E7_FR7-1;E9_FR8-1;E8_FR6-4,WATER_NPY1;E8_FR6-1;E8_FR6-3,3.37692420651,0.144286763472,0.213023460701,0.0726304282101,False,False,biological animal
cfos_occurrence,Ocurrencia espacial de núcleos c-FOS positivos / núcleos DAPI,594,WATER_NPY2;WATER_NPY3;E7_FR7-5,E7_FR7-1;E8_FR6-1;E8_FR6-3,WATER_NPY1;E9_FR8-1;E8_FR6-4,1.14353645383,0.144286763472,0.135112165602,0.212844372096,False,False,biological animal
cfos_occurrence,Ocurrencia espacial de núcleos c-FOS positivos / núcleos DAPI,595,WATER_NPY2;WATER_NPY3;E7_FR7-5,E7_FR7-1;E8_FR6-1;E8_FR6-4,WATER_NPY1;E9_FR8-1;E8_FR6-3,0.161288977478,0.144286763472,0.184102836073,0.171396376123,False,False,biological animal
cfos_occurrence,Ocurrencia espacial de núcleos c-FOS positivos / núcleos DAPI,596,WATER_NPY2;WATER_NPY3;E7_FR7-5,E7_FR7-1;E8_FR6-3;E8_FR6-4,WATER_NPY1;E9_FR8-1;E8_FR6-1,0.151489058047,0.144286763472,0.178587431646,0.178220357587,False,False,biological animal
cfos_occurrence,Ocurrencia espacial de núcleos c-FOS positivos / núcleos DAPI,597,WATER_NPY2;WATER_NPY3;E7_FR7-5,E9_FR8-1;E8_FR6-1;E8_FR6-3,WATER_NPY1;E7_FR7-1;E8_FR6-4,0.921537985427,0.144286763472,0.142625398728,0.210301637132,False,False,biological animal
cfos_occurrence,Ocurrencia espacial de núcleos c-FOS positivos / núcleos DAPI,598,WATER_NPY2;WATER_NPY3;E7_FR7-5,E9_FR8-1;E8_FR6-1;E8_FR6-4,WATER_NPY1;E7_FR7-1;E8_FR6-3,0.225947536823,0.144286763472,0.191342895355,0.16597521685,False,False,biological animal
cfos_occurrence,Ocurrencia espacial de núcleos c-FOS positivos / núcleos DAPI,599,WATER_NPY2;WATER_NPY3;E7_FR7-5,E9_FR8-1;E8_FR6-3;E8_FR6-4,WATER_NPY1;E7_FR7-1;E8_FR6-1,0.156090146452,0.144286763472,0.183562577946,0.170084800188,False,False,biological animal
cfos_occurrence,Ocurrencia espacial de núcleos c-FOS positivos / núcleos DAPI,600,WATER_NPY2;WATER_NPY3;E7_FR7-5,E8_FR6-1;E8_FR6-3;E8_FR6-4,WATER_NPY1;E7_FR7-1;E9_FR8-1,1.96320604217,0.144286763472,0.0940001390035,0.19965383875,False,False,biological animal
cfos_occurrence,Ocurrencia espacial de núcleos c-FOS positivos / núcleos DAPI,601,WATER_NPY2;WATER_NPY3;E9_FR8-1,WATER_NPY1;E7_FR7-1;E7_FR7-5,E8_FR6-1;E8_FR6-3;E8_FR6-4,1.62671682144,0.16592639567,0.179886201248,0.0940001390035,False,False,biological animal
cfos_occurrence,Ocurrencia espacial de núcleos c-FOS positivos / núcleos DAPI,602,WATER_NPY2;WATER_NPY3;E9_FR8-1,WATER_NPY1;E7_FR7-1;E8_FR6-1,E7_FR7-5;E8_FR6-3;E8_FR6-4,0.0826223617455,0.16592639567,0.170084800188,0.14658594897,False,False,biological animal
cfos_occurrence,Ocurrencia espacial de núcleos c-FOS positivos / núcleos DAPI,603,WATER_NPY2;WATER_NPY3;E9_FR8-1,WATER_NPY1;E7_FR7-1;E8_FR6-3,E7_FR7-5;E8_FR6-1;E8_FR6-4,0.0249608592429,0.16592639567,0.16597521685,0.154106710722,False,False,biological animal
cfos_occurrence,Ocurrencia espacial de núcleos c-FOS positivos / núcleos DAPI,604,WATER_NPY2;WATER_NPY3;E9_FR8-1,WATER_NPY1;E7_FR7-1;E8_FR6-4,E7_FR7-5;E8_FR6-1;E8_FR6-3,2.29374914474,0.16592639567,0.210301637132,0.102106846054,False,False,biological animal
cfos_occurrence,Ocurrencia espacial de núcleos c-FOS positivos / núcleos DAPI,605,WATER_NPY2;WATER_NPY3;E9_FR8-1,WATER_NPY1;E7_FR7-5;E8_FR6-1,E7_FR7-1;E8_FR6-3;E8_FR6-4,0.183581279336,0.16592639567,0.140062915087,0.178587431646,False,False,biological animal
cfos_occurrence,Ocurrencia espacial de núcleos c-FOS positivos / núcleos DAPI,606,WATER_NPY2;WATER_NPY3;E9_FR8-1,WATER_NPY1;E7_FR7-5;E8_FR6-3,E7_FR7-1;E8_FR6-1;E8_FR6-4,0.329281568613,0.16592639567,0.132238082191,0.184102836073,False,False,biological animal
cfos_occurrence,Ocurrencia espacial de núcleos c-FOS positivos / núcleos DAPI,607,WATER_NPY2;WATER_NPY3;E9_FR8-1,WATER_NPY1;E7_FR7-5;E8_FR6-4,E7_FR7-1;E8_FR6-1;E8_FR6-3,0.331301881196,0.16592639567,0.170261350708,0.135112165602,False,False,biological animal
cfos_occurrence,Ocurrencia espacial de núcleos c-FOS positivos / núcleos DAPI,608,WATER_NPY2;WATER_NPY3;E9_FR8-1,WATER_NPY1;E8_FR6-1;E8_FR6-3,E7_FR7-1;E7_FR7-5;E8_FR6-4,2.68485436276,0.16592639567,0.0726304282101,0.18959245673,False,False,biological animal
cfos_occurrence,Ocurrencia espacial de núcleos c-FOS positivos / núcleos DAPI,609,WATER_NPY2;WATER_NPY3;E9_FR8-1,WATER_NPY1;E8_FR6-1;E8_FR6-4,E7_FR7-1;E7_FR7-5;E8_FR6-3,1.55072462406,0.16592639567,0.0976124324673,0.12088188552,False,False,biological animal
cfos_occurrence,Ocurrencia espacial de núcleos c-FOS positivos / núcleos DAPI,610,WATER_NPY2;WATER_NPY3;E9_FR8-1,WATER_NPY1;E8_FR6-3;E8_FR6-4,E7_FR7-1;E7_FR7-5;E8_FR6-1,1.71863563408,0.16592639567,0.0945784918164,0.126925372434,False,False,biological animal
cfos_occurrence,Ocurrencia espacial de núcleos c-FOS positivos / núcleos DAPI,611,WATER_NPY2;WATER_NPY3;E9_FR8-1,E7_FR7-1;E7_FR7-5;E8_FR6-1,WATER_NPY1;E8_FR6-3;E8_FR6-4,1.71863563408,0.16592639567,0.126925372434,0.0945784918164,False,False,biological animal
cfos_occurrence,Ocurrencia espacial de núcleos c-FOS positivos / núcleos DAPI,612,WATER_NPY2;WATER_NPY3;E9_FR8-1,E7_FR7-1;E7_FR7-5;E8_FR6-3,WATER_NPY1;E8_FR6-1;E8_FR6-4,1.55072462406,0.16592639567,0.12088188552,0.0976124324673,False,False,biological animal
cfos_occurrence,Ocurrencia espacial de núcleos c-FOS positivos / núcleos DAPI,613,WATER_NPY2;WATER_NPY3;E9_FR8-1,E7_FR7-1;E7_FR7-5;E8_FR6-4,WATER_NPY1;E8_FR6-1;E8_FR6-3,2.68485436276,0.16592639567,0.18959245673,0.0726304282101,False,False,biological animal
cfos_occurrence,Ocurrencia espacial de núcleos c-FOS positivos / núcleos DAPI,614,WATER_NPY2;WATER_NPY3;E9_FR8-1,E7_FR7-1;E8_FR6-1;E8_FR6-3,WATER_NPY1;E7_FR7-5;E8_FR6-4,0.331301881196,0.16592639567,0.135112165602,0.170261350708,False,False,biological animal
cfos_occurrence,Ocurrencia espacial de núcleos c-FOS positivos / núcleos DAPI,615,WATER_NPY2;WATER_NPY3;E9_FR8-1,E7_FR7-1;E8_FR6-1;E8_FR6-4,WATER_NPY1;E7_FR7-5;E8_FR6-3,0.329281568613,0.16592639567,0.184102836073,0.132238082191,False,False,biological animal
cfos_occurrence,Ocurrencia espacial de núcleos c-FOS positivos / núcleos DAPI,616,WATER_NPY2;WATER_NPY3;E9_FR8-1,E7_FR7-1;E8_FR6-3;E8_FR6-4,WATER_NPY1;E7_FR7-5;E8_FR6-1,0.183581279336,0.16592639567,0.178587431646,0.140062915087,False,False,biological animal
cfos_occurrence,Ocurrencia espacial de núcleos c-FOS positivos / núcleos DAPI,617,WATER_NPY2;WATER_NPY3;E9_FR8-1,E7_FR7-5;E8_FR6-1;E8_FR6-3,WATER_NPY1;E7_FR7-1;E8_FR6-4,2.29374914474,0.16592639567,0.102106846054,0.210301637132,False,False,biological animal
cfos_occurrence,Ocurrencia espacial de núcleos c-FOS positivos / núcleos DAPI,618,WATER_NPY2;WATER_NPY3;E9_FR8-1,E7_FR7-5;E8_FR6-1;E8_FR6-4,WATER_NPY1;E7_FR7-1;E8_FR6-3,0.0249608592429,0.16592639567,0.154106710722,0.16597521685,False,False,biological animal
cfos_occurrence,Ocurrencia espacial de núcleos c-FOS positivos / núcleos DAPI,619,WATER_NPY2;WATER_NPY3;E9_FR8-1,E7_FR7-5;E8_FR6-3;E8_FR6-4,WATER_NPY1;E7_FR7-1;E8_FR6-1,0.0826223617455,0.16592639567,0.14658594897,0.170084800188,False,False,biological animal
cfos_occurrence,Ocurrencia espacial de núcleos c-FOS positivos / núcleos DAPI,620,WATER_NPY2;WATER_NPY3;E9_FR8-1,E8_FR6-1;E8_FR6-3;E8_FR6-4,WATER_NPY1;E7_FR7-1;E7_FR7-5,1.62671682144,0.16592639567,0.0940001390035,0.179886201248,False,False,biological animal
cfos_occurrence,Ocurrencia espacial de núcleos c-FOS positivos / núcleos DAPI,621,WATER_NPY2;WATER_NPY3;E8_FR6-1,WATER_NPY1;E7_FR7-1;E7_FR7-5,E9_FR8-1;E8_FR6-3;E8_FR6-4,0.0132446778337,0.173189579894,0.179886201248,0.183562577946,False,False,biological animal
cfos_occurrence,Ocurrencia espacial de núcleos c-FOS positivos / núcleos DAPI,622,WATER_NPY2;WATER_NPY3;E8_FR6-1,WATER_NPY1;E7_FR7-1;E9_FR8-1,E7_FR7-5;E8_FR6-3;E8_FR6-4,0.452239648378,0.173189579894,0.19965383875,0.14658594897,False,False,biological animal
cfos_occurrence,Ocurrencia espacial de núcleos c-FOS positivos / núcleos DAPI,623,WATER_NPY2;WATER_NPY3;E8_FR6-1,WATER_NPY1;E7_FR7-1;E8_FR6-3,E7_FR7-5;E9_FR8-1;E8_FR6-4,0.0679384181599,0.173189579894,0.16597521685,0.190166664278,False,False,biological animal
cfos_occurrence,Ocurrencia espacial de núcleos c-FOS positivos / núcleos DAPI,624,WATER_NPY2;WATER_NPY3;E8_FR6-1,WATER_NPY1;E7_FR7-1;E8_FR6-4,E7_FR7-5;E9_FR8-1;E8_FR6-3,1.44712709545,0.173189579894,0.210301637132,0.122495409459,False,False,biological animal
cfos_occurrence,Ocurrencia espacial de núcleos c-FOS positivos / núcleos DAPI,625,WATER_NPY2;WATER_NPY3;E8_FR6-1,WATER_NPY1;E7_FR7-5;E9_FR8-1,E7_FR7-1;E8_FR6-3;E8_FR6-4,0.00728472547114,0.173189579894,0.181110850059,0.178587431646,False,False,biological animal
cfos_occurrence,Ocurrencia espacial de núcleos c-FOS positivos / núcleos DAPI,626,WATER_NPY2;WATER_NPY3;E8_FR6-1,WATER_NPY1;E7_FR7-5;E8_FR6-3,E7_FR7-1;E9_FR8-1;E8_FR6-4,0.913683663277,0.173189579894,0.132238082191,0.213023460701,False,False,biological animal
cfos_occurrence,Ocurrencia espacial de núcleos c-FOS positivos / núcleos DAPI,627,WATER_NPY2;WATER_NPY3;E8_FR6-1,WATER_NPY1;E7_FR7-5;E8_FR6-4,E7_FR7-1;E9_FR8-1;E8_FR6-3,0.413037257158,0.173189579894,0.170261350708,0.137886924537,False,False,biological animal
cfos_occurrence,Ocurrencia espacial de núcleos c-FOS positivos / núcleos DAPI,628,WATER_NPY2;WATER_NPY3;E8_FR6-1,WATER_NPY1;E9_FR8-1;E8_FR6-3,E7_FR7-1;E7_FR7-5;E8_FR6-4,0.0454617162415,0.173189579894,0.171396376123,0.18959245673,False,False,biological animal
cfos_occurrence,Ocurrencia espacial de núcleos c-FOS positivos / núcleos DAPI,629,WATER_NPY2;WATER_NPY3;E8_FR6-1,WATER_NPY1;E9_FR8-1;E8_FR6-4,E7_FR7-1;E7_FR7-5;E8_FR6-3,1.67532888645,0.173189579894,0.212844372096,0.12088188552,False,False,biological animal
cfos_occurrence,Ocurrencia espacial de núcleos c-FOS positivos / núcleos DAPI,630,WATER_NPY2;WATER_NPY3;E8_FR6-1,WATER_NPY1;E8_FR6-3;E8_FR6-4,E7_FR7-1;E7_FR7-5;E9_FR8-1,11.3356699412,0.173189579894,0.0945784918164,0.06113494281,False,True,biological animal
cfos_occurrence,Ocurrencia espacial de núcleos c-FOS positivos / núcleos DAPI,631,WATER_NPY2;WATER_NPY3;E8_FR6-1,E7_FR7-1;E7_FR7-5;E9_FR8-1,WATER_NPY1;E8_FR6-3;E8_FR6-4,11.3356699412,0.173189579894,0.06113494281,0.0945784918164,False,True,biological animal
cfos_occurrence,Ocurrencia espacial de núcleos c-FOS positivos / núcleos DAPI,632,WATER_NPY2;WATER_NPY3;E8_FR6-1,E7_FR7-1;E7_FR7-5;E8_FR6-3,WATER_NPY1;E9_FR8-1;E8_FR6-4,1.67532888645,0.173189579894,0.12088188552,0.212844372096,False,False,biological animal
cfos_occurrence,Ocurrencia espacial de núcleos c-FOS positivos / núcleos DAPI,633,WATER_NPY2;WATER_NPY3;E8_FR6-1,E7_FR7-1;E7_FR7-5;E8_FR6-4,WATER_NPY1;E9_FR8-1;E8_FR6-3,0.0454617162415,0.173189579894,0.18959245673,0.171396376123,False,False,biological animal
cfos_occurrence,Ocurrencia espacial de núcleos c-FOS positivos / núcleos DAPI,634,WATER_NPY2;WATER_NPY3;E8_FR6-1,E7_FR7-1;E9_FR8-1;E8_FR6-3,WATER_NPY1;E7_FR7-5;E8_FR6-4,0.413037257158,0.173189579894,0.137886924537,0.170261350708,False,False,biological animal
cfos_occurrence,Ocurrencia espacial de núcleos c-FOS positivos / núcleos DAPI,635,WATER_NPY2;WATER_NPY3;E8_FR6-1,E7_FR7-1;E9_FR8-1;E8_FR6-4,WATER_NPY1;E7_FR7-5;E8_FR6-3,0.913683663277,0.173189579894,0.213023460701,0.132238082191,False,False,biological animal
cfos_occurrence,Ocurrencia espacial de núcleos c-FOS positivos / núcleos DAPI,636,WATER_NPY2;WATER_NPY3;E8_FR6-1,E7_FR7-1;E8_FR6-3;E8_FR6-4,WATER_NPY1;E7_FR7-5;E9_FR8-1,0.00728472547114,0.173189579894,0.178587431646,0.181110850059,False,False,biological animal
cfos_occurrence,Ocurrencia espacial de núcleos c-FOS positivos / núcleos DAPI,637,WATER_NPY2;WATER_NPY3;E8_FR6-1,E7_FR7-5;E9_FR8-1;E8_FR6-3,WATER_NPY1;E7_FR7-1;E8_FR6-4,1.44712709545,0.173189579894,0.122495409459,0.210301637132,False,False,biological animal
cfos_occurrence,Ocurrencia espacial de núcleos c-FOS positivos / núcleos DAPI,638,WATER_NPY2;WATER_NPY3;E8_FR6-1,E7_FR7-5;E9_FR8-1;E8_FR6-4,WATER_NPY1;E7_FR7-1;E8_FR6-3,0.0679384181599,0.173189579894,0.190166664278,0.16597521685,False,False,biological animal
cfos_occurrence,Ocurrencia espacial de núcleos c-FOS positivos / núcleos DAPI,639,WATER_NPY2;WATER_NPY3;E8_FR6-1,E7_FR7-5;E8_FR6-3;E8_FR6-4,WATER_NPY1;E7_FR7-1;E9_FR8-1,0.452239648378,0.173189579894,0.14658594897,0.19965383875,False,False,biological animal
cfos_occurrence,Ocurrencia espacial de núcleos c-FOS positivos / núcleos DAPI,640,WATER_NPY2;WATER_NPY3;E8_FR6-1,E9_FR8-1;E8_FR6-3;E8_FR6-4,WATER_NPY1;E7_FR7-1;E7_FR7-5,0.0132446778337,0.173189579894,0.183562577946,0.179886201248,False,False,biological animal
cfos_occurrence,Ocurrencia espacial de núcleos c-FOS positivos / núcleos DAPI,641,WATER_NPY2;WATER_NPY3;E8_FR6-3,WATER_NPY1;E7_FR7-1;E7_FR7-5,E9_FR8-1;E8_FR6-1;E8_FR6-4,0.114437836796,0.161572306475,0.179886201248,0.191342895355,False,False,biological animal
cfos_occurrence,Ocurrencia espacial de núcleos c-FOS positivos / núcleos DAPI,642,WATER_NPY2;WATER_NPY3;E8_FR6-3,WATER_NPY1;E7_FR7-1;E9_FR8-1,E7_FR7-5;E8_FR6-1;E8_FR6-4,0.396340188954,0.161572306475,0.19965383875,0.154106710722,False,False,biological animal
cfos_occurrence,Ocurrencia espacial de núcleos c-FOS positivos / núcleos DAPI,643,WATER_NPY2;WATER_NPY3;E8_FR6-3,WATER_NPY1;E7_FR7-1;E8_FR6-1,E7_FR7-5;E9_FR8-1;E8_FR6-4,0.0958407106989,0.161572306475,0.170084800188,0.190166664278,False,False,biological animal
cfos_occurrence,Ocurrencia espacial de núcleos c-FOS positivos / núcleos DAPI,644,WATER_NPY2;WATER_NPY3;E8_FR6-3,WATER_NPY1;E7_FR7-1;E8_FR6-4,E7_FR7-5;E9_FR8-1;E8_FR6-1,1.11735390048,0.161572306475,0.210301637132,0.129816827847,False,False,biological animal
cfos_occurrence,Ocurrencia espacial de núcleos c-FOS positivos / núcleos DAPI,645,WATER_NPY2;WATER_NPY3;E8_FR6-3,WATER_NPY1;E7_FR7-5;E9_FR8-1,E7_FR7-1;E8_FR6-1;E8_FR6-4,0.0689187482235,0.161572306475,0.181110850059,0.184102836073,False,False,biological animal
cfos_occurrence,Ocurrencia espacial de núcleos c-FOS positivos / núcleos DAPI,646,WATER_NPY2;WATER_NPY3;E8_FR6-3,WATER_NPY1;E7_FR7-5;E8_FR6-1,E7_FR7-1;E9_FR8-1;E8_FR6-4,0.823186269678,0.161572306475,0.140062915087,0.213023460701,False,False,biological animal
cfos_occurrence,Ocurrencia espacial de núcleos c-FOS positivos / núcleos DAPI,647,WATER_NPY2;WATER_NPY3;E8_FR6-3,WATER_NPY1;E7_FR7-5;E8_FR6-4,E7_FR7-1;E9_FR8-1;E8_FR6-1,0.184046921597,0.161572306475,0.170261350708,0.142871381155,False,False,biological animal
cfos_occurrence,Ocurrencia espacial de núcleos c-FOS positivos / núcleos DAPI,648,WATER_NPY2;WATER_NPY3;E8_FR6-3,WATER_NPY1;E9_FR8-1;E8_FR6-1,E7_FR7-1;E7_FR7-5;E8_FR6-4,0.093086068285,0.161572306475,0.178220357587,0.18959245673,False,False,biological animal
cfos_occurrence,Ocurrencia espacial de núcleos c-FOS positivos / núcleos DAPI,649,WATER_NPY2;WATER_NPY3;E8_FR6-3,WATER_NPY1;E9_FR8-1;E8_FR6-4,E7_FR7-1;E7_FR7-5;E8_FR6-1,1.38790294268,0.161572306475,0.212844372096,0.126925372434,False,False,biological animal
cfos_occurrence,Ocurrencia espacial de núcleos c-FOS positivos / núcleos DAPI,650,WATER_NPY2;WATER_NPY3;E8_FR6-3,WATER_NPY1;E8_FR6-1;E8_FR6-4,E7_FR7-1;E7_FR7-5;E9_FR8-1,6.40669134179,0.161572306475,0.0976124324673,0.06113494281,False,True,biological animal
cfos_occurrence,Ocurrencia espacial de núcleos c-FOS positivos / núcleos DAPI,651,WATER_NPY2;WATER_NPY3;E8_FR6-3,E7_FR7-1;E7_FR7-5;E9_FR8-1,WATER_NPY1;E8_FR6-1;E8_FR6-4,6.40669134179,0.161572306475,0.06113494281,0.0976124324673,False,True,biological animal
cfos_occurrence,Ocurrencia espacial de núcleos c-FOS positivos / núcleos DAPI,652,WATER_NPY2;WATER_NPY3;E8_FR6-3,E7_FR7-1;E7_FR7-5;E8_FR6-1,WATER_NPY1;E9_FR8-1;E8_FR6-4,1.38790294268,0.161572306475,0.126925372434,0.212844372096,False,False,biological animal
cfos_occurrence,Ocurrencia espacial de núcleos c-FOS positivos / núcleos DAPI,653,WATER_NPY2;WATER_NPY3;E8_FR6-3,E7_FR7-1;E7_FR7-5;E8_FR6-4,WATER_NPY1;E9_FR8-1;E8_FR6-1,0.093086068285,0.161572306475,0.18959245673,0.178220357587,False,False,biological animal
cfos_occurrence,Ocurrencia espacial de núcleos c-FOS positivos / núcleos DAPI,654,WATER_NPY2;WATER_NPY3;E8_FR6-3,E7_FR7-1;E9_FR8-1;E8_FR6-1,WATER_NPY1;E7_FR7-5;E8_FR6-4,0.184046921597,0.161572306475,0.142871381155,0.170261350708,False,False,biological animal
cfos_occurrence,Ocurrencia espacial de núcleos c-FOS positivos / núcleos DAPI,655,WATER_NPY2;WATER_NPY3;E8_FR6-3,E7_FR7-1;E9_FR8-1;E8_FR6-4,WATER_NPY1;E7_FR7-5;E8_FR6-1,0.823186269678,0.161572306475,0.213023460701,0.140062915087,False,False,biological animal
cfos_occurrence,Ocurrencia espacial de núcleos c-FOS positivos / núcleos DAPI,656,WATER_NPY2;WATER_NPY3;E8_FR6-3,E7_FR7-1;E8_FR6-1;E8_FR6-4,WATER_NPY1;E7_FR7-5;E9_FR8-1,0.0689187482235,0.161572306475,0.184102836073,0.181110850059,False,False,biological animal
cfos_occurrence,Ocurrencia espacial de núcleos c-FOS positivos / núcleos DAPI,657,WATER_NPY2;WATER_NPY3;E8_FR6-3,E7_FR7-5;E9_FR8-1;E8_FR6-1,WATER_NPY1;E7_FR7-1;E8_FR6-4,1.11735390048,0.161572306475,0.129816827847,0.210301637132,False,False,biological animal
cfos_occurrence,Ocurrencia espacial de núcleos c-FOS positivos / núcleos DAPI,658,WATER_NPY2;WATER_NPY3;E8_FR6-3,E7_FR7-5;E9_FR8-1;E8_FR6-4,WATER_NPY1;E7_FR7-1;E8_FR6-1,0.0958407106989,0.161572306475,0.190166664278,0.170084800188,False,False,biological animal
cfos_occurrence,Ocurrencia espacial de núcleos c-FOS positivos / núcleos DAPI,659,WATER_NPY2;WATER_NPY3;E8_FR6-3,E7_FR7-5;E8_FR6-1;E8_FR6-4,WATER_NPY1;E7_FR7-1;E9_FR8-1,0.396340188954,0.161572306475,0.154106710722,0.19965383875,False,False,biological animal
cfos_occurrence,Ocurrencia espacial de núcleos c-FOS positivos / núcleos DAPI,660,WATER_NPY2;WATER_NPY3;E8_FR6-3,E9_FR8-1;E8_FR6-1;E8_FR6-4,WATER_NPY1;E7_FR7-1;E7_FR7-5,0.114437836796,0.161572306475,0.191342895355,0.179886201248,False,False,biological animal
cfos_occurrence,Ocurrencia espacial de núcleos c-FOS positivos / núcleos DAPI,661,WATER_NPY2;WATER_NPY3;E8_FR6-4,WATER_NPY1;E7_FR7-1;E7_FR7-5,E9_FR8-1;E8_FR6-1;E8_FR6-3,0.488932147915,0.19932441033,0.179886201248,0.142625398728,False,False,biological animal
cfos_occurrence,Ocurrencia espacial de núcleos c-FOS positivos / núcleos DAPI,662,WATER_NPY2;WATER_NPY3;E8_FR6-4,WATER_NPY1;E7_FR7-1;E9_FR8-1,E7_FR7-5;E8_FR6-1;E8_FR6-3,2.12536833555,0.19932441033,0.19965383875,0.102106846054,False,False,biological animal
cfos_occurrence,Ocurrencia espacial de núcleos c-FOS positivos / núcleos DAPI,663,WATER_NPY2;WATER_NPY3;E8_FR6-4,WATER_NPY1;E7_FR7-1;E8_FR6-1,E7_FR7-5;E9_FR8-1;E8_FR6-3,0.796977160869,0.19932441033,0.170084800188,0.122495409459,False,False,biological animal
cfos_occurrence,Ocurrencia espacial de núcleos c-FOS positivos / núcleos DAPI,664,WATER_NPY2;WATER_NPY3;E8_FR6-4,WATER_NPY1;E7_FR7-1;E8_FR6-3,E7_FR7-5;E9_FR8-1;E8_FR6-1,0.593462918646,0.19932441033,0.16597521685,0.129816827847,False,False,biological animal
cfos_occurrence,Ocurrencia espacial de núcleos c-FOS positivos / núcleos DAPI,665,WATER_NPY2;WATER_NPY3;E8_FR6-4,WATER_NPY1;E7_FR7-5;E9_FR8-1,E7_FR7-1;E8_FR6-1;E8_FR6-3,0.640320883003,0.19932441033,0.181110850059,0.135112165602,False,False,biological animal
cfos_occurrence,Ocurrencia espacial de núcleos c-FOS positivos / núcleos DAPI,666,WATER_NPY2;WATER_NPY3;E8_FR6-4,WATER_NPY1;E7_FR7-5;E8_FR6-1,E7_FR7-1;E9_FR8-1;E8_FR6-3,0.878503507781,0.19932441033,0.140062915087,0.137886924537,False,False,biological animal
cfos_occurrence,Ocurrencia espacial de núcleos c-FOS positivos / núcleos DAPI,667,WATER_NPY2;WATER_NPY3;E8_FR6-4,WATER_NPY1;E7_FR7-5;E8_FR6-3,E7_FR7-1;E9_FR8-1;E8_FR6-1,0.81417510949,0.19932441033,0.132238082191,0.142871381155,False,False,biological animal
cfos_occurrence,Ocurrencia espacial de núcleos c-FOS positivos / núcleos DAPI,668,WATER_NPY2;WATER_NPY3;E8_FR6-4,WATER_NPY1;E9_FR8-1;E8_FR6-1,E7_FR7-1;E7_FR7-5;E8_FR6-3,0.960286760555,0.19932441033,0.178220357587,0.12088188552,False,False,biological animal
cfos_occurrence,Ocurrencia espacial de núcleos c-FOS positivos / núcleos DAPI,669,WATER_NPY2;WATER_NPY3;E8_FR6-4,WATER_NPY1;E9_FR8-1;E8_FR6-3,E7_FR7-1;E7_FR7-5;E8_FR6-1,0.712690498016,0.19932441033,0.171396376123,0.126925372434,False,False,biological animal
cfos_occurrence,Ocurrencia espacial de núcleos c-FOS positivos / núcleos DAPI,670,WATER_NPY2;WATER_NPY3;E8_FR6-4,WATER_NPY1;E8_FR6-1;E8_FR6-3,E7_FR7-1;E7_FR7-5;E9_FR8-1,9.29989118393,0.19932441033,0.0726304282101,0.06113494281,False,True,biological animal
cfos_occurrence,Ocurrencia espacial de núcleos c-FOS positivos / núcleos DAPI,671,WATER_NPY2;WATER_NPY3;E8_FR6-4,E7_FR7-1;E7_FR7-5;E9_FR8-1,WATER_NPY1;E8_FR6-1;E8_FR6-3,9.29989118393,0.19932441033,0.06113494281,0.0726304282101,False,True,biological animal
cfos_occurrence,Ocurrencia espacial de núcleos c-FOS positivos / núcleos DAPI,672,WATER_NPY2;WATER_NPY3;E8_FR6-4,E7_FR7-1;E7_FR7-5;E8_FR6-1,WATER_NPY1;E9_FR8-1;E8_FR6-3,0.712690498016,0.19932441033,0.126925372434,0.171396376123,False,False,biological animal
cfos_occurrence,Ocurrencia espacial de núcleos c-FOS positivos / núcleos DAPI,673,WATER_NPY2;WATER_NPY3;E8_FR6-4,E7_FR7-1;E7_FR7-5;E8_FR6-3,WATER_NPY1;E9_FR8-1;E8_FR6-1,0.960286760555,0.19932441033,0.12088188552,0.178220357587,False,False,biological animal
cfos_occurrence,Ocurrencia espacial de núcleos c-FOS positivos / núcleos DAPI,674,WATER_NPY2;WATER_NPY3;E8_FR6-4,E7_FR7-1;E9_FR8-1;E8_FR6-1,WATER_NPY1;E7_FR7-5;E8_FR6-3,0.81417510949,0.19932441033,0.142871381155,0.132238082191,False,False,biological animal
cfos_occurrence,Ocurrencia espacial de núcleos c-FOS positivos / núcleos DAPI,675,WATER_NPY2;WATER_NPY3;E8_FR6-4,E7_FR7-1;E9_FR8-1;E8_FR6-3,WATER_NPY1;E7_FR7-5;E8_FR6-1,0.878503507781,0.19932441033,0.137886924537,0.140062915087,False,False,biological animal
cfos_occurrence,Ocurrencia espacial de núcleos c-FOS positivos / núcleos DAPI,676,WATER_NPY2;WATER_NPY3;E8_FR6-4,E7_FR7-1;E8_FR6-1;E8_FR6-3,WATER_NPY1;E7_FR7-5;E9_FR8-1,0.640320883003,0.19932441033,0.135112165602,0.181110850059,False,False,biological animal
cfos_occurrence,Ocurrencia espacial de núcleos c-FOS positivos / núcleos DAPI,677,WATER_NPY2;WATER_NPY3;E8_FR6-4,E7_FR7-5;E9_FR8-1;E8_FR6-1,WATER_NPY1;E7_FR7-1;E8_FR6-3,0.593462918646,0.19932441033,0.129816827847,0.16597521685,False,False,biological animal
cfos_occurrence,Ocurrencia espacial de núcleos c-FOS positivos / núcleos DAPI,678,WATER_NPY2;WATER_NPY3;E8_FR6-4,E7_FR7-5;E9_FR8-1;E8_FR6-3,WATER_NPY1;E7_FR7-1;E8_FR6-1,0.796977160869,0.19932441033,0.122495409459,0.170084800188,False,False,biological animal
cfos_occurrence,Ocurrencia espacial de núcleos c-FOS positivos / núcleos DAPI,679,WATER_NPY2;WATER_NPY3;E8_FR6-4,E7_FR7-5;E8_FR6-1;E8_FR6-3,WATER_NPY1;E7_FR7-1;E9_FR8-1,2.12536833555,0.19932441033,0.102106846054,0.19965383875,False,False,biological animal
cfos_occurrence,Ocurrencia espacial de núcleos c-FOS positivos / núcleos DAPI,680,WATER_NPY2;WATER_NPY3;E8_FR6-4,E9_FR8-1;E8_FR6-1;E8_FR6-3,WATER_NPY1;E7_FR7-1;E7_FR7-5,0.488932147915,0.19932441033,0.142625398728,0.179886201248,False,False,biological animal
cfos_occurrence,Ocurrencia espacial de núcleos c-FOS positivos / núcleos DAPI,681,WATER_NPY2;E7_FR7-1;E7_FR7-5,WATER_NPY1;WATER_NPY3;E9_FR8-1,E8_FR6-1;E8_FR6-3;E8_FR6-4,2.27337256239,0.144085962965,0.207537317556,0.0940001390035,False,False,biological animal
cfos_occurrence,Ocurrencia espacial de núcleos c-FOS positivos / núcleos DAPI,682,WATER_NPY2;E7_FR7-1;E7_FR7-5,WATER_NPY1;WATER_NPY3;E8_FR6-1,E9_FR8-1;E8_FR6-3;E8_FR6-4,0.213086904663,0.144085962965,0.184767822781,0.183562577946,False,False,biological animal
cfos_occurrence,Ocurrencia espacial de núcleos c-FOS positivos / núcleos DAPI,683,WATER_NPY2;E7_FR7-1;E7_FR7-5,WATER_NPY1;WATER_NPY3;E8_FR6-3,E9_FR8-1;E8_FR6-1;E8_FR6-4,0.229645422685,0.144085962965,0.175754541786,0.191342895355,False,False,biological animal
cfos_occurrence,Ocurrencia espacial de núcleos c-FOS positivos / núcleos DAPI,684,WATER_NPY2;E7_FR7-1;E7_FR7-5,WATER_NPY1;WATER_NPY3;E8_FR6-4,E9_FR8-1;E8_FR6-1;E8_FR6-3,0.945203421055,0.144085962965,0.21161239551,0.142625398728,False,False,biological animal
cfos_occurrence,Ocurrencia espacial de núcleos c-FOS positivos / núcleos DAPI,685,WATER_NPY2;E7_FR7-1;E7_FR7-5,WATER_NPY1;E9_FR8-1;E8_FR6-1,WATER_NPY3;E8_FR6-3;E8_FR6-4,0.219669668775,0.144085962965,0.178220357587,0.185366063715,False,False,biological animal
cfos_occurrence,Ocurrencia espacial de núcleos c-FOS positivos / núcleos DAPI,686,WATER_NPY2;E7_FR7-1;E7_FR7-5,WATER_NPY1;E9_FR8-1;E8_FR6-3,WATER_NPY3;E8_FR6-1;E8_FR6-4,0.280836216466,0.144085962965,0.171396376123,0.19390681198,False,False,biological animal
cfos_occurrence,Ocurrencia espacial de núcleos c-FOS positivos / núcleos DAPI,687,WATER_NPY2;E7_FR7-1;E7_FR7-5,WATER_NPY1;E9_FR8-1;E8_FR6-4,WATER_NPY3;E8_FR6-1;E8_FR6-3,0.858623188141,0.144085962965,0.212844372096,0.148417989643,False,False,biological animal
cfos_occurrence,Ocurrencia espacial de núcleos c-FOS positivos / núcleos DAPI,688,WATER_NPY2;E7_FR7-1;E7_FR7-5,WATER_NPY1;E8_FR6-1;E8_FR6-3,WATER_NPY3;E9_FR8-1;E8_FR6-4,3.52415902763,0.144085962965,0.0726304282101,0.213419517422,False,False,biological animal
cfos_occurrence,Ocurrencia espacial de núcleos c-FOS positivos / núcleos DAPI,689,WATER_NPY2;E7_FR7-1;E7_FR7-5,WATER_NPY1;E8_FR6-1;E8_FR6-4,WATER_NPY3;E9_FR8-1;E8_FR6-3,0.867770697188,0.144085962965,0.0976124324673,0.148034243925,False,False,biological animal
cfos_occurrence,Ocurrencia espacial de núcleos c-FOS positivos / núcleos DAPI,690,WATER_NPY2;E7_FR7-1;E7_FR7-5,WATER_NPY1;E8_FR6-3;E8_FR6-4,WATER_NPY3;E9_FR8-1;E8_FR6-1,1.13096319445,0.144085962965,0.0945784918164,0.156345004239,False,False,biological animal
cfos_occurrence,Ocurrencia espacial de núcleos c-FOS positivos / núcleos DAPI,691,WATER_NPY2;E7_FR7-1;E7_FR7-5,WATER_NPY3;E9_FR8-1;E8_FR6-1,WATER_NPY1;E8_FR6-3;E8_FR6-4,1.13096319445,0.144085962965,0.156345004239,0.0945784918164,False,False,biological animal
cfos_occurrence,Ocurrencia espacial de núcleos c-FOS positivos / núcleos DAPI,692,WATER_NPY2;E7_FR7-1;E7_FR7-5,WATER_NPY3;E9_FR8-1;E8_FR6-3,WATER_NPY1;E8_FR6-1;E8_FR6-4,0.867770697188,0.144085962965,0.148034243925,0.0976124324673,False,False,biological animal
cfos_occurrence,Ocurrencia espacial de núcleos c-FOS positivos / núcleos DAPI,693,WATER_NPY2;E7_FR7-1;E7_FR7-5,WATER_NPY3;E9_FR8-1;E8_FR6-4,WATER_NPY1;E8_FR6-1;E8_FR6-3,3.52415902763,0.144085962965,0.213419517422,0.0726304282101,False,False,biological animal
cfos_occurrence,Ocurrencia espacial de núcleos c-FOS positivos / núcleos DAPI,694,WATER_NPY2;E7_FR7-1;E7_FR7-5,WATER_NPY3;E8_FR6-1;E8_FR6-3,WATER_NPY1;E9_FR8-1;E8_FR6-4,0.858623188141,0.144085962965,0.148417989643,0.212844372096,False,False,biological animal
cfos_occurrence,Ocurrencia espacial de núcleos c-FOS positivos / núcleos DAPI,695,WATER_NPY2;E7_FR7-1;E7_FR7-5,WATER_NPY3;E8_FR6-1;E8_FR6-4,WATER_NPY1;E9_FR8-1;E8_FR6-3,0.280836216466,0.144085962965,0.19390681198,0.171396376123,False,False,biological animal
cfos_occurrence,Ocurrencia espacial de núcleos c-FOS positivos / núcleos DAPI,696,WATER_NPY2;E7_FR7-1;E7_FR7-5,WATER_NPY3;E8_FR6-3;E8_FR6-4,WATER_NPY1;E9_FR8-1;E8_FR6-1,0.219669668775,0.144085962965,0.185366063715,0.178220357587,False,False,biological animal
cfos_occurrence,Ocurrencia espacial de núcleos c-FOS positivos / núcleos DAPI,697,WATER_NPY2;E7_FR7-1;E7_FR7-5,E9_FR8-1;E8_FR6-1;E8_FR6-3,WATER_NPY1;WATER_NPY3;E8_FR6-4,0.945203421055,0.144085962965,0.142625398728,0.21161239551,False,False,biological animal
cfos_occurrence,Ocurrencia espacial de núcleos c-FOS positivos / núcleos DAPI,698,WATER_NPY2;E7_FR7-1;E7_FR7-5,E9_FR8-1;E8_FR6-1;E8_FR6-4,WATER_NPY1;WATER_NPY3;E8_FR6-3,0.229645422685,0.144085962965,0.191342895355,0.175754541786,False,False,biological animal
cfos_occurrence,Ocurrencia espacial de núcleos c-FOS positivos / núcleos DAPI,699,WATER_NPY2;E7_FR7-1;E7_FR7-5,E9_FR8-1;E8_FR6-3;E8_FR6-4,WATER_NPY1;WATER_NPY3;E8_FR6-1,0.213086904663,0.144085962965,0.183562577946,0.184767822781,False,False,biological animal
cfos_occurrence,Ocurrencia espacial de núcleos c-FOS positivos / núcleos DAPI,700,WATER_NPY2;E7_FR7-1;E7_FR7-5,E8_FR6-1;E8_FR6-3;E8_FR6-4,WATER_NPY1;WATER_NPY3;E9_FR8-1,2.27337256239,0.144085962965,0.0940001390035,0.207537317556,False,False,biological animal
cfos_occurrence,Ocurrencia espacial de núcleos c-FOS positivos / núcleos DAPI,701,WATER_NPY2;E7_FR7-1;E9_FR8-1,WATER_NPY1;WATER_NPY3;E7_FR7-5,E8_FR6-1;E8_FR6-3;E8_FR6-4,1.39053902053,0.162280241501,0.182776750138,0.0940001390035,False,False,biological animal
cfos_occurrence,Ocurrencia espacial de núcleos c-FOS positivos / núcleos DAPI,702,WATER_NPY2;E7_FR7-1;E9_FR8-1,WATER_NPY1;WATER_NPY3;E8_FR6-1,E7_FR7-5;E8_FR6-3;E8_FR6-4,0.193427396471,0.162280241501,0.184767822781,0.14658594897,False,False,biological animal
cfos_occurrence,Ocurrencia espacial de núcleos c-FOS positivos / núcleos DAPI,703,WATER_NPY2;E7_FR7-1;E9_FR8-1,WATER_NPY1;WATER_NPY3;E8_FR6-3,E7_FR7-5;E8_FR6-1;E8_FR6-4,0.0603107001981,0.162280241501,0.175754541786,0.154106710722,False,False,biological animal
cfos_occurrence,Ocurrencia espacial de núcleos c-FOS positivos / núcleos DAPI,704,WATER_NPY2;E7_FR7-1;E9_FR8-1,WATER_NPY1;WATER_NPY3;E8_FR6-4,E7_FR7-5;E8_FR6-1;E8_FR6-3,2.22102166173,0.162280241501,0.21161239551,0.102106846054,False,False,biological animal
cfos_occurrence,Ocurrencia espacial de núcleos c-FOS positivos / núcleos DAPI,705,WATER_NPY2;E7_FR7-1;E9_FR8-1,WATER_NPY1;E7_FR7-5;E8_FR6-1,WATER_NPY3;E8_FR6-3;E8_FR6-4,0.286290253639,0.162280241501,0.140062915087,0.185366063715,False,False,biological animal
cfos_occurrence,Ocurrencia espacial de núcleos c-FOS positivos / núcleos DAPI,706,WATER_NPY2;E7_FR7-1;E9_FR8-1,WATER_NPY1;E7_FR7-5;E8_FR6-3,WATER_NPY3;E8_FR6-1;E8_FR6-4,0.530337282166,0.162280241501,0.132238082191,0.19390681198,False,False,biological animal
cfos_occurrence,Ocurrencia espacial de núcleos c-FOS positivos / núcleos DAPI,707,WATER_NPY2;E7_FR7-1;E9_FR8-1,WATER_NPY1;E7_FR7-5;E8_FR6-4,WATER_NPY3;E8_FR6-1;E8_FR6-3,0.0942833897023,0.162280241501,0.170261350708,0.148417989643,False,False,biological animal
cfos_occurrence,Ocurrencia espacial de núcleos c-FOS positivos / núcleos DAPI,708,WATER_NPY2;E7_FR7-1;E9_FR8-1,WATER_NPY1;E8_FR6-1;E8_FR6-3,WATER_NPY3;E7_FR7-5;E8_FR6-4,2.68275052779,0.162280241501,0.0726304282101,0.188229081385,False,False,biological animal
cfos_occurrence,Ocurrencia espacial de núcleos c-FOS positivos / núcleos DAPI,709,WATER_NPY2;E7_FR7-1;E9_FR8-1,WATER_NPY1;E8_FR6-1;E8_FR6-4,WATER_NPY3;E7_FR7-5;E8_FR6-3,1.0309259779,0.162280241501,0.0976124324673,0.123850801143,False,False,biological animal
cfos_occurrence,Ocurrencia espacial de núcleos c-FOS positivos / núcleos DAPI,710,WATER_NPY2;E7_FR7-1;E9_FR8-1,WATER_NPY1;E8_FR6-3;E8_FR6-4,WATER_NPY3;E7_FR7-5;E8_FR6-1,1.0342611442,0.162280241501,0.0945784918164,0.131679683057,False,False,biological animal
cfos_occurrence,Ocurrencia espacial de núcleos c-FOS positivos / núcleos DAPI,711,WATER_NPY2;E7_FR7-1;E9_FR8-1,WATER_NPY3;E7_FR7-5;E8_FR6-1,WATER_NPY1;E8_FR6-3;E8_FR6-4,1.0342611442,0.162280241501,0.131679683057,0.0945784918164,False,False,biological animal
cfos_occurrence,Ocurrencia espacial de núcleos c-FOS positivos / núcleos DAPI,712,WATER_NPY2;E7_FR7-1;E9_FR8-1,WATER_NPY3;E7_FR7-5;E8_FR6-3,WATER_NPY1;E8_FR6-1;E8_FR6-4,1.0309259779,0.162280241501,0.123850801143,0.0976124324673,False,False,biological animal
cfos_occurrence,Ocurrencia espacial de núcleos c-FOS positivos / núcleos DAPI,713,WATER_NPY2;E7_FR7-1;E9_FR8-1,WATER_NPY3;E7_FR7-5;E8_FR6-4,WATER_NPY1;E8_FR6-1;E8_FR6-3,2.68275052779,0.162280241501,0.188229081385,0.0726304282101,False,False,biological animal
cfos_occurrence,Ocurrencia espacial de núcleos c-FOS positivos / núcleos DAPI,714,WATER_NPY2;E7_FR7-1;E9_FR8-1,WATER_NPY3;E8_FR6-1;E8_FR6-3,WATER_NPY1;E7_FR7-5;E8_FR6-4,0.0942833897023,0.162280241501,0.148417989643,0.170261350708,False,False,biological animal
cfos_occurrence,Ocurrencia espacial de núcleos c-FOS positivos / núcleos DAPI,715,WATER_NPY2;E7_FR7-1;E9_FR8-1,WATER_NPY3;E8_FR6-1;E8_FR6-4,WATER_NPY1;E7_FR7-5;E8_FR6-3,0.530337282166,0.162280241501,0.19390681198,0.132238082191,False,False,biological animal
cfos_occurrence,Ocurrencia espacial de núcleos c-FOS positivos / núcleos DAPI,716,WATER_NPY2;E7_FR7-1;E9_FR8-1,WATER_NPY3;E8_FR6-3;E8_FR6-4,WATER_NPY1;E7_FR7-5;E8_FR6-1,0.286290253639,0.162280241501,0.185366063715,0.140062915087,False,False,biological animal
cfos_occurrence,Ocurrencia espacial de núcleos c-FOS positivos / núcleos DAPI,717,WATER_NPY2;E7_FR7-1;E9_FR8-1,E7_FR7-5;E8_FR6-1;E8_FR6-3,WATER_NPY1;WATER_NPY3;E8_FR6-4,2.22102166173,0.162280241501,0.102106846054,0.21161239551,False,False,biological animal
cfos_occurrence,Ocurrencia espacial de núcleos c-FOS positivos / núcleos DAPI,718,WATER_NPY2;E7_FR7-1;E9_FR8-1,E7_FR7-5;E8_FR6-1;E8_FR6-4,WATER_NPY1;WATER_NPY3;E8_FR6-3,0.0603107001981,0.162280241501,0.154106710722,0.175754541786,False,False,biological animal
cfos_occurrence,Ocurrencia espacial de núcleos c-FOS positivos / núcleos DAPI,719,WATER_NPY2;E7_FR7-1;E9_FR8-1,E7_FR7-5;E8_FR6-3;E8_FR6-4,WATER_NPY1;WATER_NPY3;E8_FR6-1,0.193427396471,0.162280241501,0.14658594897,0.184767822781,False,False,biological animal
cfos_occurrence,Ocurrencia espacial de núcleos c-FOS positivos / núcleos DAPI,720,WATER_NPY2;E7_FR7-1;E9_FR8-1,E8_FR6-1;E8_FR6-3;E8_FR6-4,WATER_NPY1;WATER_NPY3;E7_FR7-5,1.39053902053,0.162280241501,0.0940001390035,0.182776750138,False,False,biological animal
cfos_occurrence,Ocurrencia espacial de núcleos c-FOS positivos / núcleos DAPI,721,WATER_NPY2;E7_FR7-1;E8_FR6-1,WATER_NPY1;WATER_NPY3;E7_FR7-5,E9_FR8-1;E8_FR6-3;E8_FR6-4,0.0455068601714,0.16556885265,0.182776750138,0.183562577946,False,False,biological animal
cfos_occurrence,Ocurrencia espacial de núcleos c-FOS positivos / núcleos DAPI,722,WATER_NPY2;E7_FR7-1;E8_FR6-1,WATER_NPY1;WATER_NPY3;E9_FR8-1,E7_FR7-5;E8_FR6-3;E8_FR6-4,0.63477452508,0.16556885265,0.207537317556,0.14658594897,False,False,biological animal
cfos_occurrence,Ocurrencia espacial de núcleos c-FOS positivos / núcleos DAPI,723,WATER_NPY2;E7_FR7-1;E8_FR6-1,WATER_NPY1;WATER_NPY3;E8_FR6-3,E7_FR7-5;E9_FR8-1;E8_FR6-4,0.0659952417064,0.16556885265,0.175754541786,0.190166664278,False,False,biological animal
cfos_occurrence,Ocurrencia espacial de núcleos c-FOS positivos / núcleos DAPI,724,WATER_NPY2;E7_FR7-1;E8_FR6-1,WATER_NPY1;WATER_NPY3;E8_FR6-4,E7_FR7-5;E9_FR8-1;E8_FR6-3,1.47859239282,0.16556885265,0.21161239551,0.122495409459,False,False,biological animal
cfos_occurrence,Ocurrencia espacial de núcleos c-FOS positivos / núcleos DAPI,725,WATER_NPY2;E7_FR7-1;E8_FR6-1,WATER_NPY1;E7_FR7-5;E9_FR8-1,WATER_NPY3;E8_FR6-3;E8_FR6-4,0.0578800615958,0.16556885265,0.181110850059,0.185366063715,False,False,biological animal
cfos_occurrence,Ocurrencia espacial de núcleos c-FOS positivos / núcleos DAPI,726,WATER_NPY2;E7_FR7-1;E8_FR6-1,WATER_NPY1;E7_FR7-5;E8_FR6-3,WATER_NPY3;E9_FR8-1;E8_FR6-4,0.975607232427,0.16556885265,0.132238082191,0.213419517422,False,False,biological animal
cfos_occurrence,Ocurrencia espacial de núcleos c-FOS positivos / núcleos DAPI,727,WATER_NPY2;E7_FR7-1;E8_FR6-1,WATER_NPY1;E7_FR7-5;E8_FR6-4,WATER_NPY3;E9_FR8-1;E8_FR6-3,0.151982860335,0.16556885265,0.170261350708,0.148034243925,False,False,biological animal
cfos_occurrence,Ocurrencia espacial de núcleos c-FOS positivos / núcleos DAPI,728,WATER_NPY2;E7_FR7-1;E8_FR6-1,WATER_NPY1;E9_FR8-1;E8_FR6-3,WATER_NPY3;E7_FR7-5;E8_FR6-4,0.0660870599253,0.16556885265,0.171396376123,0.188229081385,False,False,biological animal
cfos_occurrence,Ocurrencia espacial de núcleos c-FOS positivos / núcleos DAPI,729,WATER_NPY2;E7_FR7-1;E8_FR6-1,WATER_NPY1;E9_FR8-1;E8_FR6-4,WATER_NPY3;E7_FR7-5;E8_FR6-3,1.36310107134,0.16556885265,0.212844372096,0.123850801143,False,False,biological animal
cfos_occurrence,Ocurrencia espacial de núcleos c-FOS positivos / núcleos DAPI,730,WATER_NPY2;E7_FR7-1;E8_FR6-1,WATER_NPY1;E8_FR6-3;E8_FR6-4,WATER_NPY3;E7_FR7-5;E9_FR8-1,8.20746547481,0.16556885265,0.0945784918164,0.0707104698796,False,True,biological animal
cfos_occurrence,Ocurrencia espacial de núcleos c-FOS positivos / núcleos DAPI,731,WATER_NPY2;E7_FR7-1;E8_FR6-1,WATER_NPY3;E7_FR7-5;E9_FR8-1,WATER_NPY1;E8_FR6-3;E8_FR6-4,8.20746547481,0.16556885265,0.0707104698796,0.0945784918164,False,True,biological animal
cfos_occurrence,Ocurrencia espacial de núcleos c-FOS positivos / núcleos DAPI,732,WATER_NPY2;E7_FR7-1;E8_FR6-1,WATER_NPY3;E7_FR7-5;E8_FR6-3,WATER_NPY1;E9_FR8-1;E8_FR6-4,1.36310107134,0.16556885265,0.123850801143,0.212844372096,False,False,biological animal
cfos_occurrence,Ocurrencia espacial de núcleos c-FOS positivos / núcleos DAPI,733,WATER_NPY2;E7_FR7-1;E8_FR6-1,WATER_NPY3;E7_FR7-5;E8_FR6-4,WATER_NPY1;E9_FR8-1;E8_FR6-3,0.0660870599253,0.16556885265,0.188229081385,0.171396376123,False,False,biological animal
cfos_occurrence,Ocurrencia espacial de núcleos c-FOS positivos / núcleos DAPI,734,WATER_NPY2;E7_FR7-1;E8_FR6-1,WATER_NPY3;E9_FR8-1;E8_FR6-3,WATER_NPY1;E7_FR7-5;E8_FR6-4,0.151982860335,0.16556885265,0.148034243925,0.170261350708,False,False,biological animal
cfos_occurrence,Ocurrencia espacial de núcleos c-FOS positivos / núcleos DAPI,735,WATER_NPY2;E7_FR7-1;E8_FR6-1,WATER_NPY3;E9_FR8-1;E8_FR6-4,WATER_NPY1;E7_FR7-5;E8_FR6-3,0.975607232427,0.16556885265,0.213419517422,0.132238082191,False,False,biological animal
cfos_occurrence,Ocurrencia espacial de núcleos c-FOS positivos / núcleos DAPI,736,WATER_NPY2;E7_FR7-1;E8_FR6-1,WATER_NPY3;E8_FR6-3;E8_FR6-4,WATER_NPY1;E7_FR7-5;E9_FR8-1,0.0578800615958,0.16556885265,0.185366063715,0.181110850059,False,False,biological animal
cfos_occurrence,Ocurrencia espacial de núcleos c-FOS positivos / núcleos DAPI,737,WATER_NPY2;E7_FR7-1;E8_FR6-1,E7_FR7-5;E9_FR8-1;E8_FR6-3,WATER_NPY1;WATER_NPY3;E8_FR6-4,1.47859239282,0.16556885265,0.122495409459,0.21161239551,False,False,biological animal
cfos_occurrence,Ocurrencia espacial de núcleos c-FOS positivos / núcleos DAPI,738,WATER_NPY2;E7_FR7-1;E8_FR6-1,E7_FR7-5;E9_FR8-1;E8_FR6-4,WATER_NPY1;WATER_NPY3;E8_FR6-3,0.0659952417064,0.16556885265,0.190166664278,0.175754541786,False,False,biological animal
cfos_occurrence,Ocurrencia espacial de núcleos c-FOS positivos / núcleos DAPI,739,WATER_NPY2;E7_FR7-1;E8_FR6-1,E7_FR7-5;E8_FR6-3;E8_FR6-4,WATER_NPY1;WATER_NPY3;E9_FR8-1,0.63477452508,0.16556885265,0.14658594897,0.207537317556,False,False,biological animal
cfos_occurrence,Ocurrencia espacial de núcleos c-FOS positivos / núcleos DAPI,740,WATER_NPY2;E7_FR7-1;E8_FR6-1,E9_FR8-1;E8_FR6-3;E8_FR6-4,WATER_NPY1;WATER_NPY3;E7_FR7-5,0.0455068601714,0.16556885265,0.183562577946,0.182776750138,False,False,biological animal
cfos_occurrence,Ocurrencia espacial de núcleos c-FOS positivos / núcleos DAPI,741,WATER_NPY2;E7_FR7-1;E8_FR6-3,WATER_NPY1;WATER_NPY3;E7_FR7-5,E9_FR8-1;E8_FR6-1;E8_FR6-4,0.148139541073,0.156828655789,0.182776750138,0.191342895355,False,False,biological animal
cfos_occurrence,Ocurrencia espacial de núcleos c-FOS positivos / núcleos DAPI,742,WATER_NPY2;E7_FR7-1;E8_FR6-3,WATER_NPY1;WATER_NPY3;E9_FR8-1,E7_FR7-5;E8_FR6-1;E8_FR6-4,0.600923442879,0.156828655789,0.207537317556,0.154106710722,False,False,biological animal
cfos_occurrence,Ocurrencia espacial de núcleos c-FOS positivos / núcleos DAPI,743,WATER_NPY2;E7_FR7-1;E8_FR6-3,WATER_NPY1;WATER_NPY3;E8_FR6-1,E7_FR7-5;E9_FR8-1;E8_FR6-4,0.144764181884,0.156828655789,0.184767822781,0.190166664278,False,False,biological animal
cfos_occurrence,Ocurrencia espacial de núcleos c-FOS positivos / núcleos DAPI,744,WATER_NPY2;E7_FR7-1;E8_FR6-3,WATER_NPY1;WATER_NPY3;E8_FR6-4,E7_FR7-5;E9_FR8-1;E8_FR6-1,1.16004579174,0.156828655789,0.21161239551,0.129816827847,False,False,biological animal
cfos_occurrence,Ocurrencia espacial de núcleos c-FOS positivos / núcleos DAPI,745,WATER_NPY2;E7_FR7-1;E8_FR6-3,WATER_NPY1;E7_FR7-5;E9_FR8-1,WATER_NPY3;E8_FR6-1;E8_FR6-4,0.194432516811,0.156828655789,0.181110850059,0.19390681198,False,False,biological animal
cfos_occurrence,Ocurrencia espacial de núcleos c-FOS positivos / núcleos DAPI,746,WATER_NPY2;E7_FR7-1;E8_FR6-3,WATER_NPY1;E7_FR7-5;E8_FR6-1,WATER_NPY3;E9_FR8-1;E8_FR6-4,0.893224327879,0.156828655789,0.140062915087,0.213419517422,False,False,biological animal
cfos_occurrence,Ocurrencia espacial de núcleos c-FOS positivos / núcleos DAPI,747,WATER_NPY2;E7_FR7-1;E8_FR6-3,WATER_NPY1;E7_FR7-5;E8_FR6-4,WATER_NPY3;E9_FR8-1;E8_FR6-1,0.0577798860575,0.156828655789,0.170261350708,0.156345004239,False,False,biological animal
cfos_occurrence,Ocurrencia espacial de núcleos c-FOS positivos / núcleos DAPI,748,WATER_NPY2;E7_FR7-1;E8_FR6-3,WATER_NPY1;E9_FR8-1;E8_FR6-1,WATER_NPY3;E7_FR7-5;E8_FR6-4,0.125976985474,0.156828655789,0.178220357587,0.188229081385,False,False,biological animal
cfos_occurrence,Ocurrencia espacial de núcleos c-FOS positivos / núcleos DAPI,749,WATER_NPY2;E7_FR7-1;E8_FR6-3,WATER_NPY1;E9_FR8-1;E8_FR6-4,WATER_NPY3;E7_FR7-5;E8_FR6-1,1.02950193726,0.156828655789,0.212844372096,0.131679683057,False,False,biological animal
cfos_occurrence,Ocurrencia espacial de núcleos c-FOS positivos / núcleos DAPI,750,WATER_NPY2;E7_FR7-1;E8_FR6-3,WATER_NPY1;E8_FR6-1;E8_FR6-4,WATER_NPY3;E7_FR7-5;E9_FR8-1,4.47409205347,0.156828655789,0.0976124324673,0.0707104698796,False,False,biological animal
cfos_occurrence,Ocurrencia espacial de núcleos c-FOS positivos / núcleos DAPI,751,WATER_NPY2;E7_FR7-1;E8_FR6-3,WATER_NPY3;E7_FR7-5;E9_FR8-1,WATER_NPY1;E8_FR6-1;E8_FR6-4,4.47409205347,0.156828655789,0.0707104698796,0.0976124324673,False,False,biological animal
cfos_occurrence,Ocurrencia espacial de núcleos c-FOS positivos / núcleos DAPI,752,WATER_NPY2;E7_FR7-1;E8_FR6-3,WATER_NPY3;E7_FR7-5;E8_FR6-1,WATER_NPY1;E9_FR8-1;E8_FR6-4,1.02950193726,0.156828655789,0.131679683057,0.212844372096,False,False,biological animal
cfos_occurrence,Ocurrencia espacial de núcleos c-FOS positivos / núcleos DAPI,753,WATER_NPY2;E7_FR7-1;E8_FR6-3,WATER_NPY3;E7_FR7-5;E8_FR6-4,WATER_NPY1;E9_FR8-1;E8_FR6-1,0.125976985474,0.156828655789,0.188229081385,0.178220357587,False,False,biological animal
cfos_occurrence,Ocurrencia espacial de núcleos c-FOS positivos / núcleos DAPI,754,WATER_NPY2;E7_FR7-1;E8_FR6-3,WATER_NPY3;E9_FR8-1;E8_FR6-1,WATER_NPY1;E7_FR7-5;E8_FR6-4,0.0577798860575,0.156828655789,0.156345004239,0.170261350708,False,False,biological animal
cfos_occurrence,Ocurrencia espacial de núcleos c-FOS positivos / núcleos DAPI,755,WATER_NPY2;E7_FR7-1;E8_FR6-3,WATER_NPY3;E9_FR8-1;E8_FR6-4,WATER_NPY1;E7_FR7-5;E8_FR6-1,0.893224327879,0.156828655789,0.213419517422,0.140062915087,False,False,biological animal
cfos_occurrence,Ocurrencia espacial de núcleos c-FOS positivos / núcleos DAPI,756,WATER_NPY2;E7_FR7-1;E8_FR6-3,WATER_NPY3;E8_FR6-1;E8_FR6-4,WATER_NPY1;E7_FR7-5;E9_FR8-1,0.194432516811,0.156828655789,0.19390681198,0.181110850059,False,False,biological animal
cfos_occurrence,Ocurrencia espacial de núcleos c-FOS positivos / núcleos DAPI,757,WATER_NPY2;E7_FR7-1;E8_FR6-3,E7_FR7-5;E9_FR8-1;E8_FR6-1,WATER_NPY1;WATER_NPY3;E8_FR6-4,1.16004579174,0.156828655789,0.129816827847,0.21161239551,False,False,biological animal
cfos_occurrence,Ocurrencia espacial de núcleos c-FOS positivos / núcleos DAPI,758,WATER_NPY2;E7_FR7-1;E8_FR6-3,E7_FR7-5;E9_FR8-1;E8_FR6-4,WATER_NPY1;WATER_NPY3;E8_FR6-1,0.144764181884,0.156828655789,0.190166664278,0.184767822781,False,False,biological animal
cfos_occurrence,Ocurrencia espacial de núcleos c-FOS positivos / núcleos DAPI,759,WATER_NPY2;E7_FR7-1;E8_FR6-3,E7_FR7-5;E8_FR6-1;E8_FR6-4,WATER_NPY1;WATER_NPY3;E9_FR8-1,0.600923442879,0.156828655789,0.154106710722,0.207537317556,False,False,biological animal
cfos_occurrence,Ocurrencia espacial de núcleos c-FOS positivos / núcleos DAPI,760,WATER_NPY2;E7_FR7-1;E8_FR6-3,E9_FR8-1;E8_FR6-1;E8_FR6-4,WATER_NPY1;WATER_NPY3;E7_FR7-5,0.148139541073,0.156828655789,0.191342895355,0.182776750138,False,False,biological animal
cfos_occurrence,Ocurrencia espacial de núcleos c-FOS positivos / núcleos DAPI,761,WATER_NPY2;E7_FR7-1;E8_FR6-4,WATER_NPY1;WATER_NPY3;E7_FR7-5,E9_FR8-1;E8_FR6-1;E8_FR6-3,0.482086069337,0.202666112306,0.182776750138,0.142625398728,False,False,biological animal
cfos_occurrence,Ocurrencia espacial de núcleos c-FOS positivos / núcleos DAPI,762,WATER_NPY2;E7_FR7-1;E8_FR6-4,WATER_NPY1;WATER_NPY3;E9_FR8-1,E7_FR7-5;E8_FR6-1;E8_FR6-3,2.32818782009,0.202666112306,0.207537317556,0.102106846054,False,False,biological animal
cfos_occurrence,Ocurrencia espacial de núcleos c-FOS positivos / núcleos DAPI,763,WATER_NPY2;E7_FR7-1;E8_FR6-4,WATER_NPY1;WATER_NPY3;E8_FR6-1,E7_FR7-5;E9_FR8-1;E8_FR6-3,0.940951048592,0.202666112306,0.184767822781,0.122495409459,False,False,biological animal
cfos_occurrence,Ocurrencia espacial de núcleos c-FOS positivos / núcleos DAPI,764,WATER_NPY2;E7_FR7-1;E8_FR6-4,WATER_NPY1;WATER_NPY3;E8_FR6-3,E7_FR7-5;E9_FR8-1;E8_FR6-1,0.634437673121,0.202666112306,0.175754541786,0.129816827847,False,False,biological animal
cfos_occurrence,Ocurrencia espacial de núcleos c-FOS positivos / núcleos DAPI,765,WATER_NPY2;E7_FR7-1;E8_FR6-4,WATER_NPY1;E7_FR7-5;E9_FR8-1,WATER_NPY3;E8_FR6-1;E8_FR6-3,0.39435326915,0.202666112306,0.181110850059,0.148417989643,False,False,biological animal
cfos_occurrence,Ocurrencia espacial de núcleos c-FOS positivos / núcleos DAPI,766,WATER_NPY2;E7_FR7-1;E8_FR6-4,WATER_NPY1;E7_FR7-5;E8_FR6-1,WATER_NPY3;E9_FR8-1;E8_FR6-3,0.820437509973,0.202666112306,0.140062915087,0.148034243925,False,False,biological animal
cfos_occurrence,Ocurrencia espacial de núcleos c-FOS positivos / núcleos DAPI,767,WATER_NPY2;E7_FR7-1;E8_FR6-4,WATER_NPY1;E7_FR7-5;E8_FR6-3,WATER_NPY3;E9_FR8-1;E8_FR6-1,0.778917683651,0.202666112306,0.132238082191,0.156345004239,False,False,biological animal
cfos_occurrence,Ocurrencia espacial de núcleos c-FOS positivos / núcleos DAPI,768,WATER_NPY2;E7_FR7-1;E8_FR6-4,WATER_NPY1;E9_FR8-1;E8_FR6-1,WATER_NPY3;E7_FR7-5;E8_FR6-3,0.830986738117,0.202666112306,0.178220357587,0.123850801143,False,False,biological animal
cfos_occurrence,Ocurrencia espacial de núcleos c-FOS positivos / núcleos DAPI,769,WATER_NPY2;E7_FR7-1;E8_FR6-4,WATER_NPY1;E9_FR8-1;E8_FR6-3,WATER_NPY3;E7_FR7-5;E8_FR6-1,0.566613179626,0.202666112306,0.171396376123,0.131679683057,False,False,biological animal
cfos_occurrence,Ocurrencia espacial de núcleos c-FOS positivos / núcleos DAPI,770,WATER_NPY2;E7_FR7-1;E8_FR6-4,WATER_NPY1;E8_FR6-1;E8_FR6-3,WATER_NPY3;E7_FR7-5;E9_FR8-1,8.22832777484,0.202666112306,0.0726304282101,0.0707104698796,False,True,biological animal
cfos_occurrence,Ocurrencia espacial de núcleos c-FOS positivos / núcleos DAPI,771,WATER_NPY2;E7_FR7-1;E8_FR6-4,WATER_NPY3;E7_FR7-5;E9_FR8-1,WATER_NPY1;E8_FR6-1;E8_FR6-3,8.22832777484,0.202666112306,0.0707104698796,0.0726304282101,False,True,biological animal
cfos_occurrence,Ocurrencia espacial de núcleos c-FOS positivos / núcleos DAPI,772,WATER_NPY2;E7_FR7-1;E8_FR6-4,WATER_NPY3;E7_FR7-5;E8_FR6-1,WATER_NPY1;E9_FR8-1;E8_FR6-3,0.566613179626,0.202666112306,0.131679683057,0.171396376123,False,False,biological animal
cfos_occurrence,Ocurrencia espacial de núcleos c-FOS positivos / núcleos DAPI,773,WATER_NPY2;E7_FR7-1;E8_FR6-4,WATER_NPY3;E7_FR7-5;E8_FR6-3,WATER_NPY1;E9_FR8-1;E8_FR6-1,0.830986738117,0.202666112306,0.123850801143,0.178220357587,False,False,biological animal
cfos_occurrence,Ocurrencia espacial de núcleos c-FOS positivos / núcleos DAPI,774,WATER_NPY2;E7_FR7-1;E8_FR6-4,WATER_NPY3;E9_FR8-1;E8_FR6-1,WATER_NPY1;E7_FR7-5;E8_FR6-3,0.778917683651,0.202666112306,0.156345004239,0.132238082191,False,False,biological animal
cfos_occurrence,Ocurrencia espacial de núcleos c-FOS positivos / núcleos DAPI,775,WATER_NPY2;E7_FR7-1;E8_FR6-4,WATER_NPY3;E9_FR8-1;E8_FR6-3,WATER_NPY1;E7_FR7-5;E8_FR6-1,0.820437509973,0.202666112306,0.148034243925,0.140062915087,False,False,biological animal
cfos_occurrence,Ocurrencia espacial de núcleos c-FOS positivos / núcleos DAPI,776,WATER_NPY2;E7_FR7-1;E8_FR6-4,WATER_NPY3;E8_FR6-1;E8_FR6-3,WATER_NPY1;E7_FR7-5;E9_FR8-1,0.39435326915,0.202666112306,0.148417989643,0.181110850059,False,False,biological animal
cfos_occurrence,Ocurrencia espacial de núcleos c-FOS positivos / núcleos DAPI,777,WATER_NPY2;E7_FR7-1;E8_FR6-4,E7_FR7-5;E9_FR8-1;E8_FR6-1,WATER_NPY1;WATER_NPY3;E8_FR6-3,0.634437673121,0.202666112306,0.129816827847,0.175754541786,False,False,biological animal
cfos_occurrence,Ocurrencia espacial de núcleos c-FOS positivos / núcleos DAPI,778,WATER_NPY2;E7_FR7-1;E8_FR6-4,E7_FR7-5;E9_FR8-1;E8_FR6-3,WATER_NPY1;WATER_NPY3;E8_FR6-1,0.940951048592,0.202666112306,0.122495409459,0.184767822781,False,False,biological animal
cfos_occurrence,Ocurrencia espacial de núcleos c-FOS positivos / núcleos DAPI,779,WATER_NPY2;E7_FR7-1;E8_FR6-4,E7_FR7-5;E8_FR6-1;E8_FR6-3,WATER_NPY1;WATER_NPY3;E9_FR8-1,2.32818782009,0.202666112306,0.102106846054,0.207537317556,False,False,biological animal
cfos_occurrence,Ocurrencia espacial de núcleos c-FOS positivos / núcleos DAPI,780,WATER_NPY2;E7_FR7-1;E8_FR6-4,E9_FR8-1;E8_FR6-1;E8_FR6-3,WATER_NPY1;WATER_NPY3;E7_FR7-5,0.482086069337,0.202666112306,0.142625398728,0.182776750138,False,False,biological animal
cfos_occurrence,Ocurrencia espacial de núcleos c-FOS positivos / núcleos DAPI,781,WATER_NPY2;E7_FR7-5;E9_FR8-1,WATER_NPY1;WATER_NPY3;E7_FR7-1,E8_FR6-1;E8_FR6-3;E8_FR6-4,2.48972403395,0.143571770456,0.207912209875,0.0940001390035,False,False,biological animal
cfos_occurrence,Ocurrencia espacial de núcleos c-FOS positivos / núcleos DAPI,782,WATER_NPY2;E7_FR7-5;E9_FR8-1,WATER_NPY1;WATER_NPY3;E8_FR6-1,E7_FR7-1;E8_FR6-3;E8_FR6-4,0.193436823666,0.143571770456,0.184767822781,0.178587431646,False,False,biological animal
cfos_occurrence,Ocurrencia espacial de núcleos c-FOS positivos / núcleos DAPI,783,WATER_NPY2;E7_FR7-5;E9_FR8-1,WATER_NPY1;WATER_NPY3;E8_FR6-3,E7_FR7-1;E8_FR6-1;E8_FR6-4,0.175857242324,0.143571770456,0.175754541786,0.184102836073,False,False,biological animal
cfos_occurrence,Ocurrencia espacial de núcleos c-FOS positivos / núcleos DAPI,784,WATER_NPY2;E7_FR7-5;E9_FR8-1,WATER_NPY1;WATER_NPY3;E8_FR6-4,E7_FR7-1;E8_FR6-1;E8_FR6-3,1.14696236302,0.143571770456,0.21161239551,0.135112165602,False,False,biological animal
cfos_occurrence,Ocurrencia espacial de núcleos c-FOS positivos / núcleos DAPI,785,WATER_NPY2;E7_FR7-5;E9_FR8-1,WATER_NPY1;E7_FR7-1;E8_FR6-1,WATER_NPY3;E8_FR6-3;E8_FR6-4,0.199378157419,0.143571770456,0.170084800188,0.185366063715,False,False,biological animal
cfos_occurrence,Ocurrencia espacial de núcleos c-FOS positivos / núcleos DAPI,786,WATER_NPY2;E7_FR7-5;E9_FR8-1,WATER_NPY1;E7_FR7-1;E8_FR6-3,WATER_NPY3;E8_FR6-1;E8_FR6-4,0.290849667758,0.143571770456,0.16597521685,0.19390681198,False,False,biological animal
cfos_occurrence,Ocurrencia espacial de núcleos c-FOS positivos / núcleos DAPI,787,WATER_NPY2;E7_FR7-5;E9_FR8-1,WATER_NPY1;E7_FR7-1;E8_FR6-4,WATER_NPY3;E8_FR6-1;E8_FR6-3,0.835926481124,0.143571770456,0.210301637132,0.148417989643,False,False,biological animal
cfos_occurrence,Ocurrencia espacial de núcleos c-FOS positivos / núcleos DAPI,788,WATER_NPY2;E7_FR7-5;E9_FR8-1,WATER_NPY1;E8_FR6-1;E8_FR6-3,WATER_NPY3;E7_FR7-1;E8_FR6-4,3.92186862632,0.143571770456,0.0726304282101,0.214831538443,False,False,biological animal
cfos_occurrence,Ocurrencia espacial de núcleos c-FOS positivos / núcleos DAPI,789,WATER_NPY2;E7_FR7-5;E9_FR8-1,WATER_NPY1;E8_FR6-1;E8_FR6-4,WATER_NPY3;E7_FR7-1;E8_FR6-3,0.971983445275,0.143571770456,0.0976124324673,0.148088957748,False,False,biological animal
cfos_occurrence,Ocurrencia espacial de núcleos c-FOS positivos / núcleos DAPI,790,WATER_NPY2;E7_FR7-5;E9_FR8-1,WATER_NPY1;E8_FR6-3;E8_FR6-4,WATER_NPY3;E7_FR7-1;E8_FR6-1,1.19022272031,0.143571770456,0.0945784918164,0.154141285542,False,False,biological animal
cfos_occurrence,Ocurrencia espacial de núcleos c-FOS positivos / núcleos DAPI,791,WATER_NPY2;E7_FR7-5;E9_FR8-1,WATER_NPY3;E7_FR7-1;E8_FR6-1,WATER_NPY1;E8_FR6-3;E8_FR6-4,1.19022272031,0.143571770456,0.154141285542,0.0945784918164,False,False,biological animal
cfos_occurrence,Ocurrencia espacial de núcleos c-FOS positivos / núcleos DAPI,792,WATER_NPY2;E7_FR7-5;E9_FR8-1,WATER_NPY3;E7_FR7-1;E8_FR6-3,WATER_NPY1;E8_FR6-1;E8_FR6-4,0.971983445275,0.143571770456,0.148088957748,0.0976124324673,False,False,biological animal
cfos_occurrence,Ocurrencia espacial de núcleos c-FOS positivos / núcleos DAPI,793,WATER_NPY2;E7_FR7-5;E9_FR8-1,WATER_NPY3;E7_FR7-1;E8_FR6-4,WATER_NPY1;E8_FR6-1;E8_FR6-3,3.92186862632,0.143571770456,0.214831538443,0.0726304282101,False,False,biological animal
cfos_occurrence,Ocurrencia espacial de núcleos c-FOS positivos / núcleos DAPI,794,WATER_NPY2;E7_FR7-5;E9_FR8-1,WATER_NPY3;E8_FR6-1;E8_FR6-3,WATER_NPY1;E7_FR7-1;E8_FR6-4,0.835926481124,0.143571770456,0.148417989643,0.210301637132,False,False,biological animal
cfos_occurrence,Ocurrencia espacial de núcleos c-FOS positivos / núcleos DAPI,795,WATER_NPY2;E7_FR7-5;E9_FR8-1,WATER_NPY3;E8_FR6-1;E8_FR6-4,WATER_NPY1;E7_FR7-1;E8_FR6-3,0.290849667758,0.143571770456,0.19390681198,0.16597521685,False,False,biological animal
cfos_occurrence,Ocurrencia espacial de núcleos c-FOS positivos / núcleos DAPI,796,WATER_NPY2;E7_FR7-5;E9_FR8-1,WATER_NPY3;E8_FR6-3;E8_FR6-4,WATER_NPY1;E7_FR7-1;E8_FR6-1,0.199378157419,0.143571770456,0.185366063715,0.170084800188,False,False,biological animal
cfos_occurrence,Ocurrencia espacial de núcleos c-FOS positivos / núcleos DAPI,797,WATER_NPY2;E7_FR7-5;E9_FR8-1,E7_FR7-1;E8_FR6-1;E8_FR6-3,WATER_NPY1;WATER_NPY3;E8_FR6-4,1.14696236302,0.143571770456,0.135112165602,0.21161239551,False,False,biological animal
cfos_occurrence,Ocurrencia espacial de núcleos c-FOS positivos / núcleos DAPI,798,WATER_NPY2;E7_FR7-5;E9_FR8-1,E7_FR7-1;E8_FR6-1;E8_FR6-4,WATER_NPY1;WATER_NPY3;E8_FR6-3,0.175857242324,0.143571770456,0.184102836073,0.175754541786,False,False,biological animal
cfos_occurrence,Ocurrencia espacial de núcleos c-FOS positivos / núcleos DAPI,799,WATER_NPY2;E7_FR7-5;E9_FR8-1,E7_FR7-1;E8_FR6-3;E8_FR6-4,WATER_NPY1;WATER_NPY3;E8_FR6-1,0.193436823666,0.143571770456,0.178587431646,0.184767822781,False,False,biological animal
cfos_occurrence,Ocurrencia espacial de núcleos c-FOS positivos / núcleos DAPI,800,WATER_NPY2;E7_FR7-5;E9_FR8-1,E8_FR6-1;E8_FR6-3;E8_FR6-4,WATER_NPY1;WATER_NPY3;E7_FR7-1,2.48972403395,0.143571770456,0.0940001390035,0.207912209875,False,False,biological animal
cfos_occurrence,Ocurrencia espacial de núcleos c-FOS positivos / núcleos DAPI,801,WATER_NPY2;E7_FR7-5;E8_FR6-1,WATER_NPY1;WATER_NPY3;E7_FR7-1,E9_FR8-1;E8_FR6-3;E8_FR6-4,0.797785449174,0.133459160332,0.207912209875,0.183562577946,False,False,biological animal
cfos_occurrence,Ocurrencia espacial de núcleos c-FOS positivos / núcleos DAPI,802,WATER_NPY2;E7_FR7-5;E8_FR6-1,WATER_NPY1;WATER_NPY3;E9_FR8-1,E7_FR7-1;E8_FR6-3;E8_FR6-4,0.712062908038,0.133459160332,0.207537317556,0.178587431646,False,False,biological animal
cfos_occurrence,Ocurrencia espacial de núcleos c-FOS positivos / núcleos DAPI,803,WATER_NPY2;E7_FR7-5;E8_FR6-1,WATER_NPY1;WATER_NPY3;E8_FR6-3,E7_FR7-1;E9_FR8-1;E8_FR6-4,0.792087786456,0.133459160332,0.175754541786,0.213023460701,False,False,biological animal
cfos_occurrence,Ocurrencia espacial de núcleos c-FOS positivos / núcleos DAPI,804,WATER_NPY2;E7_FR7-5;E8_FR6-1,WATER_NPY1;WATER_NPY3;E8_FR6-4,E7_FR7-1;E9_FR8-1;E8_FR6-3,1.80505072328,0.133459160332,0.21161239551,0.137886924537,False,False,biological animal
cfos_occurrence,Ocurrencia espacial de núcleos c-FOS positivos / núcleos DAPI,805,WATER_NPY2;E7_FR7-5;E8_FR6-1,WATER_NPY1;E7_FR7-1;E9_FR8-1,WATER_NPY3;E8_FR6-3;E8_FR6-4,0.75365673802,0.133459160332,0.19965383875,0.185366063715,False,False,biological animal
cfos_occurrence,Ocurrencia espacial de núcleos c-FOS positivos / núcleos DAPI,806,WATER_NPY2;E7_FR7-5;E8_FR6-1,WATER_NPY1;E7_FR7-1;E8_FR6-3,WATER_NPY3;E9_FR8-1;E8_FR6-4,0.861233383532,0.133459160332,0.16597521685,0.213419517422,False,False,biological animal
cfos_occurrence,Ocurrencia espacial de núcleos c-FOS positivos / núcleos DAPI,807,WATER_NPY2;E7_FR7-5;E8_FR6-1,WATER_NPY1;E7_FR7-1;E8_FR6-4,WATER_NPY3;E9_FR8-1;E8_FR6-3,1.60055551477,0.133459160332,0.210301637132,0.148034243925,False,False,biological animal
cfos_occurrence,Ocurrencia espacial de núcleos c-FOS positivos / núcleos DAPI,808,WATER_NPY2;E7_FR7-5;E8_FR6-1,WATER_NPY1;E9_FR8-1;E8_FR6-3,WATER_NPY3;E7_FR7-1;E8_FR6-4,0.926097104912,0.133459160332,0.171396376123,0.214831538443,False,False,biological animal
cfos_occurrence,Ocurrencia espacial de núcleos c-FOS positivos / núcleos DAPI,809,WATER_NPY2;E7_FR7-5;E8_FR6-1,WATER_NPY1;E9_FR8-1;E8_FR6-4,WATER_NPY3;E7_FR7-1;E8_FR6-3,1.77036884996,0.133459160332,0.212844372096,0.148088957748,False,False,biological animal
cfos_occurrence,Ocurrencia espacial de núcleos c-FOS positivos / núcleos DAPI,810,WATER_NPY2;E7_FR7-5;E8_FR6-1,WATER_NPY1;E8_FR6-3;E8_FR6-4,WATER_NPY3;E7_FR7-1;E9_FR8-1,8.43542235379,0.133459160332,0.0945784918164,0.0650726600127,False,True,biological animal
cfos_occurrence,Ocurrencia espacial de núcleos c-FOS positivos / núcleos DAPI,811,WATER_NPY2;E7_FR7-5;E8_FR6-1,WATER_NPY3;E7_FR7-1;E9_FR8-1,WATER_NPY1;E8_FR6-3;E8_FR6-4,8.43542235379,0.133459160332,0.0650726600127,0.0945784918164,False,True,biological animal
cfos_occurrence,Ocurrencia espacial de núcleos c-FOS positivos / núcleos DAPI,812,WATER_NPY2;E7_FR7-5;E8_FR6-1,WATER_NPY3;E7_FR7-1;E8_FR6-3,WATER_NPY1;E9_FR8-1;E8_FR6-4,1.77036884996,0.133459160332,0.148088957748,0.212844372096,False,False,biological animal
cfos_occurrence,Ocurrencia espacial de núcleos c-FOS positivos / núcleos DAPI,813,WATER_NPY2;E7_FR7-5;E8_FR6-1,WATER_NPY3;E7_FR7-1;E8_FR6-4,WATER_NPY1;E9_FR8-1;E8_FR6-3,0.926097104912,0.133459160332,0.214831538443,0.171396376123,False,False,biological animal
cfos_occurrence,Ocurrencia espacial de núcleos c-FOS positivos / núcleos DAPI,814,WATER_NPY2;E7_FR7-5;E8_FR6-1,WATER_NPY3;E9_FR8-1;E8_FR6-3,WATER_NPY1;E7_FR7-1;E8_FR6-4,1.60055551477,0.133459160332,0.148034243925,0.210301637132,False,False,biological animal
cfos_occurrence,Ocurrencia espacial de núcleos c-FOS positivos / núcleos DAPI,815,WATER_NPY2;E7_FR7-5;E8_FR6-1,WATER_NPY3;E9_FR8-1;E8_FR6-4,WATER_NPY1;E7_FR7-1;E8_FR6-3,0.861233383532,0.133459160332,0.213419517422,0.16597521685,False,False,biological animal
cfos_occurrence,Ocurrencia espacial de núcleos c-FOS positivos / núcleos DAPI,816,WATER_NPY2;E7_FR7-5;E8_FR6-1,WATER_NPY3;E8_FR6-3;E8_FR6-4,WATER_NPY1;E7_FR7-1;E9_FR8-1,0.75365673802,0.133459160332,0.185366063715,0.19965383875,False,False,biological animal
cfos_occurrence,Ocurrencia espacial de núcleos c-FOS positivos / núcleos DAPI,817,WATER_NPY2;E7_FR7-5;E8_FR6-1,E7_FR7-1;E9_FR8-1;E8_FR6-3,WATER_NPY1;WATER_NPY3;E8_FR6-4,1.80505072328,0.133459160332,0.137886924537,0.21161239551,False,False,biological animal
cfos_occurrence,Ocurrencia espacial de núcleos c-FOS positivos / núcleos DAPI,818,WATER_NPY2;E7_FR7-5;E8_FR6-1,E7_FR7-1;E9_FR8-1;E8_FR6-4,WATER_NPY1;WATER_NPY3;E8_FR6-3,0.792087786456,0.133459160332,0.213023460701,0.175754541786,False,False,biological animal
cfos_occurrence,Ocurrencia espacial de núcleos c-FOS positivos / núcleos DAPI,819,WATER_NPY2;E7_FR7-5;E8_FR6-1,E7_FR7-1;E8_FR6-3;E8_FR6-4,WATER_NPY1;WATER_NPY3;E9_FR8-1,0.712062908038,0.133459160332,0.178587431646,0.207537317556,False,False,biological animal
cfos_occurrence,Ocurrencia espacial de núcleos c-FOS positivos / núcleos DAPI,820,WATER_NPY2;E7_FR7-5;E8_FR6-1,E9_FR8-1;E8_FR6-3;E8_FR6-4,WATER_NPY1;WATER_NPY3;E7_FR7-1,0.797785449174,0.133459160332,0.183562577946,0.207912209875,False,False,biological animal
cfos_occurrence,Ocurrencia espacial de núcleos c-FOS positivos / núcleos DAPI,821,WATER_NPY2;E7_FR7-5;E8_FR6-3,WATER_NPY1;WATER_NPY3;E7_FR7-1,E9_FR8-1;E8_FR6-1;E8_FR6-4,1.24808641917,0.121822665893,0.207912209875,0.191342895355,False,False,biological animal
cfos_occurrence,Ocurrencia espacial de núcleos c-FOS positivos / núcleos DAPI,822,WATER_NPY2;E7_FR7-5;E8_FR6-3,WATER_NPY1;WATER_NPY3;E9_FR8-1,E7_FR7-1;E8_FR6-1;E8_FR6-4,1.05216078524,0.121822665893,0.207537317556,0.184102836073,False,False,biological animal
cfos_occurrence,Ocurrencia espacial de núcleos c-FOS positivos / núcleos DAPI,823,WATER_NPY2;E7_FR7-5;E8_FR6-3,WATER_NPY1;WATER_NPY3;E8_FR6-1,E7_FR7-1;E9_FR8-1;E8_FR6-4,1.17462915481,0.121822665893,0.184767822781,0.213023460701,False,False,biological animal
cfos_occurrence,Ocurrencia espacial de núcleos c-FOS positivos / núcleos DAPI,824,WATER_NPY2;E7_FR7-5;E8_FR6-3,WATER_NPY1;WATER_NPY3;E8_FR6-4,E7_FR7-1;E9_FR8-1;E8_FR6-1,1.85899909263,0.121822665893,0.21161239551,0.142871381155,False,False,biological animal
cfos_occurrence,Ocurrencia espacial de núcleos c-FOS positivos / núcleos DAPI,825,WATER_NPY2;E7_FR7-5;E8_FR6-3,WATER_NPY1;E7_FR7-1;E9_FR8-1,WATER_NPY3;E8_FR6-1;E8_FR6-4,1.24115629356,0.121822665893,0.19965383875,0.19390681198,False,False,biological animal
cfos_occurrence,Ocurrencia espacial de núcleos c-FOS positivos / núcleos DAPI,826,WATER_NPY2;E7_FR7-5;E8_FR6-3,WATER_NPY1;E7_FR7-1;E8_FR6-1,WATER_NPY3;E9_FR8-1;E8_FR6-4,1.14126044425,0.121822665893,0.170084800188,0.213419517422,False,False,biological animal
cfos_occurrence,Ocurrencia espacial de núcleos c-FOS positivos / núcleos DAPI,827,WATER_NPY2;E7_FR7-5;E8_FR6-3,WATER_NPY1;E7_FR7-1;E8_FR6-4,WATER_NPY3;E9_FR8-1;E8_FR6-1,1.69229338614,0.121822665893,0.210301637132,0.156345004239,False,False,biological animal
cfos_occurrence,Ocurrencia espacial de núcleos c-FOS positivos / núcleos DAPI,828,WATER_NPY2;E7_FR7-5;E8_FR6-3,WATER_NPY1;E9_FR8-1;E8_FR6-1,WATER_NPY3;E7_FR7-1;E8_FR6-4,1.29509246874,0.121822665893,0.178220357587,0.214831538443,False,False,biological animal
cfos_occurrence,Ocurrencia espacial de núcleos c-FOS positivos / núcleos DAPI,829,WATER_NPY2;E7_FR7-5;E8_FR6-3,WATER_NPY1;E9_FR8-1;E8_FR6-4,WATER_NPY3;E7_FR7-1;E8_FR6-1,1.85299645696,0.121822665893,0.212844372096,0.154141285542,False,False,biological animal
cfos_occurrence,Ocurrencia espacial de núcleos c-FOS positivos / núcleos DAPI,830,WATER_NPY2;E7_FR7-5;E8_FR6-3,WATER_NPY1;E8_FR6-1;E8_FR6-4,WATER_NPY3;E7_FR7-1;E9_FR8-1,3.45981755463,0.121822665893,0.0976124324673,0.0650726600127,False,False,biological animal
cfos_occurrence,Ocurrencia espacial de núcleos c-FOS positivos / núcleos DAPI,831,WATER_NPY2;E7_FR7-5;E8_FR6-3,WATER_NPY3;E7_FR7-1;E9_FR8-1,WATER_NPY1;E8_FR6-1;E8_FR6-4,3.45981755463,0.121822665893,0.0650726600127,0.0976124324673,False,False,biological animal
cfos_occurrence,Ocurrencia espacial de núcleos c-FOS positivos / núcleos DAPI,832,WATER_NPY2;E7_FR7-5;E8_FR6-3,WATER_NPY3;E7_FR7-1;E8_FR6-1,WATER_NPY1;E9_FR8-1;E8_FR6-4,1.85299645696,0.121822665893,0.154141285542,0.212844372096,False,False,biological animal
cfos_occurrence,Ocurrencia espacial de núcleos c-FOS positivos / núcleos DAPI,833,WATER_NPY2;E7_FR7-5;E8_FR6-3,WATER_NPY3;E7_FR7-1;E8_FR6-4,WATER_NPY1;E9_FR8-1;E8_FR6-1,1.29509246874,0.121822665893,0.214831538443,0.178220357587,False,False,biological animal
cfos_occurrence,Ocurrencia espacial de núcleos c-FOS positivos / núcleos DAPI,834,WATER_NPY2;E7_FR7-5;E8_FR6-3,WATER_NPY3;E9_FR8-1;E8_FR6-1,WATER_NPY1;E7_FR7-1;E8_FR6-4,1.69229338614,0.121822665893,0.156345004239,0.210301637132,False,False,biological animal
cfos_occurrence,Ocurrencia espacial de núcleos c-FOS positivos / núcleos DAPI,835,WATER_NPY2;E7_FR7-5;E8_FR6-3,WATER_NPY3;E9_FR8-1;E8_FR6-4,WATER_NPY1;E7_FR7-1;E8_FR6-1,1.14126044425,0.121822665893,0.213419517422,0.170084800188,False,False,biological animal
cfos_occurrence,Ocurrencia espacial de núcleos c-FOS positivos / núcleos DAPI,836,WATER_NPY2;E7_FR7-5;E8_FR6-3,WATER_NPY3;E8_FR6-1;E8_FR6-4,WATER_NPY1;E7_FR7-1;E9_FR8-1,1.24115629356,0.121822665893,0.19390681198,0.19965383875,False,False,biological animal
cfos_occurrence,Ocurrencia espacial de núcleos c-FOS positivos / núcleos DAPI,837,WATER_NPY2;E7_FR7-5;E8_FR6-3,E7_FR7-1;E9_FR8-1;E8_FR6-1,WATER_NPY1;WATER_NPY3;E8_FR6-4,1.85899909263,0.121822665893,0.142871381155,0.21161239551,False,False,biological animal
cfos_occurrence,Ocurrencia espacial de núcleos c-FOS positivos / núcleos DAPI,838,WATER_NPY2;E7_FR7-5;E8_FR6-3,E7_FR7-1;E9_FR8-1;E8_FR6-4,WATER_NPY1;WATER_NPY3;E8_FR6-1,1.17462915481,0.121822665893,0.213023460701,0.184767822781,False,False,biological animal
cfos_occurrence,Ocurrencia espacial de núcleos c-FOS positivos / núcleos DAPI,839,WATER_NPY2;E7_FR7-5;E8_FR6-3,E7_FR7-1;E8_FR6-1;E8_FR6-4,WATER_NPY1;WATER_NPY3;E9_FR8-1,1.05216078524,0.121822665893,0.184102836073,0.207537317556,False,False,biological animal
cfos_occurrence,Ocurrencia espacial de núcleos c-FOS positivos / núcleos DAPI,840,WATER_NPY2;E7_FR7-5;E8_FR6-3,E9_FR8-1;E8_FR6-1;E8_FR6-4,WATER_NPY1;WATER_NPY3;E7_FR7-1,1.24808641917,0.121822665893,0.191342895355,0.207912209875,False,False,biological animal
cfos_occurrence,Ocurrencia espacial de núcleos c-FOS positivos / núcleos DAPI,841,WATER_NPY2;E7_FR7-5;E8_FR6-4,WATER_NPY1;WATER_NPY3;E7_FR7-1,E9_FR8-1;E8_FR6-1;E8_FR6-3,0.830154108532,0.164102948762,0.207912209875,0.142625398728,False,False,biological animal
cfos_occurrence,Ocurrencia espacial de núcleos c-FOS positivos / núcleos DAPI,842,WATER_NPY2;E7_FR7-5;E8_FR6-4,WATER_NPY1;WATER_NPY3;E9_FR8-1,E7_FR7-1;E8_FR6-1;E8_FR6-3,0.993465975094,0.164102948762,0.207537317556,0.135112165602,False,False,biological animal
cfos_occurrence,Ocurrencia espacial de núcleos c-FOS positivos / núcleos DAPI,843,WATER_NPY2;E7_FR7-5;E8_FR6-4,WATER_NPY1;WATER_NPY3;E8_FR6-1,E7_FR7-1;E9_FR8-1;E8_FR6-3,0.376577465003,0.164102948762,0.184767822781,0.137886924537,False,False,biological animal
cfos_occurrence,Ocurrencia espacial de núcleos c-FOS positivos / núcleos DAPI,844,WATER_NPY2;E7_FR7-5;E8_FR6-4,WATER_NPY1;WATER_NPY3;E8_FR6-3,E7_FR7-1;E9_FR8-1;E8_FR6-1,0.160726581712,0.164102948762,0.175754541786,0.142871381155,False,False,biological animal
cfos_occurrence,Ocurrencia espacial de núcleos c-FOS positivos / núcleos DAPI,845,WATER_NPY2;E7_FR7-5;E8_FR6-4,WATER_NPY1;E7_FR7-1;E9_FR8-1,WATER_NPY3;E8_FR6-1;E8_FR6-3,0.464075107232,0.164102948762,0.19965383875,0.148417989643,False,False,biological animal
cfos_occurrence,Ocurrencia espacial de núcleos c-FOS positivos / núcleos DAPI,846,WATER_NPY2;E7_FR7-5;E8_FR6-4,WATER_NPY1;E7_FR7-1;E8_FR6-1,WATER_NPY3;E9_FR8-1;E8_FR6-3,0.0865323695352,0.164102948762,0.170084800188,0.148034243925,False,False,biological animal
cfos_occurrence,Ocurrencia espacial de núcleos c-FOS positivos / núcleos DAPI,847,WATER_NPY2;E7_FR7-5;E8_FR6-4,WATER_NPY1;E7_FR7-1;E8_FR6-3,WATER_NPY3;E9_FR8-1;E8_FR6-1,0.0155655444344,0.164102948762,0.16597521685,0.156345004239,False,False,biological animal
cfos_occurrence,Ocurrencia espacial de núcleos c-FOS positivos / núcleos DAPI,848,WATER_NPY2;E7_FR7-5;E8_FR6-4,WATER_NPY1;E9_FR8-1;E8_FR6-1,WATER_NPY3;E7_FR7-1;E8_FR6-3,0.165668224495,0.164102948762,0.178220357587,0.148088957748,False,False,biological animal
cfos_occurrence,Ocurrencia espacial de núcleos c-FOS positivos / núcleos DAPI,849,WATER_NPY2;E7_FR7-5;E8_FR6-4,WATER_NPY1;E9_FR8-1;E8_FR6-3,WATER_NPY3;E7_FR7-1;E8_FR6-1,0.0466632552469,0.164102948762,0.171396376123,0.154141285542,False,False,biological animal
cfos_occurrence,Ocurrencia espacial de núcleos c-FOS positivos / núcleos DAPI,850,WATER_NPY2;E7_FR7-5;E8_FR6-4,WATER_NPY1;E8_FR6-1;E8_FR6-3,WATER_NPY3;E7_FR7-1;E9_FR8-1,7.64232939527,0.164102948762,0.0726304282101,0.0650726600127,False,True,biological animal
cfos_occurrence,Ocurrencia espacial de núcleos c-FOS positivos / núcleos DAPI,851,WATER_NPY2;E7_FR7-5;E8_FR6-4,WATER_NPY3;E7_FR7-1;E9_FR8-1,WATER_NPY1;E8_FR6-1;E8_FR6-3,7.64232939527,0.164102948762,0.0650726600127,0.0726304282101,False,True,biological animal
cfos_occurrence,Ocurrencia espacial de núcleos c-FOS positivos / núcleos DAPI,852,WATER_NPY2;E7_FR7-5;E8_FR6-4,WATER_NPY3;E7_FR7-1;E8_FR6-1,WATER_NPY1;E9_FR8-1;E8_FR6-3,0.0466632552469,0.164102948762,0.154141285542,0.171396376123,False,False,biological animal
cfos_occurrence,Ocurrencia espacial de núcleos c-FOS positivos / núcleos DAPI,853,WATER_NPY2;E7_FR7-5;E8_FR6-4,WATER_NPY3;E7_FR7-1;E8_FR6-3,WATER_NPY1;E9_FR8-1;E8_FR6-1,0.165668224495,0.164102948762,0.148088957748,0.178220357587,False,False,biological animal
cfos_occurrence,Ocurrencia espacial de núcleos c-FOS positivos / núcleos DAPI,854,WATER_NPY2;E7_FR7-5;E8_FR6-4,WATER_NPY3;E9_FR8-1;E8_FR6-1,WATER_NPY1;E7_FR7-1;E8_FR6-3,0.0155655444344,0.164102948762,0.156345004239,0.16597521685,False,False,biological animal
cfos_occurrence,Ocurrencia espacial de núcleos c-FOS positivos / núcleos DAPI,855,WATER_NPY2;E7_FR7-5;E8_FR6-4,WATER_NPY3;E9_FR8-1;E8_FR6-3,WATER_NPY1;E7_FR7-1;E8_FR6-1,0.0865323695352,0.164102948762,0.148034243925,0.170084800188,False,False,biological animal
cfos_occurrence,Ocurrencia espacial de núcleos c-FOS positivos / núcleos DAPI,856,WATER_NPY2;E7_FR7-5;E8_FR6-4,WATER_NPY3;E8_FR6-1;E8_FR6-3,WATER_NPY1;E7_FR7-1;E9_FR8-1,0.464075107232,0.164102948762,0.148417989643,0.19965383875,False,False,biological animal
cfos_occurrence,Ocurrencia espacial de núcleos c-FOS positivos / núcleos DAPI,857,WATER_NPY2;E7_FR7-5;E8_FR6-4,E7_FR7-1;E9_FR8-1;E8_FR6-1,WATER_NPY1;WATER_NPY3;E8_FR6-3,0.160726581712,0.164102948762,0.142871381155,0.175754541786,False,False,biological animal
cfos_occurrence,Ocurrencia espacial de núcleos c-FOS positivos / núcleos DAPI,858,WATER_NPY2;E7_FR7-5;E8_FR6-4,E7_FR7-1;E9_FR8-1;E8_FR6-3,WATER_NPY1;WATER_NPY3;E8_FR6-1,0.376577465003,0.164102948762,0.137886924537,0.184767822781,False,False,biological animal
cfos_occurrence,Ocurrencia espacial de núcleos c-FOS positivos / núcleos DAPI,859,WATER_NPY2;E7_FR7-5;E8_FR6-4,E7_FR7-1;E8_FR6-1;E8_FR6-3,WATER_NPY1;WATER_NPY3;E9_FR8-1,0.993465975094,0.164102948762,0.135112165602,0.207537317556,False,False,biological animal
cfos_occurrence,Ocurrencia espacial de núcleos c-FOS positivos / núcleos DAPI,860,WATER_NPY2;E7_FR7-5;E8_FR6-4,E9_FR8-1;E8_FR6-1;E8_FR6-3,WATER_NPY1;WATER_NPY3;E7_FR7-1,0.830154108532,0.164102948762,0.142625398728,0.207912209875,False,False,biological animal
cfos_occurrence,Ocurrencia espacial de núcleos c-FOS positivos / núcleos DAPI,861,WATER_NPY2;E9_FR8-1;E8_FR6-1,WATER_NPY1;WATER_NPY3;E7_FR7-1,E7_FR7-5;E8_FR6-3;E8_FR6-4,0.666990401852,0.16916185466,0.207912209875,0.14658594897,False,False,biological animal
cfos_occurrence,Ocurrencia espacial de núcleos c-FOS positivos / núcleos DAPI,862,WATER_NPY2;E9_FR8-1;E8_FR6-1,WATER_NPY1;WATER_NPY3;E7_FR7-5,E7_FR7-1;E8_FR6-3;E8_FR6-4,0.0208399110164,0.16916185466,0.182776750138,0.178587431646,False,False,biological animal
cfos_occurrence,Ocurrencia espacial de núcleos c-FOS positivos / núcleos DAPI,863,WATER_NPY2;E9_FR8-1;E8_FR6-1,WATER_NPY1;WATER_NPY3;E8_FR6-3,E7_FR7-1;E7_FR7-5;E8_FR6-4,0.0483234827534,0.16916185466,0.175754541786,0.18959245673,False,False,biological animal
cfos_occurrence,Ocurrencia espacial de núcleos c-FOS positivos / núcleos DAPI,864,WATER_NPY2;E9_FR8-1;E8_FR6-1,WATER_NPY1;WATER_NPY3;E8_FR6-4,E7_FR7-1;E7_FR7-5;E8_FR6-3,1.68449641866,0.16916185466,0.21161239551,0.12088188552,False,False,biological animal
cfos_occurrence,Ocurrencia espacial de núcleos c-FOS positivos / núcleos DAPI,865,WATER_NPY2;E9_FR8-1;E8_FR6-1,WATER_NPY1;E7_FR7-1;E7_FR7-5,WATER_NPY3;E8_FR6-3;E8_FR6-4,0.0382194633534,0.16916185466,0.179886201248,0.185366063715,False,False,biological animal
cfos_occurrence,Ocurrencia espacial de núcleos c-FOS positivos / núcleos DAPI,866,WATER_NPY2;E9_FR8-1;E8_FR6-1,WATER_NPY1;E7_FR7-1;E8_FR6-3,WATER_NPY3;E7_FR7-5;E8_FR6-4,0.0693272535712,0.16916185466,0.16597521685,0.188229081385,False,False,biological animal
cfos_occurrence,Ocurrencia espacial de núcleos c-FOS positivos / núcleos DAPI,867,WATER_NPY2;E9_FR8-1;E8_FR6-1,WATER_NPY1;E7_FR7-1;E8_FR6-4,WATER_NPY3;E7_FR7-5;E8_FR6-3,1.32885831065,0.16916185466,0.210301637132,0.123850801143,False,False,biological animal
cfos_occurrence,Ocurrencia espacial de núcleos c-FOS positivos / núcleos DAPI,868,WATER_NPY2;E9_FR8-1;E8_FR6-1,WATER_NPY1;E7_FR7-5;E8_FR6-3,WATER_NPY3;E7_FR7-1;E8_FR6-4,1.06105708288,0.16916185466,0.132238082191,0.214831538443,False,False,biological animal
cfos_occurrence,Ocurrencia espacial de núcleos c-FOS positivos / núcleos DAPI,869,WATER_NPY2;E9_FR8-1;E8_FR6-1,WATER_NPY1;E7_FR7-5;E8_FR6-4,WATER_NPY3;E7_FR7-1;E8_FR6-3,0.189668297967,0.16916185466,0.170261350708,0.148088957748,False,False,biological animal
cfos_occurrence,Ocurrencia espacial de núcleos c-FOS positivos / núcleos DAPI,870,WATER_NPY2;E9_FR8-1;E8_FR6-1,WATER_NPY1;E8_FR6-3;E8_FR6-4,WATER_NPY3;E7_FR7-1;E7_FR7-5,9.31747010695,0.16916185466,0.0945784918164,0.0744699724207,False,True,biological animal
cfos_occurrence,Ocurrencia espacial de núcleos c-FOS positivos / núcleos DAPI,871,WATER_NPY2;E9_FR8-1;E8_FR6-1,WATER_NPY3;E7_FR7-1;E7_FR7-5,WATER_NPY1;E8_FR6-3;E8_FR6-4,9.31747010695,0.16916185466,0.0744699724207,0.0945784918164,False,True,biological animal
cfos_occurrence,Ocurrencia espacial de núcleos c-FOS positivos / núcleos DAPI,872,WATER_NPY2;E9_FR8-1;E8_FR6-1,WATER_NPY3;E7_FR7-1;E8_FR6-3,WATER_NPY1;E7_FR7-5;E8_FR6-4,0.189668297967,0.16916185466,0.148088957748,0.170261350708,False,False,biological animal
cfos_occurrence,Ocurrencia espacial de núcleos c-FOS positivos / núcleos DAPI,873,WATER_NPY2;E9_FR8-1;E8_FR6-1,WATER_NPY3;E7_FR7-1;E8_FR6-4,WATER_NPY1;E7_FR7-5;E8_FR6-3,1.06105708288,0.16916185466,0.214831538443,0.132238082191,False,False,biological animal
cfos_occurrence,Ocurrencia espacial de núcleos c-FOS positivos / núcleos DAPI,874,WATER_NPY2;E9_FR8-1;E8_FR6-1,WATER_NPY3;E7_FR7-5;E8_FR6-3,WATER_NPY1;E7_FR7-1;E8_FR6-4,1.32885831065,0.16916185466,0.123850801143,0.210301637132,False,False,biological animal
cfos_occurrence,Ocurrencia espacial de núcleos c-FOS positivos / núcleos DAPI,875,WATER_NPY2;E9_FR8-1;E8_FR6-1,WATER_NPY3;E7_FR7-5;E8_FR6-4,WATER_NPY1;E7_FR7-1;E8_FR6-3,0.0693272535712,0.16916185466,0.188229081385,0.16597521685,False,False,biological animal
cfos_occurrence,Ocurrencia espacial de núcleos c-FOS positivos / núcleos DAPI,876,WATER_NPY2;E9_FR8-1;E8_FR6-1,WATER_NPY3;E8_FR6-3;E8_FR6-4,WATER_NPY1;E7_FR7-1;E7_FR7-5,0.0382194633534,0.16916185466,0.185366063715,0.179886201248,False,False,biological animal
cfos_occurrence,Ocurrencia espacial de núcleos c-FOS positivos / núcleos DAPI,877,WATER_NPY2;E9_FR8-1;E8_FR6-1,E7_FR7-1;E7_FR7-5;E8_FR6-3,WATER_NPY1;WATER_NPY3;E8_FR6-4,1.68449641866,0.16916185466,0.12088188552,0.21161239551,False,False,biological animal
cfos_occurrence,Ocurrencia espacial de núcleos c-FOS positivos / núcleos DAPI,878,WATER_NPY2;E9_FR8-1;E8_FR6-1,E7_FR7-1;E7_FR7-5;E8_FR6-4,WATER_NPY1;WATER_NPY3;E8_FR6-3,0.0483234827534,0.16916185466,0.18959245673,0.175754541786,False,False,biological animal
cfos_occurrence,Ocurrencia espacial de núcleos c-FOS positivos / núcleos DAPI,879,WATER_NPY2;E9_FR8-1;E8_FR6-1,E7_FR7-1;E8_FR6-3;E8_FR6-4,WATER_NPY1;WATER_NPY3;E7_FR7-5,0.0208399110164,0.16916185466,0.178587431646,0.182776750138,False,False,biological animal
cfos_occurrence,Ocurrencia espacial de núcleos c-FOS positivos / núcleos DAPI,880,WATER_NPY2;E9_FR8-1;E8_FR6-1,E7_FR7-5;E8_FR6-3;E8_FR6-4,WATER_NPY1;WATER_NPY3;E7_FR7-1,0.666990401852,0.16916185466,0.14658594897,0.207912209875,False,False,biological animal
cfos_occurrence,Ocurrencia espacial de núcleos c-FOS positivos / núcleos DAPI,881,WATER_NPY2;E9_FR8-1;E8_FR6-3,WATER_NPY1;WATER_NPY3;E7_FR7-1,E7_FR7-5;E8_FR6-1;E8_FR6-4,0.633351940214,0.158834848678,0.207912209875,0.154106710722,False,False,biological animal
cfos_occurrence,Ocurrencia espacial de núcleos c-FOS positivos / núcleos DAPI,882,WATER_NPY2;E9_FR8-1;E8_FR6-3,WATER_NPY1;WATER_NPY3;E7_FR7-5,E7_FR7-1;E8_FR6-1;E8_FR6-4,0.0891618078453,0.158834848678,0.182776750138,0.184102836073,False,False,biological animal
cfos_occurrence,Ocurrencia espacial de núcleos c-FOS positivos / núcleos DAPI,883,WATER_NPY2;E9_FR8-1;E8_FR6-3,WATER_NPY1;WATER_NPY3;E8_FR6-1,E7_FR7-1;E7_FR7-5;E8_FR6-4,0.128353549498,0.158834848678,0.184767822781,0.18959245673,False,False,biological animal
cfos_occurrence,Ocurrencia espacial de núcleos c-FOS positivos / núcleos DAPI,884,WATER_NPY2;E9_FR8-1;E8_FR6-3,WATER_NPY1;WATER_NPY3;E8_FR6-4,E7_FR7-1;E7_FR7-5;E8_FR6-1,1.39625968375,0.158834848678,0.21161239551,0.126925372434,False,False,biological animal
cfos_occurrence,Ocurrencia espacial de núcleos c-FOS positivos / núcleos DAPI,885,WATER_NPY2;E9_FR8-1;E8_FR6-3,WATER_NPY1;E7_FR7-1;E7_FR7-5,WATER_NPY3;E8_FR6-1;E8_FR6-4,0.18222035779,0.158834848678,0.179886201248,0.19390681198,False,False,biological animal
cfos_occurrence,Ocurrencia espacial de núcleos c-FOS positivos / núcleos DAPI,886,WATER_NPY2;E9_FR8-1;E8_FR6-3,WATER_NPY1;E7_FR7-1;E8_FR6-1,WATER_NPY3;E7_FR7-5;E8_FR6-4,0.105848705716,0.158834848678,0.170084800188,0.188229081385,False,False,biological animal
cfos_occurrence,Ocurrencia espacial de núcleos c-FOS positivos / núcleos DAPI,887,WATER_NPY2;E9_FR8-1;E8_FR6-3,WATER_NPY1;E7_FR7-1;E8_FR6-4,WATER_NPY3;E7_FR7-5;E8_FR6-1,0.987840156444,0.158834848678,0.210301637132,0.131679683057,False,False,biological animal
cfos_occurrence,Ocurrencia espacial de núcleos c-FOS positivos / núcleos DAPI,888,WATER_NPY2;E9_FR8-1;E8_FR6-3,WATER_NPY1;E7_FR7-5;E8_FR6-1,WATER_NPY3;E7_FR7-1;E8_FR6-4,0.979172637363,0.158834848678,0.140062915087,0.214831538443,False,False,biological animal
cfos_occurrence,Ocurrencia espacial de núcleos c-FOS positivos / núcleos DAPI,889,WATER_NPY2;E9_FR8-1;E8_FR6-3,WATER_NPY1;E7_FR7-5;E8_FR6-4,WATER_NPY3;E7_FR7-1;E8_FR6-1,0.0693557401434,0.158834848678,0.170261350708,0.154141285542,False,False,biological animal
cfos_occurrence,Ocurrencia espacial de núcleos c-FOS positivos / núcleos DAPI,890,WATER_NPY2;E9_FR8-1;E8_FR6-3,WATER_NPY1;E8_FR6-1;E8_FR6-4,WATER_NPY3;E7_FR7-1;E7_FR7-5,4.88447367179,0.158834848678,0.0976124324673,0.0744699724207,False,True,biological animal
cfos_occurrence,Ocurrencia espacial de núcleos c-FOS positivos / núcleos DAPI,891,WATER_NPY2;E9_FR8-1;E8_FR6-3,WATER_NPY3;E7_FR7-1;E7_FR7-5,WATER_NPY1;E8_FR6-1;E8_FR6-4,4.88447367179,0.158834848678,0.0744699724207,0.0976124324673,False,True,biological animal
cfos_occurrence,Ocurrencia espacial de núcleos c-FOS positivos / núcleos DAPI,892,WATER_NPY2;E9_FR8-1;E8_FR6-3,WATER_NPY3;E7_FR7-1;E8_FR6-1,WATER_NPY1;E7_FR7-5;E8_FR6-4,0.0693557401434,0.158834848678,0.154141285542,0.170261350708,False,False,biological animal
cfos_occurrence,Ocurrencia espacial de núcleos c-FOS positivos / núcleos DAPI,893,WATER_NPY2;E9_FR8-1;E8_FR6-3,WATER_NPY3;E7_FR7-1;E8_FR6-4,WATER_NPY1;E7_FR7-5;E8_FR6-1,0.979172637363,0.158834848678,0.214831538443,0.140062915087,False,False,biological animal
cfos_occurrence,Ocurrencia espacial de núcleos c-FOS positivos / núcleos DAPI,894,WATER_NPY2;E9_FR8-1;E8_FR6-3,WATER_NPY3;E7_FR7-5;E8_FR6-1,WATER_NPY1;E7_FR7-1;E8_FR6-4,0.987840156444,0.158834848678,0.131679683057,0.210301637132,False,False,biological animal
cfos_occurrence,Ocurrencia espacial de núcleos c-FOS positivos / núcleos DAPI,895,WATER_NPY2;E9_FR8-1;E8_FR6-3,WATER_NPY3;E7_FR7-5;E8_FR6-4,WATER_NPY1;E7_FR7-1;E8_FR6-1,0.105848705716,0.158834848678,0.188229081385,0.170084800188,False,False,biological animal
cfos_occurrence,Ocurrencia espacial de núcleos c-FOS positivos / núcleos DAPI,896,WATER_NPY2;E9_FR8-1;E8_FR6-3,WATER_NPY3;E8_FR6-1;E8_FR6-4,WATER_NPY1;E7_FR7-1;E7_FR7-5,0.18222035779,0.158834848678,0.19390681198,0.179886201248,False,False,biological animal
cfos_occurrence,Ocurrencia espacial de núcleos c-FOS positivos / núcleos DAPI,897,WATER_NPY2;E9_FR8-1;E8_FR6-3,E7_FR7-1;E7_FR7-5;E8_FR6-1,WATER_NPY1;WATER_NPY3;E8_FR6-4,1.39625968375,0.158834848678,0.126925372434,0.21161239551,False,False,biological animal
cfos_occurrence,Ocurrencia espacial de núcleos c-FOS positivos / núcleos DAPI,898,WATER_NPY2;E9_FR8-1;E8_FR6-3,E7_FR7-1;E7_FR7-5;E8_FR6-4,WATER_NPY1;WATER_NPY3;E8_FR6-1,0.128353549498,0.158834848678,0.18959245673,0.184767822781,False,False,biological animal
cfos_occurrence,Ocurrencia espacial de núcleos c-FOS positivos / núcleos DAPI,899,WATER_NPY2;E9_FR8-1;E8_FR6-3,E7_FR7-1;E8_FR6-1;E8_FR6-4,WATER_NPY1;WATER_NPY3;E7_FR7-5,0.0891618078453,0.158834848678,0.184102836073,0.182776750138,False,False,biological animal
cfos_occurrence,Ocurrencia espacial de núcleos c-FOS positivos / núcleos DAPI,900,WATER_NPY2;E9_FR8-1;E8_FR6-3,E7_FR7-5;E8_FR6-1;E8_FR6-4,WATER_NPY1;WATER_NPY3;E7_FR7-1,0.633351940214,0.158834848678,0.154106710722,0.207912209875,False,False,biological animal
cfos_occurrence,Ocurrencia espacial de núcleos c-FOS positivos / núcleos DAPI,901,WATER_NPY2;E9_FR8-1;E8_FR6-4,WATER_NPY1;WATER_NPY3;E7_FR7-1,E7_FR7-5;E8_FR6-1;E8_FR6-3,2.31432627577,0.201437327672,0.207912209875,0.102106846054,False,False,biological animal
cfos_occurrence,Ocurrencia espacial de núcleos c-FOS positivos / núcleos DAPI,902,WATER_NPY2;E9_FR8-1;E8_FR6-4,WATER_NPY1;WATER_NPY3;E7_FR7-5,E7_FR7-1;E8_FR6-1;E8_FR6-3,0.602203775729,0.201437327672,0.182776750138,0.135112165602,False,False,biological animal
cfos_occurrence,Ocurrencia espacial de núcleos c-FOS positivos / núcleos DAPI,903,WATER_NPY2;E9_FR8-1;E8_FR6-4,WATER_NPY1;WATER_NPY3;E8_FR6-1,E7_FR7-1;E7_FR7-5;E8_FR6-3,0.97693196872,0.201437327672,0.184767822781,0.12088188552,False,False,biological animal
cfos_occurrence,Ocurrencia espacial de núcleos c-FOS positivos / núcleos DAPI,904,WATER_NPY2;E9_FR8-1;E8_FR6-4,WATER_NPY1;WATER_NPY3;E8_FR6-3,E7_FR7-1;E7_FR7-5;E8_FR6-1,0.696970528768,0.201437327672,0.175754541786,0.126925372434,False,False,biological animal
cfos_occurrence,Ocurrencia espacial de núcleos c-FOS positivos / núcleos DAPI,905,WATER_NPY2;E9_FR8-1;E8_FR6-4,WATER_NPY1;E7_FR7-1;E7_FR7-5,WATER_NPY3;E8_FR6-1;E8_FR6-3,0.377828011541,0.201437327672,0.179886201248,0.148417989643,False,False,biological animal
cfos_occurrence,Ocurrencia espacial de núcleos c-FOS positivos / núcleos DAPI,906,WATER_NPY2;E9_FR8-1;E8_FR6-4,WATER_NPY1;E7_FR7-1;E8_FR6-1,WATER_NPY3;E7_FR7-5;E8_FR6-3,0.72601567136,0.201437327672,0.170084800188,0.123850801143,False,False,biological animal
cfos_occurrence,Ocurrencia espacial de núcleos c-FOS positivos / núcleos DAPI,907,WATER_NPY2;E9_FR8-1;E8_FR6-4,WATER_NPY1;E7_FR7-1;E8_FR6-3,WATER_NPY3;E7_FR7-5;E8_FR6-1,0.525266587886,0.201437327672,0.16597521685,0.131679683057,False,False,biological animal
cfos_occurrence,Ocurrencia espacial de núcleos c-FOS positivos / núcleos DAPI,908,WATER_NPY2;E9_FR8-1;E8_FR6-4,WATER_NPY1;E7_FR7-5;E8_FR6-1,WATER_NPY3;E7_FR7-1;E8_FR6-3,0.781434438445,0.201437327672,0.140062915087,0.148088957748,False,False,biological animal
cfos_occurrence,Ocurrencia espacial de núcleos c-FOS positivos / núcleos DAPI,909,WATER_NPY2;E9_FR8-1;E8_FR6-4,WATER_NPY1;E7_FR7-5;E8_FR6-3,WATER_NPY3;E7_FR7-1;E8_FR6-1,0.753499944806,0.201437327672,0.132238082191,0.154141285542,False,False,biological animal
cfos_occurrence,Ocurrencia espacial de núcleos c-FOS positivos / núcleos DAPI,910,WATER_NPY2;E9_FR8-1;E8_FR6-4,WATER_NPY1;E8_FR6-1;E8_FR6-3,WATER_NPY3;E7_FR7-1;E7_FR7-5,7.22803395685,0.201437327672,0.0726304282101,0.0744699724207,False,True,biological animal
cfos_occurrence,Ocurrencia espacial de núcleos c-FOS positivos / núcleos DAPI,911,WATER_NPY2;E9_FR8-1;E8_FR6-4,WATER_NPY3;E7_FR7-1;E7_FR7-5,WATER_NPY1;E8_FR6-1;E8_FR6-3,7.22803395685,0.201437327672,0.0744699724207,0.0726304282101,False,True,biological animal
cfos_occurrence,Ocurrencia espacial de núcleos c-FOS positivos / núcleos DAPI,912,WATER_NPY2;E9_FR8-1;E8_FR6-4,WATER_NPY3;E7_FR7-1;E8_FR6-1,WATER_NPY1;E7_FR7-5;E8_FR6-3,0.753499944806,0.201437327672,0.154141285542,0.132238082191,False,False,biological animal
cfos_occurrence,Ocurrencia espacial de núcleos c-FOS positivos / núcleos DAPI,913,WATER_NPY2;E9_FR8-1;E8_FR6-4,WATER_NPY3;E7_FR7-1;E8_FR6-3,WATER_NPY1;E7_FR7-5;E8_FR6-1,0.781434438445,0.201437327672,0.148088957748,0.140062915087,False,False,biological animal
cfos_occurrence,Ocurrencia espacial de núcleos c-FOS positivos / núcleos DAPI,914,WATER_NPY2;E9_FR8-1;E8_FR6-4,WATER_NPY3;E7_FR7-5;E8_FR6-1,WATER_NPY1;E7_FR7-1;E8_FR6-3,0.525266587886,0.201437327672,0.131679683057,0.16597521685,False,False,biological animal
cfos_occurrence,Ocurrencia espacial de núcleos c-FOS positivos / núcleos DAPI,915,WATER_NPY2;E9_FR8-1;E8_FR6-4,WATER_NPY3;E7_FR7-5;E8_FR6-3,WATER_NPY1;E7_FR7-1;E8_FR6-1,0.72601567136,0.201437327672,0.123850801143,0.170084800188,False,False,biological animal
cfos_occurrence,Ocurrencia espacial de núcleos c-FOS positivos / núcleos DAPI,916,WATER_NPY2;E9_FR8-1;E8_FR6-4,WATER_NPY3;E8_FR6-1;E8_FR6-3,WATER_NPY1;E7_FR7-1;E7_FR7-5,0.377828011541,0.201437327672,0.148417989643,0.179886201248,False,False,biological animal
cfos_occurrence,Ocurrencia espacial de núcleos c-FOS positivos / núcleos DAPI,917,WATER_NPY2;E9_FR8-1;E8_FR6-4,E7_FR7-1;E7_FR7-5;E8_FR6-1,WATER_NPY1;WATER_NPY3;E8_FR6-3,0.696970528768,0.201437327672,0.126925372434,0.175754541786,False,False,biological animal
cfos_occurrence,Ocurrencia espacial de núcleos c-FOS positivos / núcleos DAPI,918,WATER_NPY2;E9_FR8-1;E8_FR6-4,E7_FR7-1;E7_FR7-5;E8_FR6-3,WATER_NPY1;WATER_NPY3;E8_FR6-1,0.97693196872,0.201437327672,0.12088188552,0.184767822781,False,False,biological animal
cfos_occurrence,Ocurrencia espacial de núcleos c-FOS positivos / núcleos DAPI,919,WATER_NPY2;E9_FR8-1;E8_FR6-4,E7_FR7-1;E8_FR6-1;E8_FR6-3,WATER_NPY1;WATER_NPY3;E7_FR7-5,0.602203775729,0.201437327672,0.135112165602,0.182776750138,False,False,biological animal
cfos_occurrence,Ocurrencia espacial de núcleos c-FOS positivos / núcleos DAPI,920,WATER_NPY2;E9_FR8-1;E8_FR6-4,E7_FR7-5;E8_FR6-1;E8_FR6-3,WATER_NPY1;WATER_NPY3;E7_FR7-1,2.31432627577,0.201437327672,0.102106846054,0.207912209875,False,False,biological animal
cfos_occurrence,Ocurrencia espacial de núcleos c-FOS positivos / núcleos DAPI,921,WATER_NPY2;E8_FR6-1;E8_FR6-3,WATER_NPY1;WATER_NPY3;E7_FR7-1,E7_FR7-5;E9_FR8-1;E8_FR6-4,2.79812909806,0.0771025607609,0.207912209875,0.190166664278,False,False,biological animal
cfos_occurrence,Ocurrencia espacial de núcleos c-FOS positivos / núcleos DAPI,922,WATER_NPY2;E8_FR6-1;E8_FR6-3,WATER_NPY1;WATER_NPY3;E7_FR7-5,E7_FR7-1;E9_FR8-1;E8_FR6-4,2.60937630168,0.0771025607609,0.182776750138,0.213023460701,False,False,biological animal
cfos_occurrence,Ocurrencia espacial de núcleos c-FOS positivos / núcleos DAPI,923,WATER_NPY2;E8_FR6-1;E8_FR6-3,WATER_NPY1;WATER_NPY3;E9_FR8-1,E7_FR7-1;E7_FR7-5;E8_FR6-4,2.73882204519,0.0771025607609,0.207537317556,0.18959245673,False,False,biological animal
cfos_occurrence,Ocurrencia espacial de núcleos c-FOS positivos / núcleos DAPI,924,WATER_NPY2;E8_FR6-1;E8_FR6-3,WATER_NPY1;WATER_NPY3;E8_FR6-4,E7_FR7-1;E7_FR7-5;E9_FR8-1,7.9419986259,0.0771025607609,0.21161239551,0.06113494281,False,True,biological animal
cfos_occurrence,Ocurrencia espacial de núcleos c-FOS positivos / núcleos DAPI,925,WATER_NPY2;E8_FR6-1;E8_FR6-3,WATER_NPY1;E7_FR7-1;E7_FR7-5,WATER_NPY3;E9_FR8-1;E8_FR6-4,2.98796373276,0.0771025607609,0.179886201248,0.213419517422,False,False,biological animal
cfos_occurrence,Ocurrencia espacial de núcleos c-FOS positivos / núcleos DAPI,926,WATER_NPY2;E8_FR6-1;E8_FR6-3,WATER_NPY1;E7_FR7-1;E9_FR8-1,WATER_NPY3;E7_FR7-5;E8_FR6-4,2.64545176278,0.0771025607609,0.19965383875,0.188229081385,False,False,biological animal
cfos_occurrence,Ocurrencia espacial de núcleos c-FOS positivos / núcleos DAPI,927,WATER_NPY2;E8_FR6-1;E8_FR6-3,WATER_NPY1;E7_FR7-1;E8_FR6-4,WATER_NPY3;E7_FR7-5;E9_FR8-1,7.18752613544,0.0771025607609,0.210301637132,0.0707104698796,False,True,biological animal
cfos_occurrence,Ocurrencia espacial de núcleos c-FOS positivos / núcleos DAPI,928,WATER_NPY2;E8_FR6-1;E8_FR6-3,WATER_NPY1;E7_FR7-5;E9_FR8-1,WATER_NPY3;E7_FR7-1;E8_FR6-4,3.04299299927,0.0771025607609,0.181110850059,0.214831538443,False,False,biological animal
cfos_occurrence,Ocurrencia espacial de núcleos c-FOS positivos / núcleos DAPI,929,WATER_NPY2;E8_FR6-1;E8_FR6-3,WATER_NPY1;E7_FR7-5;E8_FR6-4,WATER_NPY3;E7_FR7-1;E9_FR8-1,5.82127179015,0.0771025607609,0.170261350708,0.0650726600127,False,True,biological animal
cfos_occurrence,Ocurrencia espacial de núcleos c-FOS positivos / núcleos DAPI,930,WATER_NPY2;E8_FR6-1;E8_FR6-3,WATER_NPY1;E9_FR8-1;E8_FR6-4,WATER_NPY3;E7_FR7-1;E7_FR7-5,7.1014480696,0.0771025607609,0.212844372096,0.0744699724207,False,True,biological animal
cfos_occurrence,Ocurrencia espacial de núcleos c-FOS positivos / núcleos DAPI,931,WATER_NPY2;E8_FR6-1;E8_FR6-3,WATER_NPY3;E7_FR7-1;E7_FR7-5,WATER_NPY1;E9_FR8-1;E8_FR6-4,7.1014480696,0.0771025607609,0.0744699724207,0.212844372096,False,True,biological animal
cfos_occurrence,Ocurrencia espacial de núcleos c-FOS positivos / núcleos DAPI,932,WATER_NPY2;E8_FR6-1;E8_FR6-3,WATER_NPY3;E7_FR7-1;E9_FR8-1,WATER_NPY1;E7_FR7-5;E8_FR6-4,5.82127179015,0.0771025607609,0.0650726600127,0.170261350708,False,True,biological animal
cfos_occurrence,Ocurrencia espacial de núcleos c-FOS positivos / núcleos DAPI,933,WATER_NPY2;E8_FR6-1;E8_FR6-3,WATER_NPY3;E7_FR7-1;E8_FR6-4,WATER_NPY1;E7_FR7-5;E9_FR8-1,3.04299299927,0.0771025607609,0.214831538443,0.181110850059,False,False,biological animal
cfos_occurrence,Ocurrencia espacial de núcleos c-FOS positivos / núcleos DAPI,934,WATER_NPY2;E8_FR6-1;E8_FR6-3,WATER_NPY3;E7_FR7-5;E9_FR8-1,WATER_NPY1;E7_FR7-1;E8_FR6-4,7.18752613544,0.0771025607609,0.0707104698796,0.210301637132,False,True,biological animal
cfos_occurrence,Ocurrencia espacial de núcleos c-FOS positivos / núcleos DAPI,935,WATER_NPY2;E8_FR6-1;E8_FR6-3,WATER_NPY3;E7_FR7-5;E8_FR6-4,WATER_NPY1;E7_FR7-1;E9_FR8-1,2.64545176278,0.0771025607609,0.188229081385,0.19965383875,False,False,biological animal
cfos_occurrence,Ocurrencia espacial de núcleos c-FOS positivos / núcleos DAPI,936,WATER_NPY2;E8_FR6-1;E8_FR6-3,WATER_NPY3;E9_FR8-1;E8_FR6-4,WATER_NPY1;E7_FR7-1;E7_FR7-5,2.98796373276,0.0771025607609,0.213419517422,0.179886201248,False,False,biological animal
cfos_occurrence,Ocurrencia espacial de núcleos c-FOS positivos / núcleos DAPI,937,WATER_NPY2;E8_FR6-1;E8_FR6-3,E7_FR7-1;E7_FR7-5;E9_FR8-1,WATER_NPY1;WATER_NPY3;E8_FR6-4,7.9419986259,0.0771025607609,0.06113494281,0.21161239551,False,True,biological animal
cfos_occurrence,Ocurrencia espacial de núcleos c-FOS positivos / núcleos DAPI,938,WATER_NPY2;E8_FR6-1;E8_FR6-3,E7_FR7-1;E7_FR7-5;E8_FR6-4,WATER_NPY1;WATER_NPY3;E9_FR8-1,2.73882204519,0.0771025607609,0.18959245673,0.207537317556,False,False,biological animal
cfos_occurrence,Ocurrencia espacial de núcleos c-FOS positivos / núcleos DAPI,939,WATER_NPY2;E8_FR6-1;E8_FR6-3,E7_FR7-1;E9_FR8-1;E8_FR6-4,WATER_NPY1;WATER_NPY3;E7_FR7-5,2.60937630168,0.0771025607609,0.213023460701,0.182776750138,False,False,biological animal
cfos_occurrence,Ocurrencia espacial de núcleos c-FOS positivos / núcleos DAPI,940,WATER_NPY2;E8_FR6-1;E8_FR6-3,E7_FR7-5;E9_FR8-1;E8_FR6-4,WATER_NPY1;WATER_NPY3;E7_FR7-1,2.79812909806,0.0771025607609,0.190166664278,0.207912209875,False,False,biological animal
cfos_occurrence,Ocurrencia espacial de núcleos c-FOS positivos / núcleos DAPI,941,WATER_NPY2;E8_FR6-1;E8_FR6-4,WATER_NPY1;WATER_NPY3;E7_FR7-1,E7_FR7-5;E9_FR8-1;E8_FR6-3,2.33661037557,0.120012976209,0.207912209875,0.122495409459,False,False,biological animal
cfos_occurrence,Ocurrencia espacial de núcleos c-FOS positivos / núcleos DAPI,942,WATER_NPY2;E8_FR6-1;E8_FR6-4,WATER_NPY1;WATER_NPY3;E7_FR7-5,E7_FR7-1;E9_FR8-1;E8_FR6-3,0.82822506851,0.120012976209,0.182776750138,0.137886924537,False,False,biological animal
cfos_occurrence,Ocurrencia espacial de núcleos c-FOS positivos / núcleos DAPI,943,WATER_NPY2;E8_FR6-1;E8_FR6-4,WATER_NPY1;WATER_NPY3;E9_FR8-1,E7_FR7-1;E7_FR7-5;E8_FR6-3,2.4259488269,0.120012976209,0.207537317556,0.12088188552,False,False,biological animal
cfos_occurrence,Ocurrencia espacial de núcleos c-FOS positivos / núcleos DAPI,944,WATER_NPY2;E8_FR6-1;E8_FR6-4,WATER_NPY1;WATER_NPY3;E8_FR6-3,E7_FR7-1;E7_FR7-5;E9_FR8-1,2.97555602893,0.120012976209,0.175754541786,0.06113494281,False,False,biological animal
cfos_occurrence,Ocurrencia espacial de núcleos c-FOS positivos / núcleos DAPI,945,WATER_NPY2;E8_FR6-1;E8_FR6-4,WATER_NPY1;E7_FR7-1;E7_FR7-5,WATER_NPY3;E9_FR8-1;E8_FR6-3,0.852947731519,0.120012976209,0.179886201248,0.148034243925,False,False,biological animal
cfos_occurrence,Ocurrencia espacial de núcleos c-FOS positivos / núcleos DAPI,946,WATER_NPY2;E8_FR6-1;E8_FR6-4,WATER_NPY1;E7_FR7-1;E9_FR8-1,WATER_NPY3;E7_FR7-5;E8_FR6-3,1.61250664117,0.120012976209,0.19965383875,0.123850801143,False,False,biological animal
cfos_occurrence,Ocurrencia espacial de núcleos c-FOS positivos / núcleos DAPI,947,WATER_NPY2;E8_FR6-1;E8_FR6-4,WATER_NPY1;E7_FR7-1;E8_FR6-3,WATER_NPY3;E7_FR7-5;E9_FR8-1,2.13199205149,0.120012976209,0.16597521685,0.0707104698796,False,False,biological animal
cfos_occurrence,Ocurrencia espacial de núcleos c-FOS positivos / núcleos DAPI,948,WATER_NPY2;E8_FR6-1;E8_FR6-4,WATER_NPY1;E7_FR7-5;E9_FR8-1,WATER_NPY3;E7_FR7-1;E8_FR6-3,0.87322338516,0.120012976209,0.181110850059,0.148088957748,False,False,biological animal
cfos_occurrence,Ocurrencia espacial de núcleos c-FOS positivos / núcleos DAPI,949,WATER_NPY2;E8_FR6-1;E8_FR6-4,WATER_NPY1;E7_FR7-5;E8_FR6-3,WATER_NPY3;E7_FR7-1;E9_FR8-1,1.73714376212,0.120012976209,0.132238082191,0.0650726600127,False,False,biological animal
cfos_occurrence,Ocurrencia espacial de núcleos c-FOS positivos / núcleos DAPI,950,WATER_NPY2;E8_FR6-1;E8_FR6-4,WATER_NPY1;E9_FR8-1;E8_FR6-3,WATER_NPY3;E7_FR7-1;E7_FR7-5,2.25825602595,0.120012976209,0.171396376123,0.0744699724207,False,False,biological animal
cfos_occurrence,Ocurrencia espacial de núcleos c-FOS positivos / núcleos DAPI,951,WATER_NPY2;E8_FR6-1;E8_FR6-4,WATER_NPY3;E7_FR7-1;E7_FR7-5,WATER_NPY1;E9_FR8-1;E8_FR6-3,2.25825602595,0.120012976209,0.0744699724207,0.171396376123,False,False,biological animal
cfos_occurrence,Ocurrencia espacial de núcleos c-FOS positivos / núcleos DAPI,952,WATER_NPY2;E8_FR6-1;E8_FR6-4,WATER_NPY3;E7_FR7-1;E9_FR8-1,WATER_NPY1;E7_FR7-5;E8_FR6-3,1.73714376212,0.120012976209,0.0650726600127,0.132238082191,False,False,biological animal
cfos_occurrence,Ocurrencia espacial de núcleos c-FOS positivos / núcleos DAPI,953,WATER_NPY2;E8_FR6-1;E8_FR6-4,WATER_NPY3;E7_FR7-1;E8_FR6-3,WATER_NPY1;E7_FR7-5;E9_FR8-1,0.87322338516,0.120012976209,0.148088957748,0.181110850059,False,False,biological animal
cfos_occurrence,Ocurrencia espacial de núcleos c-FOS positivos / núcleos DAPI,954,WATER_NPY2;E8_FR6-1;E8_FR6-4,WATER_NPY3;E7_FR7-5;E9_FR8-1,WATER_NPY1;E7_FR7-1;E8_FR6-3,2.13199205149,0.120012976209,0.0707104698796,0.16597521685,False,False,biological animal
cfos_occurrence,Ocurrencia espacial de núcleos c-FOS positivos / núcleos DAPI,955,WATER_NPY2;E8_FR6-1;E8_FR6-4,WATER_NPY3;E7_FR7-5;E8_FR6-3,WATER_NPY1;E7_FR7-1;E9_FR8-1,1.61250664117,0.120012976209,0.123850801143,0.19965383875,False,False,biological animal
cfos_occurrence,Ocurrencia espacial de núcleos c-FOS positivos / núcleos DAPI,956,WATER_NPY2;E8_FR6-1;E8_FR6-4,WATER_NPY3;E9_FR8-1;E8_FR6-3,WATER_NPY1;E7_FR7-1;E7_FR7-5,0.852947731519,0.120012976209,0.148034243925,0.179886201248,False,False,biological animal
cfos_occurrence,Ocurrencia espacial de núcleos c-FOS positivos / núcleos DAPI,957,WATER_NPY2;E8_FR6-1;E8_FR6-4,E7_FR7-1;E7_FR7-5;E9_FR8-1,WATER_NPY1;WATER_NPY3;E8_FR6-3,2.97555602893,0.120012976209,0.06113494281,0.175754541786,False,False,biological animal
cfos_occurrence,Ocurrencia espacial de núcleos c-FOS positivos / núcleos DAPI,958,WATER_NPY2;E8_FR6-1;E8_FR6-4,E7_FR7-1;E7_FR7-5;E8_FR6-3,WATER_NPY1;WATER_NPY3;E9_FR8-1,2.4259488269,0.120012976209,0.12088188552,0.207537317556,False,False,biological animal
cfos_occurrence,Ocurrencia espacial de núcleos c-FOS positivos / núcleos DAPI,959,WATER_NPY2;E8_FR6-1;E8_FR6-4,E7_FR7-1;E9_FR8-1;E8_FR6-3,WATER_NPY1;WATER_NPY3;E7_FR7-5,0.82822506851,0.120012976209,0.137886924537,0.182776750138,False,False,biological animal
cfos_occurrence,Ocurrencia espacial de núcleos c-FOS positivos / núcleos DAPI,960,WATER_NPY2;E8_FR6-1;E8_FR6-4,E7_FR7-5;E9_FR8-1;E8_FR6-3,WATER_NPY1;WATER_NPY3;E7_FR7-1,2.33661037557,0.120012976209,0.122495409459,0.207912209875,False,False,biological animal
cfos_occurrence,Ocurrencia espacial de núcleos c-FOS positivos / núcleos DAPI,961,WATER_NPY2;E8_FR6-3;E8_FR6-4,WATER_NPY1;WATER_NPY3;E7_FR7-1,E7_FR7-5;E9_FR8-1;E8_FR6-1,2.34844234777,0.109964085689,0.207912209875,0.129816827847,False,False,biological animal
cfos_occurrence,Ocurrencia espacial de núcleos c-FOS positivos / núcleos DAPI,962,WATER_NPY2;E8_FR6-3;E8_FR6-4,WATER_NPY1;WATER_NPY3;E7_FR7-5,E7_FR7-1;E9_FR8-1;E8_FR6-1,0.992838717758,0.109964085689,0.182776750138,0.142871381155,False,False,biological animal
cfos_occurrence,Ocurrencia espacial de núcleos c-FOS positivos / núcleos DAPI,963,WATER_NPY2;E8_FR6-3;E8_FR6-4,WATER_NPY1;WATER_NPY3;E9_FR8-1,E7_FR7-1;E7_FR7-5;E8_FR6-1,2.5639173533,0.109964085689,0.207537317556,0.126925372434,False,False,biological animal
cfos_occurrence,Ocurrencia espacial de núcleos c-FOS positivos / núcleos DAPI,964,WATER_NPY2;E8_FR6-3;E8_FR6-4,WATER_NPY1;WATER_NPY3;E8_FR6-1,E7_FR7-1;E7_FR7-5;E9_FR8-1,4.22815306465,0.109964085689,0.184767822781,0.06113494281,False,False,biological animal
cfos_occurrence,Ocurrencia espacial de núcleos c-FOS positivos / núcleos DAPI,965,WATER_NPY2;E8_FR6-3;E8_FR6-4,WATER_NPY1;E7_FR7-1;E7_FR7-5,WATER_NPY3;E9_FR8-1;E8_FR6-1,1.10587001175,0.109964085689,0.179886201248,0.156345004239,False,False,biological animal
cfos_occurrence,Ocurrencia espacial de núcleos c-FOS positivos / núcleos DAPI,966,WATER_NPY2;E8_FR6-3;E8_FR6-4,WATER_NPY1;E7_FR7-1;E9_FR8-1,WATER_NPY3;E7_FR7-5;E8_FR6-1,1.57604261921,0.109964085689,0.19965383875,0.131679683057,False,False,biological animal
cfos_occurrence,Ocurrencia espacial de núcleos c-FOS positivos / núcleos DAPI,967,WATER_NPY2;E8_FR6-3;E8_FR6-4,WATER_NPY1;E7_FR7-1;E8_FR6-1,WATER_NPY3;E7_FR7-5;E9_FR8-1,2.54374535209,0.109964085689,0.170084800188,0.0707104698796,False,False,biological animal
cfos_occurrence,Ocurrencia espacial de núcleos c-FOS positivos / núcleos DAPI,968,WATER_NPY2;E8_FR6-3;E8_FR6-4,WATER_NPY1;E7_FR7-5;E9_FR8-1,WATER_NPY3;E7_FR7-1;E8_FR6-1,1.10268120981,0.109964085689,0.181110850059,0.154141285542,False,False,biological animal
cfos_occurrence,Ocurrencia espacial de núcleos c-FOS positivos / núcleos DAPI,969,WATER_NPY2;E8_FR6-3;E8_FR6-4,WATER_NPY1;E7_FR7-5;E8_FR6-1,WATER_NPY3;E7_FR7-1;E9_FR8-1,2.37443811921,0.109964085689,0.140062915087,0.0650726600127,False,False,biological animal
cfos_occurrence,Ocurrencia espacial de núcleos c-FOS positivos / núcleos DAPI,970,WATER_NPY2;E8_FR6-3;E8_FR6-4,WATER_NPY1;E9_FR8-1;E8_FR6-1,WATER_NPY3;E7_FR7-1;E7_FR7-5,3.07488750487,0.109964085689,0.178220357587,0.0744699724207,False,False,biological animal
cfos_occurrence,Ocurrencia espacial de núcleos c-FOS positivos / núcleos DAPI,971,WATER_NPY2;E8_FR6-3;E8_FR6-4,WATER_NPY3;E7_FR7-1;E7_FR7-5,WATER_NPY1;E9_FR8-1;E8_FR6-1,3.07488750487,0.109964085689,0.0744699724207,0.178220357587,False,False,biological animal
cfos_occurrence,Ocurrencia espacial de núcleos c-FOS positivos / núcleos DAPI,972,WATER_NPY2;E8_FR6-3;E8_FR6-4,WATER_NPY3;E7_FR7-1;E9_FR8-1,WATER_NPY1;E7_FR7-5;E8_FR6-1,2.37443811921,0.109964085689,0.0650726600127,0.140062915087,False,False,biological animal
cfos_occurrence,Ocurrencia espacial de núcleos c-FOS positivos / núcleos DAPI,973,WATER_NPY2;E8_FR6-3;E8_FR6-4,WATER_NPY3;E7_FR7-1;E8_FR6-1,WATER_NPY1;E7_FR7-5;E9_FR8-1,1.10268120981,0.109964085689,0.154141285542,0.181110850059,False,False,biological animal
cfos_occurrence,Ocurrencia espacial de núcleos c-FOS positivos / núcleos DAPI,974,WATER_NPY2;E8_FR6-3;E8_FR6-4,WATER_NPY3;E7_FR7-5;E9_FR8-1,WATER_NPY1;E7_FR7-1;E8_FR6-1,2.54374535209,0.109964085689,0.0707104698796,0.170084800188,False,False,biological animal
cfos_occurrence,Ocurrencia espacial de núcleos c-FOS positivos / núcleos DAPI,975,WATER_NPY2;E8_FR6-3;E8_FR6-4,WATER_NPY3;E7_FR7-5;E8_FR6-1,WATER_NPY1;E7_FR7-1;E9_FR8-1,1.57604261921,0.109964085689,0.131679683057,0.19965383875,False,False,biological animal
cfos_occurrence,Ocurrencia espacial de núcleos c-FOS positivos / núcleos DAPI,976,WATER_NPY2;E8_FR6-3;E8_FR6-4,WATER_NPY3;E9_FR8-1;E8_FR6-1,WATER_NPY1;E7_FR7-1;E7_FR7-5,1.10587001175,0.109964085689,0.156345004239,0.179886201248,False,False,biological animal
cfos_occurrence,Ocurrencia espacial de núcleos c-FOS positivos / núcleos DAPI,977,WATER_NPY2;E8_FR6-3;E8_FR6-4,E7_FR7-1;E7_FR7-5;E9_FR8-1,WATER_NPY1;WATER_NPY3;E8_FR6-1,4.22815306465,0.109964085689,0.06113494281,0.184767822781,False,False,biological animal
cfos_occurrence,Ocurrencia espacial de núcleos c-FOS positivos / núcleos DAPI,978,WATER_NPY2;E8_FR6-3;E8_FR6-4,E7_FR7-1;E7_FR7-5;E8_FR6-1,WATER_NPY1;WATER_NPY3;E9_FR8-1,2.5639173533,0.109964085689,0.126925372434,0.207537317556,False,False,biological animal
cfos_occurrence,Ocurrencia espacial de núcleos c-FOS positivos / núcleos DAPI,979,WATER_NPY2;E8_FR6-3;E8_FR6-4,E7_FR7-1;E9_FR8-1;E8_FR6-1,WATER_NPY1;WATER_NPY3;E7_FR7-5,0.992838717758,0.109964085689,0.142871381155,0.182776750138,False,False,biological animal
cfos_occurrence,Ocurrencia espacial de núcleos c-FOS positivos / núcleos DAPI,980,WATER_NPY2;E8_FR6-3;E8_FR6-4,E7_FR7-5;E9_FR8-1;E8_FR6-1,WATER_NPY1;WATER_NPY3;E7_FR7-1,2.34844234777,0.109964085689,0.129816827847,0.207912209875,False,False,biological animal
cfos_occurrence,Ocurrencia espacial de núcleos c-FOS positivos / núcleos DAPI,981,WATER_NPY3;E7_FR7-1;E7_FR7-5,WATER_NPY1;WATER_NPY2;E9_FR8-1,E8_FR6-1;E8_FR6-3;E8_FR6-4,4.28186851249,0.0744699724207,0.187139448845,0.0940001390035,False,False,biological animal
cfos_occurrence,Ocurrencia espacial de núcleos c-FOS positivos / núcleos DAPI,982,WATER_NPY3;E7_FR7-1;E7_FR7-5,WATER_NPY1;WATER_NPY2;E8_FR6-1,E9_FR8-1;E8_FR6-3;E8_FR6-4,2.94188504387,0.0744699724207,0.0981248663582,0.183562577946,False,False,biological animal
cfos_occurrence,Ocurrencia espacial de núcleos c-FOS positivos / núcleos DAPI,983,WATER_NPY3;E7_FR7-1;E7_FR7-5,WATER_NPY1;WATER_NPY2;E8_FR6-3,E9_FR8-1;E8_FR6-1;E8_FR6-4,4.54608816522,0.0744699724207,0.0889515109225,0.191342895355,False,False,biological animal
cfos_occurrence,Ocurrencia espacial de núcleos c-FOS positivos / núcleos DAPI,984,WATER_NPY3;E7_FR7-1;E7_FR7-5,WATER_NPY1;WATER_NPY2;E8_FR6-4,E9_FR8-1;E8_FR6-1;E8_FR6-3,2.43553480193,0.0744699724207,0.0992205380813,0.142625398728,False,False,biological animal
cfos_occurrence,Ocurrencia espacial de núcleos c-FOS positivos / núcleos DAPI,985,WATER_NPY3;E7_FR7-1;E7_FR7-5,WATER_NPY1;E9_FR8-1;E8_FR6-1,WATER_NPY2;E8_FR6-3;E8_FR6-4,3.07488750487,0.0744699724207,0.178220357587,0.109964085689,False,False,biological animal
cfos_occurrence,Ocurrencia espacial de núcleos c-FOS positivos / núcleos DAPI,986,WATER_NPY3;E7_FR7-1;E7_FR7-5,WATER_NPY1;E9_FR8-1;E8_FR6-3,WATER_NPY2;E8_FR6-1;E8_FR6-4,2.25825602595,0.0744699724207,0.171396376123,0.120012976209,False,False,biological animal
cfos_occurrence,Ocurrencia espacial de núcleos c-FOS positivos / núcleos DAPI,987,WATER_NPY3;E7_FR7-1;E7_FR7-5,WATER_NPY1;E9_FR8-1;E8_FR6-4,WATER_NPY2;E8_FR6-1;E8_FR6-3,7.1014480696,0.0744699724207,0.212844372096,0.0771025607609,False,True,biological animal
cfos_occurrence,Ocurrencia espacial de núcleos c-FOS positivos / núcleos DAPI,988,WATER_NPY3;E7_FR7-1;E7_FR7-5,WATER_NPY1;E8_FR6-1;E8_FR6-3,WATER_NPY2;E9_FR8-1;E8_FR6-4,7.22803395685,0.0744699724207,0.0726304282101,0.201437327672,False,True,biological animal
cfos_occurrence,Ocurrencia espacial de núcleos c-FOS positivos / núcleos DAPI,989,WATER_NPY3;E7_FR7-1;E7_FR7-5,WATER_NPY1;E8_FR6-1;E8_FR6-4,WATER_NPY2;E9_FR8-1;E8_FR6-3,4.88447367179,0.0744699724207,0.0976124324673,0.158834848678,False,True,biological animal
cfos_occurrence,Ocurrencia espacial de núcleos c-FOS positivos / núcleos DAPI,990,WATER_NPY3;E7_FR7-1;E7_FR7-5,WATER_NPY1;E8_FR6-3;E8_FR6-4,WATER_NPY2;E9_FR8-1;E8_FR6-1,9.31747010695,0.0744699724207,0.0945784918164,0.16916185466,False,True,biological animal
cfos_occurrence,Ocurrencia espacial de núcleos c-FOS positivos / núcleos DAPI,991,WATER_NPY3;E7_FR7-1;E7_FR7-5,WATER_NPY2;E9_FR8-1;E8_FR6-1,WATER_NPY1;E8_FR6-3;E8_FR6-4,9.31747010695,0.0744699724207,0.16916185466,0.0945784918164,False,True,biological animal
cfos_occurrence,Ocurrencia espacial de núcleos c-FOS positivos / núcleos DAPI,992,WATER_NPY3;E7_FR7-1;E7_FR7-5,WATER_NPY2;E9_FR8-1;E8_FR6-3,WATER_NPY1;E8_FR6-1;E8_FR6-4,4.88447367179,0.0744699724207,0.158834848678,0.0976124324673,False,True,biological animal
cfos_occurrence,Ocurrencia espacial de núcleos c-FOS positivos / núcleos DAPI,993,WATER_NPY3;E7_FR7-1;E7_FR7-5,WATER_NPY2;E9_FR8-1;E8_FR6-4,WATER_NPY1;E8_FR6-1;E8_FR6-3,7.22803395685,0.0744699724207,0.201437327672,0.0726304282101,False,True,biological animal
cfos_occurrence,Ocurrencia espacial de núcleos c-FOS positivos / núcleos DAPI,994,WATER_NPY3;E7_FR7-1;E7_FR7-5,WATER_NPY2;E8_FR6-1;E8_FR6-3,WATER_NPY1;E9_FR8-1;E8_FR6-4,7.1014480696,0.0744699724207,0.0771025607609,0.212844372096,False,True,biological animal
cfos_occurrence,Ocurrencia espacial de núcleos c-FOS positivos / núcleos DAPI,995,WATER_NPY3;E7_FR7-1;E7_FR7-5,WATER_NPY2;E8_FR6-1;E8_FR6-4,WATER_NPY1;E9_FR8-1;E8_FR6-3,2.25825602595,0.0744699724207,0.120012976209,0.171396376123,False,False,biological animal
cfos_occurrence,Ocurrencia espacial de núcleos c-FOS positivos / núcleos DAPI,996,WATER_NPY3;E7_FR7-1;E7_FR7-5,WATER_NPY2;E8_FR6-3;E8_FR6-4,WATER_NPY1;E9_FR8-1;E8_FR6-1,3.07488750487,0.0744699724207,0.109964085689,0.178220357587,False,False,biological animal
cfos_occurrence,Ocurrencia espacial de núcleos c-FOS positivos / núcleos DAPI,997,WATER_NPY3;E7_FR7-1;E7_FR7-5,E9_FR8-1;E8_FR6-1;E8_FR6-3,WATER_NPY1;WATER_NPY2;E8_FR6-4,2.43553480193,0.0744699724207,0.142625398728,0.0992205380813,False,False,biological animal
cfos_occurrence,Ocurrencia espacial de núcleos c-FOS positivos / núcleos DAPI,998,WATER_NPY3;E7_FR7-1;E7_FR7-5,E9_FR8-1;E8_FR6-1;E8_FR6-4,WATER_NPY1;WATER_NPY2;E8_FR6-3,4.54608816522,0.0744699724207,0.191342895355,0.0889515109225,False,False,biological animal
cfos_occurrence,Ocurrencia espacial de núcleos c-FOS positivos / núcleos DAPI,999,WATER_NPY3;E7_FR7-1;E7_FR7-5,E9_FR8-1;E8_FR6-3;E8_FR6-4,WATER_NPY1;WATER_NPY2;E8_FR6-1,2.94188504387,0.0744699724207,0.183562577946,0.0981248663582,False,False,biological animal
cfos_occurrence,Ocurrencia espacial de núcleos c-FOS positivos / núcleos DAPI,1000,WATER_NPY3;E7_FR7-1;E7_FR7-5,E8_FR6-1;E8_FR6-3;E8_FR6-4,WATER_NPY1;WATER_NPY2;E9_FR8-1,4.28186851249,0.0744699724207,0.0940001390035,0.187139448845,False,False,biological animal
cfos_occurrence,Ocurrencia espacial de núcleos c-FOS positivos / núcleos DAPI,1001,WATER_NPY3;E7_FR7-1;E9_FR8-1,WATER_NPY1;WATER_NPY2;E7_FR7-5,E8_FR6-1;E8_FR6-3;E8_FR6-4,3.3103743841,0.0650726600127,0.149674721509,0.0940001390035,False,False,biological animal
cfos_occurrence,Ocurrencia espacial de núcleos c-FOS positivos / núcleos DAPI,1002,WATER_NPY3;E7_FR7-1;E9_FR8-1,WATER_NPY1;WATER_NPY2;E8_FR6-1,E7_FR7-5;E8_FR6-3;E8_FR6-4,2.67736388468,0.0650726600127,0.0981248663582,0.14658594897,False,False,biological animal
cfos_occurrence,Ocurrencia espacial de núcleos c-FOS positivos / núcleos DAPI,1003,WATER_NPY3;E7_FR7-1;E9_FR8-1,WATER_NPY1;WATER_NPY2;E8_FR6-3,E7_FR7-5;E8_FR6-1;E8_FR6-4,4.53846428449,0.0650726600127,0.0889515109225,0.154106710722,False,False,biological animal
cfos_occurrence,Ocurrencia espacial de núcleos c-FOS positivos / núcleos DAPI,1004,WATER_NPY3;E7_FR7-1;E9_FR8-1,WATER_NPY1;WATER_NPY2;E8_FR6-4,E7_FR7-5;E8_FR6-1;E8_FR6-3,1.33419406629,0.0650726600127,0.0992205380813,0.102106846054,False,False,biological animal
cfos_occurrence,Ocurrencia espacial de núcleos c-FOS positivos / núcleos DAPI,1005,WATER_NPY3;E7_FR7-1;E9_FR8-1,WATER_NPY1;E7_FR7-5;E8_FR6-1,WATER_NPY2;E8_FR6-3;E8_FR6-4,2.37443811921,0.0650726600127,0.140062915087,0.109964085689,False,False,biological animal
cfos_occurrence,Ocurrencia espacial de núcleos c-FOS positivos / núcleos DAPI,1006,WATER_NPY3;E7_FR7-1;E9_FR8-1,WATER_NPY1;E7_FR7-5;E8_FR6-3,WATER_NPY2;E8_FR6-1;E8_FR6-4,1.73714376212,0.0650726600127,0.132238082191,0.120012976209,False,False,biological animal
cfos_occurrence,Ocurrencia espacial de núcleos c-FOS positivos / núcleos DAPI,1007,WATER_NPY3;E7_FR7-1;E9_FR8-1,WATER_NPY1;E7_FR7-5;E8_FR6-4,WATER_NPY2;E8_FR6-1;E8_FR6-3,5.82127179015,0.0650726600127,0.170261350708,0.0771025607609,False,True,biological animal
cfos_occurrence,Ocurrencia espacial de núcleos c-FOS positivos / núcleos DAPI,1008,WATER_NPY3;E7_FR7-1;E9_FR8-1,WATER_NPY1;E8_FR6-1;E8_FR6-3,WATER_NPY2;E7_FR7-5;E8_FR6-4,7.64232939527,0.0650726600127,0.0726304282101,0.164102948762,False,True,biological animal
cfos_occurrence,Ocurrencia espacial de núcleos c-FOS positivos / núcleos DAPI,1009,WATER_NPY3;E7_FR7-1;E9_FR8-1,WATER_NPY1;E8_FR6-1;E8_FR6-4,WATER_NPY2;E7_FR7-5;E8_FR6-3,3.45981755463,0.0650726600127,0.0976124324673,0.121822665893,False,False,biological animal
cfos_occurrence,Ocurrencia espacial de núcleos c-FOS positivos / núcleos DAPI,1010,WATER_NPY3;E7_FR7-1;E9_FR8-1,WATER_NPY1;E8_FR6-3;E8_FR6-4,WATER_NPY2;E7_FR7-5;E8_FR6-1,8.43542235379,0.0650726600127,0.0945784918164,0.133459160332,False,True,biological animal
cfos_occurrence,Ocurrencia espacial de núcleos c-FOS positivos / núcleos DAPI,1011,WATER_NPY3;E7_FR7-1;E9_FR8-1,WATER_NPY2;E7_FR7-5;E8_FR6-1,WATER_NPY1;E8_FR6-3;E8_FR6-4,8.43542235379,0.0650726600127,0.133459160332,0.0945784918164,False,True,biological animal
cfos_occurrence,Ocurrencia espacial de núcleos c-FOS positivos / núcleos DAPI,1012,WATER_NPY3;E7_FR7-1;E9_FR8-1,WATER_NPY2;E7_FR7-5;E8_FR6-3,WATER_NPY1;E8_FR6-1;E8_FR6-4,3.45981755463,0.0650726600127,0.121822665893,0.0976124324673,False,False,biological animal
cfos_occurrence,Ocurrencia espacial de núcleos c-FOS positivos / núcleos DAPI,1013,WATER_NPY3;E7_FR7-1;E9_FR8-1,WATER_NPY2;E7_FR7-5;E8_FR6-4,WATER_NPY1;E8_FR6-1;E8_FR6-3,7.64232939527,0.0650726600127,0.164102948762,0.0726304282101,False,True,biological animal
cfos_occurrence,Ocurrencia espacial de núcleos c-FOS positivos / núcleos DAPI,1014,WATER_NPY3;E7_FR7-1;E9_FR8-1,WATER_NPY2;E8_FR6-1;E8_FR6-3,WATER_NPY1;E7_FR7-5;E8_FR6-4,5.82127179015,0.0650726600127,0.0771025607609,0.170261350708,False,True,biological animal
cfos_occurrence,Ocurrencia espacial de núcleos c-FOS positivos / núcleos DAPI,1015,WATER_NPY3;E7_FR7-1;E9_FR8-1,WATER_NPY2;E8_FR6-1;E8_FR6-4,WATER_NPY1;E7_FR7-5;E8_FR6-3,1.73714376212,0.0650726600127,0.120012976209,0.132238082191,False,False,biological animal
cfos_occurrence,Ocurrencia espacial de núcleos c-FOS positivos / núcleos DAPI,1016,WATER_NPY3;E7_FR7-1;E9_FR8-1,WATER_NPY2;E8_FR6-3;E8_FR6-4,WATER_NPY1;E7_FR7-5;E8_FR6-1,2.37443811921,0.0650726600127,0.109964085689,0.140062915087,False,False,biological animal
cfos_occurrence,Ocurrencia espacial de núcleos c-FOS positivos / núcleos DAPI,1017,WATER_NPY3;E7_FR7-1;E9_FR8-1,E7_FR7-5;E8_FR6-1;E8_FR6-3,WATER_NPY1;WATER_NPY2;E8_FR6-4,1.33419406629,0.0650726600127,0.102106846054,0.0992205380813,False,False,biological animal
cfos_occurrence,Ocurrencia espacial de núcleos c-FOS positivos / núcleos DAPI,1018,WATER_NPY3;E7_FR7-1;E9_FR8-1,E7_FR7-5;E8_FR6-1;E8_FR6-4,WATER_NPY1;WATER_NPY2;E8_FR6-3,4.53846428449,0.0650726600127,0.154106710722,0.0889515109225,False,False,biological animal
cfos_occurrence,Ocurrencia espacial de núcleos c-FOS positivos / núcleos DAPI,1019,WATER_NPY3;E7_FR7-1;E9_FR8-1,E7_FR7-5;E8_FR6-3;E8_FR6-4,WATER_NPY1;WATER_NPY2;E8_FR6-1,2.67736388468,0.0650726600127,0.14658594897,0.0981248663582,False,False,biological animal
cfos_occurrence,Ocurrencia espacial de núcleos c-FOS positivos / núcleos DAPI,1020,WATER_NPY3;E7_FR7-1;E9_FR8-1,E8_FR6-1;E8_FR6-3;E8_FR6-4,WATER_NPY1;WATER_NPY2;E7_FR7-5,3.3103743841,0.0650726600127,0.0940001390035,0.149674721509,False,False,biological animal
cfos_occurrence,Ocurrencia espacial de núcleos c-FOS positivos / núcleos DAPI,1021,WATER_NPY3;E7_FR7-1;E8_FR6-1,WATER_NPY1;WATER_NPY2;E7_FR7-5,E9_FR8-1;E8_FR6-3;E8_FR6-4,0.192201611456,0.154141285542,0.149674721509,0.183562577946,False,False,biological animal
cfos_occurrence,Ocurrencia espacial de núcleos c-FOS positivos / núcleos DAPI,1022,WATER_NPY3;E7_FR7-1;E8_FR6-1,WATER_NPY1;WATER_NPY2;E9_FR8-1,E7_FR7-5;E8_FR6-3;E8_FR6-4,0.298109056285,0.154141285542,0.187139448845,0.14658594897,False,False,biological animal
cfos_occurrence,Ocurrencia espacial de núcleos c-FOS positivos / núcleos DAPI,1023,WATER_NPY3;E7_FR7-1;E8_FR6-1,WATER_NPY1;WATER_NPY2;E8_FR6-3,E7_FR7-5;E9_FR8-1;E8_FR6-4,2.04420292928,0.154141285542,0.0889515109225,0.190166664278,False,False,biological animal
cfos_occurrence,Ocurrencia espacial de núcleos c-FOS positivos / núcleos DAPI,1024,WATER_NPY3;E7_FR7-1;E8_FR6-1,WATER_NPY1;WATER_NPY2;E8_FR6-4,E7_FR7-5;E9_FR8-1;E8_FR6-3,0.957597020191,0.154141285542,0.0992205380813,0.122495409459,False,False,biological animal
cfos_occurrence,Ocurrencia espacial de núcleos c-FOS positivos / núcleos DAPI,1025,WATER_NPY3;E7_FR7-1;E8_FR6-1,WATER_NPY1;E7_FR7-5;E9_FR8-1,WATER_NPY2;E8_FR6-3;E8_FR6-4,1.10268120981,0.154141285542,0.181110850059,0.109964085689,False,False,biological animal
cfos_occurrence,Ocurrencia espacial de núcleos c-FOS positivos / núcleos DAPI,1026,WATER_NPY3;E7_FR7-1;E8_FR6-1,WATER_NPY1;E7_FR7-5;E8_FR6-3,WATER_NPY2;E9_FR8-1;E8_FR6-4,0.753499944806,0.154141285542,0.132238082191,0.201437327672,False,False,biological animal
cfos_occurrence,Ocurrencia espacial de núcleos c-FOS positivos / núcleos DAPI,1027,WATER_NPY3;E7_FR7-1;E8_FR6-1,WATER_NPY1;E7_FR7-5;E8_FR6-4,WATER_NPY2;E9_FR8-1;E8_FR6-3,0.0693557401434,0.154141285542,0.170261350708,0.158834848678,False,False,biological animal
cfos_occurrence,Ocurrencia espacial de núcleos c-FOS positivos / núcleos DAPI,1028,WATER_NPY3;E7_FR7-1;E8_FR6-1,WATER_NPY1;E9_FR8-1;E8_FR6-3,WATER_NPY2;E7_FR7-5;E8_FR6-4,0.0466632552469,0.154141285542,0.171396376123,0.164102948762,False,False,biological animal
cfos_occurrence,Ocurrencia espacial de núcleos c-FOS positivos / núcleos DAPI,1029,WATER_NPY3;E7_FR7-1;E8_FR6-1,WATER_NPY1;E9_FR8-1;E8_FR6-4,WATER_NPY2;E7_FR7-5;E8_FR6-3,1.85299645696,0.154141285542,0.212844372096,0.121822665893,False,False,biological animal
cfos_occurrence,Ocurrencia espacial de núcleos c-FOS positivos / núcleos DAPI,1030,WATER_NPY3;E7_FR7-1;E8_FR6-1,WATER_NPY1;E8_FR6-3;E8_FR6-4,WATER_NPY2;E7_FR7-5;E9_FR8-1,1.19022272031,0.154141285542,0.0945784918164,0.143571770456,False,False,biological animal
cfos_occurrence,Ocurrencia espacial de núcleos c-FOS positivos / núcleos DAPI,1031,WATER_NPY3;E7_FR7-1;E8_FR6-1,WATER_NPY2;E7_FR7-5;E9_FR8-1,WATER_NPY1;E8_FR6-3;E8_FR6-4,1.19022272031,0.154141285542,0.143571770456,0.0945784918164,False,False,biological animal
cfos_occurrence,Ocurrencia espacial de núcleos c-FOS positivos / núcleos DAPI,1032,WATER_NPY3;E7_FR7-1;E8_FR6-1,WATER_NPY2;E7_FR7-5;E8_FR6-3,WATER_NPY1;E9_FR8-1;E8_FR6-4,1.85299645696,0.154141285542,0.121822665893,0.212844372096,False,False,biological animal
cfos_occurrence,Ocurrencia espacial de núcleos c-FOS positivos / núcleos DAPI,1033,WATER_NPY3;E7_FR7-1;E8_FR6-1,WATER_NPY2;E7_FR7-5;E8_FR6-4,WATER_NPY1;E9_FR8-1;E8_FR6-3,0.0466632552469,0.154141285542,0.164102948762,0.171396376123,False,False,biological animal
cfos_occurrence,Ocurrencia espacial de núcleos c-FOS positivos / núcleos DAPI,1034,WATER_NPY3;E7_FR7-1;E8_FR6-1,WATER_NPY2;E9_FR8-1;E8_FR6-3,WATER_NPY1;E7_FR7-5;E8_FR6-4,0.0693557401434,0.154141285542,0.158834848678,0.170261350708,False,False,biological animal
cfos_occurrence,Ocurrencia espacial de núcleos c-FOS positivos / núcleos DAPI,1035,WATER_NPY3;E7_FR7-1;E8_FR6-1,WATER_NPY2;E9_FR8-1;E8_FR6-4,WATER_NPY1;E7_FR7-5;E8_FR6-3,0.753499944806,0.154141285542,0.201437327672,0.132238082191,False,False,biological animal
cfos_occurrence,Ocurrencia espacial de núcleos c-FOS positivos / núcleos DAPI,1036,WATER_NPY3;E7_FR7-1;E8_FR6-1,WATER_NPY2;E8_FR6-3;E8_FR6-4,WATER_NPY1;E7_FR7-5;E9_FR8-1,1.10268120981,0.154141285542,0.109964085689,0.181110850059,False,False,biological animal
cfos_occurrence,Ocurrencia espacial de núcleos c-FOS positivos / núcleos DAPI,1037,WATER_NPY3;E7_FR7-1;E8_FR6-1,E7_FR7-5;E9_FR8-1;E8_FR6-3,WATER_NPY1;WATER_NPY2;E8_FR6-4,0.957597020191,0.154141285542,0.122495409459,0.0992205380813,False,False,biological animal
cfos_occurrence,Ocurrencia espacial de núcleos c-FOS positivos / núcleos DAPI,1038,WATER_NPY3;E7_FR7-1;E8_FR6-1,E7_FR7-5;E9_FR8-1;E8_FR6-4,WATER_NPY1;WATER_NPY2;E8_FR6-3,2.04420292928,0.154141285542,0.190166664278,0.0889515109225,False,False,biological animal
cfos_occurrence,Ocurrencia espacial de núcleos c-FOS positivos / núcleos DAPI,1039,WATER_NPY3;E7_FR7-1;E8_FR6-1,E7_FR7-5;E8_FR6-3;E8_FR6-4,WATER_NPY1;WATER_NPY2;E9_FR8-1,0.298109056285,0.154141285542,0.14658594897,0.187139448845,False,False,biological animal
cfos_occurrence,Ocurrencia espacial de núcleos c-FOS positivos / núcleos DAPI,1040,WATER_NPY3;E7_FR7-1;E8_FR6-1,E9_FR8-1;E8_FR6-3;E8_FR6-4,WATER_NPY1;WATER_NPY2;E7_FR7-5,0.192201611456,0.154141285542,0.183562577946,0.149674721509,False,False,biological animal
cfos_occurrence,Ocurrencia espacial de núcleos c-FOS positivos / núcleos DAPI,1041,WATER_NPY3;E7_FR7-1;E8_FR6-3,WATER_NPY1;WATER_NPY2;E7_FR7-5,E9_FR8-1;E8_FR6-1;E8_FR6-4,0.404239912471,0.148088957748,0.149674721509,0.191342895355,False,False,biological animal
cfos_occurrence,Ocurrencia espacial de núcleos c-FOS positivos / núcleos DAPI,1042,WATER_NPY3;E7_FR7-1;E8_FR6-3,WATER_NPY1;WATER_NPY2;E9_FR8-1,E7_FR7-5;E8_FR6-1;E8_FR6-4,0.327095136865,0.148088957748,0.187139448845,0.154106710722,False,False,biological animal
cfos_occurrence,Ocurrencia espacial de núcleos c-FOS positivos / núcleos DAPI,1043,WATER_NPY3;E7_FR7-1;E8_FR6-3,WATER_NPY1;WATER_NPY2;E8_FR6-1,E7_FR7-5;E9_FR8-1;E8_FR6-4,1.71393712314,0.148088957748,0.0981248663582,0.190166664278,False,False,biological animal
cfos_occurrence,Ocurrencia espacial de núcleos c-FOS positivos / núcleos DAPI,1044,WATER_NPY3;E7_FR7-1;E8_FR6-3,WATER_NPY1;WATER_NPY2;E8_FR6-4,E7_FR7-5;E9_FR8-1;E8_FR6-1,0.7976747718,0.148088957748,0.0992205380813,0.129816827847,False,False,biological animal
cfos_occurrence,Ocurrencia espacial de núcleos c-FOS positivos / núcleos DAPI,1045,WATER_NPY3;E7_FR7-1;E8_FR6-3,WATER_NPY1;E7_FR7-5;E9_FR8-1,WATER_NPY2;E8_FR6-1;E8_FR6-4,0.87322338516,0.148088957748,0.181110850059,0.120012976209,False,False,biological animal
cfos_occurrence,Ocurrencia espacial de núcleos c-FOS positivos / núcleos DAPI,1046,WATER_NPY3;E7_FR7-1;E8_FR6-3,WATER_NPY1;E7_FR7-5;E8_FR6-1,WATER_NPY2;E9_FR8-1;E8_FR6-4,0.781434438445,0.148088957748,0.140062915087,0.201437327672,False,False,biological animal
cfos_occurrence,Ocurrencia espacial de núcleos c-FOS positivos / núcleos DAPI,1047,WATER_NPY3;E7_FR7-1;E8_FR6-3,WATER_NPY1;E7_FR7-5;E8_FR6-4,WATER_NPY2;E9_FR8-1;E8_FR6-1,0.189668297967,0.148088957748,0.170261350708,0.16916185466,False,False,biological animal
cfos_occurrence,Ocurrencia espacial de núcleos c-FOS positivos / núcleos DAPI,1048,WATER_NPY3;E7_FR7-1;E8_FR6-3,WATER_NPY1;E9_FR8-1;E8_FR6-1,WATER_NPY2;E7_FR7-5;E8_FR6-4,0.165668224495,0.148088957748,0.178220357587,0.164102948762,False,False,biological animal
cfos_occurrence,Ocurrencia espacial de núcleos c-FOS positivos / núcleos DAPI,1049,WATER_NPY3;E7_FR7-1;E8_FR6-3,WATER_NPY1;E9_FR8-1;E8_FR6-4,WATER_NPY2;E7_FR7-5;E8_FR6-1,1.77036884996,0.148088957748,0.212844372096,0.133459160332,False,False,biological animal
cfos_occurrence,Ocurrencia espacial de núcleos c-FOS positivos / núcleos DAPI,1050,WATER_NPY3;E7_FR7-1;E8_FR6-3,WATER_NPY1;E8_FR6-1;E8_FR6-4,WATER_NPY2;E7_FR7-5;E9_FR8-1,0.971983445275,0.148088957748,0.0976124324673,0.143571770456,False,False,biological animal
cfos_occurrence,Ocurrencia espacial de núcleos c-FOS positivos / núcleos DAPI,1051,WATER_NPY3;E7_FR7-1;E8_FR6-3,WATER_NPY2;E7_FR7-5;E9_FR8-1,WATER_NPY1;E8_FR6-1;E8_FR6-4,0.971983445275,0.148088957748,0.143571770456,0.0976124324673,False,False,biological animal
cfos_occurrence,Ocurrencia espacial de núcleos c-FOS positivos / núcleos DAPI,1052,WATER_NPY3;E7_FR7-1;E8_FR6-3,WATER_NPY2;E7_FR7-5;E8_FR6-1,WATER_NPY1;E9_FR8-1;E8_FR6-4,1.77036884996,0.148088957748,0.133459160332,0.212844372096,False,False,biological animal
cfos_occurrence,Ocurrencia espacial de núcleos c-FOS positivos / núcleos DAPI,1053,WATER_NPY3;E7_FR7-1;E8_FR6-3,WATER_NPY2;E7_FR7-5;E8_FR6-4,WATER_NPY1;E9_FR8-1;E8_FR6-1,0.165668224495,0.148088957748,0.164102948762,0.178220357587,False,False,biological animal
cfos_occurrence,Ocurrencia espacial de núcleos c-FOS positivos / núcleos DAPI,1054,WATER_NPY3;E7_FR7-1;E8_FR6-3,WATER_NPY2;E9_FR8-1;E8_FR6-1,WATER_NPY1;E7_FR7-5;E8_FR6-4,0.189668297967,0.148088957748,0.16916185466,0.170261350708,False,False,biological animal
cfos_occurrence,Ocurrencia espacial de núcleos c-FOS positivos / núcleos DAPI,1055,WATER_NPY3;E7_FR7-1;E8_FR6-3,WATER_NPY2;E9_FR8-1;E8_FR6-4,WATER_NPY1;E7_FR7-5;E8_FR6-1,0.781434438445,0.148088957748,0.201437327672,0.140062915087,False,False,biological animal
cfos_occurrence,Ocurrencia espacial de núcleos c-FOS positivos / núcleos DAPI,1056,WATER_NPY3;E7_FR7-1;E8_FR6-3,WATER_NPY2;E8_FR6-1;E8_FR6-4,WATER_NPY1;E7_FR7-5;E9_FR8-1,0.87322338516,0.148088957748,0.120012976209,0.181110850059,False,False,biological animal
cfos_occurrence,Ocurrencia espacial de núcleos c-FOS positivos / núcleos DAPI,1057,WATER_NPY3;E7_FR7-1;E8_FR6-3,E7_FR7-5;E9_FR8-1;E8_FR6-1,WATER_NPY1;WATER_NPY2;E8_FR6-4,0.7976747718,0.148088957748,0.129816827847,0.0992205380813,False,False,biological animal
cfos_occurrence,Ocurrencia espacial de núcleos c-FOS positivos / núcleos DAPI,1058,WATER_NPY3;E7_FR7-1;E8_FR6-3,E7_FR7-5;E9_FR8-1;E8_FR6-4,WATER_NPY1;WATER_NPY2;E8_FR6-1,1.71393712314,0.148088957748,0.190166664278,0.0981248663582,False,False,biological animal
cfos_occurrence,Ocurrencia espacial de núcleos c-FOS positivos / núcleos DAPI,1059,WATER_NPY3;E7_FR7-1;E8_FR6-3,E7_FR7-5;E8_FR6-1;E8_FR6-4,WATER_NPY1;WATER_NPY2;E9_FR8-1,0.327095136865,0.148088957748,0.154106710722,0.187139448845,False,False,biological animal
cfos_occurrence,Ocurrencia espacial de núcleos c-FOS positivos / núcleos DAPI,1060,WATER_NPY3;E7_FR7-1;E8_FR6-3,E9_FR8-1;E8_FR6-1;E8_FR6-4,WATER_NPY1;WATER_NPY2;E7_FR7-5,0.404239912471,0.148088957748,0.191342895355,0.149674721509,False,False,biological animal
cfos_occurrence,Ocurrencia espacial de núcleos c-FOS positivos / núcleos DAPI,1061,WATER_NPY3;E7_FR7-1;E8_FR6-4,WATER_NPY1;WATER_NPY2;E7_FR7-5,E9_FR8-1;E8_FR6-1;E8_FR6-3,1.07563371733,0.214831538443,0.149674721509,0.142625398728,False,False,biological animal
cfos_occurrence,Ocurrencia espacial de núcleos c-FOS positivos / núcleos DAPI,1062,WATER_NPY3;E7_FR7-1;E8_FR6-4,WATER_NPY1;WATER_NPY2;E9_FR8-1,E7_FR7-5;E8_FR6-1;E8_FR6-3,2.16921250196,0.214831538443,0.187139448845,0.102106846054,False,False,biological animal
cfos_occurrence,Ocurrencia espacial de núcleos c-FOS positivos / núcleos DAPI,1063,WATER_NPY3;E7_FR7-1;E8_FR6-4,WATER_NPY1;WATER_NPY2;E8_FR6-1,E7_FR7-5;E9_FR8-1;E8_FR6-3,3.34229927243,0.214831538443,0.0981248663582,0.122495409459,False,False,biological animal
cfos_occurrence,Ocurrencia espacial de núcleos c-FOS positivos / núcleos DAPI,1064,WATER_NPY3;E7_FR7-1;E8_FR6-4,WATER_NPY1;WATER_NPY2;E8_FR6-3,E7_FR7-5;E9_FR8-1;E8_FR6-1,3.57493403722,0.214831538443,0.0889515109225,0.129816827847,False,False,biological animal
cfos_occurrence,Ocurrencia espacial de núcleos c-FOS positivos / núcleos DAPI,1065,WATER_NPY3;E7_FR7-1;E8_FR6-4,WATER_NPY1;E7_FR7-5;E9_FR8-1,WATER_NPY2;E8_FR6-1;E8_FR6-3,3.04299299927,0.214831538443,0.181110850059,0.0771025607609,False,False,biological animal
cfos_occurrence,Ocurrencia espacial de núcleos c-FOS positivos / núcleos DAPI,1066,WATER_NPY3;E7_FR7-1;E8_FR6-4,WATER_NPY1;E7_FR7-5;E8_FR6-1,WATER_NPY2;E9_FR8-1;E8_FR6-3,0.979172637363,0.214831538443,0.140062915087,0.158834848678,False,False,biological animal
cfos_occurrence,Ocurrencia espacial de núcleos c-FOS positivos / núcleos DAPI,1067,WATER_NPY3;E7_FR7-1;E8_FR6-4,WATER_NPY1;E7_FR7-5;E8_FR6-3,WATER_NPY2;E9_FR8-1;E8_FR6-1,1.06105708288,0.214831538443,0.132238082191,0.16916185466,False,False,biological animal
cfos_occurrence,Ocurrencia espacial de núcleos c-FOS positivos / núcleos DAPI,1068,WATER_NPY3;E7_FR7-1;E8_FR6-4,WATER_NPY1;E9_FR8-1;E8_FR6-1,WATER_NPY2;E7_FR7-5;E8_FR6-3,1.29509246874,0.214831538443,0.178220357587,0.121822665893,False,False,biological animal
cfos_occurrence,Ocurrencia espacial de núcleos c-FOS positivos / núcleos DAPI,1069,WATER_NPY3;E7_FR7-1;E8_FR6-4,WATER_NPY1;E9_FR8-1;E8_FR6-3,WATER_NPY2;E7_FR7-5;E8_FR6-1,0.926097104912,0.214831538443,0.171396376123,0.133459160332,False,False,biological animal
cfos_occurrence,Ocurrencia espacial de núcleos c-FOS positivos / núcleos DAPI,1070,WATER_NPY3;E7_FR7-1;E8_FR6-4,WATER_NPY1;E8_FR6-1;E8_FR6-3,WATER_NPY2;E7_FR7-5;E9_FR8-1,3.92186862632,0.214831538443,0.0726304282101,0.143571770456,False,False,biological animal
cfos_occurrence,Ocurrencia espacial de núcleos c-FOS positivos / núcleos DAPI,1071,WATER_NPY3;E7_FR7-1;E8_FR6-4,WATER_NPY2;E7_FR7-5;E9_FR8-1,WATER_NPY1;E8_FR6-1;E8_FR6-3,3.92186862632,0.214831538443,0.143571770456,0.0726304282101,False,False,biological animal
cfos_occurrence,Ocurrencia espacial de núcleos c-FOS positivos / núcleos DAPI,1072,WATER_NPY3;E7_FR7-1;E8_FR6-4,WATER_NPY2;E7_FR7-5;E8_FR6-1,WATER_NPY1;E9_FR8-1;E8_FR6-3,0.926097104912,0.214831538443,0.133459160332,0.171396376123,False,False,biological animal
cfos_occurrence,Ocurrencia espacial de núcleos c-FOS positivos / núcleos DAPI,1073,WATER_NPY3;E7_FR7-1;E8_FR6-4,WATER_NPY2;E7_FR7-5;E8_FR6-3,WATER_NPY1;E9_FR8-1;E8_FR6-1,1.29509246874,0.214831538443,0.121822665893,0.178220357587,False,False,biological animal
cfos_occurrence,Ocurrencia espacial de núcleos c-FOS positivos / núcleos DAPI,1074,WATER_NPY3;E7_FR7-1;E8_FR6-4,WATER_NPY2;E9_FR8-1;E8_FR6-1,WATER_NPY1;E7_FR7-5;E8_FR6-3,1.06105708288,0.214831538443,0.16916185466,0.132238082191,False,False,biological animal
cfos_occurrence,Ocurrencia espacial de núcleos c-FOS positivos / núcleos DAPI,1075,WATER_NPY3;E7_FR7-1;E8_FR6-4,WATER_NPY2;E9_FR8-1;E8_FR6-3,WATER_NPY1;E7_FR7-5;E8_FR6-1,0.979172637363,0.214831538443,0.158834848678,0.140062915087,False,False,biological animal
cfos_occurrence,Ocurrencia espacial de núcleos c-FOS positivos / núcleos DAPI,1076,WATER_NPY3;E7_FR7-1;E8_FR6-4,WATER_NPY2;E8_FR6-1;E8_FR6-3,WATER_NPY1;E7_FR7-5;E9_FR8-1,3.04299299927,0.214831538443,0.0771025607609,0.181110850059,False,False,biological animal
cfos_occurrence,Ocurrencia espacial de núcleos c-FOS positivos / núcleos DAPI,1077,WATER_NPY3;E7_FR7-1;E8_FR6-4,E7_FR7-5;E9_FR8-1;E8_FR6-1,WATER_NPY1;WATER_NPY2;E8_FR6-3,3.57493403722,0.214831538443,0.129816827847,0.0889515109225,False,False,biological animal
cfos_occurrence,Ocurrencia espacial de núcleos c-FOS positivos / núcleos DAPI,1078,WATER_NPY3;E7_FR7-1;E8_FR6-4,E7_FR7-5;E9_FR8-1;E8_FR6-3,WATER_NPY1;WATER_NPY2;E8_FR6-1,3.34229927243,0.214831538443,0.122495409459,0.0981248663582,False,False,biological animal
cfos_occurrence,Ocurrencia espacial de núcleos c-FOS positivos / núcleos DAPI,1079,WATER_NPY3;E7_FR7-1;E8_FR6-4,E7_FR7-5;E8_FR6-1;E8_FR6-3,WATER_NPY1;WATER_NPY2;E9_FR8-1,2.16921250196,0.214831538443,0.102106846054,0.187139448845,False,False,biological animal
cfos_occurrence,Ocurrencia espacial de núcleos c-FOS positivos / núcleos DAPI,1080,WATER_NPY3;E7_FR7-1;E8_FR6-4,E9_FR8-1;E8_FR6-1;E8_FR6-3,WATER_NPY1;WATER_NPY2;E7_FR7-5,1.07563371733,0.214831538443,0.142625398728,0.149674721509,False,False,biological animal
cfos_occurrence,Ocurrencia espacial de núcleos c-FOS positivos / núcleos DAPI,1081,WATER_NPY3;E7_FR7-5;E9_FR8-1,WATER_NPY1;WATER_NPY2;E7_FR7-1,E8_FR6-1;E8_FR6-3;E8_FR6-4,5.0344841391,0.0707104698796,0.187727396435,0.0940001390035,False,True,biological animal
cfos_occurrence,Ocurrencia espacial de núcleos c-FOS positivos / núcleos DAPI,1082,WATER_NPY3;E7_FR7-5;E9_FR8-1,WATER_NPY1;WATER_NPY2;E8_FR6-1,E7_FR7-1;E8_FR6-3;E8_FR6-4,2.59878588789,0.0707104698796,0.0981248663582,0.178587431646,False,False,biological animal
cfos_occurrence,Ocurrencia espacial de núcleos c-FOS positivos / núcleos DAPI,1083,WATER_NPY3;E7_FR7-5;E9_FR8-1,WATER_NPY1;WATER_NPY2;E8_FR6-3,E7_FR7-1;E8_FR6-1;E8_FR6-4,3.61482514275,0.0707104698796,0.0889515109225,0.184102836073,False,False,biological animal
cfos_occurrence,Ocurrencia espacial de núcleos c-FOS positivos / núcleos DAPI,1084,WATER_NPY3;E7_FR7-5;E9_FR8-1,WATER_NPY1;WATER_NPY2;E8_FR6-4,E7_FR7-1;E8_FR6-1;E8_FR6-3,2.41148701117,0.0707104698796,0.0992205380813,0.135112165602,False,False,biological animal
cfos_occurrence,Ocurrencia espacial de núcleos c-FOS positivos / núcleos DAPI,1085,WATER_NPY3;E7_FR7-5;E9_FR8-1,WATER_NPY1;E7_FR7-1;E8_FR6-1,WATER_NPY2;E8_FR6-3;E8_FR6-4,2.54374535209,0.0707104698796,0.170084800188,0.109964085689,False,False,biological animal
cfos_occurrence,Ocurrencia espacial de núcleos c-FOS positivos / núcleos DAPI,1086,WATER_NPY3;E7_FR7-5;E9_FR8-1,WATER_NPY1;E7_FR7-1;E8_FR6-3,WATER_NPY2;E8_FR6-1;E8_FR6-4,2.13199205149,0.0707104698796,0.16597521685,0.120012976209,False,False,biological animal
cfos_occurrence,Ocurrencia espacial de núcleos c-FOS positivos / núcleos DAPI,1087,WATER_NPY3;E7_FR7-5;E9_FR8-1,WATER_NPY1;E7_FR7-1;E8_FR6-4,WATER_NPY2;E8_FR6-1;E8_FR6-3,7.18752613544,0.0707104698796,0.210301637132,0.0771025607609,False,True,biological animal
cfos_occurrence,Ocurrencia espacial de núcleos c-FOS positivos / núcleos DAPI,1088,WATER_NPY3;E7_FR7-5;E9_FR8-1,WATER_NPY1;E8_FR6-1;E8_FR6-3,WATER_NPY2;E7_FR7-1;E8_FR6-4,8.22832777484,0.0707104698796,0.0726304282101,0.202666112306,False,True,biological animal
cfos_occurrence,Ocurrencia espacial de núcleos c-FOS positivos / núcleos DAPI,1089,WATER_NPY3;E7_FR7-5;E9_FR8-1,WATER_NPY1;E8_FR6-1;E8_FR6-4,WATER_NPY2;E7_FR7-1;E8_FR6-3,4.47409205347,0.0707104698796,0.0976124324673,0.156828655789,False,False,biological animal
cfos_occurrence,Ocurrencia espacial de núcleos c-FOS positivos / núcleos DAPI,1090,WATER_NPY3;E7_FR7-5;E9_FR8-1,WATER_NPY1;E8_FR6-3;E8_FR6-4,WATER_NPY2;E7_FR7-1;E8_FR6-1,8.20746547481,0.0707104698796,0.0945784918164,0.16556885265,False,True,biological animal
cfos_occurrence,Ocurrencia espacial de núcleos c-FOS positivos / núcleos DAPI,1091,WATER_NPY3;E7_FR7-5;E9_FR8-1,WATER_NPY2;E7_FR7-1;E8_FR6-1,WATER_NPY1;E8_FR6-3;E8_FR6-4,8.20746547481,0.0707104698796,0.16556885265,0.0945784918164,False,True,biological animal
cfos_occurrence,Ocurrencia espacial de núcleos c-FOS positivos / núcleos DAPI,1092,WATER_NPY3;E7_FR7-5;E9_FR8-1,WATER_NPY2;E7_FR7-1;E8_FR6-3,WATER_NPY1;E8_FR6-1;E8_FR6-4,4.47409205347,0.0707104698796,0.156828655789,0.0976124324673,False,False,biological animal
cfos_occurrence,Ocurrencia espacial de núcleos c-FOS positivos / núcleos DAPI,1093,WATER_NPY3;E7_FR7-5;E9_FR8-1,WATER_NPY2;E7_FR7-1;E8_FR6-4,WATER_NPY1;E8_FR6-1;E8_FR6-3,8.22832777484,0.0707104698796,0.202666112306,0.0726304282101,False,True,biological animal
cfos_occurrence,Ocurrencia espacial de núcleos c-FOS positivos / núcleos DAPI,1094,WATER_NPY3;E7_FR7-5;E9_FR8-1,WATER_NPY2;E8_FR6-1;E8_FR6-3,WATER_NPY1;E7_FR7-1;E8_FR6-4,7.18752613544,0.0707104698796,0.0771025607609,0.210301637132,False,True,biological animal
cfos_occurrence,Ocurrencia espacial de núcleos c-FOS positivos / núcleos DAPI,1095,WATER_NPY3;E7_FR7-5;E9_FR8-1,WATER_NPY2;E8_FR6-1;E8_FR6-4,WATER_NPY1;E7_FR7-1;E8_FR6-3,2.13199205149,0.0707104698796,0.120012976209,0.16597521685,False,False,biological animal
cfos_occurrence,Ocurrencia espacial de núcleos c-FOS positivos / núcleos DAPI,1096,WATER_NPY3;E7_FR7-5;E9_FR8-1,WATER_NPY2;E8_FR6-3;E8_FR6-4,WATER_NPY1;E7_FR7-1;E8_FR6-1,2.54374535209,0.0707104698796,0.109964085689,0.170084800188,False,False,biological animal
cfos_occurrence,Ocurrencia espacial de núcleos c-FOS positivos / núcleos DAPI,1097,WATER_NPY3;E7_FR7-5;E9_FR8-1,E7_FR7-1;E8_FR6-1;E8_FR6-3,WATER_NPY1;WATER_NPY2;E8_FR6-4,2.41148701117,0.0707104698796,0.135112165602,0.0992205380813,False,False,biological animal
cfos_occurrence,Ocurrencia espacial de núcleos c-FOS positivos / núcleos DAPI,1098,WATER_NPY3;E7_FR7-5;E9_FR8-1,E7_FR7-1;E8_FR6-1;E8_FR6-4,WATER_NPY1;WATER_NPY2;E8_FR6-3,3.61482514275,0.0707104698796,0.184102836073,0.0889515109225,False,False,biological animal
cfos_occurrence,Ocurrencia espacial de núcleos c-FOS positivos / núcleos DAPI,1099,WATER_NPY3;E7_FR7-5;E9_FR8-1,E7_FR7-1;E8_FR6-3;E8_FR6-4,WATER_NPY1;WATER_NPY2;E8_FR6-1,2.59878588789,0.0707104698796,0.178587431646,0.0981248663582,False,False,biological animal
cfos_occurrence,Ocurrencia espacial de núcleos c-FOS positivos / núcleos DAPI,1100,WATER_NPY3;E7_FR7-5;E9_FR8-1,E8_FR6-1;E8_FR6-3;E8_FR6-4,WATER_NPY1;WATER_NPY2;E7_FR7-1,5.0344841391,0.0707104698796,0.0940001390035,0.187727396435,False,True,biological animal
cfos_occurrence,Ocurrencia espacial de núcleos c-FOS positivos / núcleos DAPI,1101,WATER_NPY3;E7_FR7-5;E8_FR6-1,WATER_NPY1;WATER_NPY2;E7_FR7-1,E9_FR8-1;E8_FR6-3;E8_FR6-4,0.424770502261,0.131679683057,0.187727396435,0.183562577946,False,False,biological animal
cfos_occurrence,Ocurrencia espacial de núcleos c-FOS positivos / núcleos DAPI,1102,WATER_NPY3;E7_FR7-5;E8_FR6-1,WATER_NPY1;WATER_NPY2;E9_FR8-1,E7_FR7-1;E8_FR6-3;E8_FR6-4,0.360895310076,0.131679683057,0.187139448845,0.178587431646,False,False,biological animal
cfos_occurrence,Ocurrencia espacial de núcleos c-FOS positivos / núcleos DAPI,1103,WATER_NPY3;E7_FR7-5;E8_FR6-1,WATER_NPY1;WATER_NPY2;E8_FR6-3,E7_FR7-1;E9_FR8-1;E8_FR6-4,2.72270689431,0.131679683057,0.0889515109225,0.213023460701,False,False,biological animal
cfos_occurrence,Ocurrencia espacial de núcleos c-FOS positivos / núcleos DAPI,1104,WATER_NPY3;E7_FR7-5;E8_FR6-1,WATER_NPY1;WATER_NPY2;E8_FR6-4,E7_FR7-1;E9_FR8-1;E8_FR6-3,0.429756532346,0.131679683057,0.0992205380813,0.137886924537,False,False,biological animal
cfos_occurrence,Ocurrencia espacial de núcleos c-FOS positivos / núcleos DAPI,1105,WATER_NPY3;E7_FR7-5;E8_FR6-1,WATER_NPY1;E7_FR7-1;E9_FR8-1,WATER_NPY2;E8_FR6-3;E8_FR6-4,1.57604261921,0.131679683057,0.19965383875,0.109964085689,False,False,biological animal
cfos_occurrence,Ocurrencia espacial de núcleos c-FOS positivos / núcleos DAPI,1106,WATER_NPY3;E7_FR7-5;E8_FR6-1,WATER_NPY1;E7_FR7-1;E8_FR6-3,WATER_NPY2;E9_FR8-1;E8_FR6-4,0.525266587886,0.131679683057,0.16597521685,0.201437327672,False,False,biological animal
cfos_occurrence,Ocurrencia espacial de núcleos c-FOS positivos / núcleos DAPI,1107,WATER_NPY3;E7_FR7-5;E8_FR6-1,WATER_NPY1;E7_FR7-1;E8_FR6-4,WATER_NPY2;E9_FR8-1;E8_FR6-3,0.987840156444,0.131679683057,0.210301637132,0.158834848678,False,False,biological animal
cfos_occurrence,Ocurrencia espacial de núcleos c-FOS positivos / núcleos DAPI,1108,WATER_NPY3;E7_FR7-5;E8_FR6-1,WATER_NPY1;E9_FR8-1;E8_FR6-3,WATER_NPY2;E7_FR7-1;E8_FR6-4,0.566613179626,0.131679683057,0.171396376123,0.202666112306,False,False,biological animal
cfos_occurrence,Ocurrencia espacial de núcleos c-FOS positivos / núcleos DAPI,1109,WATER_NPY3;E7_FR7-5;E8_FR6-1,WATER_NPY1;E9_FR8-1;E8_FR6-4,WATER_NPY2;E7_FR7-1;E8_FR6-3,1.02950193726,0.131679683057,0.212844372096,0.156828655789,False,False,biological animal
cfos_occurrence,Ocurrencia espacial de núcleos c-FOS positivos / núcleos DAPI,1110,WATER_NPY3;E7_FR7-5;E8_FR6-1,WATER_NPY1;E8_FR6-3;E8_FR6-4,WATER_NPY2;E7_FR7-1;E9_FR8-1,1.0342611442,0.131679683057,0.0945784918164,0.162280241501,False,False,biological animal
cfos_occurrence,Ocurrencia espacial de núcleos c-FOS positivos / núcleos DAPI,1111,WATER_NPY3;E7_FR7-5;E8_FR6-1,WATER_NPY2;E7_FR7-1;E9_FR8-1,WATER_NPY1;E8_FR6-3;E8_FR6-4,1.0342611442,0.131679683057,0.162280241501,0.0945784918164,False,False,biological animal
cfos_occurrence,Ocurrencia espacial de núcleos c-FOS positivos / núcleos DAPI,1112,WATER_NPY3;E7_FR7-5;E8_FR6-1,WATER_NPY2;E7_FR7-1;E8_FR6-3,WATER_NPY1;E9_FR8-1;E8_FR6-4,1.02950193726,0.131679683057,0.156828655789,0.212844372096,False,False,biological animal
cfos_occurrence,Ocurrencia espacial de núcleos c-FOS positivos / núcleos DAPI,1113,WATER_NPY3;E7_FR7-5;E8_FR6-1,WATER_NPY2;E7_FR7-1;E8_FR6-4,WATER_NPY1;E9_FR8-1;E8_FR6-3,0.566613179626,0.131679683057,0.202666112306,0.171396376123,False,False,biological animal
cfos_occurrence,Ocurrencia espacial de núcleos c-FOS positivos / núcleos DAPI,1114,WATER_NPY3;E7_FR7-5;E8_FR6-1,WATER_NPY2;E9_FR8-1;E8_FR6-3,WATER_NPY1;E7_FR7-1;E8_FR6-4,0.987840156444,0.131679683057,0.158834848678,0.210301637132,False,False,biological animal
cfos_occurrence,Ocurrencia espacial de núcleos c-FOS positivos / núcleos DAPI,1115,WATER_NPY3;E7_FR7-5;E8_FR6-1,WATER_NPY2;E9_FR8-1;E8_FR6-4,WATER_NPY1;E7_FR7-1;E8_FR6-3,0.525266587886,0.131679683057,0.201437327672,0.16597521685,False,False,biological animal
cfos_occurrence,Ocurrencia espacial de núcleos c-FOS positivos / núcleos DAPI,1116,WATER_NPY3;E7_FR7-5;E8_FR6-1,WATER_NPY2;E8_FR6-3;E8_FR6-4,WATER_NPY1;E7_FR7-1;E9_FR8-1,1.57604261921,0.131679683057,0.109964085689,0.19965383875,False,False,biological animal
cfos_occurrence,Ocurrencia espacial de núcleos c-FOS positivos / núcleos DAPI,1117,WATER_NPY3;E7_FR7-5;E8_FR6-1,E7_FR7-1;E9_FR8-1;E8_FR6-3,WATER_NPY1;WATER_NPY2;E8_FR6-4,0.429756532346,0.131679683057,0.137886924537,0.0992205380813,False,False,biological animal
cfos_occurrence,Ocurrencia espacial de núcleos c-FOS positivos / núcleos DAPI,1118,WATER_NPY3;E7_FR7-5;E8_FR6-1,E7_FR7-1;E9_FR8-1;E8_FR6-4,WATER_NPY1;WATER_NPY2;E8_FR6-3,2.72270689431,0.131679683057,0.213023460701,0.0889515109225,False,False,biological animal
cfos_occurrence,Ocurrencia espacial de núcleos c-FOS positivos / núcleos DAPI,1119,WATER_NPY3;E7_FR7-5;E8_FR6-1,E7_FR7-1;E8_FR6-3;E8_FR6-4,WATER_NPY1;WATER_NPY2;E9_FR8-1,0.360895310076,0.131679683057,0.178587431646,0.187139448845,False,False,biological animal
cfos_occurrence,Ocurrencia espacial de núcleos c-FOS positivos / núcleos DAPI,1120,WATER_NPY3;E7_FR7-5;E8_FR6-1,E9_FR8-1;E8_FR6-3;E8_FR6-4,WATER_NPY1;WATER_NPY2;E7_FR7-1,0.424770502261,0.131679683057,0.183562577946,0.187727396435,False,False,biological animal
cfos_occurrence,Ocurrencia espacial de núcleos c-FOS positivos / núcleos DAPI,1121,WATER_NPY3;E7_FR7-5;E8_FR6-3,WATER_NPY1;WATER_NPY2;E7_FR7-1,E9_FR8-1;E8_FR6-1;E8_FR6-4,0.727669713531,0.123850801143,0.187727396435,0.191342895355,False,False,biological animal
cfos_occurrence,Ocurrencia espacial de núcleos c-FOS positivos / núcleos DAPI,1122,WATER_NPY3;E7_FR7-5;E8_FR6-3,WATER_NPY1;WATER_NPY2;E9_FR8-1,E7_FR7-1;E8_FR6-1;E8_FR6-4,0.579642402506,0.123850801143,0.187139448845,0.184102836073,False,False,biological animal
cfos_occurrence,Ocurrencia espacial de núcleos c-FOS positivos / núcleos DAPI,1123,WATER_NPY3;E7_FR7-5;E8_FR6-3,WATER_NPY1;WATER_NPY2;E8_FR6-1,E7_FR7-1;E9_FR8-1;E8_FR6-4,2.65185325374,0.123850801143,0.0981248663582,0.213023460701,False,False,biological animal
cfos_occurrence,Ocurrencia espacial de núcleos c-FOS positivos / núcleos DAPI,1124,WATER_NPY3;E7_FR7-5;E8_FR6-3,WATER_NPY1;WATER_NPY2;E8_FR6-4,E7_FR7-1;E9_FR8-1;E8_FR6-1,0.508580501993,0.123850801143,0.0992205380813,0.142871381155,False,False,biological animal
cfos_occurrence,Ocurrencia espacial de núcleos c-FOS positivos / núcleos DAPI,1125,WATER_NPY3;E7_FR7-5;E8_FR6-3,WATER_NPY1;E7_FR7-1;E9_FR8-1,WATER_NPY2;E8_FR6-1;E8_FR6-4,1.61250664117,0.123850801143,0.19965383875,0.120012976209,False,False,biological animal
cfos_occurrence,Ocurrencia espacial de núcleos c-FOS positivos / núcleos DAPI,1126,WATER_NPY3;E7_FR7-5;E8_FR6-3,WATER_NPY1;E7_FR7-1;E8_FR6-1,WATER_NPY2;E9_FR8-1;E8_FR6-4,0.72601567136,0.123850801143,0.170084800188,0.201437327672,False,False,biological animal
cfos_occurrence,Ocurrencia espacial de núcleos c-FOS positivos / núcleos DAPI,1127,WATER_NPY3;E7_FR7-5;E8_FR6-3,WATER_NPY1;E7_FR7-1;E8_FR6-4,WATER_NPY2;E9_FR8-1;E8_FR6-1,1.32885831065,0.123850801143,0.210301637132,0.16916185466,False,False,biological animal
cfos_occurrence,Ocurrencia espacial de núcleos c-FOS positivos / núcleos DAPI,1128,WATER_NPY3;E7_FR7-5;E8_FR6-3,WATER_NPY1;E9_FR8-1;E8_FR6-1,WATER_NPY2;E7_FR7-1;E8_FR6-4,0.830986738117,0.123850801143,0.178220357587,0.202666112306,False,False,biological animal
cfos_occurrence,Ocurrencia espacial de núcleos c-FOS positivos / núcleos DAPI,1129,WATER_NPY3;E7_FR7-5;E8_FR6-3,WATER_NPY1;E9_FR8-1;E8_FR6-4,WATER_NPY2;E7_FR7-1;E8_FR6-1,1.36310107134,0.123850801143,0.212844372096,0.16556885265,False,False,biological animal
cfos_occurrence,Ocurrencia espacial de núcleos c-FOS positivos / núcleos DAPI,1130,WATER_NPY3;E7_FR7-5;E8_FR6-3,WATER_NPY1;E8_FR6-1;E8_FR6-4,WATER_NPY2;E7_FR7-1;E9_FR8-1,1.0309259779,0.123850801143,0.0976124324673,0.162280241501,False,False,biological animal
cfos_occurrence,Ocurrencia espacial de núcleos c-FOS positivos / núcleos DAPI,1131,WATER_NPY3;E7_FR7-5;E8_FR6-3,WATER_NPY2;E7_FR7-1;E9_FR8-1,WATER_NPY1;E8_FR6-1;E8_FR6-4,1.0309259779,0.123850801143,0.162280241501,0.0976124324673,False,False,biological animal
cfos_occurrence,Ocurrencia espacial de núcleos c-FOS positivos / núcleos DAPI,1132,WATER_NPY3;E7_FR7-5;E8_FR6-3,WATER_NPY2;E7_FR7-1;E8_FR6-1,WATER_NPY1;E9_FR8-1;E8_FR6-4,1.36310107134,0.123850801143,0.16556885265,0.212844372096,False,False,biological animal
cfos_occurrence,Ocurrencia espacial de núcleos c-FOS positivos / núcleos DAPI,1133,WATER_NPY3;E7_FR7-5;E8_FR6-3,WATER_NPY2;E7_FR7-1;E8_FR6-4,WATER_NPY1;E9_FR8-1;E8_FR6-1,0.830986738117,0.123850801143,0.202666112306,0.178220357587,False,False,biological animal
cfos_occurrence,Ocurrencia espacial de núcleos c-FOS positivos / núcleos DAPI,1134,WATER_NPY3;E7_FR7-5;E8_FR6-3,WATER_NPY2;E9_FR8-1;E8_FR6-1,WATER_NPY1;E7_FR7-1;E8_FR6-4,1.32885831065,0.123850801143,0.16916185466,0.210301637132,False,False,biological animal
cfos_occurrence,Ocurrencia espacial de núcleos c-FOS positivos / núcleos DAPI,1135,WATER_NPY3;E7_FR7-5;E8_FR6-3,WATER_NPY2;E9_FR8-1;E8_FR6-4,WATER_NPY1;E7_FR7-1;E8_FR6-1,0.72601567136,0.123850801143,0.201437327672,0.170084800188,False,False,biological animal
cfos_occurrence,Ocurrencia espacial de núcleos c-FOS positivos / núcleos DAPI,1136,WATER_NPY3;E7_FR7-5;E8_FR6-3,WATER_NPY2;E8_FR6-1;E8_FR6-4,WATER_NPY1;E7_FR7-1;E9_FR8-1,1.61250664117,0.123850801143,0.120012976209,0.19965383875,False,False,biological animal
cfos_occurrence,Ocurrencia espacial de núcleos c-FOS positivos / núcleos DAPI,1137,WATER_NPY3;E7_FR7-5;E8_FR6-3,E7_FR7-1;E9_FR8-1;E8_FR6-1,WATER_NPY1;WATER_NPY2;E8_FR6-4,0.508580501993,0.123850801143,0.142871381155,0.0992205380813,False,False,biological animal
cfos_occurrence,Ocurrencia espacial de núcleos c-FOS positivos / núcleos DAPI,1138,WATER_NPY3;E7_FR7-5;E8_FR6-3,E7_FR7-1;E9_FR8-1;E8_FR6-4,WATER_NPY1;WATER_NPY2;E8_FR6-1,2.65185325374,0.123850801143,0.213023460701,0.0981248663582,False,False,biological animal
cfos_occurrence,Ocurrencia espacial de núcleos c-FOS positivos / núcleos DAPI,1139,WATER_NPY3;E7_FR7-5;E8_FR6-3,E7_FR7-1;E8_FR6-1;E8_FR6-4,WATER_NPY1;WATER_NPY2;E9_FR8-1,0.579642402506,0.123850801143,0.184102836073,0.187139448845,False,False,biological animal
cfos_occurrence,Ocurrencia espacial de núcleos c-FOS positivos / núcleos DAPI,1140,WATER_NPY3;E7_FR7-5;E8_FR6-3,E9_FR8-1;E8_FR6-1;E8_FR6-4,WATER_NPY1;WATER_NPY2;E7_FR7-1,0.727669713531,0.123850801143,0.191342895355,0.187727396435,False,False,biological animal
cfos_occurrence,Ocurrencia espacial de núcleos c-FOS positivos / núcleos DAPI,1141,WATER_NPY3;E7_FR7-5;E8_FR6-4,WATER_NPY1;WATER_NPY2;E7_FR7-1,E9_FR8-1;E8_FR6-1;E8_FR6-3,0.375772864864,0.188229081385,0.187727396435,0.142625398728,False,False,biological animal
cfos_occurrence,Ocurrencia espacial de núcleos c-FOS positivos / núcleos DAPI,1142,WATER_NPY3;E7_FR7-5;E8_FR6-4,WATER_NPY1;WATER_NPY2;E9_FR8-1,E7_FR7-1;E8_FR6-1;E8_FR6-3,0.497493190283,0.188229081385,0.187139448845,0.135112165602,False,False,biological animal
cfos_occurrence,Ocurrencia espacial de núcleos c-FOS positivos / núcleos DAPI,1143,WATER_NPY3;E7_FR7-5;E8_FR6-4,WATER_NPY1;WATER_NPY2;E8_FR6-1,E7_FR7-1;E9_FR8-1;E8_FR6-3,1.7527722075,0.188229081385,0.0981248663582,0.137886924537,False,False,biological animal
cfos_occurrence,Ocurrencia espacial de núcleos c-FOS positivos / núcleos DAPI,1144,WATER_NPY3;E7_FR7-5;E8_FR6-4,WATER_NPY1;WATER_NPY2;E8_FR6-3,E7_FR7-1;E9_FR8-1;E8_FR6-1,2.07613802238,0.188229081385,0.0889515109225,0.142871381155,False,False,biological animal
cfos_occurrence,Ocurrencia espacial de núcleos c-FOS positivos / núcleos DAPI,1145,WATER_NPY3;E7_FR7-5;E8_FR6-4,WATER_NPY1;E7_FR7-1;E9_FR8-1,WATER_NPY2;E8_FR6-1;E8_FR6-3,2.64545176278,0.188229081385,0.19965383875,0.0771025607609,False,False,biological animal
cfos_occurrence,Ocurrencia espacial de núcleos c-FOS positivos / núcleos DAPI,1146,WATER_NPY3;E7_FR7-5;E8_FR6-4,WATER_NPY1;E7_FR7-1;E8_FR6-1,WATER_NPY2;E9_FR8-1;E8_FR6-3,0.105848705716,0.188229081385,0.170084800188,0.158834848678,False,False,biological animal
cfos_occurrence,Ocurrencia espacial de núcleos c-FOS positivos / núcleos DAPI,1147,WATER_NPY3;E7_FR7-5;E8_FR6-4,WATER_NPY1;E7_FR7-1;E8_FR6-3,WATER_NPY2;E9_FR8-1;E8_FR6-1,0.0693272535712,0.188229081385,0.16597521685,0.16916185466,False,False,biological animal
cfos_occurrence,Ocurrencia espacial de núcleos c-FOS positivos / núcleos DAPI,1148,WATER_NPY3;E7_FR7-5;E8_FR6-4,WATER_NPY1;E9_FR8-1;E8_FR6-1,WATER_NPY2;E7_FR7-1;E8_FR6-3,0.125976985474,0.188229081385,0.178220357587,0.156828655789,False,False,biological animal
cfos_occurrence,Ocurrencia espacial de núcleos c-FOS positivos / núcleos DAPI,1149,WATER_NPY3;E7_FR7-5;E8_FR6-4,WATER_NPY1;E9_FR8-1;E8_FR6-3,WATER_NPY2;E7_FR7-1;E8_FR6-1,0.0660870599253,0.188229081385,0.171396376123,0.16556885265,False,False,biological animal
cfos_occurrence,Ocurrencia espacial de núcleos c-FOS positivos / núcleos DAPI,1150,WATER_NPY3;E7_FR7-5;E8_FR6-4,WATER_NPY1;E8_FR6-1;E8_FR6-3,WATER_NPY2;E7_FR7-1;E9_FR8-1,2.68275052779,0.188229081385,0.0726304282101,0.162280241501,False,False,biological animal
cfos_occurrence,Ocurrencia espacial de núcleos c-FOS positivos / núcleos DAPI,1151,WATER_NPY3;E7_FR7-5;E8_FR6-4,WATER_NPY2;E7_FR7-1;E9_FR8-1,WATER_NPY1;E8_FR6-1;E8_FR6-3,2.68275052779,0.188229081385,0.162280241501,0.0726304282101,False,False,biological animal
cfos_occurrence,Ocurrencia espacial de núcleos c-FOS positivos / núcleos DAPI,1152,WATER_NPY3;E7_FR7-5;E8_FR6-4,WATER_NPY2;E7_FR7-1;E8_FR6-1,WATER_NPY1;E9_FR8-1;E8_FR6-3,0.0660870599253,0.188229081385,0.16556885265,0.171396376123,False,False,biological animal
cfos_occurrence,Ocurrencia espacial de núcleos c-FOS positivos / núcleos DAPI,1153,WATER_NPY3;E7_FR7-5;E8_FR6-4,WATER_NPY2;E7_FR7-1;E8_FR6-3,WATER_NPY1;E9_FR8-1;E8_FR6-1,0.125976985474,0.188229081385,0.156828655789,0.178220357587,False,False,biological animal
cfos_occurrence,Ocurrencia espacial de núcleos c-FOS positivos / núcleos DAPI,1154,WATER_NPY3;E7_FR7-5;E8_FR6-4,WATER_NPY2;E9_FR8-1;E8_FR6-1,WATER_NPY1;E7_FR7-1;E8_FR6-3,0.0693272535712,0.188229081385,0.16916185466,0.16597521685,False,False,biological animal
cfos_occurrence,Ocurrencia espacial de núcleos c-FOS positivos / núcleos DAPI,1155,WATER_NPY3;E7_FR7-5;E8_FR6-4,WATER_NPY2;E9_FR8-1;E8_FR6-3,WATER_NPY1;E7_FR7-1;E8_FR6-1,0.105848705716,0.188229081385,0.158834848678,0.170084800188,False,False,biological animal
cfos_occurrence,Ocurrencia espacial de núcleos c-FOS positivos / núcleos DAPI,1156,WATER_NPY3;E7_FR7-5;E8_FR6-4,WATER_NPY2;E8_FR6-1;E8_FR6-3,WATER_NPY1;E7_FR7-1;E9_FR8-1,2.64545176278,0.188229081385,0.0771025607609,0.19965383875,False,False,biological animal
cfos_occurrence,Ocurrencia espacial de núcleos c-FOS positivos / núcleos DAPI,1157,WATER_NPY3;E7_FR7-5;E8_FR6-4,E7_FR7-1;E9_FR8-1;E8_FR6-1,WATER_NPY1;WATER_NPY2;E8_FR6-3,2.07613802238,0.188229081385,0.142871381155,0.0889515109225,False,False,biological animal
cfos_occurrence,Ocurrencia espacial de núcleos c-FOS positivos / núcleos DAPI,1158,WATER_NPY3;E7_FR7-5;E8_FR6-4,E7_FR7-1;E9_FR8-1;E8_FR6-3,WATER_NPY1;WATER_NPY2;E8_FR6-1,1.7527722075,0.188229081385,0.137886924537,0.0981248663582,False,False,biological animal
cfos_occurrence,Ocurrencia espacial de núcleos c-FOS positivos / núcleos DAPI,1159,WATER_NPY3;E7_FR7-5;E8_FR6-4,E7_FR7-1;E8_FR6-1;E8_FR6-3,WATER_NPY1;WATER_NPY2;E9_FR8-1,0.497493190283,0.188229081385,0.135112165602,0.187139448845,False,False,biological animal
cfos_occurrence,Ocurrencia espacial de núcleos c-FOS positivos / núcleos DAPI,1160,WATER_NPY3;E7_FR7-5;E8_FR6-4,E9_FR8-1;E8_FR6-1;E8_FR6-3,WATER_NPY1;WATER_NPY2;E7_FR7-1,0.375772864864,0.188229081385,0.142625398728,0.187727396435,False,False,biological animal
cfos_occurrence,Ocurrencia espacial de núcleos c-FOS positivos / núcleos DAPI,1161,WATER_NPY3;E9_FR8-1;E8_FR6-1,WATER_NPY1;WATER_NPY2;E7_FR7-1,E7_FR7-5;E8_FR6-3;E8_FR6-4,0.304145559064,0.156345004239,0.187727396435,0.14658594897,False,False,biological animal
cfos_occurrence,Ocurrencia espacial de núcleos c-FOS positivos / núcleos DAPI,1162,WATER_NPY3;E9_FR8-1;E8_FR6-1,WATER_NPY1;WATER_NPY2;E7_FR7-5,E7_FR7-1;E8_FR6-3;E8_FR6-4,0.120768673546,0.156345004239,0.149674721509,0.178587431646,False,False,biological animal
cfos_occurrence,Ocurrencia espacial de núcleos c-FOS positivos / núcleos DAPI,1163,WATER_NPY3;E9_FR8-1;E8_FR6-1,WATER_NPY1;WATER_NPY2;E8_FR6-3,E7_FR7-1;E7_FR7-5;E8_FR6-4,2.02840678245,0.156345004239,0.0889515109225,0.18959245673,False,False,biological animal
cfos_occurrence,Ocurrencia espacial de núcleos c-FOS positivos / núcleos DAPI,1164,WATER_NPY3;E9_FR8-1;E8_FR6-1,WATER_NPY1;WATER_NPY2;E8_FR6-4,E7_FR7-1;E7_FR7-5;E8_FR6-3,1.11338302442,0.156345004239,0.0992205380813,0.12088188552,False,False,biological animal
cfos_occurrence,Ocurrencia espacial de núcleos c-FOS positivos / núcleos DAPI,1165,WATER_NPY3;E9_FR8-1;E8_FR6-1,WATER_NPY1;E7_FR7-1;E7_FR7-5,WATER_NPY2;E8_FR6-3;E8_FR6-4,1.10587001175,0.156345004239,0.179886201248,0.109964085689,False,False,biological animal
cfos_occurrence,Ocurrencia espacial de núcleos c-FOS positivos / núcleos DAPI,1166,WATER_NPY3;E9_FR8-1;E8_FR6-1,WATER_NPY1;E7_FR7-1;E8_FR6-3,WATER_NPY2;E7_FR7-5;E8_FR6-4,0.0155655444344,0.156345004239,0.16597521685,0.164102948762,False,False,biological animal
cfos_occurrence,Ocurrencia espacial de núcleos c-FOS positivos / núcleos DAPI,1167,WATER_NPY3;E9_FR8-1;E8_FR6-1,WATER_NPY1;E7_FR7-1;E8_FR6-4,WATER_NPY2;E7_FR7-5;E8_FR6-3,1.69229338614,0.156345004239,0.210301637132,0.121822665893,False,False,biological animal
cfos_occurrence,Ocurrencia espacial de núcleos c-FOS positivos / núcleos DAPI,1168,WATER_NPY3;E9_FR8-1;E8_FR6-1,WATER_NPY1;E7_FR7-5;E8_FR6-3,WATER_NPY2;E7_FR7-1;E8_FR6-4,0.778917683651,0.156345004239,0.132238082191,0.202666112306,False,False,biological animal
cfos_occurrence,Ocurrencia espacial de núcleos c-FOS positivos / núcleos DAPI,1169,WATER_NPY3;E9_FR8-1;E8_FR6-1,WATER_NPY1;E7_FR7-5;E8_FR6-4,WATER_NPY2;E7_FR7-1;E8_FR6-3,0.0577798860575,0.156345004239,0.170261350708,0.156828655789,False,False,biological animal
cfos_occurrence,Ocurrencia espacial de núcleos c-FOS positivos / núcleos DAPI,1170,WATER_NPY3;E9_FR8-1;E8_FR6-1,WATER_NPY1;E8_FR6-3;E8_FR6-4,WATER_NPY2;E7_FR7-1;E7_FR7-5,1.13096319445,0.156345004239,0.0945784918164,0.144085962965,False,False,biological animal
cfos_occurrence,Ocurrencia espacial de núcleos c-FOS positivos / núcleos DAPI,1171,WATER_NPY3;E9_FR8-1;E8_FR6-1,WATER_NPY2;E7_FR7-1;E7_FR7-5,WATER_NPY1;E8_FR6-3;E8_FR6-4,1.13096319445,0.156345004239,0.144085962965,0.0945784918164,False,False,biological animal
cfos_occurrence,Ocurrencia espacial de núcleos c-FOS positivos / núcleos DAPI,1172,WATER_NPY3;E9_FR8-1;E8_FR6-1,WATER_NPY2;E7_FR7-1;E8_FR6-3,WATER_NPY1;E7_FR7-5;E8_FR6-4,0.0577798860575,0.156345004239,0.156828655789,0.170261350708,False,False,biological animal
cfos_occurrence,Ocurrencia espacial de núcleos c-FOS positivos / núcleos DAPI,1173,WATER_NPY3;E9_FR8-1;E8_FR6-1,WATER_NPY2;E7_FR7-1;E8_FR6-4,WATER_NPY1;E7_FR7-5;E8_FR6-3,0.778917683651,0.156345004239,0.202666112306,0.132238082191,False,False,biological animal
cfos_occurrence,Ocurrencia espacial de núcleos c-FOS positivos / núcleos DAPI,1174,WATER_NPY3;E9_FR8-1;E8_FR6-1,WATER_NPY2;E7_FR7-5;E8_FR6-3,WATER_NPY1;E7_FR7-1;E8_FR6-4,1.69229338614,0.156345004239,0.121822665893,0.210301637132,False,False,biological animal
cfos_occurrence,Ocurrencia espacial de núcleos c-FOS positivos / núcleos DAPI,1175,WATER_NPY3;E9_FR8-1;E8_FR6-1,WATER_NPY2;E7_FR7-5;E8_FR6-4,WATER_NPY1;E7_FR7-1;E8_FR6-3,0.0155655444344,0.156345004239,0.164102948762,0.16597521685,False,False,biological animal
cfos_occurrence,Ocurrencia espacial de núcleos c-FOS positivos / núcleos DAPI,1176,WATER_NPY3;E9_FR8-1;E8_FR6-1,WATER_NPY2;E8_FR6-3;E8_FR6-4,WATER_NPY1;E7_FR7-1;E7_FR7-5,1.10587001175,0.156345004239,0.109964085689,0.179886201248,False,False,biological animal
cfos_occurrence,Ocurrencia espacial de núcleos c-FOS positivos / núcleos DAPI,1177,WATER_NPY3;E9_FR8-1;E8_FR6-1,E7_FR7-1;E7_FR7-5;E8_FR6-3,WATER_NPY1;WATER_NPY2;E8_FR6-4,1.11338302442,0.156345004239,0.12088188552,0.0992205380813,False,False,biological animal
cfos_occurrence,Ocurrencia espacial de núcleos c-FOS positivos / núcleos DAPI,1178,WATER_NPY3;E9_FR8-1;E8_FR6-1,E7_FR7-1;E7_FR7-5;E8_FR6-4,WATER_NPY1;WATER_NPY2;E8_FR6-3,2.02840678245,0.156345004239,0.18959245673,0.0889515109225,False,False,biological animal
cfos_occurrence,Ocurrencia espacial de núcleos c-FOS positivos / núcleos DAPI,1179,WATER_NPY3;E9_FR8-1;E8_FR6-1,E7_FR7-1;E8_FR6-3;E8_FR6-4,WATER_NPY1;WATER_NPY2;E7_FR7-5,0.120768673546,0.156345004239,0.178587431646,0.149674721509,False,False,biological animal
cfos_occurrence,Ocurrencia espacial de núcleos c-FOS positivos / núcleos DAPI,1180,WATER_NPY3;E9_FR8-1;E8_FR6-1,E7_FR7-5;E8_FR6-3;E8_FR6-4,WATER_NPY1;WATER_NPY2;E7_FR7-1,0.304145559064,0.156345004239,0.14658594897,0.187727396435,False,False,biological animal
cfos_occurrence,Ocurrencia espacial de núcleos c-FOS positivos / núcleos DAPI,1181,WATER_NPY3;E9_FR8-1;E8_FR6-3,WATER_NPY1;WATER_NPY2;E7_FR7-1,E7_FR7-5;E8_FR6-1;E8_FR6-4,0.34703887318,0.148034243925,0.187727396435,0.154106710722,False,False,biological animal
cfos_occurrence,Ocurrencia espacial de núcleos c-FOS positivos / núcleos DAPI,1182,WATER_NPY3;E9_FR8-1;E8_FR6-3,WATER_NPY1;WATER_NPY2;E7_FR7-5,E7_FR7-1;E8_FR6-1;E8_FR6-4,0.248195209371,0.148034243925,0.149674721509,0.184102836073,False,False,biological animal
cfos_occurrence,Ocurrencia espacial de núcleos c-FOS positivos / núcleos DAPI,1183,WATER_NPY3;E9_FR8-1;E8_FR6-3,WATER_NPY1;WATER_NPY2;E8_FR6-1,E7_FR7-1;E7_FR7-5;E8_FR6-4,1.67263668641,0.148034243925,0.0981248663582,0.18959245673,False,False,biological animal
cfos_occurrence,Ocurrencia espacial de núcleos c-FOS positivos / núcleos DAPI,1184,WATER_NPY3;E9_FR8-1;E8_FR6-3,WATER_NPY1;WATER_NPY2;E8_FR6-4,E7_FR7-1;E7_FR7-5;E8_FR6-1,0.891421747121,0.148034243925,0.0992205380813,0.126925372434,False,False,biological animal
cfos_occurrence,Ocurrencia espacial de núcleos c-FOS positivos / núcleos DAPI,1185,WATER_NPY3;E9_FR8-1;E8_FR6-3,WATER_NPY1;E7_FR7-1;E7_FR7-5,WATER_NPY2;E8_FR6-1;E8_FR6-4,0.852947731519,0.148034243925,0.179886201248,0.120012976209,False,False,biological animal
cfos_occurrence,Ocurrencia espacial de núcleos c-FOS positivos / núcleos DAPI,1186,WATER_NPY3;E9_FR8-1;E8_FR6-3,WATER_NPY1;E7_FR7-1;E8_FR6-1,WATER_NPY2;E7_FR7-5;E8_FR6-4,0.0865323695352,0.148034243925,0.170084800188,0.164102948762,False,False,biological animal
cfos_occurrence,Ocurrencia espacial de núcleos c-FOS positivos / núcleos DAPI,1187,WATER_NPY3;E9_FR8-1;E8_FR6-3,WATER_NPY1;E7_FR7-1;E8_FR6-4,WATER_NPY2;E7_FR7-5;E8_FR6-1,1.60055551477,0.148034243925,0.210301637132,0.133459160332,False,False,biological animal
cfos_occurrence,Ocurrencia espacial de núcleos c-FOS positivos / núcleos DAPI,1188,WATER_NPY3;E9_FR8-1;E8_FR6-3,WATER_NPY1;E7_FR7-5;E8_FR6-1,WATER_NPY2;E7_FR7-1;E8_FR6-4,0.820437509973,0.148034243925,0.140062915087,0.202666112306,False,False,biological animal
cfos_occurrence,Ocurrencia espacial de núcleos c-FOS positivos / núcleos DAPI,1189,WATER_NPY3;E9_FR8-1;E8_FR6-3,WATER_NPY1;E7_FR7-5;E8_FR6-4,WATER_NPY2;E7_FR7-1;E8_FR6-1,0.151982860335,0.148034243925,0.170261350708,0.16556885265,False,False,biological animal
cfos_occurrence,Ocurrencia espacial de núcleos c-FOS positivos / núcleos DAPI,1190,WATER_NPY3;E9_FR8-1;E8_FR6-3,WATER_NPY1;E8_FR6-1;E8_FR6-4,WATER_NPY2;E7_FR7-1;E7_FR7-5,0.867770697188,0.148034243925,0.0976124324673,0.144085962965,False,False,biological animal
cfos_occurrence,Ocurrencia espacial de núcleos c-FOS positivos / núcleos DAPI,1191,WATER_NPY3;E9_FR8-1;E8_FR6-3,WATER_NPY2;E7_FR7-1;E7_FR7-5,WATER_NPY1;E8_FR6-1;E8_FR6-4,0.867770697188,0.148034243925,0.144085962965,0.0976124324673,False,False,biological animal
cfos_occurrence,Ocurrencia espacial de núcleos c-FOS positivos / núcleos DAPI,1192,WATER_NPY3;E9_FR8-1;E8_FR6-3,WATER_NPY2;E7_FR7-1;E8_FR6-1,WATER_NPY1;E7_FR7-5;E8_FR6-4,0.151982860335,0.148034243925,0.16556885265,0.170261350708,False,False,biological animal
cfos_occurrence,Ocurrencia espacial de núcleos c-FOS positivos / núcleos DAPI,1193,WATER_NPY3;E9_FR8-1;E8_FR6-3,WATER_NPY2;E7_FR7-1;E8_FR6-4,WATER_NPY1;E7_FR7-5;E8_FR6-1,0.820437509973,0.148034243925,0.202666112306,0.140062915087,False,False,biological animal
cfos_occurrence,Ocurrencia espacial de núcleos c-FOS positivos / núcleos DAPI,1194,WATER_NPY3;E9_FR8-1;E8_FR6-3,WATER_NPY2;E7_FR7-5;E8_FR6-1,WATER_NPY1;E7_FR7-1;E8_FR6-4,1.60055551477,0.148034243925,0.133459160332,0.210301637132,False,False,biological animal
cfos_occurrence,Ocurrencia espacial de núcleos c-FOS positivos / núcleos DAPI,1195,WATER_NPY3;E9_FR8-1;E8_FR6-3,WATER_NPY2;E7_FR7-5;E8_FR6-4,WATER_NPY1;E7_FR7-1;E8_FR6-1,0.0865323695352,0.148034243925,0.164102948762,0.170084800188,False,False,biological animal
cfos_occurrence,Ocurrencia espacial de núcleos c-FOS positivos / núcleos DAPI,1196,WATER_NPY3;E9_FR8-1;E8_FR6-3,WATER_NPY2;E8_FR6-1;E8_FR6-4,WATER_NPY1;E7_FR7-1;E7_FR7-5,0.852947731519,0.148034243925,0.120012976209,0.179886201248,False,False,biological animal
cfos_occurrence,Ocurrencia espacial de núcleos c-FOS positivos / núcleos DAPI,1197,WATER_NPY3;E9_FR8-1;E8_FR6-3,E7_FR7-1;E7_FR7-5;E8_FR6-1,WATER_NPY1;WATER_NPY2;E8_FR6-4,0.891421747121,0.148034243925,0.126925372434,0.0992205380813,False,False,biological animal
cfos_occurrence,Ocurrencia espacial de núcleos c-FOS positivos / núcleos DAPI,1198,WATER_NPY3;E9_FR8-1;E8_FR6-3,E7_FR7-1;E7_FR7-5;E8_FR6-4,WATER_NPY1;WATER_NPY2;E8_FR6-1,1.67263668641,0.148034243925,0.18959245673,0.0981248663582,False,False,biological animal
cfos_occurrence,Ocurrencia espacial de núcleos c-FOS positivos / núcleos DAPI,1199,WATER_NPY3;E9_FR8-1;E8_FR6-3,E7_FR7-1;E8_FR6-1;E8_FR6-4,WATER_NPY1;WATER_NPY2;E7_FR7-5,0.248195209371,0.148034243925,0.184102836073,0.149674721509,False,False,biological animal
cfos_occurrence,Ocurrencia espacial de núcleos c-FOS positivos / núcleos DAPI,1200,WATER_NPY3;E9_FR8-1;E8_FR6-3,E7_FR7-5;E8_FR6-1;E8_FR6-4,WATER_NPY1;WATER_NPY2;E7_FR7-1,0.34703887318,0.148034243925,0.154106710722,0.187727396435,False,False,biological animal
cfos_occurrence,Ocurrencia espacial de núcleos c-FOS positivos / núcleos DAPI,1201,WATER_NPY3;E9_FR8-1;E8_FR6-4,WATER_NPY1;WATER_NPY2;E7_FR7-1,E7_FR7-5;E8_FR6-1;E8_FR6-3,2.16330799004,0.213419517422,0.187727396435,0.102106846054,False,False,biological animal
cfos_occurrence,Ocurrencia espacial de núcleos c-FOS positivos / núcleos DAPI,1202,WATER_NPY3;E9_FR8-1;E8_FR6-4,WATER_NPY1;WATER_NPY2;E7_FR7-5,E7_FR7-1;E8_FR6-1;E8_FR6-3,1.1715975331,0.213419517422,0.149674721509,0.135112165602,False,False,biological animal
cfos_occurrence,Ocurrencia espacial de núcleos c-FOS positivos / núcleos DAPI,1203,WATER_NPY3;E9_FR8-1;E8_FR6-4,WATER_NPY1;WATER_NPY2;E8_FR6-1,E7_FR7-1;E7_FR7-5;E8_FR6-3,3.36673602536,0.213419517422,0.0981248663582,0.12088188552,False,False,biological animal
cfos_occurrence,Ocurrencia espacial de núcleos c-FOS positivos / núcleos DAPI,1204,WATER_NPY3;E9_FR8-1;E8_FR6-4,WATER_NPY1;WATER_NPY2;E8_FR6-3,E7_FR7-1;E7_FR7-5;E8_FR6-1,3.78451201108,0.213419517422,0.0889515109225,0.126925372434,False,False,biological animal
cfos_occurrence,Ocurrencia espacial de núcleos c-FOS positivos / núcleos DAPI,1205,WATER_NPY3;E9_FR8-1;E8_FR6-4,WATER_NPY1;E7_FR7-1;E7_FR7-5,WATER_NPY2;E8_FR6-1;E8_FR6-3,2.98796373276,0.213419517422,0.179886201248,0.0771025607609,False,False,biological animal
cfos_occurrence,Ocurrencia espacial de núcleos c-FOS positivos / núcleos DAPI,1206,WATER_NPY3;E9_FR8-1;E8_FR6-4,WATER_NPY1;E7_FR7-1;E8_FR6-1,WATER_NPY2;E7_FR7-5;E8_FR6-3,1.14126044425,0.213419517422,0.170084800188,0.121822665893,False,False,biological animal
cfos_occurrence,Ocurrencia espacial de núcleos c-FOS positivos / núcleos DAPI,1207,WATER_NPY3;E9_FR8-1;E8_FR6-4,WATER_NPY1;E7_FR7-1;E8_FR6-3,WATER_NPY2;E7_FR7-5;E8_FR6-1,0.861233383532,0.213419517422,0.16597521685,0.133459160332,False,False,biological animal
cfos_occurrence,Ocurrencia espacial de núcleos c-FOS positivos / núcleos DAPI,1208,WATER_NPY3;E9_FR8-1;E8_FR6-4,WATER_NPY1;E7_FR7-5;E8_FR6-1,WATER_NPY2;E7_FR7-1;E8_FR6-3,0.893224327879,0.213419517422,0.140062915087,0.156828655789,False,False,biological animal
cfos_occurrence,Ocurrencia espacial de núcleos c-FOS positivos / núcleos DAPI,1209,WATER_NPY3;E9_FR8-1;E8_FR6-4,WATER_NPY1;E7_FR7-5;E8_FR6-3,WATER_NPY2;E7_FR7-1;E8_FR6-1,0.975607232427,0.213419517422,0.132238082191,0.16556885265,False,False,biological animal
cfos_occurrence,Ocurrencia espacial de núcleos c-FOS positivos / núcleos DAPI,1210,WATER_NPY3;E9_FR8-1;E8_FR6-4,WATER_NPY1;E8_FR6-1;E8_FR6-3,WATER_NPY2;E7_FR7-1;E7_FR7-5,3.52415902763,0.213419517422,0.0726304282101,0.144085962965,False,False,biological animal
cfos_occurrence,Ocurrencia espacial de núcleos c-FOS positivos / núcleos DAPI,1211,WATER_NPY3;E9_FR8-1;E8_FR6-4,WATER_NPY2;E7_FR7-1;E7_FR7-5,WATER_NPY1;E8_FR6-1;E8_FR6-3,3.52415902763,0.213419517422,0.144085962965,0.0726304282101,False,False,biological animal
cfos_occurrence,Ocurrencia espacial de núcleos c-FOS positivos / núcleos DAPI,1212,WATER_NPY3;E9_FR8-1;E8_FR6-4,WATER_NPY2;E7_FR7-1;E8_FR6-1,WATER_NPY1;E7_FR7-5;E8_FR6-3,0.975607232427,0.213419517422,0.16556885265,0.132238082191,False,False,biological animal
cfos_occurrence,Ocurrencia espacial de núcleos c-FOS positivos / núcleos DAPI,1213,WATER_NPY3;E9_FR8-1;E8_FR6-4,WATER_NPY2;E7_FR7-1;E8_FR6-3,WATER_NPY1;E7_FR7-5;E8_FR6-1,0.893224327879,0.213419517422,0.156828655789,0.140062915087,False,False,biological animal
cfos_occurrence,Ocurrencia espacial de núcleos c-FOS positivos / núcleos DAPI,1214,WATER_NPY3;E9_FR8-1;E8_FR6-4,WATER_NPY2;E7_FR7-5;E8_FR6-1,WATER_NPY1;E7_FR7-1;E8_FR6-3,0.861233383532,0.213419517422,0.133459160332,0.16597521685,False,False,biological animal
cfos_occurrence,Ocurrencia espacial de núcleos c-FOS positivos / núcleos DAPI,1215,WATER_NPY3;E9_FR8-1;E8_FR6-4,WATER_NPY2;E7_FR7-5;E8_FR6-3,WATER_NPY1;E7_FR7-1;E8_FR6-1,1.14126044425,0.213419517422,0.121822665893,0.170084800188,False,False,biological animal
cfos_occurrence,Ocurrencia espacial de núcleos c-FOS positivos / núcleos DAPI,1216,WATER_NPY3;E9_FR8-1;E8_FR6-4,WATER_NPY2;E8_FR6-1;E8_FR6-3,WATER_NPY1;E7_FR7-1;E7_FR7-5,2.98796373276,0.213419517422,0.0771025607609,0.179886201248,False,False,biological animal
cfos_occurrence,Ocurrencia espacial de núcleos c-FOS positivos / núcleos DAPI,1217,WATER_NPY3;E9_FR8-1;E8_FR6-4,E7_FR7-1;E7_FR7-5;E8_FR6-1,WATER_NPY1;WATER_NPY2;E8_FR6-3,3.78451201108,0.213419517422,0.126925372434,0.0889515109225,False,False,biological animal
cfos_occurrence,Ocurrencia espacial de núcleos c-FOS positivos / núcleos DAPI,1218,WATER_NPY3;E9_FR8-1;E8_FR6-4,E7_FR7-1;E7_FR7-5;E8_FR6-3,WATER_NPY1;WATER_NPY2;E8_FR6-1,3.36673602536,0.213419517422,0.12088188552,0.0981248663582,False,False,biological animal
cfos_occurrence,Ocurrencia espacial de núcleos c-FOS positivos / núcleos DAPI,1219,WATER_NPY3;E9_FR8-1;E8_FR6-4,E7_FR7-1;E8_FR6-1;E8_FR6-3,WATER_NPY1;WATER_NPY2;E7_FR7-5,1.1715975331,0.213419517422,0.135112165602,0.149674721509,False,False,biological animal
cfos_occurrence,Ocurrencia espacial de núcleos c-FOS positivos / núcleos DAPI,1220,WATER_NPY3;E9_FR8-1;E8_FR6-4,E7_FR7-5;E8_FR6-1;E8_FR6-3,WATER_NPY1;WATER_NPY2;E7_FR7-1,2.16330799004,0.213419517422,0.102106846054,0.187727396435,False,False,biological animal
cfos_occurrence,Ocurrencia espacial de núcleos c-FOS positivos / núcleos DAPI,1221,WATER_NPY3;E8_FR6-1;E8_FR6-3,WATER_NPY1;WATER_NPY2;E7_FR7-1,E7_FR7-5;E9_FR8-1;E8_FR6-4,0.268724986489,0.148417989643,0.187727396435,0.190166664278,False,False,biological animal
cfos_occurrence,Ocurrencia espacial de núcleos c-FOS positivos / núcleos DAPI,1222,WATER_NPY3;E8_FR6-1;E8_FR6-3,WATER_NPY1;WATER_NPY2;E7_FR7-5,E7_FR7-1;E9_FR8-1;E8_FR6-4,0.81100537035,0.148417989643,0.149674721509,0.213023460701,False,False,biological animal
cfos_occurrence,Ocurrencia espacial de núcleos c-FOS positivos / núcleos DAPI,1223,WATER_NPY3;E8_FR6-1;E8_FR6-3,WATER_NPY1;WATER_NPY2;E9_FR8-1,E7_FR7-1;E7_FR7-5;E8_FR6-4,0.25493481784,0.148417989643,0.187139448845,0.18959245673,False,False,biological animal
cfos_occurrence,Ocurrencia espacial de núcleos c-FOS positivos / núcleos DAPI,1224,WATER_NPY3;E8_FR6-1;E8_FR6-3,WATER_NPY1;WATER_NPY2;E8_FR6-4,E7_FR7-1;E7_FR7-5;E9_FR8-1,3.47903927595,0.148417989643,0.0992205380813,0.06113494281,False,False,biological animal
cfos_occurrence,Ocurrencia espacial de núcleos c-FOS positivos / núcleos DAPI,1225,WATER_NPY3;E8_FR6-1;E8_FR6-3,WATER_NPY1;E7_FR7-1;E7_FR7-5,WATER_NPY2;E9_FR8-1;E8_FR6-4,0.377828011541,0.148417989643,0.179886201248,0.201437327672,False,False,biological animal
cfos_occurrence,Ocurrencia espacial de núcleos c-FOS positivos / núcleos DAPI,1226,WATER_NPY3;E8_FR6-1;E8_FR6-3,WATER_NPY1;E7_FR7-1;E9_FR8-1,WATER_NPY2;E7_FR7-5;E8_FR6-4,0.464075107232,0.148417989643,0.19965383875,0.164102948762,False,False,biological animal
cfos_occurrence,Ocurrencia espacial de núcleos c-FOS positivos / núcleos DAPI,1227,WATER_NPY3;E8_FR6-1;E8_FR6-3,WATER_NPY1;E7_FR7-1;E8_FR6-4,WATER_NPY2;E7_FR7-5;E9_FR8-1,0.835926481124,0.148417989643,0.210301637132,0.143571770456,False,False,biological animal
cfos_occurrence,Ocurrencia espacial de núcleos c-FOS positivos / núcleos DAPI,1228,WATER_NPY3;E8_FR6-1;E8_FR6-3,WATER_NPY1;E7_FR7-5;E9_FR8-1,WATER_NPY2;E7_FR7-1;E8_FR6-4,0.39435326915,0.148417989643,0.181110850059,0.202666112306,False,False,biological animal
cfos_occurrence,Ocurrencia espacial de núcleos c-FOS positivos / núcleos DAPI,1229,WATER_NPY3;E8_FR6-1;E8_FR6-3,WATER_NPY1;E7_FR7-5;E8_FR6-4,WATER_NPY2;E7_FR7-1;E9_FR8-1,0.0942833897023,0.148417989643,0.170261350708,0.162280241501,False,False,biological animal
cfos_occurrence,Ocurrencia espacial de núcleos c-FOS positivos / núcleos DAPI,1230,WATER_NPY3;E8_FR6-1;E8_FR6-3,WATER_NPY1;E9_FR8-1;E8_FR6-4,WATER_NPY2;E7_FR7-1;E7_FR7-5,0.858623188141,0.148417989643,0.212844372096,0.144085962965,False,False,biological animal
cfos_occurrence,Ocurrencia espacial de núcleos c-FOS positivos / núcleos DAPI,1231,WATER_NPY3;E8_FR6-1;E8_FR6-3,WATER_NPY2;E7_FR7-1;E7_FR7-5,WATER_NPY1;E9_FR8-1;E8_FR6-4,0.858623188141,0.148417989643,0.144085962965,0.212844372096,False,False,biological animal
cfos_occurrence,Ocurrencia espacial de núcleos c-FOS positivos / núcleos DAPI,1232,WATER_NPY3;E8_FR6-1;E8_FR6-3,WATER_NPY2;E7_FR7-1;E9_FR8-1,WATER_NPY1;E7_FR7-5;E8_FR6-4,0.0942833897023,0.148417989643,0.162280241501,0.170261350708,False,False,biological animal
cfos_occurrence,Ocurrencia espacial de núcleos c-FOS positivos / núcleos DAPI,1233,WATER_NPY3;E8_FR6-1;E8_FR6-3,WATER_NPY2;E7_FR7-1;E8_FR6-4,WATER_NPY1;E7_FR7-5;E9_FR8-1,0.39435326915,0.148417989643,0.202666112306,0.181110850059,False,False,biological animal
cfos_occurrence,Ocurrencia espacial de núcleos c-FOS positivos / núcleos DAPI,1234,WATER_NPY3;E8_FR6-1;E8_FR6-3,WATER_NPY2;E7_FR7-5;E9_FR8-1,WATER_NPY1;E7_FR7-1;E8_FR6-4,0.835926481124,0.148417989643,0.143571770456,0.210301637132,False,False,biological animal
cfos_occurrence,Ocurrencia espacial de núcleos c-FOS positivos / núcleos DAPI,1235,WATER_NPY3;E8_FR6-1;E8_FR6-3,WATER_NPY2;E7_FR7-5;E8_FR6-4,WATER_NPY1;E7_FR7-1;E9_FR8-1,0.464075107232,0.148417989643,0.164102948762,0.19965383875,False,False,biological animal
cfos_occurrence,Ocurrencia espacial de núcleos c-FOS positivos / núcleos DAPI,1236,WATER_NPY3;E8_FR6-1;E8_FR6-3,WATER_NPY2;E9_FR8-1;E8_FR6-4,WATER_NPY1;E7_FR7-1;E7_FR7-5,0.377828011541,0.148417989643,0.201437327672,0.179886201248,False,False,biological animal
cfos_occurrence,Ocurrencia espacial de núcleos c-FOS positivos / núcleos DAPI,1237,WATER_NPY3;E8_FR6-1;E8_FR6-3,E7_FR7-1;E7_FR7-5;E9_FR8-1,WATER_NPY1;WATER_NPY2;E8_FR6-4,3.47903927595,0.148417989643,0.06113494281,0.0992205380813,False,False,biological animal
cfos_occurrence,Ocurrencia espacial de núcleos c-FOS positivos / núcleos DAPI,1238,WATER_NPY3;E8_FR6-1;E8_FR6-3,E7_FR7-1;E7_FR7-5;E8_FR6-4,WATER_NPY1;WATER_NPY2;E9_FR8-1,0.25493481784,0.148417989643,0.18959245673,0.187139448845,False,False,biological animal
cfos_occurrence,Ocurrencia espacial de núcleos c-FOS positivos / núcleos DAPI,1239,WATER_NPY3;E8_FR6-1;E8_FR6-3,E7_FR7-1;E9_FR8-1;E8_FR6-4,WATER_NPY1;WATER_NPY2;E7_FR7-5,0.81100537035,0.148417989643,0.213023460701,0.149674721509,False,False,biological animal
cfos_occurrence,Ocurrencia espacial de núcleos c-FOS positivos / núcleos DAPI,1240,WATER_NPY3;E8_FR6-1;E8_FR6-3,E7_FR7-5;E9_FR8-1;E8_FR6-4,WATER_NPY1;WATER_NPY2;E7_FR7-1,0.268724986489,0.148417989643,0.190166664278,0.187727396435,False,False,biological animal
cfos_occurrence,Ocurrencia espacial de núcleos c-FOS positivos / núcleos DAPI,1241,WATER_NPY3;E8_FR6-1;E8_FR6-4,WATER_NPY1;WATER_NPY2;E7_FR7-1,E7_FR7-5;E9_FR8-1;E8_FR6-3,0.951271612193,0.19390681198,0.187727396435,0.122495409459,False,False,biological animal
cfos_occurrence,Ocurrencia espacial de núcleos c-FOS positivos / núcleos DAPI,1242,WATER_NPY3;E8_FR6-1;E8_FR6-4,WATER_NPY1;WATER_NPY2;E7_FR7-5,E7_FR7-1;E9_FR8-1;E8_FR6-3,0.658988900782,0.19390681198,0.149674721509,0.137886924537,False,False,biological animal
cfos_occurrence,Ocurrencia espacial de núcleos c-FOS positivos / núcleos DAPI,1243,WATER_NPY3;E8_FR6-1;E8_FR6-4,WATER_NPY1;WATER_NPY2;E9_FR8-1,E7_FR7-1;E7_FR7-5;E8_FR6-3,0.992826389087,0.19390681198,0.187139448845,0.12088188552,False,False,biological animal
cfos_occurrence,Ocurrencia espacial de núcleos c-FOS positivos / núcleos DAPI,1244,WATER_NPY3;E8_FR6-1;E8_FR6-4,WATER_NPY1;WATER_NPY2;E8_FR6-3,E7_FR7-1;E7_FR7-5;E9_FR8-1,7.57780539454,0.19390681198,0.0889515109225,0.06113494281,False,True,biological animal
cfos_occurrence,Ocurrencia espacial de núcleos c-FOS positivos / núcleos DAPI,1245,WATER_NPY3;E8_FR6-1;E8_FR6-4,WATER_NPY1;E7_FR7-1;E7_FR7-5,WATER_NPY2;E9_FR8-1;E8_FR6-3,0.18222035779,0.19390681198,0.179886201248,0.158834848678,False,False,biological animal
cfos_occurrence,Ocurrencia espacial de núcleos c-FOS positivos / núcleos DAPI,1246,WATER_NPY3;E8_FR6-1;E8_FR6-4,WATER_NPY1;E7_FR7-1;E9_FR8-1,WATER_NPY2;E7_FR7-5;E8_FR6-3,1.24115629356,0.19390681198,0.19965383875,0.121822665893,False,False,biological animal
cfos_occurrence,Ocurrencia espacial de núcleos c-FOS positivos / núcleos DAPI,1247,WATER_NPY3;E8_FR6-1;E8_FR6-4,WATER_NPY1;E7_FR7-1;E8_FR6-3,WATER_NPY2;E7_FR7-5;E9_FR8-1,0.290849667758,0.19390681198,0.16597521685,0.143571770456,False,False,biological animal
cfos_occurrence,Ocurrencia espacial de núcleos c-FOS positivos / núcleos DAPI,1248,WATER_NPY3;E8_FR6-1;E8_FR6-4,WATER_NPY1;E7_FR7-5;E9_FR8-1,WATER_NPY2;E7_FR7-1;E8_FR6-3,0.194432516811,0.19390681198,0.181110850059,0.156828655789,False,False,biological animal
cfos_occurrence,Ocurrencia espacial de núcleos c-FOS positivos / núcleos DAPI,1249,WATER_NPY3;E8_FR6-1;E8_FR6-4,WATER_NPY1;E7_FR7-5;E8_FR6-3,WATER_NPY2;E7_FR7-1;E9_FR8-1,0.530337282166,0.19390681198,0.132238082191,0.162280241501,False,False,biological animal
cfos_occurrence,Ocurrencia espacial de núcleos c-FOS positivos / núcleos DAPI,1250,WATER_NPY3;E8_FR6-1;E8_FR6-4,WATER_NPY1;E9_FR8-1;E8_FR6-3,WATER_NPY2;E7_FR7-1;E7_FR7-5,0.280836216466,0.19390681198,0.171396376123,0.144085962965,False,False,biological animal
cfos_occurrence,Ocurrencia espacial de núcleos c-FOS positivos / núcleos DAPI,1251,WATER_NPY3;E8_FR6-1;E8_FR6-4,WATER_NPY2;E7_FR7-1;E7_FR7-5,WATER_NPY1;E9_FR8-1;E8_FR6-3,0.280836216466,0.19390681198,0.144085962965,0.171396376123,False,False,biological animal
cfos_occurrence,Ocurrencia espacial de núcleos c-FOS positivos / núcleos DAPI,1252,WATER_NPY3;E8_FR6-1;E8_FR6-4,WATER_NPY2;E7_FR7-1;E9_FR8-1,WATER_NPY1;E7_FR7-5;E8_FR6-3,0.530337282166,0.19390681198,0.162280241501,0.132238082191,False,False,biological animal
cfos_occurrence,Ocurrencia espacial de núcleos c-FOS positivos / núcleos DAPI,1253,WATER_NPY3;E8_FR6-1;E8_FR6-4,WATER_NPY2;E7_FR7-1;E8_FR6-3,WATER_NPY1;E7_FR7-5;E9_FR8-1,0.194432516811,0.19390681198,0.156828655789,0.181110850059,False,False,biological animal
cfos_occurrence,Ocurrencia espacial de núcleos c-FOS positivos / núcleos DAPI,1254,WATER_NPY3;E8_FR6-1;E8_FR6-4,WATER_NPY2;E7_FR7-5;E9_FR8-1,WATER_NPY1;E7_FR7-1;E8_FR6-3,0.290849667758,0.19390681198,0.143571770456,0.16597521685,False,False,biological animal
cfos_occurrence,Ocurrencia espacial de núcleos c-FOS positivos / núcleos DAPI,1255,WATER_NPY3;E8_FR6-1;E8_FR6-4,WATER_NPY2;E7_FR7-5;E8_FR6-3,WATER_NPY1;E7_FR7-1;E9_FR8-1,1.24115629356,0.19390681198,0.121822665893,0.19965383875,False,False,biological animal
cfos_occurrence,Ocurrencia espacial de núcleos c-FOS positivos / núcleos DAPI,1256,WATER_NPY3;E8_FR6-1;E8_FR6-4,WATER_NPY2;E9_FR8-1;E8_FR6-3,WATER_NPY1;E7_FR7-1;E7_FR7-5,0.18222035779,0.19390681198,0.158834848678,0.179886201248,False,False,biological animal
cfos_occurrence,Ocurrencia espacial de núcleos c-FOS positivos / núcleos DAPI,1257,WATER_NPY3;E8_FR6-1;E8_FR6-4,E7_FR7-1;E7_FR7-5;E9_FR8-1,WATER_NPY1;WATER_NPY2;E8_FR6-3,7.57780539454,0.19390681198,0.06113494281,0.0889515109225,False,True,biological animal
cfos_occurrence,Ocurrencia espacial de núcleos c-FOS positivos / núcleos DAPI,1258,WATER_NPY3;E8_FR6-1;E8_FR6-4,E7_FR7-1;E7_FR7-5;E8_FR6-3,WATER_NPY1;WATER_NPY2;E9_FR8-1,0.992826389087,0.19390681198,0.12088188552,0.187139448845,False,False,biological animal
cfos_occurrence,Ocurrencia espacial de núcleos c-FOS positivos / núcleos DAPI,1259,WATER_NPY3;E8_FR6-1;E8_FR6-4,E7_FR7-1;E9_FR8-1;E8_FR6-3,WATER_NPY1;WATER_NPY2;E7_FR7-5,0.658988900782,0.19390681198,0.137886924537,0.149674721509,False,False,biological animal
cfos_occurrence,Ocurrencia espacial de núcleos c-FOS positivos / núcleos DAPI,1260,WATER_NPY3;E8_FR6-1;E8_FR6-4,E7_FR7-5;E9_FR8-1;E8_FR6-3,WATER_NPY1;WATER_NPY2;E7_FR7-1,0.951271612193,0.19390681198,0.122495409459,0.187727396435,False,False,biological animal
cfos_occurrence,Ocurrencia espacial de núcleos c-FOS positivos / núcleos DAPI,1261,WATER_NPY3;E8_FR6-3;E8_FR6-4,WATER_NPY1;WATER_NPY2;E7_FR7-1,E7_FR7-5;E9_FR8-1;E8_FR6-1,0.580096538684,0.185366063715,0.187727396435,0.129816827847,False,False,biological animal
cfos_occurrence,Ocurrencia espacial de núcleos c-FOS positivos / núcleos DAPI,1262,WATER_NPY3;E8_FR6-3;E8_FR6-4,WATER_NPY1;WATER_NPY2;E7_FR7-5,E7_FR7-1;E9_FR8-1;E8_FR6-1,0.339073281487,0.185366063715,0.149674721509,0.142871381155,False,False,biological animal
cfos_occurrence,Ocurrencia espacial de núcleos c-FOS positivos / núcleos DAPI,1263,WATER_NPY3;E8_FR6-3;E8_FR6-4,WATER_NPY1;WATER_NPY2;E9_FR8-1,E7_FR7-1;E7_FR7-5;E8_FR6-1,0.654460137972,0.185366063715,0.187139448845,0.126925372434,False,False,biological animal
cfos_occurrence,Ocurrencia espacial de núcleos c-FOS positivos / núcleos DAPI,1264,WATER_NPY3;E8_FR6-3;E8_FR6-4,WATER_NPY1;WATER_NPY2;E8_FR6-1,E7_FR7-1;E7_FR7-5;E9_FR8-1,4.88201138532,0.185366063715,0.0981248663582,0.06113494281,False,True,biological animal
cfos_occurrence,Ocurrencia espacial de núcleos c-FOS positivos / núcleos DAPI,1265,WATER_NPY3;E8_FR6-3;E8_FR6-4,WATER_NPY1;E7_FR7-1;E7_FR7-5,WATER_NPY2;E9_FR8-1;E8_FR6-1,0.0382194633534,0.185366063715,0.179886201248,0.16916185466,False,False,biological animal
cfos_occurrence,Ocurrencia espacial de núcleos c-FOS positivos / núcleos DAPI,1266,WATER_NPY3;E8_FR6-3;E8_FR6-4,WATER_NPY1;E7_FR7-1;E9_FR8-1,WATER_NPY2;E7_FR7-5;E8_FR6-1,0.75365673802,0.185366063715,0.19965383875,0.133459160332,False,False,biological animal
cfos_occurrence,Ocurrencia espacial de núcleos c-FOS positivos / núcleos DAPI,1267,WATER_NPY3;E8_FR6-3;E8_FR6-4,WATER_NPY1;E7_FR7-1;E8_FR6-1,WATER_NPY2;E7_FR7-5;E9_FR8-1,0.199378157419,0.185366063715,0.170084800188,0.143571770456,False,False,biological animal
cfos_occurrence,Ocurrencia espacial de núcleos c-FOS positivos / núcleos DAPI,1268,WATER_NPY3;E8_FR6-3;E8_FR6-4,WATER_NPY1;E7_FR7-5;E9_FR8-1,WATER_NPY2;E7_FR7-1;E8_FR6-1,0.0578800615958,0.185366063715,0.181110850059,0.16556885265,False,False,biological animal
cfos_occurrence,Ocurrencia espacial de núcleos c-FOS positivos / núcleos DAPI,1269,WATER_NPY3;E8_FR6-3;E8_FR6-4,WATER_NPY1;E7_FR7-5;E8_FR6-1,WATER_NPY2;E7_FR7-1;E9_FR8-1,0.286290253639,0.185366063715,0.140062915087,0.162280241501,False,False,biological animal
cfos_occurrence,Ocurrencia espacial de núcleos c-FOS positivos / núcleos DAPI,1270,WATER_NPY3;E8_FR6-3;E8_FR6-4,WATER_NPY1;E9_FR8-1;E8_FR6-1,WATER_NPY2;E7_FR7-1;E7_FR7-5,0.219669668775,0.185366063715,0.178220357587,0.144085962965,False,False,biological animal
cfos_occurrence,Ocurrencia espacial de núcleos c-FOS positivos / núcleos DAPI,1271,WATER_NPY3;E8_FR6-3;E8_FR6-4,WATER_NPY2;E7_FR7-1;E7_FR7-5,WATER_NPY1;E9_FR8-1;E8_FR6-1,0.219669668775,0.185366063715,0.144085962965,0.178220357587,False,False,biological animal
cfos_occurrence,Ocurrencia espacial de núcleos c-FOS positivos / núcleos DAPI,1272,WATER_NPY3;E8_FR6-3;E8_FR6-4,WATER_NPY2;E7_FR7-1;E9_FR8-1,WATER_NPY1;E7_FR7-5;E8_FR6-1,0.286290253639,0.185366063715,0.162280241501,0.140062915087,False,False,biological animal
cfos_occurrence,Ocurrencia espacial de núcleos c-FOS positivos / núcleos DAPI,1273,WATER_NPY3;E8_FR6-3;E8_FR6-4,WATER_NPY2;E7_FR7-1;E8_FR6-1,WATER_NPY1;E7_FR7-5;E9_FR8-1,0.0578800615958,0.185366063715,0.16556885265,0.181110850059,False,False,biological animal
cfos_occurrence,Ocurrencia espacial de núcleos c-FOS positivos / núcleos DAPI,1274,WATER_NPY3;E8_FR6-3;E8_FR6-4,WATER_NPY2;E7_FR7-5;E9_FR8-1,WATER_NPY1;E7_FR7-1;E8_FR6-1,0.199378157419,0.185366063715,0.143571770456,0.170084800188,False,False,biological animal
cfos_occurrence,Ocurrencia espacial de núcleos c-FOS positivos / núcleos DAPI,1275,WATER_NPY3;E8_FR6-3;E8_FR6-4,WATER_NPY2;E7_FR7-5;E8_FR6-1,WATER_NPY1;E7_FR7-1;E9_FR8-1,0.75365673802,0.185366063715,0.133459160332,0.19965383875,False,False,biological animal
cfos_occurrence,Ocurrencia espacial de núcleos c-FOS positivos / núcleos DAPI,1276,WATER_NPY3;E8_FR6-3;E8_FR6-4,WATER_NPY2;E9_FR8-1;E8_FR6-1,WATER_NPY1;E7_FR7-1;E7_FR7-5,0.0382194633534,0.185366063715,0.16916185466,0.179886201248,False,False,biological animal
cfos_occurrence,Ocurrencia espacial de núcleos c-FOS positivos / núcleos DAPI,1277,WATER_NPY3;E8_FR6-3;E8_FR6-4,E7_FR7-1;E7_FR7-5;E9_FR8-1,WATER_NPY1;WATER_NPY2;E8_FR6-1,4.88201138532,0.185366063715,0.06113494281,0.0981248663582,False,True,biological animal
cfos_occurrence,Ocurrencia espacial de núcleos c-FOS positivos / núcleos DAPI,1278,WATER_NPY3;E8_FR6-3;E8_FR6-4,E7_FR7-1;E7_FR7-5;E8_FR6-1,WATER_NPY1;WATER_NPY2;E9_FR8-1,0.654460137972,0.185366063715,0.126925372434,0.187139448845,False,False,biological animal
cfos_occurrence,Ocurrencia espacial de núcleos c-FOS positivos / núcleos DAPI,1279,WATER_NPY3;E8_FR6-3;E8_FR6-4,E7_FR7-1;E9_FR8-1;E8_FR6-1,WATER_NPY1;WATER_NPY2;E7_FR7-5,0.339073281487,0.185366063715,0.142871381155,0.149674721509,False,False,biological animal
cfos_occurrence,Ocurrencia espacial de núcleos c-FOS positivos / núcleos DAPI,1280,WATER_NPY3;E8_FR6-3;E8_FR6-4,E7_FR7-5;E9_FR8-1;E8_FR6-1,WATER_NPY1;WATER_NPY2;E7_FR7-1,0.580096538684,0.185366063715,0.129816827847,0.187727396435,False,False,biological animal
cfos_occurrence,Ocurrencia espacial de núcleos c-FOS positivos / núcleos DAPI,1281,E7_FR7-1;E7_FR7-5;E9_FR8-1,WATER_NPY1;WATER_NPY2;WATER_NPY3,E8_FR6-1;E8_FR6-3;E8_FR6-4,4.71416619668,0.06113494281,0.189273632795,0.0940001390035,False,True,biological animal
cfos_occurrence,Ocurrencia espacial de núcleos c-FOS positivos / núcleos DAPI,1282,E7_FR7-1;E7_FR7-5;E9_FR8-1,WATER_NPY1;WATER_NPY2;E8_FR6-1,WATER_NPY3;E8_FR6-3;E8_FR6-4,4.88201138532,0.06113494281,0.0981248663582,0.185366063715,False,True,biological animal
cfos_occurrence,Ocurrencia espacial de núcleos c-FOS positivos / núcleos DAPI,1283,E7_FR7-1;E7_FR7-5;E9_FR8-1,WATER_NPY1;WATER_NPY2;E8_FR6-3,WATER_NPY3;E8_FR6-1;E8_FR6-4,7.57780539454,0.06113494281,0.0889515109225,0.19390681198,False,True,biological animal
cfos_occurrence,Ocurrencia espacial de núcleos c-FOS positivos / núcleos DAPI,1284,E7_FR7-1;E7_FR7-5;E9_FR8-1,WATER_NPY1;WATER_NPY2;E8_FR6-4,WATER_NPY3;E8_FR6-1;E8_FR6-3,3.47903927595,0.06113494281,0.0992205380813,0.148417989643,False,False,biological animal
cfos_occurrence,Ocurrencia espacial de núcleos c-FOS positivos / núcleos DAPI,1285,E7_FR7-1;E7_FR7-5;E9_FR8-1,WATER_NPY1;WATER_NPY3;E8_FR6-1,WATER_NPY2;E8_FR6-3;E8_FR6-4,4.22815306465,0.06113494281,0.184767822781,0.109964085689,False,False,biological animal
cfos_occurrence,Ocurrencia espacial de núcleos c-FOS positivos / núcleos DAPI,1286,E7_FR7-1;E7_FR7-5;E9_FR8-1,WATER_NPY1;WATER_NPY3;E8_FR6-3,WATER_NPY2;E8_FR6-1;E8_FR6-4,2.97555602893,0.06113494281,0.175754541786,0.120012976209,False,False,biological animal
cfos_occurrence,Ocurrencia espacial de núcleos c-FOS positivos / núcleos DAPI,1287,E7_FR7-1;E7_FR7-5;E9_FR8-1,WATER_NPY1;WATER_NPY3;E8_FR6-4,WATER_NPY2;E8_FR6-1;E8_FR6-3,7.9419986259,0.06113494281,0.21161239551,0.0771025607609,False,True,biological animal
cfos_occurrence,Ocurrencia espacial de núcleos c-FOS positivos / núcleos DAPI,1288,E7_FR7-1;E7_FR7-5;E9_FR8-1,WATER_NPY1;E8_FR6-1;E8_FR6-3,WATER_NPY2;WATER_NPY3;E8_FR6-4,9.29989118393,0.06113494281,0.0726304282101,0.19932441033,False,True,biological animal
cfos_occurrence,Ocurrencia espacial de núcleos c-FOS positivos / núcleos DAPI,1289,E7_FR7-1;E7_FR7-5;E9_FR8-1,WATER_NPY1;E8_FR6-1;E8_FR6-4,WATER_NPY2;WATER_NPY3;E8_FR6-3,6.40669134179,0.06113494281,0.0976124324673,0.161572306475,False,True,biological animal
cfos_occurrence,Ocurrencia espacial de núcleos c-FOS positivos / núcleos DAPI,1290,E7_FR7-1;E7_FR7-5;E9_FR8-1,WATER_NPY1;E8_FR6-3;E8_FR6-4,WATER_NPY2;WATER_NPY3;E8_FR6-1,11.3356699412,0.06113494281,0.0945784918164,0.173189579894,False,True,biological animal
cfos_occurrence,Ocurrencia espacial de núcleos c-FOS positivos / núcleos DAPI,1291,E7_FR7-1;E7_FR7-5;E9_FR8-1,WATER_NPY2;WATER_NPY3;E8_FR6-1,WATER_NPY1;E8_FR6-3;E8_FR6-4,11.3356699412,0.06113494281,0.173189579894,0.0945784918164,False,True,biological animal
cfos_occurrence,Ocurrencia espacial de núcleos c-FOS positivos / núcleos DAPI,1292,E7_FR7-1;E7_FR7-5;E9_FR8-1,WATER_NPY2;WATER_NPY3;E8_FR6-3,WATER_NPY1;E8_FR6-1;E8_FR6-4,6.40669134179,0.06113494281,0.161572306475,0.0976124324673,False,True,biological animal
cfos_occurrence,Ocurrencia espacial de núcleos c-FOS positivos / núcleos DAPI,1293,E7_FR7-1;E7_FR7-5;E9_FR8-1,WATER_NPY2;WATER_NPY3;E8_FR6-4,WATER_NPY1;E8_FR6-1;E8_FR6-3,9.29989118393,0.06113494281,0.19932441033,0.0726304282101,False,True,biological animal
cfos_occurrence,Ocurrencia espacial de núcleos c-FOS positivos / núcleos DAPI,1294,E7_FR7-1;E7_FR7-5;E9_FR8-1,WATER_NPY2;E8_FR6-1;E8_FR6-3,WATER_NPY1;WATER_NPY3;E8_FR6-4,7.9419986259,0.06113494281,0.0771025607609,0.21161239551,False,True,biological animal
cfos_occurrence,Ocurrencia espacial de núcleos c-FOS positivos / núcleos DAPI,1295,E7_FR7-1;E7_FR7-5;E9_FR8-1,WATER_NPY2;E8_FR6-1;E8_FR6-4,WATER_NPY1;WATER_NPY3;E8_FR6-3,2.97555602893,0.06113494281,0.120012976209,0.175754541786,False,False,biological animal
cfos_occurrence,Ocurrencia espacial de núcleos c-FOS positivos / núcleos DAPI,1296,E7_FR7-1;E7_FR7-5;E9_FR8-1,WATER_NPY2;E8_FR6-3;E8_FR6-4,WATER_NPY1;WATER_NPY3;E8_FR6-1,4.22815306465,0.06113494281,0.109964085689,0.184767822781,False,False,biological animal
cfos_occurrence,Ocurrencia espacial de núcleos c-FOS positivos / núcleos DAPI,1297,E7_FR7-1;E7_FR7-5;E9_FR8-1,WATER_NPY3;E8_FR6-1;E8_FR6-3,WATER_NPY1;WATER_NPY2;E8_FR6-4,3.47903927595,0.06113494281,0.148417989643,0.0992205380813,False,False,biological animal
cfos_occurrence,Ocurrencia espacial de núcleos c-FOS positivos / núcleos DAPI,1298,E7_FR7-1;E7_FR7-5;E9_FR8-1,WATER_NPY3;E8_FR6-1;E8_FR6-4,WATER_NPY1;WATER_NPY2;E8_FR6-3,7.57780539454,0.06113494281,0.19390681198,0.0889515109225,False,True,biological animal
cfos_occurrence,Ocurrencia espacial de núcleos c-FOS positivos / núcleos DAPI,1299,E7_FR7-1;E7_FR7-5;E9_FR8-1,WATER_NPY3;E8_FR6-3;E8_FR6-4,WATER_NPY1;WATER_NPY2;E8_FR6-1,4.88201138532,0.06113494281,0.185366063715,0.0981248663582,False,True,biological animal
cfos_occurrence,Ocurrencia espacial de núcleos c-FOS positivos / núcleos DAPI,1300,E7_FR7-1;E7_FR7-5;E9_FR8-1,E8_FR6-1;E8_FR6-3;E8_FR6-4,WATER_NPY1;WATER_NPY2;WATER_NPY3,4.71416619668,0.06113494281,0.0940001390035,0.189273632795,False,True,biological animal
cfos_occurrence,Ocurrencia espacial de núcleos c-FOS positivos / núcleos DAPI,1301,E7_FR7-1;E7_FR7-5;E8_FR6-1,WATER_NPY1;WATER_NPY2;WATER_NPY3,E9_FR8-1;E8_FR6-3;E8_FR6-4,0.546702134739,0.126925372434,0.189273632795,0.183562577946,False,False,biological animal
cfos_occurrence,Ocurrencia espacial de núcleos c-FOS positivos / núcleos DAPI,1302,E7_FR7-1;E7_FR7-5;E8_FR6-1,WATER_NPY1;WATER_NPY2;E9_FR8-1,WATER_NPY3;E8_FR6-3;E8_FR6-4,0.654460137972,0.126925372434,0.187139448845,0.185366063715,False,False,biological animal
cfos_occurrence,Ocurrencia espacial de núcleos c-FOS positivos / núcleos DAPI,1303,E7_FR7-1;E7_FR7-5;E8_FR6-1,WATER_NPY1;WATER_NPY2;E8_FR6-3,WATER_NPY3;E9_FR8-1;E8_FR6-4,3.78451201108,0.126925372434,0.0889515109225,0.213419517422,False,False,biological animal
cfos_occurrence,Ocurrencia espacial de núcleos c-FOS positivos / núcleos DAPI,1304,E7_FR7-1;E7_FR7-5;E8_FR6-1,WATER_NPY1;WATER_NPY2;E8_FR6-4,WATER_NPY3;E9_FR8-1;E8_FR6-3,0.891421747121,0.126925372434,0.0992205380813,0.148034243925,False,False,biological animal
cfos_occurrence,Ocurrencia espacial de núcleos c-FOS positivos / núcleos DAPI,1305,E7_FR7-1;E7_FR7-5;E8_FR6-1,WATER_NPY1;WATER_NPY3;E9_FR8-1,WATER_NPY2;E8_FR6-3;E8_FR6-4,2.5639173533,0.126925372434,0.207537317556,0.109964085689,False,False,biological animal
cfos_occurrence,Ocurrencia espacial de núcleos c-FOS positivos / núcleos DAPI,1306,E7_FR7-1;E7_FR7-5;E8_FR6-1,WATER_NPY1;WATER_NPY3;E8_FR6-3,WATER_NPY2;E9_FR8-1;E8_FR6-4,0.696970528768,0.126925372434,0.175754541786,0.201437327672,False,False,biological animal
cfos_occurrence,Ocurrencia espacial de núcleos c-FOS positivos / núcleos DAPI,1307,E7_FR7-1;E7_FR7-5;E8_FR6-1,WATER_NPY1;WATER_NPY3;E8_FR6-4,WATER_NPY2;E9_FR8-1;E8_FR6-3,1.39625968375,0.126925372434,0.21161239551,0.158834848678,False,False,biological animal
cfos_occurrence,Ocurrencia espacial de núcleos c-FOS positivos / núcleos DAPI,1308,E7_FR7-1;E7_FR7-5;E8_FR6-1,WATER_NPY1;E9_FR8-1;E8_FR6-3,WATER_NPY2;WATER_NPY3;E8_FR6-4,0.712690498016,0.126925372434,0.171396376123,0.19932441033,False,False,biological animal
cfos_occurrence,Ocurrencia espacial de núcleos c-FOS positivos / núcleos DAPI,1309,E7_FR7-1;E7_FR7-5;E8_FR6-1,WATER_NPY1;E9_FR8-1;E8_FR6-4,WATER_NPY2;WATER_NPY3;E8_FR6-3,1.38790294268,0.126925372434,0.212844372096,0.161572306475,False,False,biological animal
cfos_occurrence,Ocurrencia espacial de núcleos c-FOS positivos / núcleos DAPI,1310,E7_FR7-1;E7_FR7-5;E8_FR6-1,WATER_NPY1;E8_FR6-3;E8_FR6-4,WATER_NPY2;WATER_NPY3;E9_FR8-1,1.71863563408,0.126925372434,0.0945784918164,0.16592639567,False,False,biological animal
cfos_occurrence,Ocurrencia espacial de núcleos c-FOS positivos / núcleos DAPI,1311,E7_FR7-1;E7_FR7-5;E8_FR6-1,WATER_NPY2;WATER_NPY3;E9_FR8-1,WATER_NPY1;E8_FR6-3;E8_FR6-4,1.71863563408,0.126925372434,0.16592639567,0.0945784918164,False,False,biological animal
cfos_occurrence,Ocurrencia espacial de núcleos c-FOS positivos / núcleos DAPI,1312,E7_FR7-1;E7_FR7-5;E8_FR6-1,WATER_NPY2;WATER_NPY3;E8_FR6-3,WATER_NPY1;E9_FR8-1;E8_FR6-4,1.38790294268,0.126925372434,0.161572306475,0.212844372096,False,False,biological animal
cfos_occurrence,Ocurrencia espacial de núcleos c-FOS positivos / núcleos DAPI,1313,E7_FR7-1;E7_FR7-5;E8_FR6-1,WATER_NPY2;WATER_NPY3;E8_FR6-4,WATER_NPY1;E9_FR8-1;E8_FR6-3,0.712690498016,0.126925372434,0.19932441033,0.171396376123,False,False,biological animal
cfos_occurrence,Ocurrencia espacial de núcleos c-FOS positivos / núcleos DAPI,1314,E7_FR7-1;E7_FR7-5;E8_FR6-1,WATER_NPY2;E9_FR8-1;E8_FR6-3,WATER_NPY1;WATER_NPY3;E8_FR6-4,1.39625968375,0.126925372434,0.158834848678,0.21161239551,False,False,biological animal
cfos_occurrence,Ocurrencia espacial de núcleos c-FOS positivos / núcleos DAPI,1315,E7_FR7-1;E7_FR7-5;E8_FR6-1,WATER_NPY2;E9_FR8-1;E8_FR6-4,WATER_NPY1;WATER_NPY3;E8_FR6-3,0.696970528768,0.126925372434,0.201437327672,0.175754541786,False,False,biological animal
cfos_occurrence,Ocurrencia espacial de núcleos c-FOS positivos / núcleos DAPI,1316,E7_FR7-1;E7_FR7-5;E8_FR6-1,WATER_NPY2;E8_FR6-3;E8_FR6-4,WATER_NPY1;WATER_NPY3;E9_FR8-1,2.5639173533,0.126925372434,0.109964085689,0.207537317556,False,False,biological animal
cfos_occurrence,Ocurrencia espacial de núcleos c-FOS positivos / núcleos DAPI,1317,E7_FR7-1;E7_FR7-5;E8_FR6-1,WATER_NPY3;E9_FR8-1;E8_FR6-3,WATER_NPY1;WATER_NPY2;E8_FR6-4,0.891421747121,0.126925372434,0.148034243925,0.0992205380813,False,False,biological animal
cfos_occurrence,Ocurrencia espacial de núcleos c-FOS positivos / núcleos DAPI,1318,E7_FR7-1;E7_FR7-5;E8_FR6-1,WATER_NPY3;E9_FR8-1;E8_FR6-4,WATER_NPY1;WATER_NPY2;E8_FR6-3,3.78451201108,0.126925372434,0.213419517422,0.0889515109225,False,False,biological animal
cfos_occurrence,Ocurrencia espacial de núcleos c-FOS positivos / núcleos DAPI,1319,E7_FR7-1;E7_FR7-5;E8_FR6-1,WATER_NPY3;E8_FR6-3;E8_FR6-4,WATER_NPY1;WATER_NPY2;E9_FR8-1,0.654460137972,0.126925372434,0.185366063715,0.187139448845,False,False,biological animal
cfos_occurrence,Ocurrencia espacial de núcleos c-FOS positivos / núcleos DAPI,1320,E7_FR7-1;E7_FR7-5;E8_FR6-1,E9_FR8-1;E8_FR6-3;E8_FR6-4,WATER_NPY1;WATER_NPY2;WATER_NPY3,0.546702134739,0.126925372434,0.183562577946,0.189273632795,False,False,biological animal
cfos_occurrence,Ocurrencia espacial de núcleos c-FOS positivos / núcleos DAPI,1321,E7_FR7-1;E7_FR7-5;E8_FR6-3,WATER_NPY1;WATER_NPY2;WATER_NPY3,E9_FR8-1;E8_FR6-1;E8_FR6-4,0.812554029567,0.12088188552,0.189273632795,0.191342895355,False,False,biological animal
cfos_occurrence,Ocurrencia espacial de núcleos c-FOS positivos / núcleos DAPI,1322,E7_FR7-1;E7_FR7-5;E8_FR6-3,WATER_NPY1;WATER_NPY2;E9_FR8-1,WATER_NPY3;E8_FR6-1;E8_FR6-4,0.992826389087,0.12088188552,0.187139448845,0.19390681198,False,False,biological animal
cfos_occurrence,Ocurrencia espacial de núcleos c-FOS positivos / núcleos DAPI,1323,E7_FR7-1;E7_FR7-5;E8_FR6-3,WATER_NPY1;WATER_NPY2;E8_FR6-1,WATER_NPY3;E9_FR8-1;E8_FR6-4,3.36673602536,0.12088188552,0.0981248663582,0.213419517422,False,False,biological animal
cfos_occurrence,Ocurrencia espacial de núcleos c-FOS positivos / núcleos DAPI,1324,E7_FR7-1;E7_FR7-5;E8_FR6-3,WATER_NPY1;WATER_NPY2;E8_FR6-4,WATER_NPY3;E9_FR8-1;E8_FR6-1,1.11338302442,0.12088188552,0.0992205380813,0.156345004239,False,False,biological animal
cfos_occurrence,Ocurrencia espacial de núcleos c-FOS positivos / núcleos DAPI,1325,E7_FR7-1;E7_FR7-5;E8_FR6-3,WATER_NPY1;WATER_NPY3;E9_FR8-1,WATER_NPY2;E8_FR6-1;E8_FR6-4,2.4259488269,0.12088188552,0.207537317556,0.120012976209,False,False,biological animal
cfos_occurrence,Ocurrencia espacial de núcleos c-FOS positivos / núcleos DAPI,1326,E7_FR7-1;E7_FR7-5;E8_FR6-3,WATER_NPY1;WATER_NPY3;E8_FR6-1,WATER_NPY2;E9_FR8-1;E8_FR6-4,0.97693196872,0.12088188552,0.184767822781,0.201437327672,False,False,biological animal
cfos_occurrence,Ocurrencia espacial de núcleos c-FOS positivos / núcleos DAPI,1327,E7_FR7-1;E7_FR7-5;E8_FR6-3,WATER_NPY1;WATER_NPY3;E8_FR6-4,WATER_NPY2;E9_FR8-1;E8_FR6-1,1.68449641866,0.12088188552,0.21161239551,0.16916185466,False,False,biological animal
cfos_occurrence,Ocurrencia espacial de núcleos c-FOS positivos / núcleos DAPI,1328,E7_FR7-1;E7_FR7-5;E8_FR6-3,WATER_NPY1;E9_FR8-1;E8_FR6-1,WATER_NPY2;WATER_NPY3;E8_FR6-4,0.960286760555,0.12088188552,0.178220357587,0.19932441033,False,False,biological animal
cfos_occurrence,Ocurrencia espacial de núcleos c-FOS positivos / núcleos DAPI,1329,E7_FR7-1;E7_FR7-5;E8_FR6-3,WATER_NPY1;E9_FR8-1;E8_FR6-4,WATER_NPY2;WATER_NPY3;E8_FR6-1,1.67532888645,0.12088188552,0.212844372096,0.173189579894,False,False,biological animal
cfos_occurrence,Ocurrencia espacial de núcleos c-FOS positivos / núcleos DAPI,1330,E7_FR7-1;E7_FR7-5;E8_FR6-3,WATER_NPY1;E8_FR6-1;E8_FR6-4,WATER_NPY2;WATER_NPY3;E9_FR8-1,1.55072462406,0.12088188552,0.0976124324673,0.16592639567,False,False,biological animal
cfos_occurrence,Ocurrencia espacial de núcleos c-FOS positivos / núcleos DAPI,1331,E7_FR7-1;E7_FR7-5;E8_FR6-3,WATER_NPY2;WATER_NPY3;E9_FR8-1,WATER_NPY1;E8_FR6-1;E8_FR6-4,1.55072462406,0.12088188552,0.16592639567,0.0976124324673,False,False,biological animal
cfos_occurrence,Ocurrencia espacial de núcleos c-FOS positivos / núcleos DAPI,1332,E7_FR7-1;E7_FR7-5;E8_FR6-3,WATER_NPY2;WATER_NPY3;E8_FR6-1,WATER_NPY1;E9_FR8-1;E8_FR6-4,1.67532888645,0.12088188552,0.173189579894,0.212844372096,False,False,biological animal
cfos_occurrence,Ocurrencia espacial de núcleos c-FOS positivos / núcleos DAPI,1333,E7_FR7-1;E7_FR7-5;E8_FR6-3,WATER_NPY2;WATER_NPY3;E8_FR6-4,WATER_NPY1;E9_FR8-1;E8_FR6-1,0.960286760555,0.12088188552,0.19932441033,0.178220357587,False,False,biological animal
cfos_occurrence,Ocurrencia espacial de núcleos c-FOS positivos / núcleos DAPI,1334,E7_FR7-1;E7_FR7-5;E8_FR6-3,WATER_NPY2;E9_FR8-1;E8_FR6-1,WATER_NPY1;WATER_NPY3;E8_FR6-4,1.68449641866,0.12088188552,0.16916185466,0.21161239551,False,False,biological animal
cfos_occurrence,Ocurrencia espacial de núcleos c-FOS positivos / núcleos DAPI,1335,E7_FR7-1;E7_FR7-5;E8_FR6-3,WATER_NPY2;E9_FR8-1;E8_FR6-4,WATER_NPY1;WATER_NPY3;E8_FR6-1,0.97693196872,0.12088188552,0.201437327672,0.184767822781,False,False,biological animal
cfos_occurrence,Ocurrencia espacial de núcleos c-FOS positivos / núcleos DAPI,1336,E7_FR7-1;E7_FR7-5;E8_FR6-3,WATER_NPY2;E8_FR6-1;E8_FR6-4,WATER_NPY1;WATER_NPY3;E9_FR8-1,2.4259488269,0.12088188552,0.120012976209,0.207537317556,False,False,biological animal
cfos_occurrence,Ocurrencia espacial de núcleos c-FOS positivos / núcleos DAPI,1337,E7_FR7-1;E7_FR7-5;E8_FR6-3,WATER_NPY3;E9_FR8-1;E8_FR6-1,WATER_NPY1;WATER_NPY2;E8_FR6-4,1.11338302442,0.12088188552,0.156345004239,0.0992205380813,False,False,biological animal
cfos_occurrence,Ocurrencia espacial de núcleos c-FOS positivos / núcleos DAPI,1338,E7_FR7-1;E7_FR7-5;E8_FR6-3,WATER_NPY3;E9_FR8-1;E8_FR6-4,WATER_NPY1;WATER_NPY2;E8_FR6-1,3.36673602536,0.12088188552,0.213419517422,0.0981248663582,False,False,biological animal
cfos_occurrence,Ocurrencia espacial de núcleos c-FOS positivos / núcleos DAPI,1339,E7_FR7-1;E7_FR7-5;E8_FR6-3,WATER_NPY3;E8_FR6-1;E8_FR6-4,WATER_NPY1;WATER_NPY2;E9_FR8-1,0.992826389087,0.12088188552,0.19390681198,0.187139448845,False,False,biological animal
cfos_occurrence,Ocurrencia espacial de núcleos c-FOS positivos / núcleos DAPI,1340,E7_FR7-1;E7_FR7-5;E8_FR6-3,E9_FR8-1;E8_FR6-1;E8_FR6-4,WATER_NPY1;WATER_NPY2;WATER_NPY3,0.812554029567,0.12088188552,0.191342895355,0.189273632795,False,False,biological animal
cfos_occurrence,Ocurrencia espacial de núcleos c-FOS positivos / núcleos DAPI,1341,E7_FR7-1;E7_FR7-5;E8_FR6-4,WATER_NPY1;WATER_NPY2;WATER_NPY3,E9_FR8-1;E8_FR6-1;E8_FR6-3,0.343886294508,0.18959245673,0.189273632795,0.142625398728,False,False,biological animal
cfos_occurrence,Ocurrencia espacial de núcleos c-FOS positivos / núcleos DAPI,1342,E7_FR7-1;E7_FR7-5;E8_FR6-4,WATER_NPY1;WATER_NPY2;E9_FR8-1,WATER_NPY3;E8_FR6-1;E8_FR6-3,0.25493481784,0.18959245673,0.187139448845,0.148417989643,False,False,biological animal
cfos_occurrence,Ocurrencia espacial de núcleos c-FOS positivos / núcleos DAPI,1343,E7_FR7-1;E7_FR7-5;E8_FR6-4,WATER_NPY1;WATER_NPY2;E8_FR6-1,WATER_NPY3;E9_FR8-1;E8_FR6-3,1.67263668641,0.18959245673,0.0981248663582,0.148034243925,False,False,biological animal
cfos_occurrence,Ocurrencia espacial de núcleos c-FOS positivos / núcleos DAPI,1344,E7_FR7-1;E7_FR7-5;E8_FR6-4,WATER_NPY1;WATER_NPY2;E8_FR6-3,WATER_NPY3;E9_FR8-1;E8_FR6-1,2.02840678245,0.18959245673,0.0889515109225,0.156345004239,False,False,biological animal
cfos_occurrence,Ocurrencia espacial de núcleos c-FOS positivos / núcleos DAPI,1345,E7_FR7-1;E7_FR7-5;E8_FR6-4,WATER_NPY1;WATER_NPY3;E9_FR8-1,WATER_NPY2;E8_FR6-1;E8_FR6-3,2.73882204519,0.18959245673,0.207537317556,0.0771025607609,False,False,biological animal
cfos_occurrence,Ocurrencia espacial de núcleos c-FOS positivos / núcleos DAPI,1346,E7_FR7-1;E7_FR7-5;E8_FR6-4,WATER_NPY1;WATER_NPY3;E8_FR6-1,WATER_NPY2;E9_FR8-1;E8_FR6-3,0.128353549498,0.18959245673,0.184767822781,0.158834848678,False,False,biological animal
cfos_occurrence,Ocurrencia espacial de núcleos c-FOS positivos / núcleos DAPI,1347,E7_FR7-1;E7_FR7-5;E8_FR6-4,WATER_NPY1;WATER_NPY3;E8_FR6-3,WATER_NPY2;E9_FR8-1;E8_FR6-1,0.0483234827534,0.18959245673,0.175754541786,0.16916185466,False,False,biological animal
cfos_occurrence,Ocurrencia espacial de núcleos c-FOS positivos / núcleos DAPI,1348,E7_FR7-1;E7_FR7-5;E8_FR6-4,WATER_NPY1;E9_FR8-1;E8_FR6-1,WATER_NPY2;WATER_NPY3;E8_FR6-3,0.093086068285,0.18959245673,0.178220357587,0.161572306475,False,False,biological animal
cfos_occurrence,Ocurrencia espacial de núcleos c-FOS positivos / núcleos DAPI,1349,E7_FR7-1;E7_FR7-5;E8_FR6-4,WATER_NPY1;E9_FR8-1;E8_FR6-3,WATER_NPY2;WATER_NPY3;E8_FR6-1,0.0454617162415,0.18959245673,0.171396376123,0.173189579894,False,False,biological animal
cfos_occurrence,Ocurrencia espacial de núcleos c-FOS positivos / núcleos DAPI,1350,E7_FR7-1;E7_FR7-5;E8_FR6-4,WATER_NPY1;E8_FR6-1;E8_FR6-3,WATER_NPY2;WATER_NPY3;E9_FR8-1,2.68485436276,0.18959245673,0.0726304282101,0.16592639567,False,False,biological animal
cfos_occurrence,Ocurrencia espacial de núcleos c-FOS positivos / núcleos DAPI,1351,E7_FR7-1;E7_FR7-5;E8_FR6-4,WATER_NPY2;WATER_NPY3;E9_FR8-1,WATER_NPY1;E8_FR6-1;E8_FR6-3,2.68485436276,0.18959245673,0.16592639567,0.0726304282101,False,False,biological animal
cfos_occurrence,Ocurrencia espacial de núcleos c-FOS positivos / núcleos DAPI,1352,E7_FR7-1;E7_FR7-5;E8_FR6-4,WATER_NPY2;WATER_NPY3;E8_FR6-1,WATER_NPY1;E9_FR8-1;E8_FR6-3,0.0454617162415,0.18959245673,0.173189579894,0.171396376123,False,False,biological animal
cfos_occurrence,Ocurrencia espacial de núcleos c-FOS positivos / núcleos DAPI,1353,E7_FR7-1;E7_FR7-5;E8_FR6-4,WATER_NPY2;WATER_NPY3;E8_FR6-3,WATER_NPY1;E9_FR8-1;E8_FR6-1,0.093086068285,0.18959245673,0.161572306475,0.178220357587,False,False,biological animal
cfos_occurrence,Ocurrencia espacial de núcleos c-FOS positivos / núcleos DAPI,1354,E7_FR7-1;E7_FR7-5;E8_FR6-4,WATER_NPY2;E9_FR8-1;E8_FR6-1,WATER_NPY1;WATER_NPY3;E8_FR6-3,0.0483234827534,0.18959245673,0.16916185466,0.175754541786,False,False,biological animal
cfos_occurrence,Ocurrencia espacial de núcleos c-FOS positivos / núcleos DAPI,1355,E7_FR7-1;E7_FR7-5;E8_FR6-4,WATER_NPY2;E9_FR8-1;E8_FR6-3,WATER_NPY1;WATER_NPY3;E8_FR6-1,0.128353549498,0.18959245673,0.158834848678,0.184767822781,False,False,biological animal
cfos_occurrence,Ocurrencia espacial de núcleos c-FOS positivos / núcleos DAPI,1356,E7_FR7-1;E7_FR7-5;E8_FR6-4,WATER_NPY2;E8_FR6-1;E8_FR6-3,WATER_NPY1;WATER_NPY3;E9_FR8-1,2.73882204519,0.18959245673,0.0771025607609,0.207537317556,False,False,biological animal
cfos_occurrence,Ocurrencia espacial de núcleos c-FOS positivos / núcleos DAPI,1357,E7_FR7-1;E7_FR7-5;E8_FR6-4,WATER_NPY3;E9_FR8-1;E8_FR6-1,WATER_NPY1;WATER_NPY2;E8_FR6-3,2.02840678245,0.18959245673,0.156345004239,0.0889515109225,False,False,biological animal
cfos_occurrence,Ocurrencia espacial de núcleos c-FOS positivos / núcleos DAPI,1358,E7_FR7-1;E7_FR7-5;E8_FR6-4,WATER_NPY3;E9_FR8-1;E8_FR6-3,WATER_NPY1;WATER_NPY2;E8_FR6-1,1.67263668641,0.18959245673,0.148034243925,0.0981248663582,False,False,biological animal
cfos_occurrence,Ocurrencia espacial de núcleos c-FOS positivos / núcleos DAPI,1359,E7_FR7-1;E7_FR7-5;E8_FR6-4,WATER_NPY3;E8_FR6-1;E8_FR6-3,WATER_NPY1;WATER_NPY2;E9_FR8-1,0.25493481784,0.18959245673,0.148417989643,0.187139448845,False,False,biological animal
cfos_occurrence,Ocurrencia espacial de núcleos c-FOS positivos / núcleos DAPI,1360,E7_FR7-1;E7_FR7-5;E8_FR6-4,E9_FR8-1;E8_FR6-1;E8_FR6-3,WATER_NPY1;WATER_NPY2;WATER_NPY3,0.343886294508,0.18959245673,0.142625398728,0.189273632795,False,False,biological animal
cfos_occurrence,Ocurrencia espacial de núcleos c-FOS positivos / núcleos DAPI,1361,E7_FR7-1;E9_FR8-1;E8_FR6-1,WATER_NPY1;WATER_NPY2;WATER_NPY3,E7_FR7-5;E8_FR6-3;E8_FR6-4,0.388363881381,0.142871381155,0.189273632795,0.14658594897,False,False,biological animal
cfos_occurrence,Ocurrencia espacial de núcleos c-FOS positivos / núcleos DAPI,1362,E7_FR7-1;E9_FR8-1;E8_FR6-1,WATER_NPY1;WATER_NPY2;E7_FR7-5,WATER_NPY3;E8_FR6-3;E8_FR6-4,0.339073281487,0.142871381155,0.149674721509,0.185366063715,False,False,biological animal
cfos_occurrence,Ocurrencia espacial de núcleos c-FOS positivos / núcleos DAPI,1363,E7_FR7-1;E9_FR8-1;E8_FR6-1,WATER_NPY1;WATER_NPY2;E8_FR6-3,WATER_NPY3;E7_FR7-5;E8_FR6-4,2.07613802238,0.142871381155,0.0889515109225,0.188229081385,False,False,biological animal
cfos_occurrence,Ocurrencia espacial de núcleos c-FOS positivos / núcleos DAPI,1364,E7_FR7-1;E9_FR8-1;E8_FR6-1,WATER_NPY1;WATER_NPY2;E8_FR6-4,WATER_NPY3;E7_FR7-5;E8_FR6-3,0.508580501993,0.142871381155,0.0992205380813,0.123850801143,False,False,biological animal
cfos_occurrence,Ocurrencia espacial de núcleos c-FOS positivos / núcleos DAPI,1365,E7_FR7-1;E9_FR8-1;E8_FR6-1,WATER_NPY1;WATER_NPY3;E7_FR7-5,WATER_NPY2;E8_FR6-3;E8_FR6-4,0.992838717758,0.142871381155,0.182776750138,0.109964085689,False,False,biological animal
cfos_occurrence,Ocurrencia espacial de núcleos c-FOS positivos / núcleos DAPI,1366,E7_FR7-1;E9_FR8-1;E8_FR6-1,WATER_NPY1;WATER_NPY3;E8_FR6-3,WATER_NPY2;E7_FR7-5;E8_FR6-4,0.160726581712,0.142871381155,0.175754541786,0.164102948762,False,False,biological animal
cfos_occurrence,Ocurrencia espacial de núcleos c-FOS positivos / núcleos DAPI,1367,E7_FR7-1;E9_FR8-1;E8_FR6-1,WATER_NPY1;WATER_NPY3;E8_FR6-4,WATER_NPY2;E7_FR7-5;E8_FR6-3,1.85899909263,0.142871381155,0.21161239551,0.121822665893,False,False,biological animal
cfos_occurrence,Ocurrencia espacial de núcleos c-FOS positivos / núcleos DAPI,1368,E7_FR7-1;E9_FR8-1;E8_FR6-1,WATER_NPY1;E7_FR7-5;E8_FR6-3,WATER_NPY2;WATER_NPY3;E8_FR6-4,0.81417510949,0.142871381155,0.132238082191,0.19932441033,False,False,biological animal
cfos_occurrence,Ocurrencia espacial de núcleos c-FOS positivos / núcleos DAPI,1369,E7_FR7-1;E9_FR8-1;E8_FR6-1,WATER_NPY1;E7_FR7-5;E8_FR6-4,WATER_NPY2;WATER_NPY3;E8_FR6-3,0.184046921597,0.142871381155,0.170261350708,0.161572306475,False,False,biological animal
cfos_occurrence,Ocurrencia espacial de núcleos c-FOS positivos / núcleos DAPI,1370,E7_FR7-1;E9_FR8-1;E8_FR6-1,WATER_NPY1;E8_FR6-3;E8_FR6-4,WATER_NPY2;WATER_NPY3;E7_FR7-5,0.861079687011,0.142871381155,0.0945784918164,0.144286763472,False,False,biological animal
cfos_occurrence,Ocurrencia espacial de núcleos c-FOS positivos / núcleos DAPI,1371,E7_FR7-1;E9_FR8-1;E8_FR6-1,WATER_NPY2;WATER_NPY3;E7_FR7-5,WATER_NPY1;E8_FR6-3;E8_FR6-4,0.861079687011,0.142871381155,0.144286763472,0.0945784918164,False,False,biological animal
cfos_occurrence,Ocurrencia espacial de núcleos c-FOS positivos / núcleos DAPI,1372,E7_FR7-1;E9_FR8-1;E8_FR6-1,WATER_NPY2;WATER_NPY3;E8_FR6-3,WATER_NPY1;E7_FR7-5;E8_FR6-4,0.184046921597,0.142871381155,0.161572306475,0.170261350708,False,False,biological animal
cfos_occurrence,Ocurrencia espacial de núcleos c-FOS positivos / núcleos DAPI,1373,E7_FR7-1;E9_FR8-1;E8_FR6-1,WATER_NPY2;WATER_NPY3;E8_FR6-4,WATER_NPY1;E7_FR7-5;E8_FR6-3,0.81417510949,0.142871381155,0.19932441033,0.132238082191,False,False,biological animal
cfos_occurrence,Ocurrencia espacial de núcleos c-FOS positivos / núcleos DAPI,1374,E7_FR7-1;E9_FR8-1;E8_FR6-1,WATER_NPY2;E7_FR7-5;E8_FR6-3,WATER_NPY1;WATER_NPY3;E8_FR6-4,1.85899909263,0.142871381155,0.121822665893,0.21161239551,False,False,biological animal
cfos_occurrence,Ocurrencia espacial de núcleos c-FOS positivos / núcleos DAPI,1375,E7_FR7-1;E9_FR8-1;E8_FR6-1,WATER_NPY2;E7_FR7-5;E8_FR6-4,WATER_NPY1;WATER_NPY3;E8_FR6-3,0.160726581712,0.142871381155,0.164102948762,0.175754541786,False,False,biological animal
cfos_occurrence,Ocurrencia espacial de núcleos c-FOS positivos / núcleos DAPI,1376,E7_FR7-1;E9_FR8-1;E8_FR6-1,WATER_NPY2;E8_FR6-3;E8_FR6-4,WATER_NPY1;WATER_NPY3;E7_FR7-5,0.992838717758,0.142871381155,0.109964085689,0.182776750138,False,False,biological animal
cfos_occurrence,Ocurrencia espacial de núcleos c-FOS positivos / núcleos DAPI,1377,E7_FR7-1;E9_FR8-1;E8_FR6-1,WATER_NPY3;E7_FR7-5;E8_FR6-3,WATER_NPY1;WATER_NPY2;E8_FR6-4,0.508580501993,0.142871381155,0.123850801143,0.0992205380813,False,False,biological animal
cfos_occurrence,Ocurrencia espacial de núcleos c-FOS positivos / núcleos DAPI,1378,E7_FR7-1;E9_FR8-1;E8_FR6-1,WATER_NPY3;E7_FR7-5;E8_FR6-4,WATER_NPY1;WATER_NPY2;E8_FR6-3,2.07613802238,0.142871381155,0.188229081385,0.0889515109225,False,False,biological animal
cfos_occurrence,Ocurrencia espacial de núcleos c-FOS positivos / núcleos DAPI,1379,E7_FR7-1;E9_FR8-1;E8_FR6-1,WATER_NPY3;E8_FR6-3;E8_FR6-4,WATER_NPY1;WATER_NPY2;E7_FR7-5,0.339073281487,0.142871381155,0.185366063715,0.149674721509,False,False,biological animal
cfos_occurrence,Ocurrencia espacial de núcleos c-FOS positivos / núcleos DAPI,1380,E7_FR7-1;E9_FR8-1;E8_FR6-1,E7_FR7-5;E8_FR6-3;E8_FR6-4,WATER_NPY1;WATER_NPY2;WATER_NPY3,0.388363881381,0.142871381155,0.14658594897,0.189273632795,False,False,biological animal
cfos_occurrence,Ocurrencia espacial de núcleos c-FOS positivos / núcleos DAPI,1381,E7_FR7-1;E9_FR8-1;E8_FR6-3,WATER_NPY1;WATER_NPY2;WATER_NPY3,E7_FR7-5;E8_FR6-1;E8_FR6-4,0.452310262679,0.137886924537,0.189273632795,0.154106710722,False,False,biological animal
cfos_occurrence,Ocurrencia espacial de núcleos c-FOS positivos / núcleos DAPI,1382,E7_FR7-1;E9_FR8-1;E8_FR6-3,WATER_NPY1;WATER_NPY2;E7_FR7-5,WATER_NPY3;E8_FR6-1;E8_FR6-4,0.658988900782,0.137886924537,0.149674721509,0.19390681198,False,False,biological animal
cfos_occurrence,Ocurrencia espacial de núcleos c-FOS positivos / núcleos DAPI,1383,E7_FR7-1;E9_FR8-1;E8_FR6-3,WATER_NPY1;WATER_NPY2;E8_FR6-1,WATER_NPY3;E7_FR7-5;E8_FR6-4,1.7527722075,0.137886924537,0.0981248663582,0.188229081385,False,False,biological animal
cfos_occurrence,Ocurrencia espacial de núcleos c-FOS positivos / núcleos DAPI,1384,E7_FR7-1;E9_FR8-1;E8_FR6-3,WATER_NPY1;WATER_NPY2;E8_FR6-4,WATER_NPY3;E7_FR7-5;E8_FR6-1,0.429756532346,0.137886924537,0.0992205380813,0.131679683057,False,False,biological animal
cfos_occurrence,Ocurrencia espacial de núcleos c-FOS positivos / núcleos DAPI,1385,E7_FR7-1;E9_FR8-1;E8_FR6-3,WATER_NPY1;WATER_NPY3;E7_FR7-5,WATER_NPY2;E8_FR6-1;E8_FR6-4,0.82822506851,0.137886924537,0.182776750138,0.120012976209,False,False,biological animal
cfos_occurrence,Ocurrencia espacial de núcleos c-FOS positivos / núcleos DAPI,1386,E7_FR7-1;E9_FR8-1;E8_FR6-3,WATER_NPY1;WATER_NPY3;E8_FR6-1,WATER_NPY2;E7_FR7-5;E8_FR6-4,0.376577465003,0.137886924537,0.184767822781,0.164102948762,False,False,biological animal
cfos_occurrence,Ocurrencia espacial de núcleos c-FOS positivos / núcleos DAPI,1387,E7_FR7-1;E9_FR8-1;E8_FR6-3,WATER_NPY1;WATER_NPY3;E8_FR6-4,WATER_NPY2;E7_FR7-5;E8_FR6-1,1.80505072328,0.137886924537,0.21161239551,0.133459160332,False,False,biological animal
cfos_occurrence,Ocurrencia espacial de núcleos c-FOS positivos / núcleos DAPI,1388,E7_FR7-1;E9_FR8-1;E8_FR6-3,WATER_NPY1;E7_FR7-5;E8_FR6-1,WATER_NPY2;WATER_NPY3;E8_FR6-4,0.878503507781,0.137886924537,0.140062915087,0.19932441033,False,False,biological animal
cfos_occurrence,Ocurrencia espacial de núcleos c-FOS positivos / núcleos DAPI,1389,E7_FR7-1;E9_FR8-1;E8_FR6-3,WATER_NPY1;E7_FR7-5;E8_FR6-4,WATER_NPY2;WATER_NPY3;E8_FR6-1,0.413037257158,0.137886924537,0.170261350708,0.173189579894,False,False,biological animal
cfos_occurrence,Ocurrencia espacial de núcleos c-FOS positivos / núcleos DAPI,1390,E7_FR7-1;E9_FR8-1;E8_FR6-3,WATER_NPY1;E8_FR6-1;E8_FR6-4,WATER_NPY2;WATER_NPY3;E7_FR7-5,0.706327916161,0.137886924537,0.0976124324673,0.144286763472,False,False,biological animal
cfos_occurrence,Ocurrencia espacial de núcleos c-FOS positivos / núcleos DAPI,1391,E7_FR7-1;E9_FR8-1;E8_FR6-3,WATER_NPY2;WATER_NPY3;E7_FR7-5,WATER_NPY1;E8_FR6-1;E8_FR6-4,0.706327916161,0.137886924537,0.144286763472,0.0976124324673,False,False,biological animal
cfos_occurrence,Ocurrencia espacial de núcleos c-FOS positivos / núcleos DAPI,1392,E7_FR7-1;E9_FR8-1;E8_FR6-3,WATER_NPY2;WATER_NPY3;E8_FR6-1,WATER_NPY1;E7_FR7-5;E8_FR6-4,0.413037257158,0.137886924537,0.173189579894,0.170261350708,False,False,biological animal
cfos_occurrence,Ocurrencia espacial de núcleos c-FOS positivos / núcleos DAPI,1393,E7_FR7-1;E9_FR8-1;E8_FR6-3,WATER_NPY2;WATER_NPY3;E8_FR6-4,WATER_NPY1;E7_FR7-5;E8_FR6-1,0.878503507781,0.137886924537,0.19932441033,0.140062915087,False,False,biological animal
cfos_occurrence,Ocurrencia espacial de núcleos c-FOS positivos / núcleos DAPI,1394,E7_FR7-1;E9_FR8-1;E8_FR6-3,WATER_NPY2;E7_FR7-5;E8_FR6-1,WATER_NPY1;WATER_NPY3;E8_FR6-4,1.80505072328,0.137886924537,0.133459160332,0.21161239551,False,False,biological animal
cfos_occurrence,Ocurrencia espacial de núcleos c-FOS positivos / núcleos DAPI,1395,E7_FR7-1;E9_FR8-1;E8_FR6-3,WATER_NPY2;E7_FR7-5;E8_FR6-4,WATER_NPY1;WATER_NPY3;E8_FR6-1,0.376577465003,0.137886924537,0.164102948762,0.184767822781,False,False,biological animal
cfos_occurrence,Ocurrencia espacial de núcleos c-FOS positivos / núcleos DAPI,1396,E7_FR7-1;E9_FR8-1;E8_FR6-3,WATER_NPY2;E8_FR6-1;E8_FR6-4,WATER_NPY1;WATER_NPY3;E7_FR7-5,0.82822506851,0.137886924537,0.120012976209,0.182776750138,False,False,biological animal
cfos_occurrence,Ocurrencia espacial de núcleos c-FOS positivos / núcleos DAPI,1397,E7_FR7-1;E9_FR8-1;E8_FR6-3,WATER_NPY3;E7_FR7-5;E8_FR6-1,WATER_NPY1;WATER_NPY2;E8_FR6-4,0.429756532346,0.137886924537,0.131679683057,0.0992205380813,False,False,biological animal
cfos_occurrence,Ocurrencia espacial de núcleos c-FOS positivos / núcleos DAPI,1398,E7_FR7-1;E9_FR8-1;E8_FR6-3,WATER_NPY3;E7_FR7-5;E8_FR6-4,WATER_NPY1;WATER_NPY2;E8_FR6-1,1.7527722075,0.137886924537,0.188229081385,0.0981248663582,False,False,biological animal
cfos_occurrence,Ocurrencia espacial de núcleos c-FOS positivos / núcleos DAPI,1399,E7_FR7-1;E9_FR8-1;E8_FR6-3,WATER_NPY3;E8_FR6-1;E8_FR6-4,WATER_NPY1;WATER_NPY2;E7_FR7-5,0.658988900782,0.137886924537,0.19390681198,0.149674721509,False,False,biological animal
cfos_occurrence,Ocurrencia espacial de núcleos c-FOS positivos / núcleos DAPI,1400,E7_FR7-1;E9_FR8-1;E8_FR6-3,E7_FR7-5;E8_FR6-1;E8_FR6-4,WATER_NPY1;WATER_NPY2;WATER_NPY3,0.452310262679,0.137886924537,0.154106710722,0.189273632795,False,False,biological animal
cfos_occurrence,Ocurrencia espacial de núcleos c-FOS positivos / núcleos DAPI,1401,E7_FR7-1;E9_FR8-1;E8_FR6-4,WATER_NPY1;WATER_NPY2;WATER_NPY3,E7_FR7-5;E8_FR6-1;E8_FR6-3,1.86229820705,0.213023460701,0.189273632795,0.102106846054,False,False,biological animal
cfos_occurrence,Ocurrencia espacial de núcleos c-FOS positivos / núcleos DAPI,1402,E7_FR7-1;E9_FR8-1;E8_FR6-4,WATER_NPY1;WATER_NPY2;E7_FR7-5,WATER_NPY3;E8_FR6-1;E8_FR6-3,0.81100537035,0.213023460701,0.149674721509,0.148417989643,False,False,biological animal
cfos_occurrence,Ocurrencia espacial de núcleos c-FOS positivos / núcleos DAPI,1403,E7_FR7-1;E9_FR8-1;E8_FR6-4,WATER_NPY1;WATER_NPY2;E8_FR6-1,WATER_NPY3;E7_FR7-5;E8_FR6-3,2.65185325374,0.213023460701,0.0981248663582,0.123850801143,False,False,biological animal
cfos_occurrence,Ocurrencia espacial de núcleos c-FOS positivos / núcleos DAPI,1404,E7_FR7-1;E9_FR8-1;E8_FR6-4,WATER_NPY1;WATER_NPY2;E8_FR6-3,WATER_NPY3;E7_FR7-5;E8_FR6-1,2.72270689431,0.213023460701,0.0889515109225,0.131679683057,False,False,biological animal
cfos_occurrence,Ocurrencia espacial de núcleos c-FOS positivos / núcleos DAPI,1405,E7_FR7-1;E9_FR8-1;E8_FR6-4,WATER_NPY1;WATER_NPY3;E7_FR7-5,WATER_NPY2;E8_FR6-1;E8_FR6-3,2.60937630168,0.213023460701,0.182776750138,0.0771025607609,False,False,biological animal
cfos_occurrence,Ocurrencia espacial de núcleos c-FOS positivos / núcleos DAPI,1406,E7_FR7-1;E9_FR8-1;E8_FR6-4,WATER_NPY1;WATER_NPY3;E8_FR6-1,WATER_NPY2;E7_FR7-5;E8_FR6-3,1.17462915481,0.213023460701,0.184767822781,0.121822665893,False,False,biological animal
cfos_occurrence,Ocurrencia espacial de núcleos c-FOS positivos / núcleos DAPI,1407,E7_FR7-1;E9_FR8-1;E8_FR6-4,WATER_NPY1;WATER_NPY3;E8_FR6-3,WATER_NPY2;E7_FR7-5;E8_FR6-1,0.792087786456,0.213023460701,0.175754541786,0.133459160332,False,False,biological animal
cfos_occurrence,Ocurrencia espacial de núcleos c-FOS positivos / núcleos DAPI,1408,E7_FR7-1;E9_FR8-1;E8_FR6-4,WATER_NPY1;E7_FR7-5;E8_FR6-1,WATER_NPY2;WATER_NPY3;E8_FR6-3,0.823186269678,0.213023460701,0.140062915087,0.161572306475,False,False,biological animal
cfos_occurrence,Ocurrencia espacial de núcleos c-FOS positivos / núcleos DAPI,1409,E7_FR7-1;E9_FR8-1;E8_FR6-4,WATER_NPY1;E7_FR7-5;E8_FR6-3,WATER_NPY2;WATER_NPY3;E8_FR6-1,0.913683663277,0.213023460701,0.132238082191,0.173189579894,False,False,biological animal
cfos_occurrence,Ocurrencia espacial de núcleos c-FOS positivos / núcleos DAPI,1410,E7_FR7-1;E9_FR8-1;E8_FR6-4,WATER_NPY1;E8_FR6-1;E8_FR6-3,WATER_NPY2;WATER_NPY3;E7_FR7-5,3.37692420651,0.213023460701,0.0726304282101,0.144286763472,False,False,biological animal
cfos_occurrence,Ocurrencia espacial de núcleos c-FOS positivos / núcleos DAPI,1411,E7_FR7-1;E9_FR8-1;E8_FR6-4,WATER_NPY2;WATER_NPY3;E7_FR7-5,WATER_NPY1;E8_FR6-1;E8_FR6-3,3.37692420651,0.213023460701,0.144286763472,0.0726304282101,False,False,biological animal
cfos_occurrence,Ocurrencia espacial de núcleos c-FOS positivos / núcleos DAPI,1412,E7_FR7-1;E9_FR8-1;E8_FR6-4,WATER_NPY2;WATER_NPY3;E8_FR6-1,WATER_NPY1;E7_FR7-5;E8_FR6-3,0.913683663277,0.213023460701,0.173189579894,0.132238082191,False,False,biological animal
cfos_occurrence,Ocurrencia espacial de núcleos c-FOS positivos / núcleos DAPI,1413,E7_FR7-1;E9_FR8-1;E8_FR6-4,WATER_NPY2;WATER_NPY3;E8_FR6-3,WATER_NPY1;E7_FR7-5;E8_FR6-1,0.823186269678,0.213023460701,0.161572306475,0.140062915087,False,False,biological animal
cfos_occurrence,Ocurrencia espacial de núcleos c-FOS positivos / núcleos DAPI,1414,E7_FR7-1;E9_FR8-1;E8_FR6-4,WATER_NPY2;E7_FR7-5;E8_FR6-1,WATER_NPY1;WATER_NPY3;E8_FR6-3,0.792087786456,0.213023460701,0.133459160332,0.175754541786,False,False,biological animal
cfos_occurrence,Ocurrencia espacial de núcleos c-FOS positivos / núcleos DAPI,1415,E7_FR7-1;E9_FR8-1;E8_FR6-4,WATER_NPY2;E7_FR7-5;E8_FR6-3,WATER_NPY1;WATER_NPY3;E8_FR6-1,1.17462915481,0.213023460701,0.121822665893,0.184767822781,False,False,biological animal
cfos_occurrence,Ocurrencia espacial de núcleos c-FOS positivos / núcleos DAPI,1416,E7_FR7-1;E9_FR8-1;E8_FR6-4,WATER_NPY2;E8_FR6-1;E8_FR6-3,WATER_NPY1;WATER_NPY3;E7_FR7-5,2.60937630168,0.213023460701,0.0771025607609,0.182776750138,False,False,biological animal
cfos_occurrence,Ocurrencia espacial de núcleos c-FOS positivos / núcleos DAPI,1417,E7_FR7-1;E9_FR8-1;E8_FR6-4,WATER_NPY3;E7_FR7-5;E8_FR6-1,WATER_NPY1;WATER_NPY2;E8_FR6-3,2.72270689431,0.213023460701,0.131679683057,0.0889515109225,False,False,biological animal
cfos_occurrence,Ocurrencia espacial de núcleos c-FOS positivos / núcleos DAPI,1418,E7_FR7-1;E9_FR8-1;E8_FR6-4,WATER_NPY3;E7_FR7-5;E8_FR6-3,WATER_NPY1;WATER_NPY2;E8_FR6-1,2.65185325374,0.213023460701,0.123850801143,0.0981248663582,False,False,biological animal
cfos_occurrence,Ocurrencia espacial de núcleos c-FOS positivos / núcleos DAPI,1419,E7_FR7-1;E9_FR8-1;E8_FR6-4,WATER_NPY3;E8_FR6-1;E8_FR6-3,WATER_NPY1;WATER_NPY2;E7_FR7-5,0.81100537035,0.213023460701,0.148417989643,0.149674721509,False,False,biological animal
cfos_occurrence,Ocurrencia espacial de núcleos c-FOS positivos / núcleos DAPI,1420,E7_FR7-1;E9_FR8-1;E8_FR6-4,E7_FR7-5;E8_FR6-1;E8_FR6-3,WATER_NPY1;WATER_NPY2;WATER_NPY3,1.86229820705,0.213023460701,0.102106846054,0.189273632795,False,False,biological animal
cfos_occurrence,Ocurrencia espacial de núcleos c-FOS positivos / núcleos DAPI,1421,E7_FR7-1;E8_FR6-1;E8_FR6-3,WATER_NPY1;WATER_NPY2;WATER_NPY3,E7_FR7-5;E9_FR8-1;E8_FR6-4,0.472972817085,0.135112165602,0.189273632795,0.190166664278,False,False,biological animal
cfos_occurrence,Ocurrencia espacial de núcleos c-FOS positivos / núcleos DAPI,1422,E7_FR7-1;E8_FR6-1;E8_FR6-3,WATER_NPY1;WATER_NPY2;E7_FR7-5,WATER_NPY3;E9_FR8-1;E8_FR6-4,1.1715975331,0.135112165602,0.149674721509,0.213419517422,False,False,biological animal
cfos_occurrence,Ocurrencia espacial de núcleos c-FOS positivos / núcleos DAPI,1423,E7_FR7-1;E8_FR6-1;E8_FR6-3,WATER_NPY1;WATER_NPY2;E9_FR8-1,WATER_NPY3;E7_FR7-5;E8_FR6-4,0.497493190283,0.135112165602,0.187139448845,0.188229081385,False,False,biological animal
cfos_occurrence,Ocurrencia espacial de núcleos c-FOS positivos / núcleos DAPI,1424,E7_FR7-1;E8_FR6-1;E8_FR6-3,WATER_NPY1;WATER_NPY2;E8_FR6-4,WATER_NPY3;E7_FR7-5;E9_FR8-1,2.41148701117,0.135112165602,0.0992205380813,0.0707104698796,False,False,biological animal
cfos_occurrence,Ocurrencia espacial de núcleos c-FOS positivos / núcleos DAPI,1425,E7_FR7-1;E8_FR6-1;E8_FR6-3,WATER_NPY1;WATER_NPY3;E7_FR7-5,WATER_NPY2;E9_FR8-1;E8_FR6-4,0.602203775729,0.135112165602,0.182776750138,0.201437327672,False,False,biological animal
cfos_occurrence,Ocurrencia espacial de núcleos c-FOS positivos / núcleos DAPI,1426,E7_FR7-1;E8_FR6-1;E8_FR6-3,WATER_NPY1;WATER_NPY3;E9_FR8-1,WATER_NPY2;E7_FR7-5;E8_FR6-4,0.993465975094,0.135112165602,0.207537317556,0.164102948762,False,False,biological animal
cfos_occurrence,Ocurrencia espacial de núcleos c-FOS positivos / núcleos DAPI,1427,E7_FR7-1;E8_FR6-1;E8_FR6-3,WATER_NPY1;WATER_NPY3;E8_FR6-4,WATER_NPY2;E7_FR7-5;E9_FR8-1,1.14696236302,0.135112165602,0.21161239551,0.143571770456,False,False,biological animal
cfos_occurrence,Ocurrencia espacial de núcleos c-FOS positivos / núcleos DAPI,1428,E7_FR7-1;E8_FR6-1;E8_FR6-3,WATER_NPY1;E7_FR7-5;E9_FR8-1,WATER_NPY2;WATER_NPY3;E8_FR6-4,0.640320883003,0.135112165602,0.181110850059,0.19932441033,False,False,biological animal
cfos_occurrence,Ocurrencia espacial de núcleos c-FOS positivos / núcleos DAPI,1429,E7_FR7-1;E8_FR6-1;E8_FR6-3,WATER_NPY1;E7_FR7-5;E8_FR6-4,WATER_NPY2;WATER_NPY3;E9_FR8-1,0.331301881196,0.135112165602,0.170261350708,0.16592639567,False,False,biological animal
cfos_occurrence,Ocurrencia espacial de núcleos c-FOS positivos / núcleos DAPI,1430,E7_FR7-1;E8_FR6-1;E8_FR6-3,WATER_NPY1;E9_FR8-1;E8_FR6-4,WATER_NPY2;WATER_NPY3;E7_FR7-5,1.14353645383,0.135112165602,0.212844372096,0.144286763472,False,False,biological animal
cfos_occurrence,Ocurrencia espacial de núcleos c-FOS positivos / núcleos DAPI,1431,E7_FR7-1;E8_FR6-1;E8_FR6-3,WATER_NPY2;WATER_NPY3;E7_FR7-5,WATER_NPY1;E9_FR8-1;E8_FR6-4,1.14353645383,0.135112165602,0.144286763472,0.212844372096,False,False,biological animal
cfos_occurrence,Ocurrencia espacial de núcleos c-FOS positivos / núcleos DAPI,1432,E7_FR7-1;E8_FR6-1;E8_FR6-3,WATER_NPY2;WATER_NPY3;E9_FR8-1,WATER_NPY1;E7_FR7-5;E8_FR6-4,0.331301881196,0.135112165602,0.16592639567,0.170261350708,False,False,biological animal
cfos_occurrence,Ocurrencia espacial de núcleos c-FOS positivos / núcleos DAPI,1433,E7_FR7-1;E8_FR6-1;E8_FR6-3,WATER_NPY2;WATER_NPY3;E8_FR6-4,WATER_NPY1;E7_FR7-5;E9_FR8-1,0.640320883003,0.135112165602,0.19932441033,0.181110850059,False,False,biological animal
cfos_occurrence,Ocurrencia espacial de núcleos c-FOS positivos / núcleos DAPI,1434,E7_FR7-1;E8_FR6-1;E8_FR6-3,WATER_NPY2;E7_FR7-5;E9_FR8-1,WATER_NPY1;WATER_NPY3;E8_FR6-4,1.14696236302,0.135112165602,0.143571770456,0.21161239551,False,False,biological animal
cfos_occurrence,Ocurrencia espacial de núcleos c-FOS positivos / núcleos DAPI,1435,E7_FR7-1;E8_FR6-1;E8_FR6-3,WATER_NPY2;E7_FR7-5;E8_FR6-4,WATER_NPY1;WATER_NPY3;E9_FR8-1,0.993465975094,0.135112165602,0.164102948762,0.207537317556,False,False,biological animal
cfos_occurrence,Ocurrencia espacial de núcleos c-FOS positivos / núcleos DAPI,1436,E7_FR7-1;E8_FR6-1;E8_FR6-3,WATER_NPY2;E9_FR8-1;E8_FR6-4,WATER_NPY1;WATER_NPY3;E7_FR7-5,0.602203775729,0.135112165602,0.201437327672,0.182776750138,False,False,biological animal
cfos_occurrence,Ocurrencia espacial de núcleos c-FOS positivos / núcleos DAPI,1437,E7_FR7-1;E8_FR6-1;E8_FR6-3,WATER_NPY3;E7_FR7-5;E9_FR8-1,WATER_NPY1;WATER_NPY2;E8_FR6-4,2.41148701117,0.135112165602,0.0707104698796,0.0992205380813,False,False,biological animal
cfos_occurrence,Ocurrencia espacial de núcleos c-FOS positivos / núcleos DAPI,1438,E7_FR7-1;E8_FR6-1;E8_FR6-3,WATER_NPY3;E7_FR7-5;E8_FR6-4,WATER_NPY1;WATER_NPY2;E9_FR8-1,0.497493190283,0.135112165602,0.188229081385,0.187139448845,False,False,biological animal
cfos_occurrence,Ocurrencia espacial de núcleos c-FOS positivos / núcleos DAPI,1439,E7_FR7-1;E8_FR6-1;E8_FR6-3,WATER_NPY3;E9_FR8-1;E8_FR6-4,WATER_NPY1;WATER_NPY2;E7_FR7-5,1.1715975331,0.135112165602,0.213419517422,0.149674721509,False,False,biological animal
cfos_occurrence,Ocurrencia espacial de núcleos c-FOS positivos / núcleos DAPI,1440,E7_FR7-1;E8_FR6-1;E8_FR6-3,E7_FR7-5;E9_FR8-1;E8_FR6-4,WATER_NPY1;WATER_NPY2;WATER_NPY3,0.472972817085,0.135112165602,0.190166664278,0.189273632795,False,False,biological animal
cfos_occurrence,Ocurrencia espacial de núcleos c-FOS positivos / núcleos DAPI,1441,E7_FR7-1;E8_FR6-1;E8_FR6-4,WATER_NPY1;WATER_NPY2;WATER_NPY3,E7_FR7-5;E9_FR8-1;E8_FR6-3,0.626876342332,0.184102836073,0.189273632795,0.122495409459,False,False,biological animal
cfos_occurrence,Ocurrencia espacial de núcleos c-FOS positivos / núcleos DAPI,1442,E7_FR7-1;E8_FR6-1;E8_FR6-4,WATER_NPY1;WATER_NPY2;E7_FR7-5,WATER_NPY3;E9_FR8-1;E8_FR6-3,0.248195209371,0.184102836073,0.149674721509,0.148034243925,False,False,biological animal
cfos_occurrence,Ocurrencia espacial de núcleos c-FOS positivos / núcleos DAPI,1443,E7_FR7-1;E8_FR6-1;E8_FR6-4,WATER_NPY1;WATER_NPY2;E9_FR8-1,WATER_NPY3;E7_FR7-5;E8_FR6-3,0.579642402506,0.184102836073,0.187139448845,0.123850801143,False,False,biological animal
cfos_occurrence,Ocurrencia espacial de núcleos c-FOS positivos / núcleos DAPI,1444,E7_FR7-1;E8_FR6-1;E8_FR6-4,WATER_NPY1;WATER_NPY2;E8_FR6-3,WATER_NPY3;E7_FR7-5;E9_FR8-1,3.61482514275,0.184102836073,0.0889515109225,0.0707104698796,False,False,biological animal
cfos_occurrence,Ocurrencia espacial de núcleos c-FOS positivos / núcleos DAPI,1445,E7_FR7-1;E8_FR6-1;E8_FR6-4,WATER_NPY1;WATER_NPY3;E7_FR7-5,WATER_NPY2;E9_FR8-1;E8_FR6-3,0.0891618078453,0.184102836073,0.182776750138,0.158834848678,False,False,biological animal
cfos_occurrence,Ocurrencia espacial de núcleos c-FOS positivos / núcleos DAPI,1446,E7_FR7-1;E8_FR6-1;E8_FR6-4,WATER_NPY1;WATER_NPY3;E9_FR8-1,WATER_NPY2;E7_FR7-5;E8_FR6-3,1.05216078524,0.184102836073,0.207537317556,0.121822665893,False,False,biological animal
cfos_occurrence,Ocurrencia espacial de núcleos c-FOS positivos / núcleos DAPI,1447,E7_FR7-1;E8_FR6-1;E8_FR6-4,WATER_NPY1;WATER_NPY3;E8_FR6-3,WATER_NPY2;E7_FR7-5;E9_FR8-1,0.175857242324,0.184102836073,0.175754541786,0.143571770456,False,False,biological animal
cfos_occurrence,Ocurrencia espacial de núcleos c-FOS positivos / núcleos DAPI,1448,E7_FR7-1;E8_FR6-1;E8_FR6-4,WATER_NPY1;E7_FR7-5;E9_FR8-1,WATER_NPY2;WATER_NPY3;E8_FR6-3,0.0689187482235,0.184102836073,0.181110850059,0.161572306475,False,False,biological animal
cfos_occurrence,Ocurrencia espacial de núcleos c-FOS positivos / núcleos DAPI,1449,E7_FR7-1;E8_FR6-1;E8_FR6-4,WATER_NPY1;E7_FR7-5;E8_FR6-3,WATER_NPY2;WATER_NPY3;E9_FR8-1,0.329281568613,0.184102836073,0.132238082191,0.16592639567,False,False,biological animal
cfos_occurrence,Ocurrencia espacial de núcleos c-FOS positivos / núcleos DAPI,1450,E7_FR7-1;E8_FR6-1;E8_FR6-4,WATER_NPY1;E9_FR8-1;E8_FR6-3,WATER_NPY2;WATER_NPY3;E7_FR7-5,0.161288977478,0.184102836073,0.171396376123,0.144286763472,False,False,biological animal
cfos_occurrence,Ocurrencia espacial de núcleos c-FOS positivos / núcleos DAPI,1451,E7_FR7-1;E8_FR6-1;E8_FR6-4,WATER_NPY2;WATER_NPY3;E7_FR7-5,WATER_NPY1;E9_FR8-1;E8_FR6-3,0.161288977478,0.184102836073,0.144286763472,0.171396376123,False,False,biological animal
cfos_occurrence,Ocurrencia espacial de núcleos c-FOS positivos / núcleos DAPI,1452,E7_FR7-1;E8_FR6-1;E8_FR6-4,WATER_NPY2;WATER_NPY3;E9_FR8-1,WATER_NPY1;E7_FR7-5;E8_FR6-3,0.329281568613,0.184102836073,0.16592639567,0.132238082191,False,False,biological animal
cfos_occurrence,Ocurrencia espacial de núcleos c-FOS positivos / núcleos DAPI,1453,E7_FR7-1;E8_FR6-1;E8_FR6-4,WATER_NPY2;WATER_NPY3;E8_FR6-3,WATER_NPY1;E7_FR7-5;E9_FR8-1,0.0689187482235,0.184102836073,0.161572306475,0.181110850059,False,False,biological animal
cfos_occurrence,Ocurrencia espacial de núcleos c-FOS positivos / núcleos DAPI,1454,E7_FR7-1;E8_FR6-1;E8_FR6-4,WATER_NPY2;E7_FR7-5;E9_FR8-1,WATER_NPY1;WATER_NPY3;E8_FR6-3,0.175857242324,0.184102836073,0.143571770456,0.175754541786,False,False,biological animal
cfos_occurrence,Ocurrencia espacial de núcleos c-FOS positivos / núcleos DAPI,1455,E7_FR7-1;E8_FR6-1;E8_FR6-4,WATER_NPY2;E7_FR7-5;E8_FR6-3,WATER_NPY1;WATER_NPY3;E9_FR8-1,1.05216078524,0.184102836073,0.121822665893,0.207537317556,False,False,biological animal
cfos_occurrence,Ocurrencia espacial de núcleos c-FOS positivos / núcleos DAPI,1456,E7_FR7-1;E8_FR6-1;E8_FR6-4,WATER_NPY2;E9_FR8-1;E8_FR6-3,WATER_NPY1;WATER_NPY3;E7_FR7-5,0.0891618078453,0.184102836073,0.158834848678,0.182776750138,False,False,biological animal
cfos_occurrence,Ocurrencia espacial de núcleos c-FOS positivos / núcleos DAPI,1457,E7_FR7-1;E8_FR6-1;E8_FR6-4,WATER_NPY3;E7_FR7-5;E9_FR8-1,WATER_NPY1;WATER_NPY2;E8_FR6-3,3.61482514275,0.184102836073,0.0707104698796,0.0889515109225,False,False,biological animal
cfos_occurrence,Ocurrencia espacial de núcleos c-FOS positivos / núcleos DAPI,1458,E7_FR7-1;E8_FR6-1;E8_FR6-4,WATER_NPY3;E7_FR7-5;E8_FR6-3,WATER_NPY1;WATER_NPY2;E9_FR8-1,0.579642402506,0.184102836073,0.123850801143,0.187139448845,False,False,biological animal
cfos_occurrence,Ocurrencia espacial de núcleos c-FOS positivos / núcleos DAPI,1459,E7_FR7-1;E8_FR6-1;E8_FR6-4,WATER_NPY3;E9_FR8-1;E8_FR6-3,WATER_NPY1;WATER_NPY2;E7_FR7-5,0.248195209371,0.184102836073,0.148034243925,0.149674721509,False,False,biological animal
cfos_occurrence,Ocurrencia espacial de núcleos c-FOS positivos / núcleos DAPI,1460,E7_FR7-1;E8_FR6-1;E8_FR6-4,E7_FR7-5;E9_FR8-1;E8_FR6-3,WATER_NPY1;WATER_NPY2;WATER_NPY3,0.626876342332,0.184102836073,0.122495409459,0.189273632795,False,False,biological animal
cfos_occurrence,Ocurrencia espacial de núcleos c-FOS positivos / núcleos DAPI,1461,E7_FR7-1;E8_FR6-3;E8_FR6-4,WATER_NPY1;WATER_NPY2;WATER_NPY3,E7_FR7-5;E9_FR8-1;E8_FR6-1,0.417641001857,0.178587431646,0.189273632795,0.129816827847,False,False,biological animal
cfos_occurrence,Ocurrencia espacial de núcleos c-FOS positivos / núcleos DAPI,1462,E7_FR7-1;E8_FR6-3;E8_FR6-4,WATER_NPY1;WATER_NPY2;E7_FR7-5,WATER_NPY3;E9_FR8-1;E8_FR6-1,0.120768673546,0.178587431646,0.149674721509,0.156345004239,False,False,biological animal
cfos_occurrence,Ocurrencia espacial de núcleos c-FOS positivos / núcleos DAPI,1463,E7_FR7-1;E8_FR6-3;E8_FR6-4,WATER_NPY1;WATER_NPY2;E9_FR8-1,WATER_NPY3;E7_FR7-5;E8_FR6-1,0.360895310076,0.178587431646,0.187139448845,0.131679683057,False,False,biological animal
cfos_occurrence,Ocurrencia espacial de núcleos c-FOS positivos / núcleos DAPI,1464,E7_FR7-1;E8_FR6-3;E8_FR6-4,WATER_NPY1;WATER_NPY2;E8_FR6-1,WATER_NPY3;E7_FR7-5;E9_FR8-1,2.59878588789,0.178587431646,0.0981248663582,0.0707104698796,False,False,biological animal
cfos_occurrence,Ocurrencia espacial de núcleos c-FOS positivos / núcleos DAPI,1465,E7_FR7-1;E8_FR6-3;E8_FR6-4,WATER_NPY1;WATER_NPY3;E7_FR7-5,WATER_NPY2;E9_FR8-1;E8_FR6-1,0.0208399110164,0.178587431646,0.182776750138,0.16916185466,False,False,biological animal
cfos_occurrence,Ocurrencia espacial de núcleos c-FOS positivos / núcleos DAPI,1466,E7_FR7-1;E8_FR6-3;E8_FR6-4,WATER_NPY1;WATER_NPY3;E9_FR8-1,WATER_NPY2;E7_FR7-5;E8_FR6-1,0.712062908038,0.178587431646,0.207537317556,0.133459160332,False,False,biological animal
cfos_occurrence,Ocurrencia espacial de núcleos c-FOS positivos / núcleos DAPI,1467,E7_FR7-1;E8_FR6-3;E8_FR6-4,WATER_NPY1;WATER_NPY3;E8_FR6-1,WATER_NPY2;E7_FR7-5;E9_FR8-1,0.193436823666,0.178587431646,0.184767822781,0.143571770456,False,False,biological animal
cfos_occurrence,Ocurrencia espacial de núcleos c-FOS positivos / núcleos DAPI,1468,E7_FR7-1;E8_FR6-3;E8_FR6-4,WATER_NPY1;E7_FR7-5;E9_FR8-1,WATER_NPY2;WATER_NPY3;E8_FR6-1,0.00728472547114,0.178587431646,0.181110850059,0.173189579894,False,False,biological animal
cfos_occurrence,Ocurrencia espacial de núcleos c-FOS positivos / núcleos DAPI,1469,E7_FR7-1;E8_FR6-3;E8_FR6-4,WATER_NPY1;E7_FR7-5;E8_FR6-1,WATER_NPY2;WATER_NPY3;E9_FR8-1,0.183581279336,0.178587431646,0.140062915087,0.16592639567,False,False,biological animal
cfos_occurrence,Ocurrencia espacial de núcleos c-FOS positivos / núcleos DAPI,1470,E7_FR7-1;E8_FR6-3;E8_FR6-4,WATER_NPY1;E9_FR8-1;E8_FR6-1,WATER_NPY2;WATER_NPY3;E7_FR7-5,0.151489058047,0.178587431646,0.178220357587,0.144286763472,False,False,biological animal
cfos_occurrence,Ocurrencia espacial de núcleos c-FOS positivos / núcleos DAPI,1471,E7_FR7-1;E8_FR6-3;E8_FR6-4,WATER_NPY2;WATER_NPY3;E7_FR7-5,WATER_NPY1;E9_FR8-1;E8_FR6-1,0.151489058047,0.178587431646,0.144286763472,0.178220357587,False,False,biological animal
cfos_occurrence,Ocurrencia espacial de núcleos c-FOS positivos / núcleos DAPI,1472,E7_FR7-1;E8_FR6-3;E8_FR6-4,WATER_NPY2;WATER_NPY3;E9_FR8-1,WATER_NPY1;E7_FR7-5;E8_FR6-1,0.183581279336,0.178587431646,0.16592639567,0.140062915087,False,False,biological animal
cfos_occurrence,Ocurrencia espacial de núcleos c-FOS positivos / núcleos DAPI,1473,E7_FR7-1;E8_FR6-3;E8_FR6-4,WATER_NPY2;WATER_NPY3;E8_FR6-1,WATER_NPY1;E7_FR7-5;E9_FR8-1,0.00728472547114,0.178587431646,0.173189579894,0.181110850059,False,False,biological animal
cfos_occurrence,Ocurrencia espacial de núcleos c-FOS positivos / núcleos DAPI,1474,E7_FR7-1;E8_FR6-3;E8_FR6-4,WATER_NPY2;E7_FR7-5;E9_FR8-1,WATER_NPY1;WATER_NPY3;E8_FR6-1,0.193436823666,0.178587431646,0.143571770456,0.184767822781,False,False,biological animal
cfos_occurrence,Ocurrencia espacial de núcleos c-FOS positivos / núcleos DAPI,1475,E7_FR7-1;E8_FR6-3;E8_FR6-4,WATER_NPY2;E7_FR7-5;E8_FR6-1,WATER_NPY1;WATER_NPY3;E9_FR8-1,0.712062908038,0.178587431646,0.133459160332,0.207537317556,False,False,biological animal
cfos_occurrence,Ocurrencia espacial de núcleos c-FOS positivos / núcleos DAPI,1476,E7_FR7-1;E8_FR6-3;E8_FR6-4,WATER_NPY2;E9_FR8-1;E8_FR6-1,WATER_NPY1;WATER_NPY3;E7_FR7-5,0.0208399110164,0.178587431646,0.16916185466,0.182776750138,False,False,biological animal
cfos_occurrence,Ocurrencia espacial de núcleos c-FOS positivos / núcleos DAPI,1477,E7_FR7-1;E8_FR6-3;E8_FR6-4,WATER_NPY3;E7_FR7-5;E9_FR8-1,WATER_NPY1;WATER_NPY2;E8_FR6-1,2.59878588789,0.178587431646,0.0707104698796,0.0981248663582,False,False,biological animal
cfos_occurrence,Ocurrencia espacial de núcleos c-FOS positivos / núcleos DAPI,1478,E7_FR7-1;E8_FR6-3;E8_FR6-4,WATER_NPY3;E7_FR7-5;E8_FR6-1,WATER_NPY1;WATER_NPY2;E9_FR8-1,0.360895310076,0.178587431646,0.131679683057,0.187139448845,False,False,biological animal
cfos_occurrence,Ocurrencia espacial de núcleos c-FOS positivos / núcleos DAPI,1479,E7_FR7-1;E8_FR6-3;E8_FR6-4,WATER_NPY3;E9_FR8-1;E8_FR6-1,WATER_NPY1;WATER_NPY2;E7_FR7-5,0.120768673546,0.178587431646,0.156345004239,0.149674721509,False,False,biological animal
cfos_occurrence,Ocurrencia espacial de núcleos c-FOS positivos / núcleos DAPI,1480,E7_FR7-1;E8_FR6-3;E8_FR6-4,E7_FR7-5;E9_FR8-1;E8_FR6-1,WATER_NPY1;WATER_NPY2;WATER_NPY3,0.417641001857,0.178587431646,0.129816827847,0.189273632795,False,False,biological animal
cfos_occurrence,Ocurrencia espacial de núcleos c-FOS positivos / núcleos DAPI,1481,E7_FR7-5;E9_FR8-1;E8_FR6-1,WATER_NPY1;WATER_NPY2;WATER_NPY3,E7_FR7-1;E8_FR6-3;E8_FR6-4,0.417641001857,0.129816827847,0.189273632795,0.178587431646,False,False,biological animal
cfos_occurrence,Ocurrencia espacial de núcleos c-FOS positivos / núcleos DAPI,1482,E7_FR7-5;E9_FR8-1;E8_FR6-1,WATER_NPY1;WATER_NPY2;E7_FR7-1,WATER_NPY3;E8_FR6-3;E8_FR6-4,0.580096538684,0.129816827847,0.187727396435,0.185366063715,False,False,biological animal
cfos_occurrence,Ocurrencia espacial de núcleos c-FOS positivos / núcleos DAPI,1483,E7_FR7-5;E9_FR8-1;E8_FR6-1,WATER_NPY1;WATER_NPY2;E8_FR6-3,WATER_NPY3;E7_FR7-1;E8_FR6-4,3.57493403722,0.129816827847,0.0889515109225,0.214831538443,False,False,biological animal
cfos_occurrence,Ocurrencia espacial de núcleos c-FOS positivos / núcleos DAPI,1484,E7_FR7-5;E9_FR8-1;E8_FR6-1,WATER_NPY1;WATER_NPY2;E8_FR6-4,WATER_NPY3;E7_FR7-1;E8_FR6-3,0.7976747718,0.129816827847,0.0992205380813,0.148088957748,False,False,biological animal
cfos_occurrence,Ocurrencia espacial de núcleos c-FOS positivos / núcleos DAPI,1485,E7_FR7-5;E9_FR8-1;E8_FR6-1,WATER_NPY1;WATER_NPY3;E7_FR7-1,WATER_NPY2;E8_FR6-3;E8_FR6-4,2.34844234777,0.129816827847,0.207912209875,0.109964085689,False,False,biological animal
cfos_occurrence,Ocurrencia espacial de núcleos c-FOS positivos / núcleos DAPI,1486,E7_FR7-5;E9_FR8-1;E8_FR6-1,WATER_NPY1;WATER_NPY3;E8_FR6-3,WATER_NPY2;E7_FR7-1;E8_FR6-4,0.634437673121,0.129816827847,0.175754541786,0.202666112306,False,False,biological animal
cfos_occurrence,Ocurrencia espacial de núcleos c-FOS positivos / núcleos DAPI,1487,E7_FR7-5;E9_FR8-1;E8_FR6-1,WATER_NPY1;WATER_NPY3;E8_FR6-4,WATER_NPY2;E7_FR7-1;E8_FR6-3,1.16004579174,0.129816827847,0.21161239551,0.156828655789,False,False,biological animal
cfos_occurrence,Ocurrencia espacial de núcleos c-FOS positivos / núcleos DAPI,1488,E7_FR7-5;E9_FR8-1;E8_FR6-1,WATER_NPY1;E7_FR7-1;E8_FR6-3,WATER_NPY2;WATER_NPY3;E8_FR6-4,0.593462918646,0.129816827847,0.16597521685,0.19932441033,False,False,biological animal
cfos_occurrence,Ocurrencia espacial de núcleos c-FOS positivos / núcleos DAPI,1489,E7_FR7-5;E9_FR8-1;E8_FR6-1,WATER_NPY1;E7_FR7-1;E8_FR6-4,WATER_NPY2;WATER_NPY3;E8_FR6-3,1.11735390048,0.129816827847,0.210301637132,0.161572306475,False,False,biological animal
cfos_occurrence,Ocurrencia espacial de núcleos c-FOS positivos / núcleos DAPI,1490,E7_FR7-5;E9_FR8-1;E8_FR6-1,WATER_NPY1;E8_FR6-3;E8_FR6-4,WATER_NPY2;WATER_NPY3;E7_FR7-1,1.68013767037,0.129816827847,0.0945784918164,0.169941416456,False,False,biological animal
cfos_occurrence,Ocurrencia espacial de núcleos c-FOS positivos / núcleos DAPI,1491,E7_FR7-5;E9_FR8-1;E8_FR6-1,WATER_NPY2;WATER_NPY3;E7_FR7-1,WATER_NPY1;E8_FR6-3;E8_FR6-4,1.68013767037,0.129816827847,0.169941416456,0.0945784918164,False,False,biological animal
cfos_occurrence,Ocurrencia espacial de núcleos c-FOS positivos / núcleos DAPI,1492,E7_FR7-5;E9_FR8-1;E8_FR6-1,WATER_NPY2;WATER_NPY3;E8_FR6-3,WATER_NPY1;E7_FR7-1;E8_FR6-4,1.11735390048,0.129816827847,0.161572306475,0.210301637132,False,False,biological animal
cfos_occurrence,Ocurrencia espacial de núcleos c-FOS positivos / núcleos DAPI,1493,E7_FR7-5;E9_FR8-1;E8_FR6-1,WATER_NPY2;WATER_NPY3;E8_FR6-4,WATER_NPY1;E7_FR7-1;E8_FR6-3,0.593462918646,0.129816827847,0.19932441033,0.16597521685,False,False,biological animal
cfos_occurrence,Ocurrencia espacial de núcleos c-FOS positivos / núcleos DAPI,1494,E7_FR7-5;E9_FR8-1;E8_FR6-1,WATER_NPY2;E7_FR7-1;E8_FR6-3,WATER_NPY1;WATER_NPY3;E8_FR6-4,1.16004579174,0.129816827847,0.156828655789,0.21161239551,False,False,biological animal
cfos_occurrence,Ocurrencia espacial de núcleos c-FOS positivos / núcleos DAPI,1495,E7_FR7-5;E9_FR8-1;E8_FR6-1,WATER_NPY2;E7_FR7-1;E8_FR6-4,WATER_NPY1;WATER_NPY3;E8_FR6-3,0.634437673121,0.129816827847,0.202666112306,0.175754541786,False,False,biological animal
cfos_occurrence,Ocurrencia espacial de núcleos c-FOS positivos / núcleos DAPI,1496,E7_FR7-5;E9_FR8-1;E8_FR6-1,WATER_NPY2;E8_FR6-3;E8_FR6-4,WATER_NPY1;WATER_NPY3;E7_FR7-1,2.34844234777,0.129816827847,0.109964085689,0.207912209875,False,False,biological animal
cfos_occurrence,Ocurrencia espacial de núcleos c-FOS positivos / núcleos DAPI,1497,E7_FR7-5;E9_FR8-1;E8_FR6-1,WATER_NPY3;E7_FR7-1;E8_FR6-3,WATER_NPY1;WATER_NPY2;E8_FR6-4,0.7976747718,0.129816827847,0.148088957748,0.0992205380813,False,False,biological animal
cfos_occurrence,Ocurrencia espacial de núcleos c-FOS positivos / núcleos DAPI,1498,E7_FR7-5;E9_FR8-1;E8_FR6-1,WATER_NPY3;E7_FR7-1;E8_FR6-4,WATER_NPY1;WATER_NPY2;E8_FR6-3,3.57493403722,0.129816827847,0.214831538443,0.0889515109225,False,False,biological animal
cfos_occurrence,Ocurrencia espacial de núcleos c-FOS positivos / núcleos DAPI,1499,E7_FR7-5;E9_FR8-1;E8_FR6-1,WATER_NPY3;E8_FR6-3;E8_FR6-4,WATER_NPY1;WATER_NPY2;E7_FR7-1,0.580096538684,0.129816827847,0.185366063715,0.187727396435,False,False,biological animal
cfos_occurrence,Ocurrencia espacial de núcleos c-FOS positivos / núcleos DAPI,1500,E7_FR7-5;E9_FR8-1;E8_FR6-1,E7_FR7-1;E8_FR6-3;E8_FR6-4,WATER_NPY1;WATER_NPY2;WATER_NPY3,0.417641001857,0.129816827847,0.178587431646,0.189273632795,False,False,biological animal
cfos_occurrence,Ocurrencia espacial de núcleos c-FOS positivos / núcleos DAPI,1501,E7_FR7-5;E9_FR8-1;E8_FR6-3,WATER_NPY1;WATER_NPY2;WATER_NPY3,E7_FR7-1;E8_FR6-1;E8_FR6-4,0.626876342332,0.122495409459,0.189273632795,0.184102836073,False,False,biological animal
cfos_occurrence,Ocurrencia espacial de núcleos c-FOS positivos / núcleos DAPI,1502,E7_FR7-5;E9_FR8-1;E8_FR6-3,WATER_NPY1;WATER_NPY2;E7_FR7-1,WATER_NPY3;E8_FR6-1;E8_FR6-4,0.951271612193,0.122495409459,0.187727396435,0.19390681198,False,False,biological animal
cfos_occurrence,Ocurrencia espacial de núcleos c-FOS positivos / núcleos DAPI,1503,E7_FR7-5;E9_FR8-1;E8_FR6-3,WATER_NPY1;WATER_NPY2;E8_FR6-1,WATER_NPY3;E7_FR7-1;E8_FR6-4,3.34229927243,0.122495409459,0.0981248663582,0.214831538443,False,False,biological animal
cfos_occurrence,Ocurrencia espacial de núcleos c-FOS positivos / núcleos DAPI,1504,E7_FR7-5;E9_FR8-1;E8_FR6-3,WATER_NPY1;WATER_NPY2;E8_FR6-4,WATER_NPY3;E7_FR7-1;E8_FR6-1,0.957597020191,0.122495409459,0.0992205380813,0.154141285542,False,False,biological animal
cfos_occurrence,Ocurrencia espacial de núcleos c-FOS positivos / núcleos DAPI,1505,E7_FR7-5;E9_FR8-1;E8_FR6-3,WATER_NPY1;WATER_NPY3;E7_FR7-1,WATER_NPY2;E8_FR6-1;E8_FR6-4,2.33661037557,0.122495409459,0.207912209875,0.120012976209,False,False,biological animal
cfos_occurrence,Ocurrencia espacial de núcleos c-FOS positivos / núcleos DAPI,1506,E7_FR7-5;E9_FR8-1;E8_FR6-3,WATER_NPY1;WATER_NPY3;E8_FR6-1,WATER_NPY2;E7_FR7-1;E8_FR6-4,0.940951048592,0.122495409459,0.184767822781,0.202666112306,False,False,biological animal
cfos_occurrence,Ocurrencia espacial de núcleos c-FOS positivos / núcleos DAPI,1507,E7_FR7-5;E9_FR8-1;E8_FR6-3,WATER_NPY1;WATER_NPY3;E8_FR6-4,WATER_NPY2;E7_FR7-1;E8_FR6-1,1.47859239282,0.122495409459,0.21161239551,0.16556885265,False,False,biological animal
cfos_occurrence,Ocurrencia espacial de núcleos c-FOS positivos / núcleos DAPI,1508,E7_FR7-5;E9_FR8-1;E8_FR6-3,WATER_NPY1;E7_FR7-1;E8_FR6-1,WATER_NPY2;WATER_NPY3;E8_FR6-4,0.796977160869,0.122495409459,0.170084800188,0.19932441033,False,False,biological animal
cfos_occurrence,Ocurrencia espacial de núcleos c-FOS positivos / núcleos DAPI,1509,E7_FR7-5;E9_FR8-1;E8_FR6-3,WATER_NPY1;E7_FR7-1;E8_FR6-4,WATER_NPY2;WATER_NPY3;E8_FR6-1,1.44712709545,0.122495409459,0.210301637132,0.173189579894,False,False,biological animal
cfos_occurrence,Ocurrencia espacial de núcleos c-FOS positivos / núcleos DAPI,1510,E7_FR7-5;E9_FR8-1;E8_FR6-3,WATER_NPY1;E8_FR6-1;E8_FR6-4,WATER_NPY2;WATER_NPY3;E7_FR7-1,1.62775335435,0.122495409459,0.0976124324673,0.169941416456,False,False,biological animal
cfos_occurrence,Ocurrencia espacial de núcleos c-FOS positivos / núcleos DAPI,1511,E7_FR7-5;E9_FR8-1;E8_FR6-3,WATER_NPY2;WATER_NPY3;E7_FR7-1,WATER_NPY1;E8_FR6-1;E8_FR6-4,1.62775335435,0.122495409459,0.169941416456,0.0976124324673,False,False,biological animal
cfos_occurrence,Ocurrencia espacial de núcleos c-FOS positivos / núcleos DAPI,1512,E7_FR7-5;E9_FR8-1;E8_FR6-3,WATER_NPY2;WATER_NPY3;E8_FR6-1,WATER_NPY1;E7_FR7-1;E8_FR6-4,1.44712709545,0.122495409459,0.173189579894,0.210301637132,False,False,biological animal
cfos_occurrence,Ocurrencia espacial de núcleos c-FOS positivos / núcleos DAPI,1513,E7_FR7-5;E9_FR8-1;E8_FR6-3,WATER_NPY2;WATER_NPY3;E8_FR6-4,WATER_NPY1;E7_FR7-1;E8_FR6-1,0.796977160869,0.122495409459,0.19932441033,0.170084800188,False,False,biological animal
cfos_occurrence,Ocurrencia espacial de núcleos c-FOS positivos / núcleos DAPI,1514,E7_FR7-5;E9_FR8-1;E8_FR6-3,WATER_NPY2;E7_FR7-1;E8_FR6-1,WATER_NPY1;WATER_NPY3;E8_FR6-4,1.47859239282,0.122495409459,0.16556885265,0.21161239551,False,False,biological animal
cfos_occurrence,Ocurrencia espacial de núcleos c-FOS positivos / núcleos DAPI,1515,E7_FR7-5;E9_FR8-1;E8_FR6-3,WATER_NPY2;E7_FR7-1;E8_FR6-4,WATER_NPY1;WATER_NPY3;E8_FR6-1,0.940951048592,0.122495409459,0.202666112306,0.184767822781,False,False,biological animal
cfos_occurrence,Ocurrencia espacial de núcleos c-FOS positivos / núcleos DAPI,1516,E7_FR7-5;E9_FR8-1;E8_FR6-3,WATER_NPY2;E8_FR6-1;E8_FR6-4,WATER_NPY1;WATER_NPY3;E7_FR7-1,2.33661037557,0.122495409459,0.120012976209,0.207912209875,False,False,biological animal
cfos_occurrence,Ocurrencia espacial de núcleos c-FOS positivos / núcleos DAPI,1517,E7_FR7-5;E9_FR8-1;E8_FR6-3,WATER_NPY3;E7_FR7-1;E8_FR6-1,WATER_NPY1;WATER_NPY2;E8_FR6-4,0.957597020191,0.122495409459,0.154141285542,0.0992205380813,False,False,biological animal
cfos_occurrence,Ocurrencia espacial de núcleos c-FOS positivos / núcleos DAPI,1518,E7_FR7-5;E9_FR8-1;E8_FR6-3,WATER_NPY3;E7_FR7-1;E8_FR6-4,WATER_NPY1;WATER_NPY2;E8_FR6-1,3.34229927243,0.122495409459,0.214831538443,0.0981248663582,False,False,biological animal
cfos_occurrence,Ocurrencia espacial de núcleos c-FOS positivos / núcleos DAPI,1519,E7_FR7-5;E9_FR8-1;E8_FR6-3,WATER_NPY3;E8_FR6-1;E8_FR6-4,WATER_NPY1;WATER_NPY2;E7_FR7-1,0.951271612193,0.122495409459,0.19390681198,0.187727396435,False,False,biological animal
cfos_occurrence,Ocurrencia espacial de núcleos c-FOS positivos / núcleos DAPI,1520,E7_FR7-5;E9_FR8-1;E8_FR6-3,E7_FR7-1;E8_FR6-1;E8_FR6-4,WATER_NPY1;WATER_NPY2;WATER_NPY3,0.626876342332,0.122495409459,0.184102836073,0.189273632795,False,False,biological animal
cfos_occurrence,Ocurrencia espacial de núcleos c-FOS positivos / núcleos DAPI,1521,E7_FR7-5;E9_FR8-1;E8_FR6-4,WATER_NPY1;WATER_NPY2;WATER_NPY3,E7_FR7-1;E8_FR6-1;E8_FR6-3,0.472972817085,0.190166664278,0.189273632795,0.135112165602,False,False,biological animal
cfos_occurrence,Ocurrencia espacial de núcleos c-FOS positivos / núcleos DAPI,1522,E7_FR7-5;E9_FR8-1;E8_FR6-4,WATER_NPY1;WATER_NPY2;E7_FR7-1,WATER_NPY3;E8_FR6-1;E8_FR6-3,0.268724986489,0.190166664278,0.187727396435,0.148417989643,False,False,biological animal
cfos_occurrence,Ocurrencia espacial de núcleos c-FOS positivos / núcleos DAPI,1523,E7_FR7-5;E9_FR8-1;E8_FR6-4,WATER_NPY1;WATER_NPY2;E8_FR6-1,WATER_NPY3;E7_FR7-1;E8_FR6-3,1.71393712314,0.190166664278,0.0981248663582,0.148088957748,False,False,biological animal
cfos_occurrence,Ocurrencia espacial de núcleos c-FOS positivos / núcleos DAPI,1524,E7_FR7-5;E9_FR8-1;E8_FR6-4,WATER_NPY1;WATER_NPY2;E8_FR6-3,WATER_NPY3;E7_FR7-1;E8_FR6-1,2.04420292928,0.190166664278,0.0889515109225,0.154141285542,False,False,biological animal
cfos_occurrence,Ocurrencia espacial de núcleos c-FOS positivos / núcleos DAPI,1525,E7_FR7-5;E9_FR8-1;E8_FR6-4,WATER_NPY1;WATER_NPY3;E7_FR7-1,WATER_NPY2;E8_FR6-1;E8_FR6-3,2.79812909806,0.190166664278,0.207912209875,0.0771025607609,False,False,biological animal
cfos_occurrence,Ocurrencia espacial de núcleos c-FOS positivos / núcleos DAPI,1526,E7_FR7-5;E9_FR8-1;E8_FR6-4,WATER_NPY1;WATER_NPY3;E8_FR6-1,WATER_NPY2;E7_FR7-1;E8_FR6-3,0.144764181884,0.190166664278,0.184767822781,0.156828655789,False,False,biological animal
cfos_occurrence,Ocurrencia espacial de núcleos c-FOS positivos / núcleos DAPI,1527,E7_FR7-5;E9_FR8-1;E8_FR6-4,WATER_NPY1;WATER_NPY3;E8_FR6-3,WATER_NPY2;E7_FR7-1;E8_FR6-1,0.0659952417064,0.190166664278,0.175754541786,0.16556885265,False,False,biological animal
cfos_occurrence,Ocurrencia espacial de núcleos c-FOS positivos / núcleos DAPI,1528,E7_FR7-5;E9_FR8-1;E8_FR6-4,WATER_NPY1;E7_FR7-1;E8_FR6-1,WATER_NPY2;WATER_NPY3;E8_FR6-3,0.0958407106989,0.190166664278,0.170084800188,0.161572306475,False,False,biological animal
cfos_occurrence,Ocurrencia espacial de núcleos c-FOS positivos / núcleos DAPI,1529,E7_FR7-5;E9_FR8-1;E8_FR6-4,WATER_NPY1;E7_FR7-1;E8_FR6-3,WATER_NPY2;WATER_NPY3;E8_FR6-1,0.0679384181599,0.190166664278,0.16597521685,0.173189579894,False,False,biological animal
cfos_occurrence,Ocurrencia espacial de núcleos c-FOS positivos / núcleos DAPI,1530,E7_FR7-5;E9_FR8-1;E8_FR6-4,WATER_NPY1;E8_FR6-1;E8_FR6-3,WATER_NPY2;WATER_NPY3;E7_FR7-1,2.77946010124,0.190166664278,0.0726304282101,0.169941416456,False,False,biological animal
cfos_occurrence,Ocurrencia espacial de núcleos c-FOS positivos / núcleos DAPI,1531,E7_FR7-5;E9_FR8-1;E8_FR6-4,WATER_NPY2;WATER_NPY3;E7_FR7-1,WATER_NPY1;E8_FR6-1;E8_FR6-3,2.77946010124,0.190166664278,0.169941416456,0.0726304282101,False,False,biological animal
cfos_occurrence,Ocurrencia espacial de núcleos c-FOS positivos / núcleos DAPI,1532,E7_FR7-5;E9_FR8-1;E8_FR6-4,WATER_NPY2;WATER_NPY3;E8_FR6-1,WATER_NPY1;E7_FR7-1;E8_FR6-3,0.0679384181599,0.190166664278,0.173189579894,0.16597521685,False,False,biological animal
cfos_occurrence,Ocurrencia espacial de núcleos c-FOS positivos / núcleos DAPI,1533,E7_FR7-5;E9_FR8-1;E8_FR6-4,WATER_NPY2;WATER_NPY3;E8_FR6-3,WATER_NPY1;E7_FR7-1;E8_FR6-1,0.0958407106989,0.190166664278,0.161572306475,0.170084800188,False,False,biological animal
cfos_occurrence,Ocurrencia espacial de núcleos c-FOS positivos / núcleos DAPI,1534,E7_FR7-5;E9_FR8-1;E8_FR6-4,WATER_NPY2;E7_FR7-1;E8_FR6-1,WATER_NPY1;WATER_NPY3;E8_FR6-3,0.0659952417064,0.190166664278,0.16556885265,0.175754541786,False,False,biological animal
cfos_occurrence,Ocurrencia espacial de núcleos c-FOS positivos / núcleos DAPI,1535,E7_FR7-5;E9_FR8-1;E8_FR6-4,WATER_NPY2;E7_FR7-1;E8_FR6-3,WATER_NPY1;WATER_NPY3;E8_FR6-1,0.144764181884,0.190166664278,0.156828655789,0.184767822781,False,False,biological animal
cfos_occurrence,Ocurrencia espacial de núcleos c-FOS positivos / núcleos DAPI,1536,E7_FR7-5;E9_FR8-1;E8_FR6-4,WATER_NPY2;E8_FR6-1;E8_FR6-3,WATER_NPY1;WATER_NPY3;E7_FR7-1,2.79812909806,0.190166664278,0.0771025607609,0.207912209875,False,False,biological animal
cfos_occurrence,Ocurrencia espacial de núcleos c-FOS positivos / núcleos DAPI,1537,E7_FR7-5;E9_FR8-1;E8_FR6-4,WATER_NPY3;E7_FR7-1;E8_FR6-1,WATER_NPY1;WATER_NPY2;E8_FR6-3,2.04420292928,0.190166664278,0.154141285542,0.0889515109225,False,False,biological animal
cfos_occurrence,Ocurrencia espacial de núcleos c-FOS positivos / núcleos DAPI,1538,E7_FR7-5;E9_FR8-1;E8_FR6-4,WATER_NPY3;E7_FR7-1;E8_FR6-3,WATER_NPY1;WATER_NPY2;E8_FR6-1,1.71393712314,0.190166664278,0.148088957748,0.0981248663582,False,False,biological animal
cfos_occurrence,Ocurrencia espacial de núcleos c-FOS positivos / núcleos DAPI,1539,E7_FR7-5;E9_FR8-1;E8_FR6-4,WATER_NPY3;E8_FR6-1;E8_FR6-3,WATER_NPY1;WATER_NPY2;E7_FR7-1,0.268724986489,0.190166664278,0.148417989643,0.187727396435,False,False,biological animal
cfos_occurrence,Ocurrencia espacial de núcleos c-FOS positivos / núcleos DAPI,1540,E7_FR7-5;E9_FR8-1;E8_FR6-4,E7_FR7-1;E8_FR6-1;E8_FR6-3,WATER_NPY1;WATER_NPY2;WATER_NPY3,0.472972817085,0.190166664278,0.135112165602,0.189273632795,False,False,biological animal
cfos_occurrence,Ocurrencia espacial de núcleos c-FOS positivos / núcleos DAPI,1541,E7_FR7-5;E8_FR6-1;E8_FR6-3,WATER_NPY1;WATER_NPY2;WATER_NPY3,E7_FR7-1;E9_FR8-1;E8_FR6-4,1.86229820705,0.102106846054,0.189273632795,0.213023460701,False,False,biological animal
cfos_occurrence,Ocurrencia espacial de núcleos c-FOS positivos / núcleos DAPI,1542,E7_FR7-5;E8_FR6-1;E8_FR6-3,WATER_NPY1;WATER_NPY2;E7_FR7-1,WATER_NPY3;E9_FR8-1;E8_FR6-4,2.16330799004,0.102106846054,0.187727396435,0.213419517422,False,False,biological animal
cfos_occurrence,Ocurrencia espacial de núcleos c-FOS positivos / núcleos DAPI,1543,E7_FR7-5;E8_FR6-1;E8_FR6-3,WATER_NPY1;WATER_NPY2;E9_FR8-1,WATER_NPY3;E7_FR7-1;E8_FR6-4,2.16921250196,0.102106846054,0.187139448845,0.214831538443,False,False,biological animal
cfos_occurrence,Ocurrencia espacial de núcleos c-FOS positivos / núcleos DAPI,1544,E7_FR7-5;E8_FR6-1;E8_FR6-3,WATER_NPY1;WATER_NPY2;E8_FR6-4,WATER_NPY3;E7_FR7-1;E9_FR8-1,1.33419406629,0.102106846054,0.0992205380813,0.0650726600127,False,False,biological animal
cfos_occurrence,Ocurrencia espacial de núcleos c-FOS positivos / núcleos DAPI,1545,E7_FR7-5;E8_FR6-1;E8_FR6-3,WATER_NPY1;WATER_NPY3;E7_FR7-1,WATER_NPY2;E9_FR8-1;E8_FR6-4,2.31432627577,0.102106846054,0.207912209875,0.201437327672,False,False,biological animal
cfos_occurrence,Ocurrencia espacial de núcleos c-FOS positivos / núcleos DAPI,1546,E7_FR7-5;E8_FR6-1;E8_FR6-3,WATER_NPY1;WATER_NPY3;E9_FR8-1,WATER_NPY2;E7_FR7-1;E8_FR6-4,2.32818782009,0.102106846054,0.207537317556,0.202666112306,False,False,biological animal
cfos_occurrence,Ocurrencia espacial de núcleos c-FOS positivos / núcleos DAPI,1547,E7_FR7-5;E8_FR6-1;E8_FR6-3,WATER_NPY1;WATER_NPY3;E8_FR6-4,WATER_NPY2;E7_FR7-1;E9_FR8-1,2.22102166173,0.102106846054,0.21161239551,0.162280241501,False,False,biological animal
cfos_occurrence,Ocurrencia espacial de núcleos c-FOS positivos / núcleos DAPI,1548,E7_FR7-5;E8_FR6-1;E8_FR6-3,WATER_NPY1;E7_FR7-1;E9_FR8-1,WATER_NPY2;WATER_NPY3;E8_FR6-4,2.12536833555,0.102106846054,0.19965383875,0.19932441033,False,False,biological animal
cfos_occurrence,Ocurrencia espacial de núcleos c-FOS positivos / núcleos DAPI,1549,E7_FR7-5;E8_FR6-1;E8_FR6-3,WATER_NPY1;E7_FR7-1;E8_FR6-4,WATER_NPY2;WATER_NPY3;E9_FR8-1,2.29374914474,0.102106846054,0.210301637132,0.16592639567,False,False,biological animal
cfos_occurrence,Ocurrencia espacial de núcleos c-FOS positivos / núcleos DAPI,1550,E7_FR7-5;E8_FR6-1;E8_FR6-3,WATER_NPY1;E9_FR8-1;E8_FR6-4,WATER_NPY2;WATER_NPY3;E7_FR7-1,2.45719494612,0.102106846054,0.212844372096,0.169941416456,False,False,biological animal
cfos_occurrence,Ocurrencia espacial de núcleos c-FOS positivos / núcleos DAPI,1551,E7_FR7-5;E8_FR6-1;E8_FR6-3,WATER_NPY2;WATER_NPY3;E7_FR7-1,WATER_NPY1;E9_FR8-1;E8_FR6-4,2.45719494612,0.102106846054,0.169941416456,0.212844372096,False,False,biological animal
cfos_occurrence,Ocurrencia espacial de núcleos c-FOS positivos / núcleos DAPI,1552,E7_FR7-5;E8_FR6-1;E8_FR6-3,WATER_NPY2;WATER_NPY3;E9_FR8-1,WATER_NPY1;E7_FR7-1;E8_FR6-4,2.29374914474,0.102106846054,0.16592639567,0.210301637132,False,False,biological animal
cfos_occurrence,Ocurrencia espacial de núcleos c-FOS positivos / núcleos DAPI,1553,E7_FR7-5;E8_FR6-1;E8_FR6-3,WATER_NPY2;WATER_NPY3;E8_FR6-4,WATER_NPY1;E7_FR7-1;E9_FR8-1,2.12536833555,0.102106846054,0.19932441033,0.19965383875,False,False,biological animal
cfos_occurrence,Ocurrencia espacial de núcleos c-FOS positivos / núcleos DAPI,1554,E7_FR7-5;E8_FR6-1;E8_FR6-3,WATER_NPY2;E7_FR7-1;E9_FR8-1,WATER_NPY1;WATER_NPY3;E8_FR6-4,2.22102166173,0.102106846054,0.162280241501,0.21161239551,False,False,biological animal
cfos_occurrence,Ocurrencia espacial de núcleos c-FOS positivos / núcleos DAPI,1555,E7_FR7-5;E8_FR6-1;E8_FR6-3,WATER_NPY2;E7_FR7-1;E8_FR6-4,WATER_NPY1;WATER_NPY3;E9_FR8-1,2.32818782009,0.102106846054,0.202666112306,0.207537317556,False,False,biological animal
cfos_occurrence,Ocurrencia espacial de núcleos c-FOS positivos / núcleos DAPI,1556,E7_FR7-5;E8_FR6-1;E8_FR6-3,WATER_NPY2;E9_FR8-1;E8_FR6-4,WATER_NPY1;WATER_NPY3;E7_FR7-1,2.31432627577,0.102106846054,0.201437327672,0.207912209875,False,False,biological animal
cfos_occurrence,Ocurrencia espacial de núcleos c-FOS positivos / núcleos DAPI,1557,E7_FR7-5;E8_FR6-1;E8_FR6-3,WATER_NPY3;E7_FR7-1;E9_FR8-1,WATER_NPY1;WATER_NPY2;E8_FR6-4,1.33419406629,0.102106846054,0.0650726600127,0.0992205380813,False,False,biological animal
cfos_occurrence,Ocurrencia espacial de núcleos c-FOS positivos / núcleos DAPI,1558,E7_FR7-5;E8_FR6-1;E8_FR6-3,WATER_NPY3;E7_FR7-1;E8_FR6-4,WATER_NPY1;WATER_NPY2;E9_FR8-1,2.16921250196,0.102106846054,0.214831538443,0.187139448845,False,False,biological animal
cfos_occurrence,Ocurrencia espacial de núcleos c-FOS positivos / núcleos DAPI,1559,E7_FR7-5;E8_FR6-1;E8_FR6-3,WATER_NPY3;E9_FR8-1;E8_FR6-4,WATER_NPY1;WATER_NPY2;E7_FR7-1,2.16330799004,0.102106846054,0.213419517422,0.187727396435,False,False,biological animal
cfos_occurrence,Ocurrencia espacial de núcleos c-FOS positivos / núcleos DAPI,1560,E7_FR7-5;E8_FR6-1;E8_FR6-3,E7_FR7-1;E9_FR8-1;E8_FR6-4,WATER_NPY1;WATER_NPY2;WATER_NPY3,1.86229820705,0.102106846054,0.213023460701,0.189273632795,False,False,biological animal
cfos_occurrence,Ocurrencia espacial de núcleos c-FOS positivos / núcleos DAPI,1561,E7_FR7-5;E8_FR6-1;E8_FR6-4,WATER_NPY1;WATER_NPY2;WATER_NPY3,E7_FR7-1;E9_FR8-1;E8_FR6-3,0.452310262679,0.154106710722,0.189273632795,0.137886924537,False,False,biological animal
cfos_occurrence,Ocurrencia espacial de núcleos c-FOS positivos / núcleos DAPI,1562,E7_FR7-5;E8_FR6-1;E8_FR6-4,WATER_NPY1;WATER_NPY2;E7_FR7-1,WATER_NPY3;E9_FR8-1;E8_FR6-3,0.34703887318,0.154106710722,0.187727396435,0.148034243925,False,False,biological animal
cfos_occurrence,Ocurrencia espacial de núcleos c-FOS positivos / núcleos DAPI,1563,E7_FR7-5;E8_FR6-1;E8_FR6-4,WATER_NPY1;WATER_NPY2;E9_FR8-1,WATER_NPY3;E7_FR7-1;E8_FR6-3,0.327095136865,0.154106710722,0.187139448845,0.148088957748,False,False,biological animal
cfos_occurrence,Ocurrencia espacial de núcleos c-FOS positivos / núcleos DAPI,1564,E7_FR7-5;E8_FR6-1;E8_FR6-4,WATER_NPY1;WATER_NPY2;E8_FR6-3,WATER_NPY3;E7_FR7-1;E9_FR8-1,4.53846428449,0.154106710722,0.0889515109225,0.0650726600127,False,False,biological animal
cfos_occurrence,Ocurrencia espacial de núcleos c-FOS positivos / núcleos DAPI,1565,E7_FR7-5;E8_FR6-1;E8_FR6-4,WATER_NPY1;WATER_NPY3;E7_FR7-1,WATER_NPY2;E9_FR8-1;E8_FR6-3,0.633351940214,0.154106710722,0.207912209875,0.158834848678,False,False,biological animal
cfos_occurrence,Ocurrencia espacial de núcleos c-FOS positivos / núcleos DAPI,1566,E7_FR7-5;E8_FR6-1;E8_FR6-4,WATER_NPY1;WATER_NPY3;E9_FR8-1,WATER_NPY2;E7_FR7-1;E8_FR6-3,0.600923442879,0.154106710722,0.207537317556,0.156828655789,False,False,biological animal
cfos_occurrence,Ocurrencia espacial de núcleos c-FOS positivos / núcleos DAPI,1567,E7_FR7-5;E8_FR6-1;E8_FR6-4,WATER_NPY1;WATER_NPY3;E8_FR6-3,WATER_NPY2;E7_FR7-1;E9_FR8-1,0.0603107001981,0.154106710722,0.175754541786,0.162280241501,False,False,biological animal
cfos_occurrence,Ocurrencia espacial de núcleos c-FOS positivos / núcleos DAPI,1568,E7_FR7-5;E8_FR6-1;E8_FR6-4,WATER_NPY1;E7_FR7-1;E9_FR8-1,WATER_NPY2;WATER_NPY3;E8_FR6-3,0.396340188954,0.154106710722,0.19965383875,0.161572306475,False,False,biological animal
cfos_occurrence,Ocurrencia espacial de núcleos c-FOS positivos / núcleos DAPI,1569,E7_FR7-5;E8_FR6-1;E8_FR6-4,WATER_NPY1;E7_FR7-1;E8_FR6-3,WATER_NPY2;WATER_NPY3;E9_FR8-1,0.0249608592429,0.154106710722,0.16597521685,0.16592639567,False,False,biological animal
cfos_occurrence,Ocurrencia espacial de núcleos c-FOS positivos / núcleos DAPI,1570,E7_FR7-5;E8_FR6-1;E8_FR6-4,WATER_NPY1;E9_FR8-1;E8_FR6-3,WATER_NPY2;WATER_NPY3;E7_FR7-1,0.0507700910234,0.154106710722,0.171396376123,0.169941416456,False,False,biological animal
cfos_occurrence,Ocurrencia espacial de núcleos c-FOS positivos / núcleos DAPI,1571,E7_FR7-5;E8_FR6-1;E8_FR6-4,WATER_NPY2;WATER_NPY3;E7_FR7-1,WATER_NPY1;E9_FR8-1;E8_FR6-3,0.0507700910234,0.154106710722,0.169941416456,0.171396376123,False,False,biological animal
cfos_occurrence,Ocurrencia espacial de núcleos c-FOS positivos / núcleos DAPI,1572,E7_FR7-5;E8_FR6-1;E8_FR6-4,WATER_NPY2;WATER_NPY3;E9_FR8-1,WATER_NPY1;E7_FR7-1;E8_FR6-3,0.0249608592429,0.154106710722,0.16592639567,0.16597521685,False,False,biological animal
cfos_occurrence,Ocurrencia espacial de núcleos c-FOS positivos / núcleos DAPI,1573,E7_FR7-5;E8_FR6-1;E8_FR6-4,WATER_NPY2;WATER_NPY3;E8_FR6-3,WATER_NPY1;E7_FR7-1;E9_FR8-1,0.396340188954,0.154106710722,0.161572306475,0.19965383875,False,False,biological animal
cfos_occurrence,Ocurrencia espacial de núcleos c-FOS positivos / núcleos DAPI,1574,E7_FR7-5;E8_FR6-1;E8_FR6-4,WATER_NPY2;E7_FR7-1;E9_FR8-1,WATER_NPY1;WATER_NPY3;E8_FR6-3,0.0603107001981,0.154106710722,0.162280241501,0.175754541786,False,False,biological animal
cfos_occurrence,Ocurrencia espacial de núcleos c-FOS positivos / núcleos DAPI,1575,E7_FR7-5;E8_FR6-1;E8_FR6-4,WATER_NPY2;E7_FR7-1;E8_FR6-3,WATER_NPY1;WATER_NPY3;E9_FR8-1,0.600923442879,0.154106710722,0.156828655789,0.207537317556,False,False,biological animal
cfos_occurrence,Ocurrencia espacial de núcleos c-FOS positivos / núcleos DAPI,1576,E7_FR7-5;E8_FR6-1;E8_FR6-4,WATER_NPY2;E9_FR8-1;E8_FR6-3,WATER_NPY1;WATER_NPY3;E7_FR7-1,0.633351940214,0.154106710722,0.158834848678,0.207912209875,False,False,biological animal
cfos_occurrence,Ocurrencia espacial de núcleos c-FOS positivos / núcleos DAPI,1577,E7_FR7-5;E8_FR6-1;E8_FR6-4,WATER_NPY3;E7_FR7-1;E9_FR8-1,WATER_NPY1;WATER_NPY2;E8_FR6-3,4.53846428449,0.154106710722,0.0650726600127,0.0889515109225,False,False,biological animal
cfos_occurrence,Ocurrencia espacial de núcleos c-FOS positivos / núcleos DAPI,1578,E7_FR7-5;E8_FR6-1;E8_FR6-4,WATER_NPY3;E7_FR7-1;E8_FR6-3,WATER_NPY1;WATER_NPY2;E9_FR8-1,0.327095136865,0.154106710722,0.148088957748,0.187139448845,False,False,biological animal
cfos_occurrence,Ocurrencia espacial de núcleos c-FOS positivos / núcleos DAPI,1579,E7_FR7-5;E8_FR6-1;E8_FR6-4,WATER_NPY3;E9_FR8-1;E8_FR6-3,WATER_NPY1;WATER_NPY2;E7_FR7-1,0.34703887318,0.154106710722,0.148034243925,0.187727396435,False,False,biological animal
cfos_occurrence,Ocurrencia espacial de núcleos c-FOS positivos / núcleos DAPI,1580,E7_FR7-5;E8_FR6-1;E8_FR6-4,E7_FR7-1;E9_FR8-1;E8_FR6-3,WATER_NPY1;WATER_NPY2;WATER_NPY3,0.452310262679,0.154106710722,0.137886924537,0.189273632795,False,False,biological animal
cfos_occurrence,Ocurrencia espacial de núcleos c-FOS positivos / núcleos DAPI,1581,E7_FR7-5;E8_FR6-3;E8_FR6-4,WATER_NPY1;WATER_NPY2;WATER_NPY3,E7_FR7-1;E9_FR8-1;E8_FR6-1,0.388363881381,0.14658594897,0.189273632795,0.142871381155,False,False,biological animal
cfos_occurrence,Ocurrencia espacial de núcleos c-FOS positivos / núcleos DAPI,1582,E7_FR7-5;E8_FR6-3;E8_FR6-4,WATER_NPY1;WATER_NPY2;E7_FR7-1,WATER_NPY3;E9_FR8-1;E8_FR6-1,0.304145559064,0.14658594897,0.187727396435,0.156345004239,False,False,biological animal
cfos_occurrence,Ocurrencia espacial de núcleos c-FOS positivos / núcleos DAPI,1583,E7_FR7-5;E8_FR6-3;E8_FR6-4,WATER_NPY1;WATER_NPY2;E9_FR8-1,WATER_NPY3;E7_FR7-1;E8_FR6-1,0.298109056285,0.14658594897,0.187139448845,0.154141285542,False,False,biological animal
cfos_occurrence,Ocurrencia espacial de núcleos c-FOS positivos / núcleos DAPI,1584,E7_FR7-5;E8_FR6-3;E8_FR6-4,WATER_NPY1;WATER_NPY2;E8_FR6-1,WATER_NPY3;E7_FR7-1;E9_FR8-1,2.67736388468,0.14658594897,0.0981248663582,0.0650726600127,False,False,biological animal
cfos_occurrence,Ocurrencia espacial de núcleos c-FOS positivos / núcleos DAPI,1585,E7_FR7-5;E8_FR6-3;E8_FR6-4,WATER_NPY1;WATER_NPY3;E7_FR7-1,WATER_NPY2;E9_FR8-1;E8_FR6-1,0.666990401852,0.14658594897,0.207912209875,0.16916185466,False,False,biological animal
cfos_occurrence,Ocurrencia espacial de núcleos c-FOS positivos / núcleos DAPI,1586,E7_FR7-5;E8_FR6-3;E8_FR6-4,WATER_NPY1;WATER_NPY3;E9_FR8-1,WATER_NPY2;E7_FR7-1;E8_FR6-1,0.63477452508,0.14658594897,0.207537317556,0.16556885265,False,False,biological animal
cfos_occurrence,Ocurrencia espacial de núcleos c-FOS positivos / núcleos DAPI,1587,E7_FR7-5;E8_FR6-3;E8_FR6-4,WATER_NPY1;WATER_NPY3;E8_FR6-1,WATER_NPY2;E7_FR7-1;E9_FR8-1,0.193427396471,0.14658594897,0.184767822781,0.162280241501,False,False,biological animal
cfos_occurrence,Ocurrencia espacial de núcleos c-FOS positivos / núcleos DAPI,1588,E7_FR7-5;E8_FR6-3;E8_FR6-4,WATER_NPY1;E7_FR7-1;E9_FR8-1,WATER_NPY2;WATER_NPY3;E8_FR6-1,0.452239648378,0.14658594897,0.19965383875,0.173189579894,False,False,biological animal
cfos_occurrence,Ocurrencia espacial de núcleos c-FOS positivos / núcleos DAPI,1589,E7_FR7-5;E8_FR6-3;E8_FR6-4,WATER_NPY1;E7_FR7-1;E8_FR6-1,WATER_NPY2;WATER_NPY3;E9_FR8-1,0.0826223617455,0.14658594897,0.170084800188,0.16592639567,False,False,biological animal
cfos_occurrence,Ocurrencia espacial de núcleos c-FOS positivos / núcleos DAPI,1590,E7_FR7-5;E8_FR6-3;E8_FR6-4,WATER_NPY1;E9_FR8-1;E8_FR6-1,WATER_NPY2;WATER_NPY3;E7_FR7-1,0.150847379433,0.14658594897,0.178220357587,0.169941416456,False,False,biological animal
cfos_occurrence,Ocurrencia espacial de núcleos c-FOS positivos / núcleos DAPI,1591,E7_FR7-5;E8_FR6-3;E8_FR6-4,WATER_NPY2;WATER_NPY3;E7_FR7-1,WATER_NPY1;E9_FR8-1;E8_FR6-1,0.150847379433,0.14658594897,0.169941416456,0.178220357587,False,False,biological animal
cfos_occurrence,Ocurrencia espacial de núcleos c-FOS positivos / núcleos DAPI,1592,E7_FR7-5;E8_FR6-3;E8_FR6-4,WATER_NPY2;WATER_NPY3;E9_FR8-1,WATER_NPY1;E7_FR7-1;E8_FR6-1,0.0826223617455,0.14658594897,0.16592639567,0.170084800188,False,False,biological animal
cfos_occurrence,Ocurrencia espacial de núcleos c-FOS positivos / núcleos DAPI,1593,E7_FR7-5;E8_FR6-3;E8_FR6-4,WATER_NPY2;WATER_NPY3;E8_FR6-1,WATER_NPY1;E7_FR7-1;E9_FR8-1,0.452239648378,0.14658594897,0.173189579894,0.19965383875,False,False,biological animal
cfos_occurrence,Ocurrencia espacial de núcleos c-FOS positivos / núcleos DAPI,1594,E7_FR7-5;E8_FR6-3;E8_FR6-4,WATER_NPY2;E7_FR7-1;E9_FR8-1,WATER_NPY1;WATER_NPY3;E8_FR6-1,0.193427396471,0.14658594897,0.162280241501,0.184767822781,False,False,biological animal
cfos_occurrence,Ocurrencia espacial de núcleos c-FOS positivos / núcleos DAPI,1595,E7_FR7-5;E8_FR6-3;E8_FR6-4,WATER_NPY2;E7_FR7-1;E8_FR6-1,WATER_NPY1;WATER_NPY3;E9_FR8-1,0.63477452508,0.14658594897,0.16556885265,0.207537317556,False,False,biological animal
cfos_occurrence,Ocurrencia espacial de núcleos c-FOS positivos / núcleos DAPI,1596,E7_FR7-5;E8_FR6-3;E8_FR6-4,WATER_NPY2;E9_FR8-1;E8_FR6-1,WATER_NPY1;WATER_NPY3;E7_FR7-1,0.666990401852,0.14658594897,0.16916185466,0.207912209875,False,False,biological animal
cfos_occurrence,Ocurrencia espacial de núcleos c-FOS positivos / núcleos DAPI,1597,E7_FR7-5;E8_FR6-3;E8_FR6-4,WATER_NPY3;E7_FR7-1;E9_FR8-1,WATER_NPY1;WATER_NPY2;E8_FR6-1,2.67736388468,0.14658594897,0.0650726600127,0.0981248663582,False,False,biological animal
cfos_occurrence,Ocurrencia espacial de núcleos c-FOS positivos / núcleos DAPI,1598,E7_FR7-5;E8_FR6-3;E8_FR6-4,WATER_NPY3;E7_FR7-1;E8_FR6-1,WATER_NPY1;WATER_NPY2;E9_FR8-1,0.298109056285,0.14658594897,0.154141285542,0.187139448845,False,False,biological animal
cfos_occurrence,Ocurrencia espacial de núcleos c-FOS positivos / núcleos DAPI,1599,E7_FR7-5;E8_FR6-3;E8_FR6-4,WATER_NPY3;E9_FR8-1;E8_FR6-1,WATER_NPY1;WATER_NPY2;E7_FR7-1,0.304145559064,0.14658594897,0.156345004239,0.187727396435,False,False,biological animal
cfos_occurrence,Ocurrencia espacial de núcleos c-FOS positivos / núcleos DAPI,1600,E7_FR7-5;E8_FR6-3;E8_FR6-4,E7_FR7-1;E9_FR8-1;E8_FR6-1,WATER_NPY1;WATER_NPY2;WATER_NPY3,0.388363881381,0.14658594897,0.142871381155,0.189273632795,False,False,biological animal
cfos_occurrence,Ocurrencia espacial de núcleos c-FOS positivos / núcleos DAPI,1601,E9_FR8-1;E8_FR6-1;E8_FR6-3,WATER_NPY1;WATER_NPY2;WATER_NPY3,E7_FR7-1;E7_FR7-5;E8_FR6-4,0.343886294508,0.142625398728,0.189273632795,0.18959245673,False,False,biological animal
cfos_occurrence,Ocurrencia espacial de núcleos c-FOS positivos / núcleos DAPI,1602,E9_FR8-1;E8_FR6-1;E8_FR6-3,WATER_NPY1;WATER_NPY2;E7_FR7-1,WATER_NPY3;E7_FR7-5;E8_FR6-4,0.375772864864,0.142625398728,0.187727396435,0.188229081385,False,False,biological animal
cfos_occurrence,Ocurrencia espacial de núcleos c-FOS positivos / núcleos DAPI,1603,E9_FR8-1;E8_FR6-1;E8_FR6-3,WATER_NPY1;WATER_NPY2;E7_FR7-5,WATER_NPY3;E7_FR7-1;E8_FR6-4,1.07563371733,0.142625398728,0.149674721509,0.214831538443,False,False,biological animal
cfos_occurrence,Ocurrencia espacial de núcleos c-FOS positivos / núcleos DAPI,1604,E9_FR8-1;E8_FR6-1;E8_FR6-3,WATER_NPY1;WATER_NPY2;E8_FR6-4,WATER_NPY3;E7_FR7-1;E7_FR7-5,2.43553480193,0.142625398728,0.0992205380813,0.0744699724207,False,False,biological animal
cfos_occurrence,Ocurrencia espacial de núcleos c-FOS positivos / núcleos DAPI,1605,E9_FR8-1;E8_FR6-1;E8_FR6-3,WATER_NPY1;WATER_NPY3;E7_FR7-1,WATER_NPY2;E7_FR7-5;E8_FR6-4,0.830154108532,0.142625398728,0.207912209875,0.164102948762,False,False,biological animal
cfos_occurrence,Ocurrencia espacial de núcleos c-FOS positivos / núcleos DAPI,1606,E9_FR8-1;E8_FR6-1;E8_FR6-3,WATER_NPY1;WATER_NPY3;E7_FR7-5,WATER_NPY2;E7_FR7-1;E8_FR6-4,0.482086069337,0.142625398728,0.182776750138,0.202666112306,False,False,biological animal
cfos_occurrence,Ocurrencia espacial de núcleos c-FOS positivos / núcleos DAPI,1607,E9_FR8-1;E8_FR6-1;E8_FR6-3,WATER_NPY1;WATER_NPY3;E8_FR6-4,WATER_NPY2;E7_FR7-1;E7_FR7-5,0.945203421055,0.142625398728,0.21161239551,0.144085962965,False,False,biological animal
cfos_occurrence,Ocurrencia espacial de núcleos c-FOS positivos / núcleos DAPI,1608,E9_FR8-1;E8_FR6-1;E8_FR6-3,WATER_NPY1;E7_FR7-1;E7_FR7-5,WATER_NPY2;WATER_NPY3;E8_FR6-4,0.488932147915,0.142625398728,0.179886201248,0.19932441033,False,False,biological animal
cfos_occurrence,Ocurrencia espacial de núcleos c-FOS positivos / núcleos DAPI,1609,E9_FR8-1;E8_FR6-1;E8_FR6-3,WATER_NPY1;E7_FR7-1;E8_FR6-4,WATER_NPY2;WATER_NPY3;E7_FR7-5,0.921537985427,0.142625398728,0.210301637132,0.144286763472,False,False,biological animal
cfos_occurrence,Ocurrencia espacial de núcleos c-FOS positivos / núcleos DAPI,1610,E9_FR8-1;E8_FR6-1;E8_FR6-3,WATER_NPY1;E7_FR7-5;E8_FR6-4,WATER_NPY2;WATER_NPY3;E7_FR7-1,0.223343927074,0.142625398728,0.170261350708,0.169941416456,False,False,biological animal
cfos_occurrence,Ocurrencia espacial de núcleos c-FOS positivos / núcleos DAPI,1611,E9_FR8-1;E8_FR6-1;E8_FR6-3,WATER_NPY2;WATER_NPY3;E7_FR7-1,WATER_NPY1;E7_FR7-5;E8_FR6-4,0.223343927074,0.142625398728,0.169941416456,0.170261350708,False,False,biological animal
cfos_occurrence,Ocurrencia espacial de núcleos c-FOS positivos / núcleos DAPI,1612,E9_FR8-1;E8_FR6-1;E8_FR6-3,WATER_NPY2;WATER_NPY3;E7_FR7-5,WATER_NPY1;E7_FR7-1;E8_FR6-4,0.921537985427,0.142625398728,0.144286763472,0.210301637132,False,False,biological animal
cfos_occurrence,Ocurrencia espacial de núcleos c-FOS positivos / núcleos DAPI,1613,E9_FR8-1;E8_FR6-1;E8_FR6-3,WATER_NPY2;WATER_NPY3;E8_FR6-4,WATER_NPY1;E7_FR7-1;E7_FR7-5,0.488932147915,0.142625398728,0.19932441033,0.179886201248,False,False,biological animal
cfos_occurrence,Ocurrencia espacial de núcleos c-FOS positivos / núcleos DAPI,1614,E9_FR8-1;E8_FR6-1;E8_FR6-3,WATER_NPY2;E7_FR7-1;E7_FR7-5,WATER_NPY1;WATER_NPY3;E8_FR6-4,0.945203421055,0.142625398728,0.144085962965,0.21161239551,False,False,biological animal
cfos_occurrence,Ocurrencia espacial de núcleos c-FOS positivos / núcleos DAPI,1615,E9_FR8-1;E8_FR6-1;E8_FR6-3,WATER_NPY2;E7_FR7-1;E8_FR6-4,WATER_NPY1;WATER_NPY3;E7_FR7-5,0.482086069337,0.142625398728,0.202666112306,0.182776750138,False,False,biological animal
cfos_occurrence,Ocurrencia espacial de núcleos c-FOS positivos / núcleos DAPI,1616,E9_FR8-1;E8_FR6-1;E8_FR6-3,WATER_NPY2;E7_FR7-5;E8_FR6-4,WATER_NPY1;WATER_NPY3;E7_FR7-1,0.830154108532,0.142625398728,0.164102948762,0.207912209875,False,False,biological animal
cfos_occurrence,Ocurrencia espacial de núcleos c-FOS positivos / núcleos DAPI,1617,E9_FR8-1;E8_FR6-1;E8_FR6-3,WATER_NPY3;E7_FR7-1;E7_FR7-5,WATER_NPY1;WATER_NPY2;E8_FR6-4,2.43553480193,0.142625398728,0.0744699724207,0.0992205380813,False,False,biological animal
cfos_occurrence,Ocurrencia espacial de núcleos c-FOS positivos / núcleos DAPI,1618,E9_FR8-1;E8_FR6-1;E8_FR6-3,WATER_NPY3;E7_FR7-1;E8_FR6-4,WATER_NPY1;WATER_NPY2;E7_FR7-5,1.07563371733,0.142625398728,0.214831538443,0.149674721509,False,False,biological animal
cfos_occurrence,Ocurrencia espacial de núcleos c-FOS positivos / núcleos DAPI,1619,E9_FR8-1;E8_FR6-1;E8_FR6-3,WATER_NPY3;E7_FR7-5;E8_FR6-4,WATER_NPY1;WATER_NPY2;E7_FR7-1,0.375772864864,0.142625398728,0.188229081385,0.187727396435,False,False,biological animal
cfos_occurrence,Ocurrencia espacial de núcleos c-FOS positivos / núcleos DAPI,1620,E9_FR8-1;E8_FR6-1;E8_FR6-3,E7_FR7-1;E7_FR7-5;E8_FR6-4,WATER_NPY1;WATER_NPY2;WATER_NPY3,0.343886294508,0.142625398728,0.18959245673,0.189273632795,False,False,biological animal
cfos_occurrence,Ocurrencia espacial de núcleos c-FOS positivos / núcleos DAPI,1621,E9_FR8-1;E8_FR6-1;E8_FR6-4,WATER_NPY1;WATER_NPY2;WATER_NPY3,E7_FR7-1;E7_FR7-5;E8_FR6-3,0.812554029567,0.191342895355,0.189273632795,0.12088188552,False,False,biological animal
cfos_occurrence,Ocurrencia espacial de núcleos c-FOS positivos / núcleos DAPI,1622,E9_FR8-1;E8_FR6-1;E8_FR6-4,WATER_NPY1;WATER_NPY2;E7_FR7-1,WATER_NPY3;E7_FR7-5;E8_FR6-3,0.727669713531,0.191342895355,0.187727396435,0.123850801143,False,False,biological animal
cfos_occurrence,Ocurrencia espacial de núcleos c-FOS positivos / núcleos DAPI,1623,E9_FR8-1;E8_FR6-1;E8_FR6-4,WATER_NPY1;WATER_NPY2;E7_FR7-5,WATER_NPY3;E7_FR7-1;E8_FR6-3,0.404239912471,0.191342895355,0.149674721509,0.148088957748,False,False,biological animal
cfos_occurrence,Ocurrencia espacial de núcleos c-FOS positivos / núcleos DAPI,1624,E9_FR8-1;E8_FR6-1;E8_FR6-4,WATER_NPY1;WATER_NPY2;E8_FR6-3,WATER_NPY3;E7_FR7-1;E7_FR7-5,4.54608816522,0.191342895355,0.0889515109225,0.0744699724207,False,False,biological animal
cfos_occurrence,Ocurrencia espacial de núcleos c-FOS positivos / núcleos DAPI,1625,E9_FR8-1;E8_FR6-1;E8_FR6-4,WATER_NPY1;WATER_NPY3;E7_FR7-1,WATER_NPY2;E7_FR7-5;E8_FR6-3,1.24808641917,0.191342895355,0.207912209875,0.121822665893,False,False,biological animal
cfos_occurrence,Ocurrencia espacial de núcleos c-FOS positivos / núcleos DAPI,1626,E9_FR8-1;E8_FR6-1;E8_FR6-4,WATER_NPY1;WATER_NPY3;E7_FR7-5,WATER_NPY2;E7_FR7-1;E8_FR6-3,0.148139541073,0.191342895355,0.182776750138,0.156828655789,False,False,biological animal
cfos_occurrence,Ocurrencia espacial de núcleos c-FOS positivos / núcleos DAPI,1627,E9_FR8-1;E8_FR6-1;E8_FR6-4,WATER_NPY1;WATER_NPY3;E8_FR6-3,WATER_NPY2;E7_FR7-1;E7_FR7-5,0.229645422685,0.191342895355,0.175754541786,0.144085962965,False,False,biological animal
cfos_occurrence,Ocurrencia espacial de núcleos c-FOS positivos / núcleos DAPI,1628,E9_FR8-1;E8_FR6-1;E8_FR6-4,WATER_NPY1;E7_FR7-1;E7_FR7-5,WATER_NPY2;WATER_NPY3;E8_FR6-3,0.114437836796,0.191342895355,0.179886201248,0.161572306475,False,False,biological animal
cfos_occurrence,Ocurrencia espacial de núcleos c-FOS positivos / núcleos DAPI,1629,E9_FR8-1;E8_FR6-1;E8_FR6-4,WATER_NPY1;E7_FR7-1;E8_FR6-3,WATER_NPY2;WATER_NPY3;E7_FR7-5,0.225947536823,0.191342895355,0.16597521685,0.144286763472,False,False,biological animal
cfos_occurrence,Ocurrencia espacial de núcleos c-FOS positivos / núcleos DAPI,1630,E9_FR8-1;E8_FR6-1;E8_FR6-4,WATER_NPY1;E7_FR7-5;E8_FR6-3,WATER_NPY2;WATER_NPY3;E7_FR7-1,0.463571494864,0.191342895355,0.132238082191,0.169941416456,False,False,biological animal
cfos_occurrence,Ocurrencia espacial de núcleos c-FOS positivos / núcleos DAPI,1631,E9_FR8-1;E8_FR6-1;E8_FR6-4,WATER_NPY2;WATER_NPY3;E7_FR7-1,WATER_NPY1;E7_FR7-5;E8_FR6-3,0.463571494864,0.191342895355,0.169941416456,0.132238082191,False,False,biological animal
cfos_occurrence,Ocurrencia espacial de núcleos c-FOS positivos / núcleos DAPI,1632,E9_FR8-1;E8_FR6-1;E8_FR6-4,WATER_NPY2;WATER_NPY3;E7_FR7-5,WATER_NPY1;E7_FR7-1;E8_FR6-3,0.225947536823,0.191342895355,0.144286763472,0.16597521685,False,False,biological animal
cfos_occurrence,Ocurrencia espacial de núcleos c-FOS positivos / núcleos DAPI,1633,E9_FR8-1;E8_FR6-1;E8_FR6-4,WATER_NPY2;WATER_NPY3;E8_FR6-3,WATER_NPY1;E7_FR7-1;E7_FR7-5,0.114437836796,0.191342895355,0.161572306475,0.179886201248,False,False,biological animal
cfos_occurrence,Ocurrencia espacial de núcleos c-FOS positivos / núcleos DAPI,1634,E9_FR8-1;E8_FR6-1;E8_FR6-4,WATER_NPY2;E7_FR7-1;E7_FR7-5,WATER_NPY1;WATER_NPY3;E8_FR6-3,0.229645422685,0.191342895355,0.144085962965,0.175754541786,False,False,biological animal
cfos_occurrence,Ocurrencia espacial de núcleos c-FOS positivos / núcleos DAPI,1635,E9_FR8-1;E8_FR6-1;E8_FR6-4,WATER_NPY2;E7_FR7-1;E8_FR6-3,WATER_NPY1;WATER_NPY3;E7_FR7-5,0.148139541073,0.191342895355,0.156828655789,0.182776750138,False,False,biological animal
cfos_occurrence,Ocurrencia espacial de núcleos c-FOS positivos / núcleos DAPI,1636,E9_FR8-1;E8_FR6-1;E8_FR6-4,WATER_NPY2;E7_FR7-5;E8_FR6-3,WATER_NPY1;WATER_NPY3;E7_FR7-1,1.24808641917,0.191342895355,0.121822665893,0.207912209875,False,False,biological animal
cfos_occurrence,Ocurrencia espacial de núcleos c-FOS positivos / núcleos DAPI,1637,E9_FR8-1;E8_FR6-1;E8_FR6-4,WATER_NPY3;E7_FR7-1;E7_FR7-5,WATER_NPY1;WATER_NPY2;E8_FR6-3,4.54608816522,0.191342895355,0.0744699724207,0.0889515109225,False,False,biological animal
cfos_occurrence,Ocurrencia espacial de núcleos c-FOS positivos / núcleos DAPI,1638,E9_FR8-1;E8_FR6-1;E8_FR6-4,WATER_NPY3;E7_FR7-1;E8_FR6-3,WATER_NPY1;WATER_NPY2;E7_FR7-5,0.404239912471,0.191342895355,0.148088957748,0.149674721509,False,False,biological animal
cfos_occurrence,Ocurrencia espacial de núcleos c-FOS positivos / núcleos DAPI,1639,E9_FR8-1;E8_FR6-1;E8_FR6-4,WATER_NPY3;E7_FR7-5;E8_FR6-3,WATER_NPY1;WATER_NPY2;E7_FR7-1,0.727669713531,0.191342895355,0.123850801143,0.187727396435,False,False,biological animal
cfos_occurrence,Ocurrencia espacial de núcleos c-FOS positivos / núcleos DAPI,1640,E9_FR8-1;E8_FR6-1;E8_FR6-4,E7_FR7-1;E7_FR7-5;E8_FR6-3,WATER_NPY1;WATER_NPY2;WATER_NPY3,0.812554029567,0.191342895355,0.12088188552,0.189273632795,False,False,biological animal
cfos_occurrence,Ocurrencia espacial de núcleos c-FOS positivos / núcleos DAPI,1641,E9_FR8-1;E8_FR6-3;E8_FR6-4,WATER_NPY1;WATER_NPY2;WATER_NPY3,E7_FR7-1;E7_FR7-5;E8_FR6-1,0.546702134739,0.183562577946,0.189273632795,0.126925372434,False,False,biological animal
cfos_occurrence,Ocurrencia espacial de núcleos c-FOS positivos / núcleos DAPI,1642,E9_FR8-1;E8_FR6-3;E8_FR6-4,WATER_NPY1;WATER_NPY2;E7_FR7-1,WATER_NPY3;E7_FR7-5;E8_FR6-1,0.424770502261,0.183562577946,0.187727396435,0.131679683057,False,False,biological animal
cfos_occurrence,Ocurrencia espacial de núcleos c-FOS positivos / núcleos DAPI,1643,E9_FR8-1;E8_FR6-3;E8_FR6-4,WATER_NPY1;WATER_NPY2;E7_FR7-5,WATER_NPY3;E7_FR7-1;E8_FR6-1,0.192201611456,0.183562577946,0.149674721509,0.154141285542,False,False,biological animal
cfos_occurrence,Ocurrencia espacial de núcleos c-FOS positivos / núcleos DAPI,1644,E9_FR8-1;E8_FR6-3;E8_FR6-4,WATER_NPY1;WATER_NPY2;E8_FR6-1,WATER_NPY3;E7_FR7-1;E7_FR7-5,2.94188504387,0.183562577946,0.0981248663582,0.0744699724207,False,False,biological animal
cfos_occurrence,Ocurrencia espacial de núcleos c-FOS positivos / núcleos DAPI,1645,E9_FR8-1;E8_FR6-3;E8_FR6-4,WATER_NPY1;WATER_NPY3;E7_FR7-1,WATER_NPY2;E7_FR7-5;E8_FR6-1,0.797785449174,0.183562577946,0.207912209875,0.133459160332,False,False,biological animal
cfos_occurrence,Ocurrencia espacial de núcleos c-FOS positivos / núcleos DAPI,1646,E9_FR8-1;E8_FR6-3;E8_FR6-4,WATER_NPY1;WATER_NPY3;E7_FR7-5,WATER_NPY2;E7_FR7-1;E8_FR6-1,0.0455068601714,0.183562577946,0.182776750138,0.16556885265,False,False,biological animal
cfos_occurrence,Ocurrencia espacial de núcleos c-FOS positivos / núcleos DAPI,1647,E9_FR8-1;E8_FR6-3;E8_FR6-4,WATER_NPY1;WATER_NPY3;E8_FR6-1,WATER_NPY2;E7_FR7-1;E7_FR7-5,0.213086904663,0.183562577946,0.184767822781,0.144085962965,False,False,biological animal
cfos_occurrence,Ocurrencia espacial de núcleos c-FOS positivos / núcleos DAPI,1648,E9_FR8-1;E8_FR6-3;E8_FR6-4,WATER_NPY1;E7_FR7-1;E7_FR7-5,WATER_NPY2;WATER_NPY3;E8_FR6-1,0.0132446778337,0.183562577946,0.179886201248,0.173189579894,False,False,biological animal
cfos_occurrence,Ocurrencia espacial de núcleos c-FOS positivos / núcleos DAPI,1649,E9_FR8-1;E8_FR6-3;E8_FR6-4,WATER_NPY1;E7_FR7-1;E8_FR6-1,WATER_NPY2;WATER_NPY3;E7_FR7-5,0.156090146452,0.183562577946,0.170084800188,0.144286763472,False,False,biological animal
cfos_occurrence,Ocurrencia espacial de núcleos c-FOS positivos / núcleos DAPI,1650,E9_FR8-1;E8_FR6-3;E8_FR6-4,WATER_NPY1;E7_FR7-5;E8_FR6-1,WATER_NPY2;WATER_NPY3;E7_FR7-1,0.251146901891,0.183562577946,0.140062915087,0.169941416456,False,False,biological animal
cfos_occurrence,Ocurrencia espacial de núcleos c-FOS positivos / núcleos DAPI,1651,E9_FR8-1;E8_FR6-3;E8_FR6-4,WATER_NPY2;WATER_NPY3;E7_FR7-1,WATER_NPY1;E7_FR7-5;E8_FR6-1,0.251146901891,0.183562577946,0.169941416456,0.140062915087,False,False,biological animal
cfos_occurrence,Ocurrencia espacial de núcleos c-FOS positivos / núcleos DAPI,1652,E9_FR8-1;E8_FR6-3;E8_FR6-4,WATER_NPY2;WATER_NPY3;E7_FR7-5,WATER_NPY1;E7_FR7-1;E8_FR6-1,0.156090146452,0.183562577946,0.144286763472,0.170084800188,False,False,biological animal
cfos_occurrence,Ocurrencia espacial de núcleos c-FOS positivos / núcleos DAPI,1653,E9_FR8-1;E8_FR6-3;E8_FR6-4,WATER_NPY2;WATER_NPY3;E8_FR6-1,WATER_NPY1;E7_FR7-1;E7_FR7-5,0.0132446778337,0.183562577946,0.173189579894,0.179886201248,False,False,biological animal
cfos_occurrence,Ocurrencia espacial de núcleos c-FOS positivos / núcleos DAPI,1654,E9_FR8-1;E8_FR6-3;E8_FR6-4,WATER_NPY2;E7_FR7-1;E7_FR7-5,WATER_NPY1;WATER_NPY3;E8_FR6-1,0.213086904663,0.183562577946,0.144085962965,0.184767822781,False,False,biological animal
cfos_occurrence,Ocurrencia espacial de núcleos c-FOS positivos / núcleos DAPI,1655,E9_FR8-1;E8_FR6-3;E8_FR6-4,WATER_NPY2;E7_FR7-1;E8_FR6-1,WATER_NPY1;WATER_NPY3;E7_FR7-5,0.0455068601714,0.183562577946,0.16556885265,0.182776750138,False,False,biological animal
cfos_occurrence,Ocurrencia espacial de núcleos c-FOS positivos / núcleos DAPI,1656,E9_FR8-1;E8_FR6-3;E8_FR6-4,WATER_NPY2;E7_FR7-5;E8_FR6-1,WATER_NPY1;WATER_NPY3;E7_FR7-1,0.797785449174,0.183562577946,0.133459160332,0.207912209875,False,False,biological animal
cfos_occurrence,Ocurrencia espacial de núcleos c-FOS positivos / núcleos DAPI,1657,E9_FR8-1;E8_FR6-3;E8_FR6-4,WATER_NPY3;E7_FR7-1;E7_FR7-5,WATER_NPY1;WATER_NPY2;E8_FR6-1,2.94188504387,0.183562577946,0.0744699724207,0.0981248663582,False,False,biological animal
cfos_occurrence,Ocurrencia espacial de núcleos c-FOS positivos / núcleos DAPI,1658,E9_FR8-1;E8_FR6-3;E8_FR6-4,WATER_NPY3;E7_FR7-1;E8_FR6-1,WATER_NPY1;WATER_NPY2;E7_FR7-5,0.192201611456,0.183562577946,0.154141285542,0.149674721509,False,False,biological animal
cfos_occurrence,Ocurrencia espacial de núcleos c-FOS positivos / núcleos DAPI,1659,E9_FR8-1;E8_FR6-3;E8_FR6-4,WATER_NPY3;E7_FR7-5;E8_FR6-1,WATER_NPY1;WATER_NPY2;E7_FR7-1,0.424770502261,0.183562577946,0.131679683057,0.187727396435,False,False,biological animal
cfos_occurrence,Ocurrencia espacial de núcleos c-FOS positivos / núcleos DAPI,1660,E9_FR8-1;E8_FR6-3;E8_FR6-4,E7_FR7-1;E7_FR7-5;E8_FR6-1,WATER_NPY1;WATER_NPY2;WATER_NPY3,0.546702134739,0.183562577946,0.126925372434,0.189273632795,False,False,biological animal
cfos_occurrence,Ocurrencia espacial de núcleos c-FOS positivos / núcleos DAPI,1661,E8_FR6-1;E8_FR6-3;E8_FR6-4,WATER_NPY1;WATER_NPY2;WATER_NPY3,E7_FR7-1;E7_FR7-5;E9_FR8-1,4.71416619668,0.0940001390035,0.189273632795,0.06113494281,False,True,biological animal
cfos_occurrence,Ocurrencia espacial de núcleos c-FOS positivos / núcleos DAPI,1662,E8_FR6-1;E8_FR6-3;E8_FR6-4,WATER_NPY1;WATER_NPY2;E7_FR7-1,WATER_NPY3;E7_FR7-5;E9_FR8-1,5.0344841391,0.0940001390035,0.187727396435,0.0707104698796,False,True,biological animal
cfos_occurrence,Ocurrencia espacial de núcleos c-FOS positivos / núcleos DAPI,1663,E8_FR6-1;E8_FR6-3;E8_FR6-4,WATER_NPY1;WATER_NPY2;E7_FR7-5,WATER_NPY3;E7_FR7-1;E9_FR8-1,3.3103743841,0.0940001390035,0.149674721509,0.0650726600127,False,False,biological animal
cfos_occurrence,Ocurrencia espacial de núcleos c-FOS positivos / núcleos DAPI,1664,E8_FR6-1;E8_FR6-3;E8_FR6-4,WATER_NPY1;WATER_NPY2;E9_FR8-1,WATER_NPY3;E7_FR7-1;E7_FR7-5,4.28186851249,0.0940001390035,0.187139448845,0.0744699724207,False,False,biological animal
cfos_occurrence,Ocurrencia espacial de núcleos c-FOS positivos / núcleos DAPI,1665,E8_FR6-1;E8_FR6-3;E8_FR6-4,WATER_NPY1;WATER_NPY3;E7_FR7-1,WATER_NPY2;E7_FR7-5;E9_FR8-1,2.48972403395,0.0940001390035,0.207912209875,0.143571770456,False,False,biological animal
cfos_occurrence,Ocurrencia espacial de núcleos c-FOS positivos / núcleos DAPI,1666,E8_FR6-1;E8_FR6-3;E8_FR6-4,WATER_NPY1;WATER_NPY3;E7_FR7-5,WATER_NPY2;E7_FR7-1;E9_FR8-1,1.39053902053,0.0940001390035,0.182776750138,0.162280241501,False,False,biological animal
cfos_occurrence,Ocurrencia espacial de núcleos c-FOS positivos / núcleos DAPI,1667,E8_FR6-1;E8_FR6-3;E8_FR6-4,WATER_NPY1;WATER_NPY3;E9_FR8-1,WATER_NPY2;E7_FR7-1;E7_FR7-5,2.27337256239,0.0940001390035,0.207537317556,0.144085962965,False,False,biological animal
cfos_occurrence,Ocurrencia espacial de núcleos c-FOS positivos / núcleos DAPI,1668,E8_FR6-1;E8_FR6-3;E8_FR6-4,WATER_NPY1;E7_FR7-1;E7_FR7-5,WATER_NPY2;WATER_NPY3;E9_FR8-1,1.62671682144,0.0940001390035,0.179886201248,0.16592639567,False,False,biological animal
cfos_occurrence,Ocurrencia espacial de núcleos c-FOS positivos / núcleos DAPI,1669,E8_FR6-1;E8_FR6-3;E8_FR6-4,WATER_NPY1;E7_FR7-1;E9_FR8-1,WATER_NPY2;WATER_NPY3;E7_FR7-5,1.96320604217,0.0940001390035,0.19965383875,0.144286763472,False,False,biological animal
cfos_occurrence,Ocurrencia espacial de núcleos c-FOS positivos / núcleos DAPI,1670,E8_FR6-1;E8_FR6-3;E8_FR6-4,WATER_NPY1;E7_FR7-5;E9_FR8-1,WATER_NPY2;WATER_NPY3;E7_FR7-1,1.68124009338,0.0940001390035,0.181110850059,0.169941416456,False,False,biological animal
cfos_occurrence,Ocurrencia espacial de núcleos c-FOS positivos / núcleos DAPI,1671,E8_FR6-1;E8_FR6-3;E8_FR6-4,WATER_NPY2;WATER_NPY3;E7_FR7-1,WATER_NPY1;E7_FR7-5;E9_FR8-1,1.68124009338,0.0940001390035,0.169941416456,0.181110850059,False,False,biological animal
cfos_occurrence,Ocurrencia espacial de núcleos c-FOS positivos / núcleos DAPI,1672,E8_FR6-1;E8_FR6-3;E8_FR6-4,WATER_NPY2;WATER_NPY3;E7_FR7-5,WATER_NPY1;E7_FR7-1;E9_FR8-1,1.96320604217,0.0940001390035,0.144286763472,0.19965383875,False,False,biological animal
cfos_occurrence,Ocurrencia espacial de núcleos c-FOS positivos / núcleos DAPI,1673,E8_FR6-1;E8_FR6-3;E8_FR6-4,WATER_NPY2;WATER_NPY3;E9_FR8-1,WATER_NPY1;E7_FR7-1;E7_FR7-5,1.62671682144,0.0940001390035,0.16592639567,0.179886201248,False,False,biological animal
cfos_occurrence,Ocurrencia espacial de núcleos c-FOS positivos / núcleos DAPI,1674,E8_FR6-1;E8_FR6-3;E8_FR6-4,WATER_NPY2;E7_FR7-1;E7_FR7-5,WATER_NPY1;WATER_NPY3;E9_FR8-1,2.27337256239,0.0940001390035,0.144085962965,0.207537317556,False,False,biological animal
cfos_occurrence,Ocurrencia espacial de núcleos c-FOS positivos / núcleos DAPI,1675,E8_FR6-1;E8_FR6-3;E8_FR6-4,WATER_NPY2;E7_FR7-1;E9_FR8-1,WATER_NPY1;WATER_NPY3;E7_FR7-5,1.39053902053,0.0940001390035,0.162280241501,0.182776750138,False,False,biological animal
cfos_occurrence,Ocurrencia espacial de núcleos c-FOS positivos / núcleos DAPI,1676,E8_FR6-1;E8_FR6-3;E8_FR6-4,WATER_NPY2;E7_FR7-5;E9_FR8-1,WATER_NPY1;WATER_NPY3;E7_FR7-1,2.48972403395,0.0940001390035,0.143571770456,0.207912209875,False,False,biological animal
cfos_occurrence,Ocurrencia espacial de núcleos c-FOS positivos / núcleos DAPI,1677,E8_FR6-1;E8_FR6-3;E8_FR6-4,WATER_NPY3;E7_FR7-1;E7_FR7-5,WATER_NPY1;WATER_NPY2;E9_FR8-1,4.28186851249,0.0940001390035,0.0744699724207,0.187139448845,False,False,biological animal
cfos_occurrence,Ocurrencia espacial de núcleos c-FOS positivos / núcleos DAPI,1678,E8_FR6-1;E8_FR6-3;E8_FR6-4,WATER_NPY3;E7_FR7-1;E9_FR8-1,WATER_NPY1;WATER_NPY2;E7_FR7-5,3.3103743841,0.0940001390035,0.0650726600127,0.149674721509,False,False,biological animal
cfos_occurrence,Ocurrencia espacial de núcleos c-FOS positivos / núcleos DAPI,1679,E8_FR6-1;E8_FR6-3;E8_FR6-4,WATER_NPY3;E7_FR7-5;E9_FR8-1,WATER_NPY1;WATER_NPY2;E7_FR7-1,5.0344841391,0.0940001390035,0.0707104698796,0.187727396435,False,True,biological animal
cfos_occurrence,Ocurrencia espacial de núcleos c-FOS positivos / núcleos DAPI,1680,E8_FR6-1;E8_FR6-3;E8_FR6-4,E7_FR7-1;E7_FR7-5;E9_FR8-1,WATER_NPY1;WATER_NPY2;WATER_NPY3,4.71416619668,0.0940001390035,0.06113494281,0.189273632795,False,True,biological animal
double_occurrence,Ocurrencia espacial de núcleos dobles c-FOS y NPY positivos / núcleos DAPI,1,WATER_NPY1;WATER_NPY2;WATER_NPY3,E7_FR7-1;E7_FR7-5;E9_FR8-1,E8_FR6-1;E8_FR6-3;E8_FR6-4,8.48734236894,0.126769443242,0.0484435865182,0.0449807635238,True,True,biological animal
double_occurrence,Ocurrencia espacial de núcleos dobles c-FOS y NPY positivos / núcleos DAPI,2,WATER_NPY1;WATER_NPY2;WATER_NPY3,E7_FR7-1;E7_FR7-5;E8_FR6-1,E9_FR8-1;E8_FR6-3;E8_FR6-4,0.302353171505,0.126769443242,0.138379859903,0.16219363963,False,False,biological animal
double_occurrence,Ocurrencia espacial de núcleos dobles c-FOS y NPY positivos / núcleos DAPI,3,WATER_NPY1;WATER_NPY2;WATER_NPY3,E7_FR7-1;E7_FR7-5;E8_FR6-3,E9_FR8-1;E8_FR6-1;E8_FR6-4,0.717322562248,0.126769443242,0.123004150611,0.170114361786,False,False,biological animal
double_occurrence,Ocurrencia espacial de núcleos dobles c-FOS y NPY positivos / núcleos DAPI,4,WATER_NPY1;WATER_NPY2;WATER_NPY3,E7_FR7-1;E7_FR7-5;E8_FR6-4,E9_FR8-1;E8_FR6-1;E8_FR6-3,0.23085952186,0.126769443242,0.152185747168,0.15534424561,False,False,biological animal
double_occurrence,Ocurrencia espacial de núcleos dobles c-FOS y NPY positivos / núcleos DAPI,5,WATER_NPY1;WATER_NPY2;WATER_NPY3,E7_FR7-1;E9_FR8-1;E8_FR6-1,E7_FR7-5;E8_FR6-3;E8_FR6-4,0.161662067621,0.126769443242,0.152637389372,0.135435925413,False,False,biological animal
double_occurrence,Ocurrencia espacial de núcleos dobles c-FOS y NPY positivos / núcleos DAPI,6,WATER_NPY1;WATER_NPY2;WATER_NPY3,E7_FR7-1;E9_FR8-1;E8_FR6-3,E7_FR7-5;E8_FR6-1;E8_FR6-4,0.0820397832143,0.126769443242,0.137496356749,0.144009708277,False,False,biological animal
double_occurrence,Ocurrencia espacial de núcleos dobles c-FOS y NPY positivos / núcleos DAPI,7,WATER_NPY1;WATER_NPY2;WATER_NPY3,E7_FR7-1;E9_FR8-1;E8_FR6-4,E7_FR7-5;E8_FR6-1;E8_FR6-3,0.468591807218,0.126769443242,0.165278911965,0.12772716793,False,False,biological animal
double_occurrence,Ocurrencia espacial de núcleos dobles c-FOS y NPY positivos / núcleos DAPI,8,WATER_NPY1;WATER_NPY2;WATER_NPY3,E7_FR7-1;E8_FR6-1;E8_FR6-3,E7_FR7-5;E9_FR8-1;E8_FR6-4,0.520867126123,0.126769443242,0.133615610223,0.168590636599,False,False,biological animal
double_occurrence,Ocurrencia espacial de núcleos dobles c-FOS y NPY positivos / núcleos DAPI,9,WATER_NPY1;WATER_NPY2;WATER_NPY3,E7_FR7-1;E8_FR6-1;E8_FR6-4,E7_FR7-5;E9_FR8-1;E8_FR6-3,0.151562145313,0.126769443242,0.149326862479,0.14113420508,False,False,biological animal
double_occurrence,Ocurrencia espacial de núcleos dobles c-FOS y NPY positivos / núcleos DAPI,10,WATER_NPY1;WATER_NPY2;WATER_NPY3,E7_FR7-1;E8_FR6-3;E8_FR6-4,E7_FR7-5;E9_FR8-1;E8_FR6-1,0.206289176029,0.126769443242,0.140781838726,0.155483249123,False,False,biological animal
double_occurrence,Ocurrencia espacial de núcleos dobles c-FOS y NPY positivos / núcleos DAPI,11,WATER_NPY1;WATER_NPY2;WATER_NPY3,E7_FR7-5;E9_FR8-1;E8_FR6-1,E7_FR7-1;E8_FR6-3;E8_FR6-4,0.206289176029,0.126769443242,0.155483249123,0.140781838726,False,False,biological animal
double_occurrence,Ocurrencia espacial de núcleos dobles c-FOS y NPY positivos / núcleos DAPI,12,WATER_NPY1;WATER_NPY2;WATER_NPY3,E7_FR7-5;E9_FR8-1;E8_FR6-3,E7_FR7-1;E8_FR6-1;E8_FR6-4,0.151562145313,0.126769443242,0.14113420508,0.149326862479,False,False,biological animal
double_occurrence,Ocurrencia espacial de núcleos dobles c-FOS y NPY positivos / núcleos DAPI,13,WATER_NPY1;WATER_NPY2;WATER_NPY3,E7_FR7-5;E9_FR8-1;E8_FR6-4,E7_FR7-1;E8_FR6-1;E8_FR6-3,0.520867126123,0.126769443242,0.168590636599,0.133615610223,False,False,biological animal
double_occurrence,Ocurrencia espacial de núcleos dobles c-FOS y NPY positivos / núcleos DAPI,14,WATER_NPY1;WATER_NPY2;WATER_NPY3,E7_FR7-5;E8_FR6-1;E8_FR6-3,E7_FR7-1;E9_FR8-1;E8_FR6-4,0.468591807218,0.126769443242,0.12772716793,0.165278911965,False,False,biological animal
double_occurrence,Ocurrencia espacial de núcleos dobles c-FOS y NPY positivos / núcleos DAPI,15,WATER_NPY1;WATER_NPY2;WATER_NPY3,E7_FR7-5;E8_FR6-1;E8_FR6-4,E7_FR7-1;E9_FR8-1;E8_FR6-3,0.0820397832143,0.126769443242,0.144009708277,0.137496356749,False,False,biological animal
double_occurrence,Ocurrencia espacial de núcleos dobles c-FOS y NPY positivos / núcleos DAPI,16,WATER_NPY1;WATER_NPY2;WATER_NPY3,E7_FR7-5;E8_FR6-3;E8_FR6-4,E7_FR7-1;E9_FR8-1;E8_FR6-1,0.161662067621,0.126769443242,0.135435925413,0.152637389372,False,False,biological animal
double_occurrence,Ocurrencia espacial de núcleos dobles c-FOS y NPY positivos / núcleos DAPI,17,WATER_NPY1;WATER_NPY2;WATER_NPY3,E9_FR8-1;E8_FR6-1;E8_FR6-3,E7_FR7-1;E7_FR7-5;E8_FR6-4,0.23085952186,0.126769443242,0.15534424561,0.152185747168,False,False,biological animal
double_occurrence,Ocurrencia espacial de núcleos dobles c-FOS y NPY positivos / núcleos DAPI,18,WATER_NPY1;WATER_NPY2;WATER_NPY3,E9_FR8-1;E8_FR6-1;E8_FR6-4,E7_FR7-1;E7_FR7-5;E8_FR6-3,0.717322562248,0.126769443242,0.170114361786,0.123004150611,False,False,biological animal
double_occurrence,Ocurrencia espacial de núcleos dobles c-FOS y NPY positivos / núcleos DAPI,19,WATER_NPY1;WATER_NPY2;WATER_NPY3,E9_FR8-1;E8_FR6-3;E8_FR6-4,E7_FR7-1;E7_FR7-5;E8_FR6-1,0.302353171505,0.126769443242,0.16219363963,0.138379859903,False,False,biological animal
double_occurrence,Ocurrencia espacial de núcleos dobles c-FOS y NPY positivos / núcleos DAPI,20,WATER_NPY1;WATER_NPY2;WATER_NPY3,E8_FR6-1;E8_FR6-3;E8_FR6-4,E7_FR7-1;E7_FR7-5;E9_FR8-1,8.48734236894,0.126769443242,0.0449807635238,0.0484435865182,False,True,biological animal
double_occurrence,Ocurrencia espacial de núcleos dobles c-FOS y NPY positivos / núcleos DAPI,21,WATER_NPY1;WATER_NPY2;E7_FR7-1,WATER_NPY3;E7_FR7-5;E9_FR8-1,E8_FR6-1;E8_FR6-3;E8_FR6-4,18.2642986816,0.121286934055,0.0832079308773,0.0449807635238,False,True,biological animal
double_occurrence,Ocurrencia espacial de núcleos dobles c-FOS y NPY positivos / núcleos DAPI,22,WATER_NPY1;WATER_NPY2;E7_FR7-1,WATER_NPY3;E7_FR7-5;E8_FR6-1,E9_FR8-1;E8_FR6-3;E8_FR6-4,0.481791726235,0.121286934055,0.176501711719,0.16219363963,False,False,biological animal
double_occurrence,Ocurrencia espacial de núcleos dobles c-FOS y NPY positivos / núcleos DAPI,23,WATER_NPY1;WATER_NPY2;E7_FR7-1,WATER_NPY3;E7_FR7-5;E8_FR6-3,E9_FR8-1;E8_FR6-1;E8_FR6-4,0.465581295137,0.121286934055,0.162237438588,0.170114361786,False,False,biological animal
double_occurrence,Ocurrencia espacial de núcleos dobles c-FOS y NPY positivos / núcleos DAPI,24,WATER_NPY1;WATER_NPY2;E7_FR7-1,WATER_NPY3;E7_FR7-5;E8_FR6-4,E9_FR8-1;E8_FR6-1;E8_FR6-3,0.717245447051,0.121286934055,0.190009576628,0.15534424561,False,False,biological animal
double_occurrence,Ocurrencia espacial de núcleos dobles c-FOS y NPY positivos / núcleos DAPI,25,WATER_NPY1;WATER_NPY2;E7_FR7-1,WATER_NPY3;E9_FR8-1;E8_FR6-1,E7_FR7-5;E8_FR6-3;E8_FR6-4,0.800773029943,0.121286934055,0.185083308782,0.135435925413,False,False,biological animal
double_occurrence,Ocurrencia espacial de núcleos dobles c-FOS y NPY positivos / núcleos DAPI,26,WATER_NPY1;WATER_NPY2;E7_FR7-1,WATER_NPY3;E9_FR8-1;E8_FR6-3,E7_FR7-5;E8_FR6-1;E8_FR6-4,0.499943309552,0.121286934055,0.169855348373,0.144009708277,False,False,biological animal
double_occurrence,Ocurrencia espacial de núcleos dobles c-FOS y NPY positivos / núcleos DAPI,27,WATER_NPY1;WATER_NPY2;E7_FR7-1,WATER_NPY3;E9_FR8-1;E8_FR6-4,E7_FR7-5;E8_FR6-1;E8_FR6-3,1.29365203239,0.121286934055,0.19720973801,0.12772716793,False,False,biological animal
double_occurrence,Ocurrencia espacial de núcleos dobles c-FOS y NPY positivos / núcleos DAPI,28,WATER_NPY1;WATER_NPY2;E7_FR7-1,WATER_NPY3;E8_FR6-1;E8_FR6-3,E7_FR7-5;E9_FR8-1;E8_FR6-4,1.17694959573,0.121286934055,0.198889589098,0.168590636599,False,False,biological animal
double_occurrence,Ocurrencia espacial de núcleos dobles c-FOS y NPY positivos / núcleos DAPI,29,WATER_NPY1;WATER_NPY2;E7_FR7-1,WATER_NPY3;E8_FR6-1;E8_FR6-4,E7_FR7-5;E9_FR8-1;E8_FR6-3,1.97355351864,0.121286934055,0.214423236895,0.14113420508,False,False,biological animal
double_occurrence,Ocurrencia espacial de núcleos dobles c-FOS y NPY positivos / núcleos DAPI,30,WATER_NPY1;WATER_NPY2;E7_FR7-1,WATER_NPY3;E8_FR6-3;E8_FR6-4,E7_FR7-5;E9_FR8-1;E8_FR6-1,1.32895266921,0.121286934055,0.205298255629,0.155483249123,False,False,biological animal
double_occurrence,Ocurrencia espacial de núcleos dobles c-FOS y NPY positivos / núcleos DAPI,31,WATER_NPY1;WATER_NPY2;E7_FR7-1,E7_FR7-5;E9_FR8-1;E8_FR6-1,WATER_NPY3;E8_FR6-3;E8_FR6-4,1.32895266921,0.121286934055,0.155483249123,0.205298255629,False,False,biological animal
double_occurrence,Ocurrencia espacial de núcleos dobles c-FOS y NPY positivos / núcleos DAPI,32,WATER_NPY1;WATER_NPY2;E7_FR7-1,E7_FR7-5;E9_FR8-1;E8_FR6-3,WATER_NPY3;E8_FR6-1;E8_FR6-4,1.97355351864,0.121286934055,0.14113420508,0.214423236895,False,False,biological animal
double_occurrence,Ocurrencia espacial de núcleos dobles c-FOS y NPY positivos / núcleos DAPI,33,WATER_NPY1;WATER_NPY2;E7_FR7-1,E7_FR7-5;E9_FR8-1;E8_FR6-4,WATER_NPY3;E8_FR6-1;E8_FR6-3,1.17694959573,0.121286934055,0.168590636599,0.198889589098,False,False,biological animal
double_occurrence,Ocurrencia espacial de núcleos dobles c-FOS y NPY positivos / núcleos DAPI,34,WATER_NPY1;WATER_NPY2;E7_FR7-1,E7_FR7-5;E8_FR6-1;E8_FR6-3,WATER_NPY3;E9_FR8-1;E8_FR6-4,1.29365203239,0.121286934055,0.12772716793,0.19720973801,False,False,biological animal
double_occurrence,Ocurrencia espacial de núcleos dobles c-FOS y NPY positivos / núcleos DAPI,35,WATER_NPY1;WATER_NPY2;E7_FR7-1,E7_FR7-5;E8_FR6-1;E8_FR6-4,WATER_NPY3;E9_FR8-1;E8_FR6-3,0.499943309552,0.121286934055,0.144009708277,0.169855348373,False,False,biological animal
double_occurrence,Ocurrencia espacial de núcleos dobles c-FOS y NPY positivos / núcleos DAPI,36,WATER_NPY1;WATER_NPY2;E7_FR7-1,E7_FR7-5;E8_FR6-3;E8_FR6-4,WATER_NPY3;E9_FR8-1;E8_FR6-1,0.800773029943,0.121286934055,0.135435925413,0.185083308782,False,False,biological animal
double_occurrence,Ocurrencia espacial de núcleos dobles c-FOS y NPY positivos / núcleos DAPI,37,WATER_NPY1;WATER_NPY2;E7_FR7-1,E9_FR8-1;E8_FR6-1;E8_FR6-3,WATER_NPY3;E7_FR7-5;E8_FR6-4,0.717245447051,0.121286934055,0.15534424561,0.190009576628,False,False,biological animal
double_occurrence,Ocurrencia espacial de núcleos dobles c-FOS y NPY positivos / núcleos DAPI,38,WATER_NPY1;WATER_NPY2;E7_FR7-1,E9_FR8-1;E8_FR6-1;E8_FR6-4,WATER_NPY3;E7_FR7-5;E8_FR6-3,0.465581295137,0.121286934055,0.170114361786,0.162237438588,False,False,biological animal
double_occurrence,Ocurrencia espacial de núcleos dobles c-FOS y NPY positivos / núcleos DAPI,39,WATER_NPY1;WATER_NPY2;E7_FR7-1,E9_FR8-1;E8_FR6-3;E8_FR6-4,WATER_NPY3;E7_FR7-5;E8_FR6-1,0.481791726235,0.121286934055,0.16219363963,0.176501711719,False,False,biological animal
double_occurrence,Ocurrencia espacial de núcleos dobles c-FOS y NPY positivos / núcleos DAPI,40,WATER_NPY1;WATER_NPY2;E7_FR7-1,E8_FR6-1;E8_FR6-3;E8_FR6-4,WATER_NPY3;E7_FR7-5;E9_FR8-1,18.2642986816,0.121286934055,0.0449807635238,0.0832079308773,False,True,biological animal
double_occurrence,Ocurrencia espacial de núcleos dobles c-FOS y NPY positivos / núcleos DAPI,41,WATER_NPY1;WATER_NPY2;E7_FR7-5,WATER_NPY3;E7_FR7-1;E9_FR8-1,E8_FR6-1;E8_FR6-3;E8_FR6-4,15.2654981647,0.119431352468,0.0663496420174,0.0449807635238,False,True,biological animal
double_occurrence,Ocurrencia espacial de núcleos dobles c-FOS y NPY positivos / núcleos DAPI,42,WATER_NPY1;WATER_NPY2;E7_FR7-5,WATER_NPY3;E7_FR7-1;E8_FR6-1,E9_FR8-1;E8_FR6-3;E8_FR6-4,0.445939107937,0.119431352468,0.173718769592,0.16219363963,False,False,biological animal
double_occurrence,Ocurrencia espacial de núcleos dobles c-FOS y NPY positivos / núcleos DAPI,43,WATER_NPY1;WATER_NPY2;E7_FR7-5,WATER_NPY3;E7_FR7-1;E8_FR6-3,E9_FR8-1;E8_FR6-1;E8_FR6-4,0.430808301196,0.119431352468,0.158283788493,0.170114361786,False,False,biological animal
double_occurrence,Ocurrencia espacial de núcleos dobles c-FOS y NPY positivos / núcleos DAPI,44,WATER_NPY1;WATER_NPY2;E7_FR7-5,WATER_NPY3;E7_FR7-1;E8_FR6-4,E9_FR8-1;E8_FR6-1;E8_FR6-3,0.630154030704,0.119431352468,0.186653690818,0.15534424561,False,False,biological animal
double_occurrence,Ocurrencia espacial de núcleos dobles c-FOS y NPY positivos / núcleos DAPI,45,WATER_NPY1;WATER_NPY2;E7_FR7-5,WATER_NPY3;E9_FR8-1;E8_FR6-1,E7_FR7-1;E8_FR6-3;E8_FR6-4,0.775875942577,0.119431352468,0.185083308782,0.140781838726,False,False,biological animal
double_occurrence,Ocurrencia espacial de núcleos dobles c-FOS y NPY positivos / núcleos DAPI,46,WATER_NPY1;WATER_NPY2;E7_FR7-5,WATER_NPY3;E9_FR8-1;E8_FR6-3,E7_FR7-1;E8_FR6-1;E8_FR6-4,0.521026347614,0.119431352468,0.169855348373,0.149326862479,False,False,biological animal
double_occurrence,Ocurrencia espacial de núcleos dobles c-FOS y NPY positivos / núcleos DAPI,47,WATER_NPY1;WATER_NPY2;E7_FR7-5,WATER_NPY3;E9_FR8-1;E8_FR6-4,E7_FR7-1;E8_FR6-1;E8_FR6-3,1.19793814596,0.119431352468,0.19720973801,0.133615610223,False,False,biological animal
double_occurrence,Ocurrencia espacial de núcleos dobles c-FOS y NPY positivos / núcleos DAPI,48,WATER_NPY1;WATER_NPY2;E7_FR7-5,WATER_NPY3;E8_FR6-1;E8_FR6-3,E7_FR7-1;E9_FR8-1;E8_FR6-4,1.11619068465,0.119431352468,0.198889589098,0.165278911965,False,False,biological animal
double_occurrence,Ocurrencia espacial de núcleos dobles c-FOS y NPY positivos / núcleos DAPI,49,WATER_NPY1;WATER_NPY2;E7_FR7-5,WATER_NPY3;E8_FR6-1;E8_FR6-4,E7_FR7-1;E9_FR8-1;E8_FR6-3,1.90499973164,0.119431352468,0.214423236895,0.137496356749,False,False,biological animal
double_occurrence,Ocurrencia espacial de núcleos dobles c-FOS y NPY positivos / núcleos DAPI,50,WATER_NPY1;WATER_NPY2;E7_FR7-5,WATER_NPY3;E8_FR6-3;E8_FR6-4,E7_FR7-1;E9_FR8-1;E8_FR6-1,1.2844780413,0.119431352468,0.205298255629,0.152637389372,False,False,biological animal
double_occurrence,Ocurrencia espacial de núcleos dobles c-FOS y NPY positivos / núcleos DAPI,51,WATER_NPY1;WATER_NPY2;E7_FR7-5,E7_FR7-1;E9_FR8-1;E8_FR6-1,WATER_NPY3;E8_FR6-3;E8_FR6-4,1.2844780413,0.119431352468,0.152637389372,0.205298255629,False,False,biological animal
double_occurrence,Ocurrencia espacial de núcleos dobles c-FOS y NPY positivos / núcleos DAPI,52,WATER_NPY1;WATER_NPY2;E7_FR7-5,E7_FR7-1;E9_FR8-1;E8_FR6-3,WATER_NPY3;E8_FR6-1;E8_FR6-4,1.90499973164,0.119431352468,0.137496356749,0.214423236895,False,False,biological animal
double_occurrence,Ocurrencia espacial de núcleos dobles c-FOS y NPY positivos / núcleos DAPI,53,WATER_NPY1;WATER_NPY2;E7_FR7-5,E7_FR7-1;E9_FR8-1;E8_FR6-4,WATER_NPY3;E8_FR6-1;E8_FR6-3,1.11619068465,0.119431352468,0.165278911965,0.198889589098,False,False,biological animal
double_occurrence,Ocurrencia espacial de núcleos dobles c-FOS y NPY positivos / núcleos DAPI,54,WATER_NPY1;WATER_NPY2;E7_FR7-5,E7_FR7-1;E8_FR6-1;E8_FR6-3,WATER_NPY3;E9_FR8-1;E8_FR6-4,1.19793814596,0.119431352468,0.133615610223,0.19720973801,False,False,biological animal
double_occurrence,Ocurrencia espacial de núcleos dobles c-FOS y NPY positivos / núcleos DAPI,55,WATER_NPY1;WATER_NPY2;E7_FR7-5,E7_FR7-1;E8_FR6-1;E8_FR6-4,WATER_NPY3;E9_FR8-1;E8_FR6-3,0.521026347614,0.119431352468,0.149326862479,0.169855348373,False,False,biological animal
double_occurrence,Ocurrencia espacial de núcleos dobles c-FOS y NPY positivos / núcleos DAPI,56,WATER_NPY1;WATER_NPY2;E7_FR7-5,E7_FR7-1;E8_FR6-3;E8_FR6-4,WATER_NPY3;E9_FR8-1;E8_FR6-1,0.775875942577,0.119431352468,0.140781838726,0.185083308782,False,False,biological animal
double_occurrence,Ocurrencia espacial de núcleos dobles c-FOS y NPY positivos / núcleos DAPI,57,WATER_NPY1;WATER_NPY2;E7_FR7-5,E9_FR8-1;E8_FR6-1;E8_FR6-3,WATER_NPY3;E7_FR7-1;E8_FR6-4,0.630154030704,0.119431352468,0.15534424561,0.186653690818,False,False,biological animal
double_occurrence,Ocurrencia espacial de núcleos dobles c-FOS y NPY positivos / núcleos DAPI,58,WATER_NPY1;WATER_NPY2;E7_FR7-5,E9_FR8-1;E8_FR6-1;E8_FR6-4,WATER_NPY3;E7_FR7-1;E8_FR6-3,0.430808301196,0.119431352468,0.170114361786,0.158283788493,False,False,biological animal
double_occurrence,Ocurrencia espacial de núcleos dobles c-FOS y NPY positivos / núcleos DAPI,59,WATER_NPY1;WATER_NPY2;E7_FR7-5,E9_FR8-1;E8_FR6-3;E8_FR6-4,WATER_NPY3;E7_FR7-1;E8_FR6-1,0.445939107937,0.119431352468,0.16219363963,0.173718769592,False,False,biological animal
double_occurrence,Ocurrencia espacial de núcleos dobles c-FOS y NPY positivos / núcleos DAPI,60,WATER_NPY1;WATER_NPY2;E7_FR7-5,E8_FR6-1;E8_FR6-3;E8_FR6-4,WATER_NPY3;E7_FR7-1;E9_FR8-1,15.2654981647,0.119431352468,0.0449807635238,0.0663496420174,False,True,biological animal
double_occurrence,Ocurrencia espacial de núcleos dobles c-FOS y NPY positivos / núcleos DAPI,61,WATER_NPY1;WATER_NPY2;E9_FR8-1,WATER_NPY3;E7_FR7-1;E7_FR7-5,E8_FR6-1;E8_FR6-3;E8_FR6-4,11.1001526766,0.12876801347,0.0783666756761,0.0449807635238,False,True,biological animal
double_occurrence,Ocurrencia espacial de núcleos dobles c-FOS y NPY positivos / núcleos DAPI,62,WATER_NPY1;WATER_NPY2;E9_FR8-1,WATER_NPY3;E7_FR7-1;E8_FR6-1,E7_FR7-5;E8_FR6-3;E8_FR6-4,0.346851713519,0.12876801347,0.173718769592,0.135435925413,False,False,biological animal
double_occurrence,Ocurrencia espacial de núcleos dobles c-FOS y NPY positivos / núcleos DAPI,63,WATER_NPY1;WATER_NPY2;E9_FR8-1,WATER_NPY3;E7_FR7-1;E8_FR6-3,E7_FR7-5;E8_FR6-1;E8_FR6-4,0.148245461526,0.12876801347,0.158283788493,0.144009708277,False,False,biological animal
double_occurrence,Ocurrencia espacial de núcleos dobles c-FOS y NPY positivos / núcleos DAPI,64,WATER_NPY1;WATER_NPY2;E9_FR8-1,WATER_NPY3;E7_FR7-1;E8_FR6-4,E7_FR7-5;E8_FR6-1;E8_FR6-3,0.696813492446,0.12876801347,0.186653690818,0.12772716793,False,False,biological animal
double_occurrence,Ocurrencia espacial de núcleos dobles c-FOS y NPY positivos / núcleos DAPI,65,WATER_NPY1;WATER_NPY2;E9_FR8-1,WATER_NPY3;E7_FR7-5;E8_FR6-1,E7_FR7-1;E8_FR6-3;E8_FR6-4,0.382920706334,0.12876801347,0.176501711719,0.140781838726,False,False,biological animal
double_occurrence,Ocurrencia espacial de núcleos dobles c-FOS y NPY positivos / núcleos DAPI,66,WATER_NPY1;WATER_NPY2;E9_FR8-1,WATER_NPY3;E7_FR7-5;E8_FR6-3,E7_FR7-1;E8_FR6-1;E8_FR6-4,0.208498917199,0.12876801347,0.162237438588,0.149326862479,False,False,biological animal
double_occurrence,Ocurrencia espacial de núcleos dobles c-FOS y NPY positivos / núcleos DAPI,67,WATER_NPY1;WATER_NPY2;E9_FR8-1,WATER_NPY3;E7_FR7-5;E8_FR6-4,E7_FR7-1;E8_FR6-1;E8_FR6-3,0.75008984618,0.12876801347,0.190009576628,0.133615610223,False,False,biological animal
double_occurrence,Ocurrencia espacial de núcleos dobles c-FOS y NPY positivos / núcleos DAPI,68,WATER_NPY1;WATER_NPY2;E9_FR8-1,WATER_NPY3;E8_FR6-1;E8_FR6-3,E7_FR7-1;E7_FR7-5;E8_FR6-4,0.983624318335,0.12876801347,0.198889589098,0.152185747168,False,False,biological animal
double_occurrence,Ocurrencia espacial de núcleos dobles c-FOS y NPY positivos / núcleos DAPI,69,WATER_NPY1;WATER_NPY2;E9_FR8-1,WATER_NPY3;E8_FR6-1;E8_FR6-4,E7_FR7-1;E7_FR7-5;E8_FR6-3,2.17491077841,0.12876801347,0.214423236895,0.123004150611,False,False,biological animal
double_occurrence,Ocurrencia espacial de núcleos dobles c-FOS y NPY positivos / núcleos DAPI,70,WATER_NPY1;WATER_NPY2;E9_FR8-1,WATER_NPY3;E8_FR6-3;E8_FR6-4,E7_FR7-1;E7_FR7-5;E8_FR6-1,1.30880597224,0.12876801347,0.205298255629,0.138379859903,False,False,biological animal
double_occurrence,Ocurrencia espacial de núcleos dobles c-FOS y NPY positivos / núcleos DAPI,71,WATER_NPY1;WATER_NPY2;E9_FR8-1,E7_FR7-1;E7_FR7-5;E8_FR6-1,WATER_NPY3;E8_FR6-3;E8_FR6-4,1.30880597224,0.12876801347,0.138379859903,0.205298255629,False,False,biological animal
double_occurrence,Ocurrencia espacial de núcleos dobles c-FOS y NPY positivos / núcleos DAPI,72,WATER_NPY1;WATER_NPY2;E9_FR8-1,E7_FR7-1;E7_FR7-5;E8_FR6-3,WATER_NPY3;E8_FR6-1;E8_FR6-4,2.17491077841,0.12876801347,0.123004150611,0.214423236895,False,False,biological animal
double_occurrence,Ocurrencia espacial de núcleos dobles c-FOS y NPY positivos / núcleos DAPI,73,WATER_NPY1;WATER_NPY2;E9_FR8-1,E7_FR7-1;E7_FR7-5;E8_FR6-4,WATER_NPY3;E8_FR6-1;E8_FR6-3,0.983624318335,0.12876801347,0.152185747168,0.198889589098,False,False,biological animal
double_occurrence,Ocurrencia espacial de núcleos dobles c-FOS y NPY positivos / núcleos DAPI,74,WATER_NPY1;WATER_NPY2;E9_FR8-1,E7_FR7-1;E8_FR6-1;E8_FR6-3,WATER_NPY3;E7_FR7-5;E8_FR6-4,0.75008984618,0.12876801347,0.133615610223,0.190009576628,False,False,biological animal
double_occurrence,Ocurrencia espacial de núcleos dobles c-FOS y NPY positivos / núcleos DAPI,75,WATER_NPY1;WATER_NPY2;E9_FR8-1,E7_FR7-1;E8_FR6-1;E8_FR6-4,WATER_NPY3;E7_FR7-5;E8_FR6-3,0.208498917199,0.12876801347,0.149326862479,0.162237438588,False,False,biological animal
double_occurrence,Ocurrencia espacial de núcleos dobles c-FOS y NPY positivos / núcleos DAPI,76,WATER_NPY1;WATER_NPY2;E9_FR8-1,E7_FR7-1;E8_FR6-3;E8_FR6-4,WATER_NPY3;E7_FR7-5;E8_FR6-1,0.382920706334,0.12876801347,0.140781838726,0.176501711719,False,False,biological animal
double_occurrence,Ocurrencia espacial de núcleos dobles c-FOS y NPY positivos / núcleos DAPI,77,WATER_NPY1;WATER_NPY2;E9_FR8-1,E7_FR7-5;E8_FR6-1;E8_FR6-3,WATER_NPY3;E7_FR7-1;E8_FR6-4,0.696813492446,0.12876801347,0.12772716793,0.186653690818,False,False,biological animal
double_occurrence,Ocurrencia espacial de núcleos dobles c-FOS y NPY positivos / núcleos DAPI,78,WATER_NPY1;WATER_NPY2;E9_FR8-1,E7_FR7-5;E8_FR6-1;E8_FR6-4,WATER_NPY3;E7_FR7-1;E8_FR6-3,0.148245461526,0.12876801347,0.144009708277,0.158283788493,False,False,biological animal
double_occurrence,Ocurrencia espacial de núcleos dobles c-FOS y NPY positivos / núcleos DAPI,79,WATER_NPY1;WATER_NPY2;E9_FR8-1,E7_FR7-5;E8_FR6-3;E8_FR6-4,WATER_NPY3;E7_FR7-1;E8_FR6-1,0.346851713519,0.12876801347,0.135435925413,0.173718769592,False,False,biological animal
double_occurrence,Ocurrencia espacial de núcleos dobles c-FOS y NPY positivos / núcleos DAPI,80,WATER_NPY1;WATER_NPY2;E9_FR8-1,E8_FR6-1;E8_FR6-3;E8_FR6-4,WATER_NPY3;E7_FR7-1;E7_FR7-5,11.1001526766,0.12876801347,0.0449807635238,0.0783666756761,False,True,biological animal
double_occurrence,Ocurrencia espacial de núcleos dobles c-FOS y NPY positivos / núcleos DAPI,81,WATER_NPY1;WATER_NPY2;E8_FR6-1,WATER_NPY3;E7_FR7-1;E7_FR7-5,E9_FR8-1;E8_FR6-3;E8_FR6-4,2.29239949103,0.191194172945,0.0783666756761,0.16219363963,False,False,biological animal
double_occurrence,Ocurrencia espacial de núcleos dobles c-FOS y NPY positivos / núcleos DAPI,82,WATER_NPY1;WATER_NPY2;E8_FR6-1,WATER_NPY3;E7_FR7-1;E9_FR8-1,E7_FR7-5;E8_FR6-3;E8_FR6-4,3.01918045304,0.191194172945,0.0663496420174,0.135435925413,False,False,biological animal
double_occurrence,Ocurrencia espacial de núcleos dobles c-FOS y NPY positivos / núcleos DAPI,83,WATER_NPY1;WATER_NPY2;E8_FR6-1,WATER_NPY3;E7_FR7-1;E8_FR6-3,E7_FR7-5;E9_FR8-1;E8_FR6-4,0.12265977235,0.191194172945,0.158283788493,0.168590636599,False,False,biological animal
double_occurrence,Ocurrencia espacial de núcleos dobles c-FOS y NPY positivos / núcleos DAPI,84,WATER_NPY1;WATER_NPY2;E8_FR6-1,WATER_NPY3;E7_FR7-1;E8_FR6-4,E7_FR7-5;E9_FR8-1;E8_FR6-3,0.322504245046,0.191194172945,0.186653690818,0.14113420508,False,False,biological animal
double_occurrence,Ocurrencia espacial de núcleos dobles c-FOS y NPY positivos / núcleos DAPI,85,WATER_NPY1;WATER_NPY2;E8_FR6-1,WATER_NPY3;E7_FR7-5;E9_FR8-1,E7_FR7-1;E8_FR6-3;E8_FR6-4,2.20751549095,0.191194172945,0.0832079308773,0.140781838726,False,False,biological animal
double_occurrence,Ocurrencia espacial de núcleos dobles c-FOS y NPY positivos / núcleos DAPI,86,WATER_NPY1;WATER_NPY2;E8_FR6-1,WATER_NPY3;E7_FR7-5;E8_FR6-3,E7_FR7-1;E9_FR8-1;E8_FR6-4,0.111067109412,0.191194172945,0.162237438588,0.165278911965,False,False,biological animal
double_occurrence,Ocurrencia espacial de núcleos dobles c-FOS y NPY positivos / núcleos DAPI,87,WATER_NPY1;WATER_NPY2;E8_FR6-1,WATER_NPY3;E7_FR7-5;E8_FR6-4,E7_FR7-1;E9_FR8-1;E8_FR6-3,0.401287858223,0.191194172945,0.190009576628,0.137496356749,False,False,biological animal
double_occurrence,Ocurrencia espacial de núcleos dobles c-FOS y NPY positivos / núcleos DAPI,88,WATER_NPY1;WATER_NPY2;E8_FR6-1,WATER_NPY3;E9_FR8-1;E8_FR6-3,E7_FR7-1;E7_FR7-5;E8_FR6-4,0.189088219923,0.191194172945,0.169855348373,0.152185747168,False,False,biological animal
double_occurrence,Ocurrencia espacial de núcleos dobles c-FOS y NPY positivos / núcleos DAPI,89,WATER_NPY1;WATER_NPY2;E8_FR6-1,WATER_NPY3;E9_FR8-1;E8_FR6-4,E7_FR7-1;E7_FR7-5;E8_FR6-3,0.808907534195,0.191194172945,0.19720973801,0.123004150611,False,False,biological animal
double_occurrence,Ocurrencia espacial de núcleos dobles c-FOS y NPY positivos / núcleos DAPI,90,WATER_NPY1;WATER_NPY2;E8_FR6-1,WATER_NPY3;E8_FR6-3;E8_FR6-4,E7_FR7-1;E7_FR7-5;E9_FR8-1,4.09562157088,0.191194172945,0.205298255629,0.0484435865182,False,False,biological animal
double_occurrence,Ocurrencia espacial de núcleos dobles c-FOS y NPY positivos / núcleos DAPI,91,WATER_NPY1;WATER_NPY2;E8_FR6-1,E7_FR7-1;E7_FR7-5;E9_FR8-1,WATER_NPY3;E8_FR6-3;E8_FR6-4,4.09562157088,0.191194172945,0.0484435865182,0.205298255629,False,False,biological animal
double_occurrence,Ocurrencia espacial de núcleos dobles c-FOS y NPY positivos / núcleos DAPI,92,WATER_NPY1;WATER_NPY2;E8_FR6-1,E7_FR7-1;E7_FR7-5;E8_FR6-3,WATER_NPY3;E9_FR8-1;E8_FR6-4,0.808907534195,0.191194172945,0.123004150611,0.19720973801,False,False,biological animal
double_occurrence,Ocurrencia espacial de núcleos dobles c-FOS y NPY positivos / núcleos DAPI,93,WATER_NPY1;WATER_NPY2;E8_FR6-1,E7_FR7-1;E7_FR7-5;E8_FR6-4,WATER_NPY3;E9_FR8-1;E8_FR6-3,0.189088219923,0.191194172945,0.152185747168,0.169855348373,False,False,biological animal
double_occurrence,Ocurrencia espacial de núcleos dobles c-FOS y NPY positivos / núcleos DAPI,94,WATER_NPY1;WATER_NPY2;E8_FR6-1,E7_FR7-1;E9_FR8-1;E8_FR6-3,WATER_NPY3;E7_FR7-5;E8_FR6-4,0.401287858223,0.191194172945,0.137496356749,0.190009576628,False,False,biological animal
double_occurrence,Ocurrencia espacial de núcleos dobles c-FOS y NPY positivos / núcleos DAPI,95,WATER_NPY1;WATER_NPY2;E8_FR6-1,E7_FR7-1;E9_FR8-1;E8_FR6-4,WATER_NPY3;E7_FR7-5;E8_FR6-3,0.111067109412,0.191194172945,0.165278911965,0.162237438588,False,False,biological animal
double_occurrence,Ocurrencia espacial de núcleos dobles c-FOS y NPY positivos / núcleos DAPI,96,WATER_NPY1;WATER_NPY2;E8_FR6-1,E7_FR7-1;E8_FR6-3;E8_FR6-4,WATER_NPY3;E7_FR7-5;E9_FR8-1,2.20751549095,0.191194172945,0.140781838726,0.0832079308773,False,False,biological animal
double_occurrence,Ocurrencia espacial de núcleos dobles c-FOS y NPY positivos / núcleos DAPI,97,WATER_NPY1;WATER_NPY2;E8_FR6-1,E7_FR7-5;E9_FR8-1;E8_FR6-3,WATER_NPY3;E7_FR7-1;E8_FR6-4,0.322504245046,0.191194172945,0.14113420508,0.186653690818,False,False,biological animal
double_occurrence,Ocurrencia espacial de núcleos dobles c-FOS y NPY positivos / núcleos DAPI,98,WATER_NPY1;WATER_NPY2;E8_FR6-1,E7_FR7-5;E9_FR8-1;E8_FR6-4,WATER_NPY3;E7_FR7-1;E8_FR6-3,0.12265977235,0.191194172945,0.168590636599,0.158283788493,False,False,biological animal
double_occurrence,Ocurrencia espacial de núcleos dobles c-FOS y NPY positivos / núcleos DAPI,99,WATER_NPY1;WATER_NPY2;E8_FR6-1,E7_FR7-5;E8_FR6-3;E8_FR6-4,WATER_NPY3;E7_FR7-1;E9_FR8-1,3.01918045304,0.191194172945,0.135435925413,0.0663496420174,False,False,biological animal
double_occurrence,Ocurrencia espacial de núcleos dobles c-FOS y NPY positivos / núcleos DAPI,100,WATER_NPY1;WATER_NPY2;E8_FR6-1,E9_FR8-1;E8_FR6-3;E8_FR6-4,WATER_NPY3;E7_FR7-1;E7_FR7-5,2.29239949103,0.191194172945,0.16219363963,0.0783666756761,False,False,biological animal
double_occurrence,Ocurrencia espacial de núcleos dobles c-FOS y NPY positivos / núcleos DAPI,101,WATER_NPY1;WATER_NPY2;E8_FR6-3,WATER_NPY3;E7_FR7-1;E7_FR7-5,E9_FR8-1;E8_FR6-1;E8_FR6-4,2.18694302863,0.171685790996,0.0783666756761,0.170114361786,False,False,biological animal
double_occurrence,Ocurrencia espacial de núcleos dobles c-FOS y NPY positivos / núcleos DAPI,102,WATER_NPY1;WATER_NPY2;E8_FR6-3,WATER_NPY3;E7_FR7-1;E9_FR8-1,E7_FR7-5;E8_FR6-1;E8_FR6-4,2.76349540089,0.171685790996,0.0663496420174,0.144009708277,False,False,biological animal
double_occurrence,Ocurrencia espacial de núcleos dobles c-FOS y NPY positivos / núcleos DAPI,103,WATER_NPY1;WATER_NPY2;E8_FR6-3,WATER_NPY3;E7_FR7-1;E8_FR6-1,E7_FR7-5;E9_FR8-1;E8_FR6-4,0.00287348809755,0.171685790996,0.173718769592,0.168590636599,False,False,biological animal
double_occurrence,Ocurrencia espacial de núcleos dobles c-FOS y NPY positivos / núcleos DAPI,104,WATER_NPY1;WATER_NPY2;E8_FR6-3,WATER_NPY3;E7_FR7-1;E8_FR6-4,E7_FR7-5;E9_FR8-1;E8_FR6-1,0.105276455712,0.171685790996,0.186653690818,0.155483249123,False,False,biological animal
double_occurrence,Ocurrencia espacial de núcleos dobles c-FOS y NPY positivos / núcleos DAPI,105,WATER_NPY1;WATER_NPY2;E8_FR6-3,WATER_NPY3;E7_FR7-5;E9_FR8-1,E7_FR7-1;E8_FR6-1;E8_FR6-4,1.89773248032,0.171685790996,0.0832079308773,0.149326862479,False,False,biological animal
double_occurrence,Ocurrencia espacial de núcleos dobles c-FOS y NPY positivos / núcleos DAPI,106,WATER_NPY1;WATER_NPY2;E8_FR6-3,WATER_NPY3;E7_FR7-5;E8_FR6-1,E7_FR7-1;E9_FR8-1;E8_FR6-4,0.0136864398926,0.171685790996,0.176501711719,0.165278911965,False,False,biological animal
double_occurrence,Ocurrencia espacial de núcleos dobles c-FOS y NPY positivos / núcleos DAPI,107,WATER_NPY1;WATER_NPY2;E8_FR6-3,WATER_NPY3;E7_FR7-5;E8_FR6-4,E7_FR7-1;E9_FR8-1;E8_FR6-1,0.153454305392,0.171685790996,0.190009576628,0.152637389372,False,False,biological animal
double_occurrence,Ocurrencia espacial de núcleos dobles c-FOS y NPY positivos / núcleos DAPI,108,WATER_NPY1;WATER_NPY2;E8_FR6-3,WATER_NPY3;E9_FR8-1;E8_FR6-1,E7_FR7-1;E7_FR7-5;E8_FR6-4,0.135346982608,0.171685790996,0.185083308782,0.152185747168,False,False,biological animal
double_occurrence,Ocurrencia espacial de núcleos dobles c-FOS y NPY positivos / núcleos DAPI,109,WATER_NPY1;WATER_NPY2;E8_FR6-3,WATER_NPY3;E9_FR8-1;E8_FR6-4,E7_FR7-1;E7_FR7-5;E8_FR6-1,0.42849649808,0.171685790996,0.19720973801,0.138379859903,False,False,biological animal
double_occurrence,Ocurrencia espacial de núcleos dobles c-FOS y NPY positivos / núcleos DAPI,110,WATER_NPY1;WATER_NPY2;E8_FR6-3,WATER_NPY3;E8_FR6-1;E8_FR6-4,E7_FR7-1;E7_FR7-5;E9_FR8-1,4.5099615255,0.171685790996,0.214423236895,0.0484435865182,False,False,biological animal
double_occurrence,Ocurrencia espacial de núcleos dobles c-FOS y NPY positivos / núcleos DAPI,111,WATER_NPY1;WATER_NPY2;E8_FR6-3,E7_FR7-1;E7_FR7-5;E9_FR8-1,WATER_NPY3;E8_FR6-1;E8_FR6-4,4.5099615255,0.171685790996,0.0484435865182,0.214423236895,False,False,biological animal
double_occurrence,Ocurrencia espacial de núcleos dobles c-FOS y NPY positivos / núcleos DAPI,112,WATER_NPY1;WATER_NPY2;E8_FR6-3,E7_FR7-1;E7_FR7-5;E8_FR6-1,WATER_NPY3;E9_FR8-1;E8_FR6-4,0.42849649808,0.171685790996,0.138379859903,0.19720973801,False,False,biological animal
double_occurrence,Ocurrencia espacial de núcleos dobles c-FOS y NPY positivos / núcleos DAPI,113,WATER_NPY1;WATER_NPY2;E8_FR6-3,E7_FR7-1;E7_FR7-5;E8_FR6-4,WATER_NPY3;E9_FR8-1;E8_FR6-1,0.135346982608,0.171685790996,0.152185747168,0.185083308782,False,False,biological animal
double_occurrence,Ocurrencia espacial de núcleos dobles c-FOS y NPY positivos / núcleos DAPI,114,WATER_NPY1;WATER_NPY2;E8_FR6-3,E7_FR7-1;E9_FR8-1;E8_FR6-1,WATER_NPY3;E7_FR7-5;E8_FR6-4,0.153454305392,0.171685790996,0.152637389372,0.190009576628,False,False,biological animal
double_occurrence,Ocurrencia espacial de núcleos dobles c-FOS y NPY positivos / núcleos DAPI,115,WATER_NPY1;WATER_NPY2;E8_FR6-3,E7_FR7-1;E9_FR8-1;E8_FR6-4,WATER_NPY3;E7_FR7-5;E8_FR6-1,0.0136864398926,0.171685790996,0.165278911965,0.176501711719,False,False,biological animal
double_occurrence,Ocurrencia espacial de núcleos dobles c-FOS y NPY positivos / núcleos DAPI,116,WATER_NPY1;WATER_NPY2;E8_FR6-3,E7_FR7-1;E8_FR6-1;E8_FR6-4,WATER_NPY3;E7_FR7-5;E9_FR8-1,1.89773248032,0.171685790996,0.149326862479,0.0832079308773,False,False,biological animal
double_occurrence,Ocurrencia espacial de núcleos dobles c-FOS y NPY positivos / núcleos DAPI,117,WATER_NPY1;WATER_NPY2;E8_FR6-3,E7_FR7-5;E9_FR8-1;E8_FR6-1,WATER_NPY3;E7_FR7-1;E8_FR6-4,0.105276455712,0.171685790996,0.155483249123,0.186653690818,False,False,biological animal
double_occurrence,Ocurrencia espacial de núcleos dobles c-FOS y NPY positivos / núcleos DAPI,118,WATER_NPY1;WATER_NPY2;E8_FR6-3,E7_FR7-5;E9_FR8-1;E8_FR6-4,WATER_NPY3;E7_FR7-1;E8_FR6-1,0.00287348809755,0.171685790996,0.168590636599,0.173718769592,False,False,biological animal
double_occurrence,Ocurrencia espacial de núcleos dobles c-FOS y NPY positivos / núcleos DAPI,119,WATER_NPY1;WATER_NPY2;E8_FR6-3,E7_FR7-5;E8_FR6-1;E8_FR6-4,WATER_NPY3;E7_FR7-1;E9_FR8-1,2.76349540089,0.171685790996,0.144009708277,0.0663496420174,False,False,biological animal
double_occurrence,Ocurrencia espacial de núcleos dobles c-FOS y NPY positivos / núcleos DAPI,120,WATER_NPY1;WATER_NPY2;E8_FR6-3,E9_FR8-1;E8_FR6-1;E8_FR6-4,WATER_NPY3;E7_FR7-1;E7_FR7-5,2.18694302863,0.171685790996,0.170114361786,0.0783666756761,False,False,biological animal
double_occurrence,Ocurrencia espacial de núcleos dobles c-FOS y NPY positivos / núcleos DAPI,121,WATER_NPY1;WATER_NPY2;E8_FR6-4,WATER_NPY3;E7_FR7-1;E7_FR7-5,E9_FR8-1;E8_FR6-1;E8_FR6-3,2.64514685395,0.19807342628,0.0783666756761,0.15534424561,False,False,biological animal
double_occurrence,Ocurrencia espacial de núcleos dobles c-FOS y NPY positivos / núcleos DAPI,122,WATER_NPY1;WATER_NPY2;E8_FR6-4,WATER_NPY3;E7_FR7-1;E9_FR8-1,E7_FR7-5;E8_FR6-1;E8_FR6-3,3.73254907388,0.19807342628,0.0663496420174,0.12772716793,False,False,biological animal
double_occurrence,Ocurrencia espacial de núcleos dobles c-FOS y NPY positivos / núcleos DAPI,123,WATER_NPY1;WATER_NPY2;E8_FR6-4,WATER_NPY3;E7_FR7-1;E8_FR6-1,E7_FR7-5;E9_FR8-1;E8_FR6-3,0.353432693288,0.19807342628,0.173718769592,0.14113420508,False,False,biological animal
double_occurrence,Ocurrencia espacial de núcleos dobles c-FOS y NPY positivos / núcleos DAPI,124,WATER_NPY1;WATER_NPY2;E8_FR6-4,WATER_NPY3;E7_FR7-1;E8_FR6-3,E7_FR7-5;E9_FR8-1;E8_FR6-1,0.254398818608,0.19807342628,0.158283788493,0.155483249123,False,False,biological animal
double_occurrence,Ocurrencia espacial de núcleos dobles c-FOS y NPY positivos / núcleos DAPI,125,WATER_NPY1;WATER_NPY2;E8_FR6-4,WATER_NPY3;E7_FR7-5;E9_FR8-1,E7_FR7-1;E8_FR6-1;E8_FR6-3,2.74027985608,0.19807342628,0.0832079308773,0.133615610223,False,False,biological animal
double_occurrence,Ocurrencia espacial de núcleos dobles c-FOS y NPY positivos / núcleos DAPI,126,WATER_NPY1;WATER_NPY2;E8_FR6-4,WATER_NPY3;E7_FR7-5;E8_FR6-1,E7_FR7-1;E9_FR8-1;E8_FR6-3,0.410711565201,0.19807342628,0.176501711719,0.137496356749,False,False,biological animal
double_occurrence,Ocurrencia espacial de núcleos dobles c-FOS y NPY positivos / núcleos DAPI,127,WATER_NPY1;WATER_NPY2;E8_FR6-4,WATER_NPY3;E7_FR7-5;E8_FR6-3,E7_FR7-1;E9_FR8-1;E8_FR6-1,0.26169279404,0.19807342628,0.162237438588,0.152637389372,False,False,biological animal
double_occurrence,Ocurrencia espacial de núcleos dobles c-FOS y NPY positivos / núcleos DAPI,128,WATER_NPY1;WATER_NPY2;E8_FR6-4,WATER_NPY3;E9_FR8-1;E8_FR6-1,E7_FR7-1;E7_FR7-5;E8_FR6-3,0.804701123955,0.19807342628,0.185083308782,0.123004150611,False,False,biological animal
double_occurrence,Ocurrencia espacial de núcleos dobles c-FOS y NPY positivos / núcleos DAPI,129,WATER_NPY1;WATER_NPY2;E8_FR6-4,WATER_NPY3;E9_FR8-1;E8_FR6-3,E7_FR7-1;E7_FR7-5;E8_FR6-1,0.462725849852,0.19807342628,0.169855348373,0.138379859903,False,False,biological animal
double_occurrence,Ocurrencia espacial de núcleos dobles c-FOS y NPY positivos / núcleos DAPI,130,WATER_NPY1;WATER_NPY2;E8_FR6-4,WATER_NPY3;E8_FR6-1;E8_FR6-3,E7_FR7-1;E7_FR7-5;E9_FR8-1,4.37372081595,0.19807342628,0.198889589098,0.0484435865182,False,False,biological animal
double_occurrence,Ocurrencia espacial de núcleos dobles c-FOS y NPY positivos / núcleos DAPI,131,WATER_NPY1;WATER_NPY2;E8_FR6-4,E7_FR7-1;E7_FR7-5;E9_FR8-1,WATER_NPY3;E8_FR6-1;E8_FR6-3,4.37372081595,0.19807342628,0.0484435865182,0.198889589098,False,False,biological animal
double_occurrence,Ocurrencia espacial de núcleos dobles c-FOS y NPY positivos / núcleos DAPI,132,WATER_NPY1;WATER_NPY2;E8_FR6-4,E7_FR7-1;E7_FR7-5;E8_FR6-1,WATER_NPY3;E9_FR8-1;E8_FR6-3,0.462725849852,0.19807342628,0.138379859903,0.169855348373,False,False,biological animal
double_occurrence,Ocurrencia espacial de núcleos dobles c-FOS y NPY positivos / núcleos DAPI,133,WATER_NPY1;WATER_NPY2;E8_FR6-4,E7_FR7-1;E7_FR7-5;E8_FR6-3,WATER_NPY3;E9_FR8-1;E8_FR6-1,0.804701123955,0.19807342628,0.123004150611,0.185083308782,False,False,biological animal
double_occurrence,Ocurrencia espacial de núcleos dobles c-FOS y NPY positivos / núcleos DAPI,134,WATER_NPY1;WATER_NPY2;E8_FR6-4,E7_FR7-1;E9_FR8-1;E8_FR6-1,WATER_NPY3;E7_FR7-5;E8_FR6-3,0.26169279404,0.19807342628,0.152637389372,0.162237438588,False,False,biological animal
double_occurrence,Ocurrencia espacial de núcleos dobles c-FOS y NPY positivos / núcleos DAPI,135,WATER_NPY1;WATER_NPY2;E8_FR6-4,E7_FR7-1;E9_FR8-1;E8_FR6-3,WATER_NPY3;E7_FR7-5;E8_FR6-1,0.410711565201,0.19807342628,0.137496356749,0.176501711719,False,False,biological animal
double_occurrence,Ocurrencia espacial de núcleos dobles c-FOS y NPY positivos / núcleos DAPI,136,WATER_NPY1;WATER_NPY2;E8_FR6-4,E7_FR7-1;E8_FR6-1;E8_FR6-3,WATER_NPY3;E7_FR7-5;E9_FR8-1,2.74027985608,0.19807342628,0.133615610223,0.0832079308773,False,False,biological animal
double_occurrence,Ocurrencia espacial de núcleos dobles c-FOS y NPY positivos / núcleos DAPI,137,WATER_NPY1;WATER_NPY2;E8_FR6-4,E7_FR7-5;E9_FR8-1;E8_FR6-1,WATER_NPY3;E7_FR7-1;E8_FR6-3,0.254398818608,0.19807342628,0.155483249123,0.158283788493,False,False,biological animal
double_occurrence,Ocurrencia espacial de núcleos dobles c-FOS y NPY positivos / núcleos DAPI,138,WATER_NPY1;WATER_NPY2;E8_FR6-4,E7_FR7-5;E9_FR8-1;E8_FR6-3,WATER_NPY3;E7_FR7-1;E8_FR6-1,0.353432693288,0.19807342628,0.14113420508,0.173718769592,False,False,biological animal
double_occurrence,Ocurrencia espacial de núcleos dobles c-FOS y NPY positivos / núcleos DAPI,139,WATER_NPY1;WATER_NPY2;E8_FR6-4,E7_FR7-5;E8_FR6-1;E8_FR6-3,WATER_NPY3;E7_FR7-1;E9_FR8-1,3.73254907388,0.19807342628,0.12772716793,0.0663496420174,False,False,biological animal
double_occurrence,Ocurrencia espacial de núcleos dobles c-FOS y NPY positivos / núcleos DAPI,140,WATER_NPY1;WATER_NPY2;E8_FR6-4,E9_FR8-1;E8_FR6-1;E8_FR6-3,WATER_NPY3;E7_FR7-1;E7_FR7-5,2.64514685395,0.19807342628,0.15534424561,0.0783666756761,False,False,biological animal
double_occurrence,Ocurrencia espacial de núcleos dobles c-FOS y NPY positivos / núcleos DAPI,141,WATER_NPY1;WATER_NPY3;E7_FR7-1,WATER_NPY2;E7_FR7-5;E9_FR8-1,E8_FR6-1;E8_FR6-3;E8_FR6-4,6.25183403517,0.121180837263,0.110905650498,0.0449807635238,False,False,biological animal
double_occurrence,Ocurrencia espacial de núcleos dobles c-FOS y NPY positivos / núcleos DAPI,142,WATER_NPY1;WATER_NPY3;E7_FR7-1,WATER_NPY2;E7_FR7-5;E8_FR6-1,E9_FR8-1;E8_FR6-3;E8_FR6-4,0.706484912337,0.121180837263,0.188090026854,0.16219363963,False,False,biological animal
double_occurrence,Ocurrencia espacial de núcleos dobles c-FOS y NPY positivos / núcleos DAPI,143,WATER_NPY1;WATER_NPY3;E7_FR7-1,WATER_NPY2;E7_FR7-5;E8_FR6-3,E9_FR8-1;E8_FR6-1;E8_FR6-4,0.650862077246,0.121180837263,0.173496371672,0.170114361786,False,False,biological animal
double_occurrence,Ocurrencia espacial de núcleos dobles c-FOS y NPY positivos / núcleos DAPI,144,WATER_NPY1;WATER_NPY3;E7_FR7-1,WATER_NPY2;E7_FR7-5;E8_FR6-4,E9_FR8-1;E8_FR6-1;E8_FR6-3,1.06046919228,0.121180837263,0.198563040697,0.15534424561,False,False,biological animal
double_occurrence,Ocurrencia espacial de núcleos dobles c-FOS y NPY positivos / núcleos DAPI,145,WATER_NPY1;WATER_NPY3;E7_FR7-1,WATER_NPY2;E9_FR8-1;E8_FR6-1,E7_FR7-5;E8_FR6-3;E8_FR6-4,1.36831336459,0.121180837263,0.199556872872,0.135435925413,False,False,biological animal
double_occurrence,Ocurrencia espacial de núcleos dobles c-FOS y NPY positivos / núcleos DAPI,146,WATER_NPY1;WATER_NPY3;E7_FR7-1,WATER_NPY2;E9_FR8-1;E8_FR6-3,E7_FR7-5;E8_FR6-1;E8_FR6-4,0.996899033607,0.121180837263,0.183922314028,0.144009708277,False,False,biological animal
double_occurrence,Ocurrencia espacial de núcleos dobles c-FOS y NPY positivos / núcleos DAPI,147,WATER_NPY1;WATER_NPY3;E7_FR7-1,WATER_NPY2;E9_FR8-1;E8_FR6-4,E7_FR7-5;E8_FR6-1;E8_FR6-3,2.07619105399,0.121180837263,0.20831294713,0.12772716793,False,False,biological animal
double_occurrence,Ocurrencia espacial de núcleos dobles c-FOS y NPY positivos / núcleos DAPI,148,WATER_NPY1;WATER_NPY3;E7_FR7-1,WATER_NPY2;E8_FR6-1;E8_FR6-3,E7_FR7-5;E9_FR8-1;E8_FR6-4,1.00699916394,0.121180837263,0.198469505102,0.168590636599,False,False,biological animal
double_occurrence,Ocurrencia espacial de núcleos dobles c-FOS y NPY positivos / núcleos DAPI,149,WATER_NPY1;WATER_NPY3;E7_FR7-1,WATER_NPY2;E8_FR6-1;E8_FR6-4,E7_FR7-5;E9_FR8-1;E8_FR6-3,1.70452758492,0.121180837263,0.21288683107,0.14113420508,False,False,biological animal
double_occurrence,Ocurrencia espacial de núcleos dobles c-FOS y NPY positivos / núcleos DAPI,150,WATER_NPY1;WATER_NPY3;E7_FR7-1,WATER_NPY2;E8_FR6-3;E8_FR6-4,E7_FR7-5;E9_FR8-1;E8_FR6-1,1.12809863889,0.121180837263,0.202039578345,0.155483249123,False,False,biological animal
double_occurrence,Ocurrencia espacial de núcleos dobles c-FOS y NPY positivos / núcleos DAPI,151,WATER_NPY1;WATER_NPY3;E7_FR7-1,E7_FR7-5;E9_FR8-1;E8_FR6-1,WATER_NPY2;E8_FR6-3;E8_FR6-4,1.12809863889,0.121180837263,0.155483249123,0.202039578345,False,False,biological animal
double_occurrence,Ocurrencia espacial de núcleos dobles c-FOS y NPY positivos / núcleos DAPI,152,WATER_NPY1;WATER_NPY3;E7_FR7-1,E7_FR7-5;E9_FR8-1;E8_FR6-3,WATER_NPY2;E8_FR6-1;E8_FR6-4,1.70452758492,0.121180837263,0.14113420508,0.21288683107,False,False,biological animal
double_occurrence,Ocurrencia espacial de núcleos dobles c-FOS y NPY positivos / núcleos DAPI,153,WATER_NPY1;WATER_NPY3;E7_FR7-1,E7_FR7-5;E9_FR8-1;E8_FR6-4,WATER_NPY2;E8_FR6-1;E8_FR6-3,1.00699916394,0.121180837263,0.168590636599,0.198469505102,False,False,biological animal
double_occurrence,Ocurrencia espacial de núcleos dobles c-FOS y NPY positivos / núcleos DAPI,154,WATER_NPY1;WATER_NPY3;E7_FR7-1,E7_FR7-5;E8_FR6-1;E8_FR6-3,WATER_NPY2;E9_FR8-1;E8_FR6-4,2.07619105399,0.121180837263,0.12772716793,0.20831294713,False,False,biological animal
double_occurrence,Ocurrencia espacial de núcleos dobles c-FOS y NPY positivos / núcleos DAPI,155,WATER_NPY1;WATER_NPY3;E7_FR7-1,E7_FR7-5;E8_FR6-1;E8_FR6-4,WATER_NPY2;E9_FR8-1;E8_FR6-3,0.996899033607,0.121180837263,0.144009708277,0.183922314028,False,False,biological animal
double_occurrence,Ocurrencia espacial de núcleos dobles c-FOS y NPY positivos / núcleos DAPI,156,WATER_NPY1;WATER_NPY3;E7_FR7-1,E7_FR7-5;E8_FR6-3;E8_FR6-4,WATER_NPY2;E9_FR8-1;E8_FR6-1,1.36831336459,0.121180837263,0.135435925413,0.199556872872,False,False,biological animal
double_occurrence,Ocurrencia espacial de núcleos dobles c-FOS y NPY positivos / núcleos DAPI,157,WATER_NPY1;WATER_NPY3;E7_FR7-1,E9_FR8-1;E8_FR6-1;E8_FR6-3,WATER_NPY2;E7_FR7-5;E8_FR6-4,1.06046919228,0.121180837263,0.15534424561,0.198563040697,False,False,biological animal
double_occurrence,Ocurrencia espacial de núcleos dobles c-FOS y NPY positivos / núcleos DAPI,158,WATER_NPY1;WATER_NPY3;E7_FR7-1,E9_FR8-1;E8_FR6-1;E8_FR6-4,WATER_NPY2;E7_FR7-5;E8_FR6-3,0.650862077246,0.121180837263,0.170114361786,0.173496371672,False,False,biological animal
double_occurrence,Ocurrencia espacial de núcleos dobles c-FOS y NPY positivos / núcleos DAPI,159,WATER_NPY1;WATER_NPY3;E7_FR7-1,E9_FR8-1;E8_FR6-3;E8_FR6-4,WATER_NPY2;E7_FR7-5;E8_FR6-1,0.706484912337,0.121180837263,0.16219363963,0.188090026854,False,False,biological animal
double_occurrence,Ocurrencia espacial de núcleos dobles c-FOS y NPY positivos / núcleos DAPI,160,WATER_NPY1;WATER_NPY3;E7_FR7-1,E8_FR6-1;E8_FR6-3;E8_FR6-4,WATER_NPY2;E7_FR7-5;E9_FR8-1,6.25183403517,0.121180837263,0.0449807635238,0.110905650498,False,False,biological animal
double_occurrence,Ocurrencia espacial de núcleos dobles c-FOS y NPY positivos / núcleos DAPI,161,WATER_NPY1;WATER_NPY3;E7_FR7-5,WATER_NPY2;E7_FR7-1;E9_FR8-1,E8_FR6-1;E8_FR6-3;E8_FR6-4,5.2383106432,0.122422950752,0.0994011394723,0.0449807635238,False,False,biological animal
double_occurrence,Ocurrencia espacial de núcleos dobles c-FOS y NPY positivos / núcleos DAPI,162,WATER_NPY1;WATER_NPY3;E7_FR7-5,WATER_NPY2;E7_FR7-1;E8_FR6-1,E9_FR8-1;E8_FR6-3;E8_FR6-4,0.688940339905,0.122422950752,0.188274015115,0.16219363963,False,False,biological animal
double_occurrence,Ocurrencia espacial de núcleos dobles c-FOS y NPY positivos / núcleos DAPI,163,WATER_NPY1;WATER_NPY3;E7_FR7-5,WATER_NPY2;E7_FR7-1;E8_FR6-3,E9_FR8-1;E8_FR6-1;E8_FR6-4,0.617532227158,0.122422950752,0.173146250586,0.170114361786,False,False,biological animal
double_occurrence,Ocurrencia espacial de núcleos dobles c-FOS y NPY positivos / núcleos DAPI,164,WATER_NPY1;WATER_NPY3;E7_FR7-5,WATER_NPY2;E7_FR7-1;E8_FR6-4,E9_FR8-1;E8_FR6-1;E8_FR6-3,1.00667829362,0.122422950752,0.197966458753,0.15534424561,False,False,biological animal
double_occurrence,Ocurrencia espacial de núcleos dobles c-FOS y NPY positivos / núcleos DAPI,165,WATER_NPY1;WATER_NPY3;E7_FR7-5,WATER_NPY2;E9_FR8-1;E8_FR6-1,E7_FR7-1;E8_FR6-3;E8_FR6-4,1.27901523472,0.122422950752,0.199556872872,0.140781838726,False,False,biological animal
double_occurrence,Ocurrencia espacial de núcleos dobles c-FOS y NPY positivos / núcleos DAPI,166,WATER_NPY1;WATER_NPY3;E7_FR7-5,WATER_NPY2;E9_FR8-1;E8_FR6-3,E7_FR7-1;E8_FR6-1;E8_FR6-4,0.935157232221,0.122422950752,0.183922314028,0.149326862479,False,False,biological animal
double_occurrence,Ocurrencia espacial de núcleos dobles c-FOS y NPY positivos / núcleos DAPI,167,WATER_NPY1;WATER_NPY3;E7_FR7-5,WATER_NPY2;E9_FR8-1;E8_FR6-4,E7_FR7-1;E8_FR6-1;E8_FR6-3,1.89839117379,0.122422950752,0.20831294713,0.133615610223,False,False,biological animal
double_occurrence,Ocurrencia espacial de núcleos dobles c-FOS y NPY positivos / núcleos DAPI,168,WATER_NPY1;WATER_NPY3;E7_FR7-5,WATER_NPY2;E8_FR6-1;E8_FR6-3,E7_FR7-1;E9_FR8-1;E8_FR6-4,0.916472238982,0.122422950752,0.198469505102,0.165278911965,False,False,biological animal
double_occurrence,Ocurrencia espacial de núcleos dobles c-FOS y NPY positivos / núcleos DAPI,169,WATER_NPY1;WATER_NPY3;E7_FR7-5,WATER_NPY2;E8_FR6-1;E8_FR6-4,E7_FR7-1;E9_FR8-1;E8_FR6-3,1.63933957996,0.122422950752,0.21288683107,0.137496356749,False,False,biological animal
double_occurrence,Ocurrencia espacial de núcleos dobles c-FOS y NPY positivos / núcleos DAPI,170,WATER_NPY1;WATER_NPY3;E7_FR7-5,WATER_NPY2;E8_FR6-3;E8_FR6-4,E7_FR7-1;E9_FR8-1;E8_FR6-1,1.05678291543,0.122422950752,0.202039578345,0.152637389372,False,False,biological animal
double_occurrence,Ocurrencia espacial de núcleos dobles c-FOS y NPY positivos / núcleos DAPI,171,WATER_NPY1;WATER_NPY3;E7_FR7-5,E7_FR7-1;E9_FR8-1;E8_FR6-1,WATER_NPY2;E8_FR6-3;E8_FR6-4,1.05678291543,0.122422950752,0.152637389372,0.202039578345,False,False,biological animal
double_occurrence,Ocurrencia espacial de núcleos dobles c-FOS y NPY positivos / núcleos DAPI,172,WATER_NPY1;WATER_NPY3;E7_FR7-5,E7_FR7-1;E9_FR8-1;E8_FR6-3,WATER_NPY2;E8_FR6-1;E8_FR6-4,1.63933957996,0.122422950752,0.137496356749,0.21288683107,False,False,biological animal
double_occurrence,Ocurrencia espacial de núcleos dobles c-FOS y NPY positivos / núcleos DAPI,173,WATER_NPY1;WATER_NPY3;E7_FR7-5,E7_FR7-1;E9_FR8-1;E8_FR6-4,WATER_NPY2;E8_FR6-1;E8_FR6-3,0.916472238982,0.122422950752,0.165278911965,0.198469505102,False,False,biological animal
double_occurrence,Ocurrencia espacial de núcleos dobles c-FOS y NPY positivos / núcleos DAPI,174,WATER_NPY1;WATER_NPY3;E7_FR7-5,E7_FR7-1;E8_FR6-1;E8_FR6-3,WATER_NPY2;E9_FR8-1;E8_FR6-4,1.89839117379,0.122422950752,0.133615610223,0.20831294713,False,False,biological animal
double_occurrence,Ocurrencia espacial de núcleos dobles c-FOS y NPY positivos / núcleos DAPI,175,WATER_NPY1;WATER_NPY3;E7_FR7-5,E7_FR7-1;E8_FR6-1;E8_FR6-4,WATER_NPY2;E9_FR8-1;E8_FR6-3,0.935157232221,0.122422950752,0.149326862479,0.183922314028,False,False,biological animal
double_occurrence,Ocurrencia espacial de núcleos dobles c-FOS y NPY positivos / núcleos DAPI,176,WATER_NPY1;WATER_NPY3;E7_FR7-5,E7_FR7-1;E8_FR6-3;E8_FR6-4,WATER_NPY2;E9_FR8-1;E8_FR6-1,1.27901523472,0.122422950752,0.140781838726,0.199556872872,False,False,biological animal
double_occurrence,Ocurrencia espacial de núcleos dobles c-FOS y NPY positivos / núcleos DAPI,177,WATER_NPY1;WATER_NPY3;E7_FR7-5,E9_FR8-1;E8_FR6-1;E8_FR6-3,WATER_NPY2;E7_FR7-1;E8_FR6-4,1.00667829362,0.122422950752,0.15534424561,0.197966458753,False,False,biological animal
double_occurrence,Ocurrencia espacial de núcleos dobles c-FOS y NPY positivos / núcleos DAPI,178,WATER_NPY1;WATER_NPY3;E7_FR7-5,E9_FR8-1;E8_FR6-1;E8_FR6-4,WATER_NPY2;E7_FR7-1;E8_FR6-3,0.617532227158,0.122422950752,0.170114361786,0.173146250586,False,False,biological animal
double_occurrence,Ocurrencia espacial de núcleos dobles c-FOS y NPY positivos / núcleos DAPI,179,WATER_NPY1;WATER_NPY3;E7_FR7-5,E9_FR8-1;E8_FR6-3;E8_FR6-4,WATER_NPY2;E7_FR7-1;E8_FR6-1,0.688940339905,0.122422950752,0.16219363963,0.188274015115,False,False,biological animal
double_occurrence,Ocurrencia espacial de núcleos dobles c-FOS y NPY positivos / núcleos DAPI,180,WATER_NPY1;WATER_NPY3;E7_FR7-5,E8_FR6-1;E8_FR6-3;E8_FR6-4,WATER_NPY2;E7_FR7-1;E9_FR8-1,5.2383106432,0.122422950752,0.0449807635238,0.0994011394723,False,False,biological animal
double_occurrence,Ocurrencia espacial de núcleos dobles c-FOS y NPY positivos / núcleos DAPI,181,WATER_NPY1;WATER_NPY3;E9_FR8-1,WATER_NPY2;E7_FR7-1;E7_FR7-5,E8_FR6-1;E8_FR6-3;E8_FR6-4,4.50484060787,0.126353808086,0.102734475655,0.0449807635238,False,False,biological animal
double_occurrence,Ocurrencia espacial de núcleos dobles c-FOS y NPY positivos / núcleos DAPI,182,WATER_NPY1;WATER_NPY3;E9_FR8-1,WATER_NPY2;E7_FR7-1;E8_FR6-1,E7_FR7-5;E8_FR6-3;E8_FR6-4,0.749085880818,0.126353808086,0.188274015115,0.135435925413,False,False,biological animal
double_occurrence,Ocurrencia espacial de núcleos dobles c-FOS y NPY positivos / núcleos DAPI,183,WATER_NPY1;WATER_NPY3;E9_FR8-1,WATER_NPY2;E7_FR7-1;E8_FR6-3,E7_FR7-5;E8_FR6-1;E8_FR6-4,0.472033347485,0.126353808086,0.173146250586,0.144009708277,False,False,biological animal
double_occurrence,Ocurrencia espacial de núcleos dobles c-FOS y NPY positivos / núcleos DAPI,184,WATER_NPY1;WATER_NPY3;E9_FR8-1,WATER_NPY2;E7_FR7-1;E8_FR6-4,E7_FR7-5;E8_FR6-1;E8_FR6-3,1.29411170215,0.126353808086,0.197966458753,0.12772716793,False,False,biological animal
double_occurrence,Ocurrencia espacial de núcleos dobles c-FOS y NPY positivos / núcleos DAPI,185,WATER_NPY1;WATER_NPY3;E9_FR8-1,WATER_NPY2;E7_FR7-5;E8_FR6-1,E7_FR7-1;E8_FR6-3;E8_FR6-4,0.69385693336,0.126353808086,0.188090026854,0.140781838726,False,False,biological animal
double_occurrence,Ocurrencia espacial de núcleos dobles c-FOS y NPY positivos / núcleos DAPI,186,WATER_NPY1;WATER_NPY3;E9_FR8-1,WATER_NPY2;E7_FR7-5;E8_FR6-3,E7_FR7-1;E8_FR6-1;E8_FR6-4,0.465472922422,0.126353808086,0.173496371672,0.149326862479,False,False,biological animal
double_occurrence,Ocurrencia espacial de núcleos dobles c-FOS y NPY positivos / núcleos DAPI,187,WATER_NPY1;WATER_NPY3;E9_FR8-1,WATER_NPY2;E7_FR7-5;E8_FR6-4,E7_FR7-1;E8_FR6-1;E8_FR6-3,1.21279269907,0.126353808086,0.198563040697,0.133615610223,False,False,biological animal
double_occurrence,Ocurrencia espacial de núcleos dobles c-FOS y NPY positivos / núcleos DAPI,188,WATER_NPY1;WATER_NPY3;E9_FR8-1,WATER_NPY2;E8_FR6-1;E8_FR6-3,E7_FR7-1;E7_FR7-5;E8_FR6-4,0.89550079326,0.126353808086,0.198469505102,0.152185747168,False,False,biological animal
double_occurrence,Ocurrencia espacial de núcleos dobles c-FOS y NPY positivos / núcleos DAPI,189,WATER_NPY1;WATER_NPY3;E9_FR8-1,WATER_NPY2;E8_FR6-1;E8_FR6-4,E7_FR7-1;E7_FR7-5;E8_FR6-3,1.94216285823,0.126353808086,0.21288683107,0.123004150611,False,False,biological animal
double_occurrence,Ocurrencia espacial de núcleos dobles c-FOS y NPY positivos / núcleos DAPI,190,WATER_NPY1;WATER_NPY3;E9_FR8-1,WATER_NPY2;E8_FR6-3;E8_FR6-4,E7_FR7-1;E7_FR7-5;E8_FR6-1,1.15582984097,0.126353808086,0.202039578345,0.138379859903,False,False,biological animal
double_occurrence,Ocurrencia espacial de núcleos dobles c-FOS y NPY positivos / núcleos DAPI,191,WATER_NPY1;WATER_NPY3;E9_FR8-1,E7_FR7-1;E7_FR7-5;E8_FR6-1,WATER_NPY2;E8_FR6-3;E8_FR6-4,1.15582984097,0.126353808086,0.138379859903,0.202039578345,False,False,biological animal
double_occurrence,Ocurrencia espacial de núcleos dobles c-FOS y NPY positivos / núcleos DAPI,192,WATER_NPY1;WATER_NPY3;E9_FR8-1,E7_FR7-1;E7_FR7-5;E8_FR6-3,WATER_NPY2;E8_FR6-1;E8_FR6-4,1.94216285823,0.126353808086,0.123004150611,0.21288683107,False,False,biological animal
double_occurrence,Ocurrencia espacial de núcleos dobles c-FOS y NPY positivos / núcleos DAPI,193,WATER_NPY1;WATER_NPY3;E9_FR8-1,E7_FR7-1;E7_FR7-5;E8_FR6-4,WATER_NPY2;E8_FR6-1;E8_FR6-3,0.89550079326,0.126353808086,0.152185747168,0.198469505102,False,False,biological animal
double_occurrence,Ocurrencia espacial de núcleos dobles c-FOS y NPY positivos / núcleos DAPI,194,WATER_NPY1;WATER_NPY3;E9_FR8-1,E7_FR7-1;E8_FR6-1;E8_FR6-3,WATER_NPY2;E7_FR7-5;E8_FR6-4,1.21279269907,0.126353808086,0.133615610223,0.198563040697,False,False,biological animal
double_occurrence,Ocurrencia espacial de núcleos dobles c-FOS y NPY positivos / núcleos DAPI,195,WATER_NPY1;WATER_NPY3;E9_FR8-1,E7_FR7-1;E8_FR6-1;E8_FR6-4,WATER_NPY2;E7_FR7-5;E8_FR6-3,0.465472922422,0.126353808086,0.149326862479,0.173496371672,False,False,biological animal
double_occurrence,Ocurrencia espacial de núcleos dobles c-FOS y NPY positivos / núcleos DAPI,196,WATER_NPY1;WATER_NPY3;E9_FR8-1,E7_FR7-1;E8_FR6-3;E8_FR6-4,WATER_NPY2;E7_FR7-5;E8_FR6-1,0.69385693336,0.126353808086,0.140781838726,0.188090026854,False,False,biological animal
double_occurrence,Ocurrencia espacial de núcleos dobles c-FOS y NPY positivos / núcleos DAPI,197,WATER_NPY1;WATER_NPY3;E9_FR8-1,E7_FR7-5;E8_FR6-1;E8_FR6-3,WATER_NPY2;E7_FR7-1;E8_FR6-4,1.29411170215,0.126353808086,0.12772716793,0.197966458753,False,False,biological animal
double_occurrence,Ocurrencia espacial de núcleos dobles c-FOS y NPY positivos / núcleos DAPI,198,WATER_NPY1;WATER_NPY3;E9_FR8-1,E7_FR7-5;E8_FR6-1;E8_FR6-4,WATER_NPY2;E7_FR7-1;E8_FR6-3,0.472033347485,0.126353808086,0.144009708277,0.173146250586,False,False,biological animal
double_occurrence,Ocurrencia espacial de núcleos dobles c-FOS y NPY positivos / núcleos DAPI,199,WATER_NPY1;WATER_NPY3;E9_FR8-1,E7_FR7-5;E8_FR6-3;E8_FR6-4,WATER_NPY2;E7_FR7-1;E8_FR6-1,0.749085880818,0.126353808086,0.135435925413,0.188274015115,False,False,biological animal
double_occurrence,Ocurrencia espacial de núcleos dobles c-FOS y NPY positivos / núcleos DAPI,200,WATER_NPY1;WATER_NPY3;E9_FR8-1,E8_FR6-1;E8_FR6-3;E8_FR6-4,WATER_NPY2;E7_FR7-1;E7_FR7-5,4.50484060787,0.126353808086,0.0449807635238,0.102734475655,False,False,biological animal
double_occurrence,Ocurrencia espacial de núcleos dobles c-FOS y NPY positivos / núcleos DAPI,201,WATER_NPY1;WATER_NPY3;E8_FR6-1,WATER_NPY2;E7_FR7-1;E7_FR7-5,E9_FR8-1;E8_FR6-3;E8_FR6-4,2.12715087104,0.204459423806,0.102734475655,0.16219363963,False,False,biological animal
double_occurrence,Ocurrencia espacial de núcleos dobles c-FOS y NPY positivos / núcleos DAPI,202,WATER_NPY1;WATER_NPY3;E8_FR6-1,WATER_NPY2;E7_FR7-1;E9_FR8-1,E7_FR7-5;E8_FR6-3;E8_FR6-4,2.74832349698,0.204459423806,0.0994011394723,0.135435925413,False,False,biological animal
double_occurrence,Ocurrencia espacial de núcleos dobles c-FOS y NPY positivos / núcleos DAPI,203,WATER_NPY1;WATER_NPY3;E8_FR6-1,WATER_NPY2;E7_FR7-1;E8_FR6-3,E7_FR7-5;E9_FR8-1;E8_FR6-4,0.25004963125,0.204459423806,0.173146250586,0.168590636599,False,False,biological animal
double_occurrence,Ocurrencia espacial de núcleos dobles c-FOS y NPY positivos / núcleos DAPI,204,WATER_NPY1;WATER_NPY3;E8_FR6-1,WATER_NPY2;E7_FR7-1;E8_FR6-4,E7_FR7-5;E9_FR8-1;E8_FR6-3,0.787161447032,0.204459423806,0.197966458753,0.14113420508,False,False,biological animal
double_occurrence,Ocurrencia espacial de núcleos dobles c-FOS y NPY positivos / núcleos DAPI,205,WATER_NPY1;WATER_NPY3;E8_FR6-1,WATER_NPY2;E7_FR7-5;E9_FR8-1,E7_FR7-1;E8_FR6-3;E8_FR6-4,2.27385359132,0.204459423806,0.110905650498,0.140781838726,False,False,biological animal
double_occurrence,Ocurrencia espacial de núcleos dobles c-FOS y NPY positivos / núcleos DAPI,206,WATER_NPY1;WATER_NPY3;E8_FR6-1,WATER_NPY2;E7_FR7-5;E8_FR6-3,E7_FR7-1;E9_FR8-1;E8_FR6-4,0.26536168845,0.204459423806,0.173496371672,0.165278911965,False,False,biological animal
double_occurrence,Ocurrencia espacial de núcleos dobles c-FOS y NPY positivos / núcleos DAPI,207,WATER_NPY1;WATER_NPY3;E8_FR6-1,WATER_NPY2;E7_FR7-5;E8_FR6-4,E7_FR7-1;E9_FR8-1;E8_FR6-3,0.857439697547,0.204459423806,0.198563040697,0.137496356749,False,False,biological animal
double_occurrence,Ocurrencia espacial de núcleos dobles c-FOS y NPY positivos / núcleos DAPI,208,WATER_NPY1;WATER_NPY3;E8_FR6-1,WATER_NPY2;E9_FR8-1;E8_FR6-3,E7_FR7-1;E7_FR7-5;E8_FR6-4,0.51915839462,0.204459423806,0.183922314028,0.152185747168,False,False,biological animal
double_occurrence,Ocurrencia espacial de núcleos dobles c-FOS y NPY positivos / núcleos DAPI,209,WATER_NPY1;WATER_NPY3;E8_FR6-1,WATER_NPY2;E9_FR8-1;E8_FR6-4,E7_FR7-1;E7_FR7-5;E8_FR6-3,1.71671933311,0.204459423806,0.20831294713,0.123004150611,False,False,biological animal
double_occurrence,Ocurrencia espacial de núcleos dobles c-FOS y NPY positivos / núcleos DAPI,210,WATER_NPY1;WATER_NPY3;E8_FR6-1,WATER_NPY2;E8_FR6-3;E8_FR6-4,E7_FR7-1;E7_FR7-5;E9_FR8-1,5.53539720156,0.204459423806,0.202039578345,0.0484435865182,False,False,biological animal
double_occurrence,Ocurrencia espacial de núcleos dobles c-FOS y NPY positivos / núcleos DAPI,211,WATER_NPY1;WATER_NPY3;E8_FR6-1,E7_FR7-1;E7_FR7-5;E9_FR8-1,WATER_NPY2;E8_FR6-3;E8_FR6-4,5.53539720156,0.204459423806,0.0484435865182,0.202039578345,False,False,biological animal
double_occurrence,Ocurrencia espacial de núcleos dobles c-FOS y NPY positivos / núcleos DAPI,212,WATER_NPY1;WATER_NPY3;E8_FR6-1,E7_FR7-1;E7_FR7-5;E8_FR6-3,WATER_NPY2;E9_FR8-1;E8_FR6-4,1.71671933311,0.204459423806,0.123004150611,0.20831294713,False,False,biological animal
double_occurrence,Ocurrencia espacial de núcleos dobles c-FOS y NPY positivos / núcleos DAPI,213,WATER_NPY1;WATER_NPY3;E8_FR6-1,E7_FR7-1;E7_FR7-5;E8_FR6-4,WATER_NPY2;E9_FR8-1;E8_FR6-3,0.51915839462,0.204459423806,0.152185747168,0.183922314028,False,False,biological animal
double_occurrence,Ocurrencia espacial de núcleos dobles c-FOS y NPY positivos / núcleos DAPI,214,WATER_NPY1;WATER_NPY3;E8_FR6-1,E7_FR7-1;E9_FR8-1;E8_FR6-3,WATER_NPY2;E7_FR7-5;E8_FR6-4,0.857439697547,0.204459423806,0.137496356749,0.198563040697,False,False,biological animal
double_occurrence,Ocurrencia espacial de núcleos dobles c-FOS y NPY positivos / núcleos DAPI,215,WATER_NPY1;WATER_NPY3;E8_FR6-1,E7_FR7-1;E9_FR8-1;E8_FR6-4,WATER_NPY2;E7_FR7-5;E8_FR6-3,0.26536168845,0.204459423806,0.165278911965,0.173496371672,False,False,biological animal
double_occurrence,Ocurrencia espacial de núcleos dobles c-FOS y NPY positivos / núcleos DAPI,216,WATER_NPY1;WATER_NPY3;E8_FR6-1,E7_FR7-1;E8_FR6-3;E8_FR6-4,WATER_NPY2;E7_FR7-5;E9_FR8-1,2.27385359132,0.204459423806,0.140781838726,0.110905650498,False,False,biological animal
double_occurrence,Ocurrencia espacial de núcleos dobles c-FOS y NPY positivos / núcleos DAPI,217,WATER_NPY1;WATER_NPY3;E8_FR6-1,E7_FR7-5;E9_FR8-1;E8_FR6-3,WATER_NPY2;E7_FR7-1;E8_FR6-4,0.787161447032,0.204459423806,0.14113420508,0.197966458753,False,False,biological animal
double_occurrence,Ocurrencia espacial de núcleos dobles c-FOS y NPY positivos / núcleos DAPI,218,WATER_NPY1;WATER_NPY3;E8_FR6-1,E7_FR7-5;E9_FR8-1;E8_FR6-4,WATER_NPY2;E7_FR7-1;E8_FR6-3,0.25004963125,0.204459423806,0.168590636599,0.173146250586,False,False,biological animal
double_occurrence,Ocurrencia espacial de núcleos dobles c-FOS y NPY positivos / núcleos DAPI,219,WATER_NPY1;WATER_NPY3;E8_FR6-1,E7_FR7-5;E8_FR6-3;E8_FR6-4,WATER_NPY2;E7_FR7-1;E9_FR8-1,2.74832349698,0.204459423806,0.135435925413,0.0994011394723,False,False,biological animal
double_occurrence,Ocurrencia espacial de núcleos dobles c-FOS y NPY positivos / núcleos DAPI,220,WATER_NPY1;WATER_NPY3;E8_FR6-1,E9_FR8-1;E8_FR6-3;E8_FR6-4,WATER_NPY2;E7_FR7-1;E7_FR7-5,2.12715087104,0.204459423806,0.16219363963,0.102734475655,False,False,biological animal
double_occurrence,Ocurrencia espacial de núcleos dobles c-FOS y NPY positivos / núcleos DAPI,221,WATER_NPY1;WATER_NPY3;E8_FR6-3,WATER_NPY2;E7_FR7-1;E7_FR7-5,E9_FR8-1;E8_FR6-1;E8_FR6-4,1.79213906428,0.187316964493,0.102734475655,0.170114361786,False,False,biological animal
double_occurrence,Ocurrencia espacial de núcleos dobles c-FOS y NPY positivos / núcleos DAPI,222,WATER_NPY1;WATER_NPY3;E8_FR6-3,WATER_NPY2;E7_FR7-1;E9_FR8-1,E7_FR7-5;E8_FR6-1;E8_FR6-4,2.146871033,0.187316964493,0.0994011394723,0.144009708277,False,False,biological animal
double_occurrence,Ocurrencia espacial de núcleos dobles c-FOS y NPY positivos / núcleos DAPI,223,WATER_NPY1;WATER_NPY3;E8_FR6-3,WATER_NPY2;E7_FR7-1;E8_FR6-1,E7_FR7-5;E9_FR8-1;E8_FR6-4,0.0725501581276,0.187316964493,0.188274015115,0.168590636599,False,False,biological animal
double_occurrence,Ocurrencia espacial de núcleos dobles c-FOS y NPY positivos / núcleos DAPI,224,WATER_NPY1;WATER_NPY3;E8_FR6-3,WATER_NPY2;E7_FR7-1;E8_FR6-4,E7_FR7-5;E9_FR8-1;E8_FR6-1,0.314559168742,0.187316964493,0.197966458753,0.155483249123,False,False,biological animal
double_occurrence,Ocurrencia espacial de núcleos dobles c-FOS y NPY positivos / núcleos DAPI,225,WATER_NPY1;WATER_NPY3;E8_FR6-3,WATER_NPY2;E7_FR7-5;E9_FR8-1,E7_FR7-1;E8_FR6-1;E8_FR6-4,1.66540021624,0.187316964493,0.110905650498,0.149326862479,False,False,biological animal
double_occurrence,Ocurrencia espacial de núcleos dobles c-FOS y NPY positivos / núcleos DAPI,226,WATER_NPY1;WATER_NPY3;E8_FR6-3,WATER_NPY2;E7_FR7-5;E8_FR6-1,E7_FR7-1;E9_FR8-1;E8_FR6-4,0.0937133513974,0.187316964493,0.188090026854,0.165278911965,False,False,biological animal
double_occurrence,Ocurrencia espacial de núcleos dobles c-FOS y NPY positivos / núcleos DAPI,227,WATER_NPY1;WATER_NPY3;E8_FR6-3,WATER_NPY2;E7_FR7-5;E8_FR6-4,E7_FR7-1;E9_FR8-1;E8_FR6-1,0.354850023141,0.187316964493,0.198563040697,0.152637389372,False,False,biological animal
double_occurrence,Ocurrencia espacial de núcleos dobles c-FOS y NPY positivos / núcleos DAPI,228,WATER_NPY1;WATER_NPY3;E8_FR6-3,WATER_NPY2;E9_FR8-1;E8_FR6-1,E7_FR7-1;E7_FR7-5;E8_FR6-4,0.41379269597,0.187316964493,0.199556872872,0.152185747168,False,False,biological animal
double_occurrence,Ocurrencia espacial de núcleos dobles c-FOS y NPY positivos / núcleos DAPI,229,WATER_NPY1;WATER_NPY3;E8_FR6-3,WATER_NPY2;E9_FR8-1;E8_FR6-4,E7_FR7-1;E7_FR7-5;E8_FR6-1,0.945044782286,0.187316964493,0.20831294713,0.138379859903,False,False,biological animal
double_occurrence,Ocurrencia espacial de núcleos dobles c-FOS y NPY positivos / núcleos DAPI,230,WATER_NPY1;WATER_NPY3;E8_FR6-3,WATER_NPY2;E8_FR6-1;E8_FR6-4,E7_FR7-1;E7_FR7-5;E9_FR8-1,5.75976127733,0.187316964493,0.21288683107,0.0484435865182,False,False,biological animal
double_occurrence,Ocurrencia espacial de núcleos dobles c-FOS y NPY positivos / núcleos DAPI,231,WATER_NPY1;WATER_NPY3;E8_FR6-3,E7_FR7-1;E7_FR7-5;E9_FR8-1,WATER_NPY2;E8_FR6-1;E8_FR6-4,5.75976127733,0.187316964493,0.0484435865182,0.21288683107,False,False,biological animal
double_occurrence,Ocurrencia espacial de núcleos dobles c-FOS y NPY positivos / núcleos DAPI,232,WATER_NPY1;WATER_NPY3;E8_FR6-3,E7_FR7-1;E7_FR7-5;E8_FR6-1,WATER_NPY2;E9_FR8-1;E8_FR6-4,0.945044782286,0.187316964493,0.138379859903,0.20831294713,False,False,biological animal
double_occurrence,Ocurrencia espacial de núcleos dobles c-FOS y NPY positivos / núcleos DAPI,233,WATER_NPY1;WATER_NPY3;E8_FR6-3,E7_FR7-1;E7_FR7-5;E8_FR6-4,WATER_NPY2;E9_FR8-1;E8_FR6-1,0.41379269597,0.187316964493,0.152185747168,0.199556872872,False,False,biological animal
double_occurrence,Ocurrencia espacial de núcleos dobles c-FOS y NPY positivos / núcleos DAPI,234,WATER_NPY1;WATER_NPY3;E8_FR6-3,E7_FR7-1;E9_FR8-1;E8_FR6-1,WATER_NPY2;E7_FR7-5;E8_FR6-4,0.354850023141,0.187316964493,0.152637389372,0.198563040697,False,False,biological animal
double_occurrence,Ocurrencia espacial de núcleos dobles c-FOS y NPY positivos / núcleos DAPI,235,WATER_NPY1;WATER_NPY3;E8_FR6-3,E7_FR7-1;E9_FR8-1;E8_FR6-4,WATER_NPY2;E7_FR7-5;E8_FR6-1,0.0937133513974,0.187316964493,0.165278911965,0.188090026854,False,False,biological animal
double_occurrence,Ocurrencia espacial de núcleos dobles c-FOS y NPY positivos / núcleos DAPI,236,WATER_NPY1;WATER_NPY3;E8_FR6-3,E7_FR7-1;E8_FR6-1;E8_FR6-4,WATER_NPY2;E7_FR7-5;E9_FR8-1,1.66540021624,0.187316964493,0.149326862479,0.110905650498,False,False,biological animal
double_occurrence,Ocurrencia espacial de núcleos dobles c-FOS y NPY positivos / núcleos DAPI,237,WATER_NPY1;WATER_NPY3;E8_FR6-3,E7_FR7-5;E9_FR8-1;E8_FR6-1,WATER_NPY2;E7_FR7-1;E8_FR6-4,0.314559168742,0.187316964493,0.155483249123,0.197966458753,False,False,biological animal
double_occurrence,Ocurrencia espacial de núcleos dobles c-FOS y NPY positivos / núcleos DAPI,238,WATER_NPY1;WATER_NPY3;E8_FR6-3,E7_FR7-5;E9_FR8-1;E8_FR6-4,WATER_NPY2;E7_FR7-1;E8_FR6-1,0.0725501581276,0.187316964493,0.168590636599,0.188274015115,False,False,biological animal
double_occurrence,Ocurrencia espacial de núcleos dobles c-FOS y NPY positivos / núcleos DAPI,239,WATER_NPY1;WATER_NPY3;E8_FR6-3,E7_FR7-5;E8_FR6-1;E8_FR6-4,WATER_NPY2;E7_FR7-1;E9_FR8-1,2.146871033,0.187316964493,0.144009708277,0.0994011394723,False,False,biological animal
double_occurrence,Ocurrencia espacial de núcleos dobles c-FOS y NPY positivos / núcleos DAPI,240,WATER_NPY1;WATER_NPY3;E8_FR6-3,E9_FR8-1;E8_FR6-1;E8_FR6-4,WATER_NPY2;E7_FR7-1;E7_FR7-5,1.79213906428,0.187316964493,0.170114361786,0.102734475655,False,False,biological animal
double_occurrence,Ocurrencia espacial de núcleos dobles c-FOS y NPY positivos / núcleos DAPI,241,WATER_NPY1;WATER_NPY3;E8_FR6-4,WATER_NPY2;E7_FR7-1;E7_FR7-5,E9_FR8-1;E8_FR6-1;E8_FR6-3,2.44358281868,0.213148665063,0.102734475655,0.15534424561,False,False,biological animal
double_occurrence,Ocurrencia espacial de núcleos dobles c-FOS y NPY positivos / núcleos DAPI,242,WATER_NPY1;WATER_NPY3;E8_FR6-4,WATER_NPY2;E7_FR7-1;E9_FR8-1,E7_FR7-5;E8_FR6-1;E8_FR6-3,3.39706077149,0.213148665063,0.0994011394723,0.12772716793,False,False,biological animal
double_occurrence,Ocurrencia espacial de núcleos dobles c-FOS y NPY positivos / núcleos DAPI,243,WATER_NPY1;WATER_NPY3;E8_FR6-4,WATER_NPY2;E7_FR7-1;E8_FR6-1,E7_FR7-5;E9_FR8-1;E8_FR6-3,0.771752302502,0.213148665063,0.188274015115,0.14113420508,False,False,biological animal
double_occurrence,Ocurrencia espacial de núcleos dobles c-FOS y NPY positivos / núcleos DAPI,244,WATER_NPY1;WATER_NPY3;E8_FR6-4,WATER_NPY2;E7_FR7-1;E8_FR6-3,E7_FR7-5;E9_FR8-1;E8_FR6-1,0.555244634834,0.213148665063,0.173146250586,0.155483249123,False,False,biological animal
double_occurrence,Ocurrencia espacial de núcleos dobles c-FOS y NPY positivos / núcleos DAPI,245,WATER_NPY1;WATER_NPY3;E8_FR6-4,WATER_NPY2;E7_FR7-5;E9_FR8-1,E7_FR7-1;E8_FR6-1;E8_FR6-3,2.8314179463,0.213148665063,0.110905650498,0.133615610223,False,False,biological animal
double_occurrence,Ocurrencia espacial de núcleos dobles c-FOS y NPY positivos / núcleos DAPI,246,WATER_NPY1;WATER_NPY3;E8_FR6-4,WATER_NPY2;E7_FR7-5;E8_FR6-1,E7_FR7-1;E9_FR8-1;E8_FR6-3,0.817493100948,0.213148665063,0.188090026854,0.137496356749,False,False,biological animal
double_occurrence,Ocurrencia espacial de núcleos dobles c-FOS y NPY positivos / núcleos DAPI,247,WATER_NPY1;WATER_NPY3;E8_FR6-4,WATER_NPY2;E7_FR7-5;E8_FR6-3,E7_FR7-1;E9_FR8-1;E8_FR6-1,0.573710693535,0.213148665063,0.173496371672,0.152637389372,False,False,biological animal
double_occurrence,Ocurrencia espacial de núcleos dobles c-FOS y NPY positivos / núcleos DAPI,248,WATER_NPY1;WATER_NPY3;E8_FR6-4,WATER_NPY2;E9_FR8-1;E8_FR6-1,E7_FR7-1;E7_FR7-5;E8_FR6-3,1.58848237928,0.213148665063,0.199556872872,0.123004150611,False,False,biological animal
double_occurrence,Ocurrencia espacial de núcleos dobles c-FOS y NPY positivos / núcleos DAPI,249,WATER_NPY1;WATER_NPY3;E8_FR6-4,WATER_NPY2;E9_FR8-1;E8_FR6-3,E7_FR7-1;E7_FR7-5;E8_FR6-1,1.03481488917,0.213148665063,0.183922314028,0.138379859903,False,False,biological animal
double_occurrence,Ocurrencia espacial de núcleos dobles c-FOS y NPY positivos / núcleos DAPI,250,WATER_NPY1;WATER_NPY3;E8_FR6-4,WATER_NPY2;E8_FR6-1;E8_FR6-3,E7_FR7-1;E7_FR7-5;E9_FR8-1,5.39860235918,0.213148665063,0.198469505102,0.0484435865182,False,False,biological animal
double_occurrence,Ocurrencia espacial de núcleos dobles c-FOS y NPY positivos / núcleos DAPI,251,WATER_NPY1;WATER_NPY3;E8_FR6-4,E7_FR7-1;E7_FR7-5;E9_FR8-1,WATER_NPY2;E8_FR6-1;E8_FR6-3,5.39860235918,0.213148665063,0.0484435865182,0.198469505102,False,False,biological animal
double_occurrence,Ocurrencia espacial de núcleos dobles c-FOS y NPY positivos / núcleos DAPI,252,WATER_NPY1;WATER_NPY3;E8_FR6-4,E7_FR7-1;E7_FR7-5;E8_FR6-1,WATER_NPY2;E9_FR8-1;E8_FR6-3,1.03481488917,0.213148665063,0.138379859903,0.183922314028,False,False,biological animal
double_occurrence,Ocurrencia espacial de núcleos dobles c-FOS y NPY positivos / núcleos DAPI,253,WATER_NPY1;WATER_NPY3;E8_FR6-4,E7_FR7-1;E7_FR7-5;E8_FR6-3,WATER_NPY2;E9_FR8-1;E8_FR6-1,1.58848237928,0.213148665063,0.123004150611,0.199556872872,False,False,biological animal
double_occurrence,Ocurrencia espacial de núcleos dobles c-FOS y NPY positivos / núcleos DAPI,254,WATER_NPY1;WATER_NPY3;E8_FR6-4,E7_FR7-1;E9_FR8-1;E8_FR6-1,WATER_NPY2;E7_FR7-5;E8_FR6-3,0.573710693535,0.213148665063,0.152637389372,0.173496371672,False,False,biological animal
double_occurrence,Ocurrencia espacial de núcleos dobles c-FOS y NPY positivos / núcleos DAPI,255,WATER_NPY1;WATER_NPY3;E8_FR6-4,E7_FR7-1;E9_FR8-1;E8_FR6-3,WATER_NPY2;E7_FR7-5;E8_FR6-1,0.817493100948,0.213148665063,0.137496356749,0.188090026854,False,False,biological animal
double_occurrence,Ocurrencia espacial de núcleos dobles c-FOS y NPY positivos / núcleos DAPI,256,WATER_NPY1;WATER_NPY3;E8_FR6-4,E7_FR7-1;E8_FR6-1;E8_FR6-3,WATER_NPY2;E7_FR7-5;E9_FR8-1,2.8314179463,0.213148665063,0.133615610223,0.110905650498,False,False,biological animal
double_occurrence,Ocurrencia espacial de núcleos dobles c-FOS y NPY positivos / núcleos DAPI,257,WATER_NPY1;WATER_NPY3;E8_FR6-4,E7_FR7-5;E9_FR8-1;E8_FR6-1,WATER_NPY2;E7_FR7-1;E8_FR6-3,0.555244634834,0.213148665063,0.155483249123,0.173146250586,False,False,biological animal
double_occurrence,Ocurrencia espacial de núcleos dobles c-FOS y NPY positivos / núcleos DAPI,258,WATER_NPY1;WATER_NPY3;E8_FR6-4,E7_FR7-5;E9_FR8-1;E8_FR6-3,WATER_NPY2;E7_FR7-1;E8_FR6-1,0.771752302502,0.213148665063,0.14113420508,0.188274015115,False,False,biological animal
double_occurrence,Ocurrencia espacial de núcleos dobles c-FOS y NPY positivos / núcleos DAPI,259,WATER_NPY1;WATER_NPY3;E8_FR6-4,E7_FR7-5;E8_FR6-1;E8_FR6-3,WATER_NPY2;E7_FR7-1;E9_FR8-1,3.39706077149,0.213148665063,0.12772716793,0.0994011394723,False,False,biological animal
double_occurrence,Ocurrencia espacial de núcleos dobles c-FOS y NPY positivos / núcleos DAPI,260,WATER_NPY1;WATER_NPY3;E8_FR6-4,E9_FR8-1;E8_FR6-1;E8_FR6-3,WATER_NPY2;E7_FR7-1;E7_FR7-5,2.44358281868,0.213148665063,0.15534424561,0.102734475655,False,False,biological animal
double_occurrence,Ocurrencia espacial de núcleos dobles c-FOS y NPY positivos / núcleos DAPI,261,WATER_NPY1;E7_FR7-1;E7_FR7-5,WATER_NPY2;WATER_NPY3;E9_FR8-1,E8_FR6-1;E8_FR6-3;E8_FR6-4,3.25621466545,0.0865898893859,0.0949265387532,0.0449807635238,False,False,biological animal
double_occurrence,Ocurrencia espacial de núcleos dobles c-FOS y NPY positivos / núcleos DAPI,262,WATER_NPY1;E7_FR7-1;E7_FR7-5,WATER_NPY2;WATER_NPY3;E8_FR6-1,E9_FR8-1;E8_FR6-3;E8_FR6-4,3.2427221875,0.0865898893859,0.218553257758,0.16219363963,False,False,biological animal
double_occurrence,Ocurrencia espacial de núcleos dobles c-FOS y NPY positivos / núcleos DAPI,263,WATER_NPY1;E7_FR7-1;E7_FR7-5,WATER_NPY2;WATER_NPY3;E8_FR6-3,E9_FR8-1;E8_FR6-1;E8_FR6-4,2.99375543136,0.0865898893859,0.200661491111,0.170114361786,False,False,biological animal
double_occurrence,Ocurrencia espacial de núcleos dobles c-FOS y NPY positivos / núcleos DAPI,264,WATER_NPY1;E7_FR7-1;E7_FR7-5,WATER_NPY2;WATER_NPY3;E8_FR6-4,E9_FR8-1;E8_FR6-1;E8_FR6-3,3.67600652982,0.0865898893859,0.226478873395,0.15534424561,False,False,biological animal
double_occurrence,Ocurrencia espacial de núcleos dobles c-FOS y NPY positivos / núcleos DAPI,265,WATER_NPY1;E7_FR7-1;E7_FR7-5,WATER_NPY2;E9_FR8-1;E8_FR6-1,WATER_NPY3;E8_FR6-3;E8_FR6-4,2.61269096136,0.0865898893859,0.199556872872,0.205298255629,False,False,biological animal
double_occurrence,Ocurrencia espacial de núcleos dobles c-FOS y NPY positivos / núcleos DAPI,266,WATER_NPY1;E7_FR7-1;E7_FR7-5,WATER_NPY2;E9_FR8-1;E8_FR6-3,WATER_NPY3;E8_FR6-1;E8_FR6-4,3.01668118998,0.0865898893859,0.183922314028,0.214423236895,False,False,biological animal
double_occurrence,Ocurrencia espacial de núcleos dobles c-FOS y NPY positivos / núcleos DAPI,267,WATER_NPY1;E7_FR7-1;E7_FR7-5,WATER_NPY2;E9_FR8-1;E8_FR6-4,WATER_NPY3;E8_FR6-1;E8_FR6-3,2.89484588943,0.0865898893859,0.20831294713,0.198889589098,False,False,biological animal
double_occurrence,Ocurrencia espacial de núcleos dobles c-FOS y NPY positivos / núcleos DAPI,268,WATER_NPY1;E7_FR7-1;E7_FR7-5,WATER_NPY2;E8_FR6-1;E8_FR6-3,WATER_NPY3;E9_FR8-1;E8_FR6-4,2.0336997767,0.0865898893859,0.198469505102,0.19720973801,False,False,biological animal
double_occurrence,Ocurrencia espacial de núcleos dobles c-FOS y NPY positivos / núcleos DAPI,269,WATER_NPY1;E7_FR7-1;E7_FR7-5,WATER_NPY2;E8_FR6-1;E8_FR6-4,WATER_NPY3;E9_FR8-1;E8_FR6-3,2.29994430239,0.0865898893859,0.21288683107,0.169855348373,False,False,biological animal
double_occurrence,Ocurrencia espacial de núcleos dobles c-FOS y NPY positivos / núcleos DAPI,270,WATER_NPY1;E7_FR7-1;E7_FR7-5,WATER_NPY2;E8_FR6-3;E8_FR6-4,WATER_NPY3;E9_FR8-1;E8_FR6-1,1.98263222746,0.0865898893859,0.202039578345,0.185083308782,False,False,biological animal
double_occurrence,Ocurrencia espacial de núcleos dobles c-FOS y NPY positivos / núcleos DAPI,271,WATER_NPY1;E7_FR7-1;E7_FR7-5,WATER_NPY3;E9_FR8-1;E8_FR6-1,WATER_NPY2;E8_FR6-3;E8_FR6-4,1.98263222746,0.0865898893859,0.185083308782,0.202039578345,False,False,biological animal
double_occurrence,Ocurrencia espacial de núcleos dobles c-FOS y NPY positivos / núcleos DAPI,272,WATER_NPY1;E7_FR7-1;E7_FR7-5,WATER_NPY3;E9_FR8-1;E8_FR6-3,WATER_NPY2;E8_FR6-1;E8_FR6-4,2.29994430239,0.0865898893859,0.169855348373,0.21288683107,False,False,biological animal
double_occurrence,Ocurrencia espacial de núcleos dobles c-FOS y NPY positivos / núcleos DAPI,273,WATER_NPY1;E7_FR7-1;E7_FR7-5,WATER_NPY3;E9_FR8-1;E8_FR6-4,WATER_NPY2;E8_FR6-1;E8_FR6-3,2.0336997767,0.0865898893859,0.19720973801,0.198469505102,False,False,biological animal
double_occurrence,Ocurrencia espacial de núcleos dobles c-FOS y NPY positivos / núcleos DAPI,274,WATER_NPY1;E7_FR7-1;E7_FR7-5,WATER_NPY3;E8_FR6-1;E8_FR6-3,WATER_NPY2;E9_FR8-1;E8_FR6-4,2.89484588943,0.0865898893859,0.198889589098,0.20831294713,False,False,biological animal
double_occurrence,Ocurrencia espacial de núcleos dobles c-FOS y NPY positivos / núcleos DAPI,275,WATER_NPY1;E7_FR7-1;E7_FR7-5,WATER_NPY3;E8_FR6-1;E8_FR6-4,WATER_NPY2;E9_FR8-1;E8_FR6-3,3.01668118998,0.0865898893859,0.214423236895,0.183922314028,False,False,biological animal
double_occurrence,Ocurrencia espacial de núcleos dobles c-FOS y NPY positivos / núcleos DAPI,276,WATER_NPY1;E7_FR7-1;E7_FR7-5,WATER_NPY3;E8_FR6-3;E8_FR6-4,WATER_NPY2;E9_FR8-1;E8_FR6-1,2.61269096136,0.0865898893859,0.205298255629,0.199556872872,False,False,biological animal
double_occurrence,Ocurrencia espacial de núcleos dobles c-FOS y NPY positivos / núcleos DAPI,277,WATER_NPY1;E7_FR7-1;E7_FR7-5,E9_FR8-1;E8_FR6-1;E8_FR6-3,WATER_NPY2;WATER_NPY3;E8_FR6-4,3.67600652982,0.0865898893859,0.15534424561,0.226478873395,False,False,biological animal
double_occurrence,Ocurrencia espacial de núcleos dobles c-FOS y NPY positivos / núcleos DAPI,278,WATER_NPY1;E7_FR7-1;E7_FR7-5,E9_FR8-1;E8_FR6-1;E8_FR6-4,WATER_NPY2;WATER_NPY3;E8_FR6-3,2.99375543136,0.0865898893859,0.170114361786,0.200661491111,False,False,biological animal
double_occurrence,Ocurrencia espacial de núcleos dobles c-FOS y NPY positivos / núcleos DAPI,279,WATER_NPY1;E7_FR7-1;E7_FR7-5,E9_FR8-1;E8_FR6-3;E8_FR6-4,WATER_NPY2;WATER_NPY3;E8_FR6-1,3.2427221875,0.0865898893859,0.16219363963,0.218553257758,False,False,biological animal
double_occurrence,Ocurrencia espacial de núcleos dobles c-FOS y NPY positivos / núcleos DAPI,280,WATER_NPY1;E7_FR7-1;E7_FR7-5,E8_FR6-1;E8_FR6-3;E8_FR6-4,WATER_NPY2;WATER_NPY3;E9_FR8-1,3.25621466545,0.0865898893859,0.0449807635238,0.0949265387532,False,False,biological animal
double_occurrence,Ocurrencia espacial de núcleos dobles c-FOS y NPY positivos / núcleos DAPI,281,WATER_NPY1;E7_FR7-1;E9_FR8-1,WATER_NPY2;WATER_NPY3;E7_FR7-5,E8_FR6-1;E8_FR6-3;E8_FR6-4,4.94168113255,0.104490056246,0.114141409545,0.0449807635238,False,False,biological animal
double_occurrence,Ocurrencia espacial de núcleos dobles c-FOS y NPY positivos / núcleos DAPI,282,WATER_NPY1;E7_FR7-1;E9_FR8-1,WATER_NPY2;WATER_NPY3;E8_FR6-1,E7_FR7-5;E8_FR6-3;E8_FR6-4,2.65202680602,0.104490056246,0.218553257758,0.135435925413,False,False,biological animal
double_occurrence,Ocurrencia espacial de núcleos dobles c-FOS y NPY positivos / núcleos DAPI,283,WATER_NPY1;E7_FR7-1;E9_FR8-1,WATER_NPY2;WATER_NPY3;E8_FR6-3,E7_FR7-5;E8_FR6-1;E8_FR6-4,2.1233881592,0.104490056246,0.200661491111,0.144009708277,False,False,biological animal
double_occurrence,Ocurrencia espacial de núcleos dobles c-FOS y NPY positivos / núcleos DAPI,284,WATER_NPY1;E7_FR7-1;E9_FR8-1,WATER_NPY2;WATER_NPY3;E8_FR6-4,E7_FR7-5;E8_FR6-1;E8_FR6-3,3.31504435912,0.104490056246,0.226478873395,0.12772716793,False,False,biological animal
double_occurrence,Ocurrencia espacial de núcleos dobles c-FOS y NPY positivos / núcleos DAPI,285,WATER_NPY1;E7_FR7-1;E9_FR8-1,WATER_NPY2;E7_FR7-5;E8_FR6-1,WATER_NPY3;E8_FR6-3;E8_FR6-4,1.44500397665,0.104490056246,0.188090026854,0.205298255629,False,False,biological animal
double_occurrence,Ocurrencia espacial de núcleos dobles c-FOS y NPY positivos / núcleos DAPI,286,WATER_NPY1;E7_FR7-1;E9_FR8-1,WATER_NPY2;E7_FR7-5;E8_FR6-3,WATER_NPY3;E8_FR6-1;E8_FR6-4,1.79615150579,0.104490056246,0.173496371672,0.214423236895,False,False,biological animal
double_occurrence,Ocurrencia espacial de núcleos dobles c-FOS y NPY positivos / núcleos DAPI,287,WATER_NPY1;E7_FR7-1;E9_FR8-1,WATER_NPY2;E7_FR7-5;E8_FR6-4,WATER_NPY3;E8_FR6-1;E8_FR6-3,1.64206175813,0.104490056246,0.198563040697,0.198889589098,False,False,biological animal
double_occurrence,Ocurrencia espacial de núcleos dobles c-FOS y NPY positivos / núcleos DAPI,288,WATER_NPY1;E7_FR7-1;E9_FR8-1,WATER_NPY2;E8_FR6-1;E8_FR6-3,WATER_NPY3;E7_FR7-5;E8_FR6-4,1.20685124772,0.104490056246,0.198469505102,0.190009576628,False,False,biological animal
double_occurrence,Ocurrencia espacial de núcleos dobles c-FOS y NPY positivos / núcleos DAPI,289,WATER_NPY1;E7_FR7-1;E9_FR8-1,WATER_NPY2;E8_FR6-1;E8_FR6-4,WATER_NPY3;E7_FR7-5;E8_FR6-3,1.45413393955,0.104490056246,0.21288683107,0.162237438588,False,False,biological animal
double_occurrence,Ocurrencia espacial de núcleos dobles c-FOS y NPY positivos / núcleos DAPI,290,WATER_NPY1;E7_FR7-1;E9_FR8-1,WATER_NPY2;E8_FR6-3;E8_FR6-4,WATER_NPY3;E7_FR7-5;E8_FR6-1,1.15136250207,0.104490056246,0.202039578345,0.176501711719,False,False,biological animal
double_occurrence,Ocurrencia espacial de núcleos dobles c-FOS y NPY positivos / núcleos DAPI,291,WATER_NPY1;E7_FR7-1;E9_FR8-1,WATER_NPY3;E7_FR7-5;E8_FR6-1,WATER_NPY2;E8_FR6-3;E8_FR6-4,1.15136250207,0.104490056246,0.176501711719,0.202039578345,False,False,biological animal
double_occurrence,Ocurrencia espacial de núcleos dobles c-FOS y NPY positivos / núcleos DAPI,292,WATER_NPY1;E7_FR7-1;E9_FR8-1,WATER_NPY3;E7_FR7-5;E8_FR6-3,WATER_NPY2;E8_FR6-1;E8_FR6-4,1.45413393955,0.104490056246,0.162237438588,0.21288683107,False,False,biological animal
double_occurrence,Ocurrencia espacial de núcleos dobles c-FOS y NPY positivos / núcleos DAPI,293,WATER_NPY1;E7_FR7-1;E9_FR8-1,WATER_NPY3;E7_FR7-5;E8_FR6-4,WATER_NPY2;E8_FR6-1;E8_FR6-3,1.20685124772,0.104490056246,0.190009576628,0.198469505102,False,False,biological animal
double_occurrence,Ocurrencia espacial de núcleos dobles c-FOS y NPY positivos / núcleos DAPI,294,WATER_NPY1;E7_FR7-1;E9_FR8-1,WATER_NPY3;E8_FR6-1;E8_FR6-3,WATER_NPY2;E7_FR7-5;E8_FR6-4,1.64206175813,0.104490056246,0.198889589098,0.198563040697,False,False,biological animal
double_occurrence,Ocurrencia espacial de núcleos dobles c-FOS y NPY positivos / núcleos DAPI,295,WATER_NPY1;E7_FR7-1;E9_FR8-1,WATER_NPY3;E8_FR6-1;E8_FR6-4,WATER_NPY2;E7_FR7-5;E8_FR6-3,1.79615150579,0.104490056246,0.214423236895,0.173496371672,False,False,biological animal
double_occurrence,Ocurrencia espacial de núcleos dobles c-FOS y NPY positivos / núcleos DAPI,296,WATER_NPY1;E7_FR7-1;E9_FR8-1,WATER_NPY3;E8_FR6-3;E8_FR6-4,WATER_NPY2;E7_FR7-5;E8_FR6-1,1.44500397665,0.104490056246,0.205298255629,0.188090026854,False,False,biological animal
double_occurrence,Ocurrencia espacial de núcleos dobles c-FOS y NPY positivos / núcleos DAPI,297,WATER_NPY1;E7_FR7-1;E9_FR8-1,E7_FR7-5;E8_FR6-1;E8_FR6-3,WATER_NPY2;WATER_NPY3;E8_FR6-4,3.31504435912,0.104490056246,0.12772716793,0.226478873395,False,False,biological animal
double_occurrence,Ocurrencia espacial de núcleos dobles c-FOS y NPY positivos / núcleos DAPI,298,WATER_NPY1;E7_FR7-1;E9_FR8-1,E7_FR7-5;E8_FR6-1;E8_FR6-4,WATER_NPY2;WATER_NPY3;E8_FR6-3,2.1233881592,0.104490056246,0.144009708277,0.200661491111,False,False,biological animal
double_occurrence,Ocurrencia espacial de núcleos dobles c-FOS y NPY positivos / núcleos DAPI,299,WATER_NPY1;E7_FR7-1;E9_FR8-1,E7_FR7-5;E8_FR6-3;E8_FR6-4,WATER_NPY2;WATER_NPY3;E8_FR6-1,2.65202680602,0.104490056246,0.135435925413,0.218553257758,False,False,biological animal
double_occurrence,Ocurrencia espacial de núcleos dobles c-FOS y NPY positivos / núcleos DAPI,300,WATER_NPY1;E7_FR7-1;E9_FR8-1,E8_FR6-1;E8_FR6-3;E8_FR6-4,WATER_NPY2;WATER_NPY3;E7_FR7-5,4.94168113255,0.104490056246,0.0449807635238,0.114141409545,False,False,biological animal
double_occurrence,Ocurrencia espacial de núcleos dobles c-FOS y NPY positivos / núcleos DAPI,301,WATER_NPY1;E7_FR7-1;E8_FR6-1,WATER_NPY2;WATER_NPY3;E7_FR7-5,E9_FR8-1;E8_FR6-3;E8_FR6-4,1.02672686343,0.163314876386,0.114141409545,0.16219363963,False,False,biological animal
double_occurrence,Ocurrencia espacial de núcleos dobles c-FOS y NPY positivos / núcleos DAPI,302,WATER_NPY1;E7_FR7-1;E8_FR6-1,WATER_NPY2;WATER_NPY3;E9_FR8-1,E7_FR7-5;E8_FR6-3;E8_FR6-4,1.78255953252,0.163314876386,0.0949265387532,0.135435925413,False,False,biological animal
double_occurrence,Ocurrencia espacial de núcleos dobles c-FOS y NPY positivos / núcleos DAPI,303,WATER_NPY1;E7_FR7-1;E8_FR6-1,WATER_NPY2;WATER_NPY3;E8_FR6-3,E7_FR7-5;E9_FR8-1;E8_FR6-4,0.375694465512,0.163314876386,0.200661491111,0.168590636599,False,False,biological animal
double_occurrence,Ocurrencia espacial de núcleos dobles c-FOS y NPY positivos / núcleos DAPI,304,WATER_NPY1;E7_FR7-1;E8_FR6-1,WATER_NPY2;WATER_NPY3;E8_FR6-4,E7_FR7-5;E9_FR8-1;E8_FR6-3,1.6959015594,0.163314876386,0.226478873395,0.14113420508,False,False,biological animal
double_occurrence,Ocurrencia espacial de núcleos dobles c-FOS y NPY positivos / núcleos DAPI,305,WATER_NPY1;E7_FR7-1;E8_FR6-1,WATER_NPY2;E7_FR7-5;E9_FR8-1,WATER_NPY3;E8_FR6-3;E8_FR6-4,1.93083048359,0.163314876386,0.110905650498,0.205298255629,False,False,biological animal
double_occurrence,Ocurrencia espacial de núcleos dobles c-FOS y NPY positivos / núcleos DAPI,306,WATER_NPY1;E7_FR7-1;E8_FR6-1,WATER_NPY2;E7_FR7-5;E8_FR6-3,WATER_NPY3;E9_FR8-1;E8_FR6-4,0.171870943085,0.163314876386,0.173496371672,0.19720973801,False,False,biological animal
double_occurrence,Ocurrencia espacial de núcleos dobles c-FOS y NPY positivos / núcleos DAPI,307,WATER_NPY1;E7_FR7-1;E8_FR6-1,WATER_NPY2;E7_FR7-5;E8_FR6-4,WATER_NPY3;E9_FR8-1;E8_FR6-3,0.210363174797,0.163314876386,0.198563040697,0.169855348373,False,False,biological animal
double_occurrence,Ocurrencia espacial de núcleos dobles c-FOS y NPY positivos / núcleos DAPI,308,WATER_NPY1;E7_FR7-1;E8_FR6-1,WATER_NPY2;E9_FR8-1;E8_FR6-3,WATER_NPY3;E7_FR7-5;E8_FR6-4,0.113154292681,0.163314876386,0.183922314028,0.190009576628,False,False,biological animal
double_occurrence,Ocurrencia espacial de núcleos dobles c-FOS y NPY positivos / núcleos DAPI,309,WATER_NPY1;E7_FR7-1;E8_FR6-1,WATER_NPY2;E9_FR8-1;E8_FR6-4,WATER_NPY3;E7_FR7-5;E8_FR6-3,0.410826373472,0.163314876386,0.20831294713,0.162237438588,False,False,biological animal
double_occurrence,Ocurrencia espacial de núcleos dobles c-FOS y NPY positivos / núcleos DAPI,310,WATER_NPY1;E7_FR7-1;E8_FR6-1,WATER_NPY2;E8_FR6-3;E8_FR6-4,WATER_NPY3;E7_FR7-5;E9_FR8-1,3.3959395634,0.163314876386,0.202039578345,0.0832079308773,False,False,biological animal
double_occurrence,Ocurrencia espacial de núcleos dobles c-FOS y NPY positivos / núcleos DAPI,311,WATER_NPY1;E7_FR7-1;E8_FR6-1,WATER_NPY3;E7_FR7-5;E9_FR8-1,WATER_NPY2;E8_FR6-3;E8_FR6-4,3.3959395634,0.163314876386,0.0832079308773,0.202039578345,False,False,biological animal
double_occurrence,Ocurrencia espacial de núcleos dobles c-FOS y NPY positivos / núcleos DAPI,312,WATER_NPY1;E7_FR7-1;E8_FR6-1,WATER_NPY3;E7_FR7-5;E8_FR6-3,WATER_NPY2;E9_FR8-1;E8_FR6-4,0.410826373472,0.163314876386,0.162237438588,0.20831294713,False,False,biological animal
double_occurrence,Ocurrencia espacial de núcleos dobles c-FOS y NPY positivos / núcleos DAPI,313,WATER_NPY1;E7_FR7-1;E8_FR6-1,WATER_NPY3;E7_FR7-5;E8_FR6-4,WATER_NPY2;E9_FR8-1;E8_FR6-3,0.113154292681,0.163314876386,0.190009576628,0.183922314028,False,False,biological animal
double_occurrence,Ocurrencia espacial de núcleos dobles c-FOS y NPY positivos / núcleos DAPI,314,WATER_NPY1;E7_FR7-1;E8_FR6-1,WATER_NPY3;E9_FR8-1;E8_FR6-3,WATER_NPY2;E7_FR7-5;E8_FR6-4,0.210363174797,0.163314876386,0.169855348373,0.198563040697,False,False,biological animal
double_occurrence,Ocurrencia espacial de núcleos dobles c-FOS y NPY positivos / núcleos DAPI,315,WATER_NPY1;E7_FR7-1;E8_FR6-1,WATER_NPY3;E9_FR8-1;E8_FR6-4,WATER_NPY2;E7_FR7-5;E8_FR6-3,0.171870943085,0.163314876386,0.19720973801,0.173496371672,False,False,biological animal
double_occurrence,Ocurrencia espacial de núcleos dobles c-FOS y NPY positivos / núcleos DAPI,316,WATER_NPY1;E7_FR7-1;E8_FR6-1,WATER_NPY3;E8_FR6-3;E8_FR6-4,WATER_NPY2;E7_FR7-5;E9_FR8-1,1.93083048359,0.163314876386,0.205298255629,0.110905650498,False,False,biological animal
double_occurrence,Ocurrencia espacial de núcleos dobles c-FOS y NPY positivos / núcleos DAPI,317,WATER_NPY1;E7_FR7-1;E8_FR6-1,E7_FR7-5;E9_FR8-1;E8_FR6-3,WATER_NPY2;WATER_NPY3;E8_FR6-4,1.6959015594,0.163314876386,0.14113420508,0.226478873395,False,False,biological animal
double_occurrence,Ocurrencia espacial de núcleos dobles c-FOS y NPY positivos / núcleos DAPI,318,WATER_NPY1;E7_FR7-1;E8_FR6-1,E7_FR7-5;E9_FR8-1;E8_FR6-4,WATER_NPY2;WATER_NPY3;E8_FR6-3,0.375694465512,0.163314876386,0.168590636599,0.200661491111,False,False,biological animal
double_occurrence,Ocurrencia espacial de núcleos dobles c-FOS y NPY positivos / núcleos DAPI,319,WATER_NPY1;E7_FR7-1;E8_FR6-1,E7_FR7-5;E8_FR6-3;E8_FR6-4,WATER_NPY2;WATER_NPY3;E9_FR8-1,1.78255953252,0.163314876386,0.135435925413,0.0949265387532,False,False,biological animal
double_occurrence,Ocurrencia espacial de núcleos dobles c-FOS y NPY positivos / núcleos DAPI,320,WATER_NPY1;E7_FR7-1;E8_FR6-1,E9_FR8-1;E8_FR6-3;E8_FR6-4,WATER_NPY2;WATER_NPY3;E7_FR7-5,1.02672686343,0.163314876386,0.16219363963,0.114141409545,False,False,biological animal
double_occurrence,Ocurrencia espacial de núcleos dobles c-FOS y NPY positivos / núcleos DAPI,321,WATER_NPY1;E7_FR7-1;E8_FR6-3,WATER_NPY2;WATER_NPY3;E7_FR7-5,E9_FR8-1;E8_FR6-1;E8_FR6-4,1.21307490974,0.146373399917,0.114141409545,0.170114361786,False,False,biological animal
double_occurrence,Ocurrencia espacial de núcleos dobles c-FOS y NPY positivos / núcleos DAPI,322,WATER_NPY1;E7_FR7-1;E8_FR6-3,WATER_NPY2;WATER_NPY3;E9_FR8-1,E7_FR7-5;E8_FR6-1;E8_FR6-4,1.6151859527,0.146373399917,0.0949265387532,0.144009708277,False,False,biological animal
double_occurrence,Ocurrencia espacial de núcleos dobles c-FOS y NPY positivos / núcleos DAPI,323,WATER_NPY1;E7_FR7-1;E8_FR6-3,WATER_NPY2;WATER_NPY3;E8_FR6-1,E7_FR7-5;E9_FR8-1;E8_FR6-4,1.18036322274,0.146373399917,0.218553257758,0.168590636599,False,False,biological animal
double_occurrence,Ocurrencia espacial de núcleos dobles c-FOS y NPY positivos / núcleos DAPI,324,WATER_NPY1;E7_FR7-1;E8_FR6-3,WATER_NPY2;WATER_NPY3;E8_FR6-4,E7_FR7-5;E9_FR8-1;E8_FR6-1,1.65314588177,0.146373399917,0.226478873395,0.155483249123,False,False,biological animal
double_occurrence,Ocurrencia espacial de núcleos dobles c-FOS y NPY positivos / núcleos DAPI,325,WATER_NPY1;E7_FR7-1;E8_FR6-3,WATER_NPY2;E7_FR7-5;E9_FR8-1,WATER_NPY3;E8_FR6-1;E8_FR6-4,2.6560210567,0.146373399917,0.110905650498,0.214423236895,False,False,biological animal
double_occurrence,Ocurrencia espacial de núcleos dobles c-FOS y NPY positivos / núcleos DAPI,326,WATER_NPY1;E7_FR7-1;E8_FR6-3,WATER_NPY2;E7_FR7-5;E8_FR6-1,WATER_NPY3;E9_FR8-1;E8_FR6-4,0.379223489135,0.146373399917,0.188090026854,0.19720973801,False,False,biological animal
double_occurrence,Ocurrencia espacial de núcleos dobles c-FOS y NPY positivos / núcleos DAPI,327,WATER_NPY1;E7_FR7-1;E8_FR6-3,WATER_NPY2;E7_FR7-5;E8_FR6-4,WATER_NPY3;E9_FR8-1;E8_FR6-1,0.41926337166,0.146373399917,0.198563040697,0.185083308782,False,False,biological animal
double_occurrence,Ocurrencia espacial de núcleos dobles c-FOS y NPY positivos / núcleos DAPI,328,WATER_NPY1;E7_FR7-1;E8_FR6-3,WATER_NPY2;E9_FR8-1;E8_FR6-1,WATER_NPY3;E7_FR7-5;E8_FR6-4,0.434391436027,0.146373399917,0.199556872872,0.190009576628,False,False,biological animal
double_occurrence,Ocurrencia espacial de núcleos dobles c-FOS y NPY positivos / núcleos DAPI,329,WATER_NPY1;E7_FR7-1;E8_FR6-3,WATER_NPY2;E9_FR8-1;E8_FR6-4,WATER_NPY3;E7_FR7-5;E8_FR6-1,0.534584261077,0.146373399917,0.20831294713,0.176501711719,False,False,biological animal
double_occurrence,Ocurrencia espacial de núcleos dobles c-FOS y NPY positivos / núcleos DAPI,330,WATER_NPY1;E7_FR7-1;E8_FR6-3,WATER_NPY2;E8_FR6-1;E8_FR6-4,WATER_NPY3;E7_FR7-5;E9_FR8-1,4.23296902457,0.146373399917,0.21288683107,0.0832079308773,False,False,biological animal
double_occurrence,Ocurrencia espacial de núcleos dobles c-FOS y NPY positivos / núcleos DAPI,331,WATER_NPY1;E7_FR7-1;E8_FR6-3,WATER_NPY3;E7_FR7-5;E9_FR8-1,WATER_NPY2;E8_FR6-1;E8_FR6-4,4.23296902457,0.146373399917,0.0832079308773,0.21288683107,False,False,biological animal
double_occurrence,Ocurrencia espacial de núcleos dobles c-FOS y NPY positivos / núcleos DAPI,332,WATER_NPY1;E7_FR7-1;E8_FR6-3,WATER_NPY3;E7_FR7-5;E8_FR6-1,WATER_NPY2;E9_FR8-1;E8_FR6-4,0.534584261077,0.146373399917,0.176501711719,0.20831294713,False,False,biological animal
double_occurrence,Ocurrencia espacial de núcleos dobles c-FOS y NPY positivos / núcleos DAPI,333,WATER_NPY1;E7_FR7-1;E8_FR6-3,WATER_NPY3;E7_FR7-5;E8_FR6-4,WATER_NPY2;E9_FR8-1;E8_FR6-1,0.434391436027,0.146373399917,0.190009576628,0.199556872872,False,False,biological animal
double_occurrence,Ocurrencia espacial de núcleos dobles c-FOS y NPY positivos / núcleos DAPI,334,WATER_NPY1;E7_FR7-1;E8_FR6-3,WATER_NPY3;E9_FR8-1;E8_FR6-1,WATER_NPY2;E7_FR7-5;E8_FR6-4,0.41926337166,0.146373399917,0.185083308782,0.198563040697,False,False,biological animal
double_occurrence,Ocurrencia espacial de núcleos dobles c-FOS y NPY positivos / núcleos DAPI,335,WATER_NPY1;E7_FR7-1;E8_FR6-3,WATER_NPY3;E9_FR8-1;E8_FR6-4,WATER_NPY2;E7_FR7-5;E8_FR6-1,0.379223489135,0.146373399917,0.19720973801,0.188090026854,False,False,biological animal
double_occurrence,Ocurrencia espacial de núcleos dobles c-FOS y NPY positivos / núcleos DAPI,336,WATER_NPY1;E7_FR7-1;E8_FR6-3,WATER_NPY3;E8_FR6-1;E8_FR6-4,WATER_NPY2;E7_FR7-5;E9_FR8-1,2.6560210567,0.146373399917,0.214423236895,0.110905650498,False,False,biological animal
double_occurrence,Ocurrencia espacial de núcleos dobles c-FOS y NPY positivos / núcleos DAPI,337,WATER_NPY1;E7_FR7-1;E8_FR6-3,E7_FR7-5;E9_FR8-1;E8_FR6-1,WATER_NPY2;WATER_NPY3;E8_FR6-4,1.65314588177,0.146373399917,0.155483249123,0.226478873395,False,False,biological animal
double_occurrence,Ocurrencia espacial de núcleos dobles c-FOS y NPY positivos / núcleos DAPI,338,WATER_NPY1;E7_FR7-1;E8_FR6-3,E7_FR7-5;E9_FR8-1;E8_FR6-4,WATER_NPY2;WATER_NPY3;E8_FR6-1,1.18036322274,0.146373399917,0.168590636599,0.218553257758,False,False,biological animal
double_occurrence,Ocurrencia espacial de núcleos dobles c-FOS y NPY positivos / núcleos DAPI,339,WATER_NPY1;E7_FR7-1;E8_FR6-3,E7_FR7-5;E8_FR6-1;E8_FR6-4,WATER_NPY2;WATER_NPY3;E9_FR8-1,1.6151859527,0.146373399917,0.144009708277,0.0949265387532,False,False,biological animal
double_occurrence,Ocurrencia espacial de núcleos dobles c-FOS y NPY positivos / núcleos DAPI,340,WATER_NPY1;E7_FR7-1;E8_FR6-3,E9_FR8-1;E8_FR6-1;E8_FR6-4,WATER_NPY2;WATER_NPY3;E7_FR7-5,1.21307490974,0.146373399917,0.170114361786,0.114141409545,False,False,biological animal
double_occurrence,Ocurrencia espacial de núcleos dobles c-FOS y NPY positivos / núcleos DAPI,341,WATER_NPY1;E7_FR7-1;E8_FR6-4,WATER_NPY2;WATER_NPY3;E7_FR7-5,E9_FR8-1;E8_FR6-1;E8_FR6-3,1.2728530205,0.173245915208,0.114141409545,0.15534424561,False,False,biological animal
double_occurrence,Ocurrencia espacial de núcleos dobles c-FOS y NPY positivos / núcleos DAPI,342,WATER_NPY1;E7_FR7-1;E8_FR6-4,WATER_NPY2;WATER_NPY3;E9_FR8-1,E7_FR7-5;E8_FR6-1;E8_FR6-3,2.6120356376,0.173245915208,0.0949265387532,0.12772716793,False,False,biological animal
double_occurrence,Ocurrencia espacial de núcleos dobles c-FOS y NPY positivos / núcleos DAPI,343,WATER_NPY1;E7_FR7-1;E8_FR6-4,WATER_NPY2;WATER_NPY3;E8_FR6-1,E7_FR7-5;E9_FR8-1;E8_FR6-3,1.33711428666,0.173245915208,0.218553257758,0.14113420508,False,False,biological animal
double_occurrence,Ocurrencia espacial de núcleos dobles c-FOS y NPY positivos / núcleos DAPI,344,WATER_NPY1;E7_FR7-1;E8_FR6-4,WATER_NPY2;WATER_NPY3;E8_FR6-3,E7_FR7-5;E9_FR8-1;E8_FR6-1,0.484923794918,0.173245915208,0.200661491111,0.155483249123,False,False,biological animal
double_occurrence,Ocurrencia espacial de núcleos dobles c-FOS y NPY positivos / núcleos DAPI,345,WATER_NPY1;E7_FR7-1;E8_FR6-4,WATER_NPY2;E7_FR7-5;E9_FR8-1,WATER_NPY3;E8_FR6-1;E8_FR6-3,1.86837545864,0.173245915208,0.110905650498,0.198889589098,False,False,biological animal
double_occurrence,Ocurrencia espacial de núcleos dobles c-FOS y NPY positivos / núcleos DAPI,346,WATER_NPY1;E7_FR7-1;E8_FR6-4,WATER_NPY2;E7_FR7-5;E8_FR6-1,WATER_NPY3;E9_FR8-1;E8_FR6-3,0.0517259093192,0.173245915208,0.188090026854,0.169855348373,False,False,biological animal
double_occurrence,Ocurrencia espacial de núcleos dobles c-FOS y NPY positivos / núcleos DAPI,347,WATER_NPY1;E7_FR7-1;E8_FR6-4,WATER_NPY2;E7_FR7-5;E8_FR6-3,WATER_NPY3;E9_FR8-1;E8_FR6-1,0.0265848086242,0.173245915208,0.173496371672,0.185083308782,False,False,biological animal
double_occurrence,Ocurrencia espacial de núcleos dobles c-FOS y NPY positivos / núcleos DAPI,348,WATER_NPY1;E7_FR7-1;E8_FR6-4,WATER_NPY2;E9_FR8-1;E8_FR6-1,WATER_NPY3;E7_FR7-5;E8_FR6-3,0.209923118909,0.173245915208,0.199556872872,0.162237438588,False,False,biological animal
double_occurrence,Ocurrencia espacial de núcleos dobles c-FOS y NPY positivos / núcleos DAPI,349,WATER_NPY1;E7_FR7-1;E8_FR6-4,WATER_NPY2;E9_FR8-1;E8_FR6-3,WATER_NPY3;E7_FR7-5;E8_FR6-1,0.0171888565571,0.173245915208,0.183922314028,0.176501711719,False,False,biological animal
double_occurrence,Ocurrencia espacial de núcleos dobles c-FOS y NPY positivos / núcleos DAPI,350,WATER_NPY1;E7_FR7-1;E8_FR6-4,WATER_NPY2;E8_FR6-1;E8_FR6-3,WATER_NPY3;E7_FR7-5;E9_FR8-1,3.30492558855,0.173245915208,0.198469505102,0.0832079308773,False,False,biological animal
double_occurrence,Ocurrencia espacial de núcleos dobles c-FOS y NPY positivos / núcleos DAPI,351,WATER_NPY1;E7_FR7-1;E8_FR6-4,WATER_NPY3;E7_FR7-5;E9_FR8-1,WATER_NPY2;E8_FR6-1;E8_FR6-3,3.30492558855,0.173245915208,0.0832079308773,0.198469505102,False,False,biological animal
double_occurrence,Ocurrencia espacial de núcleos dobles c-FOS y NPY positivos / núcleos DAPI,352,WATER_NPY1;E7_FR7-1;E8_FR6-4,WATER_NPY3;E7_FR7-5;E8_FR6-1,WATER_NPY2;E9_FR8-1;E8_FR6-3,0.0171888565571,0.173245915208,0.176501711719,0.183922314028,False,False,biological animal
double_occurrence,Ocurrencia espacial de núcleos dobles c-FOS y NPY positivos / núcleos DAPI,353,WATER_NPY1;E7_FR7-1;E8_FR6-4,WATER_NPY3;E7_FR7-5;E8_FR6-3,WATER_NPY2;E9_FR8-1;E8_FR6-1,0.209923118909,0.173245915208,0.162237438588,0.199556872872,False,False,biological animal
double_occurrence,Ocurrencia espacial de núcleos dobles c-FOS y NPY positivos / núcleos DAPI,354,WATER_NPY1;E7_FR7-1;E8_FR6-4,WATER_NPY3;E9_FR8-1;E8_FR6-1,WATER_NPY2;E7_FR7-5;E8_FR6-3,0.0265848086242,0.173245915208,0.185083308782,0.173496371672,False,False,biological animal
double_occurrence,Ocurrencia espacial de núcleos dobles c-FOS y NPY positivos / núcleos DAPI,355,WATER_NPY1;E7_FR7-1;E8_FR6-4,WATER_NPY3;E9_FR8-1;E8_FR6-3,WATER_NPY2;E7_FR7-5;E8_FR6-1,0.0517259093192,0.173245915208,0.169855348373,0.188090026854,False,False,biological animal
double_occurrence,Ocurrencia espacial de núcleos dobles c-FOS y NPY positivos / núcleos DAPI,356,WATER_NPY1;E7_FR7-1;E8_FR6-4,WATER_NPY3;E8_FR6-1;E8_FR6-3,WATER_NPY2;E7_FR7-5;E9_FR8-1,1.86837545864,0.173245915208,0.198889589098,0.110905650498,False,False,biological animal
double_occurrence,Ocurrencia espacial de núcleos dobles c-FOS y NPY positivos / núcleos DAPI,357,WATER_NPY1;E7_FR7-1;E8_FR6-4,E7_FR7-5;E9_FR8-1;E8_FR6-1,WATER_NPY2;WATER_NPY3;E8_FR6-3,0.484923794918,0.173245915208,0.155483249123,0.200661491111,False,False,biological animal
double_occurrence,Ocurrencia espacial de núcleos dobles c-FOS y NPY positivos / núcleos DAPI,358,WATER_NPY1;E7_FR7-1;E8_FR6-4,E7_FR7-5;E9_FR8-1;E8_FR6-3,WATER_NPY2;WATER_NPY3;E8_FR6-1,1.33711428666,0.173245915208,0.14113420508,0.218553257758,False,False,biological animal
double_occurrence,Ocurrencia espacial de núcleos dobles c-FOS y NPY positivos / núcleos DAPI,359,WATER_NPY1;E7_FR7-1;E8_FR6-4,E7_FR7-5;E8_FR6-1;E8_FR6-3,WATER_NPY2;WATER_NPY3;E9_FR8-1,2.6120356376,0.173245915208,0.12772716793,0.0949265387532,False,False,biological animal
double_occurrence,Ocurrencia espacial de núcleos dobles c-FOS y NPY positivos / núcleos DAPI,360,WATER_NPY1;E7_FR7-1;E8_FR6-4,E9_FR8-1;E8_FR6-1;E8_FR6-3,WATER_NPY2;WATER_NPY3;E7_FR7-5,1.2728530205,0.173245915208,0.15534424561,0.114141409545,False,False,biological animal
double_occurrence,Ocurrencia espacial de núcleos dobles c-FOS y NPY positivos / núcleos DAPI,361,WATER_NPY1;E7_FR7-5;E9_FR8-1,WATER_NPY2;WATER_NPY3;E7_FR7-1,E8_FR6-1;E8_FR6-3;E8_FR6-4,5.26417314324,0.106809323416,0.104253083174,0.0449807635238,False,False,biological animal
double_occurrence,Ocurrencia espacial de núcleos dobles c-FOS y NPY positivos / núcleos DAPI,362,WATER_NPY1;E7_FR7-5;E9_FR8-1,WATER_NPY2;WATER_NPY3;E8_FR6-1,E7_FR7-1;E8_FR6-3;E8_FR6-4,2.57642357067,0.106809323416,0.218553257758,0.140781838726,False,False,biological animal
double_occurrence,Ocurrencia espacial de núcleos dobles c-FOS y NPY positivos / núcleos DAPI,363,WATER_NPY1;E7_FR7-5;E9_FR8-1,WATER_NPY2;WATER_NPY3;E8_FR6-3,E7_FR7-1;E8_FR6-1;E8_FR6-4,2.06144249842,0.106809323416,0.200661491111,0.149326862479,False,False,biological animal
double_occurrence,Ocurrencia espacial de núcleos dobles c-FOS y NPY positivos / núcleos DAPI,364,WATER_NPY1;E7_FR7-5;E9_FR8-1,WATER_NPY2;WATER_NPY3;E8_FR6-4,E7_FR7-1;E8_FR6-1;E8_FR6-3,3.16513504884,0.106809323416,0.226478873395,0.133615610223,False,False,biological animal
double_occurrence,Ocurrencia espacial de núcleos dobles c-FOS y NPY positivos / núcleos DAPI,365,WATER_NPY1;E7_FR7-5;E9_FR8-1,WATER_NPY2;E7_FR7-1;E8_FR6-1,WATER_NPY3;E8_FR6-3;E8_FR6-4,1.41124151452,0.106809323416,0.188274015115,0.205298255629,False,False,biological animal
double_occurrence,Ocurrencia espacial de núcleos dobles c-FOS y NPY positivos / núcleos DAPI,366,WATER_NPY1;E7_FR7-5;E9_FR8-1,WATER_NPY2;E7_FR7-1;E8_FR6-3,WATER_NPY3;E8_FR6-1;E8_FR6-4,1.75594598113,0.106809323416,0.173146250586,0.214423236895,False,False,biological animal
double_occurrence,Ocurrencia espacial de núcleos dobles c-FOS y NPY positivos / núcleos DAPI,367,WATER_NPY1;E7_FR7-5;E9_FR8-1,WATER_NPY2;E7_FR7-1;E8_FR6-4,WATER_NPY3;E8_FR6-1;E8_FR6-3,1.57576944919,0.106809323416,0.197966458753,0.198889589098,False,False,biological animal
double_occurrence,Ocurrencia espacial de núcleos dobles c-FOS y NPY positivos / núcleos DAPI,368,WATER_NPY1;E7_FR7-5;E9_FR8-1,WATER_NPY2;E8_FR6-1;E8_FR6-3,WATER_NPY3;E7_FR7-1;E8_FR6-4,1.07758893765,0.106809323416,0.198469505102,0.186653690818,False,False,biological animal
double_occurrence,Ocurrencia espacial de núcleos dobles c-FOS y NPY positivos / núcleos DAPI,369,WATER_NPY1;E7_FR7-5;E9_FR8-1,WATER_NPY2;E8_FR6-1;E8_FR6-4,WATER_NPY3;E7_FR7-1;E8_FR6-3,1.34188862745,0.106809323416,0.21288683107,0.158283788493,False,False,biological animal
double_occurrence,Ocurrencia espacial de núcleos dobles c-FOS y NPY positivos / núcleos DAPI,370,WATER_NPY1;E7_FR7-5;E9_FR8-1,WATER_NPY2;E8_FR6-3;E8_FR6-4,WATER_NPY3;E7_FR7-1;E8_FR6-1,1.05303232375,0.106809323416,0.202039578345,0.173718769592,False,False,biological animal
double_occurrence,Ocurrencia espacial de núcleos dobles c-FOS y NPY positivos / núcleos DAPI,371,WATER_NPY1;E7_FR7-5;E9_FR8-1,WATER_NPY3;E7_FR7-1;E8_FR6-1,WATER_NPY2;E8_FR6-3;E8_FR6-4,1.05303232375,0.106809323416,0.173718769592,0.202039578345,False,False,biological animal
double_occurrence,Ocurrencia espacial de núcleos dobles c-FOS y NPY positivos / núcleos DAPI,372,WATER_NPY1;E7_FR7-5;E9_FR8-1,WATER_NPY3;E7_FR7-1;E8_FR6-3,WATER_NPY2;E8_FR6-1;E8_FR6-4,1.34188862745,0.106809323416,0.158283788493,0.21288683107,False,False,biological animal
double_occurrence,Ocurrencia espacial de núcleos dobles c-FOS y NPY positivos / núcleos DAPI,373,WATER_NPY1;E7_FR7-5;E9_FR8-1,WATER_NPY3;E7_FR7-1;E8_FR6-4,WATER_NPY2;E8_FR6-1;E8_FR6-3,1.07758893765,0.106809323416,0.186653690818,0.198469505102,False,False,biological animal
double_occurrence,Ocurrencia espacial de núcleos dobles c-FOS y NPY positivos / núcleos DAPI,374,WATER_NPY1;E7_FR7-5;E9_FR8-1,WATER_NPY3;E8_FR6-1;E8_FR6-3,WATER_NPY2;E7_FR7-1;E8_FR6-4,1.57576944919,0.106809323416,0.198889589098,0.197966458753,False,False,biological animal
double_occurrence,Ocurrencia espacial de núcleos dobles c-FOS y NPY positivos / núcleos DAPI,375,WATER_NPY1;E7_FR7-5;E9_FR8-1,WATER_NPY3;E8_FR6-1;E8_FR6-4,WATER_NPY2;E7_FR7-1;E8_FR6-3,1.75594598113,0.106809323416,0.214423236895,0.173146250586,False,False,biological animal
double_occurrence,Ocurrencia espacial de núcleos dobles c-FOS y NPY positivos / núcleos DAPI,376,WATER_NPY1;E7_FR7-5;E9_FR8-1,WATER_NPY3;E8_FR6-3;E8_FR6-4,WATER_NPY2;E7_FR7-1;E8_FR6-1,1.41124151452,0.106809323416,0.205298255629,0.188274015115,False,False,biological animal
double_occurrence,Ocurrencia espacial de núcleos dobles c-FOS y NPY positivos / núcleos DAPI,377,WATER_NPY1;E7_FR7-5;E9_FR8-1,E7_FR7-1;E8_FR6-1;E8_FR6-3,WATER_NPY2;WATER_NPY3;E8_FR6-4,3.16513504884,0.106809323416,0.133615610223,0.226478873395,False,False,biological animal
double_occurrence,Ocurrencia espacial de núcleos dobles c-FOS y NPY positivos / núcleos DAPI,378,WATER_NPY1;E7_FR7-5;E9_FR8-1,E7_FR7-1;E8_FR6-1;E8_FR6-4,WATER_NPY2;WATER_NPY3;E8_FR6-3,2.06144249842,0.106809323416,0.149326862479,0.200661491111,False,False,biological animal
double_occurrence,Ocurrencia espacial de núcleos dobles c-FOS y NPY positivos / núcleos DAPI,379,WATER_NPY1;E7_FR7-5;E9_FR8-1,E7_FR7-1;E8_FR6-3;E8_FR6-4,WATER_NPY2;WATER_NPY3;E8_FR6-1,2.57642357067,0.106809323416,0.140781838726,0.218553257758,False,False,biological animal
double_occurrence,Ocurrencia espacial de núcleos dobles c-FOS y NPY positivos / núcleos DAPI,380,WATER_NPY1;E7_FR7-5;E9_FR8-1,E8_FR6-1;E8_FR6-3;E8_FR6-4,WATER_NPY2;WATER_NPY3;E7_FR7-1,5.26417314324,0.106809323416,0.0449807635238,0.104253083174,False,False,biological animal
double_occurrence,Ocurrencia espacial de núcleos dobles c-FOS y NPY positivos / núcleos DAPI,381,WATER_NPY1;E7_FR7-5;E8_FR6-1,WATER_NPY2;WATER_NPY3;E7_FR7-1,E9_FR8-1;E8_FR6-3;E8_FR6-4,1.23453822572,0.155933607873,0.104253083174,0.16219363963,False,False,biological animal
double_occurrence,Ocurrencia espacial de núcleos dobles c-FOS y NPY positivos / núcleos DAPI,382,WATER_NPY1;E7_FR7-5;E8_FR6-1,WATER_NPY2;WATER_NPY3;E9_FR8-1,E7_FR7-1;E8_FR6-3;E8_FR6-4,1.38589176607,0.155933607873,0.0949265387532,0.140781838726,False,False,biological animal
double_occurrence,Ocurrencia espacial de núcleos dobles c-FOS y NPY positivos / núcleos DAPI,383,WATER_NPY1;E7_FR7-5;E8_FR6-1,WATER_NPY2;WATER_NPY3;E8_FR6-3,E7_FR7-1;E9_FR8-1;E8_FR6-4,0.451063148006,0.155933607873,0.200661491111,0.165278911965,False,False,biological animal
double_occurrence,Ocurrencia espacial de núcleos dobles c-FOS y NPY positivos / núcleos DAPI,384,WATER_NPY1;E7_FR7-5;E8_FR6-1,WATER_NPY2;WATER_NPY3;E8_FR6-4,E7_FR7-1;E9_FR8-1;E8_FR6-3,1.70505793451,0.155933607873,0.226478873395,0.137496356749,False,False,biological animal
double_occurrence,Ocurrencia espacial de núcleos dobles c-FOS y NPY positivos / núcleos DAPI,385,WATER_NPY1;E7_FR7-5;E8_FR6-1,WATER_NPY2;E7_FR7-1;E9_FR8-1,WATER_NPY3;E8_FR6-3;E8_FR6-4,2.2357862478,0.155933607873,0.0994011394723,0.205298255629,False,False,biological animal
double_occurrence,Ocurrencia espacial de núcleos dobles c-FOS y NPY positivos / núcleos DAPI,386,WATER_NPY1;E7_FR7-5;E8_FR6-1,WATER_NPY2;E7_FR7-1;E8_FR6-3,WATER_NPY3;E9_FR8-1;E8_FR6-4,0.23581584917,0.155933607873,0.173146250586,0.19720973801,False,False,biological animal
double_occurrence,Ocurrencia espacial de núcleos dobles c-FOS y NPY positivos / núcleos DAPI,387,WATER_NPY1;E7_FR7-5;E8_FR6-1,WATER_NPY2;E7_FR7-1;E8_FR6-4,WATER_NPY3;E9_FR8-1;E8_FR6-3,0.262398076048,0.155933607873,0.197966458753,0.169855348373,False,False,biological animal
double_occurrence,Ocurrencia espacial de núcleos dobles c-FOS y NPY positivos / núcleos DAPI,388,WATER_NPY1;E7_FR7-5;E8_FR6-1,WATER_NPY2;E9_FR8-1;E8_FR6-3,WATER_NPY3;E7_FR7-1;E8_FR6-4,0.152145043249,0.155933607873,0.183922314028,0.186653690818,False,False,biological animal
double_occurrence,Ocurrencia espacial de núcleos dobles c-FOS y NPY positivos / núcleos DAPI,389,WATER_NPY1;E7_FR7-5;E8_FR6-1,WATER_NPY2;E9_FR8-1;E8_FR6-4,WATER_NPY3;E7_FR7-1;E8_FR6-3,0.470568126492,0.155933607873,0.20831294713,0.158283788493,False,False,biological animal
double_occurrence,Ocurrencia espacial de núcleos dobles c-FOS y NPY positivos / núcleos DAPI,390,WATER_NPY1;E7_FR7-5;E8_FR6-1,WATER_NPY2;E8_FR6-3;E8_FR6-4,WATER_NPY3;E7_FR7-1;E9_FR8-1,4.25344117114,0.155933607873,0.202039578345,0.0663496420174,False,False,biological animal
double_occurrence,Ocurrencia espacial de núcleos dobles c-FOS y NPY positivos / núcleos DAPI,391,WATER_NPY1;E7_FR7-5;E8_FR6-1,WATER_NPY3;E7_FR7-1;E9_FR8-1,WATER_NPY2;E8_FR6-3;E8_FR6-4,4.25344117114,0.155933607873,0.0663496420174,0.202039578345,False,False,biological animal
double_occurrence,Ocurrencia espacial de núcleos dobles c-FOS y NPY positivos / núcleos DAPI,392,WATER_NPY1;E7_FR7-5;E8_FR6-1,WATER_NPY3;E7_FR7-1;E8_FR6-3,WATER_NPY2;E9_FR8-1;E8_FR6-4,0.470568126492,0.155933607873,0.158283788493,0.20831294713,False,False,biological animal
double_occurrence,Ocurrencia espacial de núcleos dobles c-FOS y NPY positivos / núcleos DAPI,393,WATER_NPY1;E7_FR7-5;E8_FR6-1,WATER_NPY3;E7_FR7-1;E8_FR6-4,WATER_NPY2;E9_FR8-1;E8_FR6-3,0.152145043249,0.155933607873,0.186653690818,0.183922314028,False,False,biological animal
double_occurrence,Ocurrencia espacial de núcleos dobles c-FOS y NPY positivos / núcleos DAPI,394,WATER_NPY1;E7_FR7-5;E8_FR6-1,WATER_NPY3;E9_FR8-1;E8_FR6-3,WATER_NPY2;E7_FR7-1;E8_FR6-4,0.262398076048,0.155933607873,0.169855348373,0.197966458753,False,False,biological animal
double_occurrence,Ocurrencia espacial de núcleos dobles c-FOS y NPY positivos / núcleos DAPI,395,WATER_NPY1;E7_FR7-5;E8_FR6-1,WATER_NPY3;E9_FR8-1;E8_FR6-4,WATER_NPY2;E7_FR7-1;E8_FR6-3,0.23581584917,0.155933607873,0.19720973801,0.173146250586,False,False,biological animal
double_occurrence,Ocurrencia espacial de núcleos dobles c-FOS y NPY positivos / núcleos DAPI,396,WATER_NPY1;E7_FR7-5;E8_FR6-1,WATER_NPY3;E8_FR6-3;E8_FR6-4,WATER_NPY2;E7_FR7-1;E9_FR8-1,2.2357862478,0.155933607873,0.205298255629,0.0994011394723,False,False,biological animal
double_occurrence,Ocurrencia espacial de núcleos dobles c-FOS y NPY positivos / núcleos DAPI,397,WATER_NPY1;E7_FR7-5;E8_FR6-1,E7_FR7-1;E9_FR8-1;E8_FR6-3,WATER_NPY2;WATER_NPY3;E8_FR6-4,1.70505793451,0.155933607873,0.137496356749,0.226478873395,False,False,biological animal
double_occurrence,Ocurrencia espacial de núcleos dobles c-FOS y NPY positivos / núcleos DAPI,398,WATER_NPY1;E7_FR7-5;E8_FR6-1,E7_FR7-1;E9_FR8-1;E8_FR6-4,WATER_NPY2;WATER_NPY3;E8_FR6-3,0.451063148006,0.155933607873,0.165278911965,0.200661491111,False,False,biological animal
double_occurrence,Ocurrencia espacial de núcleos dobles c-FOS y NPY positivos / núcleos DAPI,399,WATER_NPY1;E7_FR7-5;E8_FR6-1,E7_FR7-1;E8_FR6-3;E8_FR6-4,WATER_NPY2;WATER_NPY3;E9_FR8-1,1.38589176607,0.155933607873,0.140781838726,0.0949265387532,False,False,biological animal
double_occurrence,Ocurrencia espacial de núcleos dobles c-FOS y NPY positivos / núcleos DAPI,400,WATER_NPY1;E7_FR7-5;E8_FR6-1,E9_FR8-1;E8_FR6-3;E8_FR6-4,WATER_NPY2;WATER_NPY3;E7_FR7-1,1.23453822572,0.155933607873,0.16219363963,0.104253083174,False,False,biological animal
double_occurrence,Ocurrencia espacial de núcleos dobles c-FOS y NPY positivos / núcleos DAPI,401,WATER_NPY1;E7_FR7-5;E8_FR6-3,WATER_NPY2;WATER_NPY3;E7_FR7-1,E9_FR8-1;E8_FR6-1;E8_FR6-4,1.58555884838,0.138969047947,0.104253083174,0.170114361786,False,False,biological animal
double_occurrence,Ocurrencia espacial de núcleos dobles c-FOS y NPY positivos / núcleos DAPI,402,WATER_NPY1;E7_FR7-5;E8_FR6-3,WATER_NPY2;WATER_NPY3;E9_FR8-1,E7_FR7-1;E8_FR6-1;E8_FR6-4,1.4420916052,0.138969047947,0.0949265387532,0.149326862479,False,False,biological animal
double_occurrence,Ocurrencia espacial de núcleos dobles c-FOS y NPY positivos / núcleos DAPI,403,WATER_NPY1;E7_FR7-5;E8_FR6-3,WATER_NPY2;WATER_NPY3;E8_FR6-1,E7_FR7-1;E9_FR8-1;E8_FR6-4,1.27746296375,0.138969047947,0.218553257758,0.165278911965,False,False,biological animal
double_occurrence,Ocurrencia espacial de núcleos dobles c-FOS y NPY positivos / núcleos DAPI,404,WATER_NPY1;E7_FR7-5;E8_FR6-3,WATER_NPY2;WATER_NPY3;E8_FR6-4,E7_FR7-1;E9_FR8-1;E8_FR6-1,1.72663287016,0.138969047947,0.226478873395,0.152637389372,False,False,biological animal
double_occurrence,Ocurrencia espacial de núcleos dobles c-FOS y NPY positivos / núcleos DAPI,405,WATER_NPY1;E7_FR7-5;E8_FR6-3,WATER_NPY2;E7_FR7-1;E9_FR8-1,WATER_NPY3;E8_FR6-1;E8_FR6-4,3.04377051507,0.138969047947,0.0994011394723,0.214423236895,False,False,biological animal
double_occurrence,Ocurrencia espacial de núcleos dobles c-FOS y NPY positivos / núcleos DAPI,406,WATER_NPY1;E7_FR7-5;E8_FR6-3,WATER_NPY2;E7_FR7-1;E8_FR6-1,WATER_NPY3;E9_FR8-1;E8_FR6-4,0.498428570273,0.138969047947,0.188274015115,0.19720973801,False,False,biological animal
double_occurrence,Ocurrencia espacial de núcleos dobles c-FOS y NPY positivos / núcleos DAPI,407,WATER_NPY1;E7_FR7-5;E8_FR6-3,WATER_NPY2;E7_FR7-1;E8_FR6-4,WATER_NPY3;E9_FR8-1;E8_FR6-1,0.531857643577,0.138969047947,0.197966458753,0.185083308782,False,False,biological animal
double_occurrence,Ocurrencia espacial de núcleos dobles c-FOS y NPY positivos / núcleos DAPI,408,WATER_NPY1;E7_FR7-5;E8_FR6-3,WATER_NPY2;E9_FR8-1;E8_FR6-1,WATER_NPY3;E7_FR7-1;E8_FR6-4,0.508344422844,0.138969047947,0.199556872872,0.186653690818,False,False,biological animal
double_occurrence,Ocurrencia espacial de núcleos dobles c-FOS y NPY positivos / núcleos DAPI,409,WATER_NPY1;E7_FR7-5;E8_FR6-3,WATER_NPY2;E9_FR8-1;E8_FR6-4,WATER_NPY3;E7_FR7-1;E8_FR6-1,0.623413048048,0.138969047947,0.20831294713,0.173718769592,False,False,biological animal
double_occurrence,Ocurrencia espacial de núcleos dobles c-FOS y NPY positivos / núcleos DAPI,410,WATER_NPY1;E7_FR7-5;E8_FR6-3,WATER_NPY2;E8_FR6-1;E8_FR6-4,WATER_NPY3;E7_FR7-1;E9_FR8-1,5.29699442136,0.138969047947,0.21288683107,0.0663496420174,False,False,biological animal
double_occurrence,Ocurrencia espacial de núcleos dobles c-FOS y NPY positivos / núcleos DAPI,411,WATER_NPY1;E7_FR7-5;E8_FR6-3,WATER_NPY3;E7_FR7-1;E9_FR8-1,WATER_NPY2;E8_FR6-1;E8_FR6-4,5.29699442136,0.138969047947,0.0663496420174,0.21288683107,False,False,biological animal
double_occurrence,Ocurrencia espacial de núcleos dobles c-FOS y NPY positivos / núcleos DAPI,412,WATER_NPY1;E7_FR7-5;E8_FR6-3,WATER_NPY3;E7_FR7-1;E8_FR6-1,WATER_NPY2;E9_FR8-1;E8_FR6-4,0.623413048048,0.138969047947,0.173718769592,0.20831294713,False,False,biological animal
double_occurrence,Ocurrencia espacial de núcleos dobles c-FOS y NPY positivos / núcleos DAPI,413,WATER_NPY1;E7_FR7-5;E8_FR6-3,WATER_NPY3;E7_FR7-1;E8_FR6-4,WATER_NPY2;E9_FR8-1;E8_FR6-1,0.508344422844,0.138969047947,0.186653690818,0.199556872872,False,False,biological animal
double_occurrence,Ocurrencia espacial de núcleos dobles c-FOS y NPY positivos / núcleos DAPI,414,WATER_NPY1;E7_FR7-5;E8_FR6-3,WATER_NPY3;E9_FR8-1;E8_FR6-1,WATER_NPY2;E7_FR7-1;E8_FR6-4,0.531857643577,0.138969047947,0.185083308782,0.197966458753,False,False,biological animal
double_occurrence,Ocurrencia espacial de núcleos dobles c-FOS y NPY positivos / núcleos DAPI,415,WATER_NPY1;E7_FR7-5;E8_FR6-3,WATER_NPY3;E9_FR8-1;E8_FR6-4,WATER_NPY2;E7_FR7-1;E8_FR6-1,0.498428570273,0.138969047947,0.19720973801,0.188274015115,False,False,biological animal
double_occurrence,Ocurrencia espacial de núcleos dobles c-FOS y NPY positivos / núcleos DAPI,416,WATER_NPY1;E7_FR7-5;E8_FR6-3,WATER_NPY3;E8_FR6-1;E8_FR6-4,WATER_NPY2;E7_FR7-1;E9_FR8-1,3.04377051507,0.138969047947,0.214423236895,0.0994011394723,False,False,biological animal
double_occurrence,Ocurrencia espacial de núcleos dobles c-FOS y NPY positivos / núcleos DAPI,417,WATER_NPY1;E7_FR7-5;E8_FR6-3,E7_FR7-1;E9_FR8-1;E8_FR6-1,WATER_NPY2;WATER_NPY3;E8_FR6-4,1.72663287016,0.138969047947,0.152637389372,0.226478873395,False,False,biological animal
double_occurrence,Ocurrencia espacial de núcleos dobles c-FOS y NPY positivos / núcleos DAPI,418,WATER_NPY1;E7_FR7-5;E8_FR6-3,E7_FR7-1;E9_FR8-1;E8_FR6-4,WATER_NPY2;WATER_NPY3;E8_FR6-1,1.27746296375,0.138969047947,0.165278911965,0.218553257758,False,False,biological animal
double_occurrence,Ocurrencia espacial de núcleos dobles c-FOS y NPY positivos / núcleos DAPI,419,WATER_NPY1;E7_FR7-5;E8_FR6-3,E7_FR7-1;E8_FR6-1;E8_FR6-4,WATER_NPY2;WATER_NPY3;E9_FR8-1,1.4420916052,0.138969047947,0.149326862479,0.0949265387532,False,False,biological animal
double_occurrence,Ocurrencia espacial de núcleos dobles c-FOS y NPY positivos / núcleos DAPI,420,WATER_NPY1;E7_FR7-5;E8_FR6-3,E9_FR8-1;E8_FR6-1;E8_FR6-4,WATER_NPY2;WATER_NPY3;E7_FR7-1,1.58555884838,0.138969047947,0.170114361786,0.104253083174,False,False,biological animal
double_occurrence,Ocurrencia espacial de núcleos dobles c-FOS y NPY positivos / núcleos DAPI,421,WATER_NPY1;E7_FR7-5;E8_FR6-4,WATER_NPY2;WATER_NPY3;E7_FR7-1,E9_FR8-1;E8_FR6-1;E8_FR6-3,1.43628377614,0.166838620176,0.104253083174,0.15534424561,False,False,biological animal
double_occurrence,Ocurrencia espacial de núcleos dobles c-FOS y NPY positivos / núcleos DAPI,422,WATER_NPY1;E7_FR7-5;E8_FR6-4,WATER_NPY2;WATER_NPY3;E9_FR8-1,E7_FR7-1;E8_FR6-1;E8_FR6-3,1.91848466248,0.166838620176,0.0949265387532,0.133615610223,False,False,biological animal
double_occurrence,Ocurrencia espacial de núcleos dobles c-FOS y NPY positivos / núcleos DAPI,423,WATER_NPY1;E7_FR7-5;E8_FR6-4,WATER_NPY2;WATER_NPY3;E8_FR6-1,E7_FR7-1;E9_FR8-1;E8_FR6-3,1.32784732505,0.166838620176,0.218553257758,0.137496356749,False,False,biological animal
double_occurrence,Ocurrencia espacial de núcleos dobles c-FOS y NPY positivos / núcleos DAPI,424,WATER_NPY1;E7_FR7-5;E8_FR6-4,WATER_NPY2;WATER_NPY3;E8_FR6-3,E7_FR7-1;E9_FR8-1;E8_FR6-1,0.504920556919,0.166838620176,0.200661491111,0.152637389372,False,False,biological animal
double_occurrence,Ocurrencia espacial de núcleos dobles c-FOS y NPY positivos / núcleos DAPI,425,WATER_NPY1;E7_FR7-5;E8_FR6-4,WATER_NPY2;E7_FR7-1;E9_FR8-1,WATER_NPY3;E8_FR6-1;E8_FR6-3,2.16175836739,0.166838620176,0.0994011394723,0.198889589098,False,False,biological animal
double_occurrence,Ocurrencia espacial de núcleos dobles c-FOS y NPY positivos / núcleos DAPI,426,WATER_NPY1;E7_FR7-5;E8_FR6-4,WATER_NPY2;E7_FR7-1;E8_FR6-1,WATER_NPY3;E9_FR8-1;E8_FR6-3,0.0719180465236,0.166838620176,0.188274015115,0.169855348373,False,False,biological animal
double_occurrence,Ocurrencia espacial de núcleos dobles c-FOS y NPY positivos / núcleos DAPI,427,WATER_NPY1;E7_FR7-5;E8_FR6-4,WATER_NPY2;E7_FR7-1;E8_FR6-3,WATER_NPY3;E9_FR8-1;E8_FR6-1,0.0481543456883,0.166838620176,0.173146250586,0.185083308782,False,False,biological animal
double_occurrence,Ocurrencia espacial de núcleos dobles c-FOS y NPY positivos / núcleos DAPI,428,WATER_NPY1;E7_FR7-5;E8_FR6-4,WATER_NPY2;E9_FR8-1;E8_FR6-1,WATER_NPY3;E7_FR7-1;E8_FR6-3,0.246105367017,0.166838620176,0.199556872872,0.158283788493,False,False,biological animal
double_occurrence,Ocurrencia espacial de núcleos dobles c-FOS y NPY positivos / núcleos DAPI,429,WATER_NPY1;E7_FR7-5;E8_FR6-4,WATER_NPY2;E9_FR8-1;E8_FR6-3,WATER_NPY3;E7_FR7-1;E8_FR6-1,0.0390347928844,0.166838620176,0.183922314028,0.173718769592,False,False,biological animal
double_occurrence,Ocurrencia espacial de núcleos dobles c-FOS y NPY positivos / núcleos DAPI,430,WATER_NPY1;E7_FR7-5;E8_FR6-4,WATER_NPY2;E8_FR6-1;E8_FR6-3,WATER_NPY3;E7_FR7-1;E9_FR8-1,4.14532317137,0.166838620176,0.198469505102,0.0663496420174,False,False,biological animal
double_occurrence,Ocurrencia espacial de núcleos dobles c-FOS y NPY positivos / núcleos DAPI,431,WATER_NPY1;E7_FR7-5;E8_FR6-4,WATER_NPY3;E7_FR7-1;E9_FR8-1,WATER_NPY2;E8_FR6-1;E8_FR6-3,4.14532317137,0.166838620176,0.0663496420174,0.198469505102,False,False,biological animal
double_occurrence,Ocurrencia espacial de núcleos dobles c-FOS y NPY positivos / núcleos DAPI,432,WATER_NPY1;E7_FR7-5;E8_FR6-4,WATER_NPY3;E7_FR7-1;E8_FR6-1,WATER_NPY2;E9_FR8-1;E8_FR6-3,0.0390347928844,0.166838620176,0.173718769592,0.183922314028,False,False,biological animal
double_occurrence,Ocurrencia espacial de núcleos dobles c-FOS y NPY positivos / núcleos DAPI,433,WATER_NPY1;E7_FR7-5;E8_FR6-4,WATER_NPY3;E7_FR7-1;E8_FR6-3,WATER_NPY2;E9_FR8-1;E8_FR6-1,0.246105367017,0.166838620176,0.158283788493,0.199556872872,False,False,biological animal
double_occurrence,Ocurrencia espacial de núcleos dobles c-FOS y NPY positivos / núcleos DAPI,434,WATER_NPY1;E7_FR7-5;E8_FR6-4,WATER_NPY3;E9_FR8-1;E8_FR6-1,WATER_NPY2;E7_FR7-1;E8_FR6-3,0.0481543456883,0.166838620176,0.185083308782,0.173146250586,False,False,biological animal
double_occurrence,Ocurrencia espacial de núcleos dobles c-FOS y NPY positivos / núcleos DAPI,435,WATER_NPY1;E7_FR7-5;E8_FR6-4,WATER_NPY3;E9_FR8-1;E8_FR6-3,WATER_NPY2;E7_FR7-1;E8_FR6-1,0.0719180465236,0.166838620176,0.169855348373,0.188274015115,False,False,biological animal
double_occurrence,Ocurrencia espacial de núcleos dobles c-FOS y NPY positivos / núcleos DAPI,436,WATER_NPY1;E7_FR7-5;E8_FR6-4,WATER_NPY3;E8_FR6-1;E8_FR6-3,WATER_NPY2;E7_FR7-1;E9_FR8-1,2.16175836739,0.166838620176,0.198889589098,0.0994011394723,False,False,biological animal
double_occurrence,Ocurrencia espacial de núcleos dobles c-FOS y NPY positivos / núcleos DAPI,437,WATER_NPY1;E7_FR7-5;E8_FR6-4,E7_FR7-1;E9_FR8-1;E8_FR6-1,WATER_NPY2;WATER_NPY3;E8_FR6-3,0.504920556919,0.166838620176,0.152637389372,0.200661491111,False,False,biological animal
double_occurrence,Ocurrencia espacial de núcleos dobles c-FOS y NPY positivos / núcleos DAPI,438,WATER_NPY1;E7_FR7-5;E8_FR6-4,E7_FR7-1;E9_FR8-1;E8_FR6-3,WATER_NPY2;WATER_NPY3;E8_FR6-1,1.32784732505,0.166838620176,0.137496356749,0.218553257758,False,False,biological animal
double_occurrence,Ocurrencia espacial de núcleos dobles c-FOS y NPY positivos / núcleos DAPI,439,WATER_NPY1;E7_FR7-5;E8_FR6-4,E7_FR7-1;E8_FR6-1;E8_FR6-3,WATER_NPY2;WATER_NPY3;E9_FR8-1,1.91848466248,0.166838620176,0.133615610223,0.0949265387532,False,False,biological animal
double_occurrence,Ocurrencia espacial de núcleos dobles c-FOS y NPY positivos / núcleos DAPI,440,WATER_NPY1;E7_FR7-5;E8_FR6-4,E9_FR8-1;E8_FR6-1;E8_FR6-3,WATER_NPY2;WATER_NPY3;E7_FR7-1,1.43628377614,0.166838620176,0.15534424561,0.104253083174,False,False,biological animal
double_occurrence,Ocurrencia espacial de núcleos dobles c-FOS y NPY positivos / núcleos DAPI,441,WATER_NPY1;E9_FR8-1;E8_FR6-1,WATER_NPY2;WATER_NPY3;E7_FR7-1,E7_FR7-5;E8_FR6-3;E8_FR6-4,2.51547131159,0.181725944297,0.104253083174,0.135435925413,False,False,biological animal
double_occurrence,Ocurrencia espacial de núcleos dobles c-FOS y NPY positivos / núcleos DAPI,442,WATER_NPY1;E9_FR8-1;E8_FR6-1,WATER_NPY2;WATER_NPY3;E7_FR7-5,E7_FR7-1;E8_FR6-3;E8_FR6-4,1.87778324209,0.181725944297,0.114141409545,0.140781838726,False,False,biological animal
double_occurrence,Ocurrencia espacial de núcleos dobles c-FOS y NPY positivos / núcleos DAPI,443,WATER_NPY1;E9_FR8-1;E8_FR6-1,WATER_NPY2;WATER_NPY3;E8_FR6-3,E7_FR7-1;E7_FR7-5;E8_FR6-4,0.580885512668,0.181725944297,0.200661491111,0.152185747168,False,False,biological animal
double_occurrence,Ocurrencia espacial de núcleos dobles c-FOS y NPY positivos / núcleos DAPI,444,WATER_NPY1;E9_FR8-1;E8_FR6-1,WATER_NPY2;WATER_NPY3;E8_FR6-4,E7_FR7-1;E7_FR7-5;E8_FR6-3,2.47941332373,0.181725944297,0.226478873395,0.123004150611,False,False,biological animal
double_occurrence,Ocurrencia espacial de núcleos dobles c-FOS y NPY positivos / núcleos DAPI,445,WATER_NPY1;E9_FR8-1;E8_FR6-1,WATER_NPY2;E7_FR7-1;E7_FR7-5,WATER_NPY3;E8_FR6-3;E8_FR6-4,2.34309630981,0.181725944297,0.102734475655,0.205298255629,False,False,biological animal
double_occurrence,Ocurrencia espacial de núcleos dobles c-FOS y NPY positivos / núcleos DAPI,446,WATER_NPY1;E9_FR8-1;E8_FR6-1,WATER_NPY2;E7_FR7-1;E8_FR6-3,WATER_NPY3;E7_FR7-5;E8_FR6-4,0.0382522847827,0.181725944297,0.173146250586,0.190009576628,False,False,biological animal
double_occurrence,Ocurrencia espacial de núcleos dobles c-FOS y NPY positivos / núcleos DAPI,447,WATER_NPY1;E9_FR8-1;E8_FR6-1,WATER_NPY2;E7_FR7-1;E8_FR6-4,WATER_NPY3;E7_FR7-5;E8_FR6-3,0.177514006798,0.181725944297,0.197966458753,0.162237438588,False,False,biological animal
double_occurrence,Ocurrencia espacial de núcleos dobles c-FOS y NPY positivos / núcleos DAPI,448,WATER_NPY1;E9_FR8-1;E8_FR6-1,WATER_NPY2;E7_FR7-5;E8_FR6-3,WATER_NPY3;E7_FR7-1;E8_FR6-4,0.0224728303921,0.181725944297,0.173496371672,0.186653690818,False,False,biological animal
double_occurrence,Ocurrencia espacial de núcleos dobles c-FOS y NPY positivos / núcleos DAPI,449,WATER_NPY1;E9_FR8-1;E8_FR6-1,WATER_NPY2;E7_FR7-5;E8_FR6-4,WATER_NPY3;E7_FR7-1;E8_FR6-3,0.214964115433,0.181725944297,0.198563040697,0.158283788493,False,False,biological animal
double_occurrence,Ocurrencia espacial de núcleos dobles c-FOS y NPY positivos / núcleos DAPI,450,WATER_NPY1;E9_FR8-1;E8_FR6-1,WATER_NPY2;E8_FR6-3;E8_FR6-4,WATER_NPY3;E7_FR7-1;E7_FR7-5,3.97600498662,0.181725944297,0.202039578345,0.0783666756761,False,False,biological animal
double_occurrence,Ocurrencia espacial de núcleos dobles c-FOS y NPY positivos / núcleos DAPI,451,WATER_NPY1;E9_FR8-1;E8_FR6-1,WATER_NPY3;E7_FR7-1;E7_FR7-5,WATER_NPY2;E8_FR6-3;E8_FR6-4,3.97600498662,0.181725944297,0.0783666756761,0.202039578345,False,False,biological animal
double_occurrence,Ocurrencia espacial de núcleos dobles c-FOS y NPY positivos / núcleos DAPI,452,WATER_NPY1;E9_FR8-1;E8_FR6-1,WATER_NPY3;E7_FR7-1;E8_FR6-3,WATER_NPY2;E7_FR7-5;E8_FR6-4,0.214964115433,0.181725944297,0.158283788493,0.198563040697,False,False,biological animal
double_occurrence,Ocurrencia espacial de núcleos dobles c-FOS y NPY positivos / núcleos DAPI,453,WATER_NPY1;E9_FR8-1;E8_FR6-1,WATER_NPY3;E7_FR7-1;E8_FR6-4,WATER_NPY2;E7_FR7-5;E8_FR6-3,0.0224728303921,0.181725944297,0.186653690818,0.173496371672,False,False,biological animal
double_occurrence,Ocurrencia espacial de núcleos dobles c-FOS y NPY positivos / núcleos DAPI,454,WATER_NPY1;E9_FR8-1;E8_FR6-1,WATER_NPY3;E7_FR7-5;E8_FR6-3,WATER_NPY2;E7_FR7-1;E8_FR6-4,0.177514006798,0.181725944297,0.162237438588,0.197966458753,False,False,biological animal
double_occurrence,Ocurrencia espacial de núcleos dobles c-FOS y NPY positivos / núcleos DAPI,455,WATER_NPY1;E9_FR8-1;E8_FR6-1,WATER_NPY3;E7_FR7-5;E8_FR6-4,WATER_NPY2;E7_FR7-1;E8_FR6-3,0.0382522847827,0.181725944297,0.190009576628,0.173146250586,False,False,biological animal
double_occurrence,Ocurrencia espacial de núcleos dobles c-FOS y NPY positivos / núcleos DAPI,456,WATER_NPY1;E9_FR8-1;E8_FR6-1,WATER_NPY3;E8_FR6-3;E8_FR6-4,WATER_NPY2;E7_FR7-1;E7_FR7-5,2.34309630981,0.181725944297,0.205298255629,0.102734475655,False,False,biological animal
double_occurrence,Ocurrencia espacial de núcleos dobles c-FOS y NPY positivos / núcleos DAPI,457,WATER_NPY1;E9_FR8-1;E8_FR6-1,E7_FR7-1;E7_FR7-5;E8_FR6-3,WATER_NPY2;WATER_NPY3;E8_FR6-4,2.47941332373,0.181725944297,0.123004150611,0.226478873395,False,False,biological animal
double_occurrence,Ocurrencia espacial de núcleos dobles c-FOS y NPY positivos / núcleos DAPI,458,WATER_NPY1;E9_FR8-1;E8_FR6-1,E7_FR7-1;E7_FR7-5;E8_FR6-4,WATER_NPY2;WATER_NPY3;E8_FR6-3,0.580885512668,0.181725944297,0.152185747168,0.200661491111,False,False,biological animal
double_occurrence,Ocurrencia espacial de núcleos dobles c-FOS y NPY positivos / núcleos DAPI,459,WATER_NPY1;E9_FR8-1;E8_FR6-1,E7_FR7-1;E8_FR6-3;E8_FR6-4,WATER_NPY2;WATER_NPY3;E7_FR7-5,1.87778324209,0.181725944297,0.140781838726,0.114141409545,False,False,biological animal
double_occurrence,Ocurrencia espacial de núcleos dobles c-FOS y NPY positivos / núcleos DAPI,460,WATER_NPY1;E9_FR8-1;E8_FR6-1,E7_FR7-5;E8_FR6-3;E8_FR6-4,WATER_NPY2;WATER_NPY3;E7_FR7-1,2.51547131159,0.181725944297,0.135435925413,0.104253083174,False,False,biological animal
double_occurrence,Ocurrencia espacial de núcleos dobles c-FOS y NPY positivos / núcleos DAPI,461,WATER_NPY1;E9_FR8-1;E8_FR6-3,WATER_NPY2;WATER_NPY3;E7_FR7-1,E7_FR7-5;E8_FR6-1;E8_FR6-4,1.93479833532,0.165326588668,0.104253083174,0.144009708277,False,False,biological animal
double_occurrence,Ocurrencia espacial de núcleos dobles c-FOS y NPY positivos / núcleos DAPI,462,WATER_NPY1;E9_FR8-1;E8_FR6-3,WATER_NPY2;WATER_NPY3;E7_FR7-5,E7_FR7-1;E8_FR6-1;E8_FR6-4,1.32127142404,0.165326588668,0.114141409545,0.149326862479,False,False,biological animal
double_occurrence,Ocurrencia espacial de núcleos dobles c-FOS y NPY positivos / núcleos DAPI,463,WATER_NPY1;E9_FR8-1;E8_FR6-3,WATER_NPY2;WATER_NPY3;E8_FR6-1,E7_FR7-1;E7_FR7-5;E8_FR6-4,1.09149507584,0.165326588668,0.218553257758,0.152185747168,False,False,biological animal
double_occurrence,Ocurrencia espacial de núcleos dobles c-FOS y NPY positivos / núcleos DAPI,464,WATER_NPY1;E9_FR8-1;E8_FR6-3,WATER_NPY2;WATER_NPY3;E8_FR6-4,E7_FR7-1;E7_FR7-5;E8_FR6-1,1.80978511095,0.165326588668,0.226478873395,0.138379859903,False,False,biological animal
double_occurrence,Ocurrencia espacial de núcleos dobles c-FOS y NPY positivos / núcleos DAPI,465,WATER_NPY1;E9_FR8-1;E8_FR6-3,WATER_NPY2;E7_FR7-1;E7_FR7-5,WATER_NPY3;E8_FR6-1;E8_FR6-4,2.72772976569,0.165326588668,0.102734475655,0.214423236895,False,False,biological animal
double_occurrence,Ocurrencia espacial de núcleos dobles c-FOS y NPY positivos / núcleos DAPI,466,WATER_NPY1;E9_FR8-1;E8_FR6-3,WATER_NPY2;E7_FR7-1;E8_FR6-1,WATER_NPY3;E7_FR7-5;E8_FR6-4,0.0920976417517,0.165326588668,0.188274015115,0.190009576628,False,False,biological animal
double_occurrence,Ocurrencia espacial de núcleos dobles c-FOS y NPY positivos / núcleos DAPI,467,WATER_NPY1;E9_FR8-1;E8_FR6-3,WATER_NPY2;E7_FR7-1;E8_FR6-4,WATER_NPY3;E7_FR7-5;E8_FR6-1,0.141265045459,0.165326588668,0.197966458753,0.176501711719,False,False,biological animal
double_occurrence,Ocurrencia espacial de núcleos dobles c-FOS y NPY positivos / núcleos DAPI,468,WATER_NPY1;E9_FR8-1;E8_FR6-3,WATER_NPY2;E7_FR7-5;E8_FR6-1,WATER_NPY3;E7_FR7-1;E8_FR6-4,0.0746437818088,0.165326588668,0.188090026854,0.186653690818,False,False,biological animal
double_occurrence,Ocurrencia espacial de núcleos dobles c-FOS y NPY positivos / núcleos DAPI,469,WATER_NPY1;E9_FR8-1;E8_FR6-3,WATER_NPY2;E7_FR7-5;E8_FR6-4,WATER_NPY3;E7_FR7-1;E8_FR6-1,0.147654301623,0.165326588668,0.198563040697,0.173718769592,False,False,biological animal
double_occurrence,Ocurrencia espacial de núcleos dobles c-FOS y NPY positivos / núcleos DAPI,470,WATER_NPY1;E9_FR8-1;E8_FR6-3,WATER_NPY2;E8_FR6-1;E8_FR6-4,WATER_NPY3;E7_FR7-1;E7_FR7-5,4.42439780821,0.165326588668,0.21288683107,0.0783666756761,False,False,biological animal
double_occurrence,Ocurrencia espacial de núcleos dobles c-FOS y NPY positivos / núcleos DAPI,471,WATER_NPY1;E9_FR8-1;E8_FR6-3,WATER_NPY3;E7_FR7-1;E7_FR7-5,WATER_NPY2;E8_FR6-1;E8_FR6-4,4.42439780821,0.165326588668,0.0783666756761,0.21288683107,False,False,biological animal
double_occurrence,Ocurrencia espacial de núcleos dobles c-FOS y NPY positivos / núcleos DAPI,472,WATER_NPY1;E9_FR8-1;E8_FR6-3,WATER_NPY3;E7_FR7-1;E8_FR6-1,WATER_NPY2;E7_FR7-5;E8_FR6-4,0.147654301623,0.165326588668,0.173718769592,0.198563040697,False,False,biological animal
double_occurrence,Ocurrencia espacial de núcleos dobles c-FOS y NPY positivos / núcleos DAPI,473,WATER_NPY1;E9_FR8-1;E8_FR6-3,WATER_NPY3;E7_FR7-1;E8_FR6-4,WATER_NPY2;E7_FR7-5;E8_FR6-1,0.0746437818088,0.165326588668,0.186653690818,0.188090026854,False,False,biological animal
double_occurrence,Ocurrencia espacial de núcleos dobles c-FOS y NPY positivos / núcleos DAPI,474,WATER_NPY1;E9_FR8-1;E8_FR6-3,WATER_NPY3;E7_FR7-5;E8_FR6-1,WATER_NPY2;E7_FR7-1;E8_FR6-4,0.141265045459,0.165326588668,0.176501711719,0.197966458753,False,False,biological animal
double_occurrence,Ocurrencia espacial de núcleos dobles c-FOS y NPY positivos / núcleos DAPI,475,WATER_NPY1;E9_FR8-1;E8_FR6-3,WATER_NPY3;E7_FR7-5;E8_FR6-4,WATER_NPY2;E7_FR7-1;E8_FR6-1,0.0920976417517,0.165326588668,0.190009576628,0.188274015115,False,False,biological animal
double_occurrence,Ocurrencia espacial de núcleos dobles c-FOS y NPY positivos / núcleos DAPI,476,WATER_NPY1;E9_FR8-1;E8_FR6-3,WATER_NPY3;E8_FR6-1;E8_FR6-4,WATER_NPY2;E7_FR7-1;E7_FR7-5,2.72772976569,0.165326588668,0.214423236895,0.102734475655,False,False,biological animal
double_occurrence,Ocurrencia espacial de núcleos dobles c-FOS y NPY positivos / núcleos DAPI,477,WATER_NPY1;E9_FR8-1;E8_FR6-3,E7_FR7-1;E7_FR7-5;E8_FR6-1,WATER_NPY2;WATER_NPY3;E8_FR6-4,1.80978511095,0.165326588668,0.138379859903,0.226478873395,False,False,biological animal
double_occurrence,Ocurrencia espacial de núcleos dobles c-FOS y NPY positivos / núcleos DAPI,478,WATER_NPY1;E9_FR8-1;E8_FR6-3,E7_FR7-1;E7_FR7-5;E8_FR6-4,WATER_NPY2;WATER_NPY3;E8_FR6-1,1.09149507584,0.165326588668,0.152185747168,0.218553257758,False,False,biological animal
double_occurrence,Ocurrencia espacial de núcleos dobles c-FOS y NPY positivos / núcleos DAPI,479,WATER_NPY1;E9_FR8-1;E8_FR6-3,E7_FR7-1;E8_FR6-1;E8_FR6-4,WATER_NPY2;WATER_NPY3;E7_FR7-5,1.32127142404,0.165326588668,0.149326862479,0.114141409545,False,False,biological animal
double_occurrence,Ocurrencia espacial de núcleos dobles c-FOS y NPY positivos / núcleos DAPI,480,WATER_NPY1;E9_FR8-1;E8_FR6-3,E7_FR7-5;E8_FR6-1;E8_FR6-4,WATER_NPY2;WATER_NPY3;E7_FR7-1,1.93479833532,0.165326588668,0.144009708277,0.104253083174,False,False,biological animal
double_occurrence,Ocurrencia espacial de núcleos dobles c-FOS y NPY positivos / núcleos DAPI,481,WATER_NPY1;E9_FR8-1;E8_FR6-4,WATER_NPY2;WATER_NPY3;E7_FR7-1,E7_FR7-5;E8_FR6-1;E8_FR6-3,3.72389875188,0.19101882901,0.104253083174,0.12772716793,False,False,biological animal
double_occurrence,Ocurrencia espacial de núcleos dobles c-FOS y NPY positivos / núcleos DAPI,482,WATER_NPY1;E9_FR8-1;E8_FR6-4,WATER_NPY2;WATER_NPY3;E7_FR7-5,E7_FR7-1;E8_FR6-1;E8_FR6-3,2.78909410687,0.19101882901,0.114141409545,0.133615610223,False,False,biological animal
double_occurrence,Ocurrencia espacial de núcleos dobles c-FOS y NPY positivos / núcleos DAPI,483,WATER_NPY1;E9_FR8-1;E8_FR6-4,WATER_NPY2;WATER_NPY3;E8_FR6-1,E7_FR7-1;E7_FR7-5;E8_FR6-3,2.2620946592,0.19101882901,0.218553257758,0.123004150611,False,False,biological animal
double_occurrence,Ocurrencia espacial de núcleos dobles c-FOS y NPY positivos / núcleos DAPI,484,WATER_NPY1;E9_FR8-1;E8_FR6-4,WATER_NPY2;WATER_NPY3;E8_FR6-3,E7_FR7-1;E7_FR7-5;E8_FR6-1,1.11804042608,0.19101882901,0.200661491111,0.138379859903,False,False,biological animal
double_occurrence,Ocurrencia espacial de núcleos dobles c-FOS y NPY positivos / núcleos DAPI,485,WATER_NPY1;E9_FR8-1;E8_FR6-4,WATER_NPY2;E7_FR7-1;E7_FR7-5,WATER_NPY3;E8_FR6-1;E8_FR6-3,2.42145485994,0.19101882901,0.102734475655,0.198889589098,False,False,biological animal
double_occurrence,Ocurrencia espacial de núcleos dobles c-FOS y NPY positivos / núcleos DAPI,486,WATER_NPY1;E9_FR8-1;E8_FR6-4,WATER_NPY2;E7_FR7-1;E8_FR6-1,WATER_NPY3;E7_FR7-5;E8_FR6-3,0.130315319988,0.19101882901,0.188274015115,0.162237438588,False,False,biological animal
double_occurrence,Ocurrencia espacial de núcleos dobles c-FOS y NPY positivos / núcleos DAPI,487,WATER_NPY1;E9_FR8-1;E8_FR6-4,WATER_NPY2;E7_FR7-1;E8_FR6-3,WATER_NPY3;E7_FR7-5;E8_FR6-1,0.0480270300656,0.19101882901,0.173146250586,0.176501711719,False,False,biological animal
double_occurrence,Ocurrencia espacial de núcleos dobles c-FOS y NPY positivos / núcleos DAPI,488,WATER_NPY1;E9_FR8-1;E8_FR6-4,WATER_NPY2;E7_FR7-5;E8_FR6-1,WATER_NPY3;E7_FR7-1;E8_FR6-3,0.159353462313,0.19101882901,0.188090026854,0.158283788493,False,False,biological animal
double_occurrence,Ocurrencia espacial de núcleos dobles c-FOS y NPY positivos / núcleos DAPI,489,WATER_NPY1;E9_FR8-1;E8_FR6-4,WATER_NPY2;E7_FR7-5;E8_FR6-3,WATER_NPY3;E7_FR7-1;E8_FR6-1,0.0513706003283,0.19101882901,0.173496371672,0.173718769592,False,False,biological animal
double_occurrence,Ocurrencia espacial de núcleos dobles c-FOS y NPY positivos / núcleos DAPI,490,WATER_NPY1;E9_FR8-1;E8_FR6-4,WATER_NPY2;E8_FR6-1;E8_FR6-3,WATER_NPY3;E7_FR7-1;E7_FR7-5,3.96009419617,0.19101882901,0.198469505102,0.0783666756761,False,False,biological animal
double_occurrence,Ocurrencia espacial de núcleos dobles c-FOS y NPY positivos / núcleos DAPI,491,WATER_NPY1;E9_FR8-1;E8_FR6-4,WATER_NPY3;E7_FR7-1;E7_FR7-5,WATER_NPY2;E8_FR6-1;E8_FR6-3,3.96009419617,0.19101882901,0.0783666756761,0.198469505102,False,False,biological animal
double_occurrence,Ocurrencia espacial de núcleos dobles c-FOS y NPY positivos / núcleos DAPI,492,WATER_NPY1;E9_FR8-1;E8_FR6-4,WATER_NPY3;E7_FR7-1;E8_FR6-1,WATER_NPY2;E7_FR7-5;E8_FR6-3,0.0513706003283,0.19101882901,0.173718769592,0.173496371672,False,False,biological animal
double_occurrence,Ocurrencia espacial de núcleos dobles c-FOS y NPY positivos / núcleos DAPI,493,WATER_NPY1;E9_FR8-1;E8_FR6-4,WATER_NPY3;E7_FR7-1;E8_FR6-3,WATER_NPY2;E7_FR7-5;E8_FR6-1,0.159353462313,0.19101882901,0.158283788493,0.188090026854,False,False,biological animal
double_occurrence,Ocurrencia espacial de núcleos dobles c-FOS y NPY positivos / núcleos DAPI,494,WATER_NPY1;E9_FR8-1;E8_FR6-4,WATER_NPY3;E7_FR7-5;E8_FR6-1,WATER_NPY2;E7_FR7-1;E8_FR6-3,0.0480270300656,0.19101882901,0.176501711719,0.173146250586,False,False,biological animal
double_occurrence,Ocurrencia espacial de núcleos dobles c-FOS y NPY positivos / núcleos DAPI,495,WATER_NPY1;E9_FR8-1;E8_FR6-4,WATER_NPY3;E7_FR7-5;E8_FR6-3,WATER_NPY2;E7_FR7-1;E8_FR6-1,0.130315319988,0.19101882901,0.162237438588,0.188274015115,False,False,biological animal
double_occurrence,Ocurrencia espacial de núcleos dobles c-FOS y NPY positivos / núcleos DAPI,496,WATER_NPY1;E9_FR8-1;E8_FR6-4,WATER_NPY3;E8_FR6-1;E8_FR6-3,WATER_NPY2;E7_FR7-1;E7_FR7-5,2.42145485994,0.19101882901,0.198889589098,0.102734475655,False,False,biological animal
double_occurrence,Ocurrencia espacial de núcleos dobles c-FOS y NPY positivos / núcleos DAPI,497,WATER_NPY1;E9_FR8-1;E8_FR6-4,E7_FR7-1;E7_FR7-5;E8_FR6-1,WATER_NPY2;WATER_NPY3;E8_FR6-3,1.11804042608,0.19101882901,0.138379859903,0.200661491111,False,False,biological animal
double_occurrence,Ocurrencia espacial de núcleos dobles c-FOS y NPY positivos / núcleos DAPI,498,WATER_NPY1;E9_FR8-1;E8_FR6-4,E7_FR7-1;E7_FR7-5;E8_FR6-3,WATER_NPY2;WATER_NPY3;E8_FR6-1,2.2620946592,0.19101882901,0.123004150611,0.218553257758,False,False,biological animal
double_occurrence,Ocurrencia espacial de núcleos dobles c-FOS y NPY positivos / núcleos DAPI,499,WATER_NPY1;E9_FR8-1;E8_FR6-4,E7_FR7-1;E8_FR6-1;E8_FR6-3,WATER_NPY2;WATER_NPY3;E7_FR7-5,2.78909410687,0.19101882901,0.133615610223,0.114141409545,False,False,biological animal
double_occurrence,Ocurrencia espacial de núcleos dobles c-FOS y NPY positivos / núcleos DAPI,500,WATER_NPY1;E9_FR8-1;E8_FR6-4,E7_FR7-5;E8_FR6-1;E8_FR6-3,WATER_NPY2;WATER_NPY3;E7_FR7-1,3.72389875188,0.19101882901,0.12772716793,0.104253083174,False,False,biological animal
double_occurrence,Ocurrencia espacial de núcleos dobles c-FOS y NPY positivos / núcleos DAPI,501,WATER_NPY1;E8_FR6-1;E8_FR6-3,WATER_NPY2;WATER_NPY3;E7_FR7-1,E7_FR7-5;E9_FR8-1;E8_FR6-4,1.09249188476,0.135998653466,0.104253083174,0.168590636599,False,False,biological animal
double_occurrence,Ocurrencia espacial de núcleos dobles c-FOS y NPY positivos / núcleos DAPI,502,WATER_NPY1;E8_FR6-1;E8_FR6-3,WATER_NPY2;WATER_NPY3;E7_FR7-5,E7_FR7-1;E9_FR8-1;E8_FR6-4,0.631571360186,0.135998653466,0.114141409545,0.165278911965,False,False,biological animal
double_occurrence,Ocurrencia espacial de núcleos dobles c-FOS y NPY positivos / núcleos DAPI,503,WATER_NPY1;E8_FR6-1;E8_FR6-3,WATER_NPY2;WATER_NPY3;E9_FR8-1,E7_FR7-1;E7_FR7-5;E8_FR6-4,0.920326166522,0.135998653466,0.0949265387532,0.152185747168,False,False,biological animal
double_occurrence,Ocurrencia espacial de núcleos dobles c-FOS y NPY positivos / núcleos DAPI,504,WATER_NPY1;E8_FR6-1;E8_FR6-3,WATER_NPY2;WATER_NPY3;E8_FR6-4,E7_FR7-1;E7_FR7-5;E9_FR8-1,6.35597189621,0.135998653466,0.226478873395,0.0484435865182,False,False,biological animal
double_occurrence,Ocurrencia espacial de núcleos dobles c-FOS y NPY positivos / núcleos DAPI,505,WATER_NPY1;E8_FR6-1;E8_FR6-3,WATER_NPY2;E7_FR7-1;E7_FR7-5,WATER_NPY3;E9_FR8-1;E8_FR6-4,1.38860485912,0.135998653466,0.102734475655,0.19720973801,False,False,biological animal
double_occurrence,Ocurrencia espacial de núcleos dobles c-FOS y NPY positivos / núcleos DAPI,506,WATER_NPY1;E8_FR6-1;E8_FR6-3,WATER_NPY2;E7_FR7-1;E9_FR8-1,WATER_NPY3;E7_FR7-5;E8_FR6-4,1.21222300718,0.135998653466,0.0994011394723,0.190009576628,False,False,biological animal
double_occurrence,Ocurrencia espacial de núcleos dobles c-FOS y NPY positivos / núcleos DAPI,507,WATER_NPY1;E8_FR6-1;E8_FR6-3,WATER_NPY2;E7_FR7-1;E8_FR6-4,WATER_NPY3;E7_FR7-5;E9_FR8-1,2.59669502314,0.135998653466,0.197966458753,0.0832079308773,False,False,biological animal
double_occurrence,Ocurrencia espacial de núcleos dobles c-FOS y NPY positivos / núcleos DAPI,508,WATER_NPY1;E8_FR6-1;E8_FR6-3,WATER_NPY2;E7_FR7-5;E9_FR8-1,WATER_NPY3;E7_FR7-1;E8_FR6-4,0.833231000908,0.135998653466,0.110905650498,0.186653690818,False,False,biological animal
double_occurrence,Ocurrencia espacial de núcleos dobles c-FOS y NPY positivos / núcleos DAPI,509,WATER_NPY1;E8_FR6-1;E8_FR6-3,WATER_NPY2;E7_FR7-5;E8_FR6-4,WATER_NPY3;E7_FR7-1;E9_FR8-1,3.54993211912,0.135998653466,0.198563040697,0.0663496420174,False,False,biological animal
double_occurrence,Ocurrencia espacial de núcleos dobles c-FOS y NPY positivos / núcleos DAPI,510,WATER_NPY1;E8_FR6-1;E8_FR6-3,WATER_NPY2;E9_FR8-1;E8_FR6-4,WATER_NPY3;E7_FR7-1;E7_FR7-5,3.60598254705,0.135998653466,0.20831294713,0.0783666756761,False,False,biological animal
double_occurrence,Ocurrencia espacial de núcleos dobles c-FOS y NPY positivos / núcleos DAPI,511,WATER_NPY1;E8_FR6-1;E8_FR6-3,WATER_NPY3;E7_FR7-1;E7_FR7-5,WATER_NPY2;E9_FR8-1;E8_FR6-4,3.60598254705,0.135998653466,0.0783666756761,0.20831294713,False,False,biological animal
double_occurrence,Ocurrencia espacial de núcleos dobles c-FOS y NPY positivos / núcleos DAPI,512,WATER_NPY1;E8_FR6-1;E8_FR6-3,WATER_NPY3;E7_FR7-1;E9_FR8-1,WATER_NPY2;E7_FR7-5;E8_FR6-4,3.54993211912,0.135998653466,0.0663496420174,0.198563040697,False,False,biological animal
double_occurrence,Ocurrencia espacial de núcleos dobles c-FOS y NPY positivos / núcleos DAPI,513,WATER_NPY1;E8_FR6-1;E8_FR6-3,WATER_NPY3;E7_FR7-1;E8_FR6-4,WATER_NPY2;E7_FR7-5;E9_FR8-1,0.833231000908,0.135998653466,0.186653690818,0.110905650498,False,False,biological animal
double_occurrence,Ocurrencia espacial de núcleos dobles c-FOS y NPY positivos / núcleos DAPI,514,WATER_NPY1;E8_FR6-1;E8_FR6-3,WATER_NPY3;E7_FR7-5;E9_FR8-1,WATER_NPY2;E7_FR7-1;E8_FR6-4,2.59669502314,0.135998653466,0.0832079308773,0.197966458753,False,False,biological animal
double_occurrence,Ocurrencia espacial de núcleos dobles c-FOS y NPY positivos / núcleos DAPI,515,WATER_NPY1;E8_FR6-1;E8_FR6-3,WATER_NPY3;E7_FR7-5;E8_FR6-4,WATER_NPY2;E7_FR7-1;E9_FR8-1,1.21222300718,0.135998653466,0.190009576628,0.0994011394723,False,False,biological animal
double_occurrence,Ocurrencia espacial de núcleos dobles c-FOS y NPY positivos / núcleos DAPI,516,WATER_NPY1;E8_FR6-1;E8_FR6-3,WATER_NPY3;E9_FR8-1;E8_FR6-4,WATER_NPY2;E7_FR7-1;E7_FR7-5,1.38860485912,0.135998653466,0.19720973801,0.102734475655,False,False,biological animal
double_occurrence,Ocurrencia espacial de núcleos dobles c-FOS y NPY positivos / núcleos DAPI,517,WATER_NPY1;E8_FR6-1;E8_FR6-3,E7_FR7-1;E7_FR7-5;E9_FR8-1,WATER_NPY2;WATER_NPY3;E8_FR6-4,6.35597189621,0.135998653466,0.0484435865182,0.226478873395,False,False,biological animal
double_occurrence,Ocurrencia espacial de núcleos dobles c-FOS y NPY positivos / núcleos DAPI,518,WATER_NPY1;E8_FR6-1;E8_FR6-3,E7_FR7-1;E7_FR7-5;E8_FR6-4,WATER_NPY2;WATER_NPY3;E9_FR8-1,0.920326166522,0.135998653466,0.152185747168,0.0949265387532,False,False,biological animal
double_occurrence,Ocurrencia espacial de núcleos dobles c-FOS y NPY positivos / núcleos DAPI,519,WATER_NPY1;E8_FR6-1;E8_FR6-3,E7_FR7-1;E9_FR8-1;E8_FR6-4,WATER_NPY2;WATER_NPY3;E7_FR7-5,0.631571360186,0.135998653466,0.165278911965,0.114141409545,False,False,biological animal
double_occurrence,Ocurrencia espacial de núcleos dobles c-FOS y NPY positivos / núcleos DAPI,520,WATER_NPY1;E8_FR6-1;E8_FR6-3,E7_FR7-5;E9_FR8-1;E8_FR6-4,WATER_NPY2;WATER_NPY3;E7_FR7-1,1.09249188476,0.135998653466,0.168590636599,0.104253083174,False,False,biological animal
double_occurrence,Ocurrencia espacial de núcleos dobles c-FOS y NPY positivos / núcleos DAPI,521,WATER_NPY1;E8_FR6-1;E8_FR6-4,WATER_NPY2;WATER_NPY3;E7_FR7-1,E7_FR7-5;E9_FR8-1;E8_FR6-3,0.841284491458,0.153768483235,0.104253083174,0.14113420508,False,False,biological animal
double_occurrence,Ocurrencia espacial de núcleos dobles c-FOS y NPY positivos / núcleos DAPI,522,WATER_NPY1;E8_FR6-1;E8_FR6-4,WATER_NPY2;WATER_NPY3;E7_FR7-5,E7_FR7-1;E9_FR8-1;E8_FR6-3,0.454654873329,0.153768483235,0.114141409545,0.137496356749,False,False,biological animal
double_occurrence,Ocurrencia espacial de núcleos dobles c-FOS y NPY positivos / núcleos DAPI,523,WATER_NPY1;E8_FR6-1;E8_FR6-4,WATER_NPY2;WATER_NPY3;E9_FR8-1,E7_FR7-1;E7_FR7-5;E8_FR6-3,1.11619110031,0.153768483235,0.0949265387532,0.123004150611,False,False,biological animal
double_occurrence,Ocurrencia espacial de núcleos dobles c-FOS y NPY positivos / núcleos DAPI,524,WATER_NPY1;E8_FR6-1;E8_FR6-4,WATER_NPY2;WATER_NPY3;E8_FR6-3,E7_FR7-1;E7_FR7-5;E9_FR8-1,5.97255429301,0.153768483235,0.200661491111,0.0484435865182,False,False,biological animal
double_occurrence,Ocurrencia espacial de núcleos dobles c-FOS y NPY positivos / núcleos DAPI,525,WATER_NPY1;E8_FR6-1;E8_FR6-4,WATER_NPY2;E7_FR7-1;E7_FR7-5,WATER_NPY3;E9_FR8-1;E8_FR6-3,0.876665089755,0.153768483235,0.102734475655,0.169855348373,False,False,biological animal
double_occurrence,Ocurrencia espacial de núcleos dobles c-FOS y NPY positivos / núcleos DAPI,526,WATER_NPY1;E8_FR6-1;E8_FR6-4,WATER_NPY2;E7_FR7-1;E9_FR8-1,WATER_NPY3;E7_FR7-5;E8_FR6-3,0.785224436211,0.153768483235,0.0994011394723,0.162237438588,False,False,biological animal
double_occurrence,Ocurrencia espacial de núcleos dobles c-FOS y NPY positivos / núcleos DAPI,527,WATER_NPY1;E8_FR6-1;E8_FR6-4,WATER_NPY2;E7_FR7-1;E8_FR6-3,WATER_NPY3;E7_FR7-5;E9_FR8-1,2.04947808551,0.153768483235,0.173146250586,0.0832079308773,False,False,biological animal
double_occurrence,Ocurrencia espacial de núcleos dobles c-FOS y NPY positivos / núcleos DAPI,528,WATER_NPY1;E8_FR6-1;E8_FR6-4,WATER_NPY2;E7_FR7-5;E9_FR8-1,WATER_NPY3;E7_FR7-1;E8_FR6-3,0.438237620926,0.153768483235,0.110905650498,0.158283788493,False,False,biological animal
double_occurrence,Ocurrencia espacial de núcleos dobles c-FOS y NPY positivos / núcleos DAPI,529,WATER_NPY1;E8_FR6-1;E8_FR6-4,WATER_NPY2;E7_FR7-5;E8_FR6-3,WATER_NPY3;E7_FR7-1;E9_FR8-1,3.04498724304,0.153768483235,0.173496371672,0.0663496420174,False,False,biological animal
double_occurrence,Ocurrencia espacial de núcleos dobles c-FOS y NPY positivos / núcleos DAPI,530,WATER_NPY1;E8_FR6-1;E8_FR6-4,WATER_NPY2;E9_FR8-1;E8_FR6-3,WATER_NPY3;E7_FR7-1;E7_FR7-5,2.98938886714,0.153768483235,0.183922314028,0.0783666756761,False,False,biological animal
double_occurrence,Ocurrencia espacial de núcleos dobles c-FOS y NPY positivos / núcleos DAPI,531,WATER_NPY1;E8_FR6-1;E8_FR6-4,WATER_NPY3;E7_FR7-1;E7_FR7-5,WATER_NPY2;E9_FR8-1;E8_FR6-3,2.98938886714,0.153768483235,0.0783666756761,0.183922314028,False,False,biological animal
double_occurrence,Ocurrencia espacial de núcleos dobles c-FOS y NPY positivos / núcleos DAPI,532,WATER_NPY1;E8_FR6-1;E8_FR6-4,WATER_NPY3;E7_FR7-1;E9_FR8-1,WATER_NPY2;E7_FR7-5;E8_FR6-3,3.04498724304,0.153768483235,0.0663496420174,0.173496371672,False,False,biological animal
double_occurrence,Ocurrencia espacial de núcleos dobles c-FOS y NPY positivos / núcleos DAPI,533,WATER_NPY1;E8_FR6-1;E8_FR6-4,WATER_NPY3;E7_FR7-1;E8_FR6-3,WATER_NPY2;E7_FR7-5;E9_FR8-1,0.438237620926,0.153768483235,0.158283788493,0.110905650498,False,False,biological animal
double_occurrence,Ocurrencia espacial de núcleos dobles c-FOS y NPY positivos / núcleos DAPI,534,WATER_NPY1;E8_FR6-1;E8_FR6-4,WATER_NPY3;E7_FR7-5;E9_FR8-1,WATER_NPY2;E7_FR7-1;E8_FR6-3,2.04947808551,0.153768483235,0.0832079308773,0.173146250586,False,False,biological animal
double_occurrence,Ocurrencia espacial de núcleos dobles c-FOS y NPY positivos / núcleos DAPI,535,WATER_NPY1;E8_FR6-1;E8_FR6-4,WATER_NPY3;E7_FR7-5;E8_FR6-3,WATER_NPY2;E7_FR7-1;E9_FR8-1,0.785224436211,0.153768483235,0.162237438588,0.0994011394723,False,False,biological animal
double_occurrence,Ocurrencia espacial de núcleos dobles c-FOS y NPY positivos / núcleos DAPI,536,WATER_NPY1;E8_FR6-1;E8_FR6-4,WATER_NPY3;E9_FR8-1;E8_FR6-3,WATER_NPY2;E7_FR7-1;E7_FR7-5,0.876665089755,0.153768483235,0.169855348373,0.102734475655,False,False,biological animal
double_occurrence,Ocurrencia espacial de núcleos dobles c-FOS y NPY positivos / núcleos DAPI,537,WATER_NPY1;E8_FR6-1;E8_FR6-4,E7_FR7-1;E7_FR7-5;E9_FR8-1,WATER_NPY2;WATER_NPY3;E8_FR6-3,5.97255429301,0.153768483235,0.0484435865182,0.200661491111,False,False,biological animal
double_occurrence,Ocurrencia espacial de núcleos dobles c-FOS y NPY positivos / núcleos DAPI,538,WATER_NPY1;E8_FR6-1;E8_FR6-4,E7_FR7-1;E7_FR7-5;E8_FR6-3,WATER_NPY2;WATER_NPY3;E9_FR8-1,1.11619110031,0.153768483235,0.123004150611,0.0949265387532,False,False,biological animal
double_occurrence,Ocurrencia espacial de núcleos dobles c-FOS y NPY positivos / núcleos DAPI,539,WATER_NPY1;E8_FR6-1;E8_FR6-4,E7_FR7-1;E9_FR8-1;E8_FR6-3,WATER_NPY2;WATER_NPY3;E7_FR7-5,0.454654873329,0.153768483235,0.137496356749,0.114141409545,False,False,biological animal
double_occurrence,Ocurrencia espacial de núcleos dobles c-FOS y NPY positivos / núcleos DAPI,540,WATER_NPY1;E8_FR6-1;E8_FR6-4,E7_FR7-5;E9_FR8-1;E8_FR6-3,WATER_NPY2;WATER_NPY3;E7_FR7-1,0.841284491458,0.153768483235,0.14113420508,0.104253083174,False,False,biological animal
double_occurrence,Ocurrencia espacial de núcleos dobles c-FOS y NPY positivos / núcleos DAPI,541,WATER_NPY1;E8_FR6-3;E8_FR6-4,WATER_NPY2;WATER_NPY3;E7_FR7-1,E7_FR7-5;E9_FR8-1;E8_FR6-1,0.739565773465,0.141378919362,0.104253083174,0.155483249123,False,False,biological animal
double_occurrence,Ocurrencia espacial de núcleos dobles c-FOS y NPY positivos / núcleos DAPI,542,WATER_NPY1;E8_FR6-3;E8_FR6-4,WATER_NPY2;WATER_NPY3;E7_FR7-5,E7_FR7-1;E9_FR8-1;E8_FR6-1,0.379245728949,0.141378919362,0.114141409545,0.152637389372,False,False,biological animal
double_occurrence,Ocurrencia espacial de núcleos dobles c-FOS y NPY positivos / núcleos DAPI,543,WATER_NPY1;E8_FR6-3;E8_FR6-4,WATER_NPY2;WATER_NPY3;E9_FR8-1,E7_FR7-1;E7_FR7-5;E8_FR6-1,0.722705827977,0.141378919362,0.0949265387532,0.138379859903,False,False,biological animal
double_occurrence,Ocurrencia espacial de núcleos dobles c-FOS y NPY positivos / núcleos DAPI,544,WATER_NPY1;E8_FR6-3;E8_FR6-4,WATER_NPY2;WATER_NPY3;E8_FR6-1,E7_FR7-1;E7_FR7-5;E9_FR8-1,5.84701056203,0.141378919362,0.218553257758,0.0484435865182,False,False,biological animal
double_occurrence,Ocurrencia espacial de núcleos dobles c-FOS y NPY positivos / núcleos DAPI,545,WATER_NPY1;E8_FR6-3;E8_FR6-4,WATER_NPY2;E7_FR7-1;E7_FR7-5,WATER_NPY3;E9_FR8-1;E8_FR6-1,1.03935020733,0.141378919362,0.102734475655,0.185083308782,False,False,biological animal
double_occurrence,Ocurrencia espacial de núcleos dobles c-FOS y NPY positivos / núcleos DAPI,546,WATER_NPY1;E8_FR6-3;E8_FR6-4,WATER_NPY2;E7_FR7-1;E9_FR8-1,WATER_NPY3;E7_FR7-5;E8_FR6-1,0.853903470014,0.141378919362,0.0994011394723,0.176501711719,False,False,biological animal
double_occurrence,Ocurrencia espacial de núcleos dobles c-FOS y NPY positivos / núcleos DAPI,547,WATER_NPY1;E8_FR6-3;E8_FR6-4,WATER_NPY2;E7_FR7-1;E8_FR6-1,WATER_NPY3;E7_FR7-5;E9_FR8-1,1.95825477247,0.141378919362,0.188274015115,0.0832079308773,False,False,biological animal
double_occurrence,Ocurrencia espacial de núcleos dobles c-FOS y NPY positivos / núcleos DAPI,548,WATER_NPY1;E8_FR6-3;E8_FR6-4,WATER_NPY2;E7_FR7-5;E9_FR8-1,WATER_NPY3;E7_FR7-1;E8_FR6-1,0.548527499355,0.141378919362,0.110905650498,0.173718769592,False,False,biological animal
double_occurrence,Ocurrencia espacial de núcleos dobles c-FOS y NPY positivos / núcleos DAPI,549,WATER_NPY1;E8_FR6-3;E8_FR6-4,WATER_NPY2;E7_FR7-5;E8_FR6-1,WATER_NPY3;E7_FR7-1;E9_FR8-1,2.69785871552,0.141378919362,0.188090026854,0.0663496420174,False,False,biological animal
double_occurrence,Ocurrencia espacial de núcleos dobles c-FOS y NPY positivos / núcleos DAPI,550,WATER_NPY1;E8_FR6-3;E8_FR6-4,WATER_NPY2;E9_FR8-1;E8_FR6-1,WATER_NPY3;E7_FR7-1;E7_FR7-5,2.90910511062,0.141378919362,0.199556872872,0.0783666756761,False,False,biological animal
double_occurrence,Ocurrencia espacial de núcleos dobles c-FOS y NPY positivos / núcleos DAPI,551,WATER_NPY1;E8_FR6-3;E8_FR6-4,WATER_NPY3;E7_FR7-1;E7_FR7-5,WATER_NPY2;E9_FR8-1;E8_FR6-1,2.90910511062,0.141378919362,0.0783666756761,0.199556872872,False,False,biological animal
double_occurrence,Ocurrencia espacial de núcleos dobles c-FOS y NPY positivos / núcleos DAPI,552,WATER_NPY1;E8_FR6-3;E8_FR6-4,WATER_NPY3;E7_FR7-1;E9_FR8-1,WATER_NPY2;E7_FR7-5;E8_FR6-1,2.69785871552,0.141378919362,0.0663496420174,0.188090026854,False,False,biological animal
double_occurrence,Ocurrencia espacial de núcleos dobles c-FOS y NPY positivos / núcleos DAPI,553,WATER_NPY1;E8_FR6-3;E8_FR6-4,WATER_NPY3;E7_FR7-1;E8_FR6-1,WATER_NPY2;E7_FR7-5;E9_FR8-1,0.548527499355,0.141378919362,0.173718769592,0.110905650498,False,False,biological animal
double_occurrence,Ocurrencia espacial de núcleos dobles c-FOS y NPY positivos / núcleos DAPI,554,WATER_NPY1;E8_FR6-3;E8_FR6-4,WATER_NPY3;E7_FR7-5;E9_FR8-1,WATER_NPY2;E7_FR7-1;E8_FR6-1,1.95825477247,0.141378919362,0.0832079308773,0.188274015115,False,False,biological animal
double_occurrence,Ocurrencia espacial de núcleos dobles c-FOS y NPY positivos / núcleos DAPI,555,WATER_NPY1;E8_FR6-3;E8_FR6-4,WATER_NPY3;E7_FR7-5;E8_FR6-1,WATER_NPY2;E7_FR7-1;E9_FR8-1,0.853903470014,0.141378919362,0.176501711719,0.0994011394723,False,False,biological animal
double_occurrence,Ocurrencia espacial de núcleos dobles c-FOS y NPY positivos / núcleos DAPI,556,WATER_NPY1;E8_FR6-3;E8_FR6-4,WATER_NPY3;E9_FR8-1;E8_FR6-1,WATER_NPY2;E7_FR7-1;E7_FR7-5,1.03935020733,0.141378919362,0.185083308782,0.102734475655,False,False,biological animal
double_occurrence,Ocurrencia espacial de núcleos dobles c-FOS y NPY positivos / núcleos DAPI,557,WATER_NPY1;E8_FR6-3;E8_FR6-4,E7_FR7-1;E7_FR7-5;E9_FR8-1,WATER_NPY2;WATER_NPY3;E8_FR6-1,5.84701056203,0.141378919362,0.0484435865182,0.218553257758,False,False,biological animal
double_occurrence,Ocurrencia espacial de núcleos dobles c-FOS y NPY positivos / núcleos DAPI,558,WATER_NPY1;E8_FR6-3;E8_FR6-4,E7_FR7-1;E7_FR7-5;E8_FR6-1,WATER_NPY2;WATER_NPY3;E9_FR8-1,0.722705827977,0.141378919362,0.138379859903,0.0949265387532,False,False,biological animal
double_occurrence,Ocurrencia espacial de núcleos dobles c-FOS y NPY positivos / núcleos DAPI,559,WATER_NPY1;E8_FR6-3;E8_FR6-4,E7_FR7-1;E9_FR8-1;E8_FR6-1,WATER_NPY2;WATER_NPY3;E7_FR7-5,0.379245728949,0.141378919362,0.152637389372,0.114141409545,False,False,biological animal
double_occurrence,Ocurrencia espacial de núcleos dobles c-FOS y NPY positivos / núcleos DAPI,560,WATER_NPY1;E8_FR6-3;E8_FR6-4,E7_FR7-5;E9_FR8-1;E8_FR6-1,WATER_NPY2;WATER_NPY3;E7_FR7-1,0.739565773465,0.141378919362,0.155483249123,0.104253083174,False,False,biological animal
double_occurrence,Ocurrencia espacial de núcleos dobles c-FOS y NPY positivos / núcleos DAPI,561,WATER_NPY2;WATER_NPY3;E7_FR7-1,WATER_NPY1;E7_FR7-5;E9_FR8-1,E8_FR6-1;E8_FR6-3;E8_FR6-4,5.26417314324,0.104253083174,0.106809323416,0.0449807635238,False,False,biological animal
double_occurrence,Ocurrencia espacial de núcleos dobles c-FOS y NPY positivos / núcleos DAPI,562,WATER_NPY2;WATER_NPY3;E7_FR7-1,WATER_NPY1;E7_FR7-5;E8_FR6-1,E9_FR8-1;E8_FR6-3;E8_FR6-4,1.23453822572,0.104253083174,0.155933607873,0.16219363963,False,False,biological animal
double_occurrence,Ocurrencia espacial de núcleos dobles c-FOS y NPY positivos / núcleos DAPI,563,WATER_NPY2;WATER_NPY3;E7_FR7-1,WATER_NPY1;E7_FR7-5;E8_FR6-3,E9_FR8-1;E8_FR6-1;E8_FR6-4,1.58555884838,0.104253083174,0.138969047947,0.170114361786,False,False,biological animal
double_occurrence,Ocurrencia espacial de núcleos dobles c-FOS y NPY positivos / núcleos DAPI,564,WATER_NPY2;WATER_NPY3;E7_FR7-1,WATER_NPY1;E7_FR7-5;E8_FR6-4,E9_FR8-1;E8_FR6-1;E8_FR6-3,1.43628377614,0.104253083174,0.166838620176,0.15534424561,False,False,biological animal
double_occurrence,Ocurrencia espacial de núcleos dobles c-FOS y NPY positivos / núcleos DAPI,565,WATER_NPY2;WATER_NPY3;E7_FR7-1,WATER_NPY1;E9_FR8-1;E8_FR6-1,E7_FR7-5;E8_FR6-3;E8_FR6-4,2.51547131159,0.104253083174,0.181725944297,0.135435925413,False,False,biological animal
double_occurrence,Ocurrencia espacial de núcleos dobles c-FOS y NPY positivos / núcleos DAPI,566,WATER_NPY2;WATER_NPY3;E7_FR7-1,WATER_NPY1;E9_FR8-1;E8_FR6-3,E7_FR7-5;E8_FR6-1;E8_FR6-4,1.93479833532,0.104253083174,0.165326588668,0.144009708277,False,False,biological animal
double_occurrence,Ocurrencia espacial de núcleos dobles c-FOS y NPY positivos / núcleos DAPI,567,WATER_NPY2;WATER_NPY3;E7_FR7-1,WATER_NPY1;E9_FR8-1;E8_FR6-4,E7_FR7-5;E8_FR6-1;E8_FR6-3,3.72389875188,0.104253083174,0.19101882901,0.12772716793,False,False,biological animal
double_occurrence,Ocurrencia espacial de núcleos dobles c-FOS y NPY positivos / núcleos DAPI,568,WATER_NPY2;WATER_NPY3;E7_FR7-1,WATER_NPY1;E8_FR6-1;E8_FR6-3,E7_FR7-5;E9_FR8-1;E8_FR6-4,1.09249188476,0.104253083174,0.135998653466,0.168590636599,False,False,biological animal
double_occurrence,Ocurrencia espacial de núcleos dobles c-FOS y NPY positivos / núcleos DAPI,569,WATER_NPY2;WATER_NPY3;E7_FR7-1,WATER_NPY1;E8_FR6-1;E8_FR6-4,E7_FR7-5;E9_FR8-1;E8_FR6-3,0.841284491458,0.104253083174,0.153768483235,0.14113420508,False,False,biological animal
double_occurrence,Ocurrencia espacial de núcleos dobles c-FOS y NPY positivos / núcleos DAPI,570,WATER_NPY2;WATER_NPY3;E7_FR7-1,WATER_NPY1;E8_FR6-3;E8_FR6-4,E7_FR7-5;E9_FR8-1;E8_FR6-1,0.739565773465,0.104253083174,0.141378919362,0.155483249123,False,False,biological animal
double_occurrence,Ocurrencia espacial de núcleos dobles c-FOS y NPY positivos / núcleos DAPI,571,WATER_NPY2;WATER_NPY3;E7_FR7-1,E7_FR7-5;E9_FR8-1;E8_FR6-1,WATER_NPY1;E8_FR6-3;E8_FR6-4,0.739565773465,0.104253083174,0.155483249123,0.141378919362,False,False,biological animal
double_occurrence,Ocurrencia espacial de núcleos dobles c-FOS y NPY positivos / núcleos DAPI,572,WATER_NPY2;WATER_NPY3;E7_FR7-1,E7_FR7-5;E9_FR8-1;E8_FR6-3,WATER_NPY1;E8_FR6-1;E8_FR6-4,0.841284491458,0.104253083174,0.14113420508,0.153768483235,False,False,biological animal
double_occurrence,Ocurrencia espacial de núcleos dobles c-FOS y NPY positivos / núcleos DAPI,573,WATER_NPY2;WATER_NPY3;E7_FR7-1,E7_FR7-5;E9_FR8-1;E8_FR6-4,WATER_NPY1;E8_FR6-1;E8_FR6-3,1.09249188476,0.104253083174,0.168590636599,0.135998653466,False,False,biological animal
double_occurrence,Ocurrencia espacial de núcleos dobles c-FOS y NPY positivos / núcleos DAPI,574,WATER_NPY2;WATER_NPY3;E7_FR7-1,E7_FR7-5;E8_FR6-1;E8_FR6-3,WATER_NPY1;E9_FR8-1;E8_FR6-4,3.72389875188,0.104253083174,0.12772716793,0.19101882901,False,False,biological animal
double_occurrence,Ocurrencia espacial de núcleos dobles c-FOS y NPY positivos / núcleos DAPI,575,WATER_NPY2;WATER_NPY3;E7_FR7-1,E7_FR7-5;E8_FR6-1;E8_FR6-4,WATER_NPY1;E9_FR8-1;E8_FR6-3,1.93479833532,0.104253083174,0.144009708277,0.165326588668,False,False,biological animal
double_occurrence,Ocurrencia espacial de núcleos dobles c-FOS y NPY positivos / núcleos DAPI,576,WATER_NPY2;WATER_NPY3;E7_FR7-1,E7_FR7-5;E8_FR6-3;E8_FR6-4,WATER_NPY1;E9_FR8-1;E8_FR6-1,2.51547131159,0.104253083174,0.135435925413,0.181725944297,False,False,biological animal
double_occurrence,Ocurrencia espacial de núcleos dobles c-FOS y NPY positivos / núcleos DAPI,577,WATER_NPY2;WATER_NPY3;E7_FR7-1,E9_FR8-1;E8_FR6-1;E8_FR6-3,WATER_NPY1;E7_FR7-5;E8_FR6-4,1.43628377614,0.104253083174,0.15534424561,0.166838620176,False,False,biological animal
double_occurrence,Ocurrencia espacial de núcleos dobles c-FOS y NPY positivos / núcleos DAPI,578,WATER_NPY2;WATER_NPY3;E7_FR7-1,E9_FR8-1;E8_FR6-1;E8_FR6-4,WATER_NPY1;E7_FR7-5;E8_FR6-3,1.58555884838,0.104253083174,0.170114361786,0.138969047947,False,False,biological animal
double_occurrence,Ocurrencia espacial de núcleos dobles c-FOS y NPY positivos / núcleos DAPI,579,WATER_NPY2;WATER_NPY3;E7_FR7-1,E9_FR8-1;E8_FR6-3;E8_FR6-4,WATER_NPY1;E7_FR7-5;E8_FR6-1,1.23453822572,0.104253083174,0.16219363963,0.155933607873,False,False,biological animal
double_occurrence,Ocurrencia espacial de núcleos dobles c-FOS y NPY positivos / núcleos DAPI,580,WATER_NPY2;WATER_NPY3;E7_FR7-1,E8_FR6-1;E8_FR6-3;E8_FR6-4,WATER_NPY1;E7_FR7-5;E9_FR8-1,5.26417314324,0.104253083174,0.0449807635238,0.106809323416,False,False,biological animal
double_occurrence,Ocurrencia espacial de núcleos dobles c-FOS y NPY positivos / núcleos DAPI,581,WATER_NPY2;WATER_NPY3;E7_FR7-5,WATER_NPY1;E7_FR7-1;E9_FR8-1,E8_FR6-1;E8_FR6-3;E8_FR6-4,4.94168113255,0.114141409545,0.104490056246,0.0449807635238,False,False,biological animal
double_occurrence,Ocurrencia espacial de núcleos dobles c-FOS y NPY positivos / núcleos DAPI,582,WATER_NPY2;WATER_NPY3;E7_FR7-5,WATER_NPY1;E7_FR7-1;E8_FR6-1,E9_FR8-1;E8_FR6-3;E8_FR6-4,1.02672686343,0.114141409545,0.163314876386,0.16219363963,False,False,biological animal
double_occurrence,Ocurrencia espacial de núcleos dobles c-FOS y NPY positivos / núcleos DAPI,583,WATER_NPY2;WATER_NPY3;E7_FR7-5,WATER_NPY1;E7_FR7-1;E8_FR6-3,E9_FR8-1;E8_FR6-1;E8_FR6-4,1.21307490974,0.114141409545,0.146373399917,0.170114361786,False,False,biological animal
double_occurrence,Ocurrencia espacial de núcleos dobles c-FOS y NPY positivos / núcleos DAPI,584,WATER_NPY2;WATER_NPY3;E7_FR7-5,WATER_NPY1;E7_FR7-1;E8_FR6-4,E9_FR8-1;E8_FR6-1;E8_FR6-3,1.2728530205,0.114141409545,0.173245915208,0.15534424561,False,False,biological animal
double_occurrence,Ocurrencia espacial de núcleos dobles c-FOS y NPY positivos / núcleos DAPI,585,WATER_NPY2;WATER_NPY3;E7_FR7-5,WATER_NPY1;E9_FR8-1;E8_FR6-1,E7_FR7-1;E8_FR6-3;E8_FR6-4,1.87778324209,0.114141409545,0.181725944297,0.140781838726,False,False,biological animal
double_occurrence,Ocurrencia espacial de núcleos dobles c-FOS y NPY positivos / núcleos DAPI,586,WATER_NPY2;WATER_NPY3;E7_FR7-5,WATER_NPY1;E9_FR8-1;E8_FR6-3,E7_FR7-1;E8_FR6-1;E8_FR6-4,1.32127142404,0.114141409545,0.165326588668,0.149326862479,False,False,biological animal
double_occurrence,Ocurrencia espacial de núcleos dobles c-FOS y NPY positivos / núcleos DAPI,587,WATER_NPY2;WATER_NPY3;E7_FR7-5,WATER_NPY1;E9_FR8-1;E8_FR6-4,E7_FR7-1;E8_FR6-1;E8_FR6-3,2.78909410687,0.114141409545,0.19101882901,0.133615610223,False,False,biological animal
double_occurrence,Ocurrencia espacial de núcleos dobles c-FOS y NPY positivos / núcleos DAPI,588,WATER_NPY2;WATER_NPY3;E7_FR7-5,WATER_NPY1;E8_FR6-1;E8_FR6-3,E7_FR7-1;E9_FR8-1;E8_FR6-4,0.631571360186,0.114141409545,0.135998653466,0.165278911965,False,False,biological animal
double_occurrence,Ocurrencia espacial de núcleos dobles c-FOS y NPY positivos / núcleos DAPI,589,WATER_NPY2;WATER_NPY3;E7_FR7-5,WATER_NPY1;E8_FR6-1;E8_FR6-4,E7_FR7-1;E9_FR8-1;E8_FR6-3,0.454654873329,0.114141409545,0.153768483235,0.137496356749,False,False,biological animal
double_occurrence,Ocurrencia espacial de núcleos dobles c-FOS y NPY positivos / núcleos DAPI,590,WATER_NPY2;WATER_NPY3;E7_FR7-5,WATER_NPY1;E8_FR6-3;E8_FR6-4,E7_FR7-1;E9_FR8-1;E8_FR6-1,0.379245728949,0.114141409545,0.141378919362,0.152637389372,False,False,biological animal
double_occurrence,Ocurrencia espacial de núcleos dobles c-FOS y NPY positivos / núcleos DAPI,591,WATER_NPY2;WATER_NPY3;E7_FR7-5,E7_FR7-1;E9_FR8-1;E8_FR6-1,WATER_NPY1;E8_FR6-3;E8_FR6-4,0.379245728949,0.114141409545,0.152637389372,0.141378919362,False,False,biological animal
double_occurrence,Ocurrencia espacial de núcleos dobles c-FOS y NPY positivos / núcleos DAPI,592,WATER_NPY2;WATER_NPY3;E7_FR7-5,E7_FR7-1;E9_FR8-1;E8_FR6-3,WATER_NPY1;E8_FR6-1;E8_FR6-4,0.454654873329,0.114141409545,0.137496356749,0.153768483235,False,False,biological animal
double_occurrence,Ocurrencia espacial de núcleos dobles c-FOS y NPY positivos / núcleos DAPI,593,WATER_NPY2;WATER_NPY3;E7_FR7-5,E7_FR7-1;E9_FR8-1;E8_FR6-4,WATER_NPY1;E8_FR6-1;E8_FR6-3,0.631571360186,0.114141409545,0.165278911965,0.135998653466,False,False,biological animal
double_occurrence,Ocurrencia espacial de núcleos dobles c-FOS y NPY positivos / núcleos DAPI,594,WATER_NPY2;WATER_NPY3;E7_FR7-5,E7_FR7-1;E8_FR6-1;E8_FR6-3,WATER_NPY1;E9_FR8-1;E8_FR6-4,2.78909410687,0.114141409545,0.133615610223,0.19101882901,False,False,biological animal
double_occurrence,Ocurrencia espacial de núcleos dobles c-FOS y NPY positivos / núcleos DAPI,595,WATER_NPY2;WATER_NPY3;E7_FR7-5,E7_FR7-1;E8_FR6-1;E8_FR6-4,WATER_NPY1;E9_FR8-1;E8_FR6-3,1.32127142404,0.114141409545,0.149326862479,0.165326588668,False,False,biological animal
double_occurrence,Ocurrencia espacial de núcleos dobles c-FOS y NPY positivos / núcleos DAPI,596,WATER_NPY2;WATER_NPY3;E7_FR7-5,E7_FR7-1;E8_FR6-3;E8_FR6-4,WATER_NPY1;E9_FR8-1;E8_FR6-1,1.87778324209,0.114141409545,0.140781838726,0.181725944297,False,False,biological animal
double_occurrence,Ocurrencia espacial de núcleos dobles c-FOS y NPY positivos / núcleos DAPI,597,WATER_NPY2;WATER_NPY3;E7_FR7-5,E9_FR8-1;E8_FR6-1;E8_FR6-3,WATER_NPY1;E7_FR7-1;E8_FR6-4,1.2728530205,0.114141409545,0.15534424561,0.173245915208,False,False,biological animal
double_occurrence,Ocurrencia espacial de núcleos dobles c-FOS y NPY positivos / núcleos DAPI,598,WATER_NPY2;WATER_NPY3;E7_FR7-5,E9_FR8-1;E8_FR6-1;E8_FR6-4,WATER_NPY1;E7_FR7-1;E8_FR6-3,1.21307490974,0.114141409545,0.170114361786,0.146373399917,False,False,biological animal
double_occurrence,Ocurrencia espacial de núcleos dobles c-FOS y NPY positivos / núcleos DAPI,599,WATER_NPY2;WATER_NPY3;E7_FR7-5,E9_FR8-1;E8_FR6-3;E8_FR6-4,WATER_NPY1;E7_FR7-1;E8_FR6-1,1.02672686343,0.114141409545,0.16219363963,0.163314876386,False,False,biological animal
double_occurrence,Ocurrencia espacial de núcleos dobles c-FOS y NPY positivos / núcleos DAPI,600,WATER_NPY2;WATER_NPY3;E7_FR7-5,E8_FR6-1;E8_FR6-3;E8_FR6-4,WATER_NPY1;E7_FR7-1;E9_FR8-1,4.94168113255,0.114141409545,0.0449807635238,0.104490056246,False,False,biological animal
double_occurrence,Ocurrencia espacial de núcleos dobles c-FOS y NPY positivos / núcleos DAPI,601,WATER_NPY2;WATER_NPY3;E9_FR8-1,WATER_NPY1;E7_FR7-1;E7_FR7-5,E8_FR6-1;E8_FR6-3;E8_FR6-4,3.25621466545,0.0949265387532,0.0865898893859,0.0449807635238,False,False,biological animal
double_occurrence,Ocurrencia espacial de núcleos dobles c-FOS y NPY positivos / núcleos DAPI,602,WATER_NPY2;WATER_NPY3;E9_FR8-1,WATER_NPY1;E7_FR7-1;E8_FR6-1,E7_FR7-5;E8_FR6-3;E8_FR6-4,1.78255953252,0.0949265387532,0.163314876386,0.135435925413,False,False,biological animal
double_occurrence,Ocurrencia espacial de núcleos dobles c-FOS y NPY positivos / núcleos DAPI,603,WATER_NPY2;WATER_NPY3;E9_FR8-1,WATER_NPY1;E7_FR7-1;E8_FR6-3,E7_FR7-5;E8_FR6-1;E8_FR6-4,1.6151859527,0.0949265387532,0.146373399917,0.144009708277,False,False,biological animal
double_occurrence,Ocurrencia espacial de núcleos dobles c-FOS y NPY positivos / núcleos DAPI,604,WATER_NPY2;WATER_NPY3;E9_FR8-1,WATER_NPY1;E7_FR7-1;E8_FR6-4,E7_FR7-5;E8_FR6-1;E8_FR6-3,2.6120356376,0.0949265387532,0.173245915208,0.12772716793,False,False,biological animal
double_occurrence,Ocurrencia espacial de núcleos dobles c-FOS y NPY positivos / núcleos DAPI,605,WATER_NPY2;WATER_NPY3;E9_FR8-1,WATER_NPY1;E7_FR7-5;E8_FR6-1,E7_FR7-1;E8_FR6-3;E8_FR6-4,1.38589176607,0.0949265387532,0.155933607873,0.140781838726,False,False,biological animal
double_occurrence,Ocurrencia espacial de núcleos dobles c-FOS y NPY positivos / núcleos DAPI,606,WATER_NPY2;WATER_NPY3;E9_FR8-1,WATER_NPY1;E7_FR7-5;E8_FR6-3,E7_FR7-1;E8_FR6-1;E8_FR6-4,1.4420916052,0.0949265387532,0.138969047947,0.149326862479,False,False,biological animal
double_occurrence,Ocurrencia espacial de núcleos dobles c-FOS y NPY positivos / núcleos DAPI,607,WATER_NPY2;WATER_NPY3;E9_FR8-1,WATER_NPY1;E7_FR7-5;E8_FR6-4,E7_FR7-1;E8_FR6-1;E8_FR6-3,1.91848466248,0.0949265387532,0.166838620176,0.133615610223,False,False,biological animal
double_occurrence,Ocurrencia espacial de núcleos dobles c-FOS y NPY positivos / núcleos DAPI,608,WATER_NPY2;WATER_NPY3;E9_FR8-1,WATER_NPY1;E8_FR6-1;E8_FR6-3,E7_FR7-1;E7_FR7-5;E8_FR6-4,0.920326166522,0.0949265387532,0.135998653466,0.152185747168,False,False,biological animal
double_occurrence,Ocurrencia espacial de núcleos dobles c-FOS y NPY positivos / núcleos DAPI,609,WATER_NPY2;WATER_NPY3;E9_FR8-1,WATER_NPY1;E8_FR6-1;E8_FR6-4,E7_FR7-1;E7_FR7-5;E8_FR6-3,1.11619110031,0.0949265387532,0.153768483235,0.123004150611,False,False,biological animal
double_occurrence,Ocurrencia espacial de núcleos dobles c-FOS y NPY positivos / núcleos DAPI,610,WATER_NPY2;WATER_NPY3;E9_FR8-1,WATER_NPY1;E8_FR6-3;E8_FR6-4,E7_FR7-1;E7_FR7-5;E8_FR6-1,0.722705827977,0.0949265387532,0.141378919362,0.138379859903,False,False,biological animal
double_occurrence,Ocurrencia espacial de núcleos dobles c-FOS y NPY positivos / núcleos DAPI,611,WATER_NPY2;WATER_NPY3;E9_FR8-1,E7_FR7-1;E7_FR7-5;E8_FR6-1,WATER_NPY1;E8_FR6-3;E8_FR6-4,0.722705827977,0.0949265387532,0.138379859903,0.141378919362,False,False,biological animal
double_occurrence,Ocurrencia espacial de núcleos dobles c-FOS y NPY positivos / núcleos DAPI,612,WATER_NPY2;WATER_NPY3;E9_FR8-1,E7_FR7-1;E7_FR7-5;E8_FR6-3,WATER_NPY1;E8_FR6-1;E8_FR6-4,1.11619110031,0.0949265387532,0.123004150611,0.153768483235,False,False,biological animal
double_occurrence,Ocurrencia espacial de núcleos dobles c-FOS y NPY positivos / núcleos DAPI,613,WATER_NPY2;WATER_NPY3;E9_FR8-1,E7_FR7-1;E7_FR7-5;E8_FR6-4,WATER_NPY1;E8_FR6-1;E8_FR6-3,0.920326166522,0.0949265387532,0.152185747168,0.135998653466,False,False,biological animal
double_occurrence,Ocurrencia espacial de núcleos dobles c-FOS y NPY positivos / núcleos DAPI,614,WATER_NPY2;WATER_NPY3;E9_FR8-1,E7_FR7-1;E8_FR6-1;E8_FR6-3,WATER_NPY1;E7_FR7-5;E8_FR6-4,1.91848466248,0.0949265387532,0.133615610223,0.166838620176,False,False,biological animal
double_occurrence,Ocurrencia espacial de núcleos dobles c-FOS y NPY positivos / núcleos DAPI,615,WATER_NPY2;WATER_NPY3;E9_FR8-1,E7_FR7-1;E8_FR6-1;E8_FR6-4,WATER_NPY1;E7_FR7-5;E8_FR6-3,1.4420916052,0.0949265387532,0.149326862479,0.138969047947,False,False,biological animal
double_occurrence,Ocurrencia espacial de núcleos dobles c-FOS y NPY positivos / núcleos DAPI,616,WATER_NPY2;WATER_NPY3;E9_FR8-1,E7_FR7-1;E8_FR6-3;E8_FR6-4,WATER_NPY1;E7_FR7-5;E8_FR6-1,1.38589176607,0.0949265387532,0.140781838726,0.155933607873,False,False,biological animal
double_occurrence,Ocurrencia espacial de núcleos dobles c-FOS y NPY positivos / núcleos DAPI,617,WATER_NPY2;WATER_NPY3;E9_FR8-1,E7_FR7-5;E8_FR6-1;E8_FR6-3,WATER_NPY1;E7_FR7-1;E8_FR6-4,2.6120356376,0.0949265387532,0.12772716793,0.173245915208,False,False,biological animal
double_occurrence,Ocurrencia espacial de núcleos dobles c-FOS y NPY positivos / núcleos DAPI,618,WATER_NPY2;WATER_NPY3;E9_FR8-1,E7_FR7-5;E8_FR6-1;E8_FR6-4,WATER_NPY1;E7_FR7-1;E8_FR6-3,1.6151859527,0.0949265387532,0.144009708277,0.146373399917,False,False,biological animal
double_occurrence,Ocurrencia espacial de núcleos dobles c-FOS y NPY positivos / núcleos DAPI,619,WATER_NPY2;WATER_NPY3;E9_FR8-1,E7_FR7-5;E8_FR6-3;E8_FR6-4,WATER_NPY1;E7_FR7-1;E8_FR6-1,1.78255953252,0.0949265387532,0.135435925413,0.163314876386,False,False,biological animal
double_occurrence,Ocurrencia espacial de núcleos dobles c-FOS y NPY positivos / núcleos DAPI,620,WATER_NPY2;WATER_NPY3;E9_FR8-1,E8_FR6-1;E8_FR6-3;E8_FR6-4,WATER_NPY1;E7_FR7-1;E7_FR7-5,3.25621466545,0.0949265387532,0.0449807635238,0.0865898893859,False,False,biological animal
double_occurrence,Ocurrencia espacial de núcleos dobles c-FOS y NPY positivos / núcleos DAPI,621,WATER_NPY2;WATER_NPY3;E8_FR6-1,WATER_NPY1;E7_FR7-1;E7_FR7-5,E9_FR8-1;E8_FR6-3;E8_FR6-4,3.2427221875,0.218553257758,0.0865898893859,0.16219363963,False,False,biological animal
double_occurrence,Ocurrencia espacial de núcleos dobles c-FOS y NPY positivos / núcleos DAPI,622,WATER_NPY2;WATER_NPY3;E8_FR6-1,WATER_NPY1;E7_FR7-1;E9_FR8-1,E7_FR7-5;E8_FR6-3;E8_FR6-4,2.65202680602,0.218553257758,0.104490056246,0.135435925413,False,False,biological animal
double_occurrence,Ocurrencia espacial de núcleos dobles c-FOS y NPY positivos / núcleos DAPI,623,WATER_NPY2;WATER_NPY3;E8_FR6-1,WATER_NPY1;E7_FR7-1;E8_FR6-3,E7_FR7-5;E9_FR8-1;E8_FR6-4,1.18036322274,0.218553257758,0.146373399917,0.168590636599,False,False,biological animal
double_occurrence,Ocurrencia espacial de núcleos dobles c-FOS y NPY positivos / núcleos DAPI,624,WATER_NPY2;WATER_NPY3;E8_FR6-1,WATER_NPY1;E7_FR7-1;E8_FR6-4,E7_FR7-5;E9_FR8-1;E8_FR6-3,1.33711428666,0.218553257758,0.173245915208,0.14113420508,False,False,biological animal
double_occurrence,Ocurrencia espacial de núcleos dobles c-FOS y NPY positivos / núcleos DAPI,625,WATER_NPY2;WATER_NPY3;E8_FR6-1,WATER_NPY1;E7_FR7-5;E9_FR8-1,E7_FR7-1;E8_FR6-3;E8_FR6-4,2.57642357067,0.218553257758,0.106809323416,0.140781838726,False,False,biological animal
double_occurrence,Ocurrencia espacial de núcleos dobles c-FOS y NPY positivos / núcleos DAPI,626,WATER_NPY2;WATER_NPY3;E8_FR6-1,WATER_NPY1;E7_FR7-5;E8_FR6-3,E7_FR7-1;E9_FR8-1;E8_FR6-4,1.27746296375,0.218553257758,0.138969047947,0.165278911965,False,False,biological animal
double_occurrence,Ocurrencia espacial de núcleos dobles c-FOS y NPY positivos / núcleos DAPI,627,WATER_NPY2;WATER_NPY3;E8_FR6-1,WATER_NPY1;E7_FR7-5;E8_FR6-4,E7_FR7-1;E9_FR8-1;E8_FR6-3,1.32784732505,0.218553257758,0.166838620176,0.137496356749,False,False,biological animal
double_occurrence,Ocurrencia espacial de núcleos dobles c-FOS y NPY positivos / núcleos DAPI,628,WATER_NPY2;WATER_NPY3;E8_FR6-1,WATER_NPY1;E9_FR8-1;E8_FR6-3,E7_FR7-1;E7_FR7-5;E8_FR6-4,1.09149507584,0.218553257758,0.165326588668,0.152185747168,False,False,biological animal
double_occurrence,Ocurrencia espacial de núcleos dobles c-FOS y NPY positivos / núcleos DAPI,629,WATER_NPY2;WATER_NPY3;E8_FR6-1,WATER_NPY1;E9_FR8-1;E8_FR6-4,E7_FR7-1;E7_FR7-5;E8_FR6-3,2.2620946592,0.218553257758,0.19101882901,0.123004150611,False,False,biological animal
double_occurrence,Ocurrencia espacial de núcleos dobles c-FOS y NPY positivos / núcleos DAPI,630,WATER_NPY2;WATER_NPY3;E8_FR6-1,WATER_NPY1;E8_FR6-3;E8_FR6-4,E7_FR7-1;E7_FR7-5;E9_FR8-1,5.84701056203,0.218553257758,0.141378919362,0.0484435865182,False,False,biological animal
double_occurrence,Ocurrencia espacial de núcleos dobles c-FOS y NPY positivos / núcleos DAPI,631,WATER_NPY2;WATER_NPY3;E8_FR6-1,E7_FR7-1;E7_FR7-5;E9_FR8-1,WATER_NPY1;E8_FR6-3;E8_FR6-4,5.84701056203,0.218553257758,0.0484435865182,0.141378919362,False,False,biological animal
double_occurrence,Ocurrencia espacial de núcleos dobles c-FOS y NPY positivos / núcleos DAPI,632,WATER_NPY2;WATER_NPY3;E8_FR6-1,E7_FR7-1;E7_FR7-5;E8_FR6-3,WATER_NPY1;E9_FR8-1;E8_FR6-4,2.2620946592,0.218553257758,0.123004150611,0.19101882901,False,False,biological animal
double_occurrence,Ocurrencia espacial de núcleos dobles c-FOS y NPY positivos / núcleos DAPI,633,WATER_NPY2;WATER_NPY3;E8_FR6-1,E7_FR7-1;E7_FR7-5;E8_FR6-4,WATER_NPY1;E9_FR8-1;E8_FR6-3,1.09149507584,0.218553257758,0.152185747168,0.165326588668,False,False,biological animal
double_occurrence,Ocurrencia espacial de núcleos dobles c-FOS y NPY positivos / núcleos DAPI,634,WATER_NPY2;WATER_NPY3;E8_FR6-1,E7_FR7-1;E9_FR8-1;E8_FR6-3,WATER_NPY1;E7_FR7-5;E8_FR6-4,1.32784732505,0.218553257758,0.137496356749,0.166838620176,False,False,biological animal
double_occurrence,Ocurrencia espacial de núcleos dobles c-FOS y NPY positivos / núcleos DAPI,635,WATER_NPY2;WATER_NPY3;E8_FR6-1,E7_FR7-1;E9_FR8-1;E8_FR6-4,WATER_NPY1;E7_FR7-5;E8_FR6-3,1.27746296375,0.218553257758,0.165278911965,0.138969047947,False,False,biological animal
double_occurrence,Ocurrencia espacial de núcleos dobles c-FOS y NPY positivos / núcleos DAPI,636,WATER_NPY2;WATER_NPY3;E8_FR6-1,E7_FR7-1;E8_FR6-3;E8_FR6-4,WATER_NPY1;E7_FR7-5;E9_FR8-1,2.57642357067,0.218553257758,0.140781838726,0.106809323416,False,False,biological animal
double_occurrence,Ocurrencia espacial de núcleos dobles c-FOS y NPY positivos / núcleos DAPI,637,WATER_NPY2;WATER_NPY3;E8_FR6-1,E7_FR7-5;E9_FR8-1;E8_FR6-3,WATER_NPY1;E7_FR7-1;E8_FR6-4,1.33711428666,0.218553257758,0.14113420508,0.173245915208,False,False,biological animal
double_occurrence,Ocurrencia espacial de núcleos dobles c-FOS y NPY positivos / núcleos DAPI,638,WATER_NPY2;WATER_NPY3;E8_FR6-1,E7_FR7-5;E9_FR8-1;E8_FR6-4,WATER_NPY1;E7_FR7-1;E8_FR6-3,1.18036322274,0.218553257758,0.168590636599,0.146373399917,False,False,biological animal
double_occurrence,Ocurrencia espacial de núcleos dobles c-FOS y NPY positivos / núcleos DAPI,639,WATER_NPY2;WATER_NPY3;E8_FR6-1,E7_FR7-5;E8_FR6-3;E8_FR6-4,WATER_NPY1;E7_FR7-1;E9_FR8-1,2.65202680602,0.218553257758,0.135435925413,0.104490056246,False,False,biological animal
double_occurrence,Ocurrencia espacial de núcleos dobles c-FOS y NPY positivos / núcleos DAPI,640,WATER_NPY2;WATER_NPY3;E8_FR6-1,E9_FR8-1;E8_FR6-3;E8_FR6-4,WATER_NPY1;E7_FR7-1;E7_FR7-5,3.2427221875,0.218553257758,0.16219363963,0.0865898893859,False,False,biological animal
double_occurrence,Ocurrencia espacial de núcleos dobles c-FOS y NPY positivos / núcleos DAPI,641,WATER_NPY2;WATER_NPY3;E8_FR6-3,WATER_NPY1;E7_FR7-1;E7_FR7-5,E9_FR8-1;E8_FR6-1;E8_FR6-4,2.99375543136,0.200661491111,0.0865898893859,0.170114361786,False,False,biological animal
double_occurrence,Ocurrencia espacial de núcleos dobles c-FOS y NPY positivos / núcleos DAPI,642,WATER_NPY2;WATER_NPY3;E8_FR6-3,WATER_NPY1;E7_FR7-1;E9_FR8-1,E7_FR7-5;E8_FR6-1;E8_FR6-4,2.1233881592,0.200661491111,0.104490056246,0.144009708277,False,False,biological animal
double_occurrence,Ocurrencia espacial de núcleos dobles c-FOS y NPY positivos / núcleos DAPI,643,WATER_NPY2;WATER_NPY3;E8_FR6-3,WATER_NPY1;E7_FR7-1;E8_FR6-1,E7_FR7-5;E9_FR8-1;E8_FR6-4,0.375694465512,0.200661491111,0.163314876386,0.168590636599,False,False,biological animal
double_occurrence,Ocurrencia espacial de núcleos dobles c-FOS y NPY positivos / núcleos DAPI,644,WATER_NPY2;WATER_NPY3;E8_FR6-3,WATER_NPY1;E7_FR7-1;E8_FR6-4,E7_FR7-5;E9_FR8-1;E8_FR6-1,0.484923794918,0.200661491111,0.173245915208,0.155483249123,False,False,biological animal
double_occurrence,Ocurrencia espacial de núcleos dobles c-FOS y NPY positivos / núcleos DAPI,645,WATER_NPY2;WATER_NPY3;E8_FR6-3,WATER_NPY1;E7_FR7-5;E9_FR8-1,E7_FR7-1;E8_FR6-1;E8_FR6-4,2.06144249842,0.200661491111,0.106809323416,0.149326862479,False,False,biological animal
double_occurrence,Ocurrencia espacial de núcleos dobles c-FOS y NPY positivos / núcleos DAPI,646,WATER_NPY2;WATER_NPY3;E8_FR6-3,WATER_NPY1;E7_FR7-5;E8_FR6-1,E7_FR7-1;E9_FR8-1;E8_FR6-4,0.451063148006,0.200661491111,0.155933607873,0.165278911965,False,False,biological animal
double_occurrence,Ocurrencia espacial de núcleos dobles c-FOS y NPY positivos / núcleos DAPI,647,WATER_NPY2;WATER_NPY3;E8_FR6-3,WATER_NPY1;E7_FR7-5;E8_FR6-4,E7_FR7-1;E9_FR8-1;E8_FR6-1,0.504920556919,0.200661491111,0.166838620176,0.152637389372,False,False,biological animal
double_occurrence,Ocurrencia espacial de núcleos dobles c-FOS y NPY positivos / núcleos DAPI,648,WATER_NPY2;WATER_NPY3;E8_FR6-3,WATER_NPY1;E9_FR8-1;E8_FR6-1,E7_FR7-1;E7_FR7-5;E8_FR6-4,0.580885512668,0.200661491111,0.181725944297,0.152185747168,False,False,biological animal
double_occurrence,Ocurrencia espacial de núcleos dobles c-FOS y NPY positivos / núcleos DAPI,649,WATER_NPY2;WATER_NPY3;E8_FR6-3,WATER_NPY1;E9_FR8-1;E8_FR6-4,E7_FR7-1;E7_FR7-5;E8_FR6-1,1.11804042608,0.200661491111,0.19101882901,0.138379859903,False,False,biological animal
double_occurrence,Ocurrencia espacial de núcleos dobles c-FOS y NPY positivos / núcleos DAPI,650,WATER_NPY2;WATER_NPY3;E8_FR6-3,WATER_NPY1;E8_FR6-1;E8_FR6-4,E7_FR7-1;E7_FR7-5;E9_FR8-1,5.97255429301,0.200661491111,0.153768483235,0.0484435865182,False,False,biological animal
double_occurrence,Ocurrencia espacial de núcleos dobles c-FOS y NPY positivos / núcleos DAPI,651,WATER_NPY2;WATER_NPY3;E8_FR6-3,E7_FR7-1;E7_FR7-5;E9_FR8-1,WATER_NPY1;E8_FR6-1;E8_FR6-4,5.97255429301,0.200661491111,0.0484435865182,0.153768483235,False,False,biological animal
double_occurrence,Ocurrencia espacial de núcleos dobles c-FOS y NPY positivos / núcleos DAPI,652,WATER_NPY2;WATER_NPY3;E8_FR6-3,E7_FR7-1;E7_FR7-5;E8_FR6-1,WATER_NPY1;E9_FR8-1;E8_FR6-4,1.11804042608,0.200661491111,0.138379859903,0.19101882901,False,False,biological animal
double_occurrence,Ocurrencia espacial de núcleos dobles c-FOS y NPY positivos / núcleos DAPI,653,WATER_NPY2;WATER_NPY3;E8_FR6-3,E7_FR7-1;E7_FR7-5;E8_FR6-4,WATER_NPY1;E9_FR8-1;E8_FR6-1,0.580885512668,0.200661491111,0.152185747168,0.181725944297,False,False,biological animal
double_occurrence,Ocurrencia espacial de núcleos dobles c-FOS y NPY positivos / núcleos DAPI,654,WATER_NPY2;WATER_NPY3;E8_FR6-3,E7_FR7-1;E9_FR8-1;E8_FR6-1,WATER_NPY1;E7_FR7-5;E8_FR6-4,0.504920556919,0.200661491111,0.152637389372,0.166838620176,False,False,biological animal
double_occurrence,Ocurrencia espacial de núcleos dobles c-FOS y NPY positivos / núcleos DAPI,655,WATER_NPY2;WATER_NPY3;E8_FR6-3,E7_FR7-1;E9_FR8-1;E8_FR6-4,WATER_NPY1;E7_FR7-5;E8_FR6-1,0.451063148006,0.200661491111,0.165278911965,0.155933607873,False,False,biological animal
double_occurrence,Ocurrencia espacial de núcleos dobles c-FOS y NPY positivos / núcleos DAPI,656,WATER_NPY2;WATER_NPY3;E8_FR6-3,E7_FR7-1;E8_FR6-1;E8_FR6-4,WATER_NPY1;E7_FR7-5;E9_FR8-1,2.06144249842,0.200661491111,0.149326862479,0.106809323416,False,False,biological animal
double_occurrence,Ocurrencia espacial de núcleos dobles c-FOS y NPY positivos / núcleos DAPI,657,WATER_NPY2;WATER_NPY3;E8_FR6-3,E7_FR7-5;E9_FR8-1;E8_FR6-1,WATER_NPY1;E7_FR7-1;E8_FR6-4,0.484923794918,0.200661491111,0.155483249123,0.173245915208,False,False,biological animal
double_occurrence,Ocurrencia espacial de núcleos dobles c-FOS y NPY positivos / núcleos DAPI,658,WATER_NPY2;WATER_NPY3;E8_FR6-3,E7_FR7-5;E9_FR8-1;E8_FR6-4,WATER_NPY1;E7_FR7-1;E8_FR6-1,0.375694465512,0.200661491111,0.168590636599,0.163314876386,False,False,biological animal
double_occurrence,Ocurrencia espacial de núcleos dobles c-FOS y NPY positivos / núcleos DAPI,659,WATER_NPY2;WATER_NPY3;E8_FR6-3,E7_FR7-5;E8_FR6-1;E8_FR6-4,WATER_NPY1;E7_FR7-1;E9_FR8-1,2.1233881592,0.200661491111,0.144009708277,0.104490056246,False,False,biological animal
double_occurrence,Ocurrencia espacial de núcleos dobles c-FOS y NPY positivos / núcleos DAPI,660,WATER_NPY2;WATER_NPY3;E8_FR6-3,E9_FR8-1;E8_FR6-1;E8_FR6-4,WATER_NPY1;E7_FR7-1;E7_FR7-5,2.99375543136,0.200661491111,0.170114361786,0.0865898893859,False,False,biological animal
double_occurrence,Ocurrencia espacial de núcleos dobles c-FOS y NPY positivos / núcleos DAPI,661,WATER_NPY2;WATER_NPY3;E8_FR6-4,WATER_NPY1;E7_FR7-1;E7_FR7-5,E9_FR8-1;E8_FR6-1;E8_FR6-3,3.67600652982,0.226478873395,0.0865898893859,0.15534424561,False,False,biological animal
double_occurrence,Ocurrencia espacial de núcleos dobles c-FOS y NPY positivos / núcleos DAPI,662,WATER_NPY2;WATER_NPY3;E8_FR6-4,WATER_NPY1;E7_FR7-1;E9_FR8-1,E7_FR7-5;E8_FR6-1;E8_FR6-3,3.31504435912,0.226478873395,0.104490056246,0.12772716793,False,False,biological animal
double_occurrence,Ocurrencia espacial de núcleos dobles c-FOS y NPY positivos / núcleos DAPI,663,WATER_NPY2;WATER_NPY3;E8_FR6-4,WATER_NPY1;E7_FR7-1;E8_FR6-1,E7_FR7-5;E9_FR8-1;E8_FR6-3,1.6959015594,0.226478873395,0.163314876386,0.14113420508,False,False,biological animal
double_occurrence,Ocurrencia espacial de núcleos dobles c-FOS y NPY positivos / núcleos DAPI,664,WATER_NPY2;WATER_NPY3;E8_FR6-4,WATER_NPY1;E7_FR7-1;E8_FR6-3,E7_FR7-5;E9_FR8-1;E8_FR6-1,1.65314588177,0.226478873395,0.146373399917,0.155483249123,False,False,biological animal
double_occurrence,Ocurrencia espacial de núcleos dobles c-FOS y NPY positivos / núcleos DAPI,665,WATER_NPY2;WATER_NPY3;E8_FR6-4,WATER_NPY1;E7_FR7-5;E9_FR8-1,E7_FR7-1;E8_FR6-1;E8_FR6-3,3.16513504884,0.226478873395,0.106809323416,0.133615610223,False,False,biological animal
double_occurrence,Ocurrencia espacial de núcleos dobles c-FOS y NPY positivos / núcleos DAPI,666,WATER_NPY2;WATER_NPY3;E8_FR6-4,WATER_NPY1;E7_FR7-5;E8_FR6-1,E7_FR7-1;E9_FR8-1;E8_FR6-3,1.70505793451,0.226478873395,0.155933607873,0.137496356749,False,False,biological animal
double_occurrence,Ocurrencia espacial de núcleos dobles c-FOS y NPY positivos / núcleos DAPI,667,WATER_NPY2;WATER_NPY3;E8_FR6-4,WATER_NPY1;E7_FR7-5;E8_FR6-3,E7_FR7-1;E9_FR8-1;E8_FR6-1,1.72663287016,0.226478873395,0.138969047947,0.152637389372,False,False,biological animal
double_occurrence,Ocurrencia espacial de núcleos dobles c-FOS y NPY positivos / núcleos DAPI,668,WATER_NPY2;WATER_NPY3;E8_FR6-4,WATER_NPY1;E9_FR8-1;E8_FR6-1,E7_FR7-1;E7_FR7-5;E8_FR6-3,2.47941332373,0.226478873395,0.181725944297,0.123004150611,False,False,biological animal
double_occurrence,Ocurrencia espacial de núcleos dobles c-FOS y NPY positivos / núcleos DAPI,669,WATER_NPY2;WATER_NPY3;E8_FR6-4,WATER_NPY1;E9_FR8-1;E8_FR6-3,E7_FR7-1;E7_FR7-5;E8_FR6-1,1.80978511095,0.226478873395,0.165326588668,0.138379859903,False,False,biological animal
double_occurrence,Ocurrencia espacial de núcleos dobles c-FOS y NPY positivos / núcleos DAPI,670,WATER_NPY2;WATER_NPY3;E8_FR6-4,WATER_NPY1;E8_FR6-1;E8_FR6-3,E7_FR7-1;E7_FR7-5;E9_FR8-1,6.35597189621,0.226478873395,0.135998653466,0.0484435865182,False,False,biological animal
double_occurrence,Ocurrencia espacial de núcleos dobles c-FOS y NPY positivos / núcleos DAPI,671,WATER_NPY2;WATER_NPY3;E8_FR6-4,E7_FR7-1;E7_FR7-5;E9_FR8-1,WATER_NPY1;E8_FR6-1;E8_FR6-3,6.35597189621,0.226478873395,0.0484435865182,0.135998653466,False,False,biological animal
double_occurrence,Ocurrencia espacial de núcleos dobles c-FOS y NPY positivos / núcleos DAPI,672,WATER_NPY2;WATER_NPY3;E8_FR6-4,E7_FR7-1;E7_FR7-5;E8_FR6-1,WATER_NPY1;E9_FR8-1;E8_FR6-3,1.80978511095,0.226478873395,0.138379859903,0.165326588668,False,False,biological animal
double_occurrence,Ocurrencia espacial de núcleos dobles c-FOS y NPY positivos / núcleos DAPI,673,WATER_NPY2;WATER_NPY3;E8_FR6-4,E7_FR7-1;E7_FR7-5;E8_FR6-3,WATER_NPY1;E9_FR8-1;E8_FR6-1,2.47941332373,0.226478873395,0.123004150611,0.181725944297,False,False,biological animal
double_occurrence,Ocurrencia espacial de núcleos dobles c-FOS y NPY positivos / núcleos DAPI,674,WATER_NPY2;WATER_NPY3;E8_FR6-4,E7_FR7-1;E9_FR8-1;E8_FR6-1,WATER_NPY1;E7_FR7-5;E8_FR6-3,1.72663287016,0.226478873395,0.152637389372,0.138969047947,False,False,biological animal
double_occurrence,Ocurrencia espacial de núcleos dobles c-FOS y NPY positivos / núcleos DAPI,675,WATER_NPY2;WATER_NPY3;E8_FR6-4,E7_FR7-1;E9_FR8-1;E8_FR6-3,WATER_NPY1;E7_FR7-5;E8_FR6-1,1.70505793451,0.226478873395,0.137496356749,0.155933607873,False,False,biological animal
double_occurrence,Ocurrencia espacial de núcleos dobles c-FOS y NPY positivos / núcleos DAPI,676,WATER_NPY2;WATER_NPY3;E8_FR6-4,E7_FR7-1;E8_FR6-1;E8_FR6-3,WATER_NPY1;E7_FR7-5;E9_FR8-1,3.16513504884,0.226478873395,0.133615610223,0.106809323416,False,False,biological animal
double_occurrence,Ocurrencia espacial de núcleos dobles c-FOS y NPY positivos / núcleos DAPI,677,WATER_NPY2;WATER_NPY3;E8_FR6-4,E7_FR7-5;E9_FR8-1;E8_FR6-1,WATER_NPY1;E7_FR7-1;E8_FR6-3,1.65314588177,0.226478873395,0.155483249123,0.146373399917,False,False,biological animal
double_occurrence,Ocurrencia espacial de núcleos dobles c-FOS y NPY positivos / núcleos DAPI,678,WATER_NPY2;WATER_NPY3;E8_FR6-4,E7_FR7-5;E9_FR8-1;E8_FR6-3,WATER_NPY1;E7_FR7-1;E8_FR6-1,1.6959015594,0.226478873395,0.14113420508,0.163314876386,False,False,biological animal
double_occurrence,Ocurrencia espacial de núcleos dobles c-FOS y NPY positivos / núcleos DAPI,679,WATER_NPY2;WATER_NPY3;E8_FR6-4,E7_FR7-5;E8_FR6-1;E8_FR6-3,WATER_NPY1;E7_FR7-1;E9_FR8-1,3.31504435912,0.226478873395,0.12772716793,0.104490056246,False,False,biological animal
double_occurrence,Ocurrencia espacial de núcleos dobles c-FOS y NPY positivos / núcleos DAPI,680,WATER_NPY2;WATER_NPY3;E8_FR6-4,E9_FR8-1;E8_FR6-1;E8_FR6-3,WATER_NPY1;E7_FR7-1;E7_FR7-5,3.67600652982,0.226478873395,0.15534424561,0.0865898893859,False,False,biological animal
double_occurrence,Ocurrencia espacial de núcleos dobles c-FOS y NPY positivos / núcleos DAPI,681,WATER_NPY2;E7_FR7-1;E7_FR7-5,WATER_NPY1;WATER_NPY3;E9_FR8-1,E8_FR6-1;E8_FR6-3;E8_FR6-4,4.50484060787,0.102734475655,0.126353808086,0.0449807635238,False,False,biological animal
double_occurrence,Ocurrencia espacial de núcleos dobles c-FOS y NPY positivos / núcleos DAPI,682,WATER_NPY2;E7_FR7-1;E7_FR7-5,WATER_NPY1;WATER_NPY3;E8_FR6-1,E9_FR8-1;E8_FR6-3;E8_FR6-4,2.12715087104,0.102734475655,0.204459423806,0.16219363963,False,False,biological animal
double_occurrence,Ocurrencia espacial de núcleos dobles c-FOS y NPY positivos / núcleos DAPI,683,WATER_NPY2;E7_FR7-1;E7_FR7-5,WATER_NPY1;WATER_NPY3;E8_FR6-3,E9_FR8-1;E8_FR6-1;E8_FR6-4,1.79213906428,0.102734475655,0.187316964493,0.170114361786,False,False,biological animal
double_occurrence,Ocurrencia espacial de núcleos dobles c-FOS y NPY positivos / núcleos DAPI,684,WATER_NPY2;E7_FR7-1;E7_FR7-5,WATER_NPY1;WATER_NPY3;E8_FR6-4,E9_FR8-1;E8_FR6-1;E8_FR6-3,2.44358281868,0.102734475655,0.213148665063,0.15534424561,False,False,biological animal
double_occurrence,Ocurrencia espacial de núcleos dobles c-FOS y NPY positivos / núcleos DAPI,685,WATER_NPY2;E7_FR7-1;E7_FR7-5,WATER_NPY1;E9_FR8-1;E8_FR6-1,WATER_NPY3;E8_FR6-3;E8_FR6-4,2.34309630981,0.102734475655,0.181725944297,0.205298255629,False,False,biological animal
double_occurrence,Ocurrencia espacial de núcleos dobles c-FOS y NPY positivos / núcleos DAPI,686,WATER_NPY2;E7_FR7-1;E7_FR7-5,WATER_NPY1;E9_FR8-1;E8_FR6-3,WATER_NPY3;E8_FR6-1;E8_FR6-4,2.72772976569,0.102734475655,0.165326588668,0.214423236895,False,False,biological animal
double_occurrence,Ocurrencia espacial de núcleos dobles c-FOS y NPY positivos / núcleos DAPI,687,WATER_NPY2;E7_FR7-1;E7_FR7-5,WATER_NPY1;E9_FR8-1;E8_FR6-4,WATER_NPY3;E8_FR6-1;E8_FR6-3,2.42145485994,0.102734475655,0.19101882901,0.198889589098,False,False,biological animal
double_occurrence,Ocurrencia espacial de núcleos dobles c-FOS y NPY positivos / núcleos DAPI,688,WATER_NPY2;E7_FR7-1;E7_FR7-5,WATER_NPY1;E8_FR6-1;E8_FR6-3,WATER_NPY3;E9_FR8-1;E8_FR6-4,1.38860485912,0.102734475655,0.135998653466,0.19720973801,False,False,biological animal
double_occurrence,Ocurrencia espacial de núcleos dobles c-FOS y NPY positivos / núcleos DAPI,689,WATER_NPY2;E7_FR7-1;E7_FR7-5,WATER_NPY1;E8_FR6-1;E8_FR6-4,WATER_NPY3;E9_FR8-1;E8_FR6-3,0.876665089755,0.102734475655,0.153768483235,0.169855348373,False,False,biological animal
double_occurrence,Ocurrencia espacial de núcleos dobles c-FOS y NPY positivos / núcleos DAPI,690,WATER_NPY2;E7_FR7-1;E7_FR7-5,WATER_NPY1;E8_FR6-3;E8_FR6-4,WATER_NPY3;E9_FR8-1;E8_FR6-1,1.03935020733,0.102734475655,0.141378919362,0.185083308782,False,False,biological animal
double_occurrence,Ocurrencia espacial de núcleos dobles c-FOS y NPY positivos / núcleos DAPI,691,WATER_NPY2;E7_FR7-1;E7_FR7-5,WATER_NPY3;E9_FR8-1;E8_FR6-1,WATER_NPY1;E8_FR6-3;E8_FR6-4,1.03935020733,0.102734475655,0.185083308782,0.141378919362,False,False,biological animal
double_occurrence,Ocurrencia espacial de núcleos dobles c-FOS y NPY positivos / núcleos DAPI,692,WATER_NPY2;E7_FR7-1;E7_FR7-5,WATER_NPY3;E9_FR8-1;E8_FR6-3,WATER_NPY1;E8_FR6-1;E8_FR6-4,0.876665089755,0.102734475655,0.169855348373,0.153768483235,False,False,biological animal
double_occurrence,Ocurrencia espacial de núcleos dobles c-FOS y NPY positivos / núcleos DAPI,693,WATER_NPY2;E7_FR7-1;E7_FR7-5,WATER_NPY3;E9_FR8-1;E8_FR6-4,WATER_NPY1;E8_FR6-1;E8_FR6-3,1.38860485912,0.102734475655,0.19720973801,0.135998653466,False,False,biological animal
double_occurrence,Ocurrencia espacial de núcleos dobles c-FOS y NPY positivos / núcleos DAPI,694,WATER_NPY2;E7_FR7-1;E7_FR7-5,WATER_NPY3;E8_FR6-1;E8_FR6-3,WATER_NPY1;E9_FR8-1;E8_FR6-4,2.42145485994,0.102734475655,0.198889589098,0.19101882901,False,False,biological animal
double_occurrence,Ocurrencia espacial de núcleos dobles c-FOS y NPY positivos / núcleos DAPI,695,WATER_NPY2;E7_FR7-1;E7_FR7-5,WATER_NPY3;E8_FR6-1;E8_FR6-4,WATER_NPY1;E9_FR8-1;E8_FR6-3,2.72772976569,0.102734475655,0.214423236895,0.165326588668,False,False,biological animal
double_occurrence,Ocurrencia espacial de núcleos dobles c-FOS y NPY positivos / núcleos DAPI,696,WATER_NPY2;E7_FR7-1;E7_FR7-5,WATER_NPY3;E8_FR6-3;E8_FR6-4,WATER_NPY1;E9_FR8-1;E8_FR6-1,2.34309630981,0.102734475655,0.205298255629,0.181725944297,False,False,biological animal
double_occurrence,Ocurrencia espacial de núcleos dobles c-FOS y NPY positivos / núcleos DAPI,697,WATER_NPY2;E7_FR7-1;E7_FR7-5,E9_FR8-1;E8_FR6-1;E8_FR6-3,WATER_NPY1;WATER_NPY3;E8_FR6-4,2.44358281868,0.102734475655,0.15534424561,0.213148665063,False,False,biological animal
double_occurrence,Ocurrencia espacial de núcleos dobles c-FOS y NPY positivos / núcleos DAPI,698,WATER_NPY2;E7_FR7-1;E7_FR7-5,E9_FR8-1;E8_FR6-1;E8_FR6-4,WATER_NPY1;WATER_NPY3;E8_FR6-3,1.79213906428,0.102734475655,0.170114361786,0.187316964493,False,False,biological animal
double_occurrence,Ocurrencia espacial de núcleos dobles c-FOS y NPY positivos / núcleos DAPI,699,WATER_NPY2;E7_FR7-1;E7_FR7-5,E9_FR8-1;E8_FR6-3;E8_FR6-4,WATER_NPY1;WATER_NPY3;E8_FR6-1,2.12715087104,0.102734475655,0.16219363963,0.204459423806,False,False,biological animal
double_occurrence,Ocurrencia espacial de núcleos dobles c-FOS y NPY positivos / núcleos DAPI,700,WATER_NPY2;E7_FR7-1;E7_FR7-5,E8_FR6-1;E8_FR6-3;E8_FR6-4,WATER_NPY1;WATER_NPY3;E9_FR8-1,4.50484060787,0.102734475655,0.0449807635238,0.126353808086,False,False,biological animal
double_occurrence,Ocurrencia espacial de núcleos dobles c-FOS y NPY positivos / núcleos DAPI,701,WATER_NPY2;E7_FR7-1;E9_FR8-1,WATER_NPY1;WATER_NPY3;E7_FR7-5,E8_FR6-1;E8_FR6-3;E8_FR6-4,5.2383106432,0.0994011394723,0.122422950752,0.0449807635238,False,False,biological animal
double_occurrence,Ocurrencia espacial de núcleos dobles c-FOS y NPY positivos / núcleos DAPI,702,WATER_NPY2;E7_FR7-1;E9_FR8-1,WATER_NPY1;WATER_NPY3;E8_FR6-1,E7_FR7-5;E8_FR6-3;E8_FR6-4,2.74832349698,0.0994011394723,0.204459423806,0.135435925413,False,False,biological animal
double_occurrence,Ocurrencia espacial de núcleos dobles c-FOS y NPY positivos / núcleos DAPI,703,WATER_NPY2;E7_FR7-1;E9_FR8-1,WATER_NPY1;WATER_NPY3;E8_FR6-3,E7_FR7-5;E8_FR6-1;E8_FR6-4,2.146871033,0.0994011394723,0.187316964493,0.144009708277,False,False,biological animal
double_occurrence,Ocurrencia espacial de núcleos dobles c-FOS y NPY positivos / núcleos DAPI,704,WATER_NPY2;E7_FR7-1;E9_FR8-1,WATER_NPY1;WATER_NPY3;E8_FR6-4,E7_FR7-5;E8_FR6-1;E8_FR6-3,3.39706077149,0.0994011394723,0.213148665063,0.12772716793,False,False,biological animal
double_occurrence,Ocurrencia espacial de núcleos dobles c-FOS y NPY positivos / núcleos DAPI,705,WATER_NPY2;E7_FR7-1;E9_FR8-1,WATER_NPY1;E7_FR7-5;E8_FR6-1,WATER_NPY3;E8_FR6-3;E8_FR6-4,2.2357862478,0.0994011394723,0.155933607873,0.205298255629,False,False,biological animal
double_occurrence,Ocurrencia espacial de núcleos dobles c-FOS y NPY positivos / núcleos DAPI,706,WATER_NPY2;E7_FR7-1;E9_FR8-1,WATER_NPY1;E7_FR7-5;E8_FR6-3,WATER_NPY3;E8_FR6-1;E8_FR6-4,3.04377051507,0.0994011394723,0.138969047947,0.214423236895,False,False,biological animal
double_occurrence,Ocurrencia espacial de núcleos dobles c-FOS y NPY positivos / núcleos DAPI,707,WATER_NPY2;E7_FR7-1;E9_FR8-1,WATER_NPY1;E7_FR7-5;E8_FR6-4,WATER_NPY3;E8_FR6-1;E8_FR6-3,2.16175836739,0.0994011394723,0.166838620176,0.198889589098,False,False,biological animal
double_occurrence,Ocurrencia espacial de núcleos dobles c-FOS y NPY positivos / núcleos DAPI,708,WATER_NPY2;E7_FR7-1;E9_FR8-1,WATER_NPY1;E8_FR6-1;E8_FR6-3,WATER_NPY3;E7_FR7-5;E8_FR6-4,1.21222300718,0.0994011394723,0.135998653466,0.190009576628,False,False,biological animal
double_occurrence,Ocurrencia espacial de núcleos dobles c-FOS y NPY positivos / núcleos DAPI,709,WATER_NPY2;E7_FR7-1;E9_FR8-1,WATER_NPY1;E8_FR6-1;E8_FR6-4,WATER_NPY3;E7_FR7-5;E8_FR6-3,0.785224436211,0.0994011394723,0.153768483235,0.162237438588,False,False,biological animal
double_occurrence,Ocurrencia espacial de núcleos dobles c-FOS y NPY positivos / núcleos DAPI,710,WATER_NPY2;E7_FR7-1;E9_FR8-1,WATER_NPY1;E8_FR6-3;E8_FR6-4,WATER_NPY3;E7_FR7-5;E8_FR6-1,0.853903470014,0.0994011394723,0.141378919362,0.176501711719,False,False,biological animal
double_occurrence,Ocurrencia espacial de núcleos dobles c-FOS y NPY positivos / núcleos DAPI,711,WATER_NPY2;E7_FR7-1;E9_FR8-1,WATER_NPY3;E7_FR7-5;E8_FR6-1,WATER_NPY1;E8_FR6-3;E8_FR6-4,0.853903470014,0.0994011394723,0.176501711719,0.141378919362,False,False,biological animal
double_occurrence,Ocurrencia espacial de núcleos dobles c-FOS y NPY positivos / núcleos DAPI,712,WATER_NPY2;E7_FR7-1;E9_FR8-1,WATER_NPY3;E7_FR7-5;E8_FR6-3,WATER_NPY1;E8_FR6-1;E8_FR6-4,0.785224436211,0.0994011394723,0.162237438588,0.153768483235,False,False,biological animal
double_occurrence,Ocurrencia espacial de núcleos dobles c-FOS y NPY positivos / núcleos DAPI,713,WATER_NPY2;E7_FR7-1;E9_FR8-1,WATER_NPY3;E7_FR7-5;E8_FR6-4,WATER_NPY1;E8_FR6-1;E8_FR6-3,1.21222300718,0.0994011394723,0.190009576628,0.135998653466,False,False,biological animal
double_occurrence,Ocurrencia espacial de núcleos dobles c-FOS y NPY positivos / núcleos DAPI,714,WATER_NPY2;E7_FR7-1;E9_FR8-1,WATER_NPY3;E8_FR6-1;E8_FR6-3,WATER_NPY1;E7_FR7-5;E8_FR6-4,2.16175836739,0.0994011394723,0.198889589098,0.166838620176,False,False,biological animal
double_occurrence,Ocurrencia espacial de núcleos dobles c-FOS y NPY positivos / núcleos DAPI,715,WATER_NPY2;E7_FR7-1;E9_FR8-1,WATER_NPY3;E8_FR6-1;E8_FR6-4,WATER_NPY1;E7_FR7-5;E8_FR6-3,3.04377051507,0.0994011394723,0.214423236895,0.138969047947,False,False,biological animal
double_occurrence,Ocurrencia espacial de núcleos dobles c-FOS y NPY positivos / núcleos DAPI,716,WATER_NPY2;E7_FR7-1;E9_FR8-1,WATER_NPY3;E8_FR6-3;E8_FR6-4,WATER_NPY1;E7_FR7-5;E8_FR6-1,2.2357862478,0.0994011394723,0.205298255629,0.155933607873,False,False,biological animal
double_occurrence,Ocurrencia espacial de núcleos dobles c-FOS y NPY positivos / núcleos DAPI,717,WATER_NPY2;E7_FR7-1;E9_FR8-1,E7_FR7-5;E8_FR6-1;E8_FR6-3,WATER_NPY1;WATER_NPY3;E8_FR6-4,3.39706077149,0.0994011394723,0.12772716793,0.213148665063,False,False,biological animal
double_occurrence,Ocurrencia espacial de núcleos dobles c-FOS y NPY positivos / núcleos DAPI,718,WATER_NPY2;E7_FR7-1;E9_FR8-1,E7_FR7-5;E8_FR6-1;E8_FR6-4,WATER_NPY1;WATER_NPY3;E8_FR6-3,2.146871033,0.0994011394723,0.144009708277,0.187316964493,False,False,biological animal
double_occurrence,Ocurrencia espacial de núcleos dobles c-FOS y NPY positivos / núcleos DAPI,719,WATER_NPY2;E7_FR7-1;E9_FR8-1,E7_FR7-5;E8_FR6-3;E8_FR6-4,WATER_NPY1;WATER_NPY3;E8_FR6-1,2.74832349698,0.0994011394723,0.135435925413,0.204459423806,False,False,biological animal
double_occurrence,Ocurrencia espacial de núcleos dobles c-FOS y NPY positivos / núcleos DAPI,720,WATER_NPY2;E7_FR7-1;E9_FR8-1,E8_FR6-1;E8_FR6-3;E8_FR6-4,WATER_NPY1;WATER_NPY3;E7_FR7-5,5.2383106432,0.0994011394723,0.0449807635238,0.122422950752,False,False,biological animal
double_occurrence,Ocurrencia espacial de núcleos dobles c-FOS y NPY positivos / núcleos DAPI,721,WATER_NPY2;E7_FR7-1;E8_FR6-1,WATER_NPY1;WATER_NPY3;E7_FR7-5,E9_FR8-1;E8_FR6-3;E8_FR6-4,0.688940339905,0.188274015115,0.122422950752,0.16219363963,False,False,biological animal
double_occurrence,Ocurrencia espacial de núcleos dobles c-FOS y NPY positivos / núcleos DAPI,722,WATER_NPY2;E7_FR7-1;E8_FR6-1,WATER_NPY1;WATER_NPY3;E9_FR8-1,E7_FR7-5;E8_FR6-3;E8_FR6-4,0.749085880818,0.188274015115,0.126353808086,0.135435925413,False,False,biological animal
double_occurrence,Ocurrencia espacial de núcleos dobles c-FOS y NPY positivos / núcleos DAPI,723,WATER_NPY2;E7_FR7-1;E8_FR6-1,WATER_NPY1;WATER_NPY3;E8_FR6-3,E7_FR7-5;E9_FR8-1;E8_FR6-4,0.0725501581276,0.188274015115,0.187316964493,0.168590636599,False,False,biological animal
double_occurrence,Ocurrencia espacial de núcleos dobles c-FOS y NPY positivos / núcleos DAPI,724,WATER_NPY2;E7_FR7-1;E8_FR6-1,WATER_NPY1;WATER_NPY3;E8_FR6-4,E7_FR7-5;E9_FR8-1;E8_FR6-3,0.771752302502,0.188274015115,0.213148665063,0.14113420508,False,False,biological animal
double_occurrence,Ocurrencia espacial de núcleos dobles c-FOS y NPY positivos / núcleos DAPI,725,WATER_NPY2;E7_FR7-1;E8_FR6-1,WATER_NPY1;E7_FR7-5;E9_FR8-1,WATER_NPY3;E8_FR6-3;E8_FR6-4,1.41124151452,0.188274015115,0.106809323416,0.205298255629,False,False,biological animal
double_occurrence,Ocurrencia espacial de núcleos dobles c-FOS y NPY positivos / núcleos DAPI,726,WATER_NPY2;E7_FR7-1;E8_FR6-1,WATER_NPY1;E7_FR7-5;E8_FR6-3,WATER_NPY3;E9_FR8-1;E8_FR6-4,0.498428570273,0.188274015115,0.138969047947,0.19720973801,False,False,biological animal
double_occurrence,Ocurrencia espacial de núcleos dobles c-FOS y NPY positivos / núcleos DAPI,727,WATER_NPY2;E7_FR7-1;E8_FR6-1,WATER_NPY1;E7_FR7-5;E8_FR6-4,WATER_NPY3;E9_FR8-1;E8_FR6-3,0.0719180465236,0.188274015115,0.166838620176,0.169855348373,False,False,biological animal
double_occurrence,Ocurrencia espacial de núcleos dobles c-FOS y NPY positivos / núcleos DAPI,728,WATER_NPY2;E7_FR7-1;E8_FR6-1,WATER_NPY1;E9_FR8-1;E8_FR6-3,WATER_NPY3;E7_FR7-5;E8_FR6-4,0.0920976417517,0.188274015115,0.165326588668,0.190009576628,False,False,biological animal
double_occurrence,Ocurrencia espacial de núcleos dobles c-FOS y NPY positivos / núcleos DAPI,729,WATER_NPY2;E7_FR7-1;E8_FR6-1,WATER_NPY1;E9_FR8-1;E8_FR6-4,WATER_NPY3;E7_FR7-5;E8_FR6-3,0.130315319988,0.188274015115,0.19101882901,0.162237438588,False,False,biological animal
double_occurrence,Ocurrencia espacial de núcleos dobles c-FOS y NPY positivos / núcleos DAPI,730,WATER_NPY2;E7_FR7-1;E8_FR6-1,WATER_NPY1;E8_FR6-3;E8_FR6-4,WATER_NPY3;E7_FR7-5;E9_FR8-1,1.95825477247,0.188274015115,0.141378919362,0.0832079308773,False,False,biological animal
double_occurrence,Ocurrencia espacial de núcleos dobles c-FOS y NPY positivos / núcleos DAPI,731,WATER_NPY2;E7_FR7-1;E8_FR6-1,WATER_NPY3;E7_FR7-5;E9_FR8-1,WATER_NPY1;E8_FR6-3;E8_FR6-4,1.95825477247,0.188274015115,0.0832079308773,0.141378919362,False,False,biological animal
double_occurrence,Ocurrencia espacial de núcleos dobles c-FOS y NPY positivos / núcleos DAPI,732,WATER_NPY2;E7_FR7-1;E8_FR6-1,WATER_NPY3;E7_FR7-5;E8_FR6-3,WATER_NPY1;E9_FR8-1;E8_FR6-4,0.130315319988,0.188274015115,0.162237438588,0.19101882901,False,False,biological animal
double_occurrence,Ocurrencia espacial de núcleos dobles c-FOS y NPY positivos / núcleos DAPI,733,WATER_NPY2;E7_FR7-1;E8_FR6-1,WATER_NPY3;E7_FR7-5;E8_FR6-4,WATER_NPY1;E9_FR8-1;E8_FR6-3,0.0920976417517,0.188274015115,0.190009576628,0.165326588668,False,False,biological animal
double_occurrence,Ocurrencia espacial de núcleos dobles c-FOS y NPY positivos / núcleos DAPI,734,WATER_NPY2;E7_FR7-1;E8_FR6-1,WATER_NPY3;E9_FR8-1;E8_FR6-3,WATER_NPY1;E7_FR7-5;E8_FR6-4,0.0719180465236,0.188274015115,0.169855348373,0.166838620176,False,False,biological animal
double_occurrence,Ocurrencia espacial de núcleos dobles c-FOS y NPY positivos / núcleos DAPI,735,WATER_NPY2;E7_FR7-1;E8_FR6-1,WATER_NPY3;E9_FR8-1;E8_FR6-4,WATER_NPY1;E7_FR7-5;E8_FR6-3,0.498428570273,0.188274015115,0.19720973801,0.138969047947,False,False,biological animal
double_occurrence,Ocurrencia espacial de núcleos dobles c-FOS y NPY positivos / núcleos DAPI,736,WATER_NPY2;E7_FR7-1;E8_FR6-1,WATER_NPY3;E8_FR6-3;E8_FR6-4,WATER_NPY1;E7_FR7-5;E9_FR8-1,1.41124151452,0.188274015115,0.205298255629,0.106809323416,False,False,biological animal
double_occurrence,Ocurrencia espacial de núcleos dobles c-FOS y NPY positivos / núcleos DAPI,737,WATER_NPY2;E7_FR7-1;E8_FR6-1,E7_FR7-5;E9_FR8-1;E8_FR6-3,WATER_NPY1;WATER_NPY3;E8_FR6-4,0.771752302502,0.188274015115,0.14113420508,0.213148665063,False,False,biological animal
double_occurrence,Ocurrencia espacial de núcleos dobles c-FOS y NPY positivos / núcleos DAPI,738,WATER_NPY2;E7_FR7-1;E8_FR6-1,E7_FR7-5;E9_FR8-1;E8_FR6-4,WATER_NPY1;WATER_NPY3;E8_FR6-3,0.0725501581276,0.188274015115,0.168590636599,0.187316964493,False,False,biological animal
double_occurrence,Ocurrencia espacial de núcleos dobles c-FOS y NPY positivos / núcleos DAPI,739,WATER_NPY2;E7_FR7-1;E8_FR6-1,E7_FR7-5;E8_FR6-3;E8_FR6-4,WATER_NPY1;WATER_NPY3;E9_FR8-1,0.749085880818,0.188274015115,0.135435925413,0.126353808086,False,False,biological animal
double_occurrence,Ocurrencia espacial de núcleos dobles c-FOS y NPY positivos / núcleos DAPI,740,WATER_NPY2;E7_FR7-1;E8_FR6-1,E9_FR8-1;E8_FR6-3;E8_FR6-4,WATER_NPY1;WATER_NPY3;E7_FR7-5,0.688940339905,0.188274015115,0.16219363963,0.122422950752,False,False,biological animal
double_occurrence,Ocurrencia espacial de núcleos dobles c-FOS y NPY positivos / núcleos DAPI,741,WATER_NPY2;E7_FR7-1;E8_FR6-3,WATER_NPY1;WATER_NPY3;E7_FR7-5,E9_FR8-1;E8_FR6-1;E8_FR6-4,0.617532227158,0.173146250586,0.122422950752,0.170114361786,False,False,biological animal
double_occurrence,Ocurrencia espacial de núcleos dobles c-FOS y NPY positivos / núcleos DAPI,742,WATER_NPY2;E7_FR7-1;E8_FR6-3,WATER_NPY1;WATER_NPY3;E9_FR8-1,E7_FR7-5;E8_FR6-1;E8_FR6-4,0.472033347485,0.173146250586,0.126353808086,0.144009708277,False,False,biological animal
double_occurrence,Ocurrencia espacial de núcleos dobles c-FOS y NPY positivos / núcleos DAPI,743,WATER_NPY2;E7_FR7-1;E8_FR6-3,WATER_NPY1;WATER_NPY3;E8_FR6-1,E7_FR7-5;E9_FR8-1;E8_FR6-4,0.25004963125,0.173146250586,0.204459423806,0.168590636599,False,False,biological animal
double_occurrence,Ocurrencia espacial de núcleos dobles c-FOS y NPY positivos / núcleos DAPI,744,WATER_NPY2;E7_FR7-1;E8_FR6-3,WATER_NPY1;WATER_NPY3;E8_FR6-4,E7_FR7-5;E9_FR8-1;E8_FR6-1,0.555244634834,0.173146250586,0.213148665063,0.155483249123,False,False,biological animal
double_occurrence,Ocurrencia espacial de núcleos dobles c-FOS y NPY positivos / núcleos DAPI,745,WATER_NPY2;E7_FR7-1;E8_FR6-3,WATER_NPY1;E7_FR7-5;E9_FR8-1,WATER_NPY3;E8_FR6-1;E8_FR6-4,1.75594598113,0.173146250586,0.106809323416,0.214423236895,False,False,biological animal
double_occurrence,Ocurrencia espacial de núcleos dobles c-FOS y NPY positivos / núcleos DAPI,746,WATER_NPY2;E7_FR7-1;E8_FR6-3,WATER_NPY1;E7_FR7-5;E8_FR6-1,WATER_NPY3;E9_FR8-1;E8_FR6-4,0.23581584917,0.173146250586,0.155933607873,0.19720973801,False,False,biological animal
double_occurrence,Ocurrencia espacial de núcleos dobles c-FOS y NPY positivos / núcleos DAPI,747,WATER_NPY2;E7_FR7-1;E8_FR6-3,WATER_NPY1;E7_FR7-5;E8_FR6-4,WATER_NPY3;E9_FR8-1;E8_FR6-1,0.0481543456883,0.173146250586,0.166838620176,0.185083308782,False,False,biological animal
double_occurrence,Ocurrencia espacial de núcleos dobles c-FOS y NPY positivos / núcleos DAPI,748,WATER_NPY2;E7_FR7-1;E8_FR6-3,WATER_NPY1;E9_FR8-1;E8_FR6-1,WATER_NPY3;E7_FR7-5;E8_FR6-4,0.0382522847827,0.173146250586,0.181725944297,0.190009576628,False,False,biological animal
double_occurrence,Ocurrencia espacial de núcleos dobles c-FOS y NPY positivos / núcleos DAPI,749,WATER_NPY2;E7_FR7-1;E8_FR6-3,WATER_NPY1;E9_FR8-1;E8_FR6-4,WATER_NPY3;E7_FR7-5;E8_FR6-1,0.0480270300656,0.173146250586,0.19101882901,0.176501711719,False,False,biological animal
double_occurrence,Ocurrencia espacial de núcleos dobles c-FOS y NPY positivos / núcleos DAPI,750,WATER_NPY2;E7_FR7-1;E8_FR6-3,WATER_NPY1;E8_FR6-1;E8_FR6-4,WATER_NPY3;E7_FR7-5;E9_FR8-1,2.04947808551,0.173146250586,0.153768483235,0.0832079308773,False,False,biological animal
double_occurrence,Ocurrencia espacial de núcleos dobles c-FOS y NPY positivos / núcleos DAPI,751,WATER_NPY2;E7_FR7-1;E8_FR6-3,WATER_NPY3;E7_FR7-5;E9_FR8-1,WATER_NPY1;E8_FR6-1;E8_FR6-4,2.04947808551,0.173146250586,0.0832079308773,0.153768483235,False,False,biological animal
double_occurrence,Ocurrencia espacial de núcleos dobles c-FOS y NPY positivos / núcleos DAPI,752,WATER_NPY2;E7_FR7-1;E8_FR6-3,WATER_NPY3;E7_FR7-5;E8_FR6-1,WATER_NPY1;E9_FR8-1;E8_FR6-4,0.0480270300656,0.173146250586,0.176501711719,0.19101882901,False,False,biological animal
double_occurrence,Ocurrencia espacial de núcleos dobles c-FOS y NPY positivos / núcleos DAPI,753,WATER_NPY2;E7_FR7-1;E8_FR6-3,WATER_NPY3;E7_FR7-5;E8_FR6-4,WATER_NPY1;E9_FR8-1;E8_FR6-1,0.0382522847827,0.173146250586,0.190009576628,0.181725944297,False,False,biological animal
double_occurrence,Ocurrencia espacial de núcleos dobles c-FOS y NPY positivos / núcleos DAPI,754,WATER_NPY2;E7_FR7-1;E8_FR6-3,WATER_NPY3;E9_FR8-1;E8_FR6-1,WATER_NPY1;E7_FR7-5;E8_FR6-4,0.0481543456883,0.173146250586,0.185083308782,0.166838620176,False,False,biological animal
double_occurrence,Ocurrencia espacial de núcleos dobles c-FOS y NPY positivos / núcleos DAPI,755,WATER_NPY2;E7_FR7-1;E8_FR6-3,WATER_NPY3;E9_FR8-1;E8_FR6-4,WATER_NPY1;E7_FR7-5;E8_FR6-1,0.23581584917,0.173146250586,0.19720973801,0.155933607873,False,False,biological animal
double_occurrence,Ocurrencia espacial de núcleos dobles c-FOS y NPY positivos / núcleos DAPI,756,WATER_NPY2;E7_FR7-1;E8_FR6-3,WATER_NPY3;E8_FR6-1;E8_FR6-4,WATER_NPY1;E7_FR7-5;E9_FR8-1,1.75594598113,0.173146250586,0.214423236895,0.106809323416,False,False,biological animal
double_occurrence,Ocurrencia espacial de núcleos dobles c-FOS y NPY positivos / núcleos DAPI,757,WATER_NPY2;E7_FR7-1;E8_FR6-3,E7_FR7-5;E9_FR8-1;E8_FR6-1,WATER_NPY1;WATER_NPY3;E8_FR6-4,0.555244634834,0.173146250586,0.155483249123,0.213148665063,False,False,biological animal
double_occurrence,Ocurrencia espacial de núcleos dobles c-FOS y NPY positivos / núcleos DAPI,758,WATER_NPY2;E7_FR7-1;E8_FR6-3,E7_FR7-5;E9_FR8-1;E8_FR6-4,WATER_NPY1;WATER_NPY3;E8_FR6-1,0.25004963125,0.173146250586,0.168590636599,0.204459423806,False,False,biological animal
double_occurrence,Ocurrencia espacial de núcleos dobles c-FOS y NPY positivos / núcleos DAPI,759,WATER_NPY2;E7_FR7-1;E8_FR6-3,E7_FR7-5;E8_FR6-1;E8_FR6-4,WATER_NPY1;WATER_NPY3;E9_FR8-1,0.472033347485,0.173146250586,0.144009708277,0.126353808086,False,False,biological animal
double_occurrence,Ocurrencia espacial de núcleos dobles c-FOS y NPY positivos / núcleos DAPI,760,WATER_NPY2;E7_FR7-1;E8_FR6-3,E9_FR8-1;E8_FR6-1;E8_FR6-4,WATER_NPY1;WATER_NPY3;E7_FR7-5,0.617532227158,0.173146250586,0.170114361786,0.122422950752,False,False,biological animal
double_occurrence,Ocurrencia espacial de núcleos dobles c-FOS y NPY positivos / núcleos DAPI,761,WATER_NPY2;E7_FR7-1;E8_FR6-4,WATER_NPY1;WATER_NPY3;E7_FR7-5,E9_FR8-1;E8_FR6-1;E8_FR6-3,1.00667829362,0.197966458753,0.122422950752,0.15534424561,False,False,biological animal
double_occurrence,Ocurrencia espacial de núcleos dobles c-FOS y NPY positivos / núcleos DAPI,762,WATER_NPY2;E7_FR7-1;E8_FR6-4,WATER_NPY1;WATER_NPY3;E9_FR8-1,E7_FR7-5;E8_FR6-1;E8_FR6-3,1.29411170215,0.197966458753,0.126353808086,0.12772716793,False,False,biological animal
double_occurrence,Ocurrencia espacial de núcleos dobles c-FOS y NPY positivos / núcleos DAPI,763,WATER_NPY2;E7_FR7-1;E8_FR6-4,WATER_NPY1;WATER_NPY3;E8_FR6-1,E7_FR7-5;E9_FR8-1;E8_FR6-3,0.787161447032,0.197966458753,0.204459423806,0.14113420508,False,False,biological animal
double_occurrence,Ocurrencia espacial de núcleos dobles c-FOS y NPY positivos / núcleos DAPI,764,WATER_NPY2;E7_FR7-1;E8_FR6-4,WATER_NPY1;WATER_NPY3;E8_FR6-3,E7_FR7-5;E9_FR8-1;E8_FR6-1,0.314559168742,0.197966458753,0.187316964493,0.155483249123,False,False,biological animal
double_occurrence,Ocurrencia espacial de núcleos dobles c-FOS y NPY positivos / núcleos DAPI,765,WATER_NPY2;E7_FR7-1;E8_FR6-4,WATER_NPY1;E7_FR7-5;E9_FR8-1,WATER_NPY3;E8_FR6-1;E8_FR6-3,1.57576944919,0.197966458753,0.106809323416,0.198889589098,False,False,biological animal
double_occurrence,Ocurrencia espacial de núcleos dobles c-FOS y NPY positivos / núcleos DAPI,766,WATER_NPY2;E7_FR7-1;E8_FR6-4,WATER_NPY1;E7_FR7-5;E8_FR6-1,WATER_NPY3;E9_FR8-1;E8_FR6-3,0.262398076048,0.197966458753,0.155933607873,0.169855348373,False,False,biological animal
double_occurrence,Ocurrencia espacial de núcleos dobles c-FOS y NPY positivos / núcleos DAPI,767,WATER_NPY2;E7_FR7-1;E8_FR6-4,WATER_NPY1;E7_FR7-5;E8_FR6-3,WATER_NPY3;E9_FR8-1;E8_FR6-1,0.531857643577,0.197966458753,0.138969047947,0.185083308782,False,False,biological animal
double_occurrence,Ocurrencia espacial de núcleos dobles c-FOS y NPY positivos / núcleos DAPI,768,WATER_NPY2;E7_FR7-1;E8_FR6-4,WATER_NPY1;E9_FR8-1;E8_FR6-1,WATER_NPY3;E7_FR7-5;E8_FR6-3,0.177514006798,0.197966458753,0.181725944297,0.162237438588,False,False,biological animal
double_occurrence,Ocurrencia espacial de núcleos dobles c-FOS y NPY positivos / núcleos DAPI,769,WATER_NPY2;E7_FR7-1;E8_FR6-4,WATER_NPY1;E9_FR8-1;E8_FR6-3,WATER_NPY3;E7_FR7-5;E8_FR6-1,0.141265045459,0.197966458753,0.165326588668,0.176501711719,False,False,biological animal
double_occurrence,Ocurrencia espacial de núcleos dobles c-FOS y NPY positivos / núcleos DAPI,770,WATER_NPY2;E7_FR7-1;E8_FR6-4,WATER_NPY1;E8_FR6-1;E8_FR6-3,WATER_NPY3;E7_FR7-5;E9_FR8-1,2.59669502314,0.197966458753,0.135998653466,0.0832079308773,False,False,biological animal
double_occurrence,Ocurrencia espacial de núcleos dobles c-FOS y NPY positivos / núcleos DAPI,771,WATER_NPY2;E7_FR7-1;E8_FR6-4,WATER_NPY3;E7_FR7-5;E9_FR8-1,WATER_NPY1;E8_FR6-1;E8_FR6-3,2.59669502314,0.197966458753,0.0832079308773,0.135998653466,False,False,biological animal
double_occurrence,Ocurrencia espacial de núcleos dobles c-FOS y NPY positivos / núcleos DAPI,772,WATER_NPY2;E7_FR7-1;E8_FR6-4,WATER_NPY3;E7_FR7-5;E8_FR6-1,WATER_NPY1;E9_FR8-1;E8_FR6-3,0.141265045459,0.197966458753,0.176501711719,0.165326588668,False,False,biological animal
double_occurrence,Ocurrencia espacial de núcleos dobles c-FOS y NPY positivos / núcleos DAPI,773,WATER_NPY2;E7_FR7-1;E8_FR6-4,WATER_NPY3;E7_FR7-5;E8_FR6-3,WATER_NPY1;E9_FR8-1;E8_FR6-1,0.177514006798,0.197966458753,0.162237438588,0.181725944297,False,False,biological animal
double_occurrence,Ocurrencia espacial de núcleos dobles c-FOS y NPY positivos / núcleos DAPI,774,WATER_NPY2;E7_FR7-1;E8_FR6-4,WATER_NPY3;E9_FR8-1;E8_FR6-1,WATER_NPY1;E7_FR7-5;E8_FR6-3,0.531857643577,0.197966458753,0.185083308782,0.138969047947,False,False,biological animal
double_occurrence,Ocurrencia espacial de núcleos dobles c-FOS y NPY positivos / núcleos DAPI,775,WATER_NPY2;E7_FR7-1;E8_FR6-4,WATER_NPY3;E9_FR8-1;E8_FR6-3,WATER_NPY1;E7_FR7-5;E8_FR6-1,0.262398076048,0.197966458753,0.169855348373,0.155933607873,False,False,biological animal
double_occurrence,Ocurrencia espacial de núcleos dobles c-FOS y NPY positivos / núcleos DAPI,776,WATER_NPY2;E7_FR7-1;E8_FR6-4,WATER_NPY3;E8_FR6-1;E8_FR6-3,WATER_NPY1;E7_FR7-5;E9_FR8-1,1.57576944919,0.197966458753,0.198889589098,0.106809323416,False,False,biological animal
double_occurrence,Ocurrencia espacial de núcleos dobles c-FOS y NPY positivos / núcleos DAPI,777,WATER_NPY2;E7_FR7-1;E8_FR6-4,E7_FR7-5;E9_FR8-1;E8_FR6-1,WATER_NPY1;WATER_NPY3;E8_FR6-3,0.314559168742,0.197966458753,0.155483249123,0.187316964493,False,False,biological animal
double_occurrence,Ocurrencia espacial de núcleos dobles c-FOS y NPY positivos / núcleos DAPI,778,WATER_NPY2;E7_FR7-1;E8_FR6-4,E7_FR7-5;E9_FR8-1;E8_FR6-3,WATER_NPY1;WATER_NPY3;E8_FR6-1,0.787161447032,0.197966458753,0.14113420508,0.204459423806,False,False,biological animal
double_occurrence,Ocurrencia espacial de núcleos dobles c-FOS y NPY positivos / núcleos DAPI,779,WATER_NPY2;E7_FR7-1;E8_FR6-4,E7_FR7-5;E8_FR6-1;E8_FR6-3,WATER_NPY1;WATER_NPY3;E9_FR8-1,1.29411170215,0.197966458753,0.12772716793,0.126353808086,False,False,biological animal
double_occurrence,Ocurrencia espacial de núcleos dobles c-FOS y NPY positivos / núcleos DAPI,780,WATER_NPY2;E7_FR7-1;E8_FR6-4,E9_FR8-1;E8_FR6-1;E8_FR6-3,WATER_NPY1;WATER_NPY3;E7_FR7-5,1.00667829362,0.197966458753,0.15534424561,0.122422950752,False,False,biological animal
double_occurrence,Ocurrencia espacial de núcleos dobles c-FOS y NPY positivos / núcleos DAPI,781,WATER_NPY2;E7_FR7-5;E9_FR8-1,WATER_NPY1;WATER_NPY3;E7_FR7-1,E8_FR6-1;E8_FR6-3;E8_FR6-4,6.25183403517,0.110905650498,0.121180837263,0.0449807635238,False,False,biological animal
double_occurrence,Ocurrencia espacial de núcleos dobles c-FOS y NPY positivos / núcleos DAPI,782,WATER_NPY2;E7_FR7-5;E9_FR8-1,WATER_NPY1;WATER_NPY3;E8_FR6-1,E7_FR7-1;E8_FR6-3;E8_FR6-4,2.27385359132,0.110905650498,0.204459423806,0.140781838726,False,False,biological animal
double_occurrence,Ocurrencia espacial de núcleos dobles c-FOS y NPY positivos / núcleos DAPI,783,WATER_NPY2;E7_FR7-5;E9_FR8-1,WATER_NPY1;WATER_NPY3;E8_FR6-3,E7_FR7-1;E8_FR6-1;E8_FR6-4,1.66540021624,0.110905650498,0.187316964493,0.149326862479,False,False,biological animal
double_occurrence,Ocurrencia espacial de núcleos dobles c-FOS y NPY positivos / núcleos DAPI,784,WATER_NPY2;E7_FR7-5;E9_FR8-1,WATER_NPY1;WATER_NPY3;E8_FR6-4,E7_FR7-1;E8_FR6-1;E8_FR6-3,2.8314179463,0.110905650498,0.213148665063,0.133615610223,False,False,biological animal
double_occurrence,Ocurrencia espacial de núcleos dobles c-FOS y NPY positivos / núcleos DAPI,785,WATER_NPY2;E7_FR7-5;E9_FR8-1,WATER_NPY1;E7_FR7-1;E8_FR6-1,WATER_NPY3;E8_FR6-3;E8_FR6-4,1.93083048359,0.110905650498,0.163314876386,0.205298255629,False,False,biological animal
double_occurrence,Ocurrencia espacial de núcleos dobles c-FOS y NPY positivos / núcleos DAPI,786,WATER_NPY2;E7_FR7-5;E9_FR8-1,WATER_NPY1;E7_FR7-1;E8_FR6-3,WATER_NPY3;E8_FR6-1;E8_FR6-4,2.6560210567,0.110905650498,0.146373399917,0.214423236895,False,False,biological animal
double_occurrence,Ocurrencia espacial de núcleos dobles c-FOS y NPY positivos / núcleos DAPI,787,WATER_NPY2;E7_FR7-5;E9_FR8-1,WATER_NPY1;E7_FR7-1;E8_FR6-4,WATER_NPY3;E8_FR6-1;E8_FR6-3,1.86837545864,0.110905650498,0.173245915208,0.198889589098,False,False,biological animal
double_occurrence,Ocurrencia espacial de núcleos dobles c-FOS y NPY positivos / núcleos DAPI,788,WATER_NPY2;E7_FR7-5;E9_FR8-1,WATER_NPY1;E8_FR6-1;E8_FR6-3,WATER_NPY3;E7_FR7-1;E8_FR6-4,0.833231000908,0.110905650498,0.135998653466,0.186653690818,False,False,biological animal
double_occurrence,Ocurrencia espacial de núcleos dobles c-FOS y NPY positivos / núcleos DAPI,789,WATER_NPY2;E7_FR7-5;E9_FR8-1,WATER_NPY1;E8_FR6-1;E8_FR6-4,WATER_NPY3;E7_FR7-1;E8_FR6-3,0.438237620926,0.110905650498,0.153768483235,0.158283788493,False,False,biological animal
double_occurrence,Ocurrencia espacial de núcleos dobles c-FOS y NPY positivos / núcleos DAPI,790,WATER_NPY2;E7_FR7-5;E9_FR8-1,WATER_NPY1;E8_FR6-3;E8_FR6-4,WATER_NPY3;E7_FR7-1;E8_FR6-1,0.548527499355,0.110905650498,0.141378919362,0.173718769592,False,False,biological animal
double_occurrence,Ocurrencia espacial de núcleos dobles c-FOS y NPY positivos / núcleos DAPI,791,WATER_NPY2;E7_FR7-5;E9_FR8-1,WATER_NPY3;E7_FR7-1;E8_FR6-1,WATER_NPY1;E8_FR6-3;E8_FR6-4,0.548527499355,0.110905650498,0.173718769592,0.141378919362,False,False,biological animal
double_occurrence,Ocurrencia espacial de núcleos dobles c-FOS y NPY positivos / núcleos DAPI,792,WATER_NPY2;E7_FR7-5;E9_FR8-1,WATER_NPY3;E7_FR7-1;E8_FR6-3,WATER_NPY1;E8_FR6-1;E8_FR6-4,0.438237620926,0.110905650498,0.158283788493,0.153768483235,False,False,biological animal
double_occurrence,Ocurrencia espacial de núcleos dobles c-FOS y NPY positivos / núcleos DAPI,793,WATER_NPY2;E7_FR7-5;E9_FR8-1,WATER_NPY3;E7_FR7-1;E8_FR6-4,WATER_NPY1;E8_FR6-1;E8_FR6-3,0.833231000908,0.110905650498,0.186653690818,0.135998653466,False,False,biological animal
double_occurrence,Ocurrencia espacial de núcleos dobles c-FOS y NPY positivos / núcleos DAPI,794,WATER_NPY2;E7_FR7-5;E9_FR8-1,WATER_NPY3;E8_FR6-1;E8_FR6-3,WATER_NPY1;E7_FR7-1;E8_FR6-4,1.86837545864,0.110905650498,0.198889589098,0.173245915208,False,False,biological animal
double_occurrence,Ocurrencia espacial de núcleos dobles c-FOS y NPY positivos / núcleos DAPI,795,WATER_NPY2;E7_FR7-5;E9_FR8-1,WATER_NPY3;E8_FR6-1;E8_FR6-4,WATER_NPY1;E7_FR7-1;E8_FR6-3,2.6560210567,0.110905650498,0.214423236895,0.146373399917,False,False,biological animal
double_occurrence,Ocurrencia espacial de núcleos dobles c-FOS y NPY positivos / núcleos DAPI,796,WATER_NPY2;E7_FR7-5;E9_FR8-1,WATER_NPY3;E8_FR6-3;E8_FR6-4,WATER_NPY1;E7_FR7-1;E8_FR6-1,1.93083048359,0.110905650498,0.205298255629,0.163314876386,False,False,biological animal
double_occurrence,Ocurrencia espacial de núcleos dobles c-FOS y NPY positivos / núcleos DAPI,797,WATER_NPY2;E7_FR7-5;E9_FR8-1,E7_FR7-1;E8_FR6-1;E8_FR6-3,WATER_NPY1;WATER_NPY3;E8_FR6-4,2.8314179463,0.110905650498,0.133615610223,0.213148665063,False,False,biological animal
double_occurrence,Ocurrencia espacial de núcleos dobles c-FOS y NPY positivos / núcleos DAPI,798,WATER_NPY2;E7_FR7-5;E9_FR8-1,E7_FR7-1;E8_FR6-1;E8_FR6-4,WATER_NPY1;WATER_NPY3;E8_FR6-3,1.66540021624,0.110905650498,0.149326862479,0.187316964493,False,False,biological animal
double_occurrence,Ocurrencia espacial de núcleos dobles c-FOS y NPY positivos / núcleos DAPI,799,WATER_NPY2;E7_FR7-5;E9_FR8-1,E7_FR7-1;E8_FR6-3;E8_FR6-4,WATER_NPY1;WATER_NPY3;E8_FR6-1,2.27385359132,0.110905650498,0.140781838726,0.204459423806,False,False,biological animal
double_occurrence,Ocurrencia espacial de núcleos dobles c-FOS y NPY positivos / núcleos DAPI,800,WATER_NPY2;E7_FR7-5;E9_FR8-1,E8_FR6-1;E8_FR6-3;E8_FR6-4,WATER_NPY1;WATER_NPY3;E7_FR7-1,6.25183403517,0.110905650498,0.0449807635238,0.121180837263,False,False,biological animal
double_occurrence,Ocurrencia espacial de núcleos dobles c-FOS y NPY positivos / núcleos DAPI,801,WATER_NPY2;E7_FR7-5;E8_FR6-1,WATER_NPY1;WATER_NPY3;E7_FR7-1,E9_FR8-1;E8_FR6-3;E8_FR6-4,0.706484912337,0.188090026854,0.121180837263,0.16219363963,False,False,biological animal
double_occurrence,Ocurrencia espacial de núcleos dobles c-FOS y NPY positivos / núcleos DAPI,802,WATER_NPY2;E7_FR7-5;E8_FR6-1,WATER_NPY1;WATER_NPY3;E9_FR8-1,E7_FR7-1;E8_FR6-3;E8_FR6-4,0.69385693336,0.188090026854,0.126353808086,0.140781838726,False,False,biological animal
double_occurrence,Ocurrencia espacial de núcleos dobles c-FOS y NPY positivos / núcleos DAPI,803,WATER_NPY2;E7_FR7-5;E8_FR6-1,WATER_NPY1;WATER_NPY3;E8_FR6-3,E7_FR7-1;E9_FR8-1;E8_FR6-4,0.0937133513974,0.188090026854,0.187316964493,0.165278911965,False,False,biological animal
double_occurrence,Ocurrencia espacial de núcleos dobles c-FOS y NPY positivos / núcleos DAPI,804,WATER_NPY2;E7_FR7-5;E8_FR6-1,WATER_NPY1;WATER_NPY3;E8_FR6-4,E7_FR7-1;E9_FR8-1;E8_FR6-3,0.817493100948,0.188090026854,0.213148665063,0.137496356749,False,False,biological animal
double_occurrence,Ocurrencia espacial de núcleos dobles c-FOS y NPY positivos / núcleos DAPI,805,WATER_NPY2;E7_FR7-5;E8_FR6-1,WATER_NPY1;E7_FR7-1;E9_FR8-1,WATER_NPY3;E8_FR6-3;E8_FR6-4,1.44500397665,0.188090026854,0.104490056246,0.205298255629,False,False,biological animal
double_occurrence,Ocurrencia espacial de núcleos dobles c-FOS y NPY positivos / núcleos DAPI,806,WATER_NPY2;E7_FR7-5;E8_FR6-1,WATER_NPY1;E7_FR7-1;E8_FR6-3,WATER_NPY3;E9_FR8-1;E8_FR6-4,0.379223489135,0.188090026854,0.146373399917,0.19720973801,False,False,biological animal
double_occurrence,Ocurrencia espacial de núcleos dobles c-FOS y NPY positivos / núcleos DAPI,807,WATER_NPY2;E7_FR7-5;E8_FR6-1,WATER_NPY1;E7_FR7-1;E8_FR6-4,WATER_NPY3;E9_FR8-1;E8_FR6-3,0.0517259093192,0.188090026854,0.173245915208,0.169855348373,False,False,biological animal
double_occurrence,Ocurrencia espacial de núcleos dobles c-FOS y NPY positivos / núcleos DAPI,808,WATER_NPY2;E7_FR7-5;E8_FR6-1,WATER_NPY1;E9_FR8-1;E8_FR6-3,WATER_NPY3;E7_FR7-1;E8_FR6-4,0.0746437818088,0.188090026854,0.165326588668,0.186653690818,False,False,biological animal
double_occurrence,Ocurrencia espacial de núcleos dobles c-FOS y NPY positivos / núcleos DAPI,809,WATER_NPY2;E7_FR7-5;E8_FR6-1,WATER_NPY1;E9_FR8-1;E8_FR6-4,WATER_NPY3;E7_FR7-1;E8_FR6-3,0.159353462313,0.188090026854,0.19101882901,0.158283788493,False,False,biological animal
double_occurrence,Ocurrencia espacial de núcleos dobles c-FOS y NPY positivos / núcleos DAPI,810,WATER_NPY2;E7_FR7-5;E8_FR6-1,WATER_NPY1;E8_FR6-3;E8_FR6-4,WATER_NPY3;E7_FR7-1;E9_FR8-1,2.69785871552,0.188090026854,0.141378919362,0.0663496420174,False,False,biological animal
double_occurrence,Ocurrencia espacial de núcleos dobles c-FOS y NPY positivos / núcleos DAPI,811,WATER_NPY2;E7_FR7-5;E8_FR6-1,WATER_NPY3;E7_FR7-1;E9_FR8-1,WATER_NPY1;E8_FR6-3;E8_FR6-4,2.69785871552,0.188090026854,0.0663496420174,0.141378919362,False,False,biological animal
double_occurrence,Ocurrencia espacial de núcleos dobles c-FOS y NPY positivos / núcleos DAPI,812,WATER_NPY2;E7_FR7-5;E8_FR6-1,WATER_NPY3;E7_FR7-1;E8_FR6-3,WATER_NPY1;E9_FR8-1;E8_FR6-4,0.159353462313,0.188090026854,0.158283788493,0.19101882901,False,False,biological animal
double_occurrence,Ocurrencia espacial de núcleos dobles c-FOS y NPY positivos / núcleos DAPI,813,WATER_NPY2;E7_FR7-5;E8_FR6-1,WATER_NPY3;E7_FR7-1;E8_FR6-4,WATER_NPY1;E9_FR8-1;E8_FR6-3,0.0746437818088,0.188090026854,0.186653690818,0.165326588668,False,False,biological animal
double_occurrence,Ocurrencia espacial de núcleos dobles c-FOS y NPY positivos / núcleos DAPI,814,WATER_NPY2;E7_FR7-5;E8_FR6-1,WATER_NPY3;E9_FR8-1;E8_FR6-3,WATER_NPY1;E7_FR7-1;E8_FR6-4,0.0517259093192,0.188090026854,0.169855348373,0.173245915208,False,False,biological animal
double_occurrence,Ocurrencia espacial de núcleos dobles c-FOS y NPY positivos / núcleos DAPI,815,WATER_NPY2;E7_FR7-5;E8_FR6-1,WATER_NPY3;E9_FR8-1;E8_FR6-4,WATER_NPY1;E7_FR7-1;E8_FR6-3,0.379223489135,0.188090026854,0.19720973801,0.146373399917,False,False,biological animal
double_occurrence,Ocurrencia espacial de núcleos dobles c-FOS y NPY positivos / núcleos DAPI,816,WATER_NPY2;E7_FR7-5;E8_FR6-1,WATER_NPY3;E8_FR6-3;E8_FR6-4,WATER_NPY1;E7_FR7-1;E9_FR8-1,1.44500397665,0.188090026854,0.205298255629,0.104490056246,False,False,biological animal
double_occurrence,Ocurrencia espacial de núcleos dobles c-FOS y NPY positivos / núcleos DAPI,817,WATER_NPY2;E7_FR7-5;E8_FR6-1,E7_FR7-1;E9_FR8-1;E8_FR6-3,WATER_NPY1;WATER_NPY3;E8_FR6-4,0.817493100948,0.188090026854,0.137496356749,0.213148665063,False,False,biological animal
double_occurrence,Ocurrencia espacial de núcleos dobles c-FOS y NPY positivos / núcleos DAPI,818,WATER_NPY2;E7_FR7-5;E8_FR6-1,E7_FR7-1;E9_FR8-1;E8_FR6-4,WATER_NPY1;WATER_NPY3;E8_FR6-3,0.0937133513974,0.188090026854,0.165278911965,0.187316964493,False,False,biological animal
double_occurrence,Ocurrencia espacial de núcleos dobles c-FOS y NPY positivos / núcleos DAPI,819,WATER_NPY2;E7_FR7-5;E8_FR6-1,E7_FR7-1;E8_FR6-3;E8_FR6-4,WATER_NPY1;WATER_NPY3;E9_FR8-1,0.69385693336,0.188090026854,0.140781838726,0.126353808086,False,False,biological animal
double_occurrence,Ocurrencia espacial de núcleos dobles c-FOS y NPY positivos / núcleos DAPI,820,WATER_NPY2;E7_FR7-5;E8_FR6-1,E9_FR8-1;E8_FR6-3;E8_FR6-4,WATER_NPY1;WATER_NPY3;E7_FR7-1,0.706484912337,0.188090026854,0.16219363963,0.121180837263,False,False,biological animal
double_occurrence,Ocurrencia espacial de núcleos dobles c-FOS y NPY positivos / núcleos DAPI,821,WATER_NPY2;E7_FR7-5;E8_FR6-3,WATER_NPY1;WATER_NPY3;E7_FR7-1,E9_FR8-1;E8_FR6-1;E8_FR6-4,0.650862077246,0.173496371672,0.121180837263,0.170114361786,False,False,biological animal
double_occurrence,Ocurrencia espacial de núcleos dobles c-FOS y NPY positivos / núcleos DAPI,822,WATER_NPY2;E7_FR7-5;E8_FR6-3,WATER_NPY1;WATER_NPY3;E9_FR8-1,E7_FR7-1;E8_FR6-1;E8_FR6-4,0.465472922422,0.173496371672,0.126353808086,0.149326862479,False,False,biological animal
double_occurrence,Ocurrencia espacial de núcleos dobles c-FOS y NPY positivos / núcleos DAPI,823,WATER_NPY2;E7_FR7-5;E8_FR6-3,WATER_NPY1;WATER_NPY3;E8_FR6-1,E7_FR7-1;E9_FR8-1;E8_FR6-4,0.26536168845,0.173496371672,0.204459423806,0.165278911965,False,False,biological animal
double_occurrence,Ocurrencia espacial de núcleos dobles c-FOS y NPY positivos / núcleos DAPI,824,WATER_NPY2;E7_FR7-5;E8_FR6-3,WATER_NPY1;WATER_NPY3;E8_FR6-4,E7_FR7-1;E9_FR8-1;E8_FR6-1,0.573710693535,0.173496371672,0.213148665063,0.152637389372,False,False,biological animal
double_occurrence,Ocurrencia espacial de núcleos dobles c-FOS y NPY positivos / núcleos DAPI,825,WATER_NPY2;E7_FR7-5;E8_FR6-3,WATER_NPY1;E7_FR7-1;E9_FR8-1,WATER_NPY3;E8_FR6-1;E8_FR6-4,1.79615150579,0.173496371672,0.104490056246,0.214423236895,False,False,biological animal
double_occurrence,Ocurrencia espacial de núcleos dobles c-FOS y NPY positivos / núcleos DAPI,826,WATER_NPY2;E7_FR7-5;E8_FR6-3,WATER_NPY1;E7_FR7-1;E8_FR6-1,WATER_NPY3;E9_FR8-1;E8_FR6-4,0.171870943085,0.173496371672,0.163314876386,0.19720973801,False,False,biological animal
double_occurrence,Ocurrencia espacial de núcleos dobles c-FOS y NPY positivos / núcleos DAPI,827,WATER_NPY2;E7_FR7-5;E8_FR6-3,WATER_NPY1;E7_FR7-1;E8_FR6-4,WATER_NPY3;E9_FR8-1;E8_FR6-1,0.0265848086242,0.173496371672,0.173245915208,0.185083308782,False,False,biological animal
double_occurrence,Ocurrencia espacial de núcleos dobles c-FOS y NPY positivos / núcleos DAPI,828,WATER_NPY2;E7_FR7-5;E8_FR6-3,WATER_NPY1;E9_FR8-1;E8_FR6-1,WATER_NPY3;E7_FR7-1;E8_FR6-4,0.0224728303921,0.173496371672,0.181725944297,0.186653690818,False,False,biological animal
double_occurrence,Ocurrencia espacial de núcleos dobles c-FOS y NPY positivos / núcleos DAPI,829,WATER_NPY2;E7_FR7-5;E8_FR6-3,WATER_NPY1;E9_FR8-1;E8_FR6-4,WATER_NPY3;E7_FR7-1;E8_FR6-1,0.0513706003283,0.173496371672,0.19101882901,0.173718769592,False,False,biological animal
double_occurrence,Ocurrencia espacial de núcleos dobles c-FOS y NPY positivos / núcleos DAPI,830,WATER_NPY2;E7_FR7-5;E8_FR6-3,WATER_NPY1;E8_FR6-1;E8_FR6-4,WATER_NPY3;E7_FR7-1;E9_FR8-1,3.04498724304,0.173496371672,0.153768483235,0.0663496420174,False,False,biological animal
double_occurrence,Ocurrencia espacial de núcleos dobles c-FOS y NPY positivos / núcleos DAPI,831,WATER_NPY2;E7_FR7-5;E8_FR6-3,WATER_NPY3;E7_FR7-1;E9_FR8-1,WATER_NPY1;E8_FR6-1;E8_FR6-4,3.04498724304,0.173496371672,0.0663496420174,0.153768483235,False,False,biological animal
double_occurrence,Ocurrencia espacial de núcleos dobles c-FOS y NPY positivos / núcleos DAPI,832,WATER_NPY2;E7_FR7-5;E8_FR6-3,WATER_NPY3;E7_FR7-1;E8_FR6-1,WATER_NPY1;E9_FR8-1;E8_FR6-4,0.0513706003283,0.173496371672,0.173718769592,0.19101882901,False,False,biological animal
double_occurrence,Ocurrencia espacial de núcleos dobles c-FOS y NPY positivos / núcleos DAPI,833,WATER_NPY2;E7_FR7-5;E8_FR6-3,WATER_NPY3;E7_FR7-1;E8_FR6-4,WATER_NPY1;E9_FR8-1;E8_FR6-1,0.0224728303921,0.173496371672,0.186653690818,0.181725944297,False,False,biological animal
double_occurrence,Ocurrencia espacial de núcleos dobles c-FOS y NPY positivos / núcleos DAPI,834,WATER_NPY2;E7_FR7-5;E8_FR6-3,WATER_NPY3;E9_FR8-1;E8_FR6-1,WATER_NPY1;E7_FR7-1;E8_FR6-4,0.0265848086242,0.173496371672,0.185083308782,0.173245915208,False,False,biological animal
double_occurrence,Ocurrencia espacial de núcleos dobles c-FOS y NPY positivos / núcleos DAPI,835,WATER_NPY2;E7_FR7-5;E8_FR6-3,WATER_NPY3;E9_FR8-1;E8_FR6-4,WATER_NPY1;E7_FR7-1;E8_FR6-1,0.171870943085,0.173496371672,0.19720973801,0.163314876386,False,False,biological animal
double_occurrence,Ocurrencia espacial de núcleos dobles c-FOS y NPY positivos / núcleos DAPI,836,WATER_NPY2;E7_FR7-5;E8_FR6-3,WATER_NPY3;E8_FR6-1;E8_FR6-4,WATER_NPY1;E7_FR7-1;E9_FR8-1,1.79615150579,0.173496371672,0.214423236895,0.104490056246,False,False,biological animal
double_occurrence,Ocurrencia espacial de núcleos dobles c-FOS y NPY positivos / núcleos DAPI,837,WATER_NPY2;E7_FR7-5;E8_FR6-3,E7_FR7-1;E9_FR8-1;E8_FR6-1,WATER_NPY1;WATER_NPY3;E8_FR6-4,0.573710693535,0.173496371672,0.152637389372,0.213148665063,False,False,biological animal
double_occurrence,Ocurrencia espacial de núcleos dobles c-FOS y NPY positivos / núcleos DAPI,838,WATER_NPY2;E7_FR7-5;E8_FR6-3,E7_FR7-1;E9_FR8-1;E8_FR6-4,WATER_NPY1;WATER_NPY3;E8_FR6-1,0.26536168845,0.173496371672,0.165278911965,0.204459423806,False,False,biological animal
double_occurrence,Ocurrencia espacial de núcleos dobles c-FOS y NPY positivos / núcleos DAPI,839,WATER_NPY2;E7_FR7-5;E8_FR6-3,E7_FR7-1;E8_FR6-1;E8_FR6-4,WATER_NPY1;WATER_NPY3;E9_FR8-1,0.465472922422,0.173496371672,0.149326862479,0.126353808086,False,False,biological animal
double_occurrence,Ocurrencia espacial de núcleos dobles c-FOS y NPY positivos / núcleos DAPI,840,WATER_NPY2;E7_FR7-5;E8_FR6-3,E9_FR8-1;E8_FR6-1;E8_FR6-4,WATER_NPY1;WATER_NPY3;E7_FR7-1,0.650862077246,0.173496371672,0.170114361786,0.121180837263,False,False,biological animal
double_occurrence,Ocurrencia espacial de núcleos dobles c-FOS y NPY positivos / núcleos DAPI,841,WATER_NPY2;E7_FR7-5;E8_FR6-4,WATER_NPY1;WATER_NPY3;E7_FR7-1,E9_FR8-1;E8_FR6-1;E8_FR6-3,1.06046919228,0.198563040697,0.121180837263,0.15534424561,False,False,biological animal
double_occurrence,Ocurrencia espacial de núcleos dobles c-FOS y NPY positivos / núcleos DAPI,842,WATER_NPY2;E7_FR7-5;E8_FR6-4,WATER_NPY1;WATER_NPY3;E9_FR8-1,E7_FR7-1;E8_FR6-1;E8_FR6-3,1.21279269907,0.198563040697,0.126353808086,0.133615610223,False,False,biological animal
double_occurrence,Ocurrencia espacial de núcleos dobles c-FOS y NPY positivos / núcleos DAPI,843,WATER_NPY2;E7_FR7-5;E8_FR6-4,WATER_NPY1;WATER_NPY3;E8_FR6-1,E7_FR7-1;E9_FR8-1;E8_FR6-3,0.857439697547,0.198563040697,0.204459423806,0.137496356749,False,False,biological animal
double_occurrence,Ocurrencia espacial de núcleos dobles c-FOS y NPY positivos / núcleos DAPI,844,WATER_NPY2;E7_FR7-5;E8_FR6-4,WATER_NPY1;WATER_NPY3;E8_FR6-3,E7_FR7-1;E9_FR8-1;E8_FR6-1,0.354850023141,0.198563040697,0.187316964493,0.152637389372,False,False,biological animal
double_occurrence,Ocurrencia espacial de núcleos dobles c-FOS y NPY positivos / núcleos DAPI,845,WATER_NPY2;E7_FR7-5;E8_FR6-4,WATER_NPY1;E7_FR7-1;E9_FR8-1,WATER_NPY3;E8_FR6-1;E8_FR6-3,1.64206175813,0.198563040697,0.104490056246,0.198889589098,False,False,biological animal
double_occurrence,Ocurrencia espacial de núcleos dobles c-FOS y NPY positivos / núcleos DAPI,846,WATER_NPY2;E7_FR7-5;E8_FR6-4,WATER_NPY1;E7_FR7-1;E8_FR6-1,WATER_NPY3;E9_FR8-1;E8_FR6-3,0.210363174797,0.198563040697,0.163314876386,0.169855348373,False,False,biological animal
double_occurrence,Ocurrencia espacial de núcleos dobles c-FOS y NPY positivos / núcleos DAPI,847,WATER_NPY2;E7_FR7-5;E8_FR6-4,WATER_NPY1;E7_FR7-1;E8_FR6-3,WATER_NPY3;E9_FR8-1;E8_FR6-1,0.41926337166,0.198563040697,0.146373399917,0.185083308782,False,False,biological animal
double_occurrence,Ocurrencia espacial de núcleos dobles c-FOS y NPY positivos / núcleos DAPI,848,WATER_NPY2;E7_FR7-5;E8_FR6-4,WATER_NPY1;E9_FR8-1;E8_FR6-1,WATER_NPY3;E7_FR7-1;E8_FR6-3,0.214964115433,0.198563040697,0.181725944297,0.158283788493,False,False,biological animal
double_occurrence,Ocurrencia espacial de núcleos dobles c-FOS y NPY positivos / núcleos DAPI,849,WATER_NPY2;E7_FR7-5;E8_FR6-4,WATER_NPY1;E9_FR8-1;E8_FR6-3,WATER_NPY3;E7_FR7-1;E8_FR6-1,0.147654301623,0.198563040697,0.165326588668,0.173718769592,False,False,biological animal
double_occurrence,Ocurrencia espacial de núcleos dobles c-FOS y NPY positivos / núcleos DAPI,850,WATER_NPY2;E7_FR7-5;E8_FR6-4,WATER_NPY1;E8_FR6-1;E8_FR6-3,WATER_NPY3;E7_FR7-1;E9_FR8-1,3.54993211912,0.198563040697,0.135998653466,0.0663496420174,False,False,biological animal
double_occurrence,Ocurrencia espacial de núcleos dobles c-FOS y NPY positivos / núcleos DAPI,851,WATER_NPY2;E7_FR7-5;E8_FR6-4,WATER_NPY3;E7_FR7-1;E9_FR8-1,WATER_NPY1;E8_FR6-1;E8_FR6-3,3.54993211912,0.198563040697,0.0663496420174,0.135998653466,False,False,biological animal
double_occurrence,Ocurrencia espacial de núcleos dobles c-FOS y NPY positivos / núcleos DAPI,852,WATER_NPY2;E7_FR7-5;E8_FR6-4,WATER_NPY3;E7_FR7-1;E8_FR6-1,WATER_NPY1;E9_FR8-1;E8_FR6-3,0.147654301623,0.198563040697,0.173718769592,0.165326588668,False,False,biological animal
double_occurrence,Ocurrencia espacial de núcleos dobles c-FOS y NPY positivos / núcleos DAPI,853,WATER_NPY2;E7_FR7-5;E8_FR6-4,WATER_NPY3;E7_FR7-1;E8_FR6-3,WATER_NPY1;E9_FR8-1;E8_FR6-1,0.214964115433,0.198563040697,0.158283788493,0.181725944297,False,False,biological animal
double_occurrence,Ocurrencia espacial de núcleos dobles c-FOS y NPY positivos / núcleos DAPI,854,WATER_NPY2;E7_FR7-5;E8_FR6-4,WATER_NPY3;E9_FR8-1;E8_FR6-1,WATER_NPY1;E7_FR7-1;E8_FR6-3,0.41926337166,0.198563040697,0.185083308782,0.146373399917,False,False,biological animal
double_occurrence,Ocurrencia espacial de núcleos dobles c-FOS y NPY positivos / núcleos DAPI,855,WATER_NPY2;E7_FR7-5;E8_FR6-4,WATER_NPY3;E9_FR8-1;E8_FR6-3,WATER_NPY1;E7_FR7-1;E8_FR6-1,0.210363174797,0.198563040697,0.169855348373,0.163314876386,False,False,biological animal
double_occurrence,Ocurrencia espacial de núcleos dobles c-FOS y NPY positivos / núcleos DAPI,856,WATER_NPY2;E7_FR7-5;E8_FR6-4,WATER_NPY3;E8_FR6-1;E8_FR6-3,WATER_NPY1;E7_FR7-1;E9_FR8-1,1.64206175813,0.198563040697,0.198889589098,0.104490056246,False,False,biological animal
double_occurrence,Ocurrencia espacial de núcleos dobles c-FOS y NPY positivos / núcleos DAPI,857,WATER_NPY2;E7_FR7-5;E8_FR6-4,E7_FR7-1;E9_FR8-1;E8_FR6-1,WATER_NPY1;WATER_NPY3;E8_FR6-3,0.354850023141,0.198563040697,0.152637389372,0.187316964493,False,False,biological animal
double_occurrence,Ocurrencia espacial de núcleos dobles c-FOS y NPY positivos / núcleos DAPI,858,WATER_NPY2;E7_FR7-5;E8_FR6-4,E7_FR7-1;E9_FR8-1;E8_FR6-3,WATER_NPY1;WATER_NPY3;E8_FR6-1,0.857439697547,0.198563040697,0.137496356749,0.204459423806,False,False,biological animal
double_occurrence,Ocurrencia espacial de núcleos dobles c-FOS y NPY positivos / núcleos DAPI,859,WATER_NPY2;E7_FR7-5;E8_FR6-4,E7_FR7-1;E8_FR6-1;E8_FR6-3,WATER_NPY1;WATER_NPY3;E9_FR8-1,1.21279269907,0.198563040697,0.133615610223,0.126353808086,False,False,biological animal
double_occurrence,Ocurrencia espacial de núcleos dobles c-FOS y NPY positivos / núcleos DAPI,860,WATER_NPY2;E7_FR7-5;E8_FR6-4,E9_FR8-1;E8_FR6-1;E8_FR6-3,WATER_NPY1;WATER_NPY3;E7_FR7-1,1.06046919228,0.198563040697,0.15534424561,0.121180837263,False,False,biological animal
double_occurrence,Ocurrencia espacial de núcleos dobles c-FOS y NPY positivos / núcleos DAPI,861,WATER_NPY2;E9_FR8-1;E8_FR6-1,WATER_NPY1;WATER_NPY3;E7_FR7-1,E7_FR7-5;E8_FR6-3;E8_FR6-4,1.36831336459,0.199556872872,0.121180837263,0.135435925413,False,False,biological animal
double_occurrence,Ocurrencia espacial de núcleos dobles c-FOS y NPY positivos / núcleos DAPI,862,WATER_NPY2;E9_FR8-1;E8_FR6-1,WATER_NPY1;WATER_NPY3;E7_FR7-5,E7_FR7-1;E8_FR6-3;E8_FR6-4,1.27901523472,0.199556872872,0.122422950752,0.140781838726,False,False,biological animal
double_occurrence,Ocurrencia espacial de núcleos dobles c-FOS y NPY positivos / núcleos DAPI,863,WATER_NPY2;E9_FR8-1;E8_FR6-1,WATER_NPY1;WATER_NPY3;E8_FR6-3,E7_FR7-1;E7_FR7-5;E8_FR6-4,0.41379269597,0.199556872872,0.187316964493,0.152185747168,False,False,biological animal
double_occurrence,Ocurrencia espacial de núcleos dobles c-FOS y NPY positivos / núcleos DAPI,864,WATER_NPY2;E9_FR8-1;E8_FR6-1,WATER_NPY1;WATER_NPY3;E8_FR6-4,E7_FR7-1;E7_FR7-5;E8_FR6-3,1.58848237928,0.199556872872,0.213148665063,0.123004150611,False,False,biological animal
double_occurrence,Ocurrencia espacial de núcleos dobles c-FOS y NPY positivos / núcleos DAPI,865,WATER_NPY2;E9_FR8-1;E8_FR6-1,WATER_NPY1;E7_FR7-1;E7_FR7-5,WATER_NPY3;E8_FR6-3;E8_FR6-4,2.61269096136,0.199556872872,0.0865898893859,0.205298255629,False,False,biological animal
double_occurrence,Ocurrencia espacial de núcleos dobles c-FOS y NPY positivos / núcleos DAPI,866,WATER_NPY2;E9_FR8-1;E8_FR6-1,WATER_NPY1;E7_FR7-1;E8_FR6-3,WATER_NPY3;E7_FR7-5;E8_FR6-4,0.434391436027,0.199556872872,0.146373399917,0.190009576628,False,False,biological animal
double_occurrence,Ocurrencia espacial de núcleos dobles c-FOS y NPY positivos / núcleos DAPI,867,WATER_NPY2;E9_FR8-1;E8_FR6-1,WATER_NPY1;E7_FR7-1;E8_FR6-4,WATER_NPY3;E7_FR7-5;E8_FR6-3,0.209923118909,0.199556872872,0.173245915208,0.162237438588,False,False,biological animal
double_occurrence,Ocurrencia espacial de núcleos dobles c-FOS y NPY positivos / núcleos DAPI,868,WATER_NPY2;E9_FR8-1;E8_FR6-1,WATER_NPY1;E7_FR7-5;E8_FR6-3,WATER_NPY3;E7_FR7-1;E8_FR6-4,0.508344422844,0.199556872872,0.138969047947,0.186653690818,False,False,biological animal
double_occurrence,Ocurrencia espacial de núcleos dobles c-FOS y NPY positivos / núcleos DAPI,869,WATER_NPY2;E9_FR8-1;E8_FR6-1,WATER_NPY1;E7_FR7-5;E8_FR6-4,WATER_NPY3;E7_FR7-1;E8_FR6-3,0.246105367017,0.199556872872,0.166838620176,0.158283788493,False,False,biological animal
double_occurrence,Ocurrencia espacial de núcleos dobles c-FOS y NPY positivos / núcleos DAPI,870,WATER_NPY2;E9_FR8-1;E8_FR6-1,WATER_NPY1;E8_FR6-3;E8_FR6-4,WATER_NPY3;E7_FR7-1;E7_FR7-5,2.90910511062,0.199556872872,0.141378919362,0.0783666756761,False,False,biological animal
double_occurrence,Ocurrencia espacial de núcleos dobles c-FOS y NPY positivos / núcleos DAPI,871,WATER_NPY2;E9_FR8-1;E8_FR6-1,WATER_NPY3;E7_FR7-1;E7_FR7-5,WATER_NPY1;E8_FR6-3;E8_FR6-4,2.90910511062,0.199556872872,0.0783666756761,0.141378919362,False,False,biological animal
double_occurrence,Ocurrencia espacial de núcleos dobles c-FOS y NPY positivos / núcleos DAPI,872,WATER_NPY2;E9_FR8-1;E8_FR6-1,WATER_NPY3;E7_FR7-1;E8_FR6-3,WATER_NPY1;E7_FR7-5;E8_FR6-4,0.246105367017,0.199556872872,0.158283788493,0.166838620176,False,False,biological animal
double_occurrence,Ocurrencia espacial de núcleos dobles c-FOS y NPY positivos / núcleos DAPI,873,WATER_NPY2;E9_FR8-1;E8_FR6-1,WATER_NPY3;E7_FR7-1;E8_FR6-4,WATER_NPY1;E7_FR7-5;E8_FR6-3,0.508344422844,0.199556872872,0.186653690818,0.138969047947,False,False,biological animal
double_occurrence,Ocurrencia espacial de núcleos dobles c-FOS y NPY positivos / núcleos DAPI,874,WATER_NPY2;E9_FR8-1;E8_FR6-1,WATER_NPY3;E7_FR7-5;E8_FR6-3,WATER_NPY1;E7_FR7-1;E8_FR6-4,0.209923118909,0.199556872872,0.162237438588,0.173245915208,False,False,biological animal
double_occurrence,Ocurrencia espacial de núcleos dobles c-FOS y NPY positivos / núcleos DAPI,875,WATER_NPY2;E9_FR8-1;E8_FR6-1,WATER_NPY3;E7_FR7-5;E8_FR6-4,WATER_NPY1;E7_FR7-1;E8_FR6-3,0.434391436027,0.199556872872,0.190009576628,0.146373399917,False,False,biological animal
double_occurrence,Ocurrencia espacial de núcleos dobles c-FOS y NPY positivos / núcleos DAPI,876,WATER_NPY2;E9_FR8-1;E8_FR6-1,WATER_NPY3;E8_FR6-3;E8_FR6-4,WATER_NPY1;E7_FR7-1;E7_FR7-5,2.61269096136,0.199556872872,0.205298255629,0.0865898893859,False,False,biological animal
double_occurrence,Ocurrencia espacial de núcleos dobles c-FOS y NPY positivos / núcleos DAPI,877,WATER_NPY2;E9_FR8-1;E8_FR6-1,E7_FR7-1;E7_FR7-5;E8_FR6-3,WATER_NPY1;WATER_NPY3;E8_FR6-4,1.58848237928,0.199556872872,0.123004150611,0.213148665063,False,False,biological animal
double_occurrence,Ocurrencia espacial de núcleos dobles c-FOS y NPY positivos / núcleos DAPI,878,WATER_NPY2;E9_FR8-1;E8_FR6-1,E7_FR7-1;E7_FR7-5;E8_FR6-4,WATER_NPY1;WATER_NPY3;E8_FR6-3,0.41379269597,0.199556872872,0.152185747168,0.187316964493,False,False,biological animal
double_occurrence,Ocurrencia espacial de núcleos dobles c-FOS y NPY positivos / núcleos DAPI,879,WATER_NPY2;E9_FR8-1;E8_FR6-1,E7_FR7-1;E8_FR6-3;E8_FR6-4,WATER_NPY1;WATER_NPY3;E7_FR7-5,1.27901523472,0.199556872872,0.140781838726,0.122422950752,False,False,biological animal
double_occurrence,Ocurrencia espacial de núcleos dobles c-FOS y NPY positivos / núcleos DAPI,880,WATER_NPY2;E9_FR8-1;E8_FR6-1,E7_FR7-5;E8_FR6-3;E8_FR6-4,WATER_NPY1;WATER_NPY3;E7_FR7-1,1.36831336459,0.199556872872,0.135435925413,0.121180837263,False,False,biological animal
double_occurrence,Ocurrencia espacial de núcleos dobles c-FOS y NPY positivos / núcleos DAPI,881,WATER_NPY2;E9_FR8-1;E8_FR6-3,WATER_NPY1;WATER_NPY3;E7_FR7-1,E7_FR7-5;E8_FR6-1;E8_FR6-4,0.996899033607,0.183922314028,0.121180837263,0.144009708277,False,False,biological animal
double_occurrence,Ocurrencia espacial de núcleos dobles c-FOS y NPY positivos / núcleos DAPI,882,WATER_NPY2;E9_FR8-1;E8_FR6-3,WATER_NPY1;WATER_NPY3;E7_FR7-5,E7_FR7-1;E8_FR6-1;E8_FR6-4,0.935157232221,0.183922314028,0.122422950752,0.149326862479,False,False,biological animal
double_occurrence,Ocurrencia espacial de núcleos dobles c-FOS y NPY positivos / núcleos DAPI,883,WATER_NPY2;E9_FR8-1;E8_FR6-3,WATER_NPY1;WATER_NPY3;E8_FR6-1,E7_FR7-1;E7_FR7-5;E8_FR6-4,0.51915839462,0.183922314028,0.204459423806,0.152185747168,False,False,biological animal
double_occurrence,Ocurrencia espacial de núcleos dobles c-FOS y NPY positivos / núcleos DAPI,884,WATER_NPY2;E9_FR8-1;E8_FR6-3,WATER_NPY1;WATER_NPY3;E8_FR6-4,E7_FR7-1;E7_FR7-5;E8_FR6-1,1.03481488917,0.183922314028,0.213148665063,0.138379859903,False,False,biological animal
double_occurrence,Ocurrencia espacial de núcleos dobles c-FOS y NPY positivos / núcleos DAPI,885,WATER_NPY2;E9_FR8-1;E8_FR6-3,WATER_NPY1;E7_FR7-1;E7_FR7-5,WATER_NPY3;E8_FR6-1;E8_FR6-4,3.01668118998,0.183922314028,0.0865898893859,0.214423236895,False,False,biological animal
double_occurrence,Ocurrencia espacial de núcleos dobles c-FOS y NPY positivos / núcleos DAPI,886,WATER_NPY2;E9_FR8-1;E8_FR6-3,WATER_NPY1;E7_FR7-1;E8_FR6-1,WATER_NPY3;E7_FR7-5;E8_FR6-4,0.113154292681,0.183922314028,0.163314876386,0.190009576628,False,False,biological animal
double_occurrence,Ocurrencia espacial de núcleos dobles c-FOS y NPY positivos / núcleos DAPI,887,WATER_NPY2;E9_FR8-1;E8_FR6-3,WATER_NPY1;E7_FR7-1;E8_FR6-4,WATER_NPY3;E7_FR7-5;E8_FR6-1,0.0171888565571,0.183922314028,0.173245915208,0.176501711719,False,False,biological animal
double_occurrence,Ocurrencia espacial de núcleos dobles c-FOS y NPY positivos / núcleos DAPI,888,WATER_NPY2;E9_FR8-1;E8_FR6-3,WATER_NPY1;E7_FR7-5;E8_FR6-1,WATER_NPY3;E7_FR7-1;E8_FR6-4,0.152145043249,0.183922314028,0.155933607873,0.186653690818,False,False,biological animal
double_occurrence,Ocurrencia espacial de núcleos dobles c-FOS y NPY positivos / núcleos DAPI,889,WATER_NPY2;E9_FR8-1;E8_FR6-3,WATER_NPY1;E7_FR7-5;E8_FR6-4,WATER_NPY3;E7_FR7-1;E8_FR6-1,0.0390347928844,0.183922314028,0.166838620176,0.173718769592,False,False,biological animal
double_occurrence,Ocurrencia espacial de núcleos dobles c-FOS y NPY positivos / núcleos DAPI,890,WATER_NPY2;E9_FR8-1;E8_FR6-3,WATER_NPY1;E8_FR6-1;E8_FR6-4,WATER_NPY3;E7_FR7-1;E7_FR7-5,2.98938886714,0.183922314028,0.153768483235,0.0783666756761,False,False,biological animal
double_occurrence,Ocurrencia espacial de núcleos dobles c-FOS y NPY positivos / núcleos DAPI,891,WATER_NPY2;E9_FR8-1;E8_FR6-3,WATER_NPY3;E7_FR7-1;E7_FR7-5,WATER_NPY1;E8_FR6-1;E8_FR6-4,2.98938886714,0.183922314028,0.0783666756761,0.153768483235,False,False,biological animal
double_occurrence,Ocurrencia espacial de núcleos dobles c-FOS y NPY positivos / núcleos DAPI,892,WATER_NPY2;E9_FR8-1;E8_FR6-3,WATER_NPY3;E7_FR7-1;E8_FR6-1,WATER_NPY1;E7_FR7-5;E8_FR6-4,0.0390347928844,0.183922314028,0.173718769592,0.166838620176,False,False,biological animal
double_occurrence,Ocurrencia espacial de núcleos dobles c-FOS y NPY positivos / núcleos DAPI,893,WATER_NPY2;E9_FR8-1;E8_FR6-3,WATER_NPY3;E7_FR7-1;E8_FR6-4,WATER_NPY1;E7_FR7-5;E8_FR6-1,0.152145043249,0.183922314028,0.186653690818,0.155933607873,False,False,biological animal
double_occurrence,Ocurrencia espacial de núcleos dobles c-FOS y NPY positivos / núcleos DAPI,894,WATER_NPY2;E9_FR8-1;E8_FR6-3,WATER_NPY3;E7_FR7-5;E8_FR6-1,WATER_NPY1;E7_FR7-1;E8_FR6-4,0.0171888565571,0.183922314028,0.176501711719,0.173245915208,False,False,biological animal
double_occurrence,Ocurrencia espacial de núcleos dobles c-FOS y NPY positivos / núcleos DAPI,895,WATER_NPY2;E9_FR8-1;E8_FR6-3,WATER_NPY3;E7_FR7-5;E8_FR6-4,WATER_NPY1;E7_FR7-1;E8_FR6-1,0.113154292681,0.183922314028,0.190009576628,0.163314876386,False,False,biological animal
double_occurrence,Ocurrencia espacial de núcleos dobles c-FOS y NPY positivos / núcleos DAPI,896,WATER_NPY2;E9_FR8-1;E8_FR6-3,WATER_NPY3;E8_FR6-1;E8_FR6-4,WATER_NPY1;E7_FR7-1;E7_FR7-5,3.01668118998,0.183922314028,0.214423236895,0.0865898893859,False,False,biological animal
double_occurrence,Ocurrencia espacial de núcleos dobles c-FOS y NPY positivos / núcleos DAPI,897,WATER_NPY2;E9_FR8-1;E8_FR6-3,E7_FR7-1;E7_FR7-5;E8_FR6-1,WATER_NPY1;WATER_NPY3;E8_FR6-4,1.03481488917,0.183922314028,0.138379859903,0.213148665063,False,False,biological animal
double_occurrence,Ocurrencia espacial de núcleos dobles c-FOS y NPY positivos / núcleos DAPI,898,WATER_NPY2;E9_FR8-1;E8_FR6-3,E7_FR7-1;E7_FR7-5;E8_FR6-4,WATER_NPY1;WATER_NPY3;E8_FR6-1,0.51915839462,0.183922314028,0.152185747168,0.204459423806,False,False,biological animal
double_occurrence,Ocurrencia espacial de núcleos dobles c-FOS y NPY positivos / núcleos DAPI,899,WATER_NPY2;E9_FR8-1;E8_FR6-3,E7_FR7-1;E8_FR6-1;E8_FR6-4,WATER_NPY1;WATER_NPY3;E7_FR7-5,0.935157232221,0.183922314028,0.149326862479,0.122422950752,False,False,biological animal
double_occurrence,Ocurrencia espacial de núcleos dobles c-FOS y NPY positivos / núcleos DAPI,900,WATER_NPY2;E9_FR8-1;E8_FR6-3,E7_FR7-5;E8_FR6-1;E8_FR6-4,WATER_NPY1;WATER_NPY3;E7_FR7-1,0.996899033607,0.183922314028,0.144009708277,0.121180837263,False,False,biological animal
double_occurrence,Ocurrencia espacial de núcleos dobles c-FOS y NPY positivos / núcleos DAPI,901,WATER_NPY2;E9_FR8-1;E8_FR6-4,WATER_NPY1;WATER_NPY3;E7_FR7-1,E7_FR7-5;E8_FR6-1;E8_FR6-3,2.07619105399,0.20831294713,0.121180837263,0.12772716793,False,False,biological animal
double_occurrence,Ocurrencia espacial de núcleos dobles c-FOS y NPY positivos / núcleos DAPI,902,WATER_NPY2;E9_FR8-1;E8_FR6-4,WATER_NPY1;WATER_NPY3;E7_FR7-5,E7_FR7-1;E8_FR6-1;E8_FR6-3,1.89839117379,0.20831294713,0.122422950752,0.133615610223,False,False,biological animal
double_occurrence,Ocurrencia espacial de núcleos dobles c-FOS y NPY positivos / núcleos DAPI,903,WATER_NPY2;E9_FR8-1;E8_FR6-4,WATER_NPY1;WATER_NPY3;E8_FR6-1,E7_FR7-1;E7_FR7-5;E8_FR6-3,1.71671933311,0.20831294713,0.204459423806,0.123004150611,False,False,biological animal
double_occurrence,Ocurrencia espacial de núcleos dobles c-FOS y NPY positivos / núcleos DAPI,904,WATER_NPY2;E9_FR8-1;E8_FR6-4,WATER_NPY1;WATER_NPY3;E8_FR6-3,E7_FR7-1;E7_FR7-5;E8_FR6-1,0.945044782286,0.20831294713,0.187316964493,0.138379859903,False,False,biological animal
double_occurrence,Ocurrencia espacial de núcleos dobles c-FOS y NPY positivos / núcleos DAPI,905,WATER_NPY2;E9_FR8-1;E8_FR6-4,WATER_NPY1;E7_FR7-1;E7_FR7-5,WATER_NPY3;E8_FR6-1;E8_FR6-3,2.89484588943,0.20831294713,0.0865898893859,0.198889589098,False,False,biological animal
double_occurrence,Ocurrencia espacial de núcleos dobles c-FOS y NPY positivos / núcleos DAPI,906,WATER_NPY2;E9_FR8-1;E8_FR6-4,WATER_NPY1;E7_FR7-1;E8_FR6-1,WATER_NPY3;E7_FR7-5;E8_FR6-3,0.410826373472,0.20831294713,0.163314876386,0.162237438588,False,False,biological animal
double_occurrence,Ocurrencia espacial de núcleos dobles c-FOS y NPY positivos / núcleos DAPI,907,WATER_NPY2;E9_FR8-1;E8_FR6-4,WATER_NPY1;E7_FR7-1;E8_FR6-3,WATER_NPY3;E7_FR7-5;E8_FR6-1,0.534584261077,0.20831294713,0.146373399917,0.176501711719,False,False,biological animal
double_occurrence,Ocurrencia espacial de núcleos dobles c-FOS y NPY positivos / núcleos DAPI,908,WATER_NPY2;E9_FR8-1;E8_FR6-4,WATER_NPY1;E7_FR7-5;E8_FR6-1,WATER_NPY3;E7_FR7-1;E8_FR6-3,0.470568126492,0.20831294713,0.155933607873,0.158283788493,False,False,biological animal
double_occurrence,Ocurrencia espacial de núcleos dobles c-FOS y NPY positivos / núcleos DAPI,909,WATER_NPY2;E9_FR8-1;E8_FR6-4,WATER_NPY1;E7_FR7-5;E8_FR6-3,WATER_NPY3;E7_FR7-1;E8_FR6-1,0.623413048048,0.20831294713,0.138969047947,0.173718769592,False,False,biological animal
double_occurrence,Ocurrencia espacial de núcleos dobles c-FOS y NPY positivos / núcleos DAPI,910,WATER_NPY2;E9_FR8-1;E8_FR6-4,WATER_NPY1;E8_FR6-1;E8_FR6-3,WATER_NPY3;E7_FR7-1;E7_FR7-5,3.60598254705,0.20831294713,0.135998653466,0.0783666756761,False,False,biological animal
double_occurrence,Ocurrencia espacial de núcleos dobles c-FOS y NPY positivos / núcleos DAPI,911,WATER_NPY2;E9_FR8-1;E8_FR6-4,WATER_NPY3;E7_FR7-1;E7_FR7-5,WATER_NPY1;E8_FR6-1;E8_FR6-3,3.60598254705,0.20831294713,0.0783666756761,0.135998653466,False,False,biological animal
double_occurrence,Ocurrencia espacial de núcleos dobles c-FOS y NPY positivos / núcleos DAPI,912,WATER_NPY2;E9_FR8-1;E8_FR6-4,WATER_NPY3;E7_FR7-1;E8_FR6-1,WATER_NPY1;E7_FR7-5;E8_FR6-3,0.623413048048,0.20831294713,0.173718769592,0.138969047947,False,False,biological animal
double_occurrence,Ocurrencia espacial de núcleos dobles c-FOS y NPY positivos / núcleos DAPI,913,WATER_NPY2;E9_FR8-1;E8_FR6-4,WATER_NPY3;E7_FR7-1;E8_FR6-3,WATER_NPY1;E7_FR7-5;E8_FR6-1,0.470568126492,0.20831294713,0.158283788493,0.155933607873,False,False,biological animal
double_occurrence,Ocurrencia espacial de núcleos dobles c-FOS y NPY positivos / núcleos DAPI,914,WATER_NPY2;E9_FR8-1;E8_FR6-4,WATER_NPY3;E7_FR7-5;E8_FR6-1,WATER_NPY1;E7_FR7-1;E8_FR6-3,0.534584261077,0.20831294713,0.176501711719,0.146373399917,False,False,biological animal
double_occurrence,Ocurrencia espacial de núcleos dobles c-FOS y NPY positivos / núcleos DAPI,915,WATER_NPY2;E9_FR8-1;E8_FR6-4,WATER_NPY3;E7_FR7-5;E8_FR6-3,WATER_NPY1;E7_FR7-1;E8_FR6-1,0.410826373472,0.20831294713,0.162237438588,0.163314876386,False,False,biological animal
double_occurrence,Ocurrencia espacial de núcleos dobles c-FOS y NPY positivos / núcleos DAPI,916,WATER_NPY2;E9_FR8-1;E8_FR6-4,WATER_NPY3;E8_FR6-1;E8_FR6-3,WATER_NPY1;E7_FR7-1;E7_FR7-5,2.89484588943,0.20831294713,0.198889589098,0.0865898893859,False,False,biological animal
double_occurrence,Ocurrencia espacial de núcleos dobles c-FOS y NPY positivos / núcleos DAPI,917,WATER_NPY2;E9_FR8-1;E8_FR6-4,E7_FR7-1;E7_FR7-5;E8_FR6-1,WATER_NPY1;WATER_NPY3;E8_FR6-3,0.945044782286,0.20831294713,0.138379859903,0.187316964493,False,False,biological animal
double_occurrence,Ocurrencia espacial de núcleos dobles c-FOS y NPY positivos / núcleos DAPI,918,WATER_NPY2;E9_FR8-1;E8_FR6-4,E7_FR7-1;E7_FR7-5;E8_FR6-3,WATER_NPY1;WATER_NPY3;E8_FR6-1,1.71671933311,0.20831294713,0.123004150611,0.204459423806,False,False,biological animal
double_occurrence,Ocurrencia espacial de núcleos dobles c-FOS y NPY positivos / núcleos DAPI,919,WATER_NPY2;E9_FR8-1;E8_FR6-4,E7_FR7-1;E8_FR6-1;E8_FR6-3,WATER_NPY1;WATER_NPY3;E7_FR7-5,1.89839117379,0.20831294713,0.133615610223,0.122422950752,False,False,biological animal
double_occurrence,Ocurrencia espacial de núcleos dobles c-FOS y NPY positivos / núcleos DAPI,920,WATER_NPY2;E9_FR8-1;E8_FR6-4,E7_FR7-5;E8_FR6-1;E8_FR6-3,WATER_NPY1;WATER_NPY3;E7_FR7-1,2.07619105399,0.20831294713,0.12772716793,0.121180837263,False,False,biological animal
double_occurrence,Ocurrencia espacial de núcleos dobles c-FOS y NPY positivos / núcleos DAPI,921,WATER_NPY2;E8_FR6-1;E8_FR6-3,WATER_NPY1;WATER_NPY3;E7_FR7-1,E7_FR7-5;E9_FR8-1;E8_FR6-4,1.00699916394,0.198469505102,0.121180837263,0.168590636599,False,False,biological animal
double_occurrence,Ocurrencia espacial de núcleos dobles c-FOS y NPY positivos / núcleos DAPI,922,WATER_NPY2;E8_FR6-1;E8_FR6-3,WATER_NPY1;WATER_NPY3;E7_FR7-5,E7_FR7-1;E9_FR8-1;E8_FR6-4,0.916472238982,0.198469505102,0.122422950752,0.165278911965,False,False,biological animal
double_occurrence,Ocurrencia espacial de núcleos dobles c-FOS y NPY positivos / núcleos DAPI,923,WATER_NPY2;E8_FR6-1;E8_FR6-3,WATER_NPY1;WATER_NPY3;E9_FR8-1,E7_FR7-1;E7_FR7-5;E8_FR6-4,0.89550079326,0.198469505102,0.126353808086,0.152185747168,False,False,biological animal
double_occurrence,Ocurrencia espacial de núcleos dobles c-FOS y NPY positivos / núcleos DAPI,924,WATER_NPY2;E8_FR6-1;E8_FR6-3,WATER_NPY1;WATER_NPY3;E8_FR6-4,E7_FR7-1;E7_FR7-5;E9_FR8-1,5.39860235918,0.198469505102,0.213148665063,0.0484435865182,False,False,biological animal
double_occurrence,Ocurrencia espacial de núcleos dobles c-FOS y NPY positivos / núcleos DAPI,925,WATER_NPY2;E8_FR6-1;E8_FR6-3,WATER_NPY1;E7_FR7-1;E7_FR7-5,WATER_NPY3;E9_FR8-1;E8_FR6-4,2.0336997767,0.198469505102,0.0865898893859,0.19720973801,False,False,biological animal
double_occurrence,Ocurrencia espacial de núcleos dobles c-FOS y NPY positivos / núcleos DAPI,926,WATER_NPY2;E8_FR6-1;E8_FR6-3,WATER_NPY1;E7_FR7-1;E9_FR8-1,WATER_NPY3;E7_FR7-5;E8_FR6-4,1.20685124772,0.198469505102,0.104490056246,0.190009576628,False,False,biological animal
double_occurrence,Ocurrencia espacial de núcleos dobles c-FOS y NPY positivos / núcleos DAPI,927,WATER_NPY2;E8_FR6-1;E8_FR6-3,WATER_NPY1;E7_FR7-1;E8_FR6-4,WATER_NPY3;E7_FR7-5;E9_FR8-1,3.30492558855,0.198469505102,0.173245915208,0.0832079308773,False,False,biological animal
double_occurrence,Ocurrencia espacial de núcleos dobles c-FOS y NPY positivos / núcleos DAPI,928,WATER_NPY2;E8_FR6-1;E8_FR6-3,WATER_NPY1;E7_FR7-5;E9_FR8-1,WATER_NPY3;E7_FR7-1;E8_FR6-4,1.07758893765,0.198469505102,0.106809323416,0.186653690818,False,False,biological animal
double_occurrence,Ocurrencia espacial de núcleos dobles c-FOS y NPY positivos / núcleos DAPI,929,WATER_NPY2;E8_FR6-1;E8_FR6-3,WATER_NPY1;E7_FR7-5;E8_FR6-4,WATER_NPY3;E7_FR7-1;E9_FR8-1,4.14532317137,0.198469505102,0.166838620176,0.0663496420174,False,False,biological animal
double_occurrence,Ocurrencia espacial de núcleos dobles c-FOS y NPY positivos / núcleos DAPI,930,WATER_NPY2;E8_FR6-1;E8_FR6-3,WATER_NPY1;E9_FR8-1;E8_FR6-4,WATER_NPY3;E7_FR7-1;E7_FR7-5,3.96009419617,0.198469505102,0.19101882901,0.0783666756761,False,False,biological animal
double_occurrence,Ocurrencia espacial de núcleos dobles c-FOS y NPY positivos / núcleos DAPI,931,WATER_NPY2;E8_FR6-1;E8_FR6-3,WATER_NPY3;E7_FR7-1;E7_FR7-5,WATER_NPY1;E9_FR8-1;E8_FR6-4,3.96009419617,0.198469505102,0.0783666756761,0.19101882901,False,False,biological animal
double_occurrence,Ocurrencia espacial de núcleos dobles c-FOS y NPY positivos / núcleos DAPI,932,WATER_NPY2;E8_FR6-1;E8_FR6-3,WATER_NPY3;E7_FR7-1;E9_FR8-1,WATER_NPY1;E7_FR7-5;E8_FR6-4,4.14532317137,0.198469505102,0.0663496420174,0.166838620176,False,False,biological animal
double_occurrence,Ocurrencia espacial de núcleos dobles c-FOS y NPY positivos / núcleos DAPI,933,WATER_NPY2;E8_FR6-1;E8_FR6-3,WATER_NPY3;E7_FR7-1;E8_FR6-4,WATER_NPY1;E7_FR7-5;E9_FR8-1,1.07758893765,0.198469505102,0.186653690818,0.106809323416,False,False,biological animal
double_occurrence,Ocurrencia espacial de núcleos dobles c-FOS y NPY positivos / núcleos DAPI,934,WATER_NPY2;E8_FR6-1;E8_FR6-3,WATER_NPY3;E7_FR7-5;E9_FR8-1,WATER_NPY1;E7_FR7-1;E8_FR6-4,3.30492558855,0.198469505102,0.0832079308773,0.173245915208,False,False,biological animal
double_occurrence,Ocurrencia espacial de núcleos dobles c-FOS y NPY positivos / núcleos DAPI,935,WATER_NPY2;E8_FR6-1;E8_FR6-3,WATER_NPY3;E7_FR7-5;E8_FR6-4,WATER_NPY1;E7_FR7-1;E9_FR8-1,1.20685124772,0.198469505102,0.190009576628,0.104490056246,False,False,biological animal
double_occurrence,Ocurrencia espacial de núcleos dobles c-FOS y NPY positivos / núcleos DAPI,936,WATER_NPY2;E8_FR6-1;E8_FR6-3,WATER_NPY3;E9_FR8-1;E8_FR6-4,WATER_NPY1;E7_FR7-1;E7_FR7-5,2.0336997767,0.198469505102,0.19720973801,0.0865898893859,False,False,biological animal
double_occurrence,Ocurrencia espacial de núcleos dobles c-FOS y NPY positivos / núcleos DAPI,937,WATER_NPY2;E8_FR6-1;E8_FR6-3,E7_FR7-1;E7_FR7-5;E9_FR8-1,WATER_NPY1;WATER_NPY3;E8_FR6-4,5.39860235918,0.198469505102,0.0484435865182,0.213148665063,False,False,biological animal
double_occurrence,Ocurrencia espacial de núcleos dobles c-FOS y NPY positivos / núcleos DAPI,938,WATER_NPY2;E8_FR6-1;E8_FR6-3,E7_FR7-1;E7_FR7-5;E8_FR6-4,WATER_NPY1;WATER_NPY3;E9_FR8-1,0.89550079326,0.198469505102,0.152185747168,0.126353808086,False,False,biological animal
double_occurrence,Ocurrencia espacial de núcleos dobles c-FOS y NPY positivos / núcleos DAPI,939,WATER_NPY2;E8_FR6-1;E8_FR6-3,E7_FR7-1;E9_FR8-1;E8_FR6-4,WATER_NPY1;WATER_NPY3;E7_FR7-5,0.916472238982,0.198469505102,0.165278911965,0.122422950752,False,False,biological animal
double_occurrence,Ocurrencia espacial de núcleos dobles c-FOS y NPY positivos / núcleos DAPI,940,WATER_NPY2;E8_FR6-1;E8_FR6-3,E7_FR7-5;E9_FR8-1;E8_FR6-4,WATER_NPY1;WATER_NPY3;E7_FR7-1,1.00699916394,0.198469505102,0.168590636599,0.121180837263,False,False,biological animal
double_occurrence,Ocurrencia espacial de núcleos dobles c-FOS y NPY positivos / núcleos DAPI,941,WATER_NPY2;E8_FR6-1;E8_FR6-4,WATER_NPY1;WATER_NPY3;E7_FR7-1,E7_FR7-5;E9_FR8-1;E8_FR6-3,1.70452758492,0.21288683107,0.121180837263,0.14113420508,False,False,biological animal
double_occurrence,Ocurrencia espacial de núcleos dobles c-FOS y NPY positivos / núcleos DAPI,942,WATER_NPY2;E8_FR6-1;E8_FR6-4,WATER_NPY1;WATER_NPY3;E7_FR7-5,E7_FR7-1;E9_FR8-1;E8_FR6-3,1.63933957996,0.21288683107,0.122422950752,0.137496356749,False,False,biological animal
double_occurrence,Ocurrencia espacial de núcleos dobles c-FOS y NPY positivos / núcleos DAPI,943,WATER_NPY2;E8_FR6-1;E8_FR6-4,WATER_NPY1;WATER_NPY3;E9_FR8-1,E7_FR7-1;E7_FR7-5;E8_FR6-3,1.94216285823,0.21288683107,0.126353808086,0.123004150611,False,False,biological animal
double_occurrence,Ocurrencia espacial de núcleos dobles c-FOS y NPY positivos / núcleos DAPI,944,WATER_NPY2;E8_FR6-1;E8_FR6-4,WATER_NPY1;WATER_NPY3;E8_FR6-3,E7_FR7-1;E7_FR7-5;E9_FR8-1,5.75976127733,0.21288683107,0.187316964493,0.0484435865182,False,False,biological animal
double_occurrence,Ocurrencia espacial de núcleos dobles c-FOS y NPY positivos / núcleos DAPI,945,WATER_NPY2;E8_FR6-1;E8_FR6-4,WATER_NPY1;E7_FR7-1;E7_FR7-5,WATER_NPY3;E9_FR8-1;E8_FR6-3,2.29994430239,0.21288683107,0.0865898893859,0.169855348373,False,False,biological animal
double_occurrence,Ocurrencia espacial de núcleos dobles c-FOS y NPY positivos / núcleos DAPI,946,WATER_NPY2;E8_FR6-1;E8_FR6-4,WATER_NPY1;E7_FR7-1;E9_FR8-1,WATER_NPY3;E7_FR7-5;E8_FR6-3,1.45413393955,0.21288683107,0.104490056246,0.162237438588,False,False,biological animal
double_occurrence,Ocurrencia espacial de núcleos dobles c-FOS y NPY positivos / núcleos DAPI,947,WATER_NPY2;E8_FR6-1;E8_FR6-4,WATER_NPY1;E7_FR7-1;E8_FR6-3,WATER_NPY3;E7_FR7-5;E9_FR8-1,4.23296902457,0.21288683107,0.146373399917,0.0832079308773,False,False,biological animal
double_occurrence,Ocurrencia espacial de núcleos dobles c-FOS y NPY positivos / núcleos DAPI,948,WATER_NPY2;E8_FR6-1;E8_FR6-4,WATER_NPY1;E7_FR7-5;E9_FR8-1,WATER_NPY3;E7_FR7-1;E8_FR6-3,1.34188862745,0.21288683107,0.106809323416,0.158283788493,False,False,biological animal
double_occurrence,Ocurrencia espacial de núcleos dobles c-FOS y NPY positivos / núcleos DAPI,949,WATER_NPY2;E8_FR6-1;E8_FR6-4,WATER_NPY1;E7_FR7-5;E8_FR6-3,WATER_NPY3;E7_FR7-1;E9_FR8-1,5.29699442136,0.21288683107,0.138969047947,0.0663496420174,False,False,biological animal
double_occurrence,Ocurrencia espacial de núcleos dobles c-FOS y NPY positivos / núcleos DAPI,950,WATER_NPY2;E8_FR6-1;E8_FR6-4,WATER_NPY1;E9_FR8-1;E8_FR6-3,WATER_NPY3;E7_FR7-1;E7_FR7-5,4.42439780821,0.21288683107,0.165326588668,0.0783666756761,False,False,biological animal
double_occurrence,Ocurrencia espacial de núcleos dobles c-FOS y NPY positivos / núcleos DAPI,951,WATER_NPY2;E8_FR6-1;E8_FR6-4,WATER_NPY3;E7_FR7-1;E7_FR7-5,WATER_NPY1;E9_FR8-1;E8_FR6-3,4.42439780821,0.21288683107,0.0783666756761,0.165326588668,False,False,biological animal
double_occurrence,Ocurrencia espacial de núcleos dobles c-FOS y NPY positivos / núcleos DAPI,952,WATER_NPY2;E8_FR6-1;E8_FR6-4,WATER_NPY3;E7_FR7-1;E9_FR8-1,WATER_NPY1;E7_FR7-5;E8_FR6-3,5.29699442136,0.21288683107,0.0663496420174,0.138969047947,False,False,biological animal
double_occurrence,Ocurrencia espacial de núcleos dobles c-FOS y NPY positivos / núcleos DAPI,953,WATER_NPY2;E8_FR6-1;E8_FR6-4,WATER_NPY3;E7_FR7-1;E8_FR6-3,WATER_NPY1;E7_FR7-5;E9_FR8-1,1.34188862745,0.21288683107,0.158283788493,0.106809323416,False,False,biological animal
double_occurrence,Ocurrencia espacial de núcleos dobles c-FOS y NPY positivos / núcleos DAPI,954,WATER_NPY2;E8_FR6-1;E8_FR6-4,WATER_NPY3;E7_FR7-5;E9_FR8-1,WATER_NPY1;E7_FR7-1;E8_FR6-3,4.23296902457,0.21288683107,0.0832079308773,0.146373399917,False,False,biological animal
double_occurrence,Ocurrencia espacial de núcleos dobles c-FOS y NPY positivos / núcleos DAPI,955,WATER_NPY2;E8_FR6-1;E8_FR6-4,WATER_NPY3;E7_FR7-5;E8_FR6-3,WATER_NPY1;E7_FR7-1;E9_FR8-1,1.45413393955,0.21288683107,0.162237438588,0.104490056246,False,False,biological animal
double_occurrence,Ocurrencia espacial de núcleos dobles c-FOS y NPY positivos / núcleos DAPI,956,WATER_NPY2;E8_FR6-1;E8_FR6-4,WATER_NPY3;E9_FR8-1;E8_FR6-3,WATER_NPY1;E7_FR7-1;E7_FR7-5,2.29994430239,0.21288683107,0.169855348373,0.0865898893859,False,False,biological animal
double_occurrence,Ocurrencia espacial de núcleos dobles c-FOS y NPY positivos / núcleos DAPI,957,WATER_NPY2;E8_FR6-1;E8_FR6-4,E7_FR7-1;E7_FR7-5;E9_FR8-1,WATER_NPY1;WATER_NPY3;E8_FR6-3,5.75976127733,0.21288683107,0.0484435865182,0.187316964493,False,False,biological animal
double_occurrence,Ocurrencia espacial de núcleos dobles c-FOS y NPY positivos / núcleos DAPI,958,WATER_NPY2;E8_FR6-1;E8_FR6-4,E7_FR7-1;E7_FR7-5;E8_FR6-3,WATER_NPY1;WATER_NPY3;E9_FR8-1,1.94216285823,0.21288683107,0.123004150611,0.126353808086,False,False,biological animal
double_occurrence,Ocurrencia espacial de núcleos dobles c-FOS y NPY positivos / núcleos DAPI,959,WATER_NPY2;E8_FR6-1;E8_FR6-4,E7_FR7-1;E9_FR8-1;E8_FR6-3,WATER_NPY1;WATER_NPY3;E7_FR7-5,1.63933957996,0.21288683107,0.137496356749,0.122422950752,False,False,biological animal
double_occurrence,Ocurrencia espacial de núcleos dobles c-FOS y NPY positivos / núcleos DAPI,960,WATER_NPY2;E8_FR6-1;E8_FR6-4,E7_FR7-5;E9_FR8-1;E8_FR6-3,WATER_NPY1;WATER_NPY3;E7_FR7-1,1.70452758492,0.21288683107,0.14113420508,0.121180837263,False,False,biological animal
double_occurrence,Ocurrencia espacial de núcleos dobles c-FOS y NPY positivos / núcleos DAPI,961,WATER_NPY2;E8_FR6-3;E8_FR6-4,WATER_NPY1;WATER_NPY3;E7_FR7-1,E7_FR7-5;E9_FR8-1;E8_FR6-1,1.12809863889,0.202039578345,0.121180837263,0.155483249123,False,False,biological animal
double_occurrence,Ocurrencia espacial de núcleos dobles c-FOS y NPY positivos / núcleos DAPI,962,WATER_NPY2;E8_FR6-3;E8_FR6-4,WATER_NPY1;WATER_NPY3;E7_FR7-5,E7_FR7-1;E9_FR8-1;E8_FR6-1,1.05678291543,0.202039578345,0.122422950752,0.152637389372,False,False,biological animal
double_occurrence,Ocurrencia espacial de núcleos dobles c-FOS y NPY positivos / núcleos DAPI,963,WATER_NPY2;E8_FR6-3;E8_FR6-4,WATER_NPY1;WATER_NPY3;E9_FR8-1,E7_FR7-1;E7_FR7-5;E8_FR6-1,1.15582984097,0.202039578345,0.126353808086,0.138379859903,False,False,biological animal
double_occurrence,Ocurrencia espacial de núcleos dobles c-FOS y NPY positivos / núcleos DAPI,964,WATER_NPY2;E8_FR6-3;E8_FR6-4,WATER_NPY1;WATER_NPY3;E8_FR6-1,E7_FR7-1;E7_FR7-5;E9_FR8-1,5.53539720156,0.202039578345,0.204459423806,0.0484435865182,False,False,biological animal
double_occurrence,Ocurrencia espacial de núcleos dobles c-FOS y NPY positivos / núcleos DAPI,965,WATER_NPY2;E8_FR6-3;E8_FR6-4,WATER_NPY1;E7_FR7-1;E7_FR7-5,WATER_NPY3;E9_FR8-1;E8_FR6-1,1.98263222746,0.202039578345,0.0865898893859,0.185083308782,False,False,biological animal
double_occurrence,Ocurrencia espacial de núcleos dobles c-FOS y NPY positivos / núcleos DAPI,966,WATER_NPY2;E8_FR6-3;E8_FR6-4,WATER_NPY1;E7_FR7-1;E9_FR8-1,WATER_NPY3;E7_FR7-5;E8_FR6-1,1.15136250207,0.202039578345,0.104490056246,0.176501711719,False,False,biological animal
double_occurrence,Ocurrencia espacial de núcleos dobles c-FOS y NPY positivos / núcleos DAPI,967,WATER_NPY2;E8_FR6-3;E8_FR6-4,WATER_NPY1;E7_FR7-1;E8_FR6-1,WATER_NPY3;E7_FR7-5;E9_FR8-1,3.3959395634,0.202039578345,0.163314876386,0.0832079308773,False,False,biological animal
double_occurrence,Ocurrencia espacial de núcleos dobles c-FOS y NPY positivos / núcleos DAPI,968,WATER_NPY2;E8_FR6-3;E8_FR6-4,WATER_NPY1;E7_FR7-5;E9_FR8-1,WATER_NPY3;E7_FR7-1;E8_FR6-1,1.05303232375,0.202039578345,0.106809323416,0.173718769592,False,False,biological animal
double_occurrence,Ocurrencia espacial de núcleos dobles c-FOS y NPY positivos / núcleos DAPI,969,WATER_NPY2;E8_FR6-3;E8_FR6-4,WATER_NPY1;E7_FR7-5;E8_FR6-1,WATER_NPY3;E7_FR7-1;E9_FR8-1,4.25344117114,0.202039578345,0.155933607873,0.0663496420174,False,False,biological animal
double_occurrence,Ocurrencia espacial de núcleos dobles c-FOS y NPY positivos / núcleos DAPI,970,WATER_NPY2;E8_FR6-3;E8_FR6-4,WATER_NPY1;E9_FR8-1;E8_FR6-1,WATER_NPY3;E7_FR7-1;E7_FR7-5,3.97600498662,0.202039578345,0.181725944297,0.0783666756761,False,False,biological animal
double_occurrence,Ocurrencia espacial de núcleos dobles c-FOS y NPY positivos / núcleos DAPI,971,WATER_NPY2;E8_FR6-3;E8_FR6-4,WATER_NPY3;E7_FR7-1;E7_FR7-5,WATER_NPY1;E9_FR8-1;E8_FR6-1,3.97600498662,0.202039578345,0.0783666756761,0.181725944297,False,False,biological animal
double_occurrence,Ocurrencia espacial de núcleos dobles c-FOS y NPY positivos / núcleos DAPI,972,WATER_NPY2;E8_FR6-3;E8_FR6-4,WATER_NPY3;E7_FR7-1;E9_FR8-1,WATER_NPY1;E7_FR7-5;E8_FR6-1,4.25344117114,0.202039578345,0.0663496420174,0.155933607873,False,False,biological animal
double_occurrence,Ocurrencia espacial de núcleos dobles c-FOS y NPY positivos / núcleos DAPI,973,WATER_NPY2;E8_FR6-3;E8_FR6-4,WATER_NPY3;E7_FR7-1;E8_FR6-1,WATER_NPY1;E7_FR7-5;E9_FR8-1,1.05303232375,0.202039578345,0.173718769592,0.106809323416,False,False,biological animal
double_occurrence,Ocurrencia espacial de núcleos dobles c-FOS y NPY positivos / núcleos DAPI,974,WATER_NPY2;E8_FR6-3;E8_FR6-4,WATER_NPY3;E7_FR7-5;E9_FR8-1,WATER_NPY1;E7_FR7-1;E8_FR6-1,3.3959395634,0.202039578345,0.0832079308773,0.163314876386,False,False,biological animal
double_occurrence,Ocurrencia espacial de núcleos dobles c-FOS y NPY positivos / núcleos DAPI,975,WATER_NPY2;E8_FR6-3;E8_FR6-4,WATER_NPY3;E7_FR7-5;E8_FR6-1,WATER_NPY1;E7_FR7-1;E9_FR8-1,1.15136250207,0.202039578345,0.176501711719,0.104490056246,False,False,biological animal
double_occurrence,Ocurrencia espacial de núcleos dobles c-FOS y NPY positivos / núcleos DAPI,976,WATER_NPY2;E8_FR6-3;E8_FR6-4,WATER_NPY3;E9_FR8-1;E8_FR6-1,WATER_NPY1;E7_FR7-1;E7_FR7-5,1.98263222746,0.202039578345,0.185083308782,0.0865898893859,False,False,biological animal
double_occurrence,Ocurrencia espacial de núcleos dobles c-FOS y NPY positivos / núcleos DAPI,977,WATER_NPY2;E8_FR6-3;E8_FR6-4,E7_FR7-1;E7_FR7-5;E9_FR8-1,WATER_NPY1;WATER_NPY3;E8_FR6-1,5.53539720156,0.202039578345,0.0484435865182,0.204459423806,False,False,biological animal
double_occurrence,Ocurrencia espacial de núcleos dobles c-FOS y NPY positivos / núcleos DAPI,978,WATER_NPY2;E8_FR6-3;E8_FR6-4,E7_FR7-1;E7_FR7-5;E8_FR6-1,WATER_NPY1;WATER_NPY3;E9_FR8-1,1.15582984097,0.202039578345,0.138379859903,0.126353808086,False,False,biological animal
double_occurrence,Ocurrencia espacial de núcleos dobles c-FOS y NPY positivos / núcleos DAPI,979,WATER_NPY2;E8_FR6-3;E8_FR6-4,E7_FR7-1;E9_FR8-1;E8_FR6-1,WATER_NPY1;WATER_NPY3;E7_FR7-5,1.05678291543,0.202039578345,0.152637389372,0.122422950752,False,False,biological animal
double_occurrence,Ocurrencia espacial de núcleos dobles c-FOS y NPY positivos / núcleos DAPI,980,WATER_NPY2;E8_FR6-3;E8_FR6-4,E7_FR7-5;E9_FR8-1;E8_FR6-1,WATER_NPY1;WATER_NPY3;E7_FR7-1,1.12809863889,0.202039578345,0.155483249123,0.121180837263,False,False,biological animal
double_occurrence,Ocurrencia espacial de núcleos dobles c-FOS y NPY positivos / núcleos DAPI,981,WATER_NPY3;E7_FR7-1;E7_FR7-5,WATER_NPY1;WATER_NPY2;E9_FR8-1,E8_FR6-1;E8_FR6-3;E8_FR6-4,11.1001526766,0.0783666756761,0.12876801347,0.0449807635238,False,True,biological animal
double_occurrence,Ocurrencia espacial de núcleos dobles c-FOS y NPY positivos / núcleos DAPI,982,WATER_NPY3;E7_FR7-1;E7_FR7-5,WATER_NPY1;WATER_NPY2;E8_FR6-1,E9_FR8-1;E8_FR6-3;E8_FR6-4,2.29239949103,0.0783666756761,0.191194172945,0.16219363963,False,False,biological animal
double_occurrence,Ocurrencia espacial de núcleos dobles c-FOS y NPY positivos / núcleos DAPI,983,WATER_NPY3;E7_FR7-1;E7_FR7-5,WATER_NPY1;WATER_NPY2;E8_FR6-3,E9_FR8-1;E8_FR6-1;E8_FR6-4,2.18694302863,0.0783666756761,0.171685790996,0.170114361786,False,False,biological animal
double_occurrence,Ocurrencia espacial de núcleos dobles c-FOS y NPY positivos / núcleos DAPI,984,WATER_NPY3;E7_FR7-1;E7_FR7-5,WATER_NPY1;WATER_NPY2;E8_FR6-4,E9_FR8-1;E8_FR6-1;E8_FR6-3,2.64514685395,0.0783666756761,0.19807342628,0.15534424561,False,False,biological animal
double_occurrence,Ocurrencia espacial de núcleos dobles c-FOS y NPY positivos / núcleos DAPI,985,WATER_NPY3;E7_FR7-1;E7_FR7-5,WATER_NPY1;E9_FR8-1;E8_FR6-1,WATER_NPY2;E8_FR6-3;E8_FR6-4,3.97600498662,0.0783666756761,0.181725944297,0.202039578345,False,False,biological animal
double_occurrence,Ocurrencia espacial de núcleos dobles c-FOS y NPY positivos / núcleos DAPI,986,WATER_NPY3;E7_FR7-1;E7_FR7-5,WATER_NPY1;E9_FR8-1;E8_FR6-3,WATER_NPY2;E8_FR6-1;E8_FR6-4,4.42439780821,0.0783666756761,0.165326588668,0.21288683107,False,False,biological animal
double_occurrence,Ocurrencia espacial de núcleos dobles c-FOS y NPY positivos / núcleos DAPI,987,WATER_NPY3;E7_FR7-1;E7_FR7-5,WATER_NPY1;E9_FR8-1;E8_FR6-4,WATER_NPY2;E8_FR6-1;E8_FR6-3,3.96009419617,0.0783666756761,0.19101882901,0.198469505102,False,False,biological animal
double_occurrence,Ocurrencia espacial de núcleos dobles c-FOS y NPY positivos / núcleos DAPI,988,WATER_NPY3;E7_FR7-1;E7_FR7-5,WATER_NPY1;E8_FR6-1;E8_FR6-3,WATER_NPY2;E9_FR8-1;E8_FR6-4,3.60598254705,0.0783666756761,0.135998653466,0.20831294713,False,False,biological animal
double_occurrence,Ocurrencia espacial de núcleos dobles c-FOS y NPY positivos / núcleos DAPI,989,WATER_NPY3;E7_FR7-1;E7_FR7-5,WATER_NPY1;E8_FR6-1;E8_FR6-4,WATER_NPY2;E9_FR8-1;E8_FR6-3,2.98938886714,0.0783666756761,0.153768483235,0.183922314028,False,False,biological animal
double_occurrence,Ocurrencia espacial de núcleos dobles c-FOS y NPY positivos / núcleos DAPI,990,WATER_NPY3;E7_FR7-1;E7_FR7-5,WATER_NPY1;E8_FR6-3;E8_FR6-4,WATER_NPY2;E9_FR8-1;E8_FR6-1,2.90910511062,0.0783666756761,0.141378919362,0.199556872872,False,False,biological animal
double_occurrence,Ocurrencia espacial de núcleos dobles c-FOS y NPY positivos / núcleos DAPI,991,WATER_NPY3;E7_FR7-1;E7_FR7-5,WATER_NPY2;E9_FR8-1;E8_FR6-1,WATER_NPY1;E8_FR6-3;E8_FR6-4,2.90910511062,0.0783666756761,0.199556872872,0.141378919362,False,False,biological animal
double_occurrence,Ocurrencia espacial de núcleos dobles c-FOS y NPY positivos / núcleos DAPI,992,WATER_NPY3;E7_FR7-1;E7_FR7-5,WATER_NPY2;E9_FR8-1;E8_FR6-3,WATER_NPY1;E8_FR6-1;E8_FR6-4,2.98938886714,0.0783666756761,0.183922314028,0.153768483235,False,False,biological animal
double_occurrence,Ocurrencia espacial de núcleos dobles c-FOS y NPY positivos / núcleos DAPI,993,WATER_NPY3;E7_FR7-1;E7_FR7-5,WATER_NPY2;E9_FR8-1;E8_FR6-4,WATER_NPY1;E8_FR6-1;E8_FR6-3,3.60598254705,0.0783666756761,0.20831294713,0.135998653466,False,False,biological animal
double_occurrence,Ocurrencia espacial de núcleos dobles c-FOS y NPY positivos / núcleos DAPI,994,WATER_NPY3;E7_FR7-1;E7_FR7-5,WATER_NPY2;E8_FR6-1;E8_FR6-3,WATER_NPY1;E9_FR8-1;E8_FR6-4,3.96009419617,0.0783666756761,0.198469505102,0.19101882901,False,False,biological animal
double_occurrence,Ocurrencia espacial de núcleos dobles c-FOS y NPY positivos / núcleos DAPI,995,WATER_NPY3;E7_FR7-1;E7_FR7-5,WATER_NPY2;E8_FR6-1;E8_FR6-4,WATER_NPY1;E9_FR8-1;E8_FR6-3,4.42439780821,0.0783666756761,0.21288683107,0.165326588668,False,False,biological animal
double_occurrence,Ocurrencia espacial de núcleos dobles c-FOS y NPY positivos / núcleos DAPI,996,WATER_NPY3;E7_FR7-1;E7_FR7-5,WATER_NPY2;E8_FR6-3;E8_FR6-4,WATER_NPY1;E9_FR8-1;E8_FR6-1,3.97600498662,0.0783666756761,0.202039578345,0.181725944297,False,False,biological animal
double_occurrence,Ocurrencia espacial de núcleos dobles c-FOS y NPY positivos / núcleos DAPI,997,WATER_NPY3;E7_FR7-1;E7_FR7-5,E9_FR8-1;E8_FR6-1;E8_FR6-3,WATER_NPY1;WATER_NPY2;E8_FR6-4,2.64514685395,0.0783666756761,0.15534424561,0.19807342628,False,False,biological animal
double_occurrence,Ocurrencia espacial de núcleos dobles c-FOS y NPY positivos / núcleos DAPI,998,WATER_NPY3;E7_FR7-1;E7_FR7-5,E9_FR8-1;E8_FR6-1;E8_FR6-4,WATER_NPY1;WATER_NPY2;E8_FR6-3,2.18694302863,0.0783666756761,0.170114361786,0.171685790996,False,False,biological animal
double_occurrence,Ocurrencia espacial de núcleos dobles c-FOS y NPY positivos / núcleos DAPI,999,WATER_NPY3;E7_FR7-1;E7_FR7-5,E9_FR8-1;E8_FR6-3;E8_FR6-4,WATER_NPY1;WATER_NPY2;E8_FR6-1,2.29239949103,0.0783666756761,0.16219363963,0.191194172945,False,False,biological animal
double_occurrence,Ocurrencia espacial de núcleos dobles c-FOS y NPY positivos / núcleos DAPI,1000,WATER_NPY3;E7_FR7-1;E7_FR7-5,E8_FR6-1;E8_FR6-3;E8_FR6-4,WATER_NPY1;WATER_NPY2;E9_FR8-1,11.1001526766,0.0783666756761,0.0449807635238,0.12876801347,False,True,biological animal
double_occurrence,Ocurrencia espacial de núcleos dobles c-FOS y NPY positivos / núcleos DAPI,1001,WATER_NPY3;E7_FR7-1;E9_FR8-1,WATER_NPY1;WATER_NPY2;E7_FR7-5,E8_FR6-1;E8_FR6-3;E8_FR6-4,15.2654981647,0.0663496420174,0.119431352468,0.0449807635238,False,True,biological animal
double_occurrence,Ocurrencia espacial de núcleos dobles c-FOS y NPY positivos / núcleos DAPI,1002,WATER_NPY3;E7_FR7-1;E9_FR8-1,WATER_NPY1;WATER_NPY2;E8_FR6-1,E7_FR7-5;E8_FR6-3;E8_FR6-4,3.01918045304,0.0663496420174,0.191194172945,0.135435925413,False,False,biological animal
double_occurrence,Ocurrencia espacial de núcleos dobles c-FOS y NPY positivos / núcleos DAPI,1003,WATER_NPY3;E7_FR7-1;E9_FR8-1,WATER_NPY1;WATER_NPY2;E8_FR6-3,E7_FR7-5;E8_FR6-1;E8_FR6-4,2.76349540089,0.0663496420174,0.171685790996,0.144009708277,False,False,biological animal
double_occurrence,Ocurrencia espacial de núcleos dobles c-FOS y NPY positivos / núcleos DAPI,1004,WATER_NPY3;E7_FR7-1;E9_FR8-1,WATER_NPY1;WATER_NPY2;E8_FR6-4,E7_FR7-5;E8_FR6-1;E8_FR6-3,3.73254907388,0.0663496420174,0.19807342628,0.12772716793,False,False,biological animal
double_occurrence,Ocurrencia espacial de núcleos dobles c-FOS y NPY positivos / núcleos DAPI,1005,WATER_NPY3;E7_FR7-1;E9_FR8-1,WATER_NPY1;E7_FR7-5;E8_FR6-1,WATER_NPY2;E8_FR6-3;E8_FR6-4,4.25344117114,0.0663496420174,0.155933607873,0.202039578345,False,False,biological animal
double_occurrence,Ocurrencia espacial de núcleos dobles c-FOS y NPY positivos / núcleos DAPI,1006,WATER_NPY3;E7_FR7-1;E9_FR8-1,WATER_NPY1;E7_FR7-5;E8_FR6-3,WATER_NPY2;E8_FR6-1;E8_FR6-4,5.29699442136,0.0663496420174,0.138969047947,0.21288683107,False,False,biological animal
double_occurrence,Ocurrencia espacial de núcleos dobles c-FOS y NPY positivos / núcleos DAPI,1007,WATER_NPY3;E7_FR7-1;E9_FR8-1,WATER_NPY1;E7_FR7-5;E8_FR6-4,WATER_NPY2;E8_FR6-1;E8_FR6-3,4.14532317137,0.0663496420174,0.166838620176,0.198469505102,False,False,biological animal
double_occurrence,Ocurrencia espacial de núcleos dobles c-FOS y NPY positivos / núcleos DAPI,1008,WATER_NPY3;E7_FR7-1;E9_FR8-1,WATER_NPY1;E8_FR6-1;E8_FR6-3,WATER_NPY2;E7_FR7-5;E8_FR6-4,3.54993211912,0.0663496420174,0.135998653466,0.198563040697,False,False,biological animal
double_occurrence,Ocurrencia espacial de núcleos dobles c-FOS y NPY positivos / núcleos DAPI,1009,WATER_NPY3;E7_FR7-1;E9_FR8-1,WATER_NPY1;E8_FR6-1;E8_FR6-4,WATER_NPY2;E7_FR7-5;E8_FR6-3,3.04498724304,0.0663496420174,0.153768483235,0.173496371672,False,False,biological animal
double_occurrence,Ocurrencia espacial de núcleos dobles c-FOS y NPY positivos / núcleos DAPI,1010,WATER_NPY3;E7_FR7-1;E9_FR8-1,WATER_NPY1;E8_FR6-3;E8_FR6-4,WATER_NPY2;E7_FR7-5;E8_FR6-1,2.69785871552,0.0663496420174,0.141378919362,0.188090026854,False,False,biological animal
double_occurrence,Ocurrencia espacial de núcleos dobles c-FOS y NPY positivos / núcleos DAPI,1011,WATER_NPY3;E7_FR7-1;E9_FR8-1,WATER_NPY2;E7_FR7-5;E8_FR6-1,WATER_NPY1;E8_FR6-3;E8_FR6-4,2.69785871552,0.0663496420174,0.188090026854,0.141378919362,False,False,biological animal
double_occurrence,Ocurrencia espacial de núcleos dobles c-FOS y NPY positivos / núcleos DAPI,1012,WATER_NPY3;E7_FR7-1;E9_FR8-1,WATER_NPY2;E7_FR7-5;E8_FR6-3,WATER_NPY1;E8_FR6-1;E8_FR6-4,3.04498724304,0.0663496420174,0.173496371672,0.153768483235,False,False,biological animal
double_occurrence,Ocurrencia espacial de núcleos dobles c-FOS y NPY positivos / núcleos DAPI,1013,WATER_NPY3;E7_FR7-1;E9_FR8-1,WATER_NPY2;E7_FR7-5;E8_FR6-4,WATER_NPY1;E8_FR6-1;E8_FR6-3,3.54993211912,0.0663496420174,0.198563040697,0.135998653466,False,False,biological animal
double_occurrence,Ocurrencia espacial de núcleos dobles c-FOS y NPY positivos / núcleos DAPI,1014,WATER_NPY3;E7_FR7-1;E9_FR8-1,WATER_NPY2;E8_FR6-1;E8_FR6-3,WATER_NPY1;E7_FR7-5;E8_FR6-4,4.14532317137,0.0663496420174,0.198469505102,0.166838620176,False,False,biological animal
double_occurrence,Ocurrencia espacial de núcleos dobles c-FOS y NPY positivos / núcleos DAPI,1015,WATER_NPY3;E7_FR7-1;E9_FR8-1,WATER_NPY2;E8_FR6-1;E8_FR6-4,WATER_NPY1;E7_FR7-5;E8_FR6-3,5.29699442136,0.0663496420174,0.21288683107,0.138969047947,False,False,biological animal
double_occurrence,Ocurrencia espacial de núcleos dobles c-FOS y NPY positivos / núcleos DAPI,1016,WATER_NPY3;E7_FR7-1;E9_FR8-1,WATER_NPY2;E8_FR6-3;E8_FR6-4,WATER_NPY1;E7_FR7-5;E8_FR6-1,4.25344117114,0.0663496420174,0.202039578345,0.155933607873,False,False,biological animal
double_occurrence,Ocurrencia espacial de núcleos dobles c-FOS y NPY positivos / núcleos DAPI,1017,WATER_NPY3;E7_FR7-1;E9_FR8-1,E7_FR7-5;E8_FR6-1;E8_FR6-3,WATER_NPY1;WATER_NPY2;E8_FR6-4,3.73254907388,0.0663496420174,0.12772716793,0.19807342628,False,False,biological animal
double_occurrence,Ocurrencia espacial de núcleos dobles c-FOS y NPY positivos / núcleos DAPI,1018,WATER_NPY3;E7_FR7-1;E9_FR8-1,E7_FR7-5;E8_FR6-1;E8_FR6-4,WATER_NPY1;WATER_NPY2;E8_FR6-3,2.76349540089,0.0663496420174,0.144009708277,0.171685790996,False,False,biological animal
double_occurrence,Ocurrencia espacial de núcleos dobles c-FOS y NPY positivos / núcleos DAPI,1019,WATER_NPY3;E7_FR7-1;E9_FR8-1,E7_FR7-5;E8_FR6-3;E8_FR6-4,WATER_NPY1;WATER_NPY2;E8_FR6-1,3.01918045304,0.0663496420174,0.135435925413,0.191194172945,False,False,biological animal
double_occurrence,Ocurrencia espacial de núcleos dobles c-FOS y NPY positivos / núcleos DAPI,1020,WATER_NPY3;E7_FR7-1;E9_FR8-1,E8_FR6-1;E8_FR6-3;E8_FR6-4,WATER_NPY1;WATER_NPY2;E7_FR7-5,15.2654981647,0.0663496420174,0.0449807635238,0.119431352468,False,True,biological animal
double_occurrence,Ocurrencia espacial de núcleos dobles c-FOS y NPY positivos / núcleos DAPI,1021,WATER_NPY3;E7_FR7-1;E8_FR6-1,WATER_NPY1;WATER_NPY2;E7_FR7-5,E9_FR8-1;E8_FR6-3;E8_FR6-4,0.445939107937,0.173718769592,0.119431352468,0.16219363963,False,False,biological animal
double_occurrence,Ocurrencia espacial de núcleos dobles c-FOS y NPY positivos / núcleos DAPI,1022,WATER_NPY3;E7_FR7-1;E8_FR6-1,WATER_NPY1;WATER_NPY2;E9_FR8-1,E7_FR7-5;E8_FR6-3;E8_FR6-4,0.346851713519,0.173718769592,0.12876801347,0.135435925413,False,False,biological animal
double_occurrence,Ocurrencia espacial de núcleos dobles c-FOS y NPY positivos / núcleos DAPI,1023,WATER_NPY3;E7_FR7-1;E8_FR6-1,WATER_NPY1;WATER_NPY2;E8_FR6-3,E7_FR7-5;E9_FR8-1;E8_FR6-4,0.00287348809755,0.173718769592,0.171685790996,0.168590636599,False,False,biological animal
double_occurrence,Ocurrencia espacial de núcleos dobles c-FOS y NPY positivos / núcleos DAPI,1024,WATER_NPY3;E7_FR7-1;E8_FR6-1,WATER_NPY1;WATER_NPY2;E8_FR6-4,E7_FR7-5;E9_FR8-1;E8_FR6-3,0.353432693288,0.173718769592,0.19807342628,0.14113420508,False,False,biological animal
double_occurrence,Ocurrencia espacial de núcleos dobles c-FOS y NPY positivos / núcleos DAPI,1025,WATER_NPY3;E7_FR7-1;E8_FR6-1,WATER_NPY1;E7_FR7-5;E9_FR8-1,WATER_NPY2;E8_FR6-3;E8_FR6-4,1.05303232375,0.173718769592,0.106809323416,0.202039578345,False,False,biological animal
double_occurrence,Ocurrencia espacial de núcleos dobles c-FOS y NPY positivos / núcleos DAPI,1026,WATER_NPY3;E7_FR7-1;E8_FR6-1,WATER_NPY1;E7_FR7-5;E8_FR6-3,WATER_NPY2;E9_FR8-1;E8_FR6-4,0.623413048048,0.173718769592,0.138969047947,0.20831294713,False,False,biological animal
double_occurrence,Ocurrencia espacial de núcleos dobles c-FOS y NPY positivos / núcleos DAPI,1027,WATER_NPY3;E7_FR7-1;E8_FR6-1,WATER_NPY1;E7_FR7-5;E8_FR6-4,WATER_NPY2;E9_FR8-1;E8_FR6-3,0.0390347928844,0.173718769592,0.166838620176,0.183922314028,False,False,biological animal
double_occurrence,Ocurrencia espacial de núcleos dobles c-FOS y NPY positivos / núcleos DAPI,1028,WATER_NPY3;E7_FR7-1;E8_FR6-1,WATER_NPY1;E9_FR8-1;E8_FR6-3,WATER_NPY2;E7_FR7-5;E8_FR6-4,0.147654301623,0.173718769592,0.165326588668,0.198563040697,False,False,biological animal
double_occurrence,Ocurrencia espacial de núcleos dobles c-FOS y NPY positivos / núcleos DAPI,1029,WATER_NPY3;E7_FR7-1;E8_FR6-1,WATER_NPY1;E9_FR8-1;E8_FR6-4,WATER_NPY2;E7_FR7-5;E8_FR6-3,0.0513706003283,0.173718769592,0.19101882901,0.173496371672,False,False,biological animal
double_occurrence,Ocurrencia espacial de núcleos dobles c-FOS y NPY positivos / núcleos DAPI,1030,WATER_NPY3;E7_FR7-1;E8_FR6-1,WATER_NPY1;E8_FR6-3;E8_FR6-4,WATER_NPY2;E7_FR7-5;E9_FR8-1,0.548527499355,0.173718769592,0.141378919362,0.110905650498,False,False,biological animal
double_occurrence,Ocurrencia espacial de núcleos dobles c-FOS y NPY positivos / núcleos DAPI,1031,WATER_NPY3;E7_FR7-1;E8_FR6-1,WATER_NPY2;E7_FR7-5;E9_FR8-1,WATER_NPY1;E8_FR6-3;E8_FR6-4,0.548527499355,0.173718769592,0.110905650498,0.141378919362,False,False,biological animal
double_occurrence,Ocurrencia espacial de núcleos dobles c-FOS y NPY positivos / núcleos DAPI,1032,WATER_NPY3;E7_FR7-1;E8_FR6-1,WATER_NPY2;E7_FR7-5;E8_FR6-3,WATER_NPY1;E9_FR8-1;E8_FR6-4,0.0513706003283,0.173718769592,0.173496371672,0.19101882901,False,False,biological animal
double_occurrence,Ocurrencia espacial de núcleos dobles c-FOS y NPY positivos / núcleos DAPI,1033,WATER_NPY3;E7_FR7-1;E8_FR6-1,WATER_NPY2;E7_FR7-5;E8_FR6-4,WATER_NPY1;E9_FR8-1;E8_FR6-3,0.147654301623,0.173718769592,0.198563040697,0.165326588668,False,False,biological animal
double_occurrence,Ocurrencia espacial de núcleos dobles c-FOS y NPY positivos / núcleos DAPI,1034,WATER_NPY3;E7_FR7-1;E8_FR6-1,WATER_NPY2;E9_FR8-1;E8_FR6-3,WATER_NPY1;E7_FR7-5;E8_FR6-4,0.0390347928844,0.173718769592,0.183922314028,0.166838620176,False,False,biological animal
double_occurrence,Ocurrencia espacial de núcleos dobles c-FOS y NPY positivos / núcleos DAPI,1035,WATER_NPY3;E7_FR7-1;E8_FR6-1,WATER_NPY2;E9_FR8-1;E8_FR6-4,WATER_NPY1;E7_FR7-5;E8_FR6-3,0.623413048048,0.173718769592,0.20831294713,0.138969047947,False,False,biological animal
double_occurrence,Ocurrencia espacial de núcleos dobles c-FOS y NPY positivos / núcleos DAPI,1036,WATER_NPY3;E7_FR7-1;E8_FR6-1,WATER_NPY2;E8_FR6-3;E8_FR6-4,WATER_NPY1;E7_FR7-5;E9_FR8-1,1.05303232375,0.173718769592,0.202039578345,0.106809323416,False,False,biological animal
double_occurrence,Ocurrencia espacial de núcleos dobles c-FOS y NPY positivos / núcleos DAPI,1037,WATER_NPY3;E7_FR7-1;E8_FR6-1,E7_FR7-5;E9_FR8-1;E8_FR6-3,WATER_NPY1;WATER_NPY2;E8_FR6-4,0.353432693288,0.173718769592,0.14113420508,0.19807342628,False,False,biological animal
double_occurrence,Ocurrencia espacial de núcleos dobles c-FOS y NPY positivos / núcleos DAPI,1038,WATER_NPY3;E7_FR7-1;E8_FR6-1,E7_FR7-5;E9_FR8-1;E8_FR6-4,WATER_NPY1;WATER_NPY2;E8_FR6-3,0.00287348809755,0.173718769592,0.168590636599,0.171685790996,False,False,biological animal
double_occurrence,Ocurrencia espacial de núcleos dobles c-FOS y NPY positivos / núcleos DAPI,1039,WATER_NPY3;E7_FR7-1;E8_FR6-1,E7_FR7-5;E8_FR6-3;E8_FR6-4,WATER_NPY1;WATER_NPY2;E9_FR8-1,0.346851713519,0.173718769592,0.135435925413,0.12876801347,False,False,biological animal
double_occurrence,Ocurrencia espacial de núcleos dobles c-FOS y NPY positivos / núcleos DAPI,1040,WATER_NPY3;E7_FR7-1;E8_FR6-1,E9_FR8-1;E8_FR6-3;E8_FR6-4,WATER_NPY1;WATER_NPY2;E7_FR7-5,0.445939107937,0.173718769592,0.16219363963,0.119431352468,False,False,biological animal
double_occurrence,Ocurrencia espacial de núcleos dobles c-FOS y NPY positivos / núcleos DAPI,1041,WATER_NPY3;E7_FR7-1;E8_FR6-3,WATER_NPY1;WATER_NPY2;E7_FR7-5,E9_FR8-1;E8_FR6-1;E8_FR6-4,0.430808301196,0.158283788493,0.119431352468,0.170114361786,False,False,biological animal
double_occurrence,Ocurrencia espacial de núcleos dobles c-FOS y NPY positivos / núcleos DAPI,1042,WATER_NPY3;E7_FR7-1;E8_FR6-3,WATER_NPY1;WATER_NPY2;E9_FR8-1,E7_FR7-5;E8_FR6-1;E8_FR6-4,0.148245461526,0.158283788493,0.12876801347,0.144009708277,False,False,biological animal
double_occurrence,Ocurrencia espacial de núcleos dobles c-FOS y NPY positivos / núcleos DAPI,1043,WATER_NPY3;E7_FR7-1;E8_FR6-3,WATER_NPY1;WATER_NPY2;E8_FR6-1,E7_FR7-5;E9_FR8-1;E8_FR6-4,0.12265977235,0.158283788493,0.191194172945,0.168590636599,False,False,biological animal
double_occurrence,Ocurrencia espacial de núcleos dobles c-FOS y NPY positivos / núcleos DAPI,1044,WATER_NPY3;E7_FR7-1;E8_FR6-3,WATER_NPY1;WATER_NPY2;E8_FR6-4,E7_FR7-5;E9_FR8-1;E8_FR6-1,0.254398818608,0.158283788493,0.19807342628,0.155483249123,False,False,biological animal
double_occurrence,Ocurrencia espacial de núcleos dobles c-FOS y NPY positivos / núcleos DAPI,1045,WATER_NPY3;E7_FR7-1;E8_FR6-3,WATER_NPY1;E7_FR7-5;E9_FR8-1,WATER_NPY2;E8_FR6-1;E8_FR6-4,1.34188862745,0.158283788493,0.106809323416,0.21288683107,False,False,biological animal
double_occurrence,Ocurrencia espacial de núcleos dobles c-FOS y NPY positivos / núcleos DAPI,1046,WATER_NPY3;E7_FR7-1;E8_FR6-3,WATER_NPY1;E7_FR7-5;E8_FR6-1,WATER_NPY2;E9_FR8-1;E8_FR6-4,0.470568126492,0.158283788493,0.155933607873,0.20831294713,False,False,biological animal
double_occurrence,Ocurrencia espacial de núcleos dobles c-FOS y NPY positivos / núcleos DAPI,1047,WATER_NPY3;E7_FR7-1;E8_FR6-3,WATER_NPY1;E7_FR7-5;E8_FR6-4,WATER_NPY2;E9_FR8-1;E8_FR6-1,0.246105367017,0.158283788493,0.166838620176,0.199556872872,False,False,biological animal
double_occurrence,Ocurrencia espacial de núcleos dobles c-FOS y NPY positivos / núcleos DAPI,1048,WATER_NPY3;E7_FR7-1;E8_FR6-3,WATER_NPY1;E9_FR8-1;E8_FR6-1,WATER_NPY2;E7_FR7-5;E8_FR6-4,0.214964115433,0.158283788493,0.181725944297,0.198563040697,False,False,biological animal
double_occurrence,Ocurrencia espacial de núcleos dobles c-FOS y NPY positivos / núcleos DAPI,1049,WATER_NPY3;E7_FR7-1;E8_FR6-3,WATER_NPY1;E9_FR8-1;E8_FR6-4,WATER_NPY2;E7_FR7-5;E8_FR6-1,0.159353462313,0.158283788493,0.19101882901,0.188090026854,False,False,biological animal
double_occurrence,Ocurrencia espacial de núcleos dobles c-FOS y NPY positivos / núcleos DAPI,1050,WATER_NPY3;E7_FR7-1;E8_FR6-3,WATER_NPY1;E8_FR6-1;E8_FR6-4,WATER_NPY2;E7_FR7-5;E9_FR8-1,0.438237620926,0.158283788493,0.153768483235,0.110905650498,False,False,biological animal
double_occurrence,Ocurrencia espacial de núcleos dobles c-FOS y NPY positivos / núcleos DAPI,1051,WATER_NPY3;E7_FR7-1;E8_FR6-3,WATER_NPY2;E7_FR7-5;E9_FR8-1,WATER_NPY1;E8_FR6-1;E8_FR6-4,0.438237620926,0.158283788493,0.110905650498,0.153768483235,False,False,biological animal
double_occurrence,Ocurrencia espacial de núcleos dobles c-FOS y NPY positivos / núcleos DAPI,1052,WATER_NPY3;E7_FR7-1;E8_FR6-3,WATER_NPY2;E7_FR7-5;E8_FR6-1,WATER_NPY1;E9_FR8-1;E8_FR6-4,0.159353462313,0.158283788493,0.188090026854,0.19101882901,False,False,biological animal
double_occurrence,Ocurrencia espacial de núcleos dobles c-FOS y NPY positivos / núcleos DAPI,1053,WATER_NPY3;E7_FR7-1;E8_FR6-3,WATER_NPY2;E7_FR7-5;E8_FR6-4,WATER_NPY1;E9_FR8-1;E8_FR6-1,0.214964115433,0.158283788493,0.198563040697,0.181725944297,False,False,biological animal
double_occurrence,Ocurrencia espacial de núcleos dobles c-FOS y NPY positivos / núcleos DAPI,1054,WATER_NPY3;E7_FR7-1;E8_FR6-3,WATER_NPY2;E9_FR8-1;E8_FR6-1,WATER_NPY1;E7_FR7-5;E8_FR6-4,0.246105367017,0.158283788493,0.199556872872,0.166838620176,False,False,biological animal
double_occurrence,Ocurrencia espacial de núcleos dobles c-FOS y NPY positivos / núcleos DAPI,1055,WATER_NPY3;E7_FR7-1;E8_FR6-3,WATER_NPY2;E9_FR8-1;E8_FR6-4,WATER_NPY1;E7_FR7-5;E8_FR6-1,0.470568126492,0.158283788493,0.20831294713,0.155933607873,False,False,biological animal
double_occurrence,Ocurrencia espacial de núcleos dobles c-FOS y NPY positivos / núcleos DAPI,1056,WATER_NPY3;E7_FR7-1;E8_FR6-3,WATER_NPY2;E8_FR6-1;E8_FR6-4,WATER_NPY1;E7_FR7-5;E9_FR8-1,1.34188862745,0.158283788493,0.21288683107,0.106809323416,False,False,biological animal
double_occurrence,Ocurrencia espacial de núcleos dobles c-FOS y NPY positivos / núcleos DAPI,1057,WATER_NPY3;E7_FR7-1;E8_FR6-3,E7_FR7-5;E9_FR8-1;E8_FR6-1,WATER_NPY1;WATER_NPY2;E8_FR6-4,0.254398818608,0.158283788493,0.155483249123,0.19807342628,False,False,biological animal
double_occurrence,Ocurrencia espacial de núcleos dobles c-FOS y NPY positivos / núcleos DAPI,1058,WATER_NPY3;E7_FR7-1;E8_FR6-3,E7_FR7-5;E9_FR8-1;E8_FR6-4,WATER_NPY1;WATER_NPY2;E8_FR6-1,0.12265977235,0.158283788493,0.168590636599,0.191194172945,False,False,biological animal
double_occurrence,Ocurrencia espacial de núcleos dobles c-FOS y NPY positivos / núcleos DAPI,1059,WATER_NPY3;E7_FR7-1;E8_FR6-3,E7_FR7-5;E8_FR6-1;E8_FR6-4,WATER_NPY1;WATER_NPY2;E9_FR8-1,0.148245461526,0.158283788493,0.144009708277,0.12876801347,False,False,biological animal
double_occurrence,Ocurrencia espacial de núcleos dobles c-FOS y NPY positivos / núcleos DAPI,1060,WATER_NPY3;E7_FR7-1;E8_FR6-3,E9_FR8-1;E8_FR6-1;E8_FR6-4,WATER_NPY1;WATER_NPY2;E7_FR7-5,0.430808301196,0.158283788493,0.170114361786,0.119431352468,False,False,biological animal
double_occurrence,Ocurrencia espacial de núcleos dobles c-FOS y NPY positivos / núcleos DAPI,1061,WATER_NPY3;E7_FR7-1;E8_FR6-4,WATER_NPY1;WATER_NPY2;E7_FR7-5,E9_FR8-1;E8_FR6-1;E8_FR6-3,0.630154030704,0.186653690818,0.119431352468,0.15534424561,False,False,biological animal
double_occurrence,Ocurrencia espacial de núcleos dobles c-FOS y NPY positivos / núcleos DAPI,1062,WATER_NPY3;E7_FR7-1;E8_FR6-4,WATER_NPY1;WATER_NPY2;E9_FR8-1,E7_FR7-5;E8_FR6-1;E8_FR6-3,0.696813492446,0.186653690818,0.12876801347,0.12772716793,False,False,biological animal
double_occurrence,Ocurrencia espacial de núcleos dobles c-FOS y NPY positivos / núcleos DAPI,1063,WATER_NPY3;E7_FR7-1;E8_FR6-4,WATER_NPY1;WATER_NPY2;E8_FR6-1,E7_FR7-5;E9_FR8-1;E8_FR6-3,0.322504245046,0.186653690818,0.191194172945,0.14113420508,False,False,biological animal
double_occurrence,Ocurrencia espacial de núcleos dobles c-FOS y NPY positivos / núcleos DAPI,1064,WATER_NPY3;E7_FR7-1;E8_FR6-4,WATER_NPY1;WATER_NPY2;E8_FR6-3,E7_FR7-5;E9_FR8-1;E8_FR6-1,0.105276455712,0.186653690818,0.171685790996,0.155483249123,False,False,biological animal
double_occurrence,Ocurrencia espacial de núcleos dobles c-FOS y NPY positivos / núcleos DAPI,1065,WATER_NPY3;E7_FR7-1;E8_FR6-4,WATER_NPY1;E7_FR7-5;E9_FR8-1,WATER_NPY2;E8_FR6-1;E8_FR6-3,1.07758893765,0.186653690818,0.106809323416,0.198469505102,False,False,biological animal
double_occurrence,Ocurrencia espacial de núcleos dobles c-FOS y NPY positivos / núcleos DAPI,1066,WATER_NPY3;E7_FR7-1;E8_FR6-4,WATER_NPY1;E7_FR7-5;E8_FR6-1,WATER_NPY2;E9_FR8-1;E8_FR6-3,0.152145043249,0.186653690818,0.155933607873,0.183922314028,False,False,biological animal
double_occurrence,Ocurrencia espacial de núcleos dobles c-FOS y NPY positivos / núcleos DAPI,1067,WATER_NPY3;E7_FR7-1;E8_FR6-4,WATER_NPY1;E7_FR7-5;E8_FR6-3,WATER_NPY2;E9_FR8-1;E8_FR6-1,0.508344422844,0.186653690818,0.138969047947,0.199556872872,False,False,biological animal
double_occurrence,Ocurrencia espacial de núcleos dobles c-FOS y NPY positivos / núcleos DAPI,1068,WATER_NPY3;E7_FR7-1;E8_FR6-4,WATER_NPY1;E9_FR8-1;E8_FR6-1,WATER_NPY2;E7_FR7-5;E8_FR6-3,0.0224728303921,0.186653690818,0.181725944297,0.173496371672,False,False,biological animal
double_occurrence,Ocurrencia espacial de núcleos dobles c-FOS y NPY positivos / núcleos DAPI,1069,WATER_NPY3;E7_FR7-1;E8_FR6-4,WATER_NPY1;E9_FR8-1;E8_FR6-3,WATER_NPY2;E7_FR7-5;E8_FR6-1,0.0746437818088,0.186653690818,0.165326588668,0.188090026854,False,False,biological animal
double_occurrence,Ocurrencia espacial de núcleos dobles c-FOS y NPY positivos / núcleos DAPI,1070,WATER_NPY3;E7_FR7-1;E8_FR6-4,WATER_NPY1;E8_FR6-1;E8_FR6-3,WATER_NPY2;E7_FR7-5;E9_FR8-1,0.833231000908,0.186653690818,0.135998653466,0.110905650498,False,False,biological animal
double_occurrence,Ocurrencia espacial de núcleos dobles c-FOS y NPY positivos / núcleos DAPI,1071,WATER_NPY3;E7_FR7-1;E8_FR6-4,WATER_NPY2;E7_FR7-5;E9_FR8-1,WATER_NPY1;E8_FR6-1;E8_FR6-3,0.833231000908,0.186653690818,0.110905650498,0.135998653466,False,False,biological animal
double_occurrence,Ocurrencia espacial de núcleos dobles c-FOS y NPY positivos / núcleos DAPI,1072,WATER_NPY3;E7_FR7-1;E8_FR6-4,WATER_NPY2;E7_FR7-5;E8_FR6-1,WATER_NPY1;E9_FR8-1;E8_FR6-3,0.0746437818088,0.186653690818,0.188090026854,0.165326588668,False,False,biological animal
double_occurrence,Ocurrencia espacial de núcleos dobles c-FOS y NPY positivos / núcleos DAPI,1073,WATER_NPY3;E7_FR7-1;E8_FR6-4,WATER_NPY2;E7_FR7-5;E8_FR6-3,WATER_NPY1;E9_FR8-1;E8_FR6-1,0.0224728303921,0.186653690818,0.173496371672,0.181725944297,False,False,biological animal
double_occurrence,Ocurrencia espacial de núcleos dobles c-FOS y NPY positivos / núcleos DAPI,1074,WATER_NPY3;E7_FR7-1;E8_FR6-4,WATER_NPY2;E9_FR8-1;E8_FR6-1,WATER_NPY1;E7_FR7-5;E8_FR6-3,0.508344422844,0.186653690818,0.199556872872,0.138969047947,False,False,biological animal
double_occurrence,Ocurrencia espacial de núcleos dobles c-FOS y NPY positivos / núcleos DAPI,1075,WATER_NPY3;E7_FR7-1;E8_FR6-4,WATER_NPY2;E9_FR8-1;E8_FR6-3,WATER_NPY1;E7_FR7-5;E8_FR6-1,0.152145043249,0.186653690818,0.183922314028,0.155933607873,False,False,biological animal
double_occurrence,Ocurrencia espacial de núcleos dobles c-FOS y NPY positivos / núcleos DAPI,1076,WATER_NPY3;E7_FR7-1;E8_FR6-4,WATER_NPY2;E8_FR6-1;E8_FR6-3,WATER_NPY1;E7_FR7-5;E9_FR8-1,1.07758893765,0.186653690818,0.198469505102,0.106809323416,False,False,biological animal
double_occurrence,Ocurrencia espacial de núcleos dobles c-FOS y NPY positivos / núcleos DAPI,1077,WATER_NPY3;E7_FR7-1;E8_FR6-4,E7_FR7-5;E9_FR8-1;E8_FR6-1,WATER_NPY1;WATER_NPY2;E8_FR6-3,0.105276455712,0.186653690818,0.155483249123,0.171685790996,False,False,biological animal
double_occurrence,Ocurrencia espacial de núcleos dobles c-FOS y NPY positivos / núcleos DAPI,1078,WATER_NPY3;E7_FR7-1;E8_FR6-4,E7_FR7-5;E9_FR8-1;E8_FR6-3,WATER_NPY1;WATER_NPY2;E8_FR6-1,0.322504245046,0.186653690818,0.14113420508,0.191194172945,False,False,biological animal
double_occurrence,Ocurrencia espacial de núcleos dobles c-FOS y NPY positivos / núcleos DAPI,1079,WATER_NPY3;E7_FR7-1;E8_FR6-4,E7_FR7-5;E8_FR6-1;E8_FR6-3,WATER_NPY1;WATER_NPY2;E9_FR8-1,0.696813492446,0.186653690818,0.12772716793,0.12876801347,False,False,biological animal
double_occurrence,Ocurrencia espacial de núcleos dobles c-FOS y NPY positivos / núcleos DAPI,1080,WATER_NPY3;E7_FR7-1;E8_FR6-4,E9_FR8-1;E8_FR6-1;E8_FR6-3,WATER_NPY1;WATER_NPY2;E7_FR7-5,0.630154030704,0.186653690818,0.15534424561,0.119431352468,False,False,biological animal
double_occurrence,Ocurrencia espacial de núcleos dobles c-FOS y NPY positivos / núcleos DAPI,1081,WATER_NPY3;E7_FR7-5;E9_FR8-1,WATER_NPY1;WATER_NPY2;E7_FR7-1,E8_FR6-1;E8_FR6-3;E8_FR6-4,18.2642986816,0.0832079308773,0.121286934055,0.0449807635238,False,True,biological animal
double_occurrence,Ocurrencia espacial de núcleos dobles c-FOS y NPY positivos / núcleos DAPI,1082,WATER_NPY3;E7_FR7-5;E9_FR8-1,WATER_NPY1;WATER_NPY2;E8_FR6-1,E7_FR7-1;E8_FR6-3;E8_FR6-4,2.20751549095,0.0832079308773,0.191194172945,0.140781838726,False,False,biological animal
double_occurrence,Ocurrencia espacial de núcleos dobles c-FOS y NPY positivos / núcleos DAPI,1083,WATER_NPY3;E7_FR7-5;E9_FR8-1,WATER_NPY1;WATER_NPY2;E8_FR6-3,E7_FR7-1;E8_FR6-1;E8_FR6-4,1.89773248032,0.0832079308773,0.171685790996,0.149326862479,False,False,biological animal
double_occurrence,Ocurrencia espacial de núcleos dobles c-FOS y NPY positivos / núcleos DAPI,1084,WATER_NPY3;E7_FR7-5;E9_FR8-1,WATER_NPY1;WATER_NPY2;E8_FR6-4,E7_FR7-1;E8_FR6-1;E8_FR6-3,2.74027985608,0.0832079308773,0.19807342628,0.133615610223,False,False,biological animal
double_occurrence,Ocurrencia espacial de núcleos dobles c-FOS y NPY positivos / núcleos DAPI,1085,WATER_NPY3;E7_FR7-5;E9_FR8-1,WATER_NPY1;E7_FR7-1;E8_FR6-1,WATER_NPY2;E8_FR6-3;E8_FR6-4,3.3959395634,0.0832079308773,0.163314876386,0.202039578345,False,False,biological animal
double_occurrence,Ocurrencia espacial de núcleos dobles c-FOS y NPY positivos / núcleos DAPI,1086,WATER_NPY3;E7_FR7-5;E9_FR8-1,WATER_NPY1;E7_FR7-1;E8_FR6-3,WATER_NPY2;E8_FR6-1;E8_FR6-4,4.23296902457,0.0832079308773,0.146373399917,0.21288683107,False,False,biological animal
double_occurrence,Ocurrencia espacial de núcleos dobles c-FOS y NPY positivos / núcleos DAPI,1087,WATER_NPY3;E7_FR7-5;E9_FR8-1,WATER_NPY1;E7_FR7-1;E8_FR6-4,WATER_NPY2;E8_FR6-1;E8_FR6-3,3.30492558855,0.0832079308773,0.173245915208,0.198469505102,False,False,biological animal
double_occurrence,Ocurrencia espacial de núcleos dobles c-FOS y NPY positivos / núcleos DAPI,1088,WATER_NPY3;E7_FR7-5;E9_FR8-1,WATER_NPY1;E8_FR6-1;E8_FR6-3,WATER_NPY2;E7_FR7-1;E8_FR6-4,2.59669502314,0.0832079308773,0.135998653466,0.197966458753,False,False,biological animal
double_occurrence,Ocurrencia espacial de núcleos dobles c-FOS y NPY positivos / núcleos DAPI,1089,WATER_NPY3;E7_FR7-5;E9_FR8-1,WATER_NPY1;E8_FR6-1;E8_FR6-4,WATER_NPY2;E7_FR7-1;E8_FR6-3,2.04947808551,0.0832079308773,0.153768483235,0.173146250586,False,False,biological animal
double_occurrence,Ocurrencia espacial de núcleos dobles c-FOS y NPY positivos / núcleos DAPI,1090,WATER_NPY3;E7_FR7-5;E9_FR8-1,WATER_NPY1;E8_FR6-3;E8_FR6-4,WATER_NPY2;E7_FR7-1;E8_FR6-1,1.95825477247,0.0832079308773,0.141378919362,0.188274015115,False,False,biological animal
double_occurrence,Ocurrencia espacial de núcleos dobles c-FOS y NPY positivos / núcleos DAPI,1091,WATER_NPY3;E7_FR7-5;E9_FR8-1,WATER_NPY2;E7_FR7-1;E8_FR6-1,WATER_NPY1;E8_FR6-3;E8_FR6-4,1.95825477247,0.0832079308773,0.188274015115,0.141378919362,False,False,biological animal
double_occurrence,Ocurrencia espacial de núcleos dobles c-FOS y NPY positivos / núcleos DAPI,1092,WATER_NPY3;E7_FR7-5;E9_FR8-1,WATER_NPY2;E7_FR7-1;E8_FR6-3,WATER_NPY1;E8_FR6-1;E8_FR6-4,2.04947808551,0.0832079308773,0.173146250586,0.153768483235,False,False,biological animal
double_occurrence,Ocurrencia espacial de núcleos dobles c-FOS y NPY positivos / núcleos DAPI,1093,WATER_NPY3;E7_FR7-5;E9_FR8-1,WATER_NPY2;E7_FR7-1;E8_FR6-4,WATER_NPY1;E8_FR6-1;E8_FR6-3,2.59669502314,0.0832079308773,0.197966458753,0.135998653466,False,False,biological animal
double_occurrence,Ocurrencia espacial de núcleos dobles c-FOS y NPY positivos / núcleos DAPI,1094,WATER_NPY3;E7_FR7-5;E9_FR8-1,WATER_NPY2;E8_FR6-1;E8_FR6-3,WATER_NPY1;E7_FR7-1;E8_FR6-4,3.30492558855,0.0832079308773,0.198469505102,0.173245915208,False,False,biological animal
double_occurrence,Ocurrencia espacial de núcleos dobles c-FOS y NPY positivos / núcleos DAPI,1095,WATER_NPY3;E7_FR7-5;E9_FR8-1,WATER_NPY2;E8_FR6-1;E8_FR6-4,WATER_NPY1;E7_FR7-1;E8_FR6-3,4.23296902457,0.0832079308773,0.21288683107,0.146373399917,False,False,biological animal
double_occurrence,Ocurrencia espacial de núcleos dobles c-FOS y NPY positivos / núcleos DAPI,1096,WATER_NPY3;E7_FR7-5;E9_FR8-1,WATER_NPY2;E8_FR6-3;E8_FR6-4,WATER_NPY1;E7_FR7-1;E8_FR6-1,3.3959395634,0.0832079308773,0.202039578345,0.163314876386,False,False,biological animal
double_occurrence,Ocurrencia espacial de núcleos dobles c-FOS y NPY positivos / núcleos DAPI,1097,WATER_NPY3;E7_FR7-5;E9_FR8-1,E7_FR7-1;E8_FR6-1;E8_FR6-3,WATER_NPY1;WATER_NPY2;E8_FR6-4,2.74027985608,0.0832079308773,0.133615610223,0.19807342628,False,False,biological animal
double_occurrence,Ocurrencia espacial de núcleos dobles c-FOS y NPY positivos / núcleos DAPI,1098,WATER_NPY3;E7_FR7-5;E9_FR8-1,E7_FR7-1;E8_FR6-1;E8_FR6-4,WATER_NPY1;WATER_NPY2;E8_FR6-3,1.89773248032,0.0832079308773,0.149326862479,0.171685790996,False,False,biological animal
double_occurrence,Ocurrencia espacial de núcleos dobles c-FOS y NPY positivos / núcleos DAPI,1099,WATER_NPY3;E7_FR7-5;E9_FR8-1,E7_FR7-1;E8_FR6-3;E8_FR6-4,WATER_NPY1;WATER_NPY2;E8_FR6-1,2.20751549095,0.0832079308773,0.140781838726,0.191194172945,False,False,biological animal
double_occurrence,Ocurrencia espacial de núcleos dobles c-FOS y NPY positivos / núcleos DAPI,1100,WATER_NPY3;E7_FR7-5;E9_FR8-1,E8_FR6-1;E8_FR6-3;E8_FR6-4,WATER_NPY1;WATER_NPY2;E7_FR7-1,18.2642986816,0.0832079308773,0.0449807635238,0.121286934055,False,True,biological animal
double_occurrence,Ocurrencia espacial de núcleos dobles c-FOS y NPY positivos / núcleos DAPI,1101,WATER_NPY3;E7_FR7-5;E8_FR6-1,WATER_NPY1;WATER_NPY2;E7_FR7-1,E9_FR8-1;E8_FR6-3;E8_FR6-4,0.481791726235,0.176501711719,0.121286934055,0.16219363963,False,False,biological animal
double_occurrence,Ocurrencia espacial de núcleos dobles c-FOS y NPY positivos / núcleos DAPI,1102,WATER_NPY3;E7_FR7-5;E8_FR6-1,WATER_NPY1;WATER_NPY2;E9_FR8-1,E7_FR7-1;E8_FR6-3;E8_FR6-4,0.382920706334,0.176501711719,0.12876801347,0.140781838726,False,False,biological animal
double_occurrence,Ocurrencia espacial de núcleos dobles c-FOS y NPY positivos / núcleos DAPI,1103,WATER_NPY3;E7_FR7-5;E8_FR6-1,WATER_NPY1;WATER_NPY2;E8_FR6-3,E7_FR7-1;E9_FR8-1;E8_FR6-4,0.0136864398926,0.176501711719,0.171685790996,0.165278911965,False,False,biological animal
double_occurrence,Ocurrencia espacial de núcleos dobles c-FOS y NPY positivos / núcleos DAPI,1104,WATER_NPY3;E7_FR7-5;E8_FR6-1,WATER_NPY1;WATER_NPY2;E8_FR6-4,E7_FR7-1;E9_FR8-1;E8_FR6-3,0.410711565201,0.176501711719,0.19807342628,0.137496356749,False,False,biological animal
double_occurrence,Ocurrencia espacial de núcleos dobles c-FOS y NPY positivos / núcleos DAPI,1105,WATER_NPY3;E7_FR7-5;E8_FR6-1,WATER_NPY1;E7_FR7-1;E9_FR8-1,WATER_NPY2;E8_FR6-3;E8_FR6-4,1.15136250207,0.176501711719,0.104490056246,0.202039578345,False,False,biological animal
double_occurrence,Ocurrencia espacial de núcleos dobles c-FOS y NPY positivos / núcleos DAPI,1106,WATER_NPY3;E7_FR7-5;E8_FR6-1,WATER_NPY1;E7_FR7-1;E8_FR6-3,WATER_NPY2;E9_FR8-1;E8_FR6-4,0.534584261077,0.176501711719,0.146373399917,0.20831294713,False,False,biological animal
double_occurrence,Ocurrencia espacial de núcleos dobles c-FOS y NPY positivos / núcleos DAPI,1107,WATER_NPY3;E7_FR7-5;E8_FR6-1,WATER_NPY1;E7_FR7-1;E8_FR6-4,WATER_NPY2;E9_FR8-1;E8_FR6-3,0.0171888565571,0.176501711719,0.173245915208,0.183922314028,False,False,biological animal
double_occurrence,Ocurrencia espacial de núcleos dobles c-FOS y NPY positivos / núcleos DAPI,1108,WATER_NPY3;E7_FR7-5;E8_FR6-1,WATER_NPY1;E9_FR8-1;E8_FR6-3,WATER_NPY2;E7_FR7-1;E8_FR6-4,0.141265045459,0.176501711719,0.165326588668,0.197966458753,False,False,biological animal
double_occurrence,Ocurrencia espacial de núcleos dobles c-FOS y NPY positivos / núcleos DAPI,1109,WATER_NPY3;E7_FR7-5;E8_FR6-1,WATER_NPY1;E9_FR8-1;E8_FR6-4,WATER_NPY2;E7_FR7-1;E8_FR6-3,0.0480270300656,0.176501711719,0.19101882901,0.173146250586,False,False,biological animal
double_occurrence,Ocurrencia espacial de núcleos dobles c-FOS y NPY positivos / núcleos DAPI,1110,WATER_NPY3;E7_FR7-5;E8_FR6-1,WATER_NPY1;E8_FR6-3;E8_FR6-4,WATER_NPY2;E7_FR7-1;E9_FR8-1,0.853903470014,0.176501711719,0.141378919362,0.0994011394723,False,False,biological animal
double_occurrence,Ocurrencia espacial de núcleos dobles c-FOS y NPY positivos / núcleos DAPI,1111,WATER_NPY3;E7_FR7-5;E8_FR6-1,WATER_NPY2;E7_FR7-1;E9_FR8-1,WATER_NPY1;E8_FR6-3;E8_FR6-4,0.853903470014,0.176501711719,0.0994011394723,0.141378919362,False,False,biological animal
double_occurrence,Ocurrencia espacial de núcleos dobles c-FOS y NPY positivos / núcleos DAPI,1112,WATER_NPY3;E7_FR7-5;E8_FR6-1,WATER_NPY2;E7_FR7-1;E8_FR6-3,WATER_NPY1;E9_FR8-1;E8_FR6-4,0.0480270300656,0.176501711719,0.173146250586,0.19101882901,False,False,biological animal
double_occurrence,Ocurrencia espacial de núcleos dobles c-FOS y NPY positivos / núcleos DAPI,1113,WATER_NPY3;E7_FR7-5;E8_FR6-1,WATER_NPY2;E7_FR7-1;E8_FR6-4,WATER_NPY1;E9_FR8-1;E8_FR6-3,0.141265045459,0.176501711719,0.197966458753,0.165326588668,False,False,biological animal
double_occurrence,Ocurrencia espacial de núcleos dobles c-FOS y NPY positivos / núcleos DAPI,1114,WATER_NPY3;E7_FR7-5;E8_FR6-1,WATER_NPY2;E9_FR8-1;E8_FR6-3,WATER_NPY1;E7_FR7-1;E8_FR6-4,0.0171888565571,0.176501711719,0.183922314028,0.173245915208,False,False,biological animal
double_occurrence,Ocurrencia espacial de núcleos dobles c-FOS y NPY positivos / núcleos DAPI,1115,WATER_NPY3;E7_FR7-5;E8_FR6-1,WATER_NPY2;E9_FR8-1;E8_FR6-4,WATER_NPY1;E7_FR7-1;E8_FR6-3,0.534584261077,0.176501711719,0.20831294713,0.146373399917,False,False,biological animal
double_occurrence,Ocurrencia espacial de núcleos dobles c-FOS y NPY positivos / núcleos DAPI,1116,WATER_NPY3;E7_FR7-5;E8_FR6-1,WATER_NPY2;E8_FR6-3;E8_FR6-4,WATER_NPY1;E7_FR7-1;E9_FR8-1,1.15136250207,0.176501711719,0.202039578345,0.104490056246,False,False,biological animal
double_occurrence,Ocurrencia espacial de núcleos dobles c-FOS y NPY positivos / núcleos DAPI,1117,WATER_NPY3;E7_FR7-5;E8_FR6-1,E7_FR7-1;E9_FR8-1;E8_FR6-3,WATER_NPY1;WATER_NPY2;E8_FR6-4,0.410711565201,0.176501711719,0.137496356749,0.19807342628,False,False,biological animal
double_occurrence,Ocurrencia espacial de núcleos dobles c-FOS y NPY positivos / núcleos DAPI,1118,WATER_NPY3;E7_FR7-5;E8_FR6-1,E7_FR7-1;E9_FR8-1;E8_FR6-4,WATER_NPY1;WATER_NPY2;E8_FR6-3,0.0136864398926,0.176501711719,0.165278911965,0.171685790996,False,False,biological animal
double_occurrence,Ocurrencia espacial de núcleos dobles c-FOS y NPY positivos / núcleos DAPI,1119,WATER_NPY3;E7_FR7-5;E8_FR6-1,E7_FR7-1;E8_FR6-3;E8_FR6-4,WATER_NPY1;WATER_NPY2;E9_FR8-1,0.382920706334,0.176501711719,0.140781838726,0.12876801347,False,False,biological animal
double_occurrence,Ocurrencia espacial de núcleos dobles c-FOS y NPY positivos / núcleos DAPI,1120,WATER_NPY3;E7_FR7-5;E8_FR6-1,E9_FR8-1;E8_FR6-3;E8_FR6-4,WATER_NPY1;WATER_NPY2;E7_FR7-1,0.481791726235,0.176501711719,0.16219363963,0.121286934055,False,False,biological animal
double_occurrence,Ocurrencia espacial de núcleos dobles c-FOS y NPY positivos / núcleos DAPI,1121,WATER_NPY3;E7_FR7-5;E8_FR6-3,WATER_NPY1;WATER_NPY2;E7_FR7-1,E9_FR8-1;E8_FR6-1;E8_FR6-4,0.465581295137,0.162237438588,0.121286934055,0.170114361786,False,False,biological animal
double_occurrence,Ocurrencia espacial de núcleos dobles c-FOS y NPY positivos / núcleos DAPI,1122,WATER_NPY3;E7_FR7-5;E8_FR6-3,WATER_NPY1;WATER_NPY2;E9_FR8-1,E7_FR7-1;E8_FR6-1;E8_FR6-4,0.208498917199,0.162237438588,0.12876801347,0.149326862479,False,False,biological animal
double_occurrence,Ocurrencia espacial de núcleos dobles c-FOS y NPY positivos / núcleos DAPI,1123,WATER_NPY3;E7_FR7-5;E8_FR6-3,WATER_NPY1;WATER_NPY2;E8_FR6-1,E7_FR7-1;E9_FR8-1;E8_FR6-4,0.111067109412,0.162237438588,0.191194172945,0.165278911965,False,False,biological animal
double_occurrence,Ocurrencia espacial de núcleos dobles c-FOS y NPY positivos / núcleos DAPI,1124,WATER_NPY3;E7_FR7-5;E8_FR6-3,WATER_NPY1;WATER_NPY2;E8_FR6-4,E7_FR7-1;E9_FR8-1;E8_FR6-1,0.26169279404,0.162237438588,0.19807342628,0.152637389372,False,False,biological animal
double_occurrence,Ocurrencia espacial de núcleos dobles c-FOS y NPY positivos / núcleos DAPI,1125,WATER_NPY3;E7_FR7-5;E8_FR6-3,WATER_NPY1;E7_FR7-1;E9_FR8-1,WATER_NPY2;E8_FR6-1;E8_FR6-4,1.45413393955,0.162237438588,0.104490056246,0.21288683107,False,False,biological animal
double_occurrence,Ocurrencia espacial de núcleos dobles c-FOS y NPY positivos / núcleos DAPI,1126,WATER_NPY3;E7_FR7-5;E8_FR6-3,WATER_NPY1;E7_FR7-1;E8_FR6-1,WATER_NPY2;E9_FR8-1;E8_FR6-4,0.410826373472,0.162237438588,0.163314876386,0.20831294713,False,False,biological animal
double_occurrence,Ocurrencia espacial de núcleos dobles c-FOS y NPY positivos / núcleos DAPI,1127,WATER_NPY3;E7_FR7-5;E8_FR6-3,WATER_NPY1;E7_FR7-1;E8_FR6-4,WATER_NPY2;E9_FR8-1;E8_FR6-1,0.209923118909,0.162237438588,0.173245915208,0.199556872872,False,False,biological animal
double_occurrence,Ocurrencia espacial de núcleos dobles c-FOS y NPY positivos / núcleos DAPI,1128,WATER_NPY3;E7_FR7-5;E8_FR6-3,WATER_NPY1;E9_FR8-1;E8_FR6-1,WATER_NPY2;E7_FR7-1;E8_FR6-4,0.177514006798,0.162237438588,0.181725944297,0.197966458753,False,False,biological animal
double_occurrence,Ocurrencia espacial de núcleos dobles c-FOS y NPY positivos / núcleos DAPI,1129,WATER_NPY3;E7_FR7-5;E8_FR6-3,WATER_NPY1;E9_FR8-1;E8_FR6-4,WATER_NPY2;E7_FR7-1;E8_FR6-1,0.130315319988,0.162237438588,0.19101882901,0.188274015115,False,False,biological animal
double_occurrence,Ocurrencia espacial de núcleos dobles c-FOS y NPY positivos / núcleos DAPI,1130,WATER_NPY3;E7_FR7-5;E8_FR6-3,WATER_NPY1;E8_FR6-1;E8_FR6-4,WATER_NPY2;E7_FR7-1;E9_FR8-1,0.785224436211,0.162237438588,0.153768483235,0.0994011394723,False,False,biological animal
double_occurrence,Ocurrencia espacial de núcleos dobles c-FOS y NPY positivos / núcleos DAPI,1131,WATER_NPY3;E7_FR7-5;E8_FR6-3,WATER_NPY2;E7_FR7-1;E9_FR8-1,WATER_NPY1;E8_FR6-1;E8_FR6-4,0.785224436211,0.162237438588,0.0994011394723,0.153768483235,False,False,biological animal
double_occurrence,Ocurrencia espacial de núcleos dobles c-FOS y NPY positivos / núcleos DAPI,1132,WATER_NPY3;E7_FR7-5;E8_FR6-3,WATER_NPY2;E7_FR7-1;E8_FR6-1,WATER_NPY1;E9_FR8-1;E8_FR6-4,0.130315319988,0.162237438588,0.188274015115,0.19101882901,False,False,biological animal
double_occurrence,Ocurrencia espacial de núcleos dobles c-FOS y NPY positivos / núcleos DAPI,1133,WATER_NPY3;E7_FR7-5;E8_FR6-3,WATER_NPY2;E7_FR7-1;E8_FR6-4,WATER_NPY1;E9_FR8-1;E8_FR6-1,0.177514006798,0.162237438588,0.197966458753,0.181725944297,False,False,biological animal
double_occurrence,Ocurrencia espacial de núcleos dobles c-FOS y NPY positivos / núcleos DAPI,1134,WATER_NPY3;E7_FR7-5;E8_FR6-3,WATER_NPY2;E9_FR8-1;E8_FR6-1,WATER_NPY1;E7_FR7-1;E8_FR6-4,0.209923118909,0.162237438588,0.199556872872,0.173245915208,False,False,biological animal
double_occurrence,Ocurrencia espacial de núcleos dobles c-FOS y NPY positivos / núcleos DAPI,1135,WATER_NPY3;E7_FR7-5;E8_FR6-3,WATER_NPY2;E9_FR8-1;E8_FR6-4,WATER_NPY1;E7_FR7-1;E8_FR6-1,0.410826373472,0.162237438588,0.20831294713,0.163314876386,False,False,biological animal
double_occurrence,Ocurrencia espacial de núcleos dobles c-FOS y NPY positivos / núcleos DAPI,1136,WATER_NPY3;E7_FR7-5;E8_FR6-3,WATER_NPY2;E8_FR6-1;E8_FR6-4,WATER_NPY1;E7_FR7-1;E9_FR8-1,1.45413393955,0.162237438588,0.21288683107,0.104490056246,False,False,biological animal
double_occurrence,Ocurrencia espacial de núcleos dobles c-FOS y NPY positivos / núcleos DAPI,1137,WATER_NPY3;E7_FR7-5;E8_FR6-3,E7_FR7-1;E9_FR8-1;E8_FR6-1,WATER_NPY1;WATER_NPY2;E8_FR6-4,0.26169279404,0.162237438588,0.152637389372,0.19807342628,False,False,biological animal
double_occurrence,Ocurrencia espacial de núcleos dobles c-FOS y NPY positivos / núcleos DAPI,1138,WATER_NPY3;E7_FR7-5;E8_FR6-3,E7_FR7-1;E9_FR8-1;E8_FR6-4,WATER_NPY1;WATER_NPY2;E8_FR6-1,0.111067109412,0.162237438588,0.165278911965,0.191194172945,False,False,biological animal
double_occurrence,Ocurrencia espacial de núcleos dobles c-FOS y NPY positivos / núcleos DAPI,1139,WATER_NPY3;E7_FR7-5;E8_FR6-3,E7_FR7-1;E8_FR6-1;E8_FR6-4,WATER_NPY1;WATER_NPY2;E9_FR8-1,0.208498917199,0.162237438588,0.149326862479,0.12876801347,False,False,biological animal
double_occurrence,Ocurrencia espacial de núcleos dobles c-FOS y NPY positivos / núcleos DAPI,1140,WATER_NPY3;E7_FR7-5;E8_FR6-3,E9_FR8-1;E8_FR6-1;E8_FR6-4,WATER_NPY1;WATER_NPY2;E7_FR7-1,0.465581295137,0.162237438588,0.170114361786,0.121286934055,False,False,biological animal
double_occurrence,Ocurrencia espacial de núcleos dobles c-FOS y NPY positivos / núcleos DAPI,1141,WATER_NPY3;E7_FR7-5;E8_FR6-4,WATER_NPY1;WATER_NPY2;E7_FR7-1,E9_FR8-1;E8_FR6-1;E8_FR6-3,0.717245447051,0.190009576628,0.121286934055,0.15534424561,False,False,biological animal
double_occurrence,Ocurrencia espacial de núcleos dobles c-FOS y NPY positivos / núcleos DAPI,1142,WATER_NPY3;E7_FR7-5;E8_FR6-4,WATER_NPY1;WATER_NPY2;E9_FR8-1,E7_FR7-1;E8_FR6-1;E8_FR6-3,0.75008984618,0.190009576628,0.12876801347,0.133615610223,False,False,biological animal
double_occurrence,Ocurrencia espacial de núcleos dobles c-FOS y NPY positivos / núcleos DAPI,1143,WATER_NPY3;E7_FR7-5;E8_FR6-4,WATER_NPY1;WATER_NPY2;E8_FR6-1,E7_FR7-1;E9_FR8-1;E8_FR6-3,0.401287858223,0.190009576628,0.191194172945,0.137496356749,False,False,biological animal
double_occurrence,Ocurrencia espacial de núcleos dobles c-FOS y NPY positivos / núcleos DAPI,1144,WATER_NPY3;E7_FR7-5;E8_FR6-4,WATER_NPY1;WATER_NPY2;E8_FR6-3,E7_FR7-1;E9_FR8-1;E8_FR6-1,0.153454305392,0.190009576628,0.171685790996,0.152637389372,False,False,biological animal
double_occurrence,Ocurrencia espacial de núcleos dobles c-FOS y NPY positivos / núcleos DAPI,1145,WATER_NPY3;E7_FR7-5;E8_FR6-4,WATER_NPY1;E7_FR7-1;E9_FR8-1,WATER_NPY2;E8_FR6-1;E8_FR6-3,1.20685124772,0.190009576628,0.104490056246,0.198469505102,False,False,biological animal
double_occurrence,Ocurrencia espacial de núcleos dobles c-FOS y NPY positivos / núcleos DAPI,1146,WATER_NPY3;E7_FR7-5;E8_FR6-4,WATER_NPY1;E7_FR7-1;E8_FR6-1,WATER_NPY2;E9_FR8-1;E8_FR6-3,0.113154292681,0.190009576628,0.163314876386,0.183922314028,False,False,biological animal
double_occurrence,Ocurrencia espacial de núcleos dobles c-FOS y NPY positivos / núcleos DAPI,1147,WATER_NPY3;E7_FR7-5;E8_FR6-4,WATER_NPY1;E7_FR7-1;E8_FR6-3,WATER_NPY2;E9_FR8-1;E8_FR6-1,0.434391436027,0.190009576628,0.146373399917,0.199556872872,False,False,biological animal
double_occurrence,Ocurrencia espacial de núcleos dobles c-FOS y NPY positivos / núcleos DAPI,1148,WATER_NPY3;E7_FR7-5;E8_FR6-4,WATER_NPY1;E9_FR8-1;E8_FR6-1,WATER_NPY2;E7_FR7-1;E8_FR6-3,0.0382522847827,0.190009576628,0.181725944297,0.173146250586,False,False,biological animal
double_occurrence,Ocurrencia espacial de núcleos dobles c-FOS y NPY positivos / núcleos DAPI,1149,WATER_NPY3;E7_FR7-5;E8_FR6-4,WATER_NPY1;E9_FR8-1;E8_FR6-3,WATER_NPY2;E7_FR7-1;E8_FR6-1,0.0920976417517,0.190009576628,0.165326588668,0.188274015115,False,False,biological animal
double_occurrence,Ocurrencia espacial de núcleos dobles c-FOS y NPY positivos / núcleos DAPI,1150,WATER_NPY3;E7_FR7-5;E8_FR6-4,WATER_NPY1;E8_FR6-1;E8_FR6-3,WATER_NPY2;E7_FR7-1;E9_FR8-1,1.21222300718,0.190009576628,0.135998653466,0.0994011394723,False,False,biological animal
double_occurrence,Ocurrencia espacial de núcleos dobles c-FOS y NPY positivos / núcleos DAPI,1151,WATER_NPY3;E7_FR7-5;E8_FR6-4,WATER_NPY2;E7_FR7-1;E9_FR8-1,WATER_NPY1;E8_FR6-1;E8_FR6-3,1.21222300718,0.190009576628,0.0994011394723,0.135998653466,False,False,biological animal
double_occurrence,Ocurrencia espacial de núcleos dobles c-FOS y NPY positivos / núcleos DAPI,1152,WATER_NPY3;E7_FR7-5;E8_FR6-4,WATER_NPY2;E7_FR7-1;E8_FR6-1,WATER_NPY1;E9_FR8-1;E8_FR6-3,0.0920976417517,0.190009576628,0.188274015115,0.165326588668,False,False,biological animal
double_occurrence,Ocurrencia espacial de núcleos dobles c-FOS y NPY positivos / núcleos DAPI,1153,WATER_NPY3;E7_FR7-5;E8_FR6-4,WATER_NPY2;E7_FR7-1;E8_FR6-3,WATER_NPY1;E9_FR8-1;E8_FR6-1,0.0382522847827,0.190009576628,0.173146250586,0.181725944297,False,False,biological animal
double_occurrence,Ocurrencia espacial de núcleos dobles c-FOS y NPY positivos / núcleos DAPI,1154,WATER_NPY3;E7_FR7-5;E8_FR6-4,WATER_NPY2;E9_FR8-1;E8_FR6-1,WATER_NPY1;E7_FR7-1;E8_FR6-3,0.434391436027,0.190009576628,0.199556872872,0.146373399917,False,False,biological animal
double_occurrence,Ocurrencia espacial de núcleos dobles c-FOS y NPY positivos / núcleos DAPI,1155,WATER_NPY3;E7_FR7-5;E8_FR6-4,WATER_NPY2;E9_FR8-1;E8_FR6-3,WATER_NPY1;E7_FR7-1;E8_FR6-1,0.113154292681,0.190009576628,0.183922314028,0.163314876386,False,False,biological animal
double_occurrence,Ocurrencia espacial de núcleos dobles c-FOS y NPY positivos / núcleos DAPI,1156,WATER_NPY3;E7_FR7-5;E8_FR6-4,WATER_NPY2;E8_FR6-1;E8_FR6-3,WATER_NPY1;E7_FR7-1;E9_FR8-1,1.20685124772,0.190009576628,0.198469505102,0.104490056246,False,False,biological animal
double_occurrence,Ocurrencia espacial de núcleos dobles c-FOS y NPY positivos / núcleos DAPI,1157,WATER_NPY3;E7_FR7-5;E8_FR6-4,E7_FR7-1;E9_FR8-1;E8_FR6-1,WATER_NPY1;WATER_NPY2;E8_FR6-3,0.153454305392,0.190009576628,0.152637389372,0.171685790996,False,False,biological animal
double_occurrence,Ocurrencia espacial de núcleos dobles c-FOS y NPY positivos / núcleos DAPI,1158,WATER_NPY3;E7_FR7-5;E8_FR6-4,E7_FR7-1;E9_FR8-1;E8_FR6-3,WATER_NPY1;WATER_NPY2;E8_FR6-1,0.401287858223,0.190009576628,0.137496356749,0.191194172945,False,False,biological animal
double_occurrence,Ocurrencia espacial de núcleos dobles c-FOS y NPY positivos / núcleos DAPI,1159,WATER_NPY3;E7_FR7-5;E8_FR6-4,E7_FR7-1;E8_FR6-1;E8_FR6-3,WATER_NPY1;WATER_NPY2;E9_FR8-1,0.75008984618,0.190009576628,0.133615610223,0.12876801347,False,False,biological animal
double_occurrence,Ocurrencia espacial de núcleos dobles c-FOS y NPY positivos / núcleos DAPI,1160,WATER_NPY3;E7_FR7-5;E8_FR6-4,E9_FR8-1;E8_FR6-1;E8_FR6-3,WATER_NPY1;WATER_NPY2;E7_FR7-1,0.717245447051,0.190009576628,0.15534424561,0.121286934055,False,False,biological animal
double_occurrence,Ocurrencia espacial de núcleos dobles c-FOS y NPY positivos / núcleos DAPI,1161,WATER_NPY3;E9_FR8-1;E8_FR6-1,WATER_NPY1;WATER_NPY2;E7_FR7-1,E7_FR7-5;E8_FR6-3;E8_FR6-4,0.800773029943,0.185083308782,0.121286934055,0.135435925413,False,False,biological animal
double_occurrence,Ocurrencia espacial de núcleos dobles c-FOS y NPY positivos / núcleos DAPI,1162,WATER_NPY3;E9_FR8-1;E8_FR6-1,WATER_NPY1;WATER_NPY2;E7_FR7-5,E7_FR7-1;E8_FR6-3;E8_FR6-4,0.775875942577,0.185083308782,0.119431352468,0.140781838726,False,False,biological animal
double_occurrence,Ocurrencia espacial de núcleos dobles c-FOS y NPY positivos / núcleos DAPI,1163,WATER_NPY3;E9_FR8-1;E8_FR6-1,WATER_NPY1;WATER_NPY2;E8_FR6-3,E7_FR7-1;E7_FR7-5;E8_FR6-4,0.135346982608,0.185083308782,0.171685790996,0.152185747168,False,False,biological animal
double_occurrence,Ocurrencia espacial de núcleos dobles c-FOS y NPY positivos / núcleos DAPI,1164,WATER_NPY3;E9_FR8-1;E8_FR6-1,WATER_NPY1;WATER_NPY2;E8_FR6-4,E7_FR7-1;E7_FR7-5;E8_FR6-3,0.804701123955,0.185083308782,0.19807342628,0.123004150611,False,False,biological animal
double_occurrence,Ocurrencia espacial de núcleos dobles c-FOS y NPY positivos / núcleos DAPI,1165,WATER_NPY3;E9_FR8-1;E8_FR6-1,WATER_NPY1;E7_FR7-1;E7_FR7-5,WATER_NPY2;E8_FR6-3;E8_FR6-4,1.98263222746,0.185083308782,0.0865898893859,0.202039578345,False,False,biological animal
double_occurrence,Ocurrencia espacial de núcleos dobles c-FOS y NPY positivos / núcleos DAPI,1166,WATER_NPY3;E9_FR8-1;E8_FR6-1,WATER_NPY1;E7_FR7-1;E8_FR6-3,WATER_NPY2;E7_FR7-5;E8_FR6-4,0.41926337166,0.185083308782,0.146373399917,0.198563040697,False,False,biological animal
double_occurrence,Ocurrencia espacial de núcleos dobles c-FOS y NPY positivos / núcleos DAPI,1167,WATER_NPY3;E9_FR8-1;E8_FR6-1,WATER_NPY1;E7_FR7-1;E8_FR6-4,WATER_NPY2;E7_FR7-5;E8_FR6-3,0.0265848086242,0.185083308782,0.173245915208,0.173496371672,False,False,biological animal
double_occurrence,Ocurrencia espacial de núcleos dobles c-FOS y NPY positivos / núcleos DAPI,1168,WATER_NPY3;E9_FR8-1;E8_FR6-1,WATER_NPY1;E7_FR7-5;E8_FR6-3,WATER_NPY2;E7_FR7-1;E8_FR6-4,0.531857643577,0.185083308782,0.138969047947,0.197966458753,False,False,biological animal
double_occurrence,Ocurrencia espacial de núcleos dobles c-FOS y NPY positivos / núcleos DAPI,1169,WATER_NPY3;E9_FR8-1;E8_FR6-1,WATER_NPY1;E7_FR7-5;E8_FR6-4,WATER_NPY2;E7_FR7-1;E8_FR6-3,0.0481543456883,0.185083308782,0.166838620176,0.173146250586,False,False,biological animal
double_occurrence,Ocurrencia espacial de núcleos dobles c-FOS y NPY positivos / núcleos DAPI,1170,WATER_NPY3;E9_FR8-1;E8_FR6-1,WATER_NPY1;E8_FR6-3;E8_FR6-4,WATER_NPY2;E7_FR7-1;E7_FR7-5,1.03935020733,0.185083308782,0.141378919362,0.102734475655,False,False,biological animal
double_occurrence,Ocurrencia espacial de núcleos dobles c-FOS y NPY positivos / núcleos DAPI,1171,WATER_NPY3;E9_FR8-1;E8_FR6-1,WATER_NPY2;E7_FR7-1;E7_FR7-5,WATER_NPY1;E8_FR6-3;E8_FR6-4,1.03935020733,0.185083308782,0.102734475655,0.141378919362,False,False,biological animal
double_occurrence,Ocurrencia espacial de núcleos dobles c-FOS y NPY positivos / núcleos DAPI,1172,WATER_NPY3;E9_FR8-1;E8_FR6-1,WATER_NPY2;E7_FR7-1;E8_FR6-3,WATER_NPY1;E7_FR7-5;E8_FR6-4,0.0481543456883,0.185083308782,0.173146250586,0.166838620176,False,False,biological animal
double_occurrence,Ocurrencia espacial de núcleos dobles c-FOS y NPY positivos / núcleos DAPI,1173,WATER_NPY3;E9_FR8-1;E8_FR6-1,WATER_NPY2;E7_FR7-1;E8_FR6-4,WATER_NPY1;E7_FR7-5;E8_FR6-3,0.531857643577,0.185083308782,0.197966458753,0.138969047947,False,False,biological animal
double_occurrence,Ocurrencia espacial de núcleos dobles c-FOS y NPY positivos / núcleos DAPI,1174,WATER_NPY3;E9_FR8-1;E8_FR6-1,WATER_NPY2;E7_FR7-5;E8_FR6-3,WATER_NPY1;E7_FR7-1;E8_FR6-4,0.0265848086242,0.185083308782,0.173496371672,0.173245915208,False,False,biological animal
double_occurrence,Ocurrencia espacial de núcleos dobles c-FOS y NPY positivos / núcleos DAPI,1175,WATER_NPY3;E9_FR8-1;E8_FR6-1,WATER_NPY2;E7_FR7-5;E8_FR6-4,WATER_NPY1;E7_FR7-1;E8_FR6-3,0.41926337166,0.185083308782,0.198563040697,0.146373399917,False,False,biological animal
double_occurrence,Ocurrencia espacial de núcleos dobles c-FOS y NPY positivos / núcleos DAPI,1176,WATER_NPY3;E9_FR8-1;E8_FR6-1,WATER_NPY2;E8_FR6-3;E8_FR6-4,WATER_NPY1;E7_FR7-1;E7_FR7-5,1.98263222746,0.185083308782,0.202039578345,0.0865898893859,False,False,biological animal
double_occurrence,Ocurrencia espacial de núcleos dobles c-FOS y NPY positivos / núcleos DAPI,1177,WATER_NPY3;E9_FR8-1;E8_FR6-1,E7_FR7-1;E7_FR7-5;E8_FR6-3,WATER_NPY1;WATER_NPY2;E8_FR6-4,0.804701123955,0.185083308782,0.123004150611,0.19807342628,False,False,biological animal
double_occurrence,Ocurrencia espacial de núcleos dobles c-FOS y NPY positivos / núcleos DAPI,1178,WATER_NPY3;E9_FR8-1;E8_FR6-1,E7_FR7-1;E7_FR7-5;E8_FR6-4,WATER_NPY1;WATER_NPY2;E8_FR6-3,0.135346982608,0.185083308782,0.152185747168,0.171685790996,False,False,biological animal
double_occurrence,Ocurrencia espacial de núcleos dobles c-FOS y NPY positivos / núcleos DAPI,1179,WATER_NPY3;E9_FR8-1;E8_FR6-1,E7_FR7-1;E8_FR6-3;E8_FR6-4,WATER_NPY1;WATER_NPY2;E7_FR7-5,0.775875942577,0.185083308782,0.140781838726,0.119431352468,False,False,biological animal
double_occurrence,Ocurrencia espacial de núcleos dobles c-FOS y NPY positivos / núcleos DAPI,1180,WATER_NPY3;E9_FR8-1;E8_FR6-1,E7_FR7-5;E8_FR6-3;E8_FR6-4,WATER_NPY1;WATER_NPY2;E7_FR7-1,0.800773029943,0.185083308782,0.135435925413,0.121286934055,False,False,biological animal
double_occurrence,Ocurrencia espacial de núcleos dobles c-FOS y NPY positivos / núcleos DAPI,1181,WATER_NPY3;E9_FR8-1;E8_FR6-3,WATER_NPY1;WATER_NPY2;E7_FR7-1,E7_FR7-5;E8_FR6-1;E8_FR6-4,0.499943309552,0.169855348373,0.121286934055,0.144009708277,False,False,biological animal
double_occurrence,Ocurrencia espacial de núcleos dobles c-FOS y NPY positivos / núcleos DAPI,1182,WATER_NPY3;E9_FR8-1;E8_FR6-3,WATER_NPY1;WATER_NPY2;E7_FR7-5,E7_FR7-1;E8_FR6-1;E8_FR6-4,0.521026347614,0.169855348373,0.119431352468,0.149326862479,False,False,biological animal
double_occurrence,Ocurrencia espacial de núcleos dobles c-FOS y NPY positivos / núcleos DAPI,1183,WATER_NPY3;E9_FR8-1;E8_FR6-3,WATER_NPY1;WATER_NPY2;E8_FR6-1,E7_FR7-1;E7_FR7-5;E8_FR6-4,0.189088219923,0.169855348373,0.191194172945,0.152185747168,False,False,biological animal
double_occurrence,Ocurrencia espacial de núcleos dobles c-FOS y NPY positivos / núcleos DAPI,1184,WATER_NPY3;E9_FR8-1;E8_FR6-3,WATER_NPY1;WATER_NPY2;E8_FR6-4,E7_FR7-1;E7_FR7-5;E8_FR6-1,0.462725849852,0.169855348373,0.19807342628,0.138379859903,False,False,biological animal
double_occurrence,Ocurrencia espacial de núcleos dobles c-FOS y NPY positivos / núcleos DAPI,1185,WATER_NPY3;E9_FR8-1;E8_FR6-3,WATER_NPY1;E7_FR7-1;E7_FR7-5,WATER_NPY2;E8_FR6-1;E8_FR6-4,2.29994430239,0.169855348373,0.0865898893859,0.21288683107,False,False,biological animal
double_occurrence,Ocurrencia espacial de núcleos dobles c-FOS y NPY positivos / núcleos DAPI,1186,WATER_NPY3;E9_FR8-1;E8_FR6-3,WATER_NPY1;E7_FR7-1;E8_FR6-1,WATER_NPY2;E7_FR7-5;E8_FR6-4,0.210363174797,0.169855348373,0.163314876386,0.198563040697,False,False,biological animal
double_occurrence,Ocurrencia espacial de núcleos dobles c-FOS y NPY positivos / núcleos DAPI,1187,WATER_NPY3;E9_FR8-1;E8_FR6-3,WATER_NPY1;E7_FR7-1;E8_FR6-4,WATER_NPY2;E7_FR7-5;E8_FR6-1,0.0517259093192,0.169855348373,0.173245915208,0.188090026854,False,False,biological animal
double_occurrence,Ocurrencia espacial de núcleos dobles c-FOS y NPY positivos / núcleos DAPI,1188,WATER_NPY3;E9_FR8-1;E8_FR6-3,WATER_NPY1;E7_FR7-5;E8_FR6-1,WATER_NPY2;E7_FR7-1;E8_FR6-4,0.262398076048,0.169855348373,0.155933607873,0.197966458753,False,False,biological animal
double_occurrence,Ocurrencia espacial de núcleos dobles c-FOS y NPY positivos / núcleos DAPI,1189,WATER_NPY3;E9_FR8-1;E8_FR6-3,WATER_NPY1;E7_FR7-5;E8_FR6-4,WATER_NPY2;E7_FR7-1;E8_FR6-1,0.0719180465236,0.169855348373,0.166838620176,0.188274015115,False,False,biological animal
double_occurrence,Ocurrencia espacial de núcleos dobles c-FOS y NPY positivos / núcleos DAPI,1190,WATER_NPY3;E9_FR8-1;E8_FR6-3,WATER_NPY1;E8_FR6-1;E8_FR6-4,WATER_NPY2;E7_FR7-1;E7_FR7-5,0.876665089755,0.169855348373,0.153768483235,0.102734475655,False,False,biological animal
double_occurrence,Ocurrencia espacial de núcleos dobles c-FOS y NPY positivos / núcleos DAPI,1191,WATER_NPY3;E9_FR8-1;E8_FR6-3,WATER_NPY2;E7_FR7-1;E7_FR7-5,WATER_NPY1;E8_FR6-1;E8_FR6-4,0.876665089755,0.169855348373,0.102734475655,0.153768483235,False,False,biological animal
double_occurrence,Ocurrencia espacial de núcleos dobles c-FOS y NPY positivos / núcleos DAPI,1192,WATER_NPY3;E9_FR8-1;E8_FR6-3,WATER_NPY2;E7_FR7-1;E8_FR6-1,WATER_NPY1;E7_FR7-5;E8_FR6-4,0.0719180465236,0.169855348373,0.188274015115,0.166838620176,False,False,biological animal
double_occurrence,Ocurrencia espacial de núcleos dobles c-FOS y NPY positivos / núcleos DAPI,1193,WATER_NPY3;E9_FR8-1;E8_FR6-3,WATER_NPY2;E7_FR7-1;E8_FR6-4,WATER_NPY1;E7_FR7-5;E8_FR6-1,0.262398076048,0.169855348373,0.197966458753,0.155933607873,False,False,biological animal
double_occurrence,Ocurrencia espacial de núcleos dobles c-FOS y NPY positivos / núcleos DAPI,1194,WATER_NPY3;E9_FR8-1;E8_FR6-3,WATER_NPY2;E7_FR7-5;E8_FR6-1,WATER_NPY1;E7_FR7-1;E8_FR6-4,0.0517259093192,0.169855348373,0.188090026854,0.173245915208,False,False,biological animal
double_occurrence,Ocurrencia espacial de núcleos dobles c-FOS y NPY positivos / núcleos DAPI,1195,WATER_NPY3;E9_FR8-1;E8_FR6-3,WATER_NPY2;E7_FR7-5;E8_FR6-4,WATER_NPY1;E7_FR7-1;E8_FR6-1,0.210363174797,0.169855348373,0.198563040697,0.163314876386,False,False,biological animal
double_occurrence,Ocurrencia espacial de núcleos dobles c-FOS y NPY positivos / núcleos DAPI,1196,WATER_NPY3;E9_FR8-1;E8_FR6-3,WATER_NPY2;E8_FR6-1;E8_FR6-4,WATER_NPY1;E7_FR7-1;E7_FR7-5,2.29994430239,0.169855348373,0.21288683107,0.0865898893859,False,False,biological animal
double_occurrence,Ocurrencia espacial de núcleos dobles c-FOS y NPY positivos / núcleos DAPI,1197,WATER_NPY3;E9_FR8-1;E8_FR6-3,E7_FR7-1;E7_FR7-5;E8_FR6-1,WATER_NPY1;WATER_NPY2;E8_FR6-4,0.462725849852,0.169855348373,0.138379859903,0.19807342628,False,False,biological animal
double_occurrence,Ocurrencia espacial de núcleos dobles c-FOS y NPY positivos / núcleos DAPI,1198,WATER_NPY3;E9_FR8-1;E8_FR6-3,E7_FR7-1;E7_FR7-5;E8_FR6-4,WATER_NPY1;WATER_NPY2;E8_FR6-1,0.189088219923,0.169855348373,0.152185747168,0.191194172945,False,False,biological animal
double_occurrence,Ocurrencia espacial de núcleos dobles c-FOS y NPY positivos / núcleos DAPI,1199,WATER_NPY3;E9_FR8-1;E8_FR6-3,E7_FR7-1;E8_FR6-1;E8_FR6-4,WATER_NPY1;WATER_NPY2;E7_FR7-5,0.521026347614,0.169855348373,0.149326862479,0.119431352468,False,False,biological animal
double_occurrence,Ocurrencia espacial de núcleos dobles c-FOS y NPY positivos / núcleos DAPI,1200,WATER_NPY3;E9_FR8-1;E8_FR6-3,E7_FR7-5;E8_FR6-1;E8_FR6-4,WATER_NPY1;WATER_NPY2;E7_FR7-1,0.499943309552,0.169855348373,0.144009708277,0.121286934055,False,False,biological animal
double_occurrence,Ocurrencia espacial de núcleos dobles c-FOS y NPY positivos / núcleos DAPI,1201,WATER_NPY3;E9_FR8-1;E8_FR6-4,WATER_NPY1;WATER_NPY2;E7_FR7-1,E7_FR7-5;E8_FR6-1;E8_FR6-3,1.29365203239,0.19720973801,0.121286934055,0.12772716793,False,False,biological animal
double_occurrence,Ocurrencia espacial de núcleos dobles c-FOS y NPY positivos / núcleos DAPI,1202,WATER_NPY3;E9_FR8-1;E8_FR6-4,WATER_NPY1;WATER_NPY2;E7_FR7-5,E7_FR7-1;E8_FR6-1;E8_FR6-3,1.19793814596,0.19720973801,0.119431352468,0.133615610223,False,False,biological animal
double_occurrence,Ocurrencia espacial de núcleos dobles c-FOS y NPY positivos / núcleos DAPI,1203,WATER_NPY3;E9_FR8-1;E8_FR6-4,WATER_NPY1;WATER_NPY2;E8_FR6-1,E7_FR7-1;E7_FR7-5;E8_FR6-3,0.808907534195,0.19720973801,0.191194172945,0.123004150611,False,False,biological animal
double_occurrence,Ocurrencia espacial de núcleos dobles c-FOS y NPY positivos / núcleos DAPI,1204,WATER_NPY3;E9_FR8-1;E8_FR6-4,WATER_NPY1;WATER_NPY2;E8_FR6-3,E7_FR7-1;E7_FR7-5;E8_FR6-1,0.42849649808,0.19720973801,0.171685790996,0.138379859903,False,False,biological animal
double_occurrence,Ocurrencia espacial de núcleos dobles c-FOS y NPY positivos / núcleos DAPI,1205,WATER_NPY3;E9_FR8-1;E8_FR6-4,WATER_NPY1;E7_FR7-1;E7_FR7-5,WATER_NPY2;E8_FR6-1;E8_FR6-3,2.0336997767,0.19720973801,0.0865898893859,0.198469505102,False,False,biological animal
double_occurrence,Ocurrencia espacial de núcleos dobles c-FOS y NPY positivos / núcleos DAPI,1206,WATER_NPY3;E9_FR8-1;E8_FR6-4,WATER_NPY1;E7_FR7-1;E8_FR6-1,WATER_NPY2;E7_FR7-5;E8_FR6-3,0.171870943085,0.19720973801,0.163314876386,0.173496371672,False,False,biological animal
double_occurrence,Ocurrencia espacial de núcleos dobles c-FOS y NPY positivos / núcleos DAPI,1207,WATER_NPY3;E9_FR8-1;E8_FR6-4,WATER_NPY1;E7_FR7-1;E8_FR6-3,WATER_NPY2;E7_FR7-5;E8_FR6-1,0.379223489135,0.19720973801,0.146373399917,0.188090026854,False,False,biological animal
double_occurrence,Ocurrencia espacial de núcleos dobles c-FOS y NPY positivos / núcleos DAPI,1208,WATER_NPY3;E9_FR8-1;E8_FR6-4,WATER_NPY1;E7_FR7-5;E8_FR6-1,WATER_NPY2;E7_FR7-1;E8_FR6-3,0.23581584917,0.19720973801,0.155933607873,0.173146250586,False,False,biological animal
double_occurrence,Ocurrencia espacial de núcleos dobles c-FOS y NPY positivos / núcleos DAPI,1209,WATER_NPY3;E9_FR8-1;E8_FR6-4,WATER_NPY1;E7_FR7-5;E8_FR6-3,WATER_NPY2;E7_FR7-1;E8_FR6-1,0.498428570273,0.19720973801,0.138969047947,0.188274015115,False,False,biological animal
double_occurrence,Ocurrencia espacial de núcleos dobles c-FOS y NPY positivos / núcleos DAPI,1210,WATER_NPY3;E9_FR8-1;E8_FR6-4,WATER_NPY1;E8_FR6-1;E8_FR6-3,WATER_NPY2;E7_FR7-1;E7_FR7-5,1.38860485912,0.19720973801,0.135998653466,0.102734475655,False,False,biological animal
double_occurrence,Ocurrencia espacial de núcleos dobles c-FOS y NPY positivos / núcleos DAPI,1211,WATER_NPY3;E9_FR8-1;E8_FR6-4,WATER_NPY2;E7_FR7-1;E7_FR7-5,WATER_NPY1;E8_FR6-1;E8_FR6-3,1.38860485912,0.19720973801,0.102734475655,0.135998653466,False,False,biological animal
double_occurrence,Ocurrencia espacial de núcleos dobles c-FOS y NPY positivos / núcleos DAPI,1212,WATER_NPY3;E9_FR8-1;E8_FR6-4,WATER_NPY2;E7_FR7-1;E8_FR6-1,WATER_NPY1;E7_FR7-5;E8_FR6-3,0.498428570273,0.19720973801,0.188274015115,0.138969047947,False,False,biological animal
double_occurrence,Ocurrencia espacial de núcleos dobles c-FOS y NPY positivos / núcleos DAPI,1213,WATER_NPY3;E9_FR8-1;E8_FR6-4,WATER_NPY2;E7_FR7-1;E8_FR6-3,WATER_NPY1;E7_FR7-5;E8_FR6-1,0.23581584917,0.19720973801,0.173146250586,0.155933607873,False,False,biological animal
double_occurrence,Ocurrencia espacial de núcleos dobles c-FOS y NPY positivos / núcleos DAPI,1214,WATER_NPY3;E9_FR8-1;E8_FR6-4,WATER_NPY2;E7_FR7-5;E8_FR6-1,WATER_NPY1;E7_FR7-1;E8_FR6-3,0.379223489135,0.19720973801,0.188090026854,0.146373399917,False,False,biological animal
double_occurrence,Ocurrencia espacial de núcleos dobles c-FOS y NPY positivos / núcleos DAPI,1215,WATER_NPY3;E9_FR8-1;E8_FR6-4,WATER_NPY2;E7_FR7-5;E8_FR6-3,WATER_NPY1;E7_FR7-1;E8_FR6-1,0.171870943085,0.19720973801,0.173496371672,0.163314876386,False,False,biological animal
double_occurrence,Ocurrencia espacial de núcleos dobles c-FOS y NPY positivos / núcleos DAPI,1216,WATER_NPY3;E9_FR8-1;E8_FR6-4,WATER_NPY2;E8_FR6-1;E8_FR6-3,WATER_NPY1;E7_FR7-1;E7_FR7-5,2.0336997767,0.19720973801,0.198469505102,0.0865898893859,False,False,biological animal
double_occurrence,Ocurrencia espacial de núcleos dobles c-FOS y NPY positivos / núcleos DAPI,1217,WATER_NPY3;E9_FR8-1;E8_FR6-4,E7_FR7-1;E7_FR7-5;E8_FR6-1,WATER_NPY1;WATER_NPY2;E8_FR6-3,0.42849649808,0.19720973801,0.138379859903,0.171685790996,False,False,biological animal
double_occurrence,Ocurrencia espacial de núcleos dobles c-FOS y NPY positivos / núcleos DAPI,1218,WATER_NPY3;E9_FR8-1;E8_FR6-4,E7_FR7-1;E7_FR7-5;E8_FR6-3,WATER_NPY1;WATER_NPY2;E8_FR6-1,0.808907534195,0.19720973801,0.123004150611,0.191194172945,False,False,biological animal
double_occurrence,Ocurrencia espacial de núcleos dobles c-FOS y NPY positivos / núcleos DAPI,1219,WATER_NPY3;E9_FR8-1;E8_FR6-4,E7_FR7-1;E8_FR6-1;E8_FR6-3,WATER_NPY1;WATER_NPY2;E7_FR7-5,1.19793814596,0.19720973801,0.133615610223,0.119431352468,False,False,biological animal
double_occurrence,Ocurrencia espacial de núcleos dobles c-FOS y NPY positivos / núcleos DAPI,1220,WATER_NPY3;E9_FR8-1;E8_FR6-4,E7_FR7-5;E8_FR6-1;E8_FR6-3,WATER_NPY1;WATER_NPY2;E7_FR7-1,1.29365203239,0.19720973801,0.12772716793,0.121286934055,False,False,biological animal
double_occurrence,Ocurrencia espacial de núcleos dobles c-FOS y NPY positivos / núcleos DAPI,1221,WATER_NPY3;E8_FR6-1;E8_FR6-3,WATER_NPY1;WATER_NPY2;E7_FR7-1,E7_FR7-5;E9_FR8-1;E8_FR6-4,1.17694959573,0.198889589098,0.121286934055,0.168590636599,False,False,biological animal
double_occurrence,Ocurrencia espacial de núcleos dobles c-FOS y NPY positivos / núcleos DAPI,1222,WATER_NPY3;E8_FR6-1;E8_FR6-3,WATER_NPY1;WATER_NPY2;E7_FR7-5,E7_FR7-1;E9_FR8-1;E8_FR6-4,1.11619068465,0.198889589098,0.119431352468,0.165278911965,False,False,biological animal
double_occurrence,Ocurrencia espacial de núcleos dobles c-FOS y NPY positivos / núcleos DAPI,1223,WATER_NPY3;E8_FR6-1;E8_FR6-3,WATER_NPY1;WATER_NPY2;E9_FR8-1,E7_FR7-1;E7_FR7-5;E8_FR6-4,0.983624318335,0.198889589098,0.12876801347,0.152185747168,False,False,biological animal
double_occurrence,Ocurrencia espacial de núcleos dobles c-FOS y NPY positivos / núcleos DAPI,1224,WATER_NPY3;E8_FR6-1;E8_FR6-3,WATER_NPY1;WATER_NPY2;E8_FR6-4,E7_FR7-1;E7_FR7-5;E9_FR8-1,4.37372081595,0.198889589098,0.19807342628,0.0484435865182,False,False,biological animal
double_occurrence,Ocurrencia espacial de núcleos dobles c-FOS y NPY positivos / núcleos DAPI,1225,WATER_NPY3;E8_FR6-1;E8_FR6-3,WATER_NPY1;E7_FR7-1;E7_FR7-5,WATER_NPY2;E9_FR8-1;E8_FR6-4,2.89484588943,0.198889589098,0.0865898893859,0.20831294713,False,False,biological animal
double_occurrence,Ocurrencia espacial de núcleos dobles c-FOS y NPY positivos / núcleos DAPI,1226,WATER_NPY3;E8_FR6-1;E8_FR6-3,WATER_NPY1;E7_FR7-1;E9_FR8-1,WATER_NPY2;E7_FR7-5;E8_FR6-4,1.64206175813,0.198889589098,0.104490056246,0.198563040697,False,False,biological animal
double_occurrence,Ocurrencia espacial de núcleos dobles c-FOS y NPY positivos / núcleos DAPI,1227,WATER_NPY3;E8_FR6-1;E8_FR6-3,WATER_NPY1;E7_FR7-1;E8_FR6-4,WATER_NPY2;E7_FR7-5;E9_FR8-1,1.86837545864,0.198889589098,0.173245915208,0.110905650498,False,False,biological animal
double_occurrence,Ocurrencia espacial de núcleos dobles c-FOS y NPY positivos / núcleos DAPI,1228,WATER_NPY3;E8_FR6-1;E8_FR6-3,WATER_NPY1;E7_FR7-5;E9_FR8-1,WATER_NPY2;E7_FR7-1;E8_FR6-4,1.57576944919,0.198889589098,0.106809323416,0.197966458753,False,False,biological animal
double_occurrence,Ocurrencia espacial de núcleos dobles c-FOS y NPY positivos / núcleos DAPI,1229,WATER_NPY3;E8_FR6-1;E8_FR6-3,WATER_NPY1;E7_FR7-5;E8_FR6-4,WATER_NPY2;E7_FR7-1;E9_FR8-1,2.16175836739,0.198889589098,0.166838620176,0.0994011394723,False,False,biological animal
double_occurrence,Ocurrencia espacial de núcleos dobles c-FOS y NPY positivos / núcleos DAPI,1230,WATER_NPY3;E8_FR6-1;E8_FR6-3,WATER_NPY1;E9_FR8-1;E8_FR6-4,WATER_NPY2;E7_FR7-1;E7_FR7-5,2.42145485994,0.198889589098,0.19101882901,0.102734475655,False,False,biological animal
double_occurrence,Ocurrencia espacial de núcleos dobles c-FOS y NPY positivos / núcleos DAPI,1231,WATER_NPY3;E8_FR6-1;E8_FR6-3,WATER_NPY2;E7_FR7-1;E7_FR7-5,WATER_NPY1;E9_FR8-1;E8_FR6-4,2.42145485994,0.198889589098,0.102734475655,0.19101882901,False,False,biological animal
double_occurrence,Ocurrencia espacial de núcleos dobles c-FOS y NPY positivos / núcleos DAPI,1232,WATER_NPY3;E8_FR6-1;E8_FR6-3,WATER_NPY2;E7_FR7-1;E9_FR8-1,WATER_NPY1;E7_FR7-5;E8_FR6-4,2.16175836739,0.198889589098,0.0994011394723,0.166838620176,False,False,biological animal
double_occurrence,Ocurrencia espacial de núcleos dobles c-FOS y NPY positivos / núcleos DAPI,1233,WATER_NPY3;E8_FR6-1;E8_FR6-3,WATER_NPY2;E7_FR7-1;E8_FR6-4,WATER_NPY1;E7_FR7-5;E9_FR8-1,1.57576944919,0.198889589098,0.197966458753,0.106809323416,False,False,biological animal
double_occurrence,Ocurrencia espacial de núcleos dobles c-FOS y NPY positivos / núcleos DAPI,1234,WATER_NPY3;E8_FR6-1;E8_FR6-3,WATER_NPY2;E7_FR7-5;E9_FR8-1,WATER_NPY1;E7_FR7-1;E8_FR6-4,1.86837545864,0.198889589098,0.110905650498,0.173245915208,False,False,biological animal
double_occurrence,Ocurrencia espacial de núcleos dobles c-FOS y NPY positivos / núcleos DAPI,1235,WATER_NPY3;E8_FR6-1;E8_FR6-3,WATER_NPY2;E7_FR7-5;E8_FR6-4,WATER_NPY1;E7_FR7-1;E9_FR8-1,1.64206175813,0.198889589098,0.198563040697,0.104490056246,False,False,biological animal
double_occurrence,Ocurrencia espacial de núcleos dobles c-FOS y NPY positivos / núcleos DAPI,1236,WATER_NPY3;E8_FR6-1;E8_FR6-3,WATER_NPY2;E9_FR8-1;E8_FR6-4,WATER_NPY1;E7_FR7-1;E7_FR7-5,2.89484588943,0.198889589098,0.20831294713,0.0865898893859,False,False,biological animal
double_occurrence,Ocurrencia espacial de núcleos dobles c-FOS y NPY positivos / núcleos DAPI,1237,WATER_NPY3;E8_FR6-1;E8_FR6-3,E7_FR7-1;E7_FR7-5;E9_FR8-1,WATER_NPY1;WATER_NPY2;E8_FR6-4,4.37372081595,0.198889589098,0.0484435865182,0.19807342628,False,False,biological animal
double_occurrence,Ocurrencia espacial de núcleos dobles c-FOS y NPY positivos / núcleos DAPI,1238,WATER_NPY3;E8_FR6-1;E8_FR6-3,E7_FR7-1;E7_FR7-5;E8_FR6-4,WATER_NPY1;WATER_NPY2;E9_FR8-1,0.983624318335,0.198889589098,0.152185747168,0.12876801347,False,False,biological animal
double_occurrence,Ocurrencia espacial de núcleos dobles c-FOS y NPY positivos / núcleos DAPI,1239,WATER_NPY3;E8_FR6-1;E8_FR6-3,E7_FR7-1;E9_FR8-1;E8_FR6-4,WATER_NPY1;WATER_NPY2;E7_FR7-5,1.11619068465,0.198889589098,0.165278911965,0.119431352468,False,False,biological animal
double_occurrence,Ocurrencia espacial de núcleos dobles c-FOS y NPY positivos / núcleos DAPI,1240,WATER_NPY3;E8_FR6-1;E8_FR6-3,E7_FR7-5;E9_FR8-1;E8_FR6-4,WATER_NPY1;WATER_NPY2;E7_FR7-1,1.17694959573,0.198889589098,0.168590636599,0.121286934055,False,False,biological animal
double_occurrence,Ocurrencia espacial de núcleos dobles c-FOS y NPY positivos / núcleos DAPI,1241,WATER_NPY3;E8_FR6-1;E8_FR6-4,WATER_NPY1;WATER_NPY2;E7_FR7-1,E7_FR7-5;E9_FR8-1;E8_FR6-3,1.97355351864,0.214423236895,0.121286934055,0.14113420508,False,False,biological animal
double_occurrence,Ocurrencia espacial de núcleos dobles c-FOS y NPY positivos / núcleos DAPI,1242,WATER_NPY3;E8_FR6-1;E8_FR6-4,WATER_NPY1;WATER_NPY2;E7_FR7-5,E7_FR7-1;E9_FR8-1;E8_FR6-3,1.90499973164,0.214423236895,0.119431352468,0.137496356749,False,False,biological animal
double_occurrence,Ocurrencia espacial de núcleos dobles c-FOS y NPY positivos / núcleos DAPI,1243,WATER_NPY3;E8_FR6-1;E8_FR6-4,WATER_NPY1;WATER_NPY2;E9_FR8-1,E7_FR7-1;E7_FR7-5;E8_FR6-3,2.17491077841,0.214423236895,0.12876801347,0.123004150611,False,False,biological animal
double_occurrence,Ocurrencia espacial de núcleos dobles c-FOS y NPY positivos / núcleos DAPI,1244,WATER_NPY3;E8_FR6-1;E8_FR6-4,WATER_NPY1;WATER_NPY2;E8_FR6-3,E7_FR7-1;E7_FR7-5;E9_FR8-1,4.5099615255,0.214423236895,0.171685790996,0.0484435865182,False,False,biological animal
double_occurrence,Ocurrencia espacial de núcleos dobles c-FOS y NPY positivos / núcleos DAPI,1245,WATER_NPY3;E8_FR6-1;E8_FR6-4,WATER_NPY1;E7_FR7-1;E7_FR7-5,WATER_NPY2;E9_FR8-1;E8_FR6-3,3.01668118998,0.214423236895,0.0865898893859,0.183922314028,False,False,biological animal
double_occurrence,Ocurrencia espacial de núcleos dobles c-FOS y NPY positivos / núcleos DAPI,1246,WATER_NPY3;E8_FR6-1;E8_FR6-4,WATER_NPY1;E7_FR7-1;E9_FR8-1,WATER_NPY2;E7_FR7-5;E8_FR6-3,1.79615150579,0.214423236895,0.104490056246,0.173496371672,False,False,biological animal
double_occurrence,Ocurrencia espacial de núcleos dobles c-FOS y NPY positivos / núcleos DAPI,1247,WATER_NPY3;E8_FR6-1;E8_FR6-4,WATER_NPY1;E7_FR7-1;E8_FR6-3,WATER_NPY2;E7_FR7-5;E9_FR8-1,2.6560210567,0.214423236895,0.146373399917,0.110905650498,False,False,biological animal
double_occurrence,Ocurrencia espacial de núcleos dobles c-FOS y NPY positivos / núcleos DAPI,1248,WATER_NPY3;E8_FR6-1;E8_FR6-4,WATER_NPY1;E7_FR7-5;E9_FR8-1,WATER_NPY2;E7_FR7-1;E8_FR6-3,1.75594598113,0.214423236895,0.106809323416,0.173146250586,False,False,biological animal
double_occurrence,Ocurrencia espacial de núcleos dobles c-FOS y NPY positivos / núcleos DAPI,1249,WATER_NPY3;E8_FR6-1;E8_FR6-4,WATER_NPY1;E7_FR7-5;E8_FR6-3,WATER_NPY2;E7_FR7-1;E9_FR8-1,3.04377051507,0.214423236895,0.138969047947,0.0994011394723,False,False,biological animal
double_occurrence,Ocurrencia espacial de núcleos dobles c-FOS y NPY positivos / núcleos DAPI,1250,WATER_NPY3;E8_FR6-1;E8_FR6-4,WATER_NPY1;E9_FR8-1;E8_FR6-3,WATER_NPY2;E7_FR7-1;E7_FR7-5,2.72772976569,0.214423236895,0.165326588668,0.102734475655,False,False,biological animal
double_occurrence,Ocurrencia espacial de núcleos dobles c-FOS y NPY positivos / núcleos DAPI,1251,WATER_NPY3;E8_FR6-1;E8_FR6-4,WATER_NPY2;E7_FR7-1;E7_FR7-5,WATER_NPY1;E9_FR8-1;E8_FR6-3,2.72772976569,0.214423236895,0.102734475655,0.165326588668,False,False,biological animal
double_occurrence,Ocurrencia espacial de núcleos dobles c-FOS y NPY positivos / núcleos DAPI,1252,WATER_NPY3;E8_FR6-1;E8_FR6-4,WATER_NPY2;E7_FR7-1;E9_FR8-1,WATER_NPY1;E7_FR7-5;E8_FR6-3,3.04377051507,0.214423236895,0.0994011394723,0.138969047947,False,False,biological animal
double_occurrence,Ocurrencia espacial de núcleos dobles c-FOS y NPY positivos / núcleos DAPI,1253,WATER_NPY3;E8_FR6-1;E8_FR6-4,WATER_NPY2;E7_FR7-1;E8_FR6-3,WATER_NPY1;E7_FR7-5;E9_FR8-1,1.75594598113,0.214423236895,0.173146250586,0.106809323416,False,False,biological animal
double_occurrence,Ocurrencia espacial de núcleos dobles c-FOS y NPY positivos / núcleos DAPI,1254,WATER_NPY3;E8_FR6-1;E8_FR6-4,WATER_NPY2;E7_FR7-5;E9_FR8-1,WATER_NPY1;E7_FR7-1;E8_FR6-3,2.6560210567,0.214423236895,0.110905650498,0.146373399917,False,False,biological animal
double_occurrence,Ocurrencia espacial de núcleos dobles c-FOS y NPY positivos / núcleos DAPI,1255,WATER_NPY3;E8_FR6-1;E8_FR6-4,WATER_NPY2;E7_FR7-5;E8_FR6-3,WATER_NPY1;E7_FR7-1;E9_FR8-1,1.79615150579,0.214423236895,0.173496371672,0.104490056246,False,False,biological animal
double_occurrence,Ocurrencia espacial de núcleos dobles c-FOS y NPY positivos / núcleos DAPI,1256,WATER_NPY3;E8_FR6-1;E8_FR6-4,WATER_NPY2;E9_FR8-1;E8_FR6-3,WATER_NPY1;E7_FR7-1;E7_FR7-5,3.01668118998,0.214423236895,0.183922314028,0.0865898893859,False,False,biological animal
double_occurrence,Ocurrencia espacial de núcleos dobles c-FOS y NPY positivos / núcleos DAPI,1257,WATER_NPY3;E8_FR6-1;E8_FR6-4,E7_FR7-1;E7_FR7-5;E9_FR8-1,WATER_NPY1;WATER_NPY2;E8_FR6-3,4.5099615255,0.214423236895,0.0484435865182,0.171685790996,False,False,biological animal
double_occurrence,Ocurrencia espacial de núcleos dobles c-FOS y NPY positivos / núcleos DAPI,1258,WATER_NPY3;E8_FR6-1;E8_FR6-4,E7_FR7-1;E7_FR7-5;E8_FR6-3,WATER_NPY1;WATER_NPY2;E9_FR8-1,2.17491077841,0.214423236895,0.123004150611,0.12876801347,False,False,biological animal
double_occurrence,Ocurrencia espacial de núcleos dobles c-FOS y NPY positivos / núcleos DAPI,1259,WATER_NPY3;E8_FR6-1;E8_FR6-4,E7_FR7-1;E9_FR8-1;E8_FR6-3,WATER_NPY1;WATER_NPY2;E7_FR7-5,1.90499973164,0.214423236895,0.137496356749,0.119431352468,False,False,biological animal
double_occurrence,Ocurrencia espacial de núcleos dobles c-FOS y NPY positivos / núcleos DAPI,1260,WATER_NPY3;E8_FR6-1;E8_FR6-4,E7_FR7-5;E9_FR8-1;E8_FR6-3,WATER_NPY1;WATER_NPY2;E7_FR7-1,1.97355351864,0.214423236895,0.14113420508,0.121286934055,False,False,biological animal
double_occurrence,Ocurrencia espacial de núcleos dobles c-FOS y NPY positivos / núcleos DAPI,1261,WATER_NPY3;E8_FR6-3;E8_FR6-4,WATER_NPY1;WATER_NPY2;E7_FR7-1,E7_FR7-5;E9_FR8-1;E8_FR6-1,1.32895266921,0.205298255629,0.121286934055,0.155483249123,False,False,biological animal
double_occurrence,Ocurrencia espacial de núcleos dobles c-FOS y NPY positivos / núcleos DAPI,1262,WATER_NPY3;E8_FR6-3;E8_FR6-4,WATER_NPY1;WATER_NPY2;E7_FR7-5,E7_FR7-1;E9_FR8-1;E8_FR6-1,1.2844780413,0.205298255629,0.119431352468,0.152637389372,False,False,biological animal
double_occurrence,Ocurrencia espacial de núcleos dobles c-FOS y NPY positivos / núcleos DAPI,1263,WATER_NPY3;E8_FR6-3;E8_FR6-4,WATER_NPY1;WATER_NPY2;E9_FR8-1,E7_FR7-1;E7_FR7-5;E8_FR6-1,1.30880597224,0.205298255629,0.12876801347,0.138379859903,False,False,biological animal
double_occurrence,Ocurrencia espacial de núcleos dobles c-FOS y NPY positivos / núcleos DAPI,1264,WATER_NPY3;E8_FR6-3;E8_FR6-4,WATER_NPY1;WATER_NPY2;E8_FR6-1,E7_FR7-1;E7_FR7-5;E9_FR8-1,4.09562157088,0.205298255629,0.191194172945,0.0484435865182,False,False,biological animal
double_occurrence,Ocurrencia espacial de núcleos dobles c-FOS y NPY positivos / núcleos DAPI,1265,WATER_NPY3;E8_FR6-3;E8_FR6-4,WATER_NPY1;E7_FR7-1;E7_FR7-5,WATER_NPY2;E9_FR8-1;E8_FR6-1,2.61269096136,0.205298255629,0.0865898893859,0.199556872872,False,False,biological animal
double_occurrence,Ocurrencia espacial de núcleos dobles c-FOS y NPY positivos / núcleos DAPI,1266,WATER_NPY3;E8_FR6-3;E8_FR6-4,WATER_NPY1;E7_FR7-1;E9_FR8-1,WATER_NPY2;E7_FR7-5;E8_FR6-1,1.44500397665,0.205298255629,0.104490056246,0.188090026854,False,False,biological animal
double_occurrence,Ocurrencia espacial de núcleos dobles c-FOS y NPY positivos / núcleos DAPI,1267,WATER_NPY3;E8_FR6-3;E8_FR6-4,WATER_NPY1;E7_FR7-1;E8_FR6-1,WATER_NPY2;E7_FR7-5;E9_FR8-1,1.93083048359,0.205298255629,0.163314876386,0.110905650498,False,False,biological animal
double_occurrence,Ocurrencia espacial de núcleos dobles c-FOS y NPY positivos / núcleos DAPI,1268,WATER_NPY3;E8_FR6-3;E8_FR6-4,WATER_NPY1;E7_FR7-5;E9_FR8-1,WATER_NPY2;E7_FR7-1;E8_FR6-1,1.41124151452,0.205298255629,0.106809323416,0.188274015115,False,False,biological animal
double_occurrence,Ocurrencia espacial de núcleos dobles c-FOS y NPY positivos / núcleos DAPI,1269,WATER_NPY3;E8_FR6-3;E8_FR6-4,WATER_NPY1;E7_FR7-5;E8_FR6-1,WATER_NPY2;E7_FR7-1;E9_FR8-1,2.2357862478,0.205298255629,0.155933607873,0.0994011394723,False,False,biological animal
double_occurrence,Ocurrencia espacial de núcleos dobles c-FOS y NPY positivos / núcleos DAPI,1270,WATER_NPY3;E8_FR6-3;E8_FR6-4,WATER_NPY1;E9_FR8-1;E8_FR6-1,WATER_NPY2;E7_FR7-1;E7_FR7-5,2.34309630981,0.205298255629,0.181725944297,0.102734475655,False,False,biological animal
double_occurrence,Ocurrencia espacial de núcleos dobles c-FOS y NPY positivos / núcleos DAPI,1271,WATER_NPY3;E8_FR6-3;E8_FR6-4,WATER_NPY2;E7_FR7-1;E7_FR7-5,WATER_NPY1;E9_FR8-1;E8_FR6-1,2.34309630981,0.205298255629,0.102734475655,0.181725944297,False,False,biological animal
double_occurrence,Ocurrencia espacial de núcleos dobles c-FOS y NPY positivos / núcleos DAPI,1272,WATER_NPY3;E8_FR6-3;E8_FR6-4,WATER_NPY2;E7_FR7-1;E9_FR8-1,WATER_NPY1;E7_FR7-5;E8_FR6-1,2.2357862478,0.205298255629,0.0994011394723,0.155933607873,False,False,biological animal
double_occurrence,Ocurrencia espacial de núcleos dobles c-FOS y NPY positivos / núcleos DAPI,1273,WATER_NPY3;E8_FR6-3;E8_FR6-4,WATER_NPY2;E7_FR7-1;E8_FR6-1,WATER_NPY1;E7_FR7-5;E9_FR8-1,1.41124151452,0.205298255629,0.188274015115,0.106809323416,False,False,biological animal
double_occurrence,Ocurrencia espacial de núcleos dobles c-FOS y NPY positivos / núcleos DAPI,1274,WATER_NPY3;E8_FR6-3;E8_FR6-4,WATER_NPY2;E7_FR7-5;E9_FR8-1,WATER_NPY1;E7_FR7-1;E8_FR6-1,1.93083048359,0.205298255629,0.110905650498,0.163314876386,False,False,biological animal
double_occurrence,Ocurrencia espacial de núcleos dobles c-FOS y NPY positivos / núcleos DAPI,1275,WATER_NPY3;E8_FR6-3;E8_FR6-4,WATER_NPY2;E7_FR7-5;E8_FR6-1,WATER_NPY1;E7_FR7-1;E9_FR8-1,1.44500397665,0.205298255629,0.188090026854,0.104490056246,False,False,biological animal
double_occurrence,Ocurrencia espacial de núcleos dobles c-FOS y NPY positivos / núcleos DAPI,1276,WATER_NPY3;E8_FR6-3;E8_FR6-4,WATER_NPY2;E9_FR8-1;E8_FR6-1,WATER_NPY1;E7_FR7-1;E7_FR7-5,2.61269096136,0.205298255629,0.199556872872,0.0865898893859,False,False,biological animal
double_occurrence,Ocurrencia espacial de núcleos dobles c-FOS y NPY positivos / núcleos DAPI,1277,WATER_NPY3;E8_FR6-3;E8_FR6-4,E7_FR7-1;E7_FR7-5;E9_FR8-1,WATER_NPY1;WATER_NPY2;E8_FR6-1,4.09562157088,0.205298255629,0.0484435865182,0.191194172945,False,False,biological animal
double_occurrence,Ocurrencia espacial de núcleos dobles c-FOS y NPY positivos / núcleos DAPI,1278,WATER_NPY3;E8_FR6-3;E8_FR6-4,E7_FR7-1;E7_FR7-5;E8_FR6-1,WATER_NPY1;WATER_NPY2;E9_FR8-1,1.30880597224,0.205298255629,0.138379859903,0.12876801347,False,False,biological animal
double_occurrence,Ocurrencia espacial de núcleos dobles c-FOS y NPY positivos / núcleos DAPI,1279,WATER_NPY3;E8_FR6-3;E8_FR6-4,E7_FR7-1;E9_FR8-1;E8_FR6-1,WATER_NPY1;WATER_NPY2;E7_FR7-5,1.2844780413,0.205298255629,0.152637389372,0.119431352468,False,False,biological animal
double_occurrence,Ocurrencia espacial de núcleos dobles c-FOS y NPY positivos / núcleos DAPI,1280,WATER_NPY3;E8_FR6-3;E8_FR6-4,E7_FR7-5;E9_FR8-1;E8_FR6-1,WATER_NPY1;WATER_NPY2;E7_FR7-1,1.32895266921,0.205298255629,0.155483249123,0.121286934055,False,False,biological animal
double_occurrence,Ocurrencia espacial de núcleos dobles c-FOS y NPY positivos / núcleos DAPI,1281,E7_FR7-1;E7_FR7-5;E9_FR8-1,WATER_NPY1;WATER_NPY2;WATER_NPY3,E8_FR6-1;E8_FR6-3;E8_FR6-4,8.48734236894,0.0484435865182,0.126769443242,0.0449807635238,False,True,biological animal
double_occurrence,Ocurrencia espacial de núcleos dobles c-FOS y NPY positivos / núcleos DAPI,1282,E7_FR7-1;E7_FR7-5;E9_FR8-1,WATER_NPY1;WATER_NPY2;E8_FR6-1,WATER_NPY3;E8_FR6-3;E8_FR6-4,4.09562157088,0.0484435865182,0.191194172945,0.205298255629,False,False,biological animal
double_occurrence,Ocurrencia espacial de núcleos dobles c-FOS y NPY positivos / núcleos DAPI,1283,E7_FR7-1;E7_FR7-5;E9_FR8-1,WATER_NPY1;WATER_NPY2;E8_FR6-3,WATER_NPY3;E8_FR6-1;E8_FR6-4,4.5099615255,0.0484435865182,0.171685790996,0.214423236895,False,False,biological animal
double_occurrence,Ocurrencia espacial de núcleos dobles c-FOS y NPY positivos / núcleos DAPI,1284,E7_FR7-1;E7_FR7-5;E9_FR8-1,WATER_NPY1;WATER_NPY2;E8_FR6-4,WATER_NPY3;E8_FR6-1;E8_FR6-3,4.37372081595,0.0484435865182,0.19807342628,0.198889589098,False,False,biological animal
double_occurrence,Ocurrencia espacial de núcleos dobles c-FOS y NPY positivos / núcleos DAPI,1285,E7_FR7-1;E7_FR7-5;E9_FR8-1,WATER_NPY1;WATER_NPY3;E8_FR6-1,WATER_NPY2;E8_FR6-3;E8_FR6-4,5.53539720156,0.0484435865182,0.204459423806,0.202039578345,False,False,biological animal
double_occurrence,Ocurrencia espacial de núcleos dobles c-FOS y NPY positivos / núcleos DAPI,1286,E7_FR7-1;E7_FR7-5;E9_FR8-1,WATER_NPY1;WATER_NPY3;E8_FR6-3,WATER_NPY2;E8_FR6-1;E8_FR6-4,5.75976127733,0.0484435865182,0.187316964493,0.21288683107,False,False,biological animal
double_occurrence,Ocurrencia espacial de núcleos dobles c-FOS y NPY positivos / núcleos DAPI,1287,E7_FR7-1;E7_FR7-5;E9_FR8-1,WATER_NPY1;WATER_NPY3;E8_FR6-4,WATER_NPY2;E8_FR6-1;E8_FR6-3,5.39860235918,0.0484435865182,0.213148665063,0.198469505102,False,False,biological animal
double_occurrence,Ocurrencia espacial de núcleos dobles c-FOS y NPY positivos / núcleos DAPI,1288,E7_FR7-1;E7_FR7-5;E9_FR8-1,WATER_NPY1;E8_FR6-1;E8_FR6-3,WATER_NPY2;WATER_NPY3;E8_FR6-4,6.35597189621,0.0484435865182,0.135998653466,0.226478873395,False,False,biological animal
double_occurrence,Ocurrencia espacial de núcleos dobles c-FOS y NPY positivos / núcleos DAPI,1289,E7_FR7-1;E7_FR7-5;E9_FR8-1,WATER_NPY1;E8_FR6-1;E8_FR6-4,WATER_NPY2;WATER_NPY3;E8_FR6-3,5.97255429301,0.0484435865182,0.153768483235,0.200661491111,False,False,biological animal
double_occurrence,Ocurrencia espacial de núcleos dobles c-FOS y NPY positivos / núcleos DAPI,1290,E7_FR7-1;E7_FR7-5;E9_FR8-1,WATER_NPY1;E8_FR6-3;E8_FR6-4,WATER_NPY2;WATER_NPY3;E8_FR6-1,5.84701056203,0.0484435865182,0.141378919362,0.218553257758,False,False,biological animal
double_occurrence,Ocurrencia espacial de núcleos dobles c-FOS y NPY positivos / núcleos DAPI,1291,E7_FR7-1;E7_FR7-5;E9_FR8-1,WATER_NPY2;WATER_NPY3;E8_FR6-1,WATER_NPY1;E8_FR6-3;E8_FR6-4,5.84701056203,0.0484435865182,0.218553257758,0.141378919362,False,False,biological animal
double_occurrence,Ocurrencia espacial de núcleos dobles c-FOS y NPY positivos / núcleos DAPI,1292,E7_FR7-1;E7_FR7-5;E9_FR8-1,WATER_NPY2;WATER_NPY3;E8_FR6-3,WATER_NPY1;E8_FR6-1;E8_FR6-4,5.97255429301,0.0484435865182,0.200661491111,0.153768483235,False,False,biological animal
double_occurrence,Ocurrencia espacial de núcleos dobles c-FOS y NPY positivos / núcleos DAPI,1293,E7_FR7-1;E7_FR7-5;E9_FR8-1,WATER_NPY2;WATER_NPY3;E8_FR6-4,WATER_NPY1;E8_FR6-1;E8_FR6-3,6.35597189621,0.0484435865182,0.226478873395,0.135998653466,False,False,biological animal
double_occurrence,Ocurrencia espacial de núcleos dobles c-FOS y NPY positivos / núcleos DAPI,1294,E7_FR7-1;E7_FR7-5;E9_FR8-1,WATER_NPY2;E8_FR6-1;E8_FR6-3,WATER_NPY1;WATER_NPY3;E8_FR6-4,5.39860235918,0.0484435865182,0.198469505102,0.213148665063,False,False,biological animal
double_occurrence,Ocurrencia espacial de núcleos dobles c-FOS y NPY positivos / núcleos DAPI,1295,E7_FR7-1;E7_FR7-5;E9_FR8-1,WATER_NPY2;E8_FR6-1;E8_FR6-4,WATER_NPY1;WATER_NPY3;E8_FR6-3,5.75976127733,0.0484435865182,0.21288683107,0.187316964493,False,False,biological animal
double_occurrence,Ocurrencia espacial de núcleos dobles c-FOS y NPY positivos / núcleos DAPI,1296,E7_FR7-1;E7_FR7-5;E9_FR8-1,WATER_NPY2;E8_FR6-3;E8_FR6-4,WATER_NPY1;WATER_NPY3;E8_FR6-1,5.53539720156,0.0484435865182,0.202039578345,0.204459423806,False,False,biological animal
double_occurrence,Ocurrencia espacial de núcleos dobles c-FOS y NPY positivos / núcleos DAPI,1297,E7_FR7-1;E7_FR7-5;E9_FR8-1,WATER_NPY3;E8_FR6-1;E8_FR6-3,WATER_NPY1;WATER_NPY2;E8_FR6-4,4.37372081595,0.0484435865182,0.198889589098,0.19807342628,False,False,biological animal
double_occurrence,Ocurrencia espacial de núcleos dobles c-FOS y NPY positivos / núcleos DAPI,1298,E7_FR7-1;E7_FR7-5;E9_FR8-1,WATER_NPY3;E8_FR6-1;E8_FR6-4,WATER_NPY1;WATER_NPY2;E8_FR6-3,4.5099615255,0.0484435865182,0.214423236895,0.171685790996,False,False,biological animal
double_occurrence,Ocurrencia espacial de núcleos dobles c-FOS y NPY positivos / núcleos DAPI,1299,E7_FR7-1;E7_FR7-5;E9_FR8-1,WATER_NPY3;E8_FR6-3;E8_FR6-4,WATER_NPY1;WATER_NPY2;E8_FR6-1,4.09562157088,0.0484435865182,0.205298255629,0.191194172945,False,False,biological animal
double_occurrence,Ocurrencia espacial de núcleos dobles c-FOS y NPY positivos / núcleos DAPI,1300,E7_FR7-1;E7_FR7-5;E9_FR8-1,E8_FR6-1;E8_FR6-3;E8_FR6-4,WATER_NPY1;WATER_NPY2;WATER_NPY3,8.48734236894,0.0484435865182,0.0449807635238,0.126769443242,False,True,biological animal
double_occurrence,Ocurrencia espacial de núcleos dobles c-FOS y NPY positivos / núcleos DAPI,1301,E7_FR7-1;E7_FR7-5;E8_FR6-1,WATER_NPY1;WATER_NPY2;WATER_NPY3,E9_FR8-1;E8_FR6-3;E8_FR6-4,0.302353171505,0.138379859903,0.126769443242,0.16219363963,False,False,biological animal
double_occurrence,Ocurrencia espacial de núcleos dobles c-FOS y NPY positivos / núcleos DAPI,1302,E7_FR7-1;E7_FR7-5;E8_FR6-1,WATER_NPY1;WATER_NPY2;E9_FR8-1,WATER_NPY3;E8_FR6-3;E8_FR6-4,1.30880597224,0.138379859903,0.12876801347,0.205298255629,False,False,biological animal
double_occurrence,Ocurrencia espacial de núcleos dobles c-FOS y NPY positivos / núcleos DAPI,1303,E7_FR7-1;E7_FR7-5;E8_FR6-1,WATER_NPY1;WATER_NPY2;E8_FR6-3,WATER_NPY3;E9_FR8-1;E8_FR6-4,0.42849649808,0.138379859903,0.171685790996,0.19720973801,False,False,biological animal
double_occurrence,Ocurrencia espacial de núcleos dobles c-FOS y NPY positivos / núcleos DAPI,1304,E7_FR7-1;E7_FR7-5;E8_FR6-1,WATER_NPY1;WATER_NPY2;E8_FR6-4,WATER_NPY3;E9_FR8-1;E8_FR6-3,0.462725849852,0.138379859903,0.19807342628,0.169855348373,False,False,biological animal
double_occurrence,Ocurrencia espacial de núcleos dobles c-FOS y NPY positivos / núcleos DAPI,1305,E7_FR7-1;E7_FR7-5;E8_FR6-1,WATER_NPY1;WATER_NPY3;E9_FR8-1,WATER_NPY2;E8_FR6-3;E8_FR6-4,1.15582984097,0.138379859903,0.126353808086,0.202039578345,False,False,biological animal
double_occurrence,Ocurrencia espacial de núcleos dobles c-FOS y NPY positivos / núcleos DAPI,1306,E7_FR7-1;E7_FR7-5;E8_FR6-1,WATER_NPY1;WATER_NPY3;E8_FR6-3,WATER_NPY2;E9_FR8-1;E8_FR6-4,0.945044782286,0.138379859903,0.187316964493,0.20831294713,False,False,biological animal
double_occurrence,Ocurrencia espacial de núcleos dobles c-FOS y NPY positivos / núcleos DAPI,1307,E7_FR7-1;E7_FR7-5;E8_FR6-1,WATER_NPY1;WATER_NPY3;E8_FR6-4,WATER_NPY2;E9_FR8-1;E8_FR6-3,1.03481488917,0.138379859903,0.213148665063,0.183922314028,False,False,biological animal
double_occurrence,Ocurrencia espacial de núcleos dobles c-FOS y NPY positivos / núcleos DAPI,1308,E7_FR7-1;E7_FR7-5;E8_FR6-1,WATER_NPY1;E9_FR8-1;E8_FR6-3,WATER_NPY2;WATER_NPY3;E8_FR6-4,1.80978511095,0.138379859903,0.165326588668,0.226478873395,False,False,biological animal
double_occurrence,Ocurrencia espacial de núcleos dobles c-FOS y NPY positivos / núcleos DAPI,1309,E7_FR7-1;E7_FR7-5;E8_FR6-1,WATER_NPY1;E9_FR8-1;E8_FR6-4,WATER_NPY2;WATER_NPY3;E8_FR6-3,1.11804042608,0.138379859903,0.19101882901,0.200661491111,False,False,biological animal
double_occurrence,Ocurrencia espacial de núcleos dobles c-FOS y NPY positivos / núcleos DAPI,1310,E7_FR7-1;E7_FR7-5;E8_FR6-1,WATER_NPY1;E8_FR6-3;E8_FR6-4,WATER_NPY2;WATER_NPY3;E9_FR8-1,0.722705827977,0.138379859903,0.141378919362,0.0949265387532,False,False,biological animal
double_occurrence,Ocurrencia espacial de núcleos dobles c-FOS y NPY positivos / núcleos DAPI,1311,E7_FR7-1;E7_FR7-5;E8_FR6-1,WATER_NPY2;WATER_NPY3;E9_FR8-1,WATER_NPY1;E8_FR6-3;E8_FR6-4,0.722705827977,0.138379859903,0.0949265387532,0.141378919362,False,False,biological animal
double_occurrence,Ocurrencia espacial de núcleos dobles c-FOS y NPY positivos / núcleos DAPI,1312,E7_FR7-1;E7_FR7-5;E8_FR6-1,WATER_NPY2;WATER_NPY3;E8_FR6-3,WATER_NPY1;E9_FR8-1;E8_FR6-4,1.11804042608,0.138379859903,0.200661491111,0.19101882901,False,False,biological animal
double_occurrence,Ocurrencia espacial de núcleos dobles c-FOS y NPY positivos / núcleos DAPI,1313,E7_FR7-1;E7_FR7-5;E8_FR6-1,WATER_NPY2;WATER_NPY3;E8_FR6-4,WATER_NPY1;E9_FR8-1;E8_FR6-3,1.80978511095,0.138379859903,0.226478873395,0.165326588668,False,False,biological animal
double_occurrence,Ocurrencia espacial de núcleos dobles c-FOS y NPY positivos / núcleos DAPI,1314,E7_FR7-1;E7_FR7-5;E8_FR6-1,WATER_NPY2;E9_FR8-1;E8_FR6-3,WATER_NPY1;WATER_NPY3;E8_FR6-4,1.03481488917,0.138379859903,0.183922314028,0.213148665063,False,False,biological animal
double_occurrence,Ocurrencia espacial de núcleos dobles c-FOS y NPY positivos / núcleos DAPI,1315,E7_FR7-1;E7_FR7-5;E8_FR6-1,WATER_NPY2;E9_FR8-1;E8_FR6-4,WATER_NPY1;WATER_NPY3;E8_FR6-3,0.945044782286,0.138379859903,0.20831294713,0.187316964493,False,False,biological animal
double_occurrence,Ocurrencia espacial de núcleos dobles c-FOS y NPY positivos / núcleos DAPI,1316,E7_FR7-1;E7_FR7-5;E8_FR6-1,WATER_NPY2;E8_FR6-3;E8_FR6-4,WATER_NPY1;WATER_NPY3;E9_FR8-1,1.15582984097,0.138379859903,0.202039578345,0.126353808086,False,False,biological animal
double_occurrence,Ocurrencia espacial de núcleos dobles c-FOS y NPY positivos / núcleos DAPI,1317,E7_FR7-1;E7_FR7-5;E8_FR6-1,WATER_NPY3;E9_FR8-1;E8_FR6-3,WATER_NPY1;WATER_NPY2;E8_FR6-4,0.462725849852,0.138379859903,0.169855348373,0.19807342628,False,False,biological animal
double_occurrence,Ocurrencia espacial de núcleos dobles c-FOS y NPY positivos / núcleos DAPI,1318,E7_FR7-1;E7_FR7-5;E8_FR6-1,WATER_NPY3;E9_FR8-1;E8_FR6-4,WATER_NPY1;WATER_NPY2;E8_FR6-3,0.42849649808,0.138379859903,0.19720973801,0.171685790996,False,False,biological animal
double_occurrence,Ocurrencia espacial de núcleos dobles c-FOS y NPY positivos / núcleos DAPI,1319,E7_FR7-1;E7_FR7-5;E8_FR6-1,WATER_NPY3;E8_FR6-3;E8_FR6-4,WATER_NPY1;WATER_NPY2;E9_FR8-1,1.30880597224,0.138379859903,0.205298255629,0.12876801347,False,False,biological animal
double_occurrence,Ocurrencia espacial de núcleos dobles c-FOS y NPY positivos / núcleos DAPI,1320,E7_FR7-1;E7_FR7-5;E8_FR6-1,E9_FR8-1;E8_FR6-3;E8_FR6-4,WATER_NPY1;WATER_NPY2;WATER_NPY3,0.302353171505,0.138379859903,0.16219363963,0.126769443242,False,False,biological animal
double_occurrence,Ocurrencia espacial de núcleos dobles c-FOS y NPY positivos / núcleos DAPI,1321,E7_FR7-1;E7_FR7-5;E8_FR6-3,WATER_NPY1;WATER_NPY2;WATER_NPY3,E9_FR8-1;E8_FR6-1;E8_FR6-4,0.717322562248,0.123004150611,0.126769443242,0.170114361786,False,False,biological animal
double_occurrence,Ocurrencia espacial de núcleos dobles c-FOS y NPY positivos / núcleos DAPI,1322,E7_FR7-1;E7_FR7-5;E8_FR6-3,WATER_NPY1;WATER_NPY2;E9_FR8-1,WATER_NPY3;E8_FR6-1;E8_FR6-4,2.17491077841,0.123004150611,0.12876801347,0.214423236895,False,False,biological animal
double_occurrence,Ocurrencia espacial de núcleos dobles c-FOS y NPY positivos / núcleos DAPI,1323,E7_FR7-1;E7_FR7-5;E8_FR6-3,WATER_NPY1;WATER_NPY2;E8_FR6-1,WATER_NPY3;E9_FR8-1;E8_FR6-4,0.808907534195,0.123004150611,0.191194172945,0.19720973801,False,False,biological animal
double_occurrence,Ocurrencia espacial de núcleos dobles c-FOS y NPY positivos / núcleos DAPI,1324,E7_FR7-1;E7_FR7-5;E8_FR6-3,WATER_NPY1;WATER_NPY2;E8_FR6-4,WATER_NPY3;E9_FR8-1;E8_FR6-1,0.804701123955,0.123004150611,0.19807342628,0.185083308782,False,False,biological animal
double_occurrence,Ocurrencia espacial de núcleos dobles c-FOS y NPY positivos / núcleos DAPI,1325,E7_FR7-1;E7_FR7-5;E8_FR6-3,WATER_NPY1;WATER_NPY3;E9_FR8-1,WATER_NPY2;E8_FR6-1;E8_FR6-4,1.94216285823,0.123004150611,0.126353808086,0.21288683107,False,False,biological animal
double_occurrence,Ocurrencia espacial de núcleos dobles c-FOS y NPY positivos / núcleos DAPI,1326,E7_FR7-1;E7_FR7-5;E8_FR6-3,WATER_NPY1;WATER_NPY3;E8_FR6-1,WATER_NPY2;E9_FR8-1;E8_FR6-4,1.71671933311,0.123004150611,0.204459423806,0.20831294713,False,False,biological animal
double_occurrence,Ocurrencia espacial de núcleos dobles c-FOS y NPY positivos / núcleos DAPI,1327,E7_FR7-1;E7_FR7-5;E8_FR6-3,WATER_NPY1;WATER_NPY3;E8_FR6-4,WATER_NPY2;E9_FR8-1;E8_FR6-1,1.58848237928,0.123004150611,0.213148665063,0.199556872872,False,False,biological animal
double_occurrence,Ocurrencia espacial de núcleos dobles c-FOS y NPY positivos / núcleos DAPI,1328,E7_FR7-1;E7_FR7-5;E8_FR6-3,WATER_NPY1;E9_FR8-1;E8_FR6-1,WATER_NPY2;WATER_NPY3;E8_FR6-4,2.47941332373,0.123004150611,0.181725944297,0.226478873395,False,False,biological animal
double_occurrence,Ocurrencia espacial de núcleos dobles c-FOS y NPY positivos / núcleos DAPI,1329,E7_FR7-1;E7_FR7-5;E8_FR6-3,WATER_NPY1;E9_FR8-1;E8_FR6-4,WATER_NPY2;WATER_NPY3;E8_FR6-1,2.2620946592,0.123004150611,0.19101882901,0.218553257758,False,False,biological animal
double_occurrence,Ocurrencia espacial de núcleos dobles c-FOS y NPY positivos / núcleos DAPI,1330,E7_FR7-1;E7_FR7-5;E8_FR6-3,WATER_NPY1;E8_FR6-1;E8_FR6-4,WATER_NPY2;WATER_NPY3;E9_FR8-1,1.11619110031,0.123004150611,0.153768483235,0.0949265387532,False,False,biological animal
double_occurrence,Ocurrencia espacial de núcleos dobles c-FOS y NPY positivos / núcleos DAPI,1331,E7_FR7-1;E7_FR7-5;E8_FR6-3,WATER_NPY2;WATER_NPY3;E9_FR8-1,WATER_NPY1;E8_FR6-1;E8_FR6-4,1.11619110031,0.123004150611,0.0949265387532,0.153768483235,False,False,biological animal
double_occurrence,Ocurrencia espacial de núcleos dobles c-FOS y NPY positivos / núcleos DAPI,1332,E7_FR7-1;E7_FR7-5;E8_FR6-3,WATER_NPY2;WATER_NPY3;E8_FR6-1,WATER_NPY1;E9_FR8-1;E8_FR6-4,2.2620946592,0.123004150611,0.218553257758,0.19101882901,False,False,biological animal
double_occurrence,Ocurrencia espacial de núcleos dobles c-FOS y NPY positivos / núcleos DAPI,1333,E7_FR7-1;E7_FR7-5;E8_FR6-3,WATER_NPY2;WATER_NPY3;E8_FR6-4,WATER_NPY1;E9_FR8-1;E8_FR6-1,2.47941332373,0.123004150611,0.226478873395,0.181725944297,False,False,biological animal
double_occurrence,Ocurrencia espacial de núcleos dobles c-FOS y NPY positivos / núcleos DAPI,1334,E7_FR7-1;E7_FR7-5;E8_FR6-3,WATER_NPY2;E9_FR8-1;E8_FR6-1,WATER_NPY1;WATER_NPY3;E8_FR6-4,1.58848237928,0.123004150611,0.199556872872,0.213148665063,False,False,biological animal
double_occurrence,Ocurrencia espacial de núcleos dobles c-FOS y NPY positivos / núcleos DAPI,1335,E7_FR7-1;E7_FR7-5;E8_FR6-3,WATER_NPY2;E9_FR8-1;E8_FR6-4,WATER_NPY1;WATER_NPY3;E8_FR6-1,1.71671933311,0.123004150611,0.20831294713,0.204459423806,False,False,biological animal
double_occurrence,Ocurrencia espacial de núcleos dobles c-FOS y NPY positivos / núcleos DAPI,1336,E7_FR7-1;E7_FR7-5;E8_FR6-3,WATER_NPY2;E8_FR6-1;E8_FR6-4,WATER_NPY1;WATER_NPY3;E9_FR8-1,1.94216285823,0.123004150611,0.21288683107,0.126353808086,False,False,biological animal
double_occurrence,Ocurrencia espacial de núcleos dobles c-FOS y NPY positivos / núcleos DAPI,1337,E7_FR7-1;E7_FR7-5;E8_FR6-3,WATER_NPY3;E9_FR8-1;E8_FR6-1,WATER_NPY1;WATER_NPY2;E8_FR6-4,0.804701123955,0.123004150611,0.185083308782,0.19807342628,False,False,biological animal
double_occurrence,Ocurrencia espacial de núcleos dobles c-FOS y NPY positivos / núcleos DAPI,1338,E7_FR7-1;E7_FR7-5;E8_FR6-3,WATER_NPY3;E9_FR8-1;E8_FR6-4,WATER_NPY1;WATER_NPY2;E8_FR6-1,0.808907534195,0.123004150611,0.19720973801,0.191194172945,False,False,biological animal
double_occurrence,Ocurrencia espacial de núcleos dobles c-FOS y NPY positivos / núcleos DAPI,1339,E7_FR7-1;E7_FR7-5;E8_FR6-3,WATER_NPY3;E8_FR6-1;E8_FR6-4,WATER_NPY1;WATER_NPY2;E9_FR8-1,2.17491077841,0.123004150611,0.214423236895,0.12876801347,False,False,biological animal
double_occurrence,Ocurrencia espacial de núcleos dobles c-FOS y NPY positivos / núcleos DAPI,1340,E7_FR7-1;E7_FR7-5;E8_FR6-3,E9_FR8-1;E8_FR6-1;E8_FR6-4,WATER_NPY1;WATER_NPY2;WATER_NPY3,0.717322562248,0.123004150611,0.170114361786,0.126769443242,False,False,biological animal
double_occurrence,Ocurrencia espacial de núcleos dobles c-FOS y NPY positivos / núcleos DAPI,1341,E7_FR7-1;E7_FR7-5;E8_FR6-4,WATER_NPY1;WATER_NPY2;WATER_NPY3,E9_FR8-1;E8_FR6-1;E8_FR6-3,0.23085952186,0.152185747168,0.126769443242,0.15534424561,False,False,biological animal
double_occurrence,Ocurrencia espacial de núcleos dobles c-FOS y NPY positivos / núcleos DAPI,1342,E7_FR7-1;E7_FR7-5;E8_FR6-4,WATER_NPY1;WATER_NPY2;E9_FR8-1,WATER_NPY3;E8_FR6-1;E8_FR6-3,0.983624318335,0.152185747168,0.12876801347,0.198889589098,False,False,biological animal
double_occurrence,Ocurrencia espacial de núcleos dobles c-FOS y NPY positivos / núcleos DAPI,1343,E7_FR7-1;E7_FR7-5;E8_FR6-4,WATER_NPY1;WATER_NPY2;E8_FR6-1,WATER_NPY3;E9_FR8-1;E8_FR6-3,0.189088219923,0.152185747168,0.191194172945,0.169855348373,False,False,biological animal
double_occurrence,Ocurrencia espacial de núcleos dobles c-FOS y NPY positivos / núcleos DAPI,1344,E7_FR7-1;E7_FR7-5;E8_FR6-4,WATER_NPY1;WATER_NPY2;E8_FR6-3,WATER_NPY3;E9_FR8-1;E8_FR6-1,0.135346982608,0.152185747168,0.171685790996,0.185083308782,False,False,biological animal
double_occurrence,Ocurrencia espacial de núcleos dobles c-FOS y NPY positivos / núcleos DAPI,1345,E7_FR7-1;E7_FR7-5;E8_FR6-4,WATER_NPY1;WATER_NPY3;E9_FR8-1,WATER_NPY2;E8_FR6-1;E8_FR6-3,0.89550079326,0.152185747168,0.126353808086,0.198469505102,False,False,biological animal
double_occurrence,Ocurrencia espacial de núcleos dobles c-FOS y NPY positivos / núcleos DAPI,1346,E7_FR7-1;E7_FR7-5;E8_FR6-4,WATER_NPY1;WATER_NPY3;E8_FR6-1,WATER_NPY2;E9_FR8-1;E8_FR6-3,0.51915839462,0.152185747168,0.204459423806,0.183922314028,False,False,biological animal
double_occurrence,Ocurrencia espacial de núcleos dobles c-FOS y NPY positivos / núcleos DAPI,1347,E7_FR7-1;E7_FR7-5;E8_FR6-4,WATER_NPY1;WATER_NPY3;E8_FR6-3,WATER_NPY2;E9_FR8-1;E8_FR6-1,0.41379269597,0.152185747168,0.187316964493,0.199556872872,False,False,biological animal
double_occurrence,Ocurrencia espacial de núcleos dobles c-FOS y NPY positivos / núcleos DAPI,1348,E7_FR7-1;E7_FR7-5;E8_FR6-4,WATER_NPY1;E9_FR8-1;E8_FR6-1,WATER_NPY2;WATER_NPY3;E8_FR6-3,0.580885512668,0.152185747168,0.181725944297,0.200661491111,False,False,biological animal
double_occurrence,Ocurrencia espacial de núcleos dobles c-FOS y NPY positivos / núcleos DAPI,1349,E7_FR7-1;E7_FR7-5;E8_FR6-4,WATER_NPY1;E9_FR8-1;E8_FR6-3,WATER_NPY2;WATER_NPY3;E8_FR6-1,1.09149507584,0.152185747168,0.165326588668,0.218553257758,False,False,biological animal
double_occurrence,Ocurrencia espacial de núcleos dobles c-FOS y NPY positivos / núcleos DAPI,1350,E7_FR7-1;E7_FR7-5;E8_FR6-4,WATER_NPY1;E8_FR6-1;E8_FR6-3,WATER_NPY2;WATER_NPY3;E9_FR8-1,0.920326166522,0.152185747168,0.135998653466,0.0949265387532,False,False,biological animal
double_occurrence,Ocurrencia espacial de núcleos dobles c-FOS y NPY positivos / núcleos DAPI,1351,E7_FR7-1;E7_FR7-5;E8_FR6-4,WATER_NPY2;WATER_NPY3;E9_FR8-1,WATER_NPY1;E8_FR6-1;E8_FR6-3,0.920326166522,0.152185747168,0.0949265387532,0.135998653466,False,False,biological animal
double_occurrence,Ocurrencia espacial de núcleos dobles c-FOS y NPY positivos / núcleos DAPI,1352,E7_FR7-1;E7_FR7-5;E8_FR6-4,WATER_NPY2;WATER_NPY3;E8_FR6-1,WATER_NPY1;E9_FR8-1;E8_FR6-3,1.09149507584,0.152185747168,0.218553257758,0.165326588668,False,False,biological animal
double_occurrence,Ocurrencia espacial de núcleos dobles c-FOS y NPY positivos / núcleos DAPI,1353,E7_FR7-1;E7_FR7-5;E8_FR6-4,WATER_NPY2;WATER_NPY3;E8_FR6-3,WATER_NPY1;E9_FR8-1;E8_FR6-1,0.580885512668,0.152185747168,0.200661491111,0.181725944297,False,False,biological animal
double_occurrence,Ocurrencia espacial de núcleos dobles c-FOS y NPY positivos / núcleos DAPI,1354,E7_FR7-1;E7_FR7-5;E8_FR6-4,WATER_NPY2;E9_FR8-1;E8_FR6-1,WATER_NPY1;WATER_NPY3;E8_FR6-3,0.41379269597,0.152185747168,0.199556872872,0.187316964493,False,False,biological animal
double_occurrence,Ocurrencia espacial de núcleos dobles c-FOS y NPY positivos / núcleos DAPI,1355,E7_FR7-1;E7_FR7-5;E8_FR6-4,WATER_NPY2;E9_FR8-1;E8_FR6-3,WATER_NPY1;WATER_NPY3;E8_FR6-1,0.51915839462,0.152185747168,0.183922314028,0.204459423806,False,False,biological animal
double_occurrence,Ocurrencia espacial de núcleos dobles c-FOS y NPY positivos / núcleos DAPI,1356,E7_FR7-1;E7_FR7-5;E8_FR6-4,WATER_NPY2;E8_FR6-1;E8_FR6-3,WATER_NPY1;WATER_NPY3;E9_FR8-1,0.89550079326,0.152185747168,0.198469505102,0.126353808086,False,False,biological animal
double_occurrence,Ocurrencia espacial de núcleos dobles c-FOS y NPY positivos / núcleos DAPI,1357,E7_FR7-1;E7_FR7-5;E8_FR6-4,WATER_NPY3;E9_FR8-1;E8_FR6-1,WATER_NPY1;WATER_NPY2;E8_FR6-3,0.135346982608,0.152185747168,0.185083308782,0.171685790996,False,False,biological animal
double_occurrence,Ocurrencia espacial de núcleos dobles c-FOS y NPY positivos / núcleos DAPI,1358,E7_FR7-1;E7_FR7-5;E8_FR6-4,WATER_NPY3;E9_FR8-1;E8_FR6-3,WATER_NPY1;WATER_NPY2;E8_FR6-1,0.189088219923,0.152185747168,0.169855348373,0.191194172945,False,False,biological animal
double_occurrence,Ocurrencia espacial de núcleos dobles c-FOS y NPY positivos / núcleos DAPI,1359,E7_FR7-1;E7_FR7-5;E8_FR6-4,WATER_NPY3;E8_FR6-1;E8_FR6-3,WATER_NPY1;WATER_NPY2;E9_FR8-1,0.983624318335,0.152185747168,0.198889589098,0.12876801347,False,False,biological animal
double_occurrence,Ocurrencia espacial de núcleos dobles c-FOS y NPY positivos / núcleos DAPI,1360,E7_FR7-1;E7_FR7-5;E8_FR6-4,E9_FR8-1;E8_FR6-1;E8_FR6-3,WATER_NPY1;WATER_NPY2;WATER_NPY3,0.23085952186,0.152185747168,0.15534424561,0.126769443242,False,False,biological animal
double_occurrence,Ocurrencia espacial de núcleos dobles c-FOS y NPY positivos / núcleos DAPI,1361,E7_FR7-1;E9_FR8-1;E8_FR6-1,WATER_NPY1;WATER_NPY2;WATER_NPY3,E7_FR7-5;E8_FR6-3;E8_FR6-4,0.161662067621,0.152637389372,0.126769443242,0.135435925413,False,False,biological animal
double_occurrence,Ocurrencia espacial de núcleos dobles c-FOS y NPY positivos / núcleos DAPI,1362,E7_FR7-1;E9_FR8-1;E8_FR6-1,WATER_NPY1;WATER_NPY2;E7_FR7-5,WATER_NPY3;E8_FR6-3;E8_FR6-4,1.2844780413,0.152637389372,0.119431352468,0.205298255629,False,False,biological animal
double_occurrence,Ocurrencia espacial de núcleos dobles c-FOS y NPY positivos / núcleos DAPI,1363,E7_FR7-1;E9_FR8-1;E8_FR6-1,WATER_NPY1;WATER_NPY2;E8_FR6-3,WATER_NPY3;E7_FR7-5;E8_FR6-4,0.153454305392,0.152637389372,0.171685790996,0.190009576628,False,False,biological animal
double_occurrence,Ocurrencia espacial de núcleos dobles c-FOS y NPY positivos / núcleos DAPI,1364,E7_FR7-1;E9_FR8-1;E8_FR6-1,WATER_NPY1;WATER_NPY2;E8_FR6-4,WATER_NPY3;E7_FR7-5;E8_FR6-3,0.26169279404,0.152637389372,0.19807342628,0.162237438588,False,False,biological animal
double_occurrence,Ocurrencia espacial de núcleos dobles c-FOS y NPY positivos / núcleos DAPI,1365,E7_FR7-1;E9_FR8-1;E8_FR6-1,WATER_NPY1;WATER_NPY3;E7_FR7-5,WATER_NPY2;E8_FR6-3;E8_FR6-4,1.05678291543,0.152637389372,0.122422950752,0.202039578345,False,False,biological animal
double_occurrence,Ocurrencia espacial de núcleos dobles c-FOS y NPY positivos / núcleos DAPI,1366,E7_FR7-1;E9_FR8-1;E8_FR6-1,WATER_NPY1;WATER_NPY3;E8_FR6-3,WATER_NPY2;E7_FR7-5;E8_FR6-4,0.354850023141,0.152637389372,0.187316964493,0.198563040697,False,False,biological animal
double_occurrence,Ocurrencia espacial de núcleos dobles c-FOS y NPY positivos / núcleos DAPI,1367,E7_FR7-1;E9_FR8-1;E8_FR6-1,WATER_NPY1;WATER_NPY3;E8_FR6-4,WATER_NPY2;E7_FR7-5;E8_FR6-3,0.573710693535,0.152637389372,0.213148665063,0.173496371672,False,False,biological animal
double_occurrence,Ocurrencia espacial de núcleos dobles c-FOS y NPY positivos / núcleos DAPI,1368,E7_FR7-1;E9_FR8-1;E8_FR6-1,WATER_NPY1;E7_FR7-5;E8_FR6-3,WATER_NPY2;WATER_NPY3;E8_FR6-4,1.72663287016,0.152637389372,0.138969047947,0.226478873395,False,False,biological animal
double_occurrence,Ocurrencia espacial de núcleos dobles c-FOS y NPY positivos / núcleos DAPI,1369,E7_FR7-1;E9_FR8-1;E8_FR6-1,WATER_NPY1;E7_FR7-5;E8_FR6-4,WATER_NPY2;WATER_NPY3;E8_FR6-3,0.504920556919,0.152637389372,0.166838620176,0.200661491111,False,False,biological animal
double_occurrence,Ocurrencia espacial de núcleos dobles c-FOS y NPY positivos / núcleos DAPI,1370,E7_FR7-1;E9_FR8-1;E8_FR6-1,WATER_NPY1;E8_FR6-3;E8_FR6-4,WATER_NPY2;WATER_NPY3;E7_FR7-5,0.379245728949,0.152637389372,0.141378919362,0.114141409545,False,False,biological animal
double_occurrence,Ocurrencia espacial de núcleos dobles c-FOS y NPY positivos / núcleos DAPI,1371,E7_FR7-1;E9_FR8-1;E8_FR6-1,WATER_NPY2;WATER_NPY3;E7_FR7-5,WATER_NPY1;E8_FR6-3;E8_FR6-4,0.379245728949,0.152637389372,0.114141409545,0.141378919362,False,False,biological animal
double_occurrence,Ocurrencia espacial de núcleos dobles c-FOS y NPY positivos / núcleos DAPI,1372,E7_FR7-1;E9_FR8-1;E8_FR6-1,WATER_NPY2;WATER_NPY3;E8_FR6-3,WATER_NPY1;E7_FR7-5;E8_FR6-4,0.504920556919,0.152637389372,0.200661491111,0.166838620176,False,False,biological animal
double_occurrence,Ocurrencia espacial de núcleos dobles c-FOS y NPY positivos / núcleos DAPI,1373,E7_FR7-1;E9_FR8-1;E8_FR6-1,WATER_NPY2;WATER_NPY3;E8_FR6-4,WATER_NPY1;E7_FR7-5;E8_FR6-3,1.72663287016,0.152637389372,0.226478873395,0.138969047947,False,False,biological animal
double_occurrence,Ocurrencia espacial de núcleos dobles c-FOS y NPY positivos / núcleos DAPI,1374,E7_FR7-1;E9_FR8-1;E8_FR6-1,WATER_NPY2;E7_FR7-5;E8_FR6-3,WATER_NPY1;WATER_NPY3;E8_FR6-4,0.573710693535,0.152637389372,0.173496371672,0.213148665063,False,False,biological animal
double_occurrence,Ocurrencia espacial de núcleos dobles c-FOS y NPY positivos / núcleos DAPI,1375,E7_FR7-1;E9_FR8-1;E8_FR6-1,WATER_NPY2;E7_FR7-5;E8_FR6-4,WATER_NPY1;WATER_NPY3;E8_FR6-3,0.354850023141,0.152637389372,0.198563040697,0.187316964493,False,False,biological animal
double_occurrence,Ocurrencia espacial de núcleos dobles c-FOS y NPY positivos / núcleos DAPI,1376,E7_FR7-1;E9_FR8-1;E8_FR6-1,WATER_NPY2;E8_FR6-3;E8_FR6-4,WATER_NPY1;WATER_NPY3;E7_FR7-5,1.05678291543,0.152637389372,0.202039578345,0.122422950752,False,False,biological animal
double_occurrence,Ocurrencia espacial de núcleos dobles c-FOS y NPY positivos / núcleos DAPI,1377,E7_FR7-1;E9_FR8-1;E8_FR6-1,WATER_NPY3;E7_FR7-5;E8_FR6-3,WATER_NPY1;WATER_NPY2;E8_FR6-4,0.26169279404,0.152637389372,0.162237438588,0.19807342628,False,False,biological animal
double_occurrence,Ocurrencia espacial de núcleos dobles c-FOS y NPY positivos / núcleos DAPI,1378,E7_FR7-1;E9_FR8-1;E8_FR6-1,WATER_NPY3;E7_FR7-5;E8_FR6-4,WATER_NPY1;WATER_NPY2;E8_FR6-3,0.153454305392,0.152637389372,0.190009576628,0.171685790996,False,False,biological animal
double_occurrence,Ocurrencia espacial de núcleos dobles c-FOS y NPY positivos / núcleos DAPI,1379,E7_FR7-1;E9_FR8-1;E8_FR6-1,WATER_NPY3;E8_FR6-3;E8_FR6-4,WATER_NPY1;WATER_NPY2;E7_FR7-5,1.2844780413,0.152637389372,0.205298255629,0.119431352468,False,False,biological animal
double_occurrence,Ocurrencia espacial de núcleos dobles c-FOS y NPY positivos / núcleos DAPI,1380,E7_FR7-1;E9_FR8-1;E8_FR6-1,E7_FR7-5;E8_FR6-3;E8_FR6-4,WATER_NPY1;WATER_NPY2;WATER_NPY3,0.161662067621,0.152637389372,0.135435925413,0.126769443242,False,False,biological animal
double_occurrence,Ocurrencia espacial de núcleos dobles c-FOS y NPY positivos / núcleos DAPI,1381,E7_FR7-1;E9_FR8-1;E8_FR6-3,WATER_NPY1;WATER_NPY2;WATER_NPY3,E7_FR7-5;E8_FR6-1;E8_FR6-4,0.0820397832143,0.137496356749,0.126769443242,0.144009708277,False,False,biological animal
double_occurrence,Ocurrencia espacial de núcleos dobles c-FOS y NPY positivos / núcleos DAPI,1382,E7_FR7-1;E9_FR8-1;E8_FR6-3,WATER_NPY1;WATER_NPY2;E7_FR7-5,WATER_NPY3;E8_FR6-1;E8_FR6-4,1.90499973164,0.137496356749,0.119431352468,0.214423236895,False,False,biological animal
double_occurrence,Ocurrencia espacial de núcleos dobles c-FOS y NPY positivos / núcleos DAPI,1383,E7_FR7-1;E9_FR8-1;E8_FR6-3,WATER_NPY1;WATER_NPY2;E8_FR6-1,WATER_NPY3;E7_FR7-5;E8_FR6-4,0.401287858223,0.137496356749,0.191194172945,0.190009576628,False,False,biological animal
double_occurrence,Ocurrencia espacial de núcleos dobles c-FOS y NPY positivos / núcleos DAPI,1384,E7_FR7-1;E9_FR8-1;E8_FR6-3,WATER_NPY1;WATER_NPY2;E8_FR6-4,WATER_NPY3;E7_FR7-5;E8_FR6-1,0.410711565201,0.137496356749,0.19807342628,0.176501711719,False,False,biological animal
double_occurrence,Ocurrencia espacial de núcleos dobles c-FOS y NPY positivos / núcleos DAPI,1385,E7_FR7-1;E9_FR8-1;E8_FR6-3,WATER_NPY1;WATER_NPY3;E7_FR7-5,WATER_NPY2;E8_FR6-1;E8_FR6-4,1.63933957996,0.137496356749,0.122422950752,0.21288683107,False,False,biological animal
double_occurrence,Ocurrencia espacial de núcleos dobles c-FOS y NPY positivos / núcleos DAPI,1386,E7_FR7-1;E9_FR8-1;E8_FR6-3,WATER_NPY1;WATER_NPY3;E8_FR6-1,WATER_NPY2;E7_FR7-5;E8_FR6-4,0.857439697547,0.137496356749,0.204459423806,0.198563040697,False,False,biological animal
double_occurrence,Ocurrencia espacial de núcleos dobles c-FOS y NPY positivos / núcleos DAPI,1387,E7_FR7-1;E9_FR8-1;E8_FR6-3,WATER_NPY1;WATER_NPY3;E8_FR6-4,WATER_NPY2;E7_FR7-5;E8_FR6-1,0.817493100948,0.137496356749,0.213148665063,0.188090026854,False,False,biological animal
double_occurrence,Ocurrencia espacial de núcleos dobles c-FOS y NPY positivos / núcleos DAPI,1388,E7_FR7-1;E9_FR8-1;E8_FR6-3,WATER_NPY1;E7_FR7-5;E8_FR6-1,WATER_NPY2;WATER_NPY3;E8_FR6-4,1.70505793451,0.137496356749,0.155933607873,0.226478873395,False,False,biological animal
double_occurrence,Ocurrencia espacial de núcleos dobles c-FOS y NPY positivos / núcleos DAPI,1389,E7_FR7-1;E9_FR8-1;E8_FR6-3,WATER_NPY1;E7_FR7-5;E8_FR6-4,WATER_NPY2;WATER_NPY3;E8_FR6-1,1.32784732505,0.137496356749,0.166838620176,0.218553257758,False,False,biological animal
double_occurrence,Ocurrencia espacial de núcleos dobles c-FOS y NPY positivos / núcleos DAPI,1390,E7_FR7-1;E9_FR8-1;E8_FR6-3,WATER_NPY1;E8_FR6-1;E8_FR6-4,WATER_NPY2;WATER_NPY3;E7_FR7-5,0.454654873329,0.137496356749,0.153768483235,0.114141409545,False,False,biological animal
double_occurrence,Ocurrencia espacial de núcleos dobles c-FOS y NPY positivos / núcleos DAPI,1391,E7_FR7-1;E9_FR8-1;E8_FR6-3,WATER_NPY2;WATER_NPY3;E7_FR7-5,WATER_NPY1;E8_FR6-1;E8_FR6-4,0.454654873329,0.137496356749,0.114141409545,0.153768483235,False,False,biological animal
double_occurrence,Ocurrencia espacial de núcleos dobles c-FOS y NPY positivos / núcleos DAPI,1392,E7_FR7-1;E9_FR8-1;E8_FR6-3,WATER_NPY2;WATER_NPY3;E8_FR6-1,WATER_NPY1;E7_FR7-5;E8_FR6-4,1.32784732505,0.137496356749,0.218553257758,0.166838620176,False,False,biological animal
double_occurrence,Ocurrencia espacial de núcleos dobles c-FOS y NPY positivos / núcleos DAPI,1393,E7_FR7-1;E9_FR8-1;E8_FR6-3,WATER_NPY2;WATER_NPY3;E8_FR6-4,WATER_NPY1;E7_FR7-5;E8_FR6-1,1.70505793451,0.137496356749,0.226478873395,0.155933607873,False,False,biological animal
double_occurrence,Ocurrencia espacial de núcleos dobles c-FOS y NPY positivos / núcleos DAPI,1394,E7_FR7-1;E9_FR8-1;E8_FR6-3,WATER_NPY2;E7_FR7-5;E8_FR6-1,WATER_NPY1;WATER_NPY3;E8_FR6-4,0.817493100948,0.137496356749,0.188090026854,0.213148665063,False,False,biological animal
double_occurrence,Ocurrencia espacial de núcleos dobles c-FOS y NPY positivos / núcleos DAPI,1395,E7_FR7-1;E9_FR8-1;E8_FR6-3,WATER_NPY2;E7_FR7-5;E8_FR6-4,WATER_NPY1;WATER_NPY3;E8_FR6-1,0.857439697547,0.137496356749,0.198563040697,0.204459423806,False,False,biological animal
double_occurrence,Ocurrencia espacial de núcleos dobles c-FOS y NPY positivos / núcleos DAPI,1396,E7_FR7-1;E9_FR8-1;E8_FR6-3,WATER_NPY2;E8_FR6-1;E8_FR6-4,WATER_NPY1;WATER_NPY3;E7_FR7-5,1.63933957996,0.137496356749,0.21288683107,0.122422950752,False,False,biological animal
double_occurrence,Ocurrencia espacial de núcleos dobles c-FOS y NPY positivos / núcleos DAPI,1397,E7_FR7-1;E9_FR8-1;E8_FR6-3,WATER_NPY3;E7_FR7-5;E8_FR6-1,WATER_NPY1;WATER_NPY2;E8_FR6-4,0.410711565201,0.137496356749,0.176501711719,0.19807342628,False,False,biological animal
double_occurrence,Ocurrencia espacial de núcleos dobles c-FOS y NPY positivos / núcleos DAPI,1398,E7_FR7-1;E9_FR8-1;E8_FR6-3,WATER_NPY3;E7_FR7-5;E8_FR6-4,WATER_NPY1;WATER_NPY2;E8_FR6-1,0.401287858223,0.137496356749,0.190009576628,0.191194172945,False,False,biological animal
double_occurrence,Ocurrencia espacial de núcleos dobles c-FOS y NPY positivos / núcleos DAPI,1399,E7_FR7-1;E9_FR8-1;E8_FR6-3,WATER_NPY3;E8_FR6-1;E8_FR6-4,WATER_NPY1;WATER_NPY2;E7_FR7-5,1.90499973164,0.137496356749,0.214423236895,0.119431352468,False,False,biological animal
double_occurrence,Ocurrencia espacial de núcleos dobles c-FOS y NPY positivos / núcleos DAPI,1400,E7_FR7-1;E9_FR8-1;E8_FR6-3,E7_FR7-5;E8_FR6-1;E8_FR6-4,WATER_NPY1;WATER_NPY2;WATER_NPY3,0.0820397832143,0.137496356749,0.144009708277,0.126769443242,False,False,biological animal
double_occurrence,Ocurrencia espacial de núcleos dobles c-FOS y NPY positivos / núcleos DAPI,1401,E7_FR7-1;E9_FR8-1;E8_FR6-4,WATER_NPY1;WATER_NPY2;WATER_NPY3,E7_FR7-5;E8_FR6-1;E8_FR6-3,0.468591807218,0.165278911965,0.126769443242,0.12772716793,False,False,biological animal
double_occurrence,Ocurrencia espacial de núcleos dobles c-FOS y NPY positivos / núcleos DAPI,1402,E7_FR7-1;E9_FR8-1;E8_FR6-4,WATER_NPY1;WATER_NPY2;E7_FR7-5,WATER_NPY3;E8_FR6-1;E8_FR6-3,1.11619068465,0.165278911965,0.119431352468,0.198889589098,False,False,biological animal
double_occurrence,Ocurrencia espacial de núcleos dobles c-FOS y NPY positivos / núcleos DAPI,1403,E7_FR7-1;E9_FR8-1;E8_FR6-4,WATER_NPY1;WATER_NPY2;E8_FR6-1,WATER_NPY3;E7_FR7-5;E8_FR6-3,0.111067109412,0.165278911965,0.191194172945,0.162237438588,False,False,biological animal
double_occurrence,Ocurrencia espacial de núcleos dobles c-FOS y NPY positivos / núcleos DAPI,1404,E7_FR7-1;E9_FR8-1;E8_FR6-4,WATER_NPY1;WATER_NPY2;E8_FR6-3,WATER_NPY3;E7_FR7-5;E8_FR6-1,0.0136864398926,0.165278911965,0.171685790996,0.176501711719,False,False,biological animal
double_occurrence,Ocurrencia espacial de núcleos dobles c-FOS y NPY positivos / núcleos DAPI,1405,E7_FR7-1;E9_FR8-1;E8_FR6-4,WATER_NPY1;WATER_NPY3;E7_FR7-5,WATER_NPY2;E8_FR6-1;E8_FR6-3,0.916472238982,0.165278911965,0.122422950752,0.198469505102,False,False,biological animal
double_occurrence,Ocurrencia espacial de núcleos dobles c-FOS y NPY positivos / núcleos DAPI,1406,E7_FR7-1;E9_FR8-1;E8_FR6-4,WATER_NPY1;WATER_NPY3;E8_FR6-1,WATER_NPY2;E7_FR7-5;E8_FR6-3,0.26536168845,0.165278911965,0.204459423806,0.173496371672,False,False,biological animal
double_occurrence,Ocurrencia espacial de núcleos dobles c-FOS y NPY positivos / núcleos DAPI,1407,E7_FR7-1;E9_FR8-1;E8_FR6-4,WATER_NPY1;WATER_NPY3;E8_FR6-3,WATER_NPY2;E7_FR7-5;E8_FR6-1,0.0937133513974,0.165278911965,0.187316964493,0.188090026854,False,False,biological animal
double_occurrence,Ocurrencia espacial de núcleos dobles c-FOS y NPY positivos / núcleos DAPI,1408,E7_FR7-1;E9_FR8-1;E8_FR6-4,WATER_NPY1;E7_FR7-5;E8_FR6-1,WATER_NPY2;WATER_NPY3;E8_FR6-3,0.451063148006,0.165278911965,0.155933607873,0.200661491111,False,False,biological animal
double_occurrence,Ocurrencia espacial de núcleos dobles c-FOS y NPY positivos / núcleos DAPI,1409,E7_FR7-1;E9_FR8-1;E8_FR6-4,WATER_NPY1;E7_FR7-5;E8_FR6-3,WATER_NPY2;WATER_NPY3;E8_FR6-1,1.27746296375,0.165278911965,0.138969047947,0.218553257758,False,False,biological animal
double_occurrence,Ocurrencia espacial de núcleos dobles c-FOS y NPY positivos / núcleos DAPI,1410,E7_FR7-1;E9_FR8-1;E8_FR6-4,WATER_NPY1;E8_FR6-1;E8_FR6-3,WATER_NPY2;WATER_NPY3;E7_FR7-5,0.631571360186,0.165278911965,0.135998653466,0.114141409545,False,False,biological animal
double_occurrence,Ocurrencia espacial de núcleos dobles c-FOS y NPY positivos / núcleos DAPI,1411,E7_FR7-1;E9_FR8-1;E8_FR6-4,WATER_NPY2;WATER_NPY3;E7_FR7-5,WATER_NPY1;E8_FR6-1;E8_FR6-3,0.631571360186,0.165278911965,0.114141409545,0.135998653466,False,False,biological animal
double_occurrence,Ocurrencia espacial de núcleos dobles c-FOS y NPY positivos / núcleos DAPI,1412,E7_FR7-1;E9_FR8-1;E8_FR6-4,WATER_NPY2;WATER_NPY3;E8_FR6-1,WATER_NPY1;E7_FR7-5;E8_FR6-3,1.27746296375,0.165278911965,0.218553257758,0.138969047947,False,False,biological animal
double_occurrence,Ocurrencia espacial de núcleos dobles c-FOS y NPY positivos / núcleos DAPI,1413,E7_FR7-1;E9_FR8-1;E8_FR6-4,WATER_NPY2;WATER_NPY3;E8_FR6-3,WATER_NPY1;E7_FR7-5;E8_FR6-1,0.451063148006,0.165278911965,0.200661491111,0.155933607873,False,False,biological animal
double_occurrence,Ocurrencia espacial de núcleos dobles c-FOS y NPY positivos / núcleos DAPI,1414,E7_FR7-1;E9_FR8-1;E8_FR6-4,WATER_NPY2;E7_FR7-5;E8_FR6-1,WATER_NPY1;WATER_NPY3;E8_FR6-3,0.0937133513974,0.165278911965,0.188090026854,0.187316964493,False,False,biological animal
double_occurrence,Ocurrencia espacial de núcleos dobles c-FOS y NPY positivos / núcleos DAPI,1415,E7_FR7-1;E9_FR8-1;E8_FR6-4,WATER_NPY2;E7_FR7-5;E8_FR6-3,WATER_NPY1;WATER_NPY3;E8_FR6-1,0.26536168845,0.165278911965,0.173496371672,0.204459423806,False,False,biological animal
double_occurrence,Ocurrencia espacial de núcleos dobles c-FOS y NPY positivos / núcleos DAPI,1416,E7_FR7-1;E9_FR8-1;E8_FR6-4,WATER_NPY2;E8_FR6-1;E8_FR6-3,WATER_NPY1;WATER_NPY3;E7_FR7-5,0.916472238982,0.165278911965,0.198469505102,0.122422950752,False,False,biological animal
double_occurrence,Ocurrencia espacial de núcleos dobles c-FOS y NPY positivos / núcleos DAPI,1417,E7_FR7-1;E9_FR8-1;E8_FR6-4,WATER_NPY3;E7_FR7-5;E8_FR6-1,WATER_NPY1;WATER_NPY2;E8_FR6-3,0.0136864398926,0.165278911965,0.176501711719,0.171685790996,False,False,biological animal
double_occurrence,Ocurrencia espacial de núcleos dobles c-FOS y NPY positivos / núcleos DAPI,1418,E7_FR7-1;E9_FR8-1;E8_FR6-4,WATER_NPY3;E7_FR7-5;E8_FR6-3,WATER_NPY1;WATER_NPY2;E8_FR6-1,0.111067109412,0.165278911965,0.162237438588,0.191194172945,False,False,biological animal
double_occurrence,Ocurrencia espacial de núcleos dobles c-FOS y NPY positivos / núcleos DAPI,1419,E7_FR7-1;E9_FR8-1;E8_FR6-4,WATER_NPY3;E8_FR6-1;E8_FR6-3,WATER_NPY1;WATER_NPY2;E7_FR7-5,1.11619068465,0.165278911965,0.198889589098,0.119431352468,False,False,biological animal
double_occurrence,Ocurrencia espacial de núcleos dobles c-FOS y NPY positivos / núcleos DAPI,1420,E7_FR7-1;E9_FR8-1;E8_FR6-4,E7_FR7-5;E8_FR6-1;E8_FR6-3,WATER_NPY1;WATER_NPY2;WATER_NPY3,0.468591807218,0.165278911965,0.12772716793,0.126769443242,False,False,biological animal
double_occurrence,Ocurrencia espacial de núcleos dobles c-FOS y NPY positivos / núcleos DAPI,1421,E7_FR7-1;E8_FR6-1;E8_FR6-3,WATER_NPY1;WATER_NPY2;WATER_NPY3,E7_FR7-5;E9_FR8-1;E8_FR6-4,0.520867126123,0.133615610223,0.126769443242,0.168590636599,False,False,biological animal
double_occurrence,Ocurrencia espacial de núcleos dobles c-FOS y NPY positivos / núcleos DAPI,1422,E7_FR7-1;E8_FR6-1;E8_FR6-3,WATER_NPY1;WATER_NPY2;E7_FR7-5,WATER_NPY3;E9_FR8-1;E8_FR6-4,1.19793814596,0.133615610223,0.119431352468,0.19720973801,False,False,biological animal
double_occurrence,Ocurrencia espacial de núcleos dobles c-FOS y NPY positivos / núcleos DAPI,1423,E7_FR7-1;E8_FR6-1;E8_FR6-3,WATER_NPY1;WATER_NPY2;E9_FR8-1,WATER_NPY3;E7_FR7-5;E8_FR6-4,0.75008984618,0.133615610223,0.12876801347,0.190009576628,False,False,biological animal
double_occurrence,Ocurrencia espacial de núcleos dobles c-FOS y NPY positivos / núcleos DAPI,1424,E7_FR7-1;E8_FR6-1;E8_FR6-3,WATER_NPY1;WATER_NPY2;E8_FR6-4,WATER_NPY3;E7_FR7-5;E9_FR8-1,2.74027985608,0.133615610223,0.19807342628,0.0832079308773,False,False,biological animal
double_occurrence,Ocurrencia espacial de núcleos dobles c-FOS y NPY positivos / núcleos DAPI,1425,E7_FR7-1;E8_FR6-1;E8_FR6-3,WATER_NPY1;WATER_NPY3;E7_FR7-5,WATER_NPY2;E9_FR8-1;E8_FR6-4,1.89839117379,0.133615610223,0.122422950752,0.20831294713,False,False,biological animal
double_occurrence,Ocurrencia espacial de núcleos dobles c-FOS y NPY positivos / núcleos DAPI,1426,E7_FR7-1;E8_FR6-1;E8_FR6-3,WATER_NPY1;WATER_NPY3;E9_FR8-1,WATER_NPY2;E7_FR7-5;E8_FR6-4,1.21279269907,0.133615610223,0.126353808086,0.198563040697,False,False,biological animal
double_occurrence,Ocurrencia espacial de núcleos dobles c-FOS y NPY positivos / núcleos DAPI,1427,E7_FR7-1;E8_FR6-1;E8_FR6-3,WATER_NPY1;WATER_NPY3;E8_FR6-4,WATER_NPY2;E7_FR7-5;E9_FR8-1,2.8314179463,0.133615610223,0.213148665063,0.110905650498,False,False,biological animal
double_occurrence,Ocurrencia espacial de núcleos dobles c-FOS y NPY positivos / núcleos DAPI,1428,E7_FR7-1;E8_FR6-1;E8_FR6-3,WATER_NPY1;E7_FR7-5;E9_FR8-1,WATER_NPY2;WATER_NPY3;E8_FR6-4,3.16513504884,0.133615610223,0.106809323416,0.226478873395,False,False,biological animal
double_occurrence,Ocurrencia espacial de núcleos dobles c-FOS y NPY positivos / núcleos DAPI,1429,E7_FR7-1;E8_FR6-1;E8_FR6-3,WATER_NPY1;E7_FR7-5;E8_FR6-4,WATER_NPY2;WATER_NPY3;E9_FR8-1,1.91848466248,0.133615610223,0.166838620176,0.0949265387532,False,False,biological animal
double_occurrence,Ocurrencia espacial de núcleos dobles c-FOS y NPY positivos / núcleos DAPI,1430,E7_FR7-1;E8_FR6-1;E8_FR6-3,WATER_NPY1;E9_FR8-1;E8_FR6-4,WATER_NPY2;WATER_NPY3;E7_FR7-5,2.78909410687,0.133615610223,0.19101882901,0.114141409545,False,False,biological animal
double_occurrence,Ocurrencia espacial de núcleos dobles c-FOS y NPY positivos / núcleos DAPI,1431,E7_FR7-1;E8_FR6-1;E8_FR6-3,WATER_NPY2;WATER_NPY3;E7_FR7-5,WATER_NPY1;E9_FR8-1;E8_FR6-4,2.78909410687,0.133615610223,0.114141409545,0.19101882901,False,False,biological animal
double_occurrence,Ocurrencia espacial de núcleos dobles c-FOS y NPY positivos / núcleos DAPI,1432,E7_FR7-1;E8_FR6-1;E8_FR6-3,WATER_NPY2;WATER_NPY3;E9_FR8-1,WATER_NPY1;E7_FR7-5;E8_FR6-4,1.91848466248,0.133615610223,0.0949265387532,0.166838620176,False,False,biological animal
double_occurrence,Ocurrencia espacial de núcleos dobles c-FOS y NPY positivos / núcleos DAPI,1433,E7_FR7-1;E8_FR6-1;E8_FR6-3,WATER_NPY2;WATER_NPY3;E8_FR6-4,WATER_NPY1;E7_FR7-5;E9_FR8-1,3.16513504884,0.133615610223,0.226478873395,0.106809323416,False,False,biological animal
double_occurrence,Ocurrencia espacial de núcleos dobles c-FOS y NPY positivos / núcleos DAPI,1434,E7_FR7-1;E8_FR6-1;E8_FR6-3,WATER_NPY2;E7_FR7-5;E9_FR8-1,WATER_NPY1;WATER_NPY3;E8_FR6-4,2.8314179463,0.133615610223,0.110905650498,0.213148665063,False,False,biological animal
double_occurrence,Ocurrencia espacial de núcleos dobles c-FOS y NPY positivos / núcleos DAPI,1435,E7_FR7-1;E8_FR6-1;E8_FR6-3,WATER_NPY2;E7_FR7-5;E8_FR6-4,WATER_NPY1;WATER_NPY3;E9_FR8-1,1.21279269907,0.133615610223,0.198563040697,0.126353808086,False,False,biological animal
double_occurrence,Ocurrencia espacial de núcleos dobles c-FOS y NPY positivos / núcleos DAPI,1436,E7_FR7-1;E8_FR6-1;E8_FR6-3,WATER_NPY2;E9_FR8-1;E8_FR6-4,WATER_NPY1;WATER_NPY3;E7_FR7-5,1.89839117379,0.133615610223,0.20831294713,0.122422950752,False,False,biological animal
double_occurrence,Ocurrencia espacial de núcleos dobles c-FOS y NPY positivos / núcleos DAPI,1437,E7_FR7-1;E8_FR6-1;E8_FR6-3,WATER_NPY3;E7_FR7-5;E9_FR8-1,WATER_NPY1;WATER_NPY2;E8_FR6-4,2.74027985608,0.133615610223,0.0832079308773,0.19807342628,False,False,biological animal
double_occurrence,Ocurrencia espacial de núcleos dobles c-FOS y NPY positivos / núcleos DAPI,1438,E7_FR7-1;E8_FR6-1;E8_FR6-3,WATER_NPY3;E7_FR7-5;E8_FR6-4,WATER_NPY1;WATER_NPY2;E9_FR8-1,0.75008984618,0.133615610223,0.190009576628,0.12876801347,False,False,biological animal
double_occurrence,Ocurrencia espacial de núcleos dobles c-FOS y NPY positivos / núcleos DAPI,1439,E7_FR7-1;E8_FR6-1;E8_FR6-3,WATER_NPY3;E9_FR8-1;E8_FR6-4,WATER_NPY1;WATER_NPY2;E7_FR7-5,1.19793814596,0.133615610223,0.19720973801,0.119431352468,False,False,biological animal
double_occurrence,Ocurrencia espacial de núcleos dobles c-FOS y NPY positivos / núcleos DAPI,1440,E7_FR7-1;E8_FR6-1;E8_FR6-3,E7_FR7-5;E9_FR8-1;E8_FR6-4,WATER_NPY1;WATER_NPY2;WATER_NPY3,0.520867126123,0.133615610223,0.168590636599,0.126769443242,False,False,biological animal
double_occurrence,Ocurrencia espacial de núcleos dobles c-FOS y NPY positivos / núcleos DAPI,1441,E7_FR7-1;E8_FR6-1;E8_FR6-4,WATER_NPY1;WATER_NPY2;WATER_NPY3,E7_FR7-5;E9_FR8-1;E8_FR6-3,0.151562145313,0.149326862479,0.126769443242,0.14113420508,False,False,biological animal
double_occurrence,Ocurrencia espacial de núcleos dobles c-FOS y NPY positivos / núcleos DAPI,1442,E7_FR7-1;E8_FR6-1;E8_FR6-4,WATER_NPY1;WATER_NPY2;E7_FR7-5,WATER_NPY3;E9_FR8-1;E8_FR6-3,0.521026347614,0.149326862479,0.119431352468,0.169855348373,False,False,biological animal
double_occurrence,Ocurrencia espacial de núcleos dobles c-FOS y NPY positivos / núcleos DAPI,1443,E7_FR7-1;E8_FR6-1;E8_FR6-4,WATER_NPY1;WATER_NPY2;E9_FR8-1,WATER_NPY3;E7_FR7-5;E8_FR6-3,0.208498917199,0.149326862479,0.12876801347,0.162237438588,False,False,biological animal
double_occurrence,Ocurrencia espacial de núcleos dobles c-FOS y NPY positivos / núcleos DAPI,1444,E7_FR7-1;E8_FR6-1;E8_FR6-4,WATER_NPY1;WATER_NPY2;E8_FR6-3,WATER_NPY3;E7_FR7-5;E9_FR8-1,1.89773248032,0.149326862479,0.171685790996,0.0832079308773,False,False,biological animal
double_occurrence,Ocurrencia espacial de núcleos dobles c-FOS y NPY positivos / núcleos DAPI,1445,E7_FR7-1;E8_FR6-1;E8_FR6-4,WATER_NPY1;WATER_NPY3;E7_FR7-5,WATER_NPY2;E9_FR8-1;E8_FR6-3,0.935157232221,0.149326862479,0.122422950752,0.183922314028,False,False,biological animal
double_occurrence,Ocurrencia espacial de núcleos dobles c-FOS y NPY positivos / núcleos DAPI,1446,E7_FR7-1;E8_FR6-1;E8_FR6-4,WATER_NPY1;WATER_NPY3;E9_FR8-1,WATER_NPY2;E7_FR7-5;E8_FR6-3,0.465472922422,0.149326862479,0.126353808086,0.173496371672,False,False,biological animal
double_occurrence,Ocurrencia espacial de núcleos dobles c-FOS y NPY positivos / núcleos DAPI,1447,E7_FR7-1;E8_FR6-1;E8_FR6-4,WATER_NPY1;WATER_NPY3;E8_FR6-3,WATER_NPY2;E7_FR7-5;E9_FR8-1,1.66540021624,0.149326862479,0.187316964493,0.110905650498,False,False,biological animal
double_occurrence,Ocurrencia espacial de núcleos dobles c-FOS y NPY positivos / núcleos DAPI,1448,E7_FR7-1;E8_FR6-1;E8_FR6-4,WATER_NPY1;E7_FR7-5;E9_FR8-1,WATER_NPY2;WATER_NPY3;E8_FR6-3,2.06144249842,0.149326862479,0.106809323416,0.200661491111,False,False,biological animal
double_occurrence,Ocurrencia espacial de núcleos dobles c-FOS y NPY positivos / núcleos DAPI,1449,E7_FR7-1;E8_FR6-1;E8_FR6-4,WATER_NPY1;E7_FR7-5;E8_FR6-3,WATER_NPY2;WATER_NPY3;E9_FR8-1,1.4420916052,0.149326862479,0.138969047947,0.0949265387532,False,False,biological animal
double_occurrence,Ocurrencia espacial de núcleos dobles c-FOS y NPY positivos / núcleos DAPI,1450,E7_FR7-1;E8_FR6-1;E8_FR6-4,WATER_NPY1;E9_FR8-1;E8_FR6-3,WATER_NPY2;WATER_NPY3;E7_FR7-5,1.32127142404,0.149326862479,0.165326588668,0.114141409545,False,False,biological animal
double_occurrence,Ocurrencia espacial de núcleos dobles c-FOS y NPY positivos / núcleos DAPI,1451,E7_FR7-1;E8_FR6-1;E8_FR6-4,WATER_NPY2;WATER_NPY3;E7_FR7-5,WATER_NPY1;E9_FR8-1;E8_FR6-3,1.32127142404,0.149326862479,0.114141409545,0.165326588668,False,False,biological animal
double_occurrence,Ocurrencia espacial de núcleos dobles c-FOS y NPY positivos / núcleos DAPI,1452,E7_FR7-1;E8_FR6-1;E8_FR6-4,WATER_NPY2;WATER_NPY3;E9_FR8-1,WATER_NPY1;E7_FR7-5;E8_FR6-3,1.4420916052,0.149326862479,0.0949265387532,0.138969047947,False,False,biological animal
double_occurrence,Ocurrencia espacial de núcleos dobles c-FOS y NPY positivos / núcleos DAPI,1453,E7_FR7-1;E8_FR6-1;E8_FR6-4,WATER_NPY2;WATER_NPY3;E8_FR6-3,WATER_NPY1;E7_FR7-5;E9_FR8-1,2.06144249842,0.149326862479,0.200661491111,0.106809323416,False,False,biological animal
double_occurrence,Ocurrencia espacial de núcleos dobles c-FOS y NPY positivos / núcleos DAPI,1454,E7_FR7-1;E8_FR6-1;E8_FR6-4,WATER_NPY2;E7_FR7-5;E9_FR8-1,WATER_NPY1;WATER_NPY3;E8_FR6-3,1.66540021624,0.149326862479,0.110905650498,0.187316964493,False,False,biological animal
double_occurrence,Ocurrencia espacial de núcleos dobles c-FOS y NPY positivos / núcleos DAPI,1455,E7_FR7-1;E8_FR6-1;E8_FR6-4,WATER_NPY2;E7_FR7-5;E8_FR6-3,WATER_NPY1;WATER_NPY3;E9_FR8-1,0.465472922422,0.149326862479,0.173496371672,0.126353808086,False,False,biological animal
double_occurrence,Ocurrencia espacial de núcleos dobles c-FOS y NPY positivos / núcleos DAPI,1456,E7_FR7-1;E8_FR6-1;E8_FR6-4,WATER_NPY2;E9_FR8-1;E8_FR6-3,WATER_NPY1;WATER_NPY3;E7_FR7-5,0.935157232221,0.149326862479,0.183922314028,0.122422950752,False,False,biological animal
double_occurrence,Ocurrencia espacial de núcleos dobles c-FOS y NPY positivos / núcleos DAPI,1457,E7_FR7-1;E8_FR6-1;E8_FR6-4,WATER_NPY3;E7_FR7-5;E9_FR8-1,WATER_NPY1;WATER_NPY2;E8_FR6-3,1.89773248032,0.149326862479,0.0832079308773,0.171685790996,False,False,biological animal
double_occurrence,Ocurrencia espacial de núcleos dobles c-FOS y NPY positivos / núcleos DAPI,1458,E7_FR7-1;E8_FR6-1;E8_FR6-4,WATER_NPY3;E7_FR7-5;E8_FR6-3,WATER_NPY1;WATER_NPY2;E9_FR8-1,0.208498917199,0.149326862479,0.162237438588,0.12876801347,False,False,biological animal
double_occurrence,Ocurrencia espacial de núcleos dobles c-FOS y NPY positivos / núcleos DAPI,1459,E7_FR7-1;E8_FR6-1;E8_FR6-4,WATER_NPY3;E9_FR8-1;E8_FR6-3,WATER_NPY1;WATER_NPY2;E7_FR7-5,0.521026347614,0.149326862479,0.169855348373,0.119431352468,False,False,biological animal
double_occurrence,Ocurrencia espacial de núcleos dobles c-FOS y NPY positivos / núcleos DAPI,1460,E7_FR7-1;E8_FR6-1;E8_FR6-4,E7_FR7-5;E9_FR8-1;E8_FR6-3,WATER_NPY1;WATER_NPY2;WATER_NPY3,0.151562145313,0.149326862479,0.14113420508,0.126769443242,False,False,biological animal
double_occurrence,Ocurrencia espacial de núcleos dobles c-FOS y NPY positivos / núcleos DAPI,1461,E7_FR7-1;E8_FR6-3;E8_FR6-4,WATER_NPY1;WATER_NPY2;WATER_NPY3,E7_FR7-5;E9_FR8-1;E8_FR6-1,0.206289176029,0.140781838726,0.126769443242,0.155483249123,False,False,biological animal
double_occurrence,Ocurrencia espacial de núcleos dobles c-FOS y NPY positivos / núcleos DAPI,1462,E7_FR7-1;E8_FR6-3;E8_FR6-4,WATER_NPY1;WATER_NPY2;E7_FR7-5,WATER_NPY3;E9_FR8-1;E8_FR6-1,0.775875942577,0.140781838726,0.119431352468,0.185083308782,False,False,biological animal
double_occurrence,Ocurrencia espacial de núcleos dobles c-FOS y NPY positivos / núcleos DAPI,1463,E7_FR7-1;E8_FR6-3;E8_FR6-4,WATER_NPY1;WATER_NPY2;E9_FR8-1,WATER_NPY3;E7_FR7-5;E8_FR6-1,0.382920706334,0.140781838726,0.12876801347,0.176501711719,False,False,biological animal
double_occurrence,Ocurrencia espacial de núcleos dobles c-FOS y NPY positivos / núcleos DAPI,1464,E7_FR7-1;E8_FR6-3;E8_FR6-4,WATER_NPY1;WATER_NPY2;E8_FR6-1,WATER_NPY3;E7_FR7-5;E9_FR8-1,2.20751549095,0.140781838726,0.191194172945,0.0832079308773,False,False,biological animal
double_occurrence,Ocurrencia espacial de núcleos dobles c-FOS y NPY positivos / núcleos DAPI,1465,E7_FR7-1;E8_FR6-3;E8_FR6-4,WATER_NPY1;WATER_NPY3;E7_FR7-5,WATER_NPY2;E9_FR8-1;E8_FR6-1,1.27901523472,0.140781838726,0.122422950752,0.199556872872,False,False,biological animal
double_occurrence,Ocurrencia espacial de núcleos dobles c-FOS y NPY positivos / núcleos DAPI,1466,E7_FR7-1;E8_FR6-3;E8_FR6-4,WATER_NPY1;WATER_NPY3;E9_FR8-1,WATER_NPY2;E7_FR7-5;E8_FR6-1,0.69385693336,0.140781838726,0.126353808086,0.188090026854,False,False,biological animal
double_occurrence,Ocurrencia espacial de núcleos dobles c-FOS y NPY positivos / núcleos DAPI,1467,E7_FR7-1;E8_FR6-3;E8_FR6-4,WATER_NPY1;WATER_NPY3;E8_FR6-1,WATER_NPY2;E7_FR7-5;E9_FR8-1,2.27385359132,0.140781838726,0.204459423806,0.110905650498,False,False,biological animal
double_occurrence,Ocurrencia espacial de núcleos dobles c-FOS y NPY positivos / núcleos DAPI,1468,E7_FR7-1;E8_FR6-3;E8_FR6-4,WATER_NPY1;E7_FR7-5;E9_FR8-1,WATER_NPY2;WATER_NPY3;E8_FR6-1,2.57642357067,0.140781838726,0.106809323416,0.218553257758,False,False,biological animal
double_occurrence,Ocurrencia espacial de núcleos dobles c-FOS y NPY positivos / núcleos DAPI,1469,E7_FR7-1;E8_FR6-3;E8_FR6-4,WATER_NPY1;E7_FR7-5;E8_FR6-1,WATER_NPY2;WATER_NPY3;E9_FR8-1,1.38589176607,0.140781838726,0.155933607873,0.0949265387532,False,False,biological animal
double_occurrence,Ocurrencia espacial de núcleos dobles c-FOS y NPY positivos / núcleos DAPI,1470,E7_FR7-1;E8_FR6-3;E8_FR6-4,WATER_NPY1;E9_FR8-1;E8_FR6-1,WATER_NPY2;WATER_NPY3;E7_FR7-5,1.87778324209,0.140781838726,0.181725944297,0.114141409545,False,False,biological animal
double_occurrence,Ocurrencia espacial de núcleos dobles c-FOS y NPY positivos / núcleos DAPI,1471,E7_FR7-1;E8_FR6-3;E8_FR6-4,WATER_NPY2;WATER_NPY3;E7_FR7-5,WATER_NPY1;E9_FR8-1;E8_FR6-1,1.87778324209,0.140781838726,0.114141409545,0.181725944297,False,False,biological animal
double_occurrence,Ocurrencia espacial de núcleos dobles c-FOS y NPY positivos / núcleos DAPI,1472,E7_FR7-1;E8_FR6-3;E8_FR6-4,WATER_NPY2;WATER_NPY3;E9_FR8-1,WATER_NPY1;E7_FR7-5;E8_FR6-1,1.38589176607,0.140781838726,0.0949265387532,0.155933607873,False,False,biological animal
double_occurrence,Ocurrencia espacial de núcleos dobles c-FOS y NPY positivos / núcleos DAPI,1473,E7_FR7-1;E8_FR6-3;E8_FR6-4,WATER_NPY2;WATER_NPY3;E8_FR6-1,WATER_NPY1;E7_FR7-5;E9_FR8-1,2.57642357067,0.140781838726,0.218553257758,0.106809323416,False,False,biological animal
double_occurrence,Ocurrencia espacial de núcleos dobles c-FOS y NPY positivos / núcleos DAPI,1474,E7_FR7-1;E8_FR6-3;E8_FR6-4,WATER_NPY2;E7_FR7-5;E9_FR8-1,WATER_NPY1;WATER_NPY3;E8_FR6-1,2.27385359132,0.140781838726,0.110905650498,0.204459423806,False,False,biological animal
double_occurrence,Ocurrencia espacial de núcleos dobles c-FOS y NPY positivos / núcleos DAPI,1475,E7_FR7-1;E8_FR6-3;E8_FR6-4,WATER_NPY2;E7_FR7-5;E8_FR6-1,WATER_NPY1;WATER_NPY3;E9_FR8-1,0.69385693336,0.140781838726,0.188090026854,0.126353808086,False,False,biological animal
double_occurrence,Ocurrencia espacial de núcleos dobles c-FOS y NPY positivos / núcleos DAPI,1476,E7_FR7-1;E8_FR6-3;E8_FR6-4,WATER_NPY2;E9_FR8-1;E8_FR6-1,WATER_NPY1;WATER_NPY3;E7_FR7-5,1.27901523472,0.140781838726,0.199556872872,0.122422950752,False,False,biological animal
double_occurrence,Ocurrencia espacial de núcleos dobles c-FOS y NPY positivos / núcleos DAPI,1477,E7_FR7-1;E8_FR6-3;E8_FR6-4,WATER_NPY3;E7_FR7-5;E9_FR8-1,WATER_NPY1;WATER_NPY2;E8_FR6-1,2.20751549095,0.140781838726,0.0832079308773,0.191194172945,False,False,biological animal
double_occurrence,Ocurrencia espacial de núcleos dobles c-FOS y NPY positivos / núcleos DAPI,1478,E7_FR7-1;E8_FR6-3;E8_FR6-4,WATER_NPY3;E7_FR7-5;E8_FR6-1,WATER_NPY1;WATER_NPY2;E9_FR8-1,0.382920706334,0.140781838726,0.176501711719,0.12876801347,False,False,biological animal
double_occurrence,Ocurrencia espacial de núcleos dobles c-FOS y NPY positivos / núcleos DAPI,1479,E7_FR7-1;E8_FR6-3;E8_FR6-4,WATER_NPY3;E9_FR8-1;E8_FR6-1,WATER_NPY1;WATER_NPY2;E7_FR7-5,0.775875942577,0.140781838726,0.185083308782,0.119431352468,False,False,biological animal
double_occurrence,Ocurrencia espacial de núcleos dobles c-FOS y NPY positivos / núcleos DAPI,1480,E7_FR7-1;E8_FR6-3;E8_FR6-4,E7_FR7-5;E9_FR8-1;E8_FR6-1,WATER_NPY1;WATER_NPY2;WATER_NPY3,0.206289176029,0.140781838726,0.155483249123,0.126769443242,False,False,biological animal
double_occurrence,Ocurrencia espacial de núcleos dobles c-FOS y NPY positivos / núcleos DAPI,1481,E7_FR7-5;E9_FR8-1;E8_FR6-1,WATER_NPY1;WATER_NPY2;WATER_NPY3,E7_FR7-1;E8_FR6-3;E8_FR6-4,0.206289176029,0.155483249123,0.126769443242,0.140781838726,False,False,biological animal
double_occurrence,Ocurrencia espacial de núcleos dobles c-FOS y NPY positivos / núcleos DAPI,1482,E7_FR7-5;E9_FR8-1;E8_FR6-1,WATER_NPY1;WATER_NPY2;E7_FR7-1,WATER_NPY3;E8_FR6-3;E8_FR6-4,1.32895266921,0.155483249123,0.121286934055,0.205298255629,False,False,biological animal
double_occurrence,Ocurrencia espacial de núcleos dobles c-FOS y NPY positivos / núcleos DAPI,1483,E7_FR7-5;E9_FR8-1;E8_FR6-1,WATER_NPY1;WATER_NPY2;E8_FR6-3,WATER_NPY3;E7_FR7-1;E8_FR6-4,0.105276455712,0.155483249123,0.171685790996,0.186653690818,False,False,biological animal
double_occurrence,Ocurrencia espacial de núcleos dobles c-FOS y NPY positivos / núcleos DAPI,1484,E7_FR7-5;E9_FR8-1;E8_FR6-1,WATER_NPY1;WATER_NPY2;E8_FR6-4,WATER_NPY3;E7_FR7-1;E8_FR6-3,0.254398818608,0.155483249123,0.19807342628,0.158283788493,False,False,biological animal
double_occurrence,Ocurrencia espacial de núcleos dobles c-FOS y NPY positivos / núcleos DAPI,1485,E7_FR7-5;E9_FR8-1;E8_FR6-1,WATER_NPY1;WATER_NPY3;E7_FR7-1,WATER_NPY2;E8_FR6-3;E8_FR6-4,1.12809863889,0.155483249123,0.121180837263,0.202039578345,False,False,biological animal
double_occurrence,Ocurrencia espacial de núcleos dobles c-FOS y NPY positivos / núcleos DAPI,1486,E7_FR7-5;E9_FR8-1;E8_FR6-1,WATER_NPY1;WATER_NPY3;E8_FR6-3,WATER_NPY2;E7_FR7-1;E8_FR6-4,0.314559168742,0.155483249123,0.187316964493,0.197966458753,False,False,biological animal
double_occurrence,Ocurrencia espacial de núcleos dobles c-FOS y NPY positivos / núcleos DAPI,1487,E7_FR7-5;E9_FR8-1;E8_FR6-1,WATER_NPY1;WATER_NPY3;E8_FR6-4,WATER_NPY2;E7_FR7-1;E8_FR6-3,0.555244634834,0.155483249123,0.213148665063,0.173146250586,False,False,biological animal
double_occurrence,Ocurrencia espacial de núcleos dobles c-FOS y NPY positivos / núcleos DAPI,1488,E7_FR7-5;E9_FR8-1;E8_FR6-1,WATER_NPY1;E7_FR7-1;E8_FR6-3,WATER_NPY2;WATER_NPY3;E8_FR6-4,1.65314588177,0.155483249123,0.146373399917,0.226478873395,False,False,biological animal
double_occurrence,Ocurrencia espacial de núcleos dobles c-FOS y NPY positivos / núcleos DAPI,1489,E7_FR7-5;E9_FR8-1;E8_FR6-1,WATER_NPY1;E7_FR7-1;E8_FR6-4,WATER_NPY2;WATER_NPY3;E8_FR6-3,0.484923794918,0.155483249123,0.173245915208,0.200661491111,False,False,biological animal
double_occurrence,Ocurrencia espacial de núcleos dobles c-FOS y NPY positivos / núcleos DAPI,1490,E7_FR7-5;E9_FR8-1;E8_FR6-1,WATER_NPY1;E8_FR6-3;E8_FR6-4,WATER_NPY2;WATER_NPY3;E7_FR7-1,0.739565773465,0.155483249123,0.141378919362,0.104253083174,False,False,biological animal
double_occurrence,Ocurrencia espacial de núcleos dobles c-FOS y NPY positivos / núcleos DAPI,1491,E7_FR7-5;E9_FR8-1;E8_FR6-1,WATER_NPY2;WATER_NPY3;E7_FR7-1,WATER_NPY1;E8_FR6-3;E8_FR6-4,0.739565773465,0.155483249123,0.104253083174,0.141378919362,False,False,biological animal
double_occurrence,Ocurrencia espacial de núcleos dobles c-FOS y NPY positivos / núcleos DAPI,1492,E7_FR7-5;E9_FR8-1;E8_FR6-1,WATER_NPY2;WATER_NPY3;E8_FR6-3,WATER_NPY1;E7_FR7-1;E8_FR6-4,0.484923794918,0.155483249123,0.200661491111,0.173245915208,False,False,biological animal
double_occurrence,Ocurrencia espacial de núcleos dobles c-FOS y NPY positivos / núcleos DAPI,1493,E7_FR7-5;E9_FR8-1;E8_FR6-1,WATER_NPY2;WATER_NPY3;E8_FR6-4,WATER_NPY1;E7_FR7-1;E8_FR6-3,1.65314588177,0.155483249123,0.226478873395,0.146373399917,False,False,biological animal
double_occurrence,Ocurrencia espacial de núcleos dobles c-FOS y NPY positivos / núcleos DAPI,1494,E7_FR7-5;E9_FR8-1;E8_FR6-1,WATER_NPY2;E7_FR7-1;E8_FR6-3,WATER_NPY1;WATER_NPY3;E8_FR6-4,0.555244634834,0.155483249123,0.173146250586,0.213148665063,False,False,biological animal
double_occurrence,Ocurrencia espacial de núcleos dobles c-FOS y NPY positivos / núcleos DAPI,1495,E7_FR7-5;E9_FR8-1;E8_FR6-1,WATER_NPY2;E7_FR7-1;E8_FR6-4,WATER_NPY1;WATER_NPY3;E8_FR6-3,0.314559168742,0.155483249123,0.197966458753,0.187316964493,False,False,biological animal
double_occurrence,Ocurrencia espacial de núcleos dobles c-FOS y NPY positivos / núcleos DAPI,1496,E7_FR7-5;E9_FR8-1;E8_FR6-1,WATER_NPY2;E8_FR6-3;E8_FR6-4,WATER_NPY1;WATER_NPY3;E7_FR7-1,1.12809863889,0.155483249123,0.202039578345,0.121180837263,False,False,biological animal
double_occurrence,Ocurrencia espacial de núcleos dobles c-FOS y NPY positivos / núcleos DAPI,1497,E7_FR7-5;E9_FR8-1;E8_FR6-1,WATER_NPY3;E7_FR7-1;E8_FR6-3,WATER_NPY1;WATER_NPY2;E8_FR6-4,0.254398818608,0.155483249123,0.158283788493,0.19807342628,False,False,biological animal
double_occurrence,Ocurrencia espacial de núcleos dobles c-FOS y NPY positivos / núcleos DAPI,1498,E7_FR7-5;E9_FR8-1;E8_FR6-1,WATER_NPY3;E7_FR7-1;E8_FR6-4,WATER_NPY1;WATER_NPY2;E8_FR6-3,0.105276455712,0.155483249123,0.186653690818,0.171685790996,False,False,biological animal
double_occurrence,Ocurrencia espacial de núcleos dobles c-FOS y NPY positivos / núcleos DAPI,1499,E7_FR7-5;E9_FR8-1;E8_FR6-1,WATER_NPY3;E8_FR6-3;E8_FR6-4,WATER_NPY1;WATER_NPY2;E7_FR7-1,1.32895266921,0.155483249123,0.205298255629,0.121286934055,False,False,biological animal
double_occurrence,Ocurrencia espacial de núcleos dobles c-FOS y NPY positivos / núcleos DAPI,1500,E7_FR7-5;E9_FR8-1;E8_FR6-1,E7_FR7-1;E8_FR6-3;E8_FR6-4,WATER_NPY1;WATER_NPY2;WATER_NPY3,0.206289176029,0.155483249123,0.140781838726,0.126769443242,False,False,biological animal
double_occurrence,Ocurrencia espacial de núcleos dobles c-FOS y NPY positivos / núcleos DAPI,1501,E7_FR7-5;E9_FR8-1;E8_FR6-3,WATER_NPY1;WATER_NPY2;WATER_NPY3,E7_FR7-1;E8_FR6-1;E8_FR6-4,0.151562145313,0.14113420508,0.126769443242,0.149326862479,False,False,biological animal
double_occurrence,Ocurrencia espacial de núcleos dobles c-FOS y NPY positivos / núcleos DAPI,1502,E7_FR7-5;E9_FR8-1;E8_FR6-3,WATER_NPY1;WATER_NPY2;E7_FR7-1,WATER_NPY3;E8_FR6-1;E8_FR6-4,1.97355351864,0.14113420508,0.121286934055,0.214423236895,False,False,biological animal
double_occurrence,Ocurrencia espacial de núcleos dobles c-FOS y NPY positivos / núcleos DAPI,1503,E7_FR7-5;E9_FR8-1;E8_FR6-3,WATER_NPY1;WATER_NPY2;E8_FR6-1,WATER_NPY3;E7_FR7-1;E8_FR6-4,0.322504245046,0.14113420508,0.191194172945,0.186653690818,False,False,biological animal
double_occurrence,Ocurrencia espacial de núcleos dobles c-FOS y NPY positivos / núcleos DAPI,1504,E7_FR7-5;E9_FR8-1;E8_FR6-3,WATER_NPY1;WATER_NPY2;E8_FR6-4,WATER_NPY3;E7_FR7-1;E8_FR6-1,0.353432693288,0.14113420508,0.19807342628,0.173718769592,False,False,biological animal
double_occurrence,Ocurrencia espacial de núcleos dobles c-FOS y NPY positivos / núcleos DAPI,1505,E7_FR7-5;E9_FR8-1;E8_FR6-3,WATER_NPY1;WATER_NPY3;E7_FR7-1,WATER_NPY2;E8_FR6-1;E8_FR6-4,1.70452758492,0.14113420508,0.121180837263,0.21288683107,False,False,biological animal
double_occurrence,Ocurrencia espacial de núcleos dobles c-FOS y NPY positivos / núcleos DAPI,1506,E7_FR7-5;E9_FR8-1;E8_FR6-3,WATER_NPY1;WATER_NPY3;E8_FR6-1,WATER_NPY2;E7_FR7-1;E8_FR6-4,0.787161447032,0.14113420508,0.204459423806,0.197966458753,False,False,biological animal
double_occurrence,Ocurrencia espacial de núcleos dobles c-FOS y NPY positivos / núcleos DAPI,1507,E7_FR7-5;E9_FR8-1;E8_FR6-3,WATER_NPY1;WATER_NPY3;E8_FR6-4,WATER_NPY2;E7_FR7-1;E8_FR6-1,0.771752302502,0.14113420508,0.213148665063,0.188274015115,False,False,biological animal
double_occurrence,Ocurrencia espacial de núcleos dobles c-FOS y NPY positivos / núcleos DAPI,1508,E7_FR7-5;E9_FR8-1;E8_FR6-3,WATER_NPY1;E7_FR7-1;E8_FR6-1,WATER_NPY2;WATER_NPY3;E8_FR6-4,1.6959015594,0.14113420508,0.163314876386,0.226478873395,False,False,biological animal
double_occurrence,Ocurrencia espacial de núcleos dobles c-FOS y NPY positivos / núcleos DAPI,1509,E7_FR7-5;E9_FR8-1;E8_FR6-3,WATER_NPY1;E7_FR7-1;E8_FR6-4,WATER_NPY2;WATER_NPY3;E8_FR6-1,1.33711428666,0.14113420508,0.173245915208,0.218553257758,False,False,biological animal
double_occurrence,Ocurrencia espacial de núcleos dobles c-FOS y NPY positivos / núcleos DAPI,1510,E7_FR7-5;E9_FR8-1;E8_FR6-3,WATER_NPY1;E8_FR6-1;E8_FR6-4,WATER_NPY2;WATER_NPY3;E7_FR7-1,0.841284491458,0.14113420508,0.153768483235,0.104253083174,False,False,biological animal
double_occurrence,Ocurrencia espacial de núcleos dobles c-FOS y NPY positivos / núcleos DAPI,1511,E7_FR7-5;E9_FR8-1;E8_FR6-3,WATER_NPY2;WATER_NPY3;E7_FR7-1,WATER_NPY1;E8_FR6-1;E8_FR6-4,0.841284491458,0.14113420508,0.104253083174,0.153768483235,False,False,biological animal
double_occurrence,Ocurrencia espacial de núcleos dobles c-FOS y NPY positivos / núcleos DAPI,1512,E7_FR7-5;E9_FR8-1;E8_FR6-3,WATER_NPY2;WATER_NPY3;E8_FR6-1,WATER_NPY1;E7_FR7-1;E8_FR6-4,1.33711428666,0.14113420508,0.218553257758,0.173245915208,False,False,biological animal
double_occurrence,Ocurrencia espacial de núcleos dobles c-FOS y NPY positivos / núcleos DAPI,1513,E7_FR7-5;E9_FR8-1;E8_FR6-3,WATER_NPY2;WATER_NPY3;E8_FR6-4,WATER_NPY1;E7_FR7-1;E8_FR6-1,1.6959015594,0.14113420508,0.226478873395,0.163314876386,False,False,biological animal
double_occurrence,Ocurrencia espacial de núcleos dobles c-FOS y NPY positivos / núcleos DAPI,1514,E7_FR7-5;E9_FR8-1;E8_FR6-3,WATER_NPY2;E7_FR7-1;E8_FR6-1,WATER_NPY1;WATER_NPY3;E8_FR6-4,0.771752302502,0.14113420508,0.188274015115,0.213148665063,False,False,biological animal
double_occurrence,Ocurrencia espacial de núcleos dobles c-FOS y NPY positivos / núcleos DAPI,1515,E7_FR7-5;E9_FR8-1;E8_FR6-3,WATER_NPY2;E7_FR7-1;E8_FR6-4,WATER_NPY1;WATER_NPY3;E8_FR6-1,0.787161447032,0.14113420508,0.197966458753,0.204459423806,False,False,biological animal
double_occurrence,Ocurrencia espacial de núcleos dobles c-FOS y NPY positivos / núcleos DAPI,1516,E7_FR7-5;E9_FR8-1;E8_FR6-3,WATER_NPY2;E8_FR6-1;E8_FR6-4,WATER_NPY1;WATER_NPY3;E7_FR7-1,1.70452758492,0.14113420508,0.21288683107,0.121180837263,False,False,biological animal
double_occurrence,Ocurrencia espacial de núcleos dobles c-FOS y NPY positivos / núcleos DAPI,1517,E7_FR7-5;E9_FR8-1;E8_FR6-3,WATER_NPY3;E7_FR7-1;E8_FR6-1,WATER_NPY1;WATER_NPY2;E8_FR6-4,0.353432693288,0.14113420508,0.173718769592,0.19807342628,False,False,biological animal
double_occurrence,Ocurrencia espacial de núcleos dobles c-FOS y NPY positivos / núcleos DAPI,1518,E7_FR7-5;E9_FR8-1;E8_FR6-3,WATER_NPY3;E7_FR7-1;E8_FR6-4,WATER_NPY1;WATER_NPY2;E8_FR6-1,0.322504245046,0.14113420508,0.186653690818,0.191194172945,False,False,biological animal
double_occurrence,Ocurrencia espacial de núcleos dobles c-FOS y NPY positivos / núcleos DAPI,1519,E7_FR7-5;E9_FR8-1;E8_FR6-3,WATER_NPY3;E8_FR6-1;E8_FR6-4,WATER_NPY1;WATER_NPY2;E7_FR7-1,1.97355351864,0.14113420508,0.214423236895,0.121286934055,False,False,biological animal
double_occurrence,Ocurrencia espacial de núcleos dobles c-FOS y NPY positivos / núcleos DAPI,1520,E7_FR7-5;E9_FR8-1;E8_FR6-3,E7_FR7-1;E8_FR6-1;E8_FR6-4,WATER_NPY1;WATER_NPY2;WATER_NPY3,0.151562145313,0.14113420508,0.149326862479,0.126769443242,False,False,biological animal
double_occurrence,Ocurrencia espacial de núcleos dobles c-FOS y NPY positivos / núcleos DAPI,1521,E7_FR7-5;E9_FR8-1;E8_FR6-4,WATER_NPY1;WATER_NPY2;WATER_NPY3,E7_FR7-1;E8_FR6-1;E8_FR6-3,0.520867126123,0.168590636599,0.126769443242,0.133615610223,False,False,biological animal
double_occurrence,Ocurrencia espacial de núcleos dobles c-FOS y NPY positivos / núcleos DAPI,1522,E7_FR7-5;E9_FR8-1;E8_FR6-4,WATER_NPY1;WATER_NPY2;E7_FR7-1,WATER_NPY3;E8_FR6-1;E8_FR6-3,1.17694959573,0.168590636599,0.121286934055,0.198889589098,False,False,biological animal
double_occurrence,Ocurrencia espacial de núcleos dobles c-FOS y NPY positivos / núcleos DAPI,1523,E7_FR7-5;E9_FR8-1;E8_FR6-4,WATER_NPY1;WATER_NPY2;E8_FR6-1,WATER_NPY3;E7_FR7-1;E8_FR6-3,0.12265977235,0.168590636599,0.191194172945,0.158283788493,False,False,biological animal
double_occurrence,Ocurrencia espacial de núcleos dobles c-FOS y NPY positivos / núcleos DAPI,1524,E7_FR7-5;E9_FR8-1;E8_FR6-4,WATER_NPY1;WATER_NPY2;E8_FR6-3,WATER_NPY3;E7_FR7-1;E8_FR6-1,0.00287348809755,0.168590636599,0.171685790996,0.173718769592,False,False,biological animal
double_occurrence,Ocurrencia espacial de núcleos dobles c-FOS y NPY positivos / núcleos DAPI,1525,E7_FR7-5;E9_FR8-1;E8_FR6-4,WATER_NPY1;WATER_NPY3;E7_FR7-1,WATER_NPY2;E8_FR6-1;E8_FR6-3,1.00699916394,0.168590636599,0.121180837263,0.198469505102,False,False,biological animal
double_occurrence,Ocurrencia espacial de núcleos dobles c-FOS y NPY positivos / núcleos DAPI,1526,E7_FR7-5;E9_FR8-1;E8_FR6-4,WATER_NPY1;WATER_NPY3;E8_FR6-1,WATER_NPY2;E7_FR7-1;E8_FR6-3,0.25004963125,0.168590636599,0.204459423806,0.173146250586,False,False,biological animal
double_occurrence,Ocurrencia espacial de núcleos dobles c-FOS y NPY positivos / núcleos DAPI,1527,E7_FR7-5;E9_FR8-1;E8_FR6-4,WATER_NPY1;WATER_NPY3;E8_FR6-3,WATER_NPY2;E7_FR7-1;E8_FR6-1,0.0725501581276,0.168590636599,0.187316964493,0.188274015115,False,False,biological animal
double_occurrence,Ocurrencia espacial de núcleos dobles c-FOS y NPY positivos / núcleos DAPI,1528,E7_FR7-5;E9_FR8-1;E8_FR6-4,WATER_NPY1;E7_FR7-1;E8_FR6-1,WATER_NPY2;WATER_NPY3;E8_FR6-3,0.375694465512,0.168590636599,0.163314876386,0.200661491111,False,False,biological animal
double_occurrence,Ocurrencia espacial de núcleos dobles c-FOS y NPY positivos / núcleos DAPI,1529,E7_FR7-5;E9_FR8-1;E8_FR6-4,WATER_NPY1;E7_FR7-1;E8_FR6-3,WATER_NPY2;WATER_NPY3;E8_FR6-1,1.18036322274,0.168590636599,0.146373399917,0.218553257758,False,False,biological animal
double_occurrence,Ocurrencia espacial de núcleos dobles c-FOS y NPY positivos / núcleos DAPI,1530,E7_FR7-5;E9_FR8-1;E8_FR6-4,WATER_NPY1;E8_FR6-1;E8_FR6-3,WATER_NPY2;WATER_NPY3;E7_FR7-1,1.09249188476,0.168590636599,0.135998653466,0.104253083174,False,False,biological animal
double_occurrence,Ocurrencia espacial de núcleos dobles c-FOS y NPY positivos / núcleos DAPI,1531,E7_FR7-5;E9_FR8-1;E8_FR6-4,WATER_NPY2;WATER_NPY3;E7_FR7-1,WATER_NPY1;E8_FR6-1;E8_FR6-3,1.09249188476,0.168590636599,0.104253083174,0.135998653466,False,False,biological animal
double_occurrence,Ocurrencia espacial de núcleos dobles c-FOS y NPY positivos / núcleos DAPI,1532,E7_FR7-5;E9_FR8-1;E8_FR6-4,WATER_NPY2;WATER_NPY3;E8_FR6-1,WATER_NPY1;E7_FR7-1;E8_FR6-3,1.18036322274,0.168590636599,0.218553257758,0.146373399917,False,False,biological animal
double_occurrence,Ocurrencia espacial de núcleos dobles c-FOS y NPY positivos / núcleos DAPI,1533,E7_FR7-5;E9_FR8-1;E8_FR6-4,WATER_NPY2;WATER_NPY3;E8_FR6-3,WATER_NPY1;E7_FR7-1;E8_FR6-1,0.375694465512,0.168590636599,0.200661491111,0.163314876386,False,False,biological animal
double_occurrence,Ocurrencia espacial de núcleos dobles c-FOS y NPY positivos / núcleos DAPI,1534,E7_FR7-5;E9_FR8-1;E8_FR6-4,WATER_NPY2;E7_FR7-1;E8_FR6-1,WATER_NPY1;WATER_NPY3;E8_FR6-3,0.0725501581276,0.168590636599,0.188274015115,0.187316964493,False,False,biological animal
double_occurrence,Ocurrencia espacial de núcleos dobles c-FOS y NPY positivos / núcleos DAPI,1535,E7_FR7-5;E9_FR8-1;E8_FR6-4,WATER_NPY2;E7_FR7-1;E8_FR6-3,WATER_NPY1;WATER_NPY3;E8_FR6-1,0.25004963125,0.168590636599,0.173146250586,0.204459423806,False,False,biological animal
double_occurrence,Ocurrencia espacial de núcleos dobles c-FOS y NPY positivos / núcleos DAPI,1536,E7_FR7-5;E9_FR8-1;E8_FR6-4,WATER_NPY2;E8_FR6-1;E8_FR6-3,WATER_NPY1;WATER_NPY3;E7_FR7-1,1.00699916394,0.168590636599,0.198469505102,0.121180837263,False,False,biological animal
double_occurrence,Ocurrencia espacial de núcleos dobles c-FOS y NPY positivos / núcleos DAPI,1537,E7_FR7-5;E9_FR8-1;E8_FR6-4,WATER_NPY3;E7_FR7-1;E8_FR6-1,WATER_NPY1;WATER_NPY2;E8_FR6-3,0.00287348809755,0.168590636599,0.173718769592,0.171685790996,False,False,biological animal
double_occurrence,Ocurrencia espacial de núcleos dobles c-FOS y NPY positivos / núcleos DAPI,1538,E7_FR7-5;E9_FR8-1;E8_FR6-4,WATER_NPY3;E7_FR7-1;E8_FR6-3,WATER_NPY1;WATER_NPY2;E8_FR6-1,0.12265977235,0.168590636599,0.158283788493,0.191194172945,False,False,biological animal
double_occurrence,Ocurrencia espacial de núcleos dobles c-FOS y NPY positivos / núcleos DAPI,1539,E7_FR7-5;E9_FR8-1;E8_FR6-4,WATER_NPY3;E8_FR6-1;E8_FR6-3,WATER_NPY1;WATER_NPY2;E7_FR7-1,1.17694959573,0.168590636599,0.198889589098,0.121286934055,False,False,biological animal
double_occurrence,Ocurrencia espacial de núcleos dobles c-FOS y NPY positivos / núcleos DAPI,1540,E7_FR7-5;E9_FR8-1;E8_FR6-4,E7_FR7-1;E8_FR6-1;E8_FR6-3,WATER_NPY1;WATER_NPY2;WATER_NPY3,0.520867126123,0.168590636599,0.133615610223,0.126769443242,False,False,biological animal
double_occurrence,Ocurrencia espacial de núcleos dobles c-FOS y NPY positivos / núcleos DAPI,1541,E7_FR7-5;E8_FR6-1;E8_FR6-3,WATER_NPY1;WATER_NPY2;WATER_NPY3,E7_FR7-1;E9_FR8-1;E8_FR6-4,0.468591807218,0.12772716793,0.126769443242,0.165278911965,False,False,biological animal
double_occurrence,Ocurrencia espacial de núcleos dobles c-FOS y NPY positivos / núcleos DAPI,1542,E7_FR7-5;E8_FR6-1;E8_FR6-3,WATER_NPY1;WATER_NPY2;E7_FR7-1,WATER_NPY3;E9_FR8-1;E8_FR6-4,1.29365203239,0.12772716793,0.121286934055,0.19720973801,False,False,biological animal
double_occurrence,Ocurrencia espacial de núcleos dobles c-FOS y NPY positivos / núcleos DAPI,1543,E7_FR7-5;E8_FR6-1;E8_FR6-3,WATER_NPY1;WATER_NPY2;E9_FR8-1,WATER_NPY3;E7_FR7-1;E8_FR6-4,0.696813492446,0.12772716793,0.12876801347,0.186653690818,False,False,biological animal
double_occurrence,Ocurrencia espacial de núcleos dobles c-FOS y NPY positivos / núcleos DAPI,1544,E7_FR7-5;E8_FR6-1;E8_FR6-3,WATER_NPY1;WATER_NPY2;E8_FR6-4,WATER_NPY3;E7_FR7-1;E9_FR8-1,3.73254907388,0.12772716793,0.19807342628,0.0663496420174,False,False,biological animal
double_occurrence,Ocurrencia espacial de núcleos dobles c-FOS y NPY positivos / núcleos DAPI,1545,E7_FR7-5;E8_FR6-1;E8_FR6-3,WATER_NPY1;WATER_NPY3;E7_FR7-1,WATER_NPY2;E9_FR8-1;E8_FR6-4,2.07619105399,0.12772716793,0.121180837263,0.20831294713,False,False,biological animal
double_occurrence,Ocurrencia espacial de núcleos dobles c-FOS y NPY positivos / núcleos DAPI,1546,E7_FR7-5;E8_FR6-1;E8_FR6-3,WATER_NPY1;WATER_NPY3;E9_FR8-1,WATER_NPY2;E7_FR7-1;E8_FR6-4,1.29411170215,0.12772716793,0.126353808086,0.197966458753,False,False,biological animal
double_occurrence,Ocurrencia espacial de núcleos dobles c-FOS y NPY positivos / núcleos DAPI,1547,E7_FR7-5;E8_FR6-1;E8_FR6-3,WATER_NPY1;WATER_NPY3;E8_FR6-4,WATER_NPY2;E7_FR7-1;E9_FR8-1,3.39706077149,0.12772716793,0.213148665063,0.0994011394723,False,False,biological animal
double_occurrence,Ocurrencia espacial de núcleos dobles c-FOS y NPY positivos / núcleos DAPI,1548,E7_FR7-5;E8_FR6-1;E8_FR6-3,WATER_NPY1;E7_FR7-1;E9_FR8-1,WATER_NPY2;WATER_NPY3;E8_FR6-4,3.31504435912,0.12772716793,0.104490056246,0.226478873395,False,False,biological animal
double_occurrence,Ocurrencia espacial de núcleos dobles c-FOS y NPY positivos / núcleos DAPI,1549,E7_FR7-5;E8_FR6-1;E8_FR6-3,WATER_NPY1;E7_FR7-1;E8_FR6-4,WATER_NPY2;WATER_NPY3;E9_FR8-1,2.6120356376,0.12772716793,0.173245915208,0.0949265387532,False,False,biological animal
double_occurrence,Ocurrencia espacial de núcleos dobles c-FOS y NPY positivos / núcleos DAPI,1550,E7_FR7-5;E8_FR6-1;E8_FR6-3,WATER_NPY1;E9_FR8-1;E8_FR6-4,WATER_NPY2;WATER_NPY3;E7_FR7-1,3.72389875188,0.12772716793,0.19101882901,0.104253083174,False,False,biological animal
double_occurrence,Ocurrencia espacial de núcleos dobles c-FOS y NPY positivos / núcleos DAPI,1551,E7_FR7-5;E8_FR6-1;E8_FR6-3,WATER_NPY2;WATER_NPY3;E7_FR7-1,WATER_NPY1;E9_FR8-1;E8_FR6-4,3.72389875188,0.12772716793,0.104253083174,0.19101882901,False,False,biological animal
double_occurrence,Ocurrencia espacial de núcleos dobles c-FOS y NPY positivos / núcleos DAPI,1552,E7_FR7-5;E8_FR6-1;E8_FR6-3,WATER_NPY2;WATER_NPY3;E9_FR8-1,WATER_NPY1;E7_FR7-1;E8_FR6-4,2.6120356376,0.12772716793,0.0949265387532,0.173245915208,False,False,biological animal
double_occurrence,Ocurrencia espacial de núcleos dobles c-FOS y NPY positivos / núcleos DAPI,1553,E7_FR7-5;E8_FR6-1;E8_FR6-3,WATER_NPY2;WATER_NPY3;E8_FR6-4,WATER_NPY1;E7_FR7-1;E9_FR8-1,3.31504435912,0.12772716793,0.226478873395,0.104490056246,False,False,biological animal
double_occurrence,Ocurrencia espacial de núcleos dobles c-FOS y NPY positivos / núcleos DAPI,1554,E7_FR7-5;E8_FR6-1;E8_FR6-3,WATER_NPY2;E7_FR7-1;E9_FR8-1,WATER_NPY1;WATER_NPY3;E8_FR6-4,3.39706077149,0.12772716793,0.0994011394723,0.213148665063,False,False,biological animal
double_occurrence,Ocurrencia espacial de núcleos dobles c-FOS y NPY positivos / núcleos DAPI,1555,E7_FR7-5;E8_FR6-1;E8_FR6-3,WATER_NPY2;E7_FR7-1;E8_FR6-4,WATER_NPY1;WATER_NPY3;E9_FR8-1,1.29411170215,0.12772716793,0.197966458753,0.126353808086,False,False,biological animal
double_occurrence,Ocurrencia espacial de núcleos dobles c-FOS y NPY positivos / núcleos DAPI,1556,E7_FR7-5;E8_FR6-1;E8_FR6-3,WATER_NPY2;E9_FR8-1;E8_FR6-4,WATER_NPY1;WATER_NPY3;E7_FR7-1,2.07619105399,0.12772716793,0.20831294713,0.121180837263,False,False,biological animal
double_occurrence,Ocurrencia espacial de núcleos dobles c-FOS y NPY positivos / núcleos DAPI,1557,E7_FR7-5;E8_FR6-1;E8_FR6-3,WATER_NPY3;E7_FR7-1;E9_FR8-1,WATER_NPY1;WATER_NPY2;E8_FR6-4,3.73254907388,0.12772716793,0.0663496420174,0.19807342628,False,False,biological animal
double_occurrence,Ocurrencia espacial de núcleos dobles c-FOS y NPY positivos / núcleos DAPI,1558,E7_FR7-5;E8_FR6-1;E8_FR6-3,WATER_NPY3;E7_FR7-1;E8_FR6-4,WATER_NPY1;WATER_NPY2;E9_FR8-1,0.696813492446,0.12772716793,0.186653690818,0.12876801347,False,False,biological animal
double_occurrence,Ocurrencia espacial de núcleos dobles c-FOS y NPY positivos / núcleos DAPI,1559,E7_FR7-5;E8_FR6-1;E8_FR6-3,WATER_NPY3;E9_FR8-1;E8_FR6-4,WATER_NPY1;WATER_NPY2;E7_FR7-1,1.29365203239,0.12772716793,0.19720973801,0.121286934055,False,False,biological animal
double_occurrence,Ocurrencia espacial de núcleos dobles c-FOS y NPY positivos / núcleos DAPI,1560,E7_FR7-5;E8_FR6-1;E8_FR6-3,E7_FR7-1;E9_FR8-1;E8_FR6-4,WATER_NPY1;WATER_NPY2;WATER_NPY3,0.468591807218,0.12772716793,0.165278911965,0.126769443242,False,False,biological animal
double_occurrence,Ocurrencia espacial de núcleos dobles c-FOS y NPY positivos / núcleos DAPI,1561,E7_FR7-5;E8_FR6-1;E8_FR6-4,WATER_NPY1;WATER_NPY2;WATER_NPY3,E7_FR7-1;E9_FR8-1;E8_FR6-3,0.0820397832143,0.144009708277,0.126769443242,0.137496356749,False,False,biological animal
double_occurrence,Ocurrencia espacial de núcleos dobles c-FOS y NPY positivos / núcleos DAPI,1562,E7_FR7-5;E8_FR6-1;E8_FR6-4,WATER_NPY1;WATER_NPY2;E7_FR7-1,WATER_NPY3;E9_FR8-1;E8_FR6-3,0.499943309552,0.144009708277,0.121286934055,0.169855348373,False,False,biological animal
double_occurrence,Ocurrencia espacial de núcleos dobles c-FOS y NPY positivos / núcleos DAPI,1563,E7_FR7-5;E8_FR6-1;E8_FR6-4,WATER_NPY1;WATER_NPY2;E9_FR8-1,WATER_NPY3;E7_FR7-1;E8_FR6-3,0.148245461526,0.144009708277,0.12876801347,0.158283788493,False,False,biological animal
double_occurrence,Ocurrencia espacial de núcleos dobles c-FOS y NPY positivos / núcleos DAPI,1564,E7_FR7-5;E8_FR6-1;E8_FR6-4,WATER_NPY1;WATER_NPY2;E8_FR6-3,WATER_NPY3;E7_FR7-1;E9_FR8-1,2.76349540089,0.144009708277,0.171685790996,0.0663496420174,False,False,biological animal
double_occurrence,Ocurrencia espacial de núcleos dobles c-FOS y NPY positivos / núcleos DAPI,1565,E7_FR7-5;E8_FR6-1;E8_FR6-4,WATER_NPY1;WATER_NPY3;E7_FR7-1,WATER_NPY2;E9_FR8-1;E8_FR6-3,0.996899033607,0.144009708277,0.121180837263,0.183922314028,False,False,biological animal
double_occurrence,Ocurrencia espacial de núcleos dobles c-FOS y NPY positivos / núcleos DAPI,1566,E7_FR7-5;E8_FR6-1;E8_FR6-4,WATER_NPY1;WATER_NPY3;E9_FR8-1,WATER_NPY2;E7_FR7-1;E8_FR6-3,0.472033347485,0.144009708277,0.126353808086,0.173146250586,False,False,biological animal
double_occurrence,Ocurrencia espacial de núcleos dobles c-FOS y NPY positivos / núcleos DAPI,1567,E7_FR7-5;E8_FR6-1;E8_FR6-4,WATER_NPY1;WATER_NPY3;E8_FR6-3,WATER_NPY2;E7_FR7-1;E9_FR8-1,2.146871033,0.144009708277,0.187316964493,0.0994011394723,False,False,biological animal
double_occurrence,Ocurrencia espacial de núcleos dobles c-FOS y NPY positivos / núcleos DAPI,1568,E7_FR7-5;E8_FR6-1;E8_FR6-4,WATER_NPY1;E7_FR7-1;E9_FR8-1,WATER_NPY2;WATER_NPY3;E8_FR6-3,2.1233881592,0.144009708277,0.104490056246,0.200661491111,False,False,biological animal
double_occurrence,Ocurrencia espacial de núcleos dobles c-FOS y NPY positivos / núcleos DAPI,1569,E7_FR7-5;E8_FR6-1;E8_FR6-4,WATER_NPY1;E7_FR7-1;E8_FR6-3,WATER_NPY2;WATER_NPY3;E9_FR8-1,1.6151859527,0.144009708277,0.146373399917,0.0949265387532,False,False,biological animal
double_occurrence,Ocurrencia espacial de núcleos dobles c-FOS y NPY positivos / núcleos DAPI,1570,E7_FR7-5;E8_FR6-1;E8_FR6-4,WATER_NPY1;E9_FR8-1;E8_FR6-3,WATER_NPY2;WATER_NPY3;E7_FR7-1,1.93479833532,0.144009708277,0.165326588668,0.104253083174,False,False,biological animal
double_occurrence,Ocurrencia espacial de núcleos dobles c-FOS y NPY positivos / núcleos DAPI,1571,E7_FR7-5;E8_FR6-1;E8_FR6-4,WATER_NPY2;WATER_NPY3;E7_FR7-1,WATER_NPY1;E9_FR8-1;E8_FR6-3,1.93479833532,0.144009708277,0.104253083174,0.165326588668,False,False,biological animal
double_occurrence,Ocurrencia espacial de núcleos dobles c-FOS y NPY positivos / núcleos DAPI,1572,E7_FR7-5;E8_FR6-1;E8_FR6-4,WATER_NPY2;WATER_NPY3;E9_FR8-1,WATER_NPY1;E7_FR7-1;E8_FR6-3,1.6151859527,0.144009708277,0.0949265387532,0.146373399917,False,False,biological animal
double_occurrence,Ocurrencia espacial de núcleos dobles c-FOS y NPY positivos / núcleos DAPI,1573,E7_FR7-5;E8_FR6-1;E8_FR6-4,WATER_NPY2;WATER_NPY3;E8_FR6-3,WATER_NPY1;E7_FR7-1;E9_FR8-1,2.1233881592,0.144009708277,0.200661491111,0.104490056246,False,False,biological animal
double_occurrence,Ocurrencia espacial de núcleos dobles c-FOS y NPY positivos / núcleos DAPI,1574,E7_FR7-5;E8_FR6-1;E8_FR6-4,WATER_NPY2;E7_FR7-1;E9_FR8-1,WATER_NPY1;WATER_NPY3;E8_FR6-3,2.146871033,0.144009708277,0.0994011394723,0.187316964493,False,False,biological animal
double_occurrence,Ocurrencia espacial de núcleos dobles c-FOS y NPY positivos / núcleos DAPI,1575,E7_FR7-5;E8_FR6-1;E8_FR6-4,WATER_NPY2;E7_FR7-1;E8_FR6-3,WATER_NPY1;WATER_NPY3;E9_FR8-1,0.472033347485,0.144009708277,0.173146250586,0.126353808086,False,False,biological animal
double_occurrence,Ocurrencia espacial de núcleos dobles c-FOS y NPY positivos / núcleos DAPI,1576,E7_FR7-5;E8_FR6-1;E8_FR6-4,WATER_NPY2;E9_FR8-1;E8_FR6-3,WATER_NPY1;WATER_NPY3;E7_FR7-1,0.996899033607,0.144009708277,0.183922314028,0.121180837263,False,False,biological animal
double_occurrence,Ocurrencia espacial de núcleos dobles c-FOS y NPY positivos / núcleos DAPI,1577,E7_FR7-5;E8_FR6-1;E8_FR6-4,WATER_NPY3;E7_FR7-1;E9_FR8-1,WATER_NPY1;WATER_NPY2;E8_FR6-3,2.76349540089,0.144009708277,0.0663496420174,0.171685790996,False,False,biological animal
double_occurrence,Ocurrencia espacial de núcleos dobles c-FOS y NPY positivos / núcleos DAPI,1578,E7_FR7-5;E8_FR6-1;E8_FR6-4,WATER_NPY3;E7_FR7-1;E8_FR6-3,WATER_NPY1;WATER_NPY2;E9_FR8-1,0.148245461526,0.144009708277,0.158283788493,0.12876801347,False,False,biological animal
double_occurrence,Ocurrencia espacial de núcleos dobles c-FOS y NPY positivos / núcleos DAPI,1579,E7_FR7-5;E8_FR6-1;E8_FR6-4,WATER_NPY3;E9_FR8-1;E8_FR6-3,WATER_NPY1;WATER_NPY2;E7_FR7-1,0.499943309552,0.144009708277,0.169855348373,0.121286934055,False,False,biological animal
double_occurrence,Ocurrencia espacial de núcleos dobles c-FOS y NPY positivos / núcleos DAPI,1580,E7_FR7-5;E8_FR6-1;E8_FR6-4,E7_FR7-1;E9_FR8-1;E8_FR6-3,WATER_NPY1;WATER_NPY2;WATER_NPY3,0.0820397832143,0.144009708277,0.137496356749,0.126769443242,False,False,biological animal
double_occurrence,Ocurrencia espacial de núcleos dobles c-FOS y NPY positivos / núcleos DAPI,1581,E7_FR7-5;E8_FR6-3;E8_FR6-4,WATER_NPY1;WATER_NPY2;WATER_NPY3,E7_FR7-1;E9_FR8-1;E8_FR6-1,0.161662067621,0.135435925413,0.126769443242,0.152637389372,False,False,biological animal
double_occurrence,Ocurrencia espacial de núcleos dobles c-FOS y NPY positivos / núcleos DAPI,1582,E7_FR7-5;E8_FR6-3;E8_FR6-4,WATER_NPY1;WATER_NPY2;E7_FR7-1,WATER_NPY3;E9_FR8-1;E8_FR6-1,0.800773029943,0.135435925413,0.121286934055,0.185083308782,False,False,biological animal
double_occurrence,Ocurrencia espacial de núcleos dobles c-FOS y NPY positivos / núcleos DAPI,1583,E7_FR7-5;E8_FR6-3;E8_FR6-4,WATER_NPY1;WATER_NPY2;E9_FR8-1,WATER_NPY3;E7_FR7-1;E8_FR6-1,0.346851713519,0.135435925413,0.12876801347,0.173718769592,False,False,biological animal
double_occurrence,Ocurrencia espacial de núcleos dobles c-FOS y NPY positivos / núcleos DAPI,1584,E7_FR7-5;E8_FR6-3;E8_FR6-4,WATER_NPY1;WATER_NPY2;E8_FR6-1,WATER_NPY3;E7_FR7-1;E9_FR8-1,3.01918045304,0.135435925413,0.191194172945,0.0663496420174,False,False,biological animal
double_occurrence,Ocurrencia espacial de núcleos dobles c-FOS y NPY positivos / núcleos DAPI,1585,E7_FR7-5;E8_FR6-3;E8_FR6-4,WATER_NPY1;WATER_NPY3;E7_FR7-1,WATER_NPY2;E9_FR8-1;E8_FR6-1,1.36831336459,0.135435925413,0.121180837263,0.199556872872,False,False,biological animal
double_occurrence,Ocurrencia espacial de núcleos dobles c-FOS y NPY positivos / núcleos DAPI,1586,E7_FR7-5;E8_FR6-3;E8_FR6-4,WATER_NPY1;WATER_NPY3;E9_FR8-1,WATER_NPY2;E7_FR7-1;E8_FR6-1,0.749085880818,0.135435925413,0.126353808086,0.188274015115,False,False,biological animal
double_occurrence,Ocurrencia espacial de núcleos dobles c-FOS y NPY positivos / núcleos DAPI,1587,E7_FR7-5;E8_FR6-3;E8_FR6-4,WATER_NPY1;WATER_NPY3;E8_FR6-1,WATER_NPY2;E7_FR7-1;E9_FR8-1,2.74832349698,0.135435925413,0.204459423806,0.0994011394723,False,False,biological animal
double_occurrence,Ocurrencia espacial de núcleos dobles c-FOS y NPY positivos / núcleos DAPI,1588,E7_FR7-5;E8_FR6-3;E8_FR6-4,WATER_NPY1;E7_FR7-1;E9_FR8-1,WATER_NPY2;WATER_NPY3;E8_FR6-1,2.65202680602,0.135435925413,0.104490056246,0.218553257758,False,False,biological animal
double_occurrence,Ocurrencia espacial de núcleos dobles c-FOS y NPY positivos / núcleos DAPI,1589,E7_FR7-5;E8_FR6-3;E8_FR6-4,WATER_NPY1;E7_FR7-1;E8_FR6-1,WATER_NPY2;WATER_NPY3;E9_FR8-1,1.78255953252,0.135435925413,0.163314876386,0.0949265387532,False,False,biological animal
double_occurrence,Ocurrencia espacial de núcleos dobles c-FOS y NPY positivos / núcleos DAPI,1590,E7_FR7-5;E8_FR6-3;E8_FR6-4,WATER_NPY1;E9_FR8-1;E8_FR6-1,WATER_NPY2;WATER_NPY3;E7_FR7-1,2.51547131159,0.135435925413,0.181725944297,0.104253083174,False,False,biological animal
double_occurrence,Ocurrencia espacial de núcleos dobles c-FOS y NPY positivos / núcleos DAPI,1591,E7_FR7-5;E8_FR6-3;E8_FR6-4,WATER_NPY2;WATER_NPY3;E7_FR7-1,WATER_NPY1;E9_FR8-1;E8_FR6-1,2.51547131159,0.135435925413,0.104253083174,0.181725944297,False,False,biological animal
double_occurrence,Ocurrencia espacial de núcleos dobles c-FOS y NPY positivos / núcleos DAPI,1592,E7_FR7-5;E8_FR6-3;E8_FR6-4,WATER_NPY2;WATER_NPY3;E9_FR8-1,WATER_NPY1;E7_FR7-1;E8_FR6-1,1.78255953252,0.135435925413,0.0949265387532,0.163314876386,False,False,biological animal
double_occurrence,Ocurrencia espacial de núcleos dobles c-FOS y NPY positivos / núcleos DAPI,1593,E7_FR7-5;E8_FR6-3;E8_FR6-4,WATER_NPY2;WATER_NPY3;E8_FR6-1,WATER_NPY1;E7_FR7-1;E9_FR8-1,2.65202680602,0.135435925413,0.218553257758,0.104490056246,False,False,biological animal
double_occurrence,Ocurrencia espacial de núcleos dobles c-FOS y NPY positivos / núcleos DAPI,1594,E7_FR7-5;E8_FR6-3;E8_FR6-4,WATER_NPY2;E7_FR7-1;E9_FR8-1,WATER_NPY1;WATER_NPY3;E8_FR6-1,2.74832349698,0.135435925413,0.0994011394723,0.204459423806,False,False,biological animal
double_occurrence,Ocurrencia espacial de núcleos dobles c-FOS y NPY positivos / núcleos DAPI,1595,E7_FR7-5;E8_FR6-3;E8_FR6-4,WATER_NPY2;E7_FR7-1;E8_FR6-1,WATER_NPY1;WATER_NPY3;E9_FR8-1,0.749085880818,0.135435925413,0.188274015115,0.126353808086,False,False,biological animal
double_occurrence,Ocurrencia espacial de núcleos dobles c-FOS y NPY positivos / núcleos DAPI,1596,E7_FR7-5;E8_FR6-3;E8_FR6-4,WATER_NPY2;E9_FR8-1;E8_FR6-1,WATER_NPY1;WATER_NPY3;E7_FR7-1,1.36831336459,0.135435925413,0.199556872872,0.121180837263,False,False,biological animal
double_occurrence,Ocurrencia espacial de núcleos dobles c-FOS y NPY positivos / núcleos DAPI,1597,E7_FR7-5;E8_FR6-3;E8_FR6-4,WATER_NPY3;E7_FR7-1;E9_FR8-1,WATER_NPY1;WATER_NPY2;E8_FR6-1,3.01918045304,0.135435925413,0.0663496420174,0.191194172945,False,False,biological animal
double_occurrence,Ocurrencia espacial de núcleos dobles c-FOS y NPY positivos / núcleos DAPI,1598,E7_FR7-5;E8_FR6-3;E8_FR6-4,WATER_NPY3;E7_FR7-1;E8_FR6-1,WATER_NPY1;WATER_NPY2;E9_FR8-1,0.346851713519,0.135435925413,0.173718769592,0.12876801347,False,False,biological animal
double_occurrence,Ocurrencia espacial de núcleos dobles c-FOS y NPY positivos / núcleos DAPI,1599,E7_FR7-5;E8_FR6-3;E8_FR6-4,WATER_NPY3;E9_FR8-1;E8_FR6-1,WATER_NPY1;WATER_NPY2;E7_FR7-1,0.800773029943,0.135435925413,0.185083308782,0.121286934055,False,False,biological animal
double_occurrence,Ocurrencia espacial de núcleos dobles c-FOS y NPY positivos / núcleos DAPI,1600,E7_FR7-5;E8_FR6-3;E8_FR6-4,E7_FR7-1;E9_FR8-1;E8_FR6-1,WATER_NPY1;WATER_NPY2;WATER_NPY3,0.161662067621,0.135435925413,0.152637389372,0.126769443242,False,False,biological animal
double_occurrence,Ocurrencia espacial de núcleos dobles c-FOS y NPY positivos / núcleos DAPI,1601,E9_FR8-1;E8_FR6-1;E8_FR6-3,WATER_NPY1;WATER_NPY2;WATER_NPY3,E7_FR7-1;E7_FR7-5;E8_FR6-4,0.23085952186,0.15534424561,0.126769443242,0.152185747168,False,False,biological animal
double_occurrence,Ocurrencia espacial de núcleos dobles c-FOS y NPY positivos / núcleos DAPI,1602,E9_FR8-1;E8_FR6-1;E8_FR6-3,WATER_NPY1;WATER_NPY2;E7_FR7-1,WATER_NPY3;E7_FR7-5;E8_FR6-4,0.717245447051,0.15534424561,0.121286934055,0.190009576628,False,False,biological animal
double_occurrence,Ocurrencia espacial de núcleos dobles c-FOS y NPY positivos / núcleos DAPI,1603,E9_FR8-1;E8_FR6-1;E8_FR6-3,WATER_NPY1;WATER_NPY2;E7_FR7-5,WATER_NPY3;E7_FR7-1;E8_FR6-4,0.630154030704,0.15534424561,0.119431352468,0.186653690818,False,False,biological animal
double_occurrence,Ocurrencia espacial de núcleos dobles c-FOS y NPY positivos / núcleos DAPI,1604,E9_FR8-1;E8_FR6-1;E8_FR6-3,WATER_NPY1;WATER_NPY2;E8_FR6-4,WATER_NPY3;E7_FR7-1;E7_FR7-5,2.64514685395,0.15534424561,0.19807342628,0.0783666756761,False,False,biological animal
double_occurrence,Ocurrencia espacial de núcleos dobles c-FOS y NPY positivos / núcleos DAPI,1605,E9_FR8-1;E8_FR6-1;E8_FR6-3,WATER_NPY1;WATER_NPY3;E7_FR7-1,WATER_NPY2;E7_FR7-5;E8_FR6-4,1.06046919228,0.15534424561,0.121180837263,0.198563040697,False,False,biological animal
double_occurrence,Ocurrencia espacial de núcleos dobles c-FOS y NPY positivos / núcleos DAPI,1606,E9_FR8-1;E8_FR6-1;E8_FR6-3,WATER_NPY1;WATER_NPY3;E7_FR7-5,WATER_NPY2;E7_FR7-1;E8_FR6-4,1.00667829362,0.15534424561,0.122422950752,0.197966458753,False,False,biological animal
double_occurrence,Ocurrencia espacial de núcleos dobles c-FOS y NPY positivos / núcleos DAPI,1607,E9_FR8-1;E8_FR6-1;E8_FR6-3,WATER_NPY1;WATER_NPY3;E8_FR6-4,WATER_NPY2;E7_FR7-1;E7_FR7-5,2.44358281868,0.15534424561,0.213148665063,0.102734475655,False,False,biological animal
double_occurrence,Ocurrencia espacial de núcleos dobles c-FOS y NPY positivos / núcleos DAPI,1608,E9_FR8-1;E8_FR6-1;E8_FR6-3,WATER_NPY1;E7_FR7-1;E7_FR7-5,WATER_NPY2;WATER_NPY3;E8_FR6-4,3.67600652982,0.15534424561,0.0865898893859,0.226478873395,False,False,biological animal
double_occurrence,Ocurrencia espacial de núcleos dobles c-FOS y NPY positivos / núcleos DAPI,1609,E9_FR8-1;E8_FR6-1;E8_FR6-3,WATER_NPY1;E7_FR7-1;E8_FR6-4,WATER_NPY2;WATER_NPY3;E7_FR7-5,1.2728530205,0.15534424561,0.173245915208,0.114141409545,False,False,biological animal
double_occurrence,Ocurrencia espacial de núcleos dobles c-FOS y NPY positivos / núcleos DAPI,1610,E9_FR8-1;E8_FR6-1;E8_FR6-3,WATER_NPY1;E7_FR7-5;E8_FR6-4,WATER_NPY2;WATER_NPY3;E7_FR7-1,1.43628377614,0.15534424561,0.166838620176,0.104253083174,False,False,biological animal
double_occurrence,Ocurrencia espacial de núcleos dobles c-FOS y NPY positivos / núcleos DAPI,1611,E9_FR8-1;E8_FR6-1;E8_FR6-3,WATER_NPY2;WATER_NPY3;E7_FR7-1,WATER_NPY1;E7_FR7-5;E8_FR6-4,1.43628377614,0.15534424561,0.104253083174,0.166838620176,False,False,biological animal
double_occurrence,Ocurrencia espacial de núcleos dobles c-FOS y NPY positivos / núcleos DAPI,1612,E9_FR8-1;E8_FR6-1;E8_FR6-3,WATER_NPY2;WATER_NPY3;E7_FR7-5,WATER_NPY1;E7_FR7-1;E8_FR6-4,1.2728530205,0.15534424561,0.114141409545,0.173245915208,False,False,biological animal
double_occurrence,Ocurrencia espacial de núcleos dobles c-FOS y NPY positivos / núcleos DAPI,1613,E9_FR8-1;E8_FR6-1;E8_FR6-3,WATER_NPY2;WATER_NPY3;E8_FR6-4,WATER_NPY1;E7_FR7-1;E7_FR7-5,3.67600652982,0.15534424561,0.226478873395,0.0865898893859,False,False,biological animal
double_occurrence,Ocurrencia espacial de núcleos dobles c-FOS y NPY positivos / núcleos DAPI,1614,E9_FR8-1;E8_FR6-1;E8_FR6-3,WATER_NPY2;E7_FR7-1;E7_FR7-5,WATER_NPY1;WATER_NPY3;E8_FR6-4,2.44358281868,0.15534424561,0.102734475655,0.213148665063,False,False,biological animal
double_occurrence,Ocurrencia espacial de núcleos dobles c-FOS y NPY positivos / núcleos DAPI,1615,E9_FR8-1;E8_FR6-1;E8_FR6-3,WATER_NPY2;E7_FR7-1;E8_FR6-4,WATER_NPY1;WATER_NPY3;E7_FR7-5,1.00667829362,0.15534424561,0.197966458753,0.122422950752,False,False,biological animal
double_occurrence,Ocurrencia espacial de núcleos dobles c-FOS y NPY positivos / núcleos DAPI,1616,E9_FR8-1;E8_FR6-1;E8_FR6-3,WATER_NPY2;E7_FR7-5;E8_FR6-4,WATER_NPY1;WATER_NPY3;E7_FR7-1,1.06046919228,0.15534424561,0.198563040697,0.121180837263,False,False,biological animal
double_occurrence,Ocurrencia espacial de núcleos dobles c-FOS y NPY positivos / núcleos DAPI,1617,E9_FR8-1;E8_FR6-1;E8_FR6-3,WATER_NPY3;E7_FR7-1;E7_FR7-5,WATER_NPY1;WATER_NPY2;E8_FR6-4,2.64514685395,0.15534424561,0.0783666756761,0.19807342628,False,False,biological animal
double_occurrence,Ocurrencia espacial de núcleos dobles c-FOS y NPY positivos / núcleos DAPI,1618,E9_FR8-1;E8_FR6-1;E8_FR6-3,WATER_NPY3;E7_FR7-1;E8_FR6-4,WATER_NPY1;WATER_NPY2;E7_FR7-5,0.630154030704,0.15534424561,0.186653690818,0.119431352468,False,False,biological animal
double_occurrence,Ocurrencia espacial de núcleos dobles c-FOS y NPY positivos / núcleos DAPI,1619,E9_FR8-1;E8_FR6-1;E8_FR6-3,WATER_NPY3;E7_FR7-5;E8_FR6-4,WATER_NPY1;WATER_NPY2;E7_FR7-1,0.717245447051,0.15534424561,0.190009576628,0.121286934055,False,False,biological animal
double_occurrence,Ocurrencia espacial de núcleos dobles c-FOS y NPY positivos / núcleos DAPI,1620,E9_FR8-1;E8_FR6-1;E8_FR6-3,E7_FR7-1;E7_FR7-5;E8_FR6-4,WATER_NPY1;WATER_NPY2;WATER_NPY3,0.23085952186,0.15534424561,0.152185747168,0.126769443242,False,False,biological animal
double_occurrence,Ocurrencia espacial de núcleos dobles c-FOS y NPY positivos / núcleos DAPI,1621,E9_FR8-1;E8_FR6-1;E8_FR6-4,WATER_NPY1;WATER_NPY2;WATER_NPY3,E7_FR7-1;E7_FR7-5;E8_FR6-3,0.717322562248,0.170114361786,0.126769443242,0.123004150611,False,False,biological animal
double_occurrence,Ocurrencia espacial de núcleos dobles c-FOS y NPY positivos / núcleos DAPI,1622,E9_FR8-1;E8_FR6-1;E8_FR6-4,WATER_NPY1;WATER_NPY2;E7_FR7-1,WATER_NPY3;E7_FR7-5;E8_FR6-3,0.465581295137,0.170114361786,0.121286934055,0.162237438588,False,False,biological animal
double_occurrence,Ocurrencia espacial de núcleos dobles c-FOS y NPY positivos / núcleos DAPI,1623,E9_FR8-1;E8_FR6-1;E8_FR6-4,WATER_NPY1;WATER_NPY2;E7_FR7-5,WATER_NPY3;E7_FR7-1;E8_FR6-3,0.430808301196,0.170114361786,0.119431352468,0.158283788493,False,False,biological animal
double_occurrence,Ocurrencia espacial de núcleos dobles c-FOS y NPY positivos / núcleos DAPI,1624,E9_FR8-1;E8_FR6-1;E8_FR6-4,WATER_NPY1;WATER_NPY2;E8_FR6-3,WATER_NPY3;E7_FR7-1;E7_FR7-5,2.18694302863,0.170114361786,0.171685790996,0.0783666756761,False,False,biological animal
double_occurrence,Ocurrencia espacial de núcleos dobles c-FOS y NPY positivos / núcleos DAPI,1625,E9_FR8-1;E8_FR6-1;E8_FR6-4,WATER_NPY1;WATER_NPY3;E7_FR7-1,WATER_NPY2;E7_FR7-5;E8_FR6-3,0.650862077246,0.170114361786,0.121180837263,0.173496371672,False,False,biological animal
double_occurrence,Ocurrencia espacial de núcleos dobles c-FOS y NPY positivos / núcleos DAPI,1626,E9_FR8-1;E8_FR6-1;E8_FR6-4,WATER_NPY1;WATER_NPY3;E7_FR7-5,WATER_NPY2;E7_FR7-1;E8_FR6-3,0.617532227158,0.170114361786,0.122422950752,0.173146250586,False,False,biological animal
double_occurrence,Ocurrencia espacial de núcleos dobles c-FOS y NPY positivos / núcleos DAPI,1627,E9_FR8-1;E8_FR6-1;E8_FR6-4,WATER_NPY1;WATER_NPY3;E8_FR6-3,WATER_NPY2;E7_FR7-1;E7_FR7-5,1.79213906428,0.170114361786,0.187316964493,0.102734475655,False,False,biological animal
double_occurrence,Ocurrencia espacial de núcleos dobles c-FOS y NPY positivos / núcleos DAPI,1628,E9_FR8-1;E8_FR6-1;E8_FR6-4,WATER_NPY1;E7_FR7-1;E7_FR7-5,WATER_NPY2;WATER_NPY3;E8_FR6-3,2.99375543136,0.170114361786,0.0865898893859,0.200661491111,False,False,biological animal
double_occurrence,Ocurrencia espacial de núcleos dobles c-FOS y NPY positivos / núcleos DAPI,1629,E9_FR8-1;E8_FR6-1;E8_FR6-4,WATER_NPY1;E7_FR7-1;E8_FR6-3,WATER_NPY2;WATER_NPY3;E7_FR7-5,1.21307490974,0.170114361786,0.146373399917,0.114141409545,False,False,biological animal
double_occurrence,Ocurrencia espacial de núcleos dobles c-FOS y NPY positivos / núcleos DAPI,1630,E9_FR8-1;E8_FR6-1;E8_FR6-4,WATER_NPY1;E7_FR7-5;E8_FR6-3,WATER_NPY2;WATER_NPY3;E7_FR7-1,1.58555884838,0.170114361786,0.138969047947,0.104253083174,False,False,biological animal
double_occurrence,Ocurrencia espacial de núcleos dobles c-FOS y NPY positivos / núcleos DAPI,1631,E9_FR8-1;E8_FR6-1;E8_FR6-4,WATER_NPY2;WATER_NPY3;E7_FR7-1,WATER_NPY1;E7_FR7-5;E8_FR6-3,1.58555884838,0.170114361786,0.104253083174,0.138969047947,False,False,biological animal
double_occurrence,Ocurrencia espacial de núcleos dobles c-FOS y NPY positivos / núcleos DAPI,1632,E9_FR8-1;E8_FR6-1;E8_FR6-4,WATER_NPY2;WATER_NPY3;E7_FR7-5,WATER_NPY1;E7_FR7-1;E8_FR6-3,1.21307490974,0.170114361786,0.114141409545,0.146373399917,False,False,biological animal
double_occurrence,Ocurrencia espacial de núcleos dobles c-FOS y NPY positivos / núcleos DAPI,1633,E9_FR8-1;E8_FR6-1;E8_FR6-4,WATER_NPY2;WATER_NPY3;E8_FR6-3,WATER_NPY1;E7_FR7-1;E7_FR7-5,2.99375543136,0.170114361786,0.200661491111,0.0865898893859,False,False,biological animal
double_occurrence,Ocurrencia espacial de núcleos dobles c-FOS y NPY positivos / núcleos DAPI,1634,E9_FR8-1;E8_FR6-1;E8_FR6-4,WATER_NPY2;E7_FR7-1;E7_FR7-5,WATER_NPY1;WATER_NPY3;E8_FR6-3,1.79213906428,0.170114361786,0.102734475655,0.187316964493,False,False,biological animal
double_occurrence,Ocurrencia espacial de núcleos dobles c-FOS y NPY positivos / núcleos DAPI,1635,E9_FR8-1;E8_FR6-1;E8_FR6-4,WATER_NPY2;E7_FR7-1;E8_FR6-3,WATER_NPY1;WATER_NPY3;E7_FR7-5,0.617532227158,0.170114361786,0.173146250586,0.122422950752,False,False,biological animal
double_occurrence,Ocurrencia espacial de núcleos dobles c-FOS y NPY positivos / núcleos DAPI,1636,E9_FR8-1;E8_FR6-1;E8_FR6-4,WATER_NPY2;E7_FR7-5;E8_FR6-3,WATER_NPY1;WATER_NPY3;E7_FR7-1,0.650862077246,0.170114361786,0.173496371672,0.121180837263,False,False,biological animal
double_occurrence,Ocurrencia espacial de núcleos dobles c-FOS y NPY positivos / núcleos DAPI,1637,E9_FR8-1;E8_FR6-1;E8_FR6-4,WATER_NPY3;E7_FR7-1;E7_FR7-5,WATER_NPY1;WATER_NPY2;E8_FR6-3,2.18694302863,0.170114361786,0.0783666756761,0.171685790996,False,False,biological animal
double_occurrence,Ocurrencia espacial de núcleos dobles c-FOS y NPY positivos / núcleos DAPI,1638,E9_FR8-1;E8_FR6-1;E8_FR6-4,WATER_NPY3;E7_FR7-1;E8_FR6-3,WATER_NPY1;WATER_NPY2;E7_FR7-5,0.430808301196,0.170114361786,0.158283788493,0.119431352468,False,False,biological animal
double_occurrence,Ocurrencia espacial de núcleos dobles c-FOS y NPY positivos / núcleos DAPI,1639,E9_FR8-1;E8_FR6-1;E8_FR6-4,WATER_NPY3;E7_FR7-5;E8_FR6-3,WATER_NPY1;WATER_NPY2;E7_FR7-1,0.465581295137,0.170114361786,0.162237438588,0.121286934055,False,False,biological animal
double_occurrence,Ocurrencia espacial de núcleos dobles c-FOS y NPY positivos / núcleos DAPI,1640,E9_FR8-1;E8_FR6-1;E8_FR6-4,E7_FR7-1;E7_FR7-5;E8_FR6-3,WATER_NPY1;WATER_NPY2;WATER_NPY3,0.717322562248,0.170114361786,0.123004150611,0.126769443242,False,False,biological animal
double_occurrence,Ocurrencia espacial de núcleos dobles c-FOS y NPY positivos / núcleos DAPI,1641,E9_FR8-1;E8_FR6-3;E8_FR6-4,WATER_NPY1;WATER_NPY2;WATER_NPY3,E7_FR7-1;E7_FR7-5;E8_FR6-1,0.302353171505,0.16219363963,0.126769443242,0.138379859903,False,False,biological animal
double_occurrence,Ocurrencia espacial de núcleos dobles c-FOS y NPY positivos / núcleos DAPI,1642,E9_FR8-1;E8_FR6-3;E8_FR6-4,WATER_NPY1;WATER_NPY2;E7_FR7-1,WATER_NPY3;E7_FR7-5;E8_FR6-1,0.481791726235,0.16219363963,0.121286934055,0.176501711719,False,False,biological animal
double_occurrence,Ocurrencia espacial de núcleos dobles c-FOS y NPY positivos / núcleos DAPI,1643,E9_FR8-1;E8_FR6-3;E8_FR6-4,WATER_NPY1;WATER_NPY2;E7_FR7-5,WATER_NPY3;E7_FR7-1;E8_FR6-1,0.445939107937,0.16219363963,0.119431352468,0.173718769592,False,False,biological animal
double_occurrence,Ocurrencia espacial de núcleos dobles c-FOS y NPY positivos / núcleos DAPI,1644,E9_FR8-1;E8_FR6-3;E8_FR6-4,WATER_NPY1;WATER_NPY2;E8_FR6-1,WATER_NPY3;E7_FR7-1;E7_FR7-5,2.29239949103,0.16219363963,0.191194172945,0.0783666756761,False,False,biological animal
double_occurrence,Ocurrencia espacial de núcleos dobles c-FOS y NPY positivos / núcleos DAPI,1645,E9_FR8-1;E8_FR6-3;E8_FR6-4,WATER_NPY1;WATER_NPY3;E7_FR7-1,WATER_NPY2;E7_FR7-5;E8_FR6-1,0.706484912337,0.16219363963,0.121180837263,0.188090026854,False,False,biological animal
double_occurrence,Ocurrencia espacial de núcleos dobles c-FOS y NPY positivos / núcleos DAPI,1646,E9_FR8-1;E8_FR6-3;E8_FR6-4,WATER_NPY1;WATER_NPY3;E7_FR7-5,WATER_NPY2;E7_FR7-1;E8_FR6-1,0.688940339905,0.16219363963,0.122422950752,0.188274015115,False,False,biological animal
double_occurrence,Ocurrencia espacial de núcleos dobles c-FOS y NPY positivos / núcleos DAPI,1647,E9_FR8-1;E8_FR6-3;E8_FR6-4,WATER_NPY1;WATER_NPY3;E8_FR6-1,WATER_NPY2;E7_FR7-1;E7_FR7-5,2.12715087104,0.16219363963,0.204459423806,0.102734475655,False,False,biological animal
double_occurrence,Ocurrencia espacial de núcleos dobles c-FOS y NPY positivos / núcleos DAPI,1648,E9_FR8-1;E8_FR6-3;E8_FR6-4,WATER_NPY1;E7_FR7-1;E7_FR7-5,WATER_NPY2;WATER_NPY3;E8_FR6-1,3.2427221875,0.16219363963,0.0865898893859,0.218553257758,False,False,biological animal
double_occurrence,Ocurrencia espacial de núcleos dobles c-FOS y NPY positivos / núcleos DAPI,1649,E9_FR8-1;E8_FR6-3;E8_FR6-4,WATER_NPY1;E7_FR7-1;E8_FR6-1,WATER_NPY2;WATER_NPY3;E7_FR7-5,1.02672686343,0.16219363963,0.163314876386,0.114141409545,False,False,biological animal
double_occurrence,Ocurrencia espacial de núcleos dobles c-FOS y NPY positivos / núcleos DAPI,1650,E9_FR8-1;E8_FR6-3;E8_FR6-4,WATER_NPY1;E7_FR7-5;E8_FR6-1,WATER_NPY2;WATER_NPY3;E7_FR7-1,1.23453822572,0.16219363963,0.155933607873,0.104253083174,False,False,biological animal
double_occurrence,Ocurrencia espacial de núcleos dobles c-FOS y NPY positivos / núcleos DAPI,1651,E9_FR8-1;E8_FR6-3;E8_FR6-4,WATER_NPY2;WATER_NPY3;E7_FR7-1,WATER_NPY1;E7_FR7-5;E8_FR6-1,1.23453822572,0.16219363963,0.104253083174,0.155933607873,False,False,biological animal
double_occurrence,Ocurrencia espacial de núcleos dobles c-FOS y NPY positivos / núcleos DAPI,1652,E9_FR8-1;E8_FR6-3;E8_FR6-4,WATER_NPY2;WATER_NPY3;E7_FR7-5,WATER_NPY1;E7_FR7-1;E8_FR6-1,1.02672686343,0.16219363963,0.114141409545,0.163314876386,False,False,biological animal
double_occurrence,Ocurrencia espacial de núcleos dobles c-FOS y NPY positivos / núcleos DAPI,1653,E9_FR8-1;E8_FR6-3;E8_FR6-4,WATER_NPY2;WATER_NPY3;E8_FR6-1,WATER_NPY1;E7_FR7-1;E7_FR7-5,3.2427221875,0.16219363963,0.218553257758,0.0865898893859,False,False,biological animal
double_occurrence,Ocurrencia espacial de núcleos dobles c-FOS y NPY positivos / núcleos DAPI,1654,E9_FR8-1;E8_FR6-3;E8_FR6-4,WATER_NPY2;E7_FR7-1;E7_FR7-5,WATER_NPY1;WATER_NPY3;E8_FR6-1,2.12715087104,0.16219363963,0.102734475655,0.204459423806,False,False,biological animal
double_occurrence,Ocurrencia espacial de núcleos dobles c-FOS y NPY positivos / núcleos DAPI,1655,E9_FR8-1;E8_FR6-3;E8_FR6-4,WATER_NPY2;E7_FR7-1;E8_FR6-1,WATER_NPY1;WATER_NPY3;E7_FR7-5,0.688940339905,0.16219363963,0.188274015115,0.122422950752,False,False,biological animal
double_occurrence,Ocurrencia espacial de núcleos dobles c-FOS y NPY positivos / núcleos DAPI,1656,E9_FR8-1;E8_FR6-3;E8_FR6-4,WATER_NPY2;E7_FR7-5;E8_FR6-1,WATER_NPY1;WATER_NPY3;E7_FR7-1,0.706484912337,0.16219363963,0.188090026854,0.121180837263,False,False,biological animal
double_occurrence,Ocurrencia espacial de núcleos dobles c-FOS y NPY positivos / núcleos DAPI,1657,E9_FR8-1;E8_FR6-3;E8_FR6-4,WATER_NPY3;E7_FR7-1;E7_FR7-5,WATER_NPY1;WATER_NPY2;E8_FR6-1,2.29239949103,0.16219363963,0.0783666756761,0.191194172945,False,False,biological animal
double_occurrence,Ocurrencia espacial de núcleos dobles c-FOS y NPY positivos / núcleos DAPI,1658,E9_FR8-1;E8_FR6-3;E8_FR6-4,WATER_NPY3;E7_FR7-1;E8_FR6-1,WATER_NPY1;WATER_NPY2;E7_FR7-5,0.445939107937,0.16219363963,0.173718769592,0.119431352468,False,False,biological animal
double_occurrence,Ocurrencia espacial de núcleos dobles c-FOS y NPY positivos / núcleos DAPI,1659,E9_FR8-1;E8_FR6-3;E8_FR6-4,WATER_NPY3;E7_FR7-5;E8_FR6-1,WATER_NPY1;WATER_NPY2;E7_FR7-1,0.481791726235,0.16219363963,0.176501711719,0.121286934055,False,False,biological animal
double_occurrence,Ocurrencia espacial de núcleos dobles c-FOS y NPY positivos / núcleos DAPI,1660,E9_FR8-1;E8_FR6-3;E8_FR6-4,E7_FR7-1;E7_FR7-5;E8_FR6-1,WATER_NPY1;WATER_NPY2;WATER_NPY3,0.302353171505,0.16219363963,0.138379859903,0.126769443242,False,False,biological animal
double_occurrence,Ocurrencia espacial de núcleos dobles c-FOS y NPY positivos / núcleos DAPI,1661,E8_FR6-1;E8_FR6-3;E8_FR6-4,WATER_NPY1;WATER_NPY2;WATER_NPY3,E7_FR7-1;E7_FR7-5;E9_FR8-1,8.48734236894,0.0449807635238,0.126769443242,0.0484435865182,False,True,biological animal
double_occurrence,Ocurrencia espacial de núcleos dobles c-FOS y NPY positivos / núcleos DAPI,1662,E8_FR6-1;E8_FR6-3;E8_FR6-4,WATER_NPY1;WATER_NPY2;E7_FR7-1,WATER_NPY3;E7_FR7-5;E9_FR8-1,18.2642986816,0.0449807635238,0.121286934055,0.0832079308773,False,True,biological animal
double_occurrence,Ocurrencia espacial de núcleos dobles c-FOS y NPY positivos / núcleos DAPI,1663,E8_FR6-1;E8_FR6-3;E8_FR6-4,WATER_NPY1;WATER_NPY2;E7_FR7-5,WATER_NPY3;E7_FR7-1;E9_FR8-1,15.2654981647,0.0449807635238,0.119431352468,0.0663496420174,False,True,biological animal
double_occurrence,Ocurrencia espacial de núcleos dobles c-FOS y NPY positivos / núcleos DAPI,1664,E8_FR6-1;E8_FR6-3;E8_FR6-4,WATER_NPY1;WATER_NPY2;E9_FR8-1,WATER_NPY3;E7_FR7-1;E7_FR7-5,11.1001526766,0.0449807635238,0.12876801347,0.0783666756761,False,True,biological animal
double_occurrence,Ocurrencia espacial de núcleos dobles c-FOS y NPY positivos / núcleos DAPI,1665,E8_FR6-1;E8_FR6-3;E8_FR6-4,WATER_NPY1;WATER_NPY3;E7_FR7-1,WATER_NPY2;E7_FR7-5;E9_FR8-1,6.25183403517,0.0449807635238,0.121180837263,0.110905650498,False,False,biological animal
double_occurrence,Ocurrencia espacial de núcleos dobles c-FOS y NPY positivos / núcleos DAPI,1666,E8_FR6-1;E8_FR6-3;E8_FR6-4,WATER_NPY1;WATER_NPY3;E7_FR7-5,WATER_NPY2;E7_FR7-1;E9_FR8-1,5.2383106432,0.0449807635238,0.122422950752,0.0994011394723,False,False,biological animal
double_occurrence,Ocurrencia espacial de núcleos dobles c-FOS y NPY positivos / núcleos DAPI,1667,E8_FR6-1;E8_FR6-3;E8_FR6-4,WATER_NPY1;WATER_NPY3;E9_FR8-1,WATER_NPY2;E7_FR7-1;E7_FR7-5,4.50484060787,0.0449807635238,0.126353808086,0.102734475655,False,False,biological animal
double_occurrence,Ocurrencia espacial de núcleos dobles c-FOS y NPY positivos / núcleos DAPI,1668,E8_FR6-1;E8_FR6-3;E8_FR6-4,WATER_NPY1;E7_FR7-1;E7_FR7-5,WATER_NPY2;WATER_NPY3;E9_FR8-1,3.25621466545,0.0449807635238,0.0865898893859,0.0949265387532,False,False,biological animal
double_occurrence,Ocurrencia espacial de núcleos dobles c-FOS y NPY positivos / núcleos DAPI,1669,E8_FR6-1;E8_FR6-3;E8_FR6-4,WATER_NPY1;E7_FR7-1;E9_FR8-1,WATER_NPY2;WATER_NPY3;E7_FR7-5,4.94168113255,0.0449807635238,0.104490056246,0.114141409545,False,False,biological animal
double_occurrence,Ocurrencia espacial de núcleos dobles c-FOS y NPY positivos / núcleos DAPI,1670,E8_FR6-1;E8_FR6-3;E8_FR6-4,WATER_NPY1;E7_FR7-5;E9_FR8-1,WATER_NPY2;WATER_NPY3;E7_FR7-1,5.26417314324,0.0449807635238,0.106809323416,0.104253083174,False,False,biological animal
double_occurrence,Ocurrencia espacial de núcleos dobles c-FOS y NPY positivos / núcleos DAPI,1671,E8_FR6-1;E8_FR6-3;E8_FR6-4,WATER_NPY2;WATER_NPY3;E7_FR7-1,WATER_NPY1;E7_FR7-5;E9_FR8-1,5.26417314324,0.0449807635238,0.104253083174,0.106809323416,False,False,biological animal
double_occurrence,Ocurrencia espacial de núcleos dobles c-FOS y NPY positivos / núcleos DAPI,1672,E8_FR6-1;E8_FR6-3;E8_FR6-4,WATER_NPY2;WATER_NPY3;E7_FR7-5,WATER_NPY1;E7_FR7-1;E9_FR8-1,4.94168113255,0.0449807635238,0.114141409545,0.104490056246,False,False,biological animal
double_occurrence,Ocurrencia espacial de núcleos dobles c-FOS y NPY positivos / núcleos DAPI,1673,E8_FR6-1;E8_FR6-3;E8_FR6-4,WATER_NPY2;WATER_NPY3;E9_FR8-1,WATER_NPY1;E7_FR7-1;E7_FR7-5,3.25621466545,0.0449807635238,0.0949265387532,0.0865898893859,False,False,biological animal
double_occurrence,Ocurrencia espacial de núcleos dobles c-FOS y NPY positivos / núcleos DAPI,1674,E8_FR6-1;E8_FR6-3;E8_FR6-4,WATER_NPY2;E7_FR7-1;E7_FR7-5,WATER_NPY1;WATER_NPY3;E9_FR8-1,4.50484060787,0.0449807635238,0.102734475655,0.126353808086,False,False,biological animal
double_occurrence,Ocurrencia espacial de núcleos dobles c-FOS y NPY positivos / núcleos DAPI,1675,E8_FR6-1;E8_FR6-3;E8_FR6-4,WATER_NPY2;E7_FR7-1;E9_FR8-1,WATER_NPY1;WATER_NPY3;E7_FR7-5,5.2383106432,0.0449807635238,0.0994011394723,0.122422950752,False,False,biological animal
double_occurrence,Ocurrencia espacial de núcleos dobles c-FOS y NPY positivos / núcleos DAPI,1676,E8_FR6-1;E8_FR6-3;E8_FR6-4,WATER_NPY2;E7_FR7-5;E9_FR8-1,WATER_NPY1;WATER_NPY3;E7_FR7-1,6.25183403517,0.0449807635238,0.110905650498,0.121180837263,False,False,biological animal
double_occurrence,Ocurrencia espacial de núcleos dobles c-FOS y NPY positivos / núcleos DAPI,1677,E8_FR6-1;E8_FR6-3;E8_FR6-4,WATER_NPY3;E7_FR7-1;E7_FR7-5,WATER_NPY1;WATER_NPY2;E9_FR8-1,11.1001526766,0.0449807635238,0.0783666756761,0.12876801347,False,True,biological animal
double_occurrence,Ocurrencia espacial de núcleos dobles c-FOS y NPY positivos / núcleos DAPI,1678,E8_FR6-1;E8_FR6-3;E8_FR6-4,WATER_NPY3;E7_FR7-1;E9_FR8-1,WATER_NPY1;WATER_NPY2;E7_FR7-5,15.2654981647,0.0449807635238,0.0663496420174,0.119431352468,False,True,biological animal
double_occurrence,Ocurrencia espacial de núcleos dobles c-FOS y NPY positivos / núcleos DAPI,1679,E8_FR6-1;E8_FR6-3;E8_FR6-4,WATER_NPY3;E7_FR7-5;E9_FR8-1,WATER_NPY1;WATER_NPY2;E7_FR7-1,18.2642986816,0.0449807635238,0.0832079308773,0.121286934055,False,True,biological animal
double_occurrence,Ocurrencia espacial de núcleos dobles c-FOS y NPY positivos / núcleos DAPI,1680,E8_FR6-1;E8_FR6-3;E8_FR6-4,E7_FR7-1;E7_FR7-5;E9_FR8-1,WATER_NPY1;WATER_NPY2;WATER_NPY3,8.48734236894,0.0449807635238,0.0484435865182,0.126769443242,False,True,biological animal
