endpoint,endpoint_label,labeling_index,water_animals,sucrose_animals,allulose_animals,pseudo_f,r_squared,is_observed_allocation,is_as_or_more_extreme,permutation_unit
cfos_occurrence,Ocurrencia espacial de núcleos c-FOS positivos / núcleos DAPI,1,WATER_NPY1;WATER_NPY2;WATER_NPY3,E7_FR7-1;E7_FR7-5;E9_FR8-1,E8_FR6-1;E8_FR6-3;E8_FR6-4,3.29322477547,0.523296861779,True,True,biological animal
cfos_occurrence,Ocurrencia espacial de núcleos c-FOS positivos / núcleos DAPI,2,WATER_NPY1;WATER_NPY2;WATER_NPY3,E7_FR7-1;E7_FR7-5;E8_FR6-1,E9_FR8-1;E8_FR6-3;E8_FR6-4,0.446512355209,0.129554839557,False,False,biological animal
cfos_occurrence,Ocurrencia espacial de núcleos c-FOS positivos / núcleos DAPI,3,WATER_NPY1;WATER_NPY2;WATER_NPY3,E7_FR7-1;E7_FR7-5;E8_FR6-3,E9_FR8-1;E8_FR6-1;E8_FR6-4,0.437682617357,0.127319088489,False,False,biological animal
cfos_occurrence,Ocurrencia espacial de núcleos c-FOS positivos / núcleos DAPI,4,WATER_NPY1;WATER_NPY2;WATER_NPY3,E7_FR7-1;E7_FR7-5;E8_FR6-4,E9_FR8-1;E8_FR6-1;E8_FR6-3,0.243143038573,0.0749714199098,False,False,biological animal
cfos_occurrence,Ocurrencia espacial de núcleos c-FOS positivos / núcleos DAPI,5,WATER_NPY1;WATER_NPY2;WATER_NPY3,E7_FR7-1;E9_FR8-1;E8_FR6-1,E7_FR7-5;E8_FR6-3;E8_FR6-4,0.864475579909,0.223698031475,False,False,biological animal
cfos_occurrence,Ocurrencia espacial de núcleos c-FOS positivos / núcleos DAPI,6,WATER_NPY1;WATER_NPY2;WATER_NPY3,E7_FR7-1;E9_FR8-1;E8_FR6-3,E7_FR7-5;E8_FR6-1;E8_FR6-4,0.875748670361,0.225956000981,False,False,biological animal
cfos_occurrence,Ocurrencia espacial de núcleos c-FOS positivos / núcleos DAPI,7,WATER_NPY1;WATER_NPY2;WATER_NPY3,E7_FR7-1;E9_FR8-1;E8_FR6-4,E7_FR7-5;E8_FR6-1;E8_FR6-3,0.313821426896,0.0947007658134,False,False,biological animal
cfos_occurrence,Ocurrencia espacial de núcleos c-FOS positivos / núcleos DAPI,8,WATER_NPY1;WATER_NPY2;WATER_NPY3,E7_FR7-1;E8_FR6-1;E8_FR6-3,E7_FR7-5;E9_FR8-1;E8_FR6-4,0.306178354854,0.0926079364123,False,False,biological animal
cfos_occurrence,Ocurrencia espacial de núcleos c-FOS positivos / núcleos DAPI,9,WATER_NPY1;WATER_NPY2;WATER_NPY3,E7_FR7-1;E8_FR6-1;E8_FR6-4,E7_FR7-5;E9_FR8-1;E8_FR6-3,0.47231175656,0.136022278434,False,False,biological animal
cfos_occurrence,Ocurrencia espacial de núcleos c-FOS positivos / núcleos DAPI,10,WATER_NPY1;WATER_NPY2;WATER_NPY3,E7_FR7-1;E8_FR6-3;E8_FR6-4,E7_FR7-5;E9_FR8-1;E8_FR6-1,0.434810414283,0.126589349,False,False,biological animal
cfos_occurrence,Ocurrencia espacial de núcleos c-FOS positivos / núcleos DAPI,11,WATER_NPY1;WATER_NPY2;WATER_NPY3,E7_FR7-5;E9_FR8-1;E8_FR6-1,E7_FR7-1;E8_FR6-3;E8_FR6-4,0.434810414283,0.126589349,False,False,biological animal
cfos_occurrence,Ocurrencia espacial de núcleos c-FOS positivos / núcleos DAPI,12,WATER_NPY1;WATER_NPY2;WATER_NPY3,E7_FR7-5;E9_FR8-1;E8_FR6-3,E7_FR7-1;E8_FR6-1;E8_FR6-4,0.47231175656,0.136022278434,False,False,biological animal
cfos_occurrence,Ocurrencia espacial de núcleos c-FOS positivos / núcleos DAPI,13,WATER_NPY1;WATER_NPY2;WATER_NPY3,E7_FR7-5;E9_FR8-1;E8_FR6-4,E7_FR7-1;E8_FR6-1;E8_FR6-3,0.306178354854,0.0926079364123,False,False,biological animal
cfos_occurrence,Ocurrencia espacial de núcleos c-FOS positivos / núcleos DAPI,14,WATER_NPY1;WATER_NPY2;WATER_NPY3,E7_FR7-5;E8_FR6-1;E8_FR6-3,E7_FR7-1;E9_FR8-1;E8_FR6-4,0.313821426896,0.0947007658134,False,False,biological animal
cfos_occurrence,Ocurrencia espacial de núcleos c-FOS positivos / núcleos DAPI,15,WATER_NPY1;WATER_NPY2;WATER_NPY3,E7_FR7-5;E8_FR6-1;E8_FR6-4,E7_FR7-1;E9_FR8-1;E8_FR6-3,0.875748670361,0.225956000981,False,False,biological animal
cfos_occurrence,Ocurrencia espacial de núcleos c-FOS positivos / núcleos DAPI,16,WATER_NPY1;WATER_NPY2;WATER_NPY3,E7_FR7-5;E8_FR6-3;E8_FR6-4,E7_FR7-1;E9_FR8-1;E8_FR6-1,0.864475579909,0.223698031475,False,False,biological animal
cfos_occurrence,Ocurrencia espacial de núcleos c-FOS positivos / núcleos DAPI,17,WATER_NPY1;WATER_NPY2;WATER_NPY3,E9_FR8-1;E8_FR6-1;E8_FR6-3,E7_FR7-1;E7_FR7-5;E8_FR6-4,0.243143038573,0.0749714199098,False,False,biological animal
cfos_occurrence,Ocurrencia espacial de núcleos c-FOS positivos / núcleos DAPI,18,WATER_NPY1;WATER_NPY2;WATER_NPY3,E9_FR8-1;E8_FR6-1;E8_FR6-4,E7_FR7-1;E7_FR7-5;E8_FR6-3,0.437682617357,0.127319088489,False,False,biological animal
cfos_occurrence,Ocurrencia espacial de núcleos c-FOS positivos / núcleos DAPI,19,WATER_NPY1;WATER_NPY2;WATER_NPY3,E9_FR8-1;E8_FR6-3;E8_FR6-4,E7_FR7-1;E7_FR7-5;E8_FR6-1,0.446512355209,0.129554839557,False,False,biological animal
cfos_occurrence,Ocurrencia espacial de núcleos c-FOS positivos / núcleos DAPI,20,WATER_NPY1;WATER_NPY2;WATER_NPY3,E8_FR6-1;E8_FR6-3;E8_FR6-4,E7_FR7-1;E7_FR7-5;E9_FR8-1,3.29322477547,0.523296861779,False,True,biological animal
cfos_occurrence,Ocurrencia espacial de núcleos c-FOS positivos / núcleos DAPI,21,WATER_NPY1;WATER_NPY2;E7_FR7-1,WATER_NPY3;E7_FR7-5;E9_FR8-1,E8_FR6-1;E8_FR6-3;E8_FR6-4,3.33845225962,0.526698336262,False,True,biological animal
cfos_occurrence,Ocurrencia espacial de núcleos c-FOS positivos / núcleos DAPI,22,WATER_NPY1;WATER_NPY2;E7_FR7-1,WATER_NPY3;E7_FR7-5;E8_FR6-1,E9_FR8-1;E8_FR6-3;E8_FR6-4,0.398894248968,0.117360005857,False,False,biological animal
cfos_occurrence,Ocurrencia espacial de núcleos c-FOS positivos / núcleos DAPI,23,WATER_NPY1;WATER_NPY2;E7_FR7-1,WATER_NPY3;E7_FR7-5;E8_FR6-3,E9_FR8-1;E8_FR6-1;E8_FR6-4,0.432233936808,0.12593370521,False,False,biological animal
cfos_occurrence,Ocurrencia espacial de núcleos c-FOS positivos / núcleos DAPI,24,WATER_NPY1;WATER_NPY2;E7_FR7-1,WATER_NPY3;E7_FR7-5;E8_FR6-4,E9_FR8-1;E8_FR6-1;E8_FR6-3,0.33514073347,0.100487733578,False,False,biological animal
cfos_occurrence,Ocurrencia espacial de núcleos c-FOS positivos / núcleos DAPI,25,WATER_NPY1;WATER_NPY2;E7_FR7-1,WATER_NPY3;E9_FR8-1;E8_FR6-1,E7_FR7-5;E8_FR6-3;E8_FR6-4,0.766325315055,0.203467637804,False,False,biological animal
cfos_occurrence,Ocurrencia espacial de núcleos c-FOS positivos / núcleos DAPI,26,WATER_NPY1;WATER_NPY2;E7_FR7-1,WATER_NPY3;E9_FR8-1;E8_FR6-3,E7_FR7-5;E8_FR6-1;E8_FR6-4,0.82914389418,0.216535057729,False,False,biological animal
cfos_occurrence,Ocurrencia espacial de núcleos c-FOS positivos / núcleos DAPI,27,WATER_NPY1;WATER_NPY2;E7_FR7-1,WATER_NPY3;E9_FR8-1;E8_FR6-4,E7_FR7-5;E8_FR6-1;E8_FR6-3,0.379069106945,0.11218151951,False,False,biological animal
cfos_occurrence,Ocurrencia espacial de núcleos c-FOS positivos / núcleos DAPI,28,WATER_NPY1;WATER_NPY2;E7_FR7-1,WATER_NPY3;E8_FR6-1;E8_FR6-3,E7_FR7-5;E9_FR8-1;E8_FR6-4,0.217471073774,0.0675906849781,False,False,biological animal
cfos_occurrence,Ocurrencia espacial de núcleos c-FOS positivos / núcleos DAPI,29,WATER_NPY1;WATER_NPY2;E7_FR7-1,WATER_NPY3;E8_FR6-1;E8_FR6-4,E7_FR7-5;E9_FR8-1;E8_FR6-3,0.479901865998,0.137906723947,False,False,biological animal
cfos_occurrence,Ocurrencia espacial de núcleos c-FOS positivos / núcleos DAPI,30,WATER_NPY1;WATER_NPY2;E7_FR7-1,WATER_NPY3;E8_FR6-3;E8_FR6-4,E7_FR7-5;E9_FR8-1;E8_FR6-1,0.485467178767,0.139283244933,False,False,biological animal
cfos_occurrence,Ocurrencia espacial de núcleos c-FOS positivos / núcleos DAPI,31,WATER_NPY1;WATER_NPY2;E7_FR7-1,E7_FR7-5;E9_FR8-1;E8_FR6-1,WATER_NPY3;E8_FR6-3;E8_FR6-4,0.485467178767,0.139283244933,False,False,biological animal
cfos_occurrence,Ocurrencia espacial de núcleos c-FOS positivos / núcleos DAPI,32,WATER_NPY1;WATER_NPY2;E7_FR7-1,E7_FR7-5;E9_FR8-1;E8_FR6-3,WATER_NPY3;E8_FR6-1;E8_FR6-4,0.479901865998,0.137906723947,False,False,biological animal
cfos_occurrence,Ocurrencia espacial de núcleos c-FOS positivos / núcleos DAPI,33,WATER_NPY1;WATER_NPY2;E7_FR7-1,E7_FR7-5;E9_FR8-1;E8_FR6-4,WATER_NPY3;E8_FR6-1;E8_FR6-3,0.217471073774,0.0675906849781,False,False,biological animal
cfos_occurrence,Ocurrencia espacial de núcleos c-FOS positivos / núcleos DAPI,34,WATER_NPY1;WATER_NPY2;E7_FR7-1,E7_FR7-5;E8_FR6-1;E8_FR6-3,WATER_NPY3;E9_FR8-1;E8_FR6-4,0.379069106945,0.11218151951,False,False,biological animal
cfos_occurrence,Ocurrencia espacial de núcleos c-FOS positivos / núcleos DAPI,35,WATER_NPY1;WATER_NPY2;E7_FR7-1,E7_FR7-5;E8_FR6-1;E8_FR6-4,WATER_NPY3;E9_FR8-1;E8_FR6-3,0.82914389418,0.216535057729,False,False,biological animal
cfos_occurrence,Ocurrencia espacial de núcleos c-FOS positivos / núcleos DAPI,36,WATER_NPY1;WATER_NPY2;E7_FR7-1,E7_FR7-5;E8_FR6-3;E8_FR6-4,WATER_NPY3;E9_FR8-1;E8_FR6-1,0.766325315055,0.203467637804,False,False,biological animal
cfos_occurrence,Ocurrencia espacial de núcleos c-FOS positivos / núcleos DAPI,37,WATER_NPY1;WATER_NPY2;E7_FR7-1,E9_FR8-1;E8_FR6-1;E8_FR6-3,WATER_NPY3;E7_FR7-5;E8_FR6-4,0.33514073347,0.100487733578,False,False,biological animal
cfos_occurrence,Ocurrencia espacial de núcleos c-FOS positivos / núcleos DAPI,38,WATER_NPY1;WATER_NPY2;E7_FR7-1,E9_FR8-1;E8_FR6-1;E8_FR6-4,WATER_NPY3;E7_FR7-5;E8_FR6-3,0.432233936808,0.12593370521,False,False,biological animal
cfos_occurrence,Ocurrencia espacial de núcleos c-FOS positivos / núcleos DAPI,39,WATER_NPY1;WATER_NPY2;E7_FR7-1,E9_FR8-1;E8_FR6-3;E8_FR6-4,WATER_NPY3;E7_FR7-5;E8_FR6-1,0.398894248968,0.117360005857,False,False,biological animal
cfos_occurrence,Ocurrencia espacial de núcleos c-FOS positivos / núcleos DAPI,40,WATER_NPY1;WATER_NPY2;E7_FR7-1,E8_FR6-1;E8_FR6-3;E8_FR6-4,WATER_NPY3;E7_FR7-5;E9_FR8-1,3.33845225962,0.526698336262,False,True,biological animal
cfos_occurrence,Ocurrencia espacial de núcleos c-FOS positivos / núcleos DAPI,41,WATER_NPY1;WATER_NPY2;E7_FR7-5,WATER_NPY3;E7_FR7-1;E9_FR8-1,E8_FR6-1;E8_FR6-3;E8_FR6-4,5.7589126458,0.657491731986,False,True,biological animal
cfos_occurrence,Ocurrencia espacial de núcleos c-FOS positivos / núcleos DAPI,42,WATER_NPY1;WATER_NPY2;E7_FR7-5,WATER_NPY3;E7_FR7-1;E8_FR6-1,E9_FR8-1;E8_FR6-3;E8_FR6-4,0.760058747513,0.202140125607,False,False,biological animal
cfos_occurrence,Ocurrencia espacial de núcleos c-FOS positivos / núcleos DAPI,43,WATER_NPY1;WATER_NPY2;E7_FR7-5,WATER_NPY3;E7_FR7-1;E8_FR6-3,E9_FR8-1;E8_FR6-1;E8_FR6-4,0.783704983844,0.207126344995,False,False,biological animal
cfos_occurrence,Ocurrencia espacial de núcleos c-FOS positivos / núcleos DAPI,44,WATER_NPY1;WATER_NPY2;E7_FR7-5,WATER_NPY3;E7_FR7-1;E8_FR6-4,E9_FR8-1;E8_FR6-1;E8_FR6-3,0.479309409541,0.137759926791,False,False,biological animal
cfos_occurrence,Ocurrencia espacial de núcleos c-FOS positivos / núcleos DAPI,45,WATER_NPY1;WATER_NPY2;E7_FR7-5,WATER_NPY3;E9_FR8-1;E8_FR6-1,E7_FR7-1;E8_FR6-3;E8_FR6-4,0.773123151279,0.204902707991,False,False,biological animal
cfos_occurrence,Ocurrencia espacial de núcleos c-FOS positivos / núcleos DAPI,46,WATER_NPY1;WATER_NPY2;E7_FR7-5,WATER_NPY3;E9_FR8-1;E8_FR6-3,E7_FR7-1;E8_FR6-1;E8_FR6-4,0.853849726542,0.22155760788,False,False,biological animal
cfos_occurrence,Ocurrencia espacial de núcleos c-FOS positivos / núcleos DAPI,47,WATER_NPY1;WATER_NPY2;E7_FR7-5,WATER_NPY3;E9_FR8-1;E8_FR6-4,E7_FR7-1;E8_FR6-1;E8_FR6-3,0.576216086957,0.161124516233,False,False,biological animal
cfos_occurrence,Ocurrencia espacial de núcleos c-FOS positivos / núcleos DAPI,48,WATER_NPY1;WATER_NPY2;E7_FR7-5,WATER_NPY3;E8_FR6-1;E8_FR6-3,E7_FR7-1;E9_FR8-1;E8_FR6-4,0.403778350259,0.118626511103,False,False,biological animal
cfos_occurrence,Ocurrencia espacial de núcleos c-FOS positivos / núcleos DAPI,49,WATER_NPY1;WATER_NPY2;E7_FR7-5,WATER_NPY3;E8_FR6-1;E8_FR6-4,E7_FR7-1;E9_FR8-1;E8_FR6-3,0.910644365844,0.232862996645,False,False,biological animal
cfos_occurrence,Ocurrencia espacial de núcleos c-FOS positivos / núcleos DAPI,50,WATER_NPY1;WATER_NPY2;E7_FR7-5,WATER_NPY3;E8_FR6-3;E8_FR6-4,E7_FR7-1;E9_FR8-1;E8_FR6-1,0.93611422936,0.237826997595,False,False,biological animal
cfos_occurrence,Ocurrencia espacial de núcleos c-FOS positivos / núcleos DAPI,51,WATER_NPY1;WATER_NPY2;E7_FR7-5,E7_FR7-1;E9_FR8-1;E8_FR6-1,WATER_NPY3;E8_FR6-3;E8_FR6-4,0.93611422936,0.237826997595,False,False,biological animal
cfos_occurrence,Ocurrencia espacial de núcleos c-FOS positivos / núcleos DAPI,52,WATER_NPY1;WATER_NPY2;E7_FR7-5,E7_FR7-1;E9_FR8-1;E8_FR6-3,WATER_NPY3;E8_FR6-1;E8_FR6-4,0.910644365844,0.232862996645,False,False,biological animal
cfos_occurrence,Ocurrencia espacial de núcleos c-FOS positivos / núcleos DAPI,53,WATER_NPY1;WATER_NPY2;E7_FR7-5,E7_FR7-1;E9_FR8-1;E8_FR6-4,WATER_NPY3;E8_FR6-1;E8_FR6-3,0.403778350259,0.118626511103,False,False,biological animal
cfos_occurrence,Ocurrencia espacial de núcleos c-FOS positivos / núcleos DAPI,54,WATER_NPY1;WATER_NPY2;E7_FR7-5,E7_FR7-1;E8_FR6-1;E8_FR6-3,WATER_NPY3;E9_FR8-1;E8_FR6-4,0.576216086957,0.161124516233,False,False,biological animal
cfos_occurrence,Ocurrencia espacial de núcleos c-FOS positivos / núcleos DAPI,55,WATER_NPY1;WATER_NPY2;E7_FR7-5,E7_FR7-1;E8_FR6-1;E8_FR6-4,WATER_NPY3;E9_FR8-1;E8_FR6-3,0.853849726542,0.22155760788,False,False,biological animal
cfos_occurrence,Ocurrencia espacial de núcleos c-FOS positivos / núcleos DAPI,56,WATER_NPY1;WATER_NPY2;E7_FR7-5,E7_FR7-1;E8_FR6-3;E8_FR6-4,WATER_NPY3;E9_FR8-1;E8_FR6-1,0.773123151279,0.204902707991,False,False,biological animal
cfos_occurrence,Ocurrencia espacial de núcleos c-FOS positivos / núcleos DAPI,57,WATER_NPY1;WATER_NPY2;E7_FR7-5,E9_FR8-1;E8_FR6-1;E8_FR6-3,WATER_NPY3;E7_FR7-1;E8_FR6-4,0.479309409541,0.137759926791,False,False,biological animal
cfos_occurrence,Ocurrencia espacial de núcleos c-FOS positivos / núcleos DAPI,58,WATER_NPY1;WATER_NPY2;E7_FR7-5,E9_FR8-1;E8_FR6-1;E8_FR6-4,WATER_NPY3;E7_FR7-1;E8_FR6-3,0.783704983844,0.207126344995,False,False,biological animal
cfos_occurrence,Ocurrencia espacial de núcleos c-FOS positivos / núcleos DAPI,59,WATER_NPY1;WATER_NPY2;E7_FR7-5,E9_FR8-1;E8_FR6-3;E8_FR6-4,WATER_NPY3;E7_FR7-1;E8_FR6-1,0.760058747513,0.202140125607,False,False,biological animal
cfos_occurrence,Ocurrencia espacial de núcleos c-FOS positivos / núcleos DAPI,60,WATER_NPY1;WATER_NPY2;E7_FR7-5,E8_FR6-1;E8_FR6-3;E8_FR6-4,WATER_NPY3;E7_FR7-1;E9_FR8-1,5.7589126458,0.657491731986,False,True,biological animal
cfos_occurrence,Ocurrencia espacial de núcleos c-FOS positivos / núcleos DAPI,61,WATER_NPY1;WATER_NPY2;E9_FR8-1,WATER_NPY3;E7_FR7-1;E7_FR7-5,E8_FR6-1;E8_FR6-3;E8_FR6-4,3.24158347526,0.51935273927,False,False,biological animal
cfos_occurrence,Ocurrencia espacial de núcleos c-FOS positivos / núcleos DAPI,62,WATER_NPY1;WATER_NPY2;E9_FR8-1,WATER_NPY3;E7_FR7-1;E8_FR6-1,E7_FR7-5;E8_FR6-3;E8_FR6-4,0.794067592542,0.209291894036,False,False,biological animal
cfos_occurrence,Ocurrencia espacial de núcleos c-FOS positivos / núcleos DAPI,63,WATER_NPY1;WATER_NPY2;E9_FR8-1,WATER_NPY3;E7_FR7-1;E8_FR6-3,E7_FR7-5;E8_FR6-1;E8_FR6-4,0.829094609699,0.21652497371,False,False,biological animal
cfos_occurrence,Ocurrencia espacial de núcleos c-FOS positivos / núcleos DAPI,64,WATER_NPY1;WATER_NPY2;E9_FR8-1,WATER_NPY3;E7_FR7-1;E8_FR6-4,E7_FR7-5;E8_FR6-1;E8_FR6-3,0.362115930438,0.107704772212,False,False,biological animal
cfos_occurrence,Ocurrencia espacial de núcleos c-FOS positivos / núcleos DAPI,65,WATER_NPY1;WATER_NPY2;E9_FR8-1,WATER_NPY3;E7_FR7-5;E8_FR6-1,E7_FR7-1;E8_FR6-3;E8_FR6-4,0.432285532096,0.125946844473,False,False,biological animal
cfos_occurrence,Ocurrencia espacial de núcleos c-FOS positivos / núcleos DAPI,66,WATER_NPY1;WATER_NPY2;E9_FR8-1,WATER_NPY3;E7_FR7-5;E8_FR6-3,E7_FR7-1;E8_FR6-1;E8_FR6-4,0.489812184616,0.140354884075,False,False,biological animal
cfos_occurrence,Ocurrencia espacial de núcleos c-FOS positivos / núcleos DAPI,67,WATER_NPY1;WATER_NPY2;E9_FR8-1,WATER_NPY3;E7_FR7-5;E8_FR6-4,E7_FR7-1;E8_FR6-1;E8_FR6-3,0.406673625322,0.119375575723,False,False,biological animal
cfos_occurrence,Ocurrencia espacial de núcleos c-FOS positivos / núcleos DAPI,68,WATER_NPY1;WATER_NPY2;E9_FR8-1,WATER_NPY3;E8_FR6-1;E8_FR6-3,E7_FR7-1;E7_FR7-5;E8_FR6-4,0.221794834192,0.0688420106203,False,False,biological animal
cfos_occurrence,Ocurrencia espacial de núcleos c-FOS positivos / núcleos DAPI,69,WATER_NPY1;WATER_NPY2;E9_FR8-1,WATER_NPY3;E8_FR6-1;E8_FR6-4,E7_FR7-1;E7_FR7-5;E8_FR6-3,0.503137053439,0.143624712868,False,False,biological animal
cfos_occurrence,Ocurrencia espacial de núcleos c-FOS positivos / núcleos DAPI,70,WATER_NPY1;WATER_NPY2;E9_FR8-1,WATER_NPY3;E8_FR6-3;E8_FR6-4,E7_FR7-1;E7_FR7-5;E8_FR6-1,0.532884690545,0.150835574105,False,False,biological animal
cfos_occurrence,Ocurrencia espacial de núcleos c-FOS positivos / núcleos DAPI,71,WATER_NPY1;WATER_NPY2;E9_FR8-1,E7_FR7-1;E7_FR7-5;E8_FR6-1,WATER_NPY3;E8_FR6-3;E8_FR6-4,0.532884690545,0.150835574105,False,False,biological animal
cfos_occurrence,Ocurrencia espacial de núcleos c-FOS positivos / núcleos DAPI,72,WATER_NPY1;WATER_NPY2;E9_FR8-1,E7_FR7-1;E7_FR7-5;E8_FR6-3,WATER_NPY3;E8_FR6-1;E8_FR6-4,0.503137053439,0.143624712868,False,False,biological animal
cfos_occurrence,Ocurrencia espacial de núcleos c-FOS positivos / núcleos DAPI,73,WATER_NPY1;WATER_NPY2;E9_FR8-1,E7_FR7-1;E7_FR7-5;E8_FR6-4,WATER_NPY3;E8_FR6-1;E8_FR6-3,0.221794834192,0.0688420106203,False,False,biological animal
cfos_occurrence,Ocurrencia espacial de núcleos c-FOS positivos / núcleos DAPI,74,WATER_NPY1;WATER_NPY2;E9_FR8-1,E7_FR7-1;E8_FR6-1;E8_FR6-3,WATER_NPY3;E7_FR7-5;E8_FR6-4,0.406673625322,0.119375575723,False,False,biological animal
cfos_occurrence,Ocurrencia espacial de núcleos c-FOS positivos / núcleos DAPI,75,WATER_NPY1;WATER_NPY2;E9_FR8-1,E7_FR7-1;E8_FR6-1;E8_FR6-4,WATER_NPY3;E7_FR7-5;E8_FR6-3,0.489812184616,0.140354884075,False,False,biological animal
cfos_occurrence,Ocurrencia espacial de núcleos c-FOS positivos / núcleos DAPI,76,WATER_NPY1;WATER_NPY2;E9_FR8-1,E7_FR7-1;E8_FR6-3;E8_FR6-4,WATER_NPY3;E7_FR7-5;E8_FR6-1,0.432285532096,0.125946844473,False,False,biological animal
cfos_occurrence,Ocurrencia espacial de núcleos c-FOS positivos / núcleos DAPI,77,WATER_NPY1;WATER_NPY2;E9_FR8-1,E7_FR7-5;E8_FR6-1;E8_FR6-3,WATER_NPY3;E7_FR7-1;E8_FR6-4,0.362115930438,0.107704772212,False,False,biological animal
cfos_occurrence,Ocurrencia espacial de núcleos c-FOS positivos / núcleos DAPI,78,WATER_NPY1;WATER_NPY2;E9_FR8-1,E7_FR7-5;E8_FR6-1;E8_FR6-4,WATER_NPY3;E7_FR7-1;E8_FR6-3,0.829094609699,0.21652497371,False,False,biological animal
cfos_occurrence,Ocurrencia espacial de núcleos c-FOS positivos / núcleos DAPI,79,WATER_NPY1;WATER_NPY2;E9_FR8-1,E7_FR7-5;E8_FR6-3;E8_FR6-4,WATER_NPY3;E7_FR7-1;E8_FR6-1,0.794067592542,0.209291894036,False,False,biological animal
cfos_occurrence,Ocurrencia espacial de núcleos c-FOS positivos / núcleos DAPI,80,WATER_NPY1;WATER_NPY2;E9_FR8-1,E8_FR6-1;E8_FR6-3;E8_FR6-4,WATER_NPY3;E7_FR7-1;E7_FR7-5,3.24158347526,0.51935273927,False,False,biological animal
cfos_occurrence,Ocurrencia espacial de núcleos c-FOS positivos / núcleos DAPI,81,WATER_NPY1;WATER_NPY2;E8_FR6-1,WATER_NPY3;E7_FR7-1;E7_FR7-5,E9_FR8-1;E8_FR6-3;E8_FR6-4,3.1176561278,0.509616111575,False,False,biological animal
cfos_occurrence,Ocurrencia espacial de núcleos c-FOS positivos / núcleos DAPI,82,WATER_NPY1;WATER_NPY2;E8_FR6-1,WATER_NPY3;E7_FR7-1;E9_FR8-1,E7_FR7-5;E8_FR6-3;E8_FR6-4,5.69330555388,0.654906872719,False,True,biological animal
cfos_occurrence,Ocurrencia espacial de núcleos c-FOS positivos / núcleos DAPI,83,WATER_NPY1;WATER_NPY2;E8_FR6-1,WATER_NPY3;E7_FR7-1;E8_FR6-3,E7_FR7-5;E9_FR8-1;E8_FR6-4,1.52478672404,0.336985324842,False,False,biological animal
cfos_occurrence,Ocurrencia espacial de núcleos c-FOS positivos / núcleos DAPI,84,WATER_NPY1;WATER_NPY2;E8_FR6-1,WATER_NPY3;E7_FR7-1;E8_FR6-4,E7_FR7-5;E9_FR8-1;E8_FR6-3,1.38276057567,0.315499911938,False,False,biological animal
cfos_occurrence,Ocurrencia espacial de núcleos c-FOS positivos / núcleos DAPI,85,WATER_NPY1;WATER_NPY2;E8_FR6-1,WATER_NPY3;E7_FR7-5;E9_FR8-1,E7_FR7-1;E8_FR6-3;E8_FR6-4,3.32309160859,0.525548547182,False,True,biological animal
cfos_occurrence,Ocurrencia espacial de núcleos c-FOS positivos / núcleos DAPI,86,WATER_NPY1;WATER_NPY2;E8_FR6-1,WATER_NPY3;E7_FR7-5;E8_FR6-3,E7_FR7-1;E9_FR8-1;E8_FR6-4,1.32793334462,0.306828511181,False,False,biological animal
cfos_occurrence,Ocurrencia espacial de núcleos c-FOS positivos / núcleos DAPI,87,WATER_NPY1;WATER_NPY2;E8_FR6-1,WATER_NPY3;E7_FR7-5;E8_FR6-4,E7_FR7-1;E9_FR8-1;E8_FR6-3,1.78609346115,0.373183991422,False,False,biological animal
cfos_occurrence,Ocurrencia espacial de núcleos c-FOS positivos / núcleos DAPI,88,WATER_NPY1;WATER_NPY2;E8_FR6-1,WATER_NPY3;E9_FR8-1;E8_FR6-3,E7_FR7-1;E7_FR7-5;E8_FR6-4,1.53341170556,0.338246734503,False,False,biological animal
cfos_occurrence,Ocurrencia espacial de núcleos c-FOS positivos / núcleos DAPI,89,WATER_NPY1;WATER_NPY2;E8_FR6-1,WATER_NPY3;E9_FR8-1;E8_FR6-4,E7_FR7-1;E7_FR7-5;E8_FR6-3,1.44902297127,0.325694648156,False,False,biological animal
cfos_occurrence,Ocurrencia espacial de núcleos c-FOS positivos / núcleos DAPI,90,WATER_NPY1;WATER_NPY2;E8_FR6-1,WATER_NPY3;E8_FR6-3;E8_FR6-4,E7_FR7-1;E7_FR7-5;E9_FR8-1,3.44940718699,0.534840968632,False,True,biological animal
cfos_occurrence,Ocurrencia espacial de núcleos c-FOS positivos / núcleos DAPI,91,WATER_NPY1;WATER_NPY2;E8_FR6-1,E7_FR7-1;E7_FR7-5;E9_FR8-1,WATER_NPY3;E8_FR6-3;E8_FR6-4,3.44940718699,0.534840968632,False,True,biological animal
cfos_occurrence,Ocurrencia espacial de núcleos c-FOS positivos / núcleos DAPI,92,WATER_NPY1;WATER_NPY2;E8_FR6-1,E7_FR7-1;E7_FR7-5;E8_FR6-3,WATER_NPY3;E9_FR8-1;E8_FR6-4,1.44902297127,0.325694648156,False,False,biological animal
cfos_occurrence,Ocurrencia espacial de núcleos c-FOS positivos / núcleos DAPI,93,WATER_NPY1;WATER_NPY2;E8_FR6-1,E7_FR7-1;E7_FR7-5;E8_FR6-4,WATER_NPY3;E9_FR8-1;E8_FR6-3,1.53341170556,0.338246734503,False,False,biological animal
cfos_occurrence,Ocurrencia espacial de núcleos c-FOS positivos / núcleos DAPI,94,WATER_NPY1;WATER_NPY2;E8_FR6-1,E7_FR7-1;E9_FR8-1;E8_FR6-3,WATER_NPY3;E7_FR7-5;E8_FR6-4,1.78609346115,0.373183991422,False,False,biological animal
cfos_occurrence,Ocurrencia espacial de núcleos c-FOS positivos / núcleos DAPI,95,WATER_NPY1;WATER_NPY2;E8_FR6-1,E7_FR7-1;E9_FR8-1;E8_FR6-4,WATER_NPY3;E7_FR7-5;E8_FR6-3,1.32793334462,0.306828511181,False,False,biological animal
cfos_occurrence,Ocurrencia espacial de núcleos c-FOS positivos / núcleos DAPI,96,WATER_NPY1;WATER_NPY2;E8_FR6-1,E7_FR7-1;E8_FR6-3;E8_FR6-4,WATER_NPY3;E7_FR7-5;E9_FR8-1,3.32309160859,0.525548547182,False,True,biological animal
cfos_occurrence,Ocurrencia espacial de núcleos c-FOS positivos / núcleos DAPI,97,WATER_NPY1;WATER_NPY2;E8_FR6-1,E7_FR7-5;E9_FR8-1;E8_FR6-3,WATER_NPY3;E7_FR7-1;E8_FR6-4,1.38276057567,0.315499911938,False,False,biological animal
cfos_occurrence,Ocurrencia espacial de núcleos c-FOS positivos / núcleos DAPI,98,WATER_NPY1;WATER_NPY2;E8_FR6-1,E7_FR7-5;E9_FR8-1;E8_FR6-4,WATER_NPY3;E7_FR7-1;E8_FR6-3,1.52478672404,0.336985324842,False,False,biological animal
cfos_occurrence,Ocurrencia espacial de núcleos c-FOS positivos / núcleos DAPI,99,WATER_NPY1;WATER_NPY2;E8_FR6-1,E7_FR7-5;E8_FR6-3;E8_FR6-4,WATER_NPY3;E7_FR7-1;E9_FR8-1,5.69330555388,0.654906872719,False,True,biological animal
cfos_occurrence,Ocurrencia espacial de núcleos c-FOS positivos / núcleos DAPI,100,WATER_NPY1;WATER_NPY2;E8_FR6-1,E9_FR8-1;E8_FR6-3;E8_FR6-4,WATER_NPY3;E7_FR7-1;E7_FR7-5,3.1176561278,0.509616111575,False,False,biological animal
cfos_occurrence,Ocurrencia espacial de núcleos c-FOS positivos / núcleos DAPI,101,WATER_NPY1;WATER_NPY2;E8_FR6-3,WATER_NPY3;E7_FR7-1;E7_FR7-5,E9_FR8-1;E8_FR6-1;E8_FR6-4,3.13523027046,0.511020798283,False,False,biological animal
cfos_occurrence,Ocurrencia espacial de núcleos c-FOS positivos / núcleos DAPI,102,WATER_NPY1;WATER_NPY2;E8_FR6-3,WATER_NPY3;E7_FR7-1;E9_FR8-1,E7_FR7-5;E8_FR6-1;E8_FR6-4,5.7862761105,0.658558419714,False,True,biological animal
cfos_occurrence,Ocurrencia espacial de núcleos c-FOS positivos / núcleos DAPI,103,WATER_NPY1;WATER_NPY2;E8_FR6-3,WATER_NPY3;E7_FR7-1;E8_FR6-1,E7_FR7-5;E9_FR8-1;E8_FR6-4,1.50047564736,0.333403792162,False,False,biological animal
cfos_occurrence,Ocurrencia espacial de núcleos c-FOS positivos / núcleos DAPI,104,WATER_NPY1;WATER_NPY2;E8_FR6-3,WATER_NPY3;E7_FR7-1;E8_FR6-4,E7_FR7-5;E9_FR8-1;E8_FR6-1,1.36875819702,0.313306009463,False,False,biological animal
cfos_occurrence,Ocurrencia espacial de núcleos c-FOS positivos / núcleos DAPI,105,WATER_NPY1;WATER_NPY2;E8_FR6-3,WATER_NPY3;E7_FR7-5;E9_FR8-1,E7_FR7-1;E8_FR6-1;E8_FR6-4,3.42106209929,0.532787574141,False,True,biological animal
cfos_occurrence,Ocurrencia espacial de núcleos c-FOS positivos / núcleos DAPI,106,WATER_NPY1;WATER_NPY2;E8_FR6-3,WATER_NPY3;E7_FR7-5;E8_FR6-1,E7_FR7-1;E9_FR8-1;E8_FR6-4,1.28363059645,0.299659498537,False,False,biological animal
cfos_occurrence,Ocurrencia espacial de núcleos c-FOS positivos / núcleos DAPI,107,WATER_NPY1;WATER_NPY2;E8_FR6-3,WATER_NPY3;E7_FR7-5;E8_FR6-4,E7_FR7-1;E9_FR8-1;E8_FR6-1,1.79675792053,0.374577568912,False,False,biological animal
cfos_occurrence,Ocurrencia espacial de núcleos c-FOS positivos / núcleos DAPI,108,WATER_NPY1;WATER_NPY2;E8_FR6-3,WATER_NPY3;E9_FR8-1;E8_FR6-1,E7_FR7-1;E7_FR7-5;E8_FR6-4,1.46981219522,0.328830861573,False,False,biological animal
cfos_occurrence,Ocurrencia espacial de núcleos c-FOS positivos / núcleos DAPI,109,WATER_NPY1;WATER_NPY2;E8_FR6-3,WATER_NPY3;E9_FR8-1;E8_FR6-4,E7_FR7-1;E7_FR7-5;E8_FR6-1,1.47317272318,0.329335085933,False,False,biological animal
cfos_occurrence,Ocurrencia espacial de núcleos c-FOS positivos / núcleos DAPI,110,WATER_NPY1;WATER_NPY2;E8_FR6-3,WATER_NPY3;E8_FR6-1;E8_FR6-4,E7_FR7-1;E7_FR7-5;E9_FR8-1,3.40028052236,0.531270545171,False,True,biological animal
cfos_occurrence,Ocurrencia espacial de núcleos c-FOS positivos / núcleos DAPI,111,WATER_NPY1;WATER_NPY2;E8_FR6-3,E7_FR7-1;E7_FR7-5;E9_FR8-1,WATER_NPY3;E8_FR6-1;E8_FR6-4,3.40028052236,0.531270545171,False,True,biological animal
cfos_occurrence,Ocurrencia espacial de núcleos c-FOS positivos / núcleos DAPI,112,WATER_NPY1;WATER_NPY2;E8_FR6-3,E7_FR7-1;E7_FR7-5;E8_FR6-1,WATER_NPY3;E9_FR8-1;E8_FR6-4,1.47317272318,0.329335085933,False,False,biological animal
cfos_occurrence,Ocurrencia espacial de núcleos c-FOS positivos / núcleos DAPI,113,WATER_NPY1;WATER_NPY2;E8_FR6-3,E7_FR7-1;E7_FR7-5;E8_FR6-4,WATER_NPY3;E9_FR8-1;E8_FR6-1,1.46981219522,0.328830861573,False,False,biological animal
cfos_occurrence,Ocurrencia espacial de núcleos c-FOS positivos / núcleos DAPI,114,WATER_NPY1;WATER_NPY2;E8_FR6-3,E7_FR7-1;E9_FR8-1;E8_FR6-1,WATER_NPY3;E7_FR7-5;E8_FR6-4,1.79675792053,0.374577568912,False,False,biological animal
cfos_occurrence,Ocurrencia espacial de núcleos c-FOS positivos / núcleos DAPI,115,WATER_NPY1;WATER_NPY2;E8_FR6-3,E7_FR7-1;E9_FR8-1;E8_FR6-4,WATER_NPY3;E7_FR7-5;E8_FR6-1,1.28363059645,0.299659498537,False,False,biological animal
cfos_occurrence,Ocurrencia espacial de núcleos c-FOS positivos / núcleos DAPI,116,WATER_NPY1;WATER_NPY2;E8_FR6-3,E7_FR7-1;E8_FR6-1;E8_FR6-4,WATER_NPY3;E7_FR7-5;E9_FR8-1,3.42106209929,0.532787574141,False,True,biological animal
cfos_occurrence,Ocurrencia espacial de núcleos c-FOS positivos / núcleos DAPI,117,WATER_NPY1;WATER_NPY2;E8_FR6-3,E7_FR7-5;E9_FR8-1;E8_FR6-1,WATER_NPY3;E7_FR7-1;E8_FR6-4,1.36875819702,0.313306009463,False,False,biological animal
cfos_occurrence,Ocurrencia espacial de núcleos c-FOS positivos / núcleos DAPI,118,WATER_NPY1;WATER_NPY2;E8_FR6-3,E7_FR7-5;E9_FR8-1;E8_FR6-4,WATER_NPY3;E7_FR7-1;E8_FR6-1,1.50047564736,0.333403792162,False,False,biological animal
cfos_occurrence,Ocurrencia espacial de núcleos c-FOS positivos / núcleos DAPI,119,WATER_NPY1;WATER_NPY2;E8_FR6-3,E7_FR7-5;E8_FR6-1;E8_FR6-4,WATER_NPY3;E7_FR7-1;E9_FR8-1,5.7862761105,0.658558419714,False,True,biological animal
cfos_occurrence,Ocurrencia espacial de núcleos c-FOS positivos / núcleos DAPI,120,WATER_NPY1;WATER_NPY2;E8_FR6-3,E9_FR8-1;E8_FR6-1;E8_FR6-4,WATER_NPY3;E7_FR7-1;E7_FR7-5,3.13523027046,0.511020798283,False,False,biological animal
cfos_occurrence,Ocurrencia espacial de núcleos c-FOS positivos / núcleos DAPI,121,WATER_NPY1;WATER_NPY2;E8_FR6-4,WATER_NPY3;E7_FR7-1;E7_FR7-5,E9_FR8-1;E8_FR6-1;E8_FR6-3,5.7950379323,0.658898571775,False,True,biological animal
cfos_occurrence,Ocurrencia espacial de núcleos c-FOS positivos / núcleos DAPI,122,WATER_NPY1;WATER_NPY2;E8_FR6-4,WATER_NPY3;E7_FR7-1;E9_FR8-1,E7_FR7-5;E8_FR6-1;E8_FR6-3,9.87456452906,0.766982409912,False,True,biological animal
cfos_occurrence,Ocurrencia espacial de núcleos c-FOS positivos / núcleos DAPI,123,WATER_NPY1;WATER_NPY2;E8_FR6-4,WATER_NPY3;E7_FR7-1;E8_FR6-1,E7_FR7-5;E9_FR8-1;E8_FR6-3,3.37162599006,0.529162570954,False,True,biological animal
cfos_occurrence,Ocurrencia espacial de núcleos c-FOS positivos / núcleos DAPI,124,WATER_NPY1;WATER_NPY2;E8_FR6-4,WATER_NPY3;E7_FR7-1;E8_FR6-3,E7_FR7-5;E9_FR8-1;E8_FR6-1,3.39045965598,0.530550201159,False,True,biological animal
cfos_occurrence,Ocurrencia espacial de núcleos c-FOS positivos / núcleos DAPI,125,WATER_NPY1;WATER_NPY2;E8_FR6-4,WATER_NPY3;E7_FR7-5;E9_FR8-1,E7_FR7-1;E8_FR6-1;E8_FR6-3,6.52780245678,0.685132010911,False,True,biological animal
cfos_occurrence,Ocurrencia espacial de núcleos c-FOS positivos / núcleos DAPI,126,WATER_NPY1;WATER_NPY2;E8_FR6-4,WATER_NPY3;E7_FR7-5;E8_FR6-1,E7_FR7-1;E9_FR8-1;E8_FR6-3,3.51237721871,0.539338723902,False,True,biological animal
cfos_occurrence,Ocurrencia espacial de núcleos c-FOS positivos / núcleos DAPI,127,WATER_NPY1;WATER_NPY2;E8_FR6-4,WATER_NPY3;E7_FR7-5;E8_FR6-3,E7_FR7-1;E9_FR8-1;E8_FR6-1,3.63571935317,0.547901314035,False,True,biological animal
cfos_occurrence,Ocurrencia espacial de núcleos c-FOS positivos / núcleos DAPI,128,WATER_NPY1;WATER_NPY2;E8_FR6-4,WATER_NPY3;E9_FR8-1;E8_FR6-1,E7_FR7-1;E7_FR7-5;E8_FR6-3,3.370188248,0.529056303643,False,True,biological animal
cfos_occurrence,Ocurrencia espacial de núcleos c-FOS positivos / núcleos DAPI,129,WATER_NPY1;WATER_NPY2;E8_FR6-4,WATER_NPY3;E9_FR8-1;E8_FR6-3,E7_FR7-1;E7_FR7-5;E8_FR6-1,3.55182932314,0.54211261435,False,True,biological animal
cfos_occurrence,Ocurrencia espacial de núcleos c-FOS positivos / núcleos DAPI,130,WATER_NPY1;WATER_NPY2;E8_FR6-4,WATER_NPY3;E8_FR6-1;E8_FR6-3,E7_FR7-1;E7_FR7-5;E9_FR8-1,5.73905067939,0.656713284994,False,True,biological animal
cfos_occurrence,Ocurrencia espacial de núcleos c-FOS positivos / núcleos DAPI,131,WATER_NPY1;WATER_NPY2;E8_FR6-4,E7_FR7-1;E7_FR7-5;E9_FR8-1,WATER_NPY3;E8_FR6-1;E8_FR6-3,5.73905067939,0.656713284994,False,True,biological animal
cfos_occurrence,Ocurrencia espacial de núcleos c-FOS positivos / núcleos DAPI,132,WATER_NPY1;WATER_NPY2;E8_FR6-4,E7_FR7-1;E7_FR7-5;E8_FR6-1,WATER_NPY3;E9_FR8-1;E8_FR6-3,3.55182932314,0.54211261435,False,True,biological animal
cfos_occurrence,Ocurrencia espacial de núcleos c-FOS positivos / núcleos DAPI,133,WATER_NPY1;WATER_NPY2;E8_FR6-4,E7_FR7-1;E7_FR7-5;E8_FR6-3,WATER_NPY3;E9_FR8-1;E8_FR6-1,3.370188248,0.529056303643,False,True,biological animal
cfos_occurrence,Ocurrencia espacial de núcleos c-FOS positivos / núcleos DAPI,134,WATER_NPY1;WATER_NPY2;E8_FR6-4,E7_FR7-1;E9_FR8-1;E8_FR6-1,WATER_NPY3;E7_FR7-5;E8_FR6-3,3.63571935317,0.547901314035,False,True,biological animal
cfos_occurrence,Ocurrencia espacial de núcleos c-FOS positivos / núcleos DAPI,135,WATER_NPY1;WATER_NPY2;E8_FR6-4,E7_FR7-1;E9_FR8-1;E8_FR6-3,WATER_NPY3;E7_FR7-5;E8_FR6-1,3.51237721871,0.539338723902,False,True,biological animal
cfos_occurrence,Ocurrencia espacial de núcleos c-FOS positivos / núcleos DAPI,136,WATER_NPY1;WATER_NPY2;E8_FR6-4,E7_FR7-1;E8_FR6-1;E8_FR6-3,WATER_NPY3;E7_FR7-5;E9_FR8-1,6.52780245678,0.685132010911,False,True,biological animal
cfos_occurrence,Ocurrencia espacial de núcleos c-FOS positivos / núcleos DAPI,137,WATER_NPY1;WATER_NPY2;E8_FR6-4,E7_FR7-5;E9_FR8-1;E8_FR6-1,WATER_NPY3;E7_FR7-1;E8_FR6-3,3.39045965598,0.530550201159,False,True,biological animal
cfos_occurrence,Ocurrencia espacial de núcleos c-FOS positivos / núcleos DAPI,138,WATER_NPY1;WATER_NPY2;E8_FR6-4,E7_FR7-5;E9_FR8-1;E8_FR6-3,WATER_NPY3;E7_FR7-1;E8_FR6-1,3.37162599006,0.529162570954,False,True,biological animal
cfos_occurrence,Ocurrencia espacial de núcleos c-FOS positivos / núcleos DAPI,139,WATER_NPY1;WATER_NPY2;E8_FR6-4,E7_FR7-5;E8_FR6-1;E8_FR6-3,WATER_NPY3;E7_FR7-1;E9_FR8-1,9.87456452906,0.766982409912,False,True,biological animal
cfos_occurrence,Ocurrencia espacial de núcleos c-FOS positivos / núcleos DAPI,140,WATER_NPY1;WATER_NPY2;E8_FR6-4,E9_FR8-1;E8_FR6-1;E8_FR6-3,WATER_NPY3;E7_FR7-1;E7_FR7-5,5.7950379323,0.658898571775,False,True,biological animal
cfos_occurrence,Ocurrencia espacial de núcleos c-FOS positivos / núcleos DAPI,141,WATER_NPY1;WATER_NPY3;E7_FR7-1,WATER_NPY2;E7_FR7-5;E9_FR8-1,E8_FR6-1;E8_FR6-3;E8_FR6-4,1.22234119805,0.289493705202,False,False,biological animal
cfos_occurrence,Ocurrencia espacial de núcleos c-FOS positivos / núcleos DAPI,142,WATER_NPY1;WATER_NPY3;E7_FR7-1,WATER_NPY2;E7_FR7-5;E8_FR6-1,E9_FR8-1;E8_FR6-3;E8_FR6-4,0.221098094943,0.0686405965998,False,False,biological animal
cfos_occurrence,Ocurrencia espacial de núcleos c-FOS positivos / núcleos DAPI,143,WATER_NPY1;WATER_NPY3;E7_FR7-1,WATER_NPY2;E7_FR7-5;E8_FR6-3,E9_FR8-1;E8_FR6-1;E8_FR6-4,0.247592611498,0.0762388147521,False,False,biological animal
cfos_occurrence,Ocurrencia espacial de núcleos c-FOS positivos / núcleos DAPI,144,WATER_NPY1;WATER_NPY3;E7_FR7-1,WATER_NPY2;E7_FR7-5;E8_FR6-4,E9_FR8-1;E8_FR6-1;E8_FR6-3,0.452324671449,0.131020316597,False,False,biological animal
cfos_occurrence,Ocurrencia espacial de núcleos c-FOS positivos / núcleos DAPI,145,WATER_NPY1;WATER_NPY3;E7_FR7-1,WATER_NPY2;E9_FR8-1;E8_FR6-1,E7_FR7-5;E8_FR6-3;E8_FR6-4,0.334405601062,0.100289419186,False,False,biological animal
cfos_occurrence,Ocurrencia espacial de núcleos c-FOS positivos / núcleos DAPI,146,WATER_NPY1;WATER_NPY3;E7_FR7-1,WATER_NPY2;E9_FR8-1;E8_FR6-3,E7_FR7-5;E8_FR6-1;E8_FR6-4,0.37982987034,0.112381357912,False,False,biological animal
cfos_occurrence,Ocurrencia espacial de núcleos c-FOS positivos / núcleos DAPI,147,WATER_NPY1;WATER_NPY3;E7_FR7-1,WATER_NPY2;E9_FR8-1;E8_FR6-4,E7_FR7-5;E8_FR6-1;E8_FR6-3,0.290394753622,0.0882552931687,False,False,biological animal
cfos_occurrence,Ocurrencia espacial de núcleos c-FOS positivos / núcleos DAPI,148,WATER_NPY1;WATER_NPY3;E7_FR7-1,WATER_NPY2;E8_FR6-1;E8_FR6-3,E7_FR7-5;E9_FR8-1;E8_FR6-4,0.537411337299,0.151922206963,False,False,biological animal
cfos_occurrence,Ocurrencia espacial de núcleos c-FOS positivos / núcleos DAPI,149,WATER_NPY1;WATER_NPY3;E7_FR7-1,WATER_NPY2;E8_FR6-1;E8_FR6-4,E7_FR7-5;E9_FR8-1;E8_FR6-3,1.30086389082,0.302465719409,False,False,biological animal
cfos_occurrence,Ocurrencia espacial de núcleos c-FOS positivos / núcleos DAPI,150,WATER_NPY1;WATER_NPY3;E7_FR7-1,WATER_NPY2;E8_FR6-3;E8_FR6-4,E7_FR7-5;E9_FR8-1;E8_FR6-1,1.30333804846,0.302866759195,False,False,biological animal
cfos_occurrence,Ocurrencia espacial de núcleos c-FOS positivos / núcleos DAPI,151,WATER_NPY1;WATER_NPY3;E7_FR7-1,E7_FR7-5;E9_FR8-1;E8_FR6-1,WATER_NPY2;E8_FR6-3;E8_FR6-4,1.30333804846,0.302866759195,False,False,biological animal
cfos_occurrence,Ocurrencia espacial de núcleos c-FOS positivos / núcleos DAPI,152,WATER_NPY1;WATER_NPY3;E7_FR7-1,E7_FR7-5;E9_FR8-1;E8_FR6-3,WATER_NPY2;E8_FR6-1;E8_FR6-4,1.30086389082,0.302465719409,False,False,biological animal
cfos_occurrence,Ocurrencia espacial de núcleos c-FOS positivos / núcleos DAPI,153,WATER_NPY1;WATER_NPY3;E7_FR7-1,E7_FR7-5;E9_FR8-1;E8_FR6-4,WATER_NPY2;E8_FR6-1;E8_FR6-3,0.537411337299,0.151922206963,False,False,biological animal
cfos_occurrence,Ocurrencia espacial de núcleos c-FOS positivos / núcleos DAPI,154,WATER_NPY1;WATER_NPY3;E7_FR7-1,E7_FR7-5;E8_FR6-1;E8_FR6-3,WATER_NPY2;E9_FR8-1;E8_FR6-4,0.290394753622,0.0882552931687,False,False,biological animal
cfos_occurrence,Ocurrencia espacial de núcleos c-FOS positivos / núcleos DAPI,155,WATER_NPY1;WATER_NPY3;E7_FR7-1,E7_FR7-5;E8_FR6-1;E8_FR6-4,WATER_NPY2;E9_FR8-1;E8_FR6-3,0.37982987034,0.112381357912,False,False,biological animal
cfos_occurrence,Ocurrencia espacial de núcleos c-FOS positivos / núcleos DAPI,156,WATER_NPY1;WATER_NPY3;E7_FR7-1,E7_FR7-5;E8_FR6-3;E8_FR6-4,WATER_NPY2;E9_FR8-1;E8_FR6-1,0.334405601062,0.100289419186,False,False,biological animal
cfos_occurrence,Ocurrencia espacial de núcleos c-FOS positivos / núcleos DAPI,157,WATER_NPY1;WATER_NPY3;E7_FR7-1,E9_FR8-1;E8_FR6-1;E8_FR6-3,WATER_NPY2;E7_FR7-5;E8_FR6-4,0.452324671449,0.131020316597,False,False,biological animal
cfos_occurrence,Ocurrencia espacial de núcleos c-FOS positivos / núcleos DAPI,158,WATER_NPY1;WATER_NPY3;E7_FR7-1,E9_FR8-1;E8_FR6-1;E8_FR6-4,WATER_NPY2;E7_FR7-5;E8_FR6-3,0.247592611498,0.0762388147521,False,False,biological animal
cfos_occurrence,Ocurrencia espacial de núcleos c-FOS positivos / núcleos DAPI,159,WATER_NPY1;WATER_NPY3;E7_FR7-1,E9_FR8-1;E8_FR6-3;E8_FR6-4,WATER_NPY2;E7_FR7-5;E8_FR6-1,0.221098094943,0.0686405965998,False,False,biological animal
cfos_occurrence,Ocurrencia espacial de núcleos c-FOS positivos / núcleos DAPI,160,WATER_NPY1;WATER_NPY3;E7_FR7-1,E8_FR6-1;E8_FR6-3;E8_FR6-4,WATER_NPY2;E7_FR7-5;E9_FR8-1,1.22234119805,0.289493705202,False,False,biological animal
cfos_occurrence,Ocurrencia espacial de núcleos c-FOS positivos / núcleos DAPI,161,WATER_NPY1;WATER_NPY3;E7_FR7-5,WATER_NPY2;E7_FR7-1;E9_FR8-1,E8_FR6-1;E8_FR6-3;E8_FR6-4,1.36526736996,0.312756872432,False,False,biological animal
cfos_occurrence,Ocurrencia espacial de núcleos c-FOS positivos / núcleos DAPI,162,WATER_NPY1;WATER_NPY3;E7_FR7-5,WATER_NPY2;E7_FR7-1;E8_FR6-1,E9_FR8-1;E8_FR6-3;E8_FR6-4,0.144293146453,0.0458904878559,False,False,biological animal
cfos_occurrence,Ocurrencia espacial de núcleos c-FOS positivos / núcleos DAPI,163,WATER_NPY1;WATER_NPY3;E7_FR7-5,WATER_NPY2;E7_FR7-1;E8_FR6-3,E9_FR8-1;E8_FR6-1;E8_FR6-4,0.157566436497,0.0499012260442,False,False,biological animal
cfos_occurrence,Ocurrencia espacial de núcleos c-FOS positivos / núcleos DAPI,164,WATER_NPY1;WATER_NPY3;E7_FR7-5,WATER_NPY2;E7_FR7-1;E8_FR6-4,E9_FR8-1;E8_FR6-1;E8_FR6-3,0.194079560821,0.0607622813162,False,False,biological animal
cfos_occurrence,Ocurrencia espacial de núcleos c-FOS positivos / núcleos DAPI,165,WATER_NPY1;WATER_NPY3;E7_FR7-5,WATER_NPY2;E9_FR8-1;E8_FR6-1,E7_FR7-1;E8_FR6-3;E8_FR6-4,0.151126035612,0.0479593751261,False,False,biological animal
cfos_occurrence,Ocurrencia espacial de núcleos c-FOS positivos / núcleos DAPI,166,WATER_NPY1;WATER_NPY3;E7_FR7-5,WATER_NPY2;E9_FR8-1;E8_FR6-3,E7_FR7-1;E8_FR6-1;E8_FR6-4,0.203891810326,0.0636387938158,False,False,biological animal
cfos_occurrence,Ocurrencia espacial de núcleos c-FOS positivos / núcleos DAPI,167,WATER_NPY1;WATER_NPY3;E7_FR7-5,WATER_NPY2;E9_FR8-1;E8_FR6-4,E7_FR7-1;E8_FR6-1;E8_FR6-3,0.273083773366,0.0834331756455,False,False,biological animal
cfos_occurrence,Ocurrencia espacial de núcleos c-FOS positivos / núcleos DAPI,168,WATER_NPY1;WATER_NPY3;E7_FR7-5,WATER_NPY2;E8_FR6-1;E8_FR6-3,E7_FR7-1;E9_FR8-1;E8_FR6-4,0.526063741635,0.149192918841,False,False,biological animal
cfos_occurrence,Ocurrencia espacial de núcleos c-FOS positivos / núcleos DAPI,169,WATER_NPY1;WATER_NPY3;E7_FR7-5,WATER_NPY2;E8_FR6-1;E8_FR6-4,E7_FR7-1;E9_FR8-1;E8_FR6-3,1.5707799759,0.34365687786,False,False,biological animal
cfos_occurrence,Ocurrencia espacial de núcleos c-FOS positivos / núcleos DAPI,170,WATER_NPY1;WATER_NPY3;E7_FR7-5,WATER_NPY2;E8_FR6-3;E8_FR6-4,E7_FR7-1;E9_FR8-1;E8_FR6-1,1.59872589081,0.34764539761,False,False,biological animal
cfos_occurrence,Ocurrencia espacial de núcleos c-FOS positivos / núcleos DAPI,171,WATER_NPY1;WATER_NPY3;E7_FR7-5,E7_FR7-1;E9_FR8-1;E8_FR6-1,WATER_NPY2;E8_FR6-3;E8_FR6-4,1.59872589081,0.34764539761,False,False,biological animal
cfos_occurrence,Ocurrencia espacial de núcleos c-FOS positivos / núcleos DAPI,172,WATER_NPY1;WATER_NPY3;E7_FR7-5,E7_FR7-1;E9_FR8-1;E8_FR6-3,WATER_NPY2;E8_FR6-1;E8_FR6-4,1.5707799759,0.34365687786,False,False,biological animal
cfos_occurrence,Ocurrencia espacial de núcleos c-FOS positivos / núcleos DAPI,173,WATER_NPY1;WATER_NPY3;E7_FR7-5,E7_FR7-1;E9_FR8-1;E8_FR6-4,WATER_NPY2;E8_FR6-1;E8_FR6-3,0.526063741635,0.149192918841,False,False,biological animal
cfos_occurrence,Ocurrencia espacial de núcleos c-FOS positivos / núcleos DAPI,174,WATER_NPY1;WATER_NPY3;E7_FR7-5,E7_FR7-1;E8_FR6-1;E8_FR6-3,WATER_NPY2;E9_FR8-1;E8_FR6-4,0.273083773366,0.0834331756455,False,False,biological animal
cfos_occurrence,Ocurrencia espacial de núcleos c-FOS positivos / núcleos DAPI,175,WATER_NPY1;WATER_NPY3;E7_FR7-5,E7_FR7-1;E8_FR6-1;E8_FR6-4,WATER_NPY2;E9_FR8-1;E8_FR6-3,0.203891810326,0.0636387938158,False,False,biological animal
cfos_occurrence,Ocurrencia espacial de núcleos c-FOS positivos / núcleos DAPI,176,WATER_NPY1;WATER_NPY3;E7_FR7-5,E7_FR7-1;E8_FR6-3;E8_FR6-4,WATER_NPY2;E9_FR8-1;E8_FR6-1,0.151126035612,0.0479593751261,False,False,biological animal
cfos_occurrence,Ocurrencia espacial de núcleos c-FOS positivos / núcleos DAPI,177,WATER_NPY1;WATER_NPY3;E7_FR7-5,E9_FR8-1;E8_FR6-1;E8_FR6-3,WATER_NPY2;E7_FR7-1;E8_FR6-4,0.194079560821,0.0607622813162,False,False,biological animal
cfos_occurrence,Ocurrencia espacial de núcleos c-FOS positivos / núcleos DAPI,178,WATER_NPY1;WATER_NPY3;E7_FR7-5,E9_FR8-1;E8_FR6-1;E8_FR6-4,WATER_NPY2;E7_FR7-1;E8_FR6-3,0.157566436497,0.0499012260442,False,False,biological animal
cfos_occurrence,Ocurrencia espacial de núcleos c-FOS positivos / núcleos DAPI,179,WATER_NPY1;WATER_NPY3;E7_FR7-5,E9_FR8-1;E8_FR6-3;E8_FR6-4,WATER_NPY2;E7_FR7-1;E8_FR6-1,0.144293146453,0.0458904878559,False,False,biological animal
cfos_occurrence,Ocurrencia espacial de núcleos c-FOS positivos / núcleos DAPI,180,WATER_NPY1;WATER_NPY3;E7_FR7-5,E8_FR6-1;E8_FR6-3;E8_FR6-4,WATER_NPY2;E7_FR7-1;E9_FR8-1,1.36526736996,0.312756872432,False,False,biological animal
cfos_occurrence,Ocurrencia espacial de núcleos c-FOS positivos / núcleos DAPI,181,WATER_NPY1;WATER_NPY3;E9_FR8-1,WATER_NPY2;E7_FR7-1;E7_FR7-5,E8_FR6-1;E8_FR6-3;E8_FR6-4,1.18722769021,0.283535498436,False,False,biological animal
cfos_occurrence,Ocurrencia espacial de núcleos c-FOS positivos / núcleos DAPI,182,WATER_NPY1;WATER_NPY3;E9_FR8-1,WATER_NPY2;E7_FR7-1;E8_FR6-1,E7_FR7-5;E8_FR6-3;E8_FR6-4,0.361348551262,0.107501065644,False,False,biological animal
cfos_occurrence,Ocurrencia espacial de núcleos c-FOS positivos / núcleos DAPI,183,WATER_NPY1;WATER_NPY3;E9_FR8-1,WATER_NPY2;E7_FR7-1;E8_FR6-3,E7_FR7-5;E8_FR6-1;E8_FR6-4,0.385082458401,0.113758664119,False,False,biological animal
cfos_occurrence,Ocurrencia espacial de núcleos c-FOS positivos / núcleos DAPI,184,WATER_NPY1;WATER_NPY3;E9_FR8-1,WATER_NPY2;E7_FR7-1;E8_FR6-4,E7_FR7-5;E8_FR6-1;E8_FR6-3,0.279283225639,0.0851659360971,False,False,biological animal
cfos_occurrence,Ocurrencia espacial de núcleos c-FOS positivos / núcleos DAPI,185,WATER_NPY1;WATER_NPY3;E9_FR8-1,WATER_NPY2;E7_FR7-5;E8_FR6-1,E7_FR7-1;E8_FR6-3;E8_FR6-4,0.25351778321,0.077921130328,False,False,biological animal
cfos_occurrence,Ocurrencia espacial de núcleos c-FOS positivos / núcleos DAPI,186,WATER_NPY1;WATER_NPY3;E9_FR8-1,WATER_NPY2;E7_FR7-5;E8_FR6-3,E7_FR7-1;E8_FR6-1;E8_FR6-4,0.301614679765,0.091353688731,False,False,biological animal
cfos_occurrence,Ocurrencia espacial de núcleos c-FOS positivos / núcleos DAPI,187,WATER_NPY1;WATER_NPY3;E9_FR8-1,WATER_NPY2;E7_FR7-5;E8_FR6-4,E7_FR7-1;E8_FR6-1;E8_FR6-3,0.531912582591,0.150601853855,False,False,biological animal
cfos_occurrence,Ocurrencia espacial de núcleos c-FOS positivos / núcleos DAPI,188,WATER_NPY1;WATER_NPY3;E9_FR8-1,WATER_NPY2;E8_FR6-1;E8_FR6-3,E7_FR7-1;E7_FR7-5;E8_FR6-4,0.545542848921,0.153867227719,False,False,biological animal
cfos_occurrence,Ocurrencia espacial de núcleos c-FOS positivos / núcleos DAPI,189,WATER_NPY1;WATER_NPY3;E9_FR8-1,WATER_NPY2;E8_FR6-1;E8_FR6-4,E7_FR7-1;E7_FR7-5;E8_FR6-3,1.34076387452,0.308877403443,False,False,biological animal
cfos_occurrence,Ocurrencia espacial de núcleos c-FOS positivos / núcleos DAPI,190,WATER_NPY1;WATER_NPY3;E9_FR8-1,WATER_NPY2;E8_FR6-3;E8_FR6-4,E7_FR7-1;E7_FR7-5;E8_FR6-1,1.38028324611,0.31511278348,False,False,biological animal
cfos_occurrence,Ocurrencia espacial de núcleos c-FOS positivos / núcleos DAPI,191,WATER_NPY1;WATER_NPY3;E9_FR8-1,E7_FR7-1;E7_FR7-5;E8_FR6-1,WATER_NPY2;E8_FR6-3;E8_FR6-4,1.38028324611,0.31511278348,False,False,biological animal
cfos_occurrence,Ocurrencia espacial de núcleos c-FOS positivos / núcleos DAPI,192,WATER_NPY1;WATER_NPY3;E9_FR8-1,E7_FR7-1;E7_FR7-5;E8_FR6-3,WATER_NPY2;E8_FR6-1;E8_FR6-4,1.34076387452,0.308877403443,False,False,biological animal
cfos_occurrence,Ocurrencia espacial de núcleos c-FOS positivos / núcleos DAPI,193,WATER_NPY1;WATER_NPY3;E9_FR8-1,E7_FR7-1;E7_FR7-5;E8_FR6-4,WATER_NPY2;E8_FR6-1;E8_FR6-3,0.545542848921,0.153867227719,False,False,biological animal
cfos_occurrence,Ocurrencia espacial de núcleos c-FOS positivos / núcleos DAPI,194,WATER_NPY1;WATER_NPY3;E9_FR8-1,E7_FR7-1;E8_FR6-1;E8_FR6-3,WATER_NPY2;E7_FR7-5;E8_FR6-4,0.531912582591,0.150601853855,False,False,biological animal
cfos_occurrence,Ocurrencia espacial de núcleos c-FOS positivos / núcleos DAPI,195,WATER_NPY1;WATER_NPY3;E9_FR8-1,E7_FR7-1;E8_FR6-1;E8_FR6-4,WATER_NPY2;E7_FR7-5;E8_FR6-3,0.301614679765,0.091353688731,False,False,biological animal
cfos_occurrence,Ocurrencia espacial de núcleos c-FOS positivos / núcleos DAPI,196,WATER_NPY1;WATER_NPY3;E9_FR8-1,E7_FR7-1;E8_FR6-3;E8_FR6-4,WATER_NPY2;E7_FR7-5;E8_FR6-1,0.25351778321,0.077921130328,False,False,biological animal
cfos_occurrence,Ocurrencia espacial de núcleos c-FOS positivos / núcleos DAPI,197,WATER_NPY1;WATER_NPY3;E9_FR8-1,E7_FR7-5;E8_FR6-1;E8_FR6-3,WATER_NPY2;E7_FR7-1;E8_FR6-4,0.279283225639,0.0851659360971,False,False,biological animal
cfos_occurrence,Ocurrencia espacial de núcleos c-FOS positivos / núcleos DAPI,198,WATER_NPY1;WATER_NPY3;E9_FR8-1,E7_FR7-5;E8_FR6-1;E8_FR6-4,WATER_NPY2;E7_FR7-1;E8_FR6-3,0.385082458401,0.113758664119,False,False,biological animal
cfos_occurrence,Ocurrencia espacial de núcleos c-FOS positivos / núcleos DAPI,199,WATER_NPY1;WATER_NPY3;E9_FR8-1,E7_FR7-5;E8_FR6-3;E8_FR6-4,WATER_NPY2;E7_FR7-1;E8_FR6-1,0.361348551262,0.107501065644,False,False,biological animal
cfos_occurrence,Ocurrencia espacial de núcleos c-FOS positivos / núcleos DAPI,200,WATER_NPY1;WATER_NPY3;E9_FR8-1,E8_FR6-1;E8_FR6-3;E8_FR6-4,WATER_NPY2;E7_FR7-1;E7_FR7-5,1.18722769021,0.283535498436,False,False,biological animal
cfos_occurrence,Ocurrencia espacial de núcleos c-FOS positivos / núcleos DAPI,201,WATER_NPY1;WATER_NPY3;E8_FR6-1,WATER_NPY2;E7_FR7-1;E7_FR7-5,E9_FR8-1;E8_FR6-3;E8_FR6-4,0.279812797598,0.0853136489383,False,False,biological animal
cfos_occurrence,Ocurrencia espacial de núcleos c-FOS positivos / núcleos DAPI,202,WATER_NPY1;WATER_NPY3;E8_FR6-1,WATER_NPY2;E7_FR7-1;E9_FR8-1,E7_FR7-5;E8_FR6-3;E8_FR6-4,0.641420137624,0.176145600722,False,False,biological animal
cfos_occurrence,Ocurrencia espacial de núcleos c-FOS positivos / núcleos DAPI,203,WATER_NPY1;WATER_NPY3;E8_FR6-1,WATER_NPY2;E7_FR7-1;E8_FR6-3,E7_FR7-5;E9_FR8-1;E8_FR6-4,0.143776840678,0.0457337934479,False,False,biological animal
cfos_occurrence,Ocurrencia espacial de núcleos c-FOS positivos / núcleos DAPI,204,WATER_NPY1;WATER_NPY3;E8_FR6-1,WATER_NPY2;E7_FR7-1;E8_FR6-4,E7_FR7-5;E9_FR8-1;E8_FR6-3,0.349993423928,0.10447585402,False,False,biological animal
cfos_occurrence,Ocurrencia espacial de núcleos c-FOS positivos / núcleos DAPI,205,WATER_NPY1;WATER_NPY3;E8_FR6-1,WATER_NPY2;E7_FR7-5;E9_FR8-1,E7_FR7-1;E8_FR6-3;E8_FR6-4,0.335380476586,0.100552389432,False,False,biological animal
cfos_occurrence,Ocurrencia espacial de núcleos c-FOS positivos / núcleos DAPI,206,WATER_NPY1;WATER_NPY3;E8_FR6-1,WATER_NPY2;E7_FR7-5;E8_FR6-3,E7_FR7-1;E9_FR8-1;E8_FR6-4,0.223526046217,0.0693420940339,False,False,biological animal
cfos_occurrence,Ocurrencia espacial de núcleos c-FOS positivos / núcleos DAPI,207,WATER_NPY1;WATER_NPY3;E8_FR6-1,WATER_NPY2;E7_FR7-5;E8_FR6-4,E7_FR7-1;E9_FR8-1;E8_FR6-3,0.826164821869,0.215925047752,False,False,biological animal
cfos_occurrence,Ocurrencia espacial de núcleos c-FOS positivos / núcleos DAPI,208,WATER_NPY1;WATER_NPY3;E8_FR6-1,WATER_NPY2;E9_FR8-1;E8_FR6-3,E7_FR7-1;E7_FR7-5;E8_FR6-4,0.145648257969,0.046301507996,False,False,biological animal
cfos_occurrence,Ocurrencia espacial de núcleos c-FOS positivos / núcleos DAPI,209,WATER_NPY1;WATER_NPY3;E8_FR6-1,WATER_NPY2;E9_FR8-1;E8_FR6-4,E7_FR7-1;E7_FR7-5;E8_FR6-3,0.385916217644,0.113976895126,False,False,biological animal
cfos_occurrence,Ocurrencia espacial de núcleos c-FOS positivos / núcleos DAPI,210,WATER_NPY1;WATER_NPY3;E8_FR6-1,WATER_NPY2;E8_FR6-3;E8_FR6-4,E7_FR7-1;E7_FR7-5;E9_FR8-1,3.13036786607,0.510632956204,False,False,biological animal
cfos_occurrence,Ocurrencia espacial de núcleos c-FOS positivos / núcleos DAPI,211,WATER_NPY1;WATER_NPY3;E8_FR6-1,E7_FR7-1;E7_FR7-5;E9_FR8-1,WATER_NPY2;E8_FR6-3;E8_FR6-4,3.13036786607,0.510632956204,False,False,biological animal
cfos_occurrence,Ocurrencia espacial de núcleos c-FOS positivos / núcleos DAPI,212,WATER_NPY1;WATER_NPY3;E8_FR6-1,E7_FR7-1;E7_FR7-5;E8_FR6-3,WATER_NPY2;E9_FR8-1;E8_FR6-4,0.385916217644,0.113976895126,False,False,biological animal
cfos_occurrence,Ocurrencia espacial de núcleos c-FOS positivos / núcleos DAPI,213,WATER_NPY1;WATER_NPY3;E8_FR6-1,E7_FR7-1;E7_FR7-5;E8_FR6-4,WATER_NPY2;E9_FR8-1;E8_FR6-3,0.145648257969,0.046301507996,False,False,biological animal
cfos_occurrence,Ocurrencia espacial de núcleos c-FOS positivos / núcleos DAPI,214,WATER_NPY1;WATER_NPY3;E8_FR6-1,E7_FR7-1;E9_FR8-1;E8_FR6-3,WATER_NPY2;E7_FR7-5;E8_FR6-4,0.826164821869,0.215925047752,False,False,biological animal
cfos_occurrence,Ocurrencia espacial de núcleos c-FOS positivos / núcleos DAPI,215,WATER_NPY1;WATER_NPY3;E8_FR6-1,E7_FR7-1;E9_FR8-1;E8_FR6-4,WATER_NPY2;E7_FR7-5;E8_FR6-3,0.223526046217,0.0693420940339,False,False,biological animal
cfos_occurrence,Ocurrencia espacial de núcleos c-FOS positivos / núcleos DAPI,216,WATER_NPY1;WATER_NPY3;E8_FR6-1,E7_FR7-1;E8_FR6-3;E8_FR6-4,WATER_NPY2;E7_FR7-5;E9_FR8-1,0.335380476586,0.100552389432,False,False,biological animal
cfos_occurrence,Ocurrencia espacial de núcleos c-FOS positivos / núcleos DAPI,217,WATER_NPY1;WATER_NPY3;E8_FR6-1,E7_FR7-5;E9_FR8-1;E8_FR6-3,WATER_NPY2;E7_FR7-1;E8_FR6-4,0.349993423928,0.10447585402,False,False,biological animal
cfos_occurrence,Ocurrencia espacial de núcleos c-FOS positivos / núcleos DAPI,218,WATER_NPY1;WATER_NPY3;E8_FR6-1,E7_FR7-5;E9_FR8-1;E8_FR6-4,WATER_NPY2;E7_FR7-1;E8_FR6-3,0.143776840678,0.0457337934479,False,False,biological animal
cfos_occurrence,Ocurrencia espacial de núcleos c-FOS positivos / núcleos DAPI,219,WATER_NPY1;WATER_NPY3;E8_FR6-1,E7_FR7-5;E8_FR6-3;E8_FR6-4,WATER_NPY2;E7_FR7-1;E9_FR8-1,0.641420137624,0.176145600722,False,False,biological animal
cfos_occurrence,Ocurrencia espacial de núcleos c-FOS positivos / núcleos DAPI,220,WATER_NPY1;WATER_NPY3;E8_FR6-1,E9_FR8-1;E8_FR6-3;E8_FR6-4,WATER_NPY2;E7_FR7-1;E7_FR7-5,0.279812797598,0.0853136489383,False,False,biological animal
cfos_occurrence,Ocurrencia espacial de núcleos c-FOS positivos / núcleos DAPI,221,WATER_NPY1;WATER_NPY3;E8_FR6-3,WATER_NPY2;E7_FR7-1;E7_FR7-5,E9_FR8-1;E8_FR6-1;E8_FR6-4,0.288369689253,0.0876938168465,False,False,biological animal
cfos_occurrence,Ocurrencia espacial de núcleos c-FOS positivos / núcleos DAPI,222,WATER_NPY1;WATER_NPY3;E8_FR6-3,WATER_NPY2;E7_FR7-1;E9_FR8-1,E7_FR7-5;E8_FR6-1;E8_FR6-4,0.661987020813,0.180772628917,False,False,biological animal
cfos_occurrence,Ocurrencia espacial de núcleos c-FOS positivos / núcleos DAPI,223,WATER_NPY1;WATER_NPY3;E8_FR6-3,WATER_NPY2;E7_FR7-1;E8_FR6-1,E7_FR7-5;E9_FR8-1;E8_FR6-4,0.138414181019,0.0441032231679,False,False,biological animal
cfos_occurrence,Ocurrencia espacial de núcleos c-FOS positivos / núcleos DAPI,224,WATER_NPY1;WATER_NPY3;E8_FR6-3,WATER_NPY2;E7_FR7-1;E8_FR6-4,E7_FR7-5;E9_FR8-1;E8_FR6-1,0.345441723799,0.103257432746,False,False,biological animal
cfos_occurrence,Ocurrencia espacial de núcleos c-FOS positivos / núcleos DAPI,225,WATER_NPY1;WATER_NPY3;E8_FR6-3,WATER_NPY2;E7_FR7-5;E9_FR8-1,E7_FR7-1;E8_FR6-1;E8_FR6-4,0.366122725796,0.108766897591,False,False,biological animal
cfos_occurrence,Ocurrencia espacial de núcleos c-FOS positivos / núcleos DAPI,226,WATER_NPY1;WATER_NPY3;E8_FR6-3,WATER_NPY2;E7_FR7-5;E8_FR6-1,E7_FR7-1;E9_FR8-1;E8_FR6-4,0.205553022377,0.0641240437897,False,False,biological animal
cfos_occurrence,Ocurrencia espacial de núcleos c-FOS positivos / núcleos DAPI,227,WATER_NPY1;WATER_NPY3;E8_FR6-3,WATER_NPY2;E7_FR7-5;E8_FR6-4,E7_FR7-1;E9_FR8-1;E8_FR6-1,0.837760498826,0.218294106441,False,False,biological animal
cfos_occurrence,Ocurrencia espacial de núcleos c-FOS positivos / núcleos DAPI,228,WATER_NPY1;WATER_NPY3;E8_FR6-3,WATER_NPY2;E9_FR8-1;E8_FR6-1,E7_FR7-1;E7_FR7-5;E8_FR6-4,0.121217466342,0.0388365974652,False,False,biological animal
cfos_occurrence,Ocurrencia espacial de núcleos c-FOS positivos / núcleos DAPI,229,WATER_NPY1;WATER_NPY3;E8_FR6-3,WATER_NPY2;E9_FR8-1;E8_FR6-4,E7_FR7-1;E7_FR7-5;E8_FR6-1,0.403648220707,0.118592814102,False,False,biological animal
cfos_occurrence,Ocurrencia espacial de núcleos c-FOS positivos / núcleos DAPI,230,WATER_NPY1;WATER_NPY3;E8_FR6-3,WATER_NPY2;E8_FR6-1;E8_FR6-4,E7_FR7-1;E7_FR7-5;E9_FR8-1,3.11014757091,0.509013495143,False,False,biological animal
cfos_occurrence,Ocurrencia espacial de núcleos c-FOS positivos / núcleos DAPI,231,WATER_NPY1;WATER_NPY3;E8_FR6-3,E7_FR7-1;E7_FR7-5;E9_FR8-1,WATER_NPY2;E8_FR6-1;E8_FR6-4,3.11014757091,0.509013495143,False,False,biological animal
cfos_occurrence,Ocurrencia espacial de núcleos c-FOS positivos / núcleos DAPI,232,WATER_NPY1;WATER_NPY3;E8_FR6-3,E7_FR7-1;E7_FR7-5;E8_FR6-1,WATER_NPY2;E9_FR8-1;E8_FR6-4,0.403648220707,0.118592814102,False,False,biological animal
cfos_occurrence,Ocurrencia espacial de núcleos c-FOS positivos / núcleos DAPI,233,WATER_NPY1;WATER_NPY3;E8_FR6-3,E7_FR7-1;E7_FR7-5;E8_FR6-4,WATER_NPY2;E9_FR8-1;E8_FR6-1,0.121217466342,0.0388365974652,False,False,biological animal
cfos_occurrence,Ocurrencia espacial de núcleos c-FOS positivos / núcleos DAPI,234,WATER_NPY1;WATER_NPY3;E8_FR6-3,E7_FR7-1;E9_FR8-1;E8_FR6-1,WATER_NPY2;E7_FR7-5;E8_FR6-4,0.837760498826,0.218294106441,False,False,biological animal
cfos_occurrence,Ocurrencia espacial de núcleos c-FOS positivos / núcleos DAPI,235,WATER_NPY1;WATER_NPY3;E8_FR6-3,E7_FR7-1;E9_FR8-1;E8_FR6-4,WATER_NPY2;E7_FR7-5;E8_FR6-1,0.205553022377,0.0641240437897,False,False,biological animal
cfos_occurrence,Ocurrencia espacial de núcleos c-FOS positivos / núcleos DAPI,236,WATER_NPY1;WATER_NPY3;E8_FR6-3,E7_FR7-1;E8_FR6-1;E8_FR6-4,WATER_NPY2;E7_FR7-5;E9_FR8-1,0.366122725796,0.108766897591,False,False,biological animal
cfos_occurrence,Ocurrencia espacial de núcleos c-FOS positivos / núcleos DAPI,237,WATER_NPY1;WATER_NPY3;E8_FR6-3,E7_FR7-5;E9_FR8-1;E8_FR6-1,WATER_NPY2;E7_FR7-1;E8_FR6-4,0.345441723799,0.103257432746,False,False,biological animal
cfos_occurrence,Ocurrencia espacial de núcleos c-FOS positivos / núcleos DAPI,238,WATER_NPY1;WATER_NPY3;E8_FR6-3,E7_FR7-5;E9_FR8-1;E8_FR6-4,WATER_NPY2;E7_FR7-1;E8_FR6-1,0.138414181019,0.0441032231679,False,False,biological animal
cfos_occurrence,Ocurrencia espacial de núcleos c-FOS positivos / núcleos DAPI,239,WATER_NPY1;WATER_NPY3;E8_FR6-3,E7_FR7-5;E8_FR6-1;E8_FR6-4,WATER_NPY2;E7_FR7-1;E9_FR8-1,0.661987020813,0.180772628917,False,False,biological animal
cfos_occurrence,Ocurrencia espacial de núcleos c-FOS positivos / núcleos DAPI,240,WATER_NPY1;WATER_NPY3;E8_FR6-3,E9_FR8-1;E8_FR6-1;E8_FR6-4,WATER_NPY2;E7_FR7-1;E7_FR7-5,0.288369689253,0.0876938168465,False,False,biological animal
cfos_occurrence,Ocurrencia espacial de núcleos c-FOS positivos / núcleos DAPI,241,WATER_NPY1;WATER_NPY3;E8_FR6-4,WATER_NPY2;E7_FR7-1;E7_FR7-5,E9_FR8-1;E8_FR6-1;E8_FR6-3,0.551742265565,0.155344116862,False,False,biological animal
cfos_occurrence,Ocurrencia espacial de núcleos c-FOS positivos / núcleos DAPI,242,WATER_NPY1;WATER_NPY3;E8_FR6-4,WATER_NPY2;E7_FR7-1;E9_FR8-1,E7_FR7-5;E8_FR6-1;E8_FR6-3,0.792519575512,0.208969145638,False,False,biological animal
cfos_occurrence,Ocurrencia espacial de núcleos c-FOS positivos / núcleos DAPI,243,WATER_NPY1;WATER_NPY3;E8_FR6-4,WATER_NPY2;E7_FR7-1;E8_FR6-1,E7_FR7-5;E9_FR8-1;E8_FR6-3,0.569875371707,0.159634528484,False,False,biological animal
cfos_occurrence,Ocurrencia espacial de núcleos c-FOS positivos / núcleos DAPI,244,WATER_NPY1;WATER_NPY3;E8_FR6-4,WATER_NPY2;E7_FR7-1;E8_FR6-3,E7_FR7-5;E9_FR8-1;E8_FR6-1,0.571627041168,0.160046677489,False,False,biological animal
cfos_occurrence,Ocurrencia espacial de núcleos c-FOS positivos / núcleos DAPI,245,WATER_NPY1;WATER_NPY3;E8_FR6-4,WATER_NPY2;E7_FR7-5;E9_FR8-1,E7_FR7-1;E8_FR6-1;E8_FR6-3,0.662484300751,0.180883860885,False,False,biological animal
cfos_occurrence,Ocurrencia espacial de núcleos c-FOS positivos / núcleos DAPI,246,WATER_NPY1;WATER_NPY3;E8_FR6-4,WATER_NPY2;E7_FR7-5;E8_FR6-1,E7_FR7-1;E9_FR8-1;E8_FR6-3,0.863867178923,0.223575795678,False,False,biological animal
cfos_occurrence,Ocurrencia espacial de núcleos c-FOS positivos / núcleos DAPI,247,WATER_NPY1;WATER_NPY3;E8_FR6-4,WATER_NPY2;E7_FR7-5;E8_FR6-3,E7_FR7-1;E9_FR8-1;E8_FR6-1,0.901996948371,0.231162904612,False,False,biological animal
cfos_occurrence,Ocurrencia espacial de núcleos c-FOS positivos / núcleos DAPI,248,WATER_NPY1;WATER_NPY3;E8_FR6-4,WATER_NPY2;E9_FR8-1;E8_FR6-1,E7_FR7-1;E7_FR7-5;E8_FR6-3,0.566480360405,0.15883456606,False,False,biological animal
cfos_occurrence,Ocurrencia espacial de núcleos c-FOS positivos / núcleos DAPI,249,WATER_NPY1;WATER_NPY3;E8_FR6-4,WATER_NPY2;E9_FR8-1;E8_FR6-3,E7_FR7-1;E7_FR7-5;E8_FR6-1,0.618448568405,0.170915395566,False,False,biological animal
cfos_occurrence,Ocurrencia espacial de núcleos c-FOS positivos / núcleos DAPI,250,WATER_NPY1;WATER_NPY3;E8_FR6-4,WATER_NPY2;E8_FR6-1;E8_FR6-3,E7_FR7-1;E7_FR7-5;E9_FR8-1,2.7034360192,0.474001288013,False,False,biological animal
cfos_occurrence,Ocurrencia espacial de núcleos c-FOS positivos / núcleos DAPI,251,WATER_NPY1;WATER_NPY3;E8_FR6-4,E7_FR7-1;E7_FR7-5;E9_FR8-1,WATER_NPY2;E8_FR6-1;E8_FR6-3,2.7034360192,0.474001288013,False,False,biological animal
cfos_occurrence,Ocurrencia espacial de núcleos c-FOS positivos / núcleos DAPI,252,WATER_NPY1;WATER_NPY3;E8_FR6-4,E7_FR7-1;E7_FR7-5;E8_FR6-1,WATER_NPY2;E9_FR8-1;E8_FR6-3,0.618448568405,0.170915395566,False,False,biological animal
cfos_occurrence,Ocurrencia espacial de núcleos c-FOS positivos / núcleos DAPI,253,WATER_NPY1;WATER_NPY3;E8_FR6-4,E7_FR7-1;E7_FR7-5;E8_FR6-3,WATER_NPY2;E9_FR8-1;E8_FR6-1,0.566480360405,0.15883456606,False,False,biological animal
cfos_occurrence,Ocurrencia espacial de núcleos c-FOS positivos / núcleos DAPI,254,WATER_NPY1;WATER_NPY3;E8_FR6-4,E7_FR7-1;E9_FR8-1;E8_FR6-1,WATER_NPY2;E7_FR7-5;E8_FR6-3,0.901996948371,0.231162904612,False,False,biological animal
cfos_occurrence,Ocurrencia espacial de núcleos c-FOS positivos / núcleos DAPI,255,WATER_NPY1;WATER_NPY3;E8_FR6-4,E7_FR7-1;E9_FR8-1;E8_FR6-3,WATER_NPY2;E7_FR7-5;E8_FR6-1,0.863867178923,0.223575795678,False,False,biological animal
cfos_occurrence,Ocurrencia espacial de núcleos c-FOS positivos / núcleos DAPI,256,WATER_NPY1;WATER_NPY3;E8_FR6-4,E7_FR7-1;E8_FR6-1;E8_FR6-3,WATER_NPY2;E7_FR7-5;E9_FR8-1,0.662484300751,0.180883860885,False,False,biological animal
cfos_occurrence,Ocurrencia espacial de núcleos c-FOS positivos / núcleos DAPI,257,WATER_NPY1;WATER_NPY3;E8_FR6-4,E7_FR7-5;E9_FR8-1;E8_FR6-1,WATER_NPY2;E7_FR7-1;E8_FR6-3,0.571627041168,0.160046677489,False,False,biological animal
cfos_occurrence,Ocurrencia espacial de núcleos c-FOS positivos / núcleos DAPI,258,WATER_NPY1;WATER_NPY3;E8_FR6-4,E7_FR7-5;E9_FR8-1;E8_FR6-3,WATER_NPY2;E7_FR7-1;E8_FR6-1,0.569875371707,0.159634528484,False,False,biological animal
cfos_occurrence,Ocurrencia espacial de núcleos c-FOS positivos / núcleos DAPI,259,WATER_NPY1;WATER_NPY3;E8_FR6-4,E7_FR7-5;E8_FR6-1;E8_FR6-3,WATER_NPY2;E7_FR7-1;E9_FR8-1,0.792519575512,0.208969145638,False,False,biological animal
cfos_occurrence,Ocurrencia espacial de núcleos c-FOS positivos / núcleos DAPI,260,WATER_NPY1;WATER_NPY3;E8_FR6-4,E9_FR8-1;E8_FR6-1;E8_FR6-3,WATER_NPY2;E7_FR7-1;E7_FR7-5,0.551742265565,0.155344116862,False,False,biological animal
cfos_occurrence,Ocurrencia espacial de núcleos c-FOS positivos / núcleos DAPI,261,WATER_NPY1;E7_FR7-1;E7_FR7-5,WATER_NPY2;WATER_NPY3;E9_FR8-1,E8_FR6-1;E8_FR6-3;E8_FR6-4,1.44165218653,0.324575659234,False,False,biological animal
cfos_occurrence,Ocurrencia espacial de núcleos c-FOS positivos / núcleos DAPI,262,WATER_NPY1;E7_FR7-1;E7_FR7-5,WATER_NPY2;WATER_NPY3;E8_FR6-1,E9_FR8-1;E8_FR6-3;E8_FR6-4,0.131893318319,0.0421129664755,False,False,biological animal
cfos_occurrence,Ocurrencia espacial de núcleos c-FOS positivos / núcleos DAPI,263,WATER_NPY1;E7_FR7-1;E7_FR7-5,WATER_NPY2;WATER_NPY3;E8_FR6-3,E9_FR8-1;E8_FR6-1;E8_FR6-4,0.181110666939,0.0569331550835,False,False,biological animal
cfos_occurrence,Ocurrencia espacial de núcleos c-FOS positivos / núcleos DAPI,264,WATER_NPY1;E7_FR7-1;E7_FR7-5,WATER_NPY2;WATER_NPY3;E8_FR6-4,E9_FR8-1;E8_FR6-1;E8_FR6-3,0.313803642557,0.0946959073032,False,False,biological animal
cfos_occurrence,Ocurrencia espacial de núcleos c-FOS positivos / núcleos DAPI,265,WATER_NPY1;E7_FR7-1;E7_FR7-5,WATER_NPY2;E9_FR8-1;E8_FR6-1,WATER_NPY3;E8_FR6-3;E8_FR6-4,0.208082407636,0.0648619272188,False,False,biological animal
cfos_occurrence,Ocurrencia espacial de núcleos c-FOS positivos / núcleos DAPI,266,WATER_NPY1;E7_FR7-1;E7_FR7-5,WATER_NPY2;E9_FR8-1;E8_FR6-3,WATER_NPY3;E8_FR6-1;E8_FR6-4,0.224876769882,0.0697318954888,False,False,biological animal
cfos_occurrence,Ocurrencia espacial de núcleos c-FOS positivos / núcleos DAPI,267,WATER_NPY1;E7_FR7-1;E7_FR7-5,WATER_NPY2;E9_FR8-1;E8_FR6-4,WATER_NPY3;E8_FR6-1;E8_FR6-3,0.200425290847,0.0626245803708,False,False,biological animal
cfos_occurrence,Ocurrencia espacial de núcleos c-FOS positivos / núcleos DAPI,268,WATER_NPY1;E7_FR7-1;E7_FR7-5,WATER_NPY2;E8_FR6-1;E8_FR6-3,WATER_NPY3;E9_FR8-1;E8_FR6-4,0.618304257446,0.170882328697,False,False,biological animal
cfos_occurrence,Ocurrencia espacial de núcleos c-FOS positivos / núcleos DAPI,269,WATER_NPY1;E7_FR7-1;E7_FR7-5,WATER_NPY2;E8_FR6-1;E8_FR6-4,WATER_NPY3;E9_FR8-1;E8_FR6-3,1.5347675465,0.338444590768,False,False,biological animal
cfos_occurrence,Ocurrencia espacial de núcleos c-FOS positivos / núcleos DAPI,270,WATER_NPY1;E7_FR7-1;E7_FR7-5,WATER_NPY2;E8_FR6-3;E8_FR6-4,WATER_NPY3;E9_FR8-1;E8_FR6-1,1.48848922516,0.331623660098,False,False,biological animal
cfos_occurrence,Ocurrencia espacial de núcleos c-FOS positivos / núcleos DAPI,271,WATER_NPY1;E7_FR7-1;E7_FR7-5,WATER_NPY3;E9_FR8-1;E8_FR6-1,WATER_NPY2;E8_FR6-3;E8_FR6-4,1.48848922516,0.331623660098,False,False,biological animal
cfos_occurrence,Ocurrencia espacial de núcleos c-FOS positivos / núcleos DAPI,272,WATER_NPY1;E7_FR7-1;E7_FR7-5,WATER_NPY3;E9_FR8-1;E8_FR6-3,WATER_NPY2;E8_FR6-1;E8_FR6-4,1.5347675465,0.338444590768,False,False,biological animal
cfos_occurrence,Ocurrencia espacial de núcleos c-FOS positivos / núcleos DAPI,273,WATER_NPY1;E7_FR7-1;E7_FR7-5,WATER_NPY3;E9_FR8-1;E8_FR6-4,WATER_NPY2;E8_FR6-1;E8_FR6-3,0.618304257446,0.170882328697,False,False,biological animal
cfos_occurrence,Ocurrencia espacial de núcleos c-FOS positivos / núcleos DAPI,274,WATER_NPY1;E7_FR7-1;E7_FR7-5,WATER_NPY3;E8_FR6-1;E8_FR6-3,WATER_NPY2;E9_FR8-1;E8_FR6-4,0.200425290847,0.0626245803708,False,False,biological animal
cfos_occurrence,Ocurrencia espacial de núcleos c-FOS positivos / núcleos DAPI,275,WATER_NPY1;E7_FR7-1;E7_FR7-5,WATER_NPY3;E8_FR6-1;E8_FR6-4,WATER_NPY2;E9_FR8-1;E8_FR6-3,0.224876769882,0.0697318954888,False,False,biological animal
cfos_occurrence,Ocurrencia espacial de núcleos c-FOS positivos / núcleos DAPI,276,WATER_NPY1;E7_FR7-1;E7_FR7-5,WATER_NPY3;E8_FR6-3;E8_FR6-4,WATER_NPY2;E9_FR8-1;E8_FR6-1,0.208082407636,0.0648619272188,False,False,biological animal
cfos_occurrence,Ocurrencia espacial de núcleos c-FOS positivos / núcleos DAPI,277,WATER_NPY1;E7_FR7-1;E7_FR7-5,E9_FR8-1;E8_FR6-1;E8_FR6-3,WATER_NPY2;WATER_NPY3;E8_FR6-4,0.313803642557,0.0946959073032,False,False,biological animal
cfos_occurrence,Ocurrencia espacial de núcleos c-FOS positivos / núcleos DAPI,278,WATER_NPY1;E7_FR7-1;E7_FR7-5,E9_FR8-1;E8_FR6-1;E8_FR6-4,WATER_NPY2;WATER_NPY3;E8_FR6-3,0.181110666939,0.0569331550835,False,False,biological animal
cfos_occurrence,Ocurrencia espacial de núcleos c-FOS positivos / núcleos DAPI,279,WATER_NPY1;E7_FR7-1;E7_FR7-5,E9_FR8-1;E8_FR6-3;E8_FR6-4,WATER_NPY2;WATER_NPY3;E8_FR6-1,0.131893318319,0.0421129664755,False,False,biological animal
cfos_occurrence,Ocurrencia espacial de núcleos c-FOS positivos / núcleos DAPI,280,WATER_NPY1;E7_FR7-1;E7_FR7-5,E8_FR6-1;E8_FR6-3;E8_FR6-4,WATER_NPY2;WATER_NPY3;E9_FR8-1,1.44165218653,0.324575659234,False,False,biological animal
cfos_occurrence,Ocurrencia espacial de núcleos c-FOS positivos / núcleos DAPI,281,WATER_NPY1;E7_FR7-1;E9_FR8-1,WATER_NPY2;WATER_NPY3;E7_FR7-5,E8_FR6-1;E8_FR6-3;E8_FR6-4,1.35682643911,0.311425405182,False,False,biological animal
cfos_occurrence,Ocurrencia espacial de núcleos c-FOS positivos / núcleos DAPI,282,WATER_NPY1;E7_FR7-1;E9_FR8-1,WATER_NPY2;WATER_NPY3;E8_FR6-1,E7_FR7-5;E8_FR6-3;E8_FR6-4,0.377462143779,0.111759104236,False,False,biological animal
cfos_occurrence,Ocurrencia espacial de núcleos c-FOS positivos / núcleos DAPI,283,WATER_NPY1;E7_FR7-1;E9_FR8-1,WATER_NPY2;WATER_NPY3;E8_FR6-3,E7_FR7-5;E8_FR6-1;E8_FR6-4,0.443629547397,0.12882615313,False,False,biological animal
cfos_occurrence,Ocurrencia espacial de núcleos c-FOS positivos / núcleos DAPI,284,WATER_NPY1;E7_FR7-1;E9_FR8-1,WATER_NPY2;WATER_NPY3;E8_FR6-4,E7_FR7-5;E8_FR6-1;E8_FR6-3,0.436958085731,0.127135122056,False,False,biological animal
cfos_occurrence,Ocurrencia espacial de núcleos c-FOS positivos / núcleos DAPI,285,WATER_NPY1;E7_FR7-1;E9_FR8-1,WATER_NPY2;E7_FR7-5;E8_FR6-1,WATER_NPY3;E8_FR6-3;E8_FR6-4,0.343956870269,0.102859242393,False,False,biological animal
cfos_occurrence,Ocurrencia espacial de núcleos c-FOS positivos / núcleos DAPI,286,WATER_NPY1;E7_FR7-1;E9_FR8-1,WATER_NPY2;E7_FR7-5;E8_FR6-3,WATER_NPY3;E8_FR6-1;E8_FR6-4,0.353762780713,0.105482350376,False,False,biological animal
cfos_occurrence,Ocurrencia espacial de núcleos c-FOS positivos / núcleos DAPI,287,WATER_NPY1;E7_FR7-1;E9_FR8-1,WATER_NPY2;E7_FR7-5;E8_FR6-4,WATER_NPY3;E8_FR6-1;E8_FR6-3,0.47958742365,0.137828818552,False,False,biological animal
cfos_occurrence,Ocurrencia espacial de núcleos c-FOS positivos / núcleos DAPI,288,WATER_NPY1;E7_FR7-1;E9_FR8-1,WATER_NPY2;E8_FR6-1;E8_FR6-3,WATER_NPY3;E7_FR7-5;E8_FR6-4,0.711161569315,0.191627757518,False,False,biological animal
cfos_occurrence,Ocurrencia espacial de núcleos c-FOS positivos / núcleos DAPI,289,WATER_NPY1;E7_FR7-1;E9_FR8-1,WATER_NPY2;E8_FR6-1;E8_FR6-4,WATER_NPY3;E7_FR7-5;E8_FR6-3,1.41005409969,0.319736236295,False,False,biological animal
cfos_occurrence,Ocurrencia espacial de núcleos c-FOS positivos / núcleos DAPI,290,WATER_NPY1;E7_FR7-1;E9_FR8-1,WATER_NPY2;E8_FR6-3;E8_FR6-4,WATER_NPY3;E7_FR7-5;E8_FR6-1,1.38059910051,0.315162165912,False,False,biological animal
cfos_occurrence,Ocurrencia espacial de núcleos c-FOS positivos / núcleos DAPI,291,WATER_NPY1;E7_FR7-1;E9_FR8-1,WATER_NPY3;E7_FR7-5;E8_FR6-1,WATER_NPY2;E8_FR6-3;E8_FR6-4,1.38059910051,0.315162165912,False,False,biological animal
cfos_occurrence,Ocurrencia espacial de núcleos c-FOS positivos / núcleos DAPI,292,WATER_NPY1;E7_FR7-1;E9_FR8-1,WATER_NPY3;E7_FR7-5;E8_FR6-3,WATER_NPY2;E8_FR6-1;E8_FR6-4,1.41005409969,0.319736236295,False,False,biological animal
cfos_occurrence,Ocurrencia espacial de núcleos c-FOS positivos / núcleos DAPI,293,WATER_NPY1;E7_FR7-1;E9_FR8-1,WATER_NPY3;E7_FR7-5;E8_FR6-4,WATER_NPY2;E8_FR6-1;E8_FR6-3,0.711161569315,0.191627757518,False,False,biological animal
cfos_occurrence,Ocurrencia espacial de núcleos c-FOS positivos / núcleos DAPI,294,WATER_NPY1;E7_FR7-1;E9_FR8-1,WATER_NPY3;E8_FR6-1;E8_FR6-3,WATER_NPY2;E7_FR7-5;E8_FR6-4,0.47958742365,0.137828818552,False,False,biological animal
cfos_occurrence,Ocurrencia espacial de núcleos c-FOS positivos / núcleos DAPI,295,WATER_NPY1;E7_FR7-1;E9_FR8-1,WATER_NPY3;E8_FR6-1;E8_FR6-4,WATER_NPY2;E7_FR7-5;E8_FR6-3,0.353762780713,0.105482350376,False,False,biological animal
cfos_occurrence,Ocurrencia espacial de núcleos c-FOS positivos / núcleos DAPI,296,WATER_NPY1;E7_FR7-1;E9_FR8-1,WATER_NPY3;E8_FR6-3;E8_FR6-4,WATER_NPY2;E7_FR7-5;E8_FR6-1,0.343956870269,0.102859242393,False,False,biological animal
cfos_occurrence,Ocurrencia espacial de núcleos c-FOS positivos / núcleos DAPI,297,WATER_NPY1;E7_FR7-1;E9_FR8-1,E7_FR7-5;E8_FR6-1;E8_FR6-3,WATER_NPY2;WATER_NPY3;E8_FR6-4,0.436958085731,0.127135122056,False,False,biological animal
cfos_occurrence,Ocurrencia espacial de núcleos c-FOS positivos / núcleos DAPI,298,WATER_NPY1;E7_FR7-1;E9_FR8-1,E7_FR7-5;E8_FR6-1;E8_FR6-4,WATER_NPY2;WATER_NPY3;E8_FR6-3,0.443629547397,0.12882615313,False,False,biological animal
cfos_occurrence,Ocurrencia espacial de núcleos c-FOS positivos / núcleos DAPI,299,WATER_NPY1;E7_FR7-1;E9_FR8-1,E7_FR7-5;E8_FR6-3;E8_FR6-4,WATER_NPY2;WATER_NPY3;E8_FR6-1,0.377462143779,0.111759104236,False,False,biological animal
cfos_occurrence,Ocurrencia espacial de núcleos c-FOS positivos / núcleos DAPI,300,WATER_NPY1;E7_FR7-1;E9_FR8-1,E8_FR6-1;E8_FR6-3;E8_FR6-4,WATER_NPY2;WATER_NPY3;E7_FR7-5,1.35682643911,0.311425405182,False,False,biological animal
cfos_occurrence,Ocurrencia espacial de núcleos c-FOS positivos / núcleos DAPI,301,WATER_NPY1;E7_FR7-1;E8_FR6-1,WATER_NPY2;WATER_NPY3;E7_FR7-5,E9_FR8-1;E8_FR6-3;E8_FR6-4,0.443525632717,0.128799863867,False,False,biological animal
cfos_occurrence,Ocurrencia espacial de núcleos c-FOS positivos / núcleos DAPI,302,WATER_NPY1;E7_FR7-1;E8_FR6-1,WATER_NPY2;WATER_NPY3;E9_FR8-1,E7_FR7-5;E8_FR6-3;E8_FR6-4,0.805156966352,0.211596255679,False,False,biological animal
cfos_occurrence,Ocurrencia espacial de núcleos c-FOS positivos / núcleos DAPI,303,WATER_NPY1;E7_FR7-1;E8_FR6-1,WATER_NPY2;WATER_NPY3;E8_FR6-3,E7_FR7-5;E9_FR8-1;E8_FR6-4,0.248150903033,0.0763975906418,False,False,biological animal
cfos_occurrence,Ocurrencia espacial de núcleos c-FOS positivos / núcleos DAPI,304,WATER_NPY1;E7_FR7-1;E8_FR6-1,WATER_NPY2;WATER_NPY3;E8_FR6-4,E7_FR7-5;E9_FR8-1;E8_FR6-3,0.58012891617,0.162041348162,False,False,biological animal
cfos_occurrence,Ocurrencia espacial de núcleos c-FOS positivos / núcleos DAPI,305,WATER_NPY1;E7_FR7-1;E8_FR6-1,WATER_NPY2;E7_FR7-5;E9_FR8-1,WATER_NPY3;E8_FR6-3;E8_FR6-4,0.492786039157,0.141086809679,False,False,biological animal
cfos_occurrence,Ocurrencia espacial de núcleos c-FOS positivos / núcleos DAPI,306,WATER_NPY1;E7_FR7-1;E8_FR6-1,WATER_NPY2;E7_FR7-5;E8_FR6-3,WATER_NPY3;E9_FR8-1;E8_FR6-4,0.388541606966,0.114663372044,False,False,biological animal
cfos_occurrence,Ocurrencia espacial de núcleos c-FOS positivos / núcleos DAPI,307,WATER_NPY1;E7_FR7-1;E8_FR6-1,WATER_NPY2;E7_FR7-5;E8_FR6-4,WATER_NPY3;E9_FR8-1;E8_FR6-3,0.9182119174,0.234344628815,False,False,biological animal
cfos_occurrence,Ocurrencia espacial de núcleos c-FOS positivos / núcleos DAPI,308,WATER_NPY1;E7_FR7-1;E8_FR6-1,WATER_NPY2;E9_FR8-1;E8_FR6-3,WATER_NPY3;E7_FR7-5;E8_FR6-4,0.332068428245,0.0996583459781,False,False,biological animal
cfos_occurrence,Ocurrencia espacial de núcleos c-FOS positivos / núcleos DAPI,309,WATER_NPY1;E7_FR7-1;E8_FR6-1,WATER_NPY2;E9_FR8-1;E8_FR6-4,WATER_NPY3;E7_FR7-5;E8_FR6-3,0.490125419053,0.140432036161,False,False,biological animal
cfos_occurrence,Ocurrencia espacial de núcleos c-FOS positivos / núcleos DAPI,310,WATER_NPY1;E7_FR7-1;E8_FR6-1,WATER_NPY2;E8_FR6-3;E8_FR6-4,WATER_NPY3;E7_FR7-5;E9_FR8-1,3.54843046184,0.541874955001,False,True,biological animal
cfos_occurrence,Ocurrencia espacial de núcleos c-FOS positivos / núcleos DAPI,311,WATER_NPY1;E7_FR7-1;E8_FR6-1,WATER_NPY3;E7_FR7-5;E9_FR8-1,WATER_NPY2;E8_FR6-3;E8_FR6-4,3.54843046184,0.541874955001,False,True,biological animal
cfos_occurrence,Ocurrencia espacial de núcleos c-FOS positivos / núcleos DAPI,312,WATER_NPY1;E7_FR7-1;E8_FR6-1,WATER_NPY3;E7_FR7-5;E8_FR6-3,WATER_NPY2;E9_FR8-1;E8_FR6-4,0.490125419053,0.140432036161,False,False,biological animal
cfos_occurrence,Ocurrencia espacial de núcleos c-FOS positivos / núcleos DAPI,313,WATER_NPY1;E7_FR7-1;E8_FR6-1,WATER_NPY3;E7_FR7-5;E8_FR6-4,WATER_NPY2;E9_FR8-1;E8_FR6-3,0.332068428245,0.0996583459781,False,False,biological animal
cfos_occurrence,Ocurrencia espacial de núcleos c-FOS positivos / núcleos DAPI,314,WATER_NPY1;E7_FR7-1;E8_FR6-1,WATER_NPY3;E9_FR8-1;E8_FR6-3,WATER_NPY2;E7_FR7-5;E8_FR6-4,0.9182119174,0.234344628815,False,False,biological animal
cfos_occurrence,Ocurrencia espacial de núcleos c-FOS positivos / núcleos DAPI,315,WATER_NPY1;E7_FR7-1;E8_FR6-1,WATER_NPY3;E9_FR8-1;E8_FR6-4,WATER_NPY2;E7_FR7-5;E8_FR6-3,0.388541606966,0.114663372044,False,False,biological animal
cfos_occurrence,Ocurrencia espacial de núcleos c-FOS positivos / núcleos DAPI,316,WATER_NPY1;E7_FR7-1;E8_FR6-1,WATER_NPY3;E8_FR6-3;E8_FR6-4,WATER_NPY2;E7_FR7-5;E9_FR8-1,0.492786039157,0.141086809679,False,False,biological animal
cfos_occurrence,Ocurrencia espacial de núcleos c-FOS positivos / núcleos DAPI,317,WATER_NPY1;E7_FR7-1;E8_FR6-1,E7_FR7-5;E9_FR8-1;E8_FR6-3,WATER_NPY2;WATER_NPY3;E8_FR6-4,0.58012891617,0.162041348162,False,False,biological animal
cfos_occurrence,Ocurrencia espacial de núcleos c-FOS positivos / núcleos DAPI,318,WATER_NPY1;E7_FR7-1;E8_FR6-1,E7_FR7-5;E9_FR8-1;E8_FR6-4,WATER_NPY2;WATER_NPY3;E8_FR6-3,0.248150903033,0.0763975906418,False,False,biological animal
cfos_occurrence,Ocurrencia espacial de núcleos c-FOS positivos / núcleos DAPI,319,WATER_NPY1;E7_FR7-1;E8_FR6-1,E7_FR7-5;E8_FR6-3;E8_FR6-4,WATER_NPY2;WATER_NPY3;E9_FR8-1,0.805156966352,0.211596255679,False,False,biological animal
cfos_occurrence,Ocurrencia espacial de núcleos c-FOS positivos / núcleos DAPI,320,WATER_NPY1;E7_FR7-1;E8_FR6-1,E9_FR8-1;E8_FR6-3;E8_FR6-4,WATER_NPY2;WATER_NPY3;E7_FR7-5,0.443525632717,0.128799863867,False,False,biological animal
cfos_occurrence,Ocurrencia espacial de núcleos c-FOS positivos / núcleos DAPI,321,WATER_NPY1;E7_FR7-1;E8_FR6-3,WATER_NPY2;WATER_NPY3;E7_FR7-5,E9_FR8-1;E8_FR6-1;E8_FR6-4,0.410527133828,0.120370581356,False,False,biological animal
cfos_occurrence,Ocurrencia espacial de núcleos c-FOS positivos / núcleos DAPI,322,WATER_NPY1;E7_FR7-1;E8_FR6-3,WATER_NPY2;WATER_NPY3;E9_FR8-1,E7_FR7-5;E8_FR6-1;E8_FR6-4,0.775550250318,0.205413833454,False,False,biological animal
cfos_occurrence,Ocurrencia espacial de núcleos c-FOS positivos / núcleos DAPI,323,WATER_NPY1;E7_FR7-1;E8_FR6-3,WATER_NPY2;WATER_NPY3;E8_FR6-1,E7_FR7-5;E9_FR8-1;E8_FR6-4,0.168394193278,0.0531481195224,False,False,biological animal
cfos_occurrence,Ocurrencia espacial de núcleos c-FOS positivos / núcleos DAPI,324,WATER_NPY1;E7_FR7-1;E8_FR6-3,WATER_NPY2;WATER_NPY3;E8_FR6-4,E7_FR7-5;E9_FR8-1;E8_FR6-1,0.529467723243,0.150013476467,False,False,biological animal
cfos_occurrence,Ocurrencia espacial de núcleos c-FOS positivos / núcleos DAPI,325,WATER_NPY1;E7_FR7-1;E8_FR6-3,WATER_NPY2;E7_FR7-5;E9_FR8-1,WATER_NPY3;E8_FR6-1;E8_FR6-4,0.439114444626,0.127682416999,False,False,biological animal
cfos_occurrence,Ocurrencia espacial de núcleos c-FOS positivos / núcleos DAPI,326,WATER_NPY1;E7_FR7-1;E8_FR6-3,WATER_NPY2;E7_FR7-5;E8_FR6-1,WATER_NPY3;E9_FR8-1;E8_FR6-4,0.328288651329,0.0986358713803,False,False,biological animal
cfos_occurrence,Ocurrencia espacial de núcleos c-FOS positivos / núcleos DAPI,327,WATER_NPY1;E7_FR7-1;E8_FR6-3,WATER_NPY2;E7_FR7-5;E8_FR6-4,WATER_NPY3;E9_FR8-1;E8_FR6-1,0.822117561496,0.215094786664,False,False,biological animal
cfos_occurrence,Ocurrencia espacial de núcleos c-FOS positivos / núcleos DAPI,328,WATER_NPY1;E7_FR7-1;E8_FR6-3,WATER_NPY2;E9_FR8-1;E8_FR6-1,WATER_NPY3;E7_FR7-5;E8_FR6-4,0.2657823847,0.0813839850276,False,False,biological animal
cfos_occurrence,Ocurrencia espacial de núcleos c-FOS positivos / núcleos DAPI,329,WATER_NPY1;E7_FR7-1;E8_FR6-3,WATER_NPY2;E9_FR8-1;E8_FR6-4,WATER_NPY3;E7_FR7-5;E8_FR6-1,0.422426917874,0.123429054297,False,False,biological animal
cfos_occurrence,Ocurrencia espacial de núcleos c-FOS positivos / núcleos DAPI,330,WATER_NPY1;E7_FR7-1;E8_FR6-3,WATER_NPY2;E8_FR6-1;E8_FR6-4,WATER_NPY3;E7_FR7-5;E9_FR8-1,3.37546440465,0.529446043521,False,True,biological animal
cfos_occurrence,Ocurrencia espacial de núcleos c-FOS positivos / núcleos DAPI,331,WATER_NPY1;E7_FR7-1;E8_FR6-3,WATER_NPY3;E7_FR7-5;E9_FR8-1,WATER_NPY2;E8_FR6-1;E8_FR6-4,3.37546440465,0.529446043521,False,True,biological animal
cfos_occurrence,Ocurrencia espacial de núcleos c-FOS positivos / núcleos DAPI,332,WATER_NPY1;E7_FR7-1;E8_FR6-3,WATER_NPY3;E7_FR7-5;E8_FR6-1,WATER_NPY2;E9_FR8-1;E8_FR6-4,0.422426917874,0.123429054297,False,False,biological animal
cfos_occurrence,Ocurrencia espacial de núcleos c-FOS positivos / núcleos DAPI,333,WATER_NPY1;E7_FR7-1;E8_FR6-3,WATER_NPY3;E7_FR7-5;E8_FR6-4,WATER_NPY2;E9_FR8-1;E8_FR6-1,0.2657823847,0.0813839850276,False,False,biological animal
cfos_occurrence,Ocurrencia espacial de núcleos c-FOS positivos / núcleos DAPI,334,WATER_NPY1;E7_FR7-1;E8_FR6-3,WATER_NPY3;E9_FR8-1;E8_FR6-1,WATER_NPY2;E7_FR7-5;E8_FR6-4,0.822117561496,0.215094786664,False,False,biological animal
cfos_occurrence,Ocurrencia espacial de núcleos c-FOS positivos / núcleos DAPI,335,WATER_NPY1;E7_FR7-1;E8_FR6-3,WATER_NPY3;E9_FR8-1;E8_FR6-4,WATER_NPY2;E7_FR7-5;E8_FR6-1,0.328288651329,0.0986358713803,False,False,biological animal
cfos_occurrence,Ocurrencia espacial de núcleos c-FOS positivos / núcleos DAPI,336,WATER_NPY1;E7_FR7-1;E8_FR6-3,WATER_NPY3;E8_FR6-1;E8_FR6-4,WATER_NPY2;E7_FR7-5;E9_FR8-1,0.439114444626,0.127682416999,False,False,biological animal
cfos_occurrence,Ocurrencia espacial de núcleos c-FOS positivos / núcleos DAPI,337,WATER_NPY1;E7_FR7-1;E8_FR6-3,E7_FR7-5;E9_FR8-1;E8_FR6-1,WATER_NPY2;WATER_NPY3;E8_FR6-4,0.529467723243,0.150013476467,False,False,biological animal
cfos_occurrence,Ocurrencia espacial de núcleos c-FOS positivos / núcleos DAPI,338,WATER_NPY1;E7_FR7-1;E8_FR6-3,E7_FR7-5;E9_FR8-1;E8_FR6-4,WATER_NPY2;WATER_NPY3;E8_FR6-1,0.168394193278,0.0531481195224,False,False,biological animal
cfos_occurrence,Ocurrencia espacial de núcleos c-FOS positivos / núcleos DAPI,339,WATER_NPY1;E7_FR7-1;E8_FR6-3,E7_FR7-5;E8_FR6-1;E8_FR6-4,WATER_NPY2;WATER_NPY3;E9_FR8-1,0.775550250318,0.205413833454,False,False,biological animal
cfos_occurrence,Ocurrencia espacial de núcleos c-FOS positivos / núcleos DAPI,340,WATER_NPY1;E7_FR7-1;E8_FR6-3,E9_FR8-1;E8_FR6-1;E8_FR6-4,WATER_NPY2;WATER_NPY3;E7_FR7-5,0.410527133828,0.120370581356,False,False,biological animal
cfos_occurrence,Ocurrencia espacial de núcleos c-FOS positivos / núcleos DAPI,341,WATER_NPY1;E7_FR7-1;E8_FR6-4,WATER_NPY2;WATER_NPY3;E7_FR7-5,E9_FR8-1;E8_FR6-1;E8_FR6-3,0.576193357023,0.161119184423,False,False,biological animal
cfos_occurrence,Ocurrencia espacial de núcleos c-FOS positivos / núcleos DAPI,342,WATER_NPY1;E7_FR7-1;E8_FR6-4,WATER_NPY2;WATER_NPY3;E9_FR8-1,E7_FR7-5;E8_FR6-1;E8_FR6-3,0.781712749304,0.206708653228,False,False,biological animal
cfos_occurrence,Ocurrencia espacial de núcleos c-FOS positivos / núcleos DAPI,343,WATER_NPY1;E7_FR7-1;E8_FR6-4,WATER_NPY2;WATER_NPY3;E8_FR6-1,E7_FR7-5;E9_FR8-1;E8_FR6-3,0.495597932486,0.14177772789,False,False,biological animal
cfos_occurrence,Ocurrencia espacial de núcleos c-FOS positivos / núcleos DAPI,344,WATER_NPY1;E7_FR7-1;E8_FR6-4,WATER_NPY2;WATER_NPY3;E8_FR6-3,E7_FR7-5;E9_FR8-1;E8_FR6-1,0.541909819848,0.152999327315,False,False,biological animal
cfos_occurrence,Ocurrencia espacial de núcleos c-FOS positivos / núcleos DAPI,345,WATER_NPY1;E7_FR7-1;E8_FR6-4,WATER_NPY2;E7_FR7-5;E9_FR8-1,WATER_NPY3;E8_FR6-1;E8_FR6-3,0.512864052413,0.145995986398,False,False,biological animal
cfos_occurrence,Ocurrencia espacial de núcleos c-FOS positivos / núcleos DAPI,346,WATER_NPY1;E7_FR7-1;E8_FR6-4,WATER_NPY2;E7_FR7-5;E8_FR6-1,WATER_NPY3;E9_FR8-1;E8_FR6-3,0.770190450841,0.204284229373,False,False,biological animal
cfos_occurrence,Ocurrencia espacial de núcleos c-FOS positivos / núcleos DAPI,347,WATER_NPY1;E7_FR7-1;E8_FR6-4,WATER_NPY2;E7_FR7-5;E8_FR6-3,WATER_NPY3;E9_FR8-1;E8_FR6-1,0.754984215318,0.201061887887,False,False,biological animal
cfos_occurrence,Ocurrencia espacial de núcleos c-FOS positivos / núcleos DAPI,348,WATER_NPY1;E7_FR7-1;E8_FR6-4,WATER_NPY2;E9_FR8-1;E8_FR6-1,WATER_NPY3;E7_FR7-5;E8_FR6-3,0.519385902633,0.147578559727,False,False,biological animal
cfos_occurrence,Ocurrencia espacial de núcleos c-FOS positivos / núcleos DAPI,349,WATER_NPY1;E7_FR7-1;E8_FR6-4,WATER_NPY2;E9_FR8-1;E8_FR6-3,WATER_NPY3;E7_FR7-5;E8_FR6-1,0.524642876508,0.148849938814,False,False,biological animal
cfos_occurrence,Ocurrencia espacial de núcleos c-FOS positivos / núcleos DAPI,350,WATER_NPY1;E7_FR7-1;E8_FR6-4,WATER_NPY2;E8_FR6-1;E8_FR6-3,WATER_NPY3;E7_FR7-5;E9_FR8-1,2.63414286988,0.467532139443,False,False,biological animal
cfos_occurrence,Ocurrencia espacial de núcleos c-FOS positivos / núcleos DAPI,351,WATER_NPY1;E7_FR7-1;E8_FR6-4,WATER_NPY3;E7_FR7-5;E9_FR8-1,WATER_NPY2;E8_FR6-1;E8_FR6-3,2.63414286988,0.467532139443,False,False,biological animal
cfos_occurrence,Ocurrencia espacial de núcleos c-FOS positivos / núcleos DAPI,352,WATER_NPY1;E7_FR7-1;E8_FR6-4,WATER_NPY3;E7_FR7-5;E8_FR6-1,WATER_NPY2;E9_FR8-1;E8_FR6-3,0.524642876508,0.148849938814,False,False,biological animal
cfos_occurrence,Ocurrencia espacial de núcleos c-FOS positivos / núcleos DAPI,353,WATER_NPY1;E7_FR7-1;E8_FR6-4,WATER_NPY3;E7_FR7-5;E8_FR6-3,WATER_NPY2;E9_FR8-1;E8_FR6-1,0.519385902633,0.147578559727,False,False,biological animal
cfos_occurrence,Ocurrencia espacial de núcleos c-FOS positivos / núcleos DAPI,354,WATER_NPY1;E7_FR7-1;E8_FR6-4,WATER_NPY3;E9_FR8-1;E8_FR6-1,WATER_NPY2;E7_FR7-5;E8_FR6-3,0.754984215318,0.201061887887,False,False,biological animal
cfos_occurrence,Ocurrencia espacial de núcleos c-FOS positivos / núcleos DAPI,355,WATER_NPY1;E7_FR7-1;E8_FR6-4,WATER_NPY3;E9_FR8-1;E8_FR6-3,WATER_NPY2;E7_FR7-5;E8_FR6-1,0.770190450841,0.204284229373,False,False,biological animal
cfos_occurrence,Ocurrencia espacial de núcleos c-FOS positivos / núcleos DAPI,356,WATER_NPY1;E7_FR7-1;E8_FR6-4,WATER_NPY3;E8_FR6-1;E8_FR6-3,WATER_NPY2;E7_FR7-5;E9_FR8-1,0.512864052413,0.145995986398,False,False,biological animal
cfos_occurrence,Ocurrencia espacial de núcleos c-FOS positivos / núcleos DAPI,357,WATER_NPY1;E7_FR7-1;E8_FR6-4,E7_FR7-5;E9_FR8-1;E8_FR6-1,WATER_NPY2;WATER_NPY3;E8_FR6-3,0.541909819848,0.152999327315,False,False,biological animal
cfos_occurrence,Ocurrencia espacial de núcleos c-FOS positivos / núcleos DAPI,358,WATER_NPY1;E7_FR7-1;E8_FR6-4,E7_FR7-5;E9_FR8-1;E8_FR6-3,WATER_NPY2;WATER_NPY3;E8_FR6-1,0.495597932486,0.14177772789,False,False,biological animal
cfos_occurrence,Ocurrencia espacial de núcleos c-FOS positivos / núcleos DAPI,359,WATER_NPY1;E7_FR7-1;E8_FR6-4,E7_FR7-5;E8_FR6-1;E8_FR6-3,WATER_NPY2;WATER_NPY3;E9_FR8-1,0.781712749304,0.206708653228,False,False,biological animal
cfos_occurrence,Ocurrencia espacial de núcleos c-FOS positivos / núcleos DAPI,360,WATER_NPY1;E7_FR7-1;E8_FR6-4,E9_FR8-1;E8_FR6-1;E8_FR6-3,WATER_NPY2;WATER_NPY3;E7_FR7-5,0.576193357023,0.161119184423,False,False,biological animal
cfos_occurrence,Ocurrencia espacial de núcleos c-FOS positivos / núcleos DAPI,361,WATER_NPY1;E7_FR7-5;E9_FR8-1,WATER_NPY2;WATER_NPY3;E7_FR7-1,E8_FR6-1;E8_FR6-3;E8_FR6-4,1.33001220707,0.307161306589,False,False,biological animal
cfos_occurrence,Ocurrencia espacial de núcleos c-FOS positivos / núcleos DAPI,362,WATER_NPY1;E7_FR7-5;E9_FR8-1,WATER_NPY2;WATER_NPY3;E8_FR6-1,E7_FR7-1;E8_FR6-3;E8_FR6-4,0.143551628229,0.0456654272638,False,False,biological animal
cfos_occurrence,Ocurrencia espacial de núcleos c-FOS positivos / núcleos DAPI,363,WATER_NPY1;E7_FR7-5;E9_FR8-1,WATER_NPY2;WATER_NPY3;E8_FR6-3,E7_FR7-1;E8_FR6-1;E8_FR6-4,0.213092129014,0.0663199561224,False,False,biological animal
cfos_occurrence,Ocurrencia espacial de núcleos c-FOS positivos / núcleos DAPI,364,WATER_NPY1;E7_FR7-5;E9_FR8-1,WATER_NPY2;WATER_NPY3;E8_FR6-4,E7_FR7-1;E8_FR6-1;E8_FR6-3,0.365301346475,0.108549371621,False,False,biological animal
cfos_occurrence,Ocurrencia espacial de núcleos c-FOS positivos / núcleos DAPI,365,WATER_NPY1;E7_FR7-5;E9_FR8-1,WATER_NPY2;E7_FR7-1;E8_FR6-1,WATER_NPY3;E8_FR6-3;E8_FR6-4,0.21318003862,0.0663455007368,False,False,biological animal
cfos_occurrence,Ocurrencia espacial de núcleos c-FOS positivos / núcleos DAPI,366,WATER_NPY1;E7_FR7-5;E9_FR8-1,WATER_NPY2;E7_FR7-1;E8_FR6-3,WATER_NPY3;E8_FR6-1;E8_FR6-4,0.209864568653,0.0653811287561,False,False,biological animal
cfos_occurrence,Ocurrencia espacial de núcleos c-FOS positivos / núcleos DAPI,367,WATER_NPY1;E7_FR7-5;E9_FR8-1,WATER_NPY2;E7_FR7-1;E8_FR6-4,WATER_NPY3;E8_FR6-1;E8_FR6-3,0.170601005005,0.0538071503592,False,False,biological animal
cfos_occurrence,Ocurrencia espacial de núcleos c-FOS positivos / núcleos DAPI,368,WATER_NPY1;E7_FR7-5;E9_FR8-1,WATER_NPY2;E8_FR6-1;E8_FR6-3,WATER_NPY3;E7_FR7-1;E8_FR6-4,0.577268050869,0.161371203572,False,False,biological animal
cfos_occurrence,Ocurrencia espacial de núcleos c-FOS positivos / núcleos DAPI,369,WATER_NPY1;E7_FR7-5;E9_FR8-1,WATER_NPY2;E8_FR6-1;E8_FR6-4,WATER_NPY3;E7_FR7-1;E8_FR6-3,1.5004509154,0.333400128922,False,False,biological animal
cfos_occurrence,Ocurrencia espacial de núcleos c-FOS positivos / núcleos DAPI,370,WATER_NPY1;E7_FR7-5;E9_FR8-1,WATER_NPY2;E8_FR6-3;E8_FR6-4,WATER_NPY3;E7_FR7-1;E8_FR6-1,1.49379993907,0.332413538503,False,False,biological animal
cfos_occurrence,Ocurrencia espacial de núcleos c-FOS positivos / núcleos DAPI,371,WATER_NPY1;E7_FR7-5;E9_FR8-1,WATER_NPY3;E7_FR7-1;E8_FR6-1,WATER_NPY2;E8_FR6-3;E8_FR6-4,1.49379993907,0.332413538503,False,False,biological animal
cfos_occurrence,Ocurrencia espacial de núcleos c-FOS positivos / núcleos DAPI,372,WATER_NPY1;E7_FR7-5;E9_FR8-1,WATER_NPY3;E7_FR7-1;E8_FR6-3,WATER_NPY2;E8_FR6-1;E8_FR6-4,1.5004509154,0.333400128922,False,False,biological animal
cfos_occurrence,Ocurrencia espacial de núcleos c-FOS positivos / núcleos DAPI,373,WATER_NPY1;E7_FR7-5;E9_FR8-1,WATER_NPY3;E7_FR7-1;E8_FR6-4,WATER_NPY2;E8_FR6-1;E8_FR6-3,0.577268050869,0.161371203572,False,False,biological animal
cfos_occurrence,Ocurrencia espacial de núcleos c-FOS positivos / núcleos DAPI,374,WATER_NPY1;E7_FR7-5;E9_FR8-1,WATER_NPY3;E8_FR6-1;E8_FR6-3,WATER_NPY2;E7_FR7-1;E8_FR6-4,0.170601005005,0.0538071503592,False,False,biological animal
cfos_occurrence,Ocurrencia espacial de núcleos c-FOS positivos / núcleos DAPI,375,WATER_NPY1;E7_FR7-5;E9_FR8-1,WATER_NPY3;E8_FR6-1;E8_FR6-4,WATER_NPY2;E7_FR7-1;E8_FR6-3,0.209864568653,0.0653811287561,False,False,biological animal
cfos_occurrence,Ocurrencia espacial de núcleos c-FOS positivos / núcleos DAPI,376,WATER_NPY1;E7_FR7-5;E9_FR8-1,WATER_NPY3;E8_FR6-3;E8_FR6-4,WATER_NPY2;E7_FR7-1;E8_FR6-1,0.21318003862,0.0663455007368,False,False,biological animal
cfos_occurrence,Ocurrencia espacial de núcleos c-FOS positivos / núcleos DAPI,377,WATER_NPY1;E7_FR7-5;E9_FR8-1,E7_FR7-1;E8_FR6-1;E8_FR6-3,WATER_NPY2;WATER_NPY3;E8_FR6-4,0.365301346475,0.108549371621,False,False,biological animal
cfos_occurrence,Ocurrencia espacial de núcleos c-FOS positivos / núcleos DAPI,378,WATER_NPY1;E7_FR7-5;E9_FR8-1,E7_FR7-1;E8_FR6-1;E8_FR6-4,WATER_NPY2;WATER_NPY3;E8_FR6-3,0.213092129014,0.0663199561224,False,False,biological animal
cfos_occurrence,Ocurrencia espacial de núcleos c-FOS positivos / núcleos DAPI,379,WATER_NPY1;E7_FR7-5;E9_FR8-1,E7_FR7-1;E8_FR6-3;E8_FR6-4,WATER_NPY2;WATER_NPY3;E8_FR6-1,0.143551628229,0.0456654272638,False,False,biological animal
cfos_occurrence,Ocurrencia espacial de núcleos c-FOS positivos / núcleos DAPI,380,WATER_NPY1;E7_FR7-5;E9_FR8-1,E8_FR6-1;E8_FR6-3;E8_FR6-4,WATER_NPY2;WATER_NPY3;E7_FR7-1,1.33001220707,0.307161306589,False,False,biological animal
cfos_occurrence,Ocurrencia espacial de núcleos c-FOS positivos / núcleos DAPI,381,WATER_NPY1;E7_FR7-5;E8_FR6-1,WATER_NPY2;WATER_NPY3;E7_FR7-1,E9_FR8-1;E8_FR6-3;E8_FR6-4,0.616850361487,0.170549041247,False,False,biological animal
cfos_occurrence,Ocurrencia espacial de núcleos c-FOS positivos / núcleos DAPI,382,WATER_NPY1;E7_FR7-5;E8_FR6-1,WATER_NPY2;WATER_NPY3;E9_FR8-1,E7_FR7-1;E8_FR6-3;E8_FR6-4,0.710647904935,0.191515854681,False,False,biological animal
cfos_occurrence,Ocurrencia espacial de núcleos c-FOS positivos / núcleos DAPI,383,WATER_NPY1;E7_FR7-5;E8_FR6-1,WATER_NPY2;WATER_NPY3;E8_FR6-3,E7_FR7-1;E9_FR8-1;E8_FR6-4,0.355396728047,0.105917945582,False,False,biological animal
cfos_occurrence,Ocurrencia espacial de núcleos c-FOS positivos / núcleos DAPI,384,WATER_NPY1;E7_FR7-5;E8_FR6-1,WATER_NPY2;WATER_NPY3;E8_FR6-4,E7_FR7-1;E9_FR8-1;E8_FR6-3,0.92404179801,0.235482149675,False,False,biological animal
cfos_occurrence,Ocurrencia espacial de núcleos c-FOS positivos / núcleos DAPI,385,WATER_NPY1;E7_FR7-5;E8_FR6-1,WATER_NPY2;E7_FR7-1;E9_FR8-1,WATER_NPY3;E8_FR6-3;E8_FR6-4,0.734128181386,0.196599619972,False,False,biological animal
cfos_occurrence,Ocurrencia espacial de núcleos c-FOS positivos / núcleos DAPI,386,WATER_NPY1;E7_FR7-5;E8_FR6-1,WATER_NPY2;E7_FR7-1;E8_FR6-3,WATER_NPY3;E9_FR8-1;E8_FR6-4,0.411321550538,0.120575426398,False,False,biological animal
cfos_occurrence,Ocurrencia espacial de núcleos c-FOS positivos / núcleos DAPI,387,WATER_NPY1;E7_FR7-5;E8_FR6-1,WATER_NPY2;E7_FR7-1;E8_FR6-4,WATER_NPY3;E9_FR8-1;E8_FR6-3,0.732904401827,0.196336236596,False,False,biological animal
cfos_occurrence,Ocurrencia espacial de núcleos c-FOS positivos / núcleos DAPI,388,WATER_NPY1;E7_FR7-5;E8_FR6-1,WATER_NPY2;E9_FR8-1;E8_FR6-3,WATER_NPY3;E7_FR7-1;E8_FR6-4,0.391421096489,0.115415068006,False,False,biological animal
cfos_occurrence,Ocurrencia espacial de núcleos c-FOS positivos / núcleos DAPI,389,WATER_NPY1;E7_FR7-5;E8_FR6-1,WATER_NPY2;E9_FR8-1;E8_FR6-4,WATER_NPY3;E7_FR7-1;E8_FR6-3,0.750511967207,0.200109204762,False,False,biological animal
cfos_occurrence,Ocurrencia espacial de núcleos c-FOS positivos / núcleos DAPI,390,WATER_NPY1;E7_FR7-5;E8_FR6-1,WATER_NPY2;E8_FR6-3;E8_FR6-4,WATER_NPY3;E7_FR7-1;E9_FR8-1,5.59975566388,0.651152879541,False,True,biological animal
cfos_occurrence,Ocurrencia espacial de núcleos c-FOS positivos / núcleos DAPI,391,WATER_NPY1;E7_FR7-5;E8_FR6-1,WATER_NPY3;E7_FR7-1;E9_FR8-1,WATER_NPY2;E8_FR6-3;E8_FR6-4,5.59975566388,0.651152879541,False,True,biological animal
cfos_occurrence,Ocurrencia espacial de núcleos c-FOS positivos / núcleos DAPI,392,WATER_NPY1;E7_FR7-5;E8_FR6-1,WATER_NPY3;E7_FR7-1;E8_FR6-3,WATER_NPY2;E9_FR8-1;E8_FR6-4,0.750511967207,0.200109204762,False,False,biological animal
cfos_occurrence,Ocurrencia espacial de núcleos c-FOS positivos / núcleos DAPI,393,WATER_NPY1;E7_FR7-5;E8_FR6-1,WATER_NPY3;E7_FR7-1;E8_FR6-4,WATER_NPY2;E9_FR8-1;E8_FR6-3,0.391421096489,0.115415068006,False,False,biological animal
cfos_occurrence,Ocurrencia espacial de núcleos c-FOS positivos / núcleos DAPI,394,WATER_NPY1;E7_FR7-5;E8_FR6-1,WATER_NPY3;E9_FR8-1;E8_FR6-3,WATER_NPY2;E7_FR7-1;E8_FR6-4,0.732904401827,0.196336236596,False,False,biological animal
cfos_occurrence,Ocurrencia espacial de núcleos c-FOS positivos / núcleos DAPI,395,WATER_NPY1;E7_FR7-5;E8_FR6-1,WATER_NPY3;E9_FR8-1;E8_FR6-4,WATER_NPY2;E7_FR7-1;E8_FR6-3,0.411321550538,0.120575426398,False,False,biological animal
cfos_occurrence,Ocurrencia espacial de núcleos c-FOS positivos / núcleos DAPI,396,WATER_NPY1;E7_FR7-5;E8_FR6-1,WATER_NPY3;E8_FR6-3;E8_FR6-4,WATER_NPY2;E7_FR7-1;E9_FR8-1,0.734128181386,0.196599619972,False,False,biological animal
cfos_occurrence,Ocurrencia espacial de núcleos c-FOS positivos / núcleos DAPI,397,WATER_NPY1;E7_FR7-5;E8_FR6-1,E7_FR7-1;E9_FR8-1;E8_FR6-3,WATER_NPY2;WATER_NPY3;E8_FR6-4,0.92404179801,0.235482149675,False,False,biological animal
cfos_occurrence,Ocurrencia espacial de núcleos c-FOS positivos / núcleos DAPI,398,WATER_NPY1;E7_FR7-5;E8_FR6-1,E7_FR7-1;E9_FR8-1;E8_FR6-4,WATER_NPY2;WATER_NPY3;E8_FR6-3,0.355396728047,0.105917945582,False,False,biological animal
cfos_occurrence,Ocurrencia espacial de núcleos c-FOS positivos / núcleos DAPI,399,WATER_NPY1;E7_FR7-5;E8_FR6-1,E7_FR7-1;E8_FR6-3;E8_FR6-4,WATER_NPY2;WATER_NPY3;E9_FR8-1,0.710647904935,0.191515854681,False,False,biological animal
cfos_occurrence,Ocurrencia espacial de núcleos c-FOS positivos / núcleos DAPI,400,WATER_NPY1;E7_FR7-5;E8_FR6-1,E9_FR8-1;E8_FR6-3;E8_FR6-4,WATER_NPY2;WATER_NPY3;E7_FR7-1,0.616850361487,0.170549041247,False,False,biological animal
cfos_occurrence,Ocurrencia espacial de núcleos c-FOS positivos / núcleos DAPI,401,WATER_NPY1;E7_FR7-5;E8_FR6-3,WATER_NPY2;WATER_NPY3;E7_FR7-1,E9_FR8-1;E8_FR6-1;E8_FR6-4,0.595860037579,0.1657072387,False,False,biological animal
cfos_occurrence,Ocurrencia espacial de núcleos c-FOS positivos / núcleos DAPI,402,WATER_NPY1;E7_FR7-5;E8_FR6-3,WATER_NPY2;WATER_NPY3;E9_FR8-1,E7_FR7-1;E8_FR6-1;E8_FR6-4,0.715208890974,0.192508392385,False,False,biological animal
cfos_occurrence,Ocurrencia espacial de núcleos c-FOS positivos / núcleos DAPI,403,WATER_NPY1;E7_FR7-5;E8_FR6-3,WATER_NPY2;WATER_NPY3;E8_FR6-1,E7_FR7-1;E9_FR8-1;E8_FR6-4,0.28319512946,0.0862559544265,False,False,biological animal
cfos_occurrence,Ocurrencia espacial de núcleos c-FOS positivos / núcleos DAPI,404,WATER_NPY1;E7_FR7-5;E8_FR6-3,WATER_NPY2;WATER_NPY3;E8_FR6-4,E7_FR7-1;E9_FR8-1;E8_FR6-1,0.899290365343,0.230629237908,False,False,biological animal
cfos_occurrence,Ocurrencia espacial de núcleos c-FOS positivos / núcleos DAPI,405,WATER_NPY1;E7_FR7-5;E8_FR6-3,WATER_NPY2;E7_FR7-1;E9_FR8-1,WATER_NPY3;E8_FR6-1;E8_FR6-4,0.68905091759,0.186782707255,False,False,biological animal
cfos_occurrence,Ocurrencia espacial de núcleos c-FOS positivos / núcleos DAPI,406,WATER_NPY1;E7_FR7-5;E8_FR6-3,WATER_NPY2;E7_FR7-1;E8_FR6-1,WATER_NPY3;E9_FR8-1;E8_FR6-4,0.377324431281,0.111722885663,False,False,biological animal
cfos_occurrence,Ocurrencia espacial de núcleos c-FOS positivos / núcleos DAPI,407,WATER_NPY1;E7_FR7-5;E8_FR6-3,WATER_NPY2;E7_FR7-1;E8_FR6-4,WATER_NPY3;E9_FR8-1;E8_FR6-1,0.661545636469,0.18067387441,False,False,biological animal
cfos_occurrence,Ocurrencia espacial de núcleos c-FOS positivos / núcleos DAPI,408,WATER_NPY1;E7_FR7-5;E8_FR6-3,WATER_NPY2;E9_FR8-1;E8_FR6-1,WATER_NPY3;E7_FR7-1;E8_FR6-4,0.336032506188,0.10072818702,False,False,biological animal
cfos_occurrence,Ocurrencia espacial de núcleos c-FOS positivos / núcleos DAPI,409,WATER_NPY1;E7_FR7-5;E8_FR6-3,WATER_NPY2;E9_FR8-1;E8_FR6-4,WATER_NPY3;E7_FR7-1;E8_FR6-1,0.704989851256,0.190281182826,False,False,biological animal
cfos_occurrence,Ocurrencia espacial de núcleos c-FOS positivos / núcleos DAPI,410,WATER_NPY1;E7_FR7-5;E8_FR6-3,WATER_NPY2;E8_FR6-1;E8_FR6-4,WATER_NPY3;E7_FR7-1;E9_FR8-1,5.38718483839,0.642311448024,False,True,biological animal
cfos_occurrence,Ocurrencia espacial de núcleos c-FOS positivos / núcleos DAPI,411,WATER_NPY1;E7_FR7-5;E8_FR6-3,WATER_NPY3;E7_FR7-1;E9_FR8-1,WATER_NPY2;E8_FR6-1;E8_FR6-4,5.38718483839,0.642311448024,False,True,biological animal
cfos_occurrence,Ocurrencia espacial de núcleos c-FOS positivos / núcleos DAPI,412,WATER_NPY1;E7_FR7-5;E8_FR6-3,WATER_NPY3;E7_FR7-1;E8_FR6-1,WATER_NPY2;E9_FR8-1;E8_FR6-4,0.704989851256,0.190281182826,False,False,biological animal
cfos_occurrence,Ocurrencia espacial de núcleos c-FOS positivos / núcleos DAPI,413,WATER_NPY1;E7_FR7-5;E8_FR6-3,WATER_NPY3;E7_FR7-1;E8_FR6-4,WATER_NPY2;E9_FR8-1;E8_FR6-1,0.336032506188,0.10072818702,False,False,biological animal
cfos_occurrence,Ocurrencia espacial de núcleos c-FOS positivos / núcleos DAPI,414,WATER_NPY1;E7_FR7-5;E8_FR6-3,WATER_NPY3;E9_FR8-1;E8_FR6-1,WATER_NPY2;E7_FR7-1;E8_FR6-4,0.661545636469,0.18067387441,False,False,biological animal
cfos_occurrence,Ocurrencia espacial de núcleos c-FOS positivos / núcleos DAPI,415,WATER_NPY1;E7_FR7-5;E8_FR6-3,WATER_NPY3;E9_FR8-1;E8_FR6-4,WATER_NPY2;E7_FR7-1;E8_FR6-1,0.377324431281,0.111722885663,False,False,biological animal
cfos_occurrence,Ocurrencia espacial de núcleos c-FOS positivos / núcleos DAPI,416,WATER_NPY1;E7_FR7-5;E8_FR6-3,WATER_NPY3;E8_FR6-1;E8_FR6-4,WATER_NPY2;E7_FR7-1;E9_FR8-1,0.68905091759,0.186782707255,False,False,biological animal
cfos_occurrence,Ocurrencia espacial de núcleos c-FOS positivos / núcleos DAPI,417,WATER_NPY1;E7_FR7-5;E8_FR6-3,E7_FR7-1;E9_FR8-1;E8_FR6-1,WATER_NPY2;WATER_NPY3;E8_FR6-4,0.899290365343,0.230629237908,False,False,biological animal
cfos_occurrence,Ocurrencia espacial de núcleos c-FOS positivos / núcleos DAPI,418,WATER_NPY1;E7_FR7-5;E8_FR6-3,E7_FR7-1;E9_FR8-1;E8_FR6-4,WATER_NPY2;WATER_NPY3;E8_FR6-1,0.28319512946,0.0862559544265,False,False,biological animal
cfos_occurrence,Ocurrencia espacial de núcleos c-FOS positivos / núcleos DAPI,419,WATER_NPY1;E7_FR7-5;E8_FR6-3,E7_FR7-1;E8_FR6-1;E8_FR6-4,WATER_NPY2;WATER_NPY3;E9_FR8-1,0.715208890974,0.192508392385,False,False,biological animal
cfos_occurrence,Ocurrencia espacial de núcleos c-FOS positivos / núcleos DAPI,420,WATER_NPY1;E7_FR7-5;E8_FR6-3,E9_FR8-1;E8_FR6-1;E8_FR6-4,WATER_NPY2;WATER_NPY3;E7_FR7-1,0.595860037579,0.1657072387,False,False,biological animal
cfos_occurrence,Ocurrencia espacial de núcleos c-FOS positivos / núcleos DAPI,421,WATER_NPY1;E7_FR7-5;E8_FR6-4,WATER_NPY2;WATER_NPY3;E7_FR7-1,E9_FR8-1;E8_FR6-1;E8_FR6-3,1.00200787854,0.25037628834,False,False,biological animal
cfos_occurrence,Ocurrencia espacial de núcleos c-FOS positivos / núcleos DAPI,422,WATER_NPY1;E7_FR7-5;E8_FR6-4,WATER_NPY2;WATER_NPY3;E9_FR8-1,E7_FR7-1;E8_FR6-1;E8_FR6-3,1.17620294084,0.281644105304,False,False,biological animal
cfos_occurrence,Ocurrencia espacial de núcleos c-FOS positivos / núcleos DAPI,423,WATER_NPY1;E7_FR7-5;E8_FR6-4,WATER_NPY2;WATER_NPY3;E8_FR6-1,E7_FR7-1;E9_FR8-1;E8_FR6-3,1.06904604698,0.26272645594,False,False,biological animal
cfos_occurrence,Ocurrencia espacial de núcleos c-FOS positivos / núcleos DAPI,424,WATER_NPY1;E7_FR7-5;E8_FR6-4,WATER_NPY2;WATER_NPY3;E8_FR6-3,E7_FR7-1;E9_FR8-1;E8_FR6-1,1.15245336858,0.277535535329,False,False,biological animal
cfos_occurrence,Ocurrencia espacial de núcleos c-FOS positivos / núcleos DAPI,425,WATER_NPY1;E7_FR7-5;E8_FR6-4,WATER_NPY2;E7_FR7-1;E9_FR8-1,WATER_NPY3;E8_FR6-1;E8_FR6-3,0.994762723466,0.249016723227,False,False,biological animal
cfos_occurrence,Ocurrencia espacial de núcleos c-FOS positivos / núcleos DAPI,426,WATER_NPY1;E7_FR7-5;E8_FR6-4,WATER_NPY2;E7_FR7-1;E8_FR6-1,WATER_NPY3;E9_FR8-1;E8_FR6-3,1.06114288998,0.261291690229,False,False,biological animal
cfos_occurrence,Ocurrencia espacial de núcleos c-FOS positivos / núcleos DAPI,427,WATER_NPY1;E7_FR7-5;E8_FR6-4,WATER_NPY2;E7_FR7-1;E8_FR6-3,WATER_NPY3;E9_FR8-1;E8_FR6-1,1.02404700082,0.254481868778,False,False,biological animal
cfos_occurrence,Ocurrencia espacial de núcleos c-FOS positivos / núcleos DAPI,428,WATER_NPY1;E7_FR7-5;E8_FR6-4,WATER_NPY2;E9_FR8-1;E8_FR6-1,WATER_NPY3;E7_FR7-1;E8_FR6-3,1.025568559,0.254763654865,False,False,biological animal
cfos_occurrence,Ocurrencia espacial de núcleos c-FOS positivos / núcleos DAPI,429,WATER_NPY1;E7_FR7-5;E8_FR6-4,WATER_NPY2;E9_FR8-1;E8_FR6-3,WATER_NPY3;E7_FR7-1;E8_FR6-1,1.05198706928,0.259622513916,False,False,biological animal
cfos_occurrence,Ocurrencia espacial de núcleos c-FOS positivos / núcleos DAPI,430,WATER_NPY1;E7_FR7-5;E8_FR6-4,WATER_NPY2;E8_FR6-1;E8_FR6-3,WATER_NPY3;E7_FR7-1;E9_FR8-1,4.98547687749,0.624317990519,False,True,biological animal
cfos_occurrence,Ocurrencia espacial de núcleos c-FOS positivos / núcleos DAPI,431,WATER_NPY1;E7_FR7-5;E8_FR6-4,WATER_NPY3;E7_FR7-1;E9_FR8-1,WATER_NPY2;E8_FR6-1;E8_FR6-3,4.98547687749,0.624317990519,False,True,biological animal
cfos_occurrence,Ocurrencia espacial de núcleos c-FOS positivos / núcleos DAPI,432,WATER_NPY1;E7_FR7-5;E8_FR6-4,WATER_NPY3;E7_FR7-1;E8_FR6-1,WATER_NPY2;E9_FR8-1;E8_FR6-3,1.05198706928,0.259622513916,False,False,biological animal
cfos_occurrence,Ocurrencia espacial de núcleos c-FOS positivos / núcleos DAPI,433,WATER_NPY1;E7_FR7-5;E8_FR6-4,WATER_NPY3;E7_FR7-1;E8_FR6-3,WATER_NPY2;E9_FR8-1;E8_FR6-1,1.025568559,0.254763654865,False,False,biological animal
cfos_occurrence,Ocurrencia espacial de núcleos c-FOS positivos / núcleos DAPI,434,WATER_NPY1;E7_FR7-5;E8_FR6-4,WATER_NPY3;E9_FR8-1;E8_FR6-1,WATER_NPY2;E7_FR7-1;E8_FR6-3,1.02404700082,0.254481868778,False,False,biological animal
cfos_occurrence,Ocurrencia espacial de núcleos c-FOS positivos / núcleos DAPI,435,WATER_NPY1;E7_FR7-5;E8_FR6-4,WATER_NPY3;E9_FR8-1;E8_FR6-3,WATER_NPY2;E7_FR7-1;E8_FR6-1,1.06114288998,0.261291690229,False,False,biological animal
cfos_occurrence,Ocurrencia espacial de núcleos c-FOS positivos / núcleos DAPI,436,WATER_NPY1;E7_FR7-5;E8_FR6-4,WATER_NPY3;E8_FR6-1;E8_FR6-3,WATER_NPY2;E7_FR7-1;E9_FR8-1,0.994762723466,0.249016723227,False,False,biological animal
cfos_occurrence,Ocurrencia espacial de núcleos c-FOS positivos / núcleos DAPI,437,WATER_NPY1;E7_FR7-5;E8_FR6-4,E7_FR7-1;E9_FR8-1;E8_FR6-1,WATER_NPY2;WATER_NPY3;E8_FR6-3,1.15245336858,0.277535535329,False,False,biological animal
cfos_occurrence,Ocurrencia espacial de núcleos c-FOS positivos / núcleos DAPI,438,WATER_NPY1;E7_FR7-5;E8_FR6-4,E7_FR7-1;E9_FR8-1;E8_FR6-3,WATER_NPY2;WATER_NPY3;E8_FR6-1,1.06904604698,0.26272645594,False,False,biological animal
cfos_occurrence,Ocurrencia espacial de núcleos c-FOS positivos / núcleos DAPI,439,WATER_NPY1;E7_FR7-5;E8_FR6-4,E7_FR7-1;E8_FR6-1;E8_FR6-3,WATER_NPY2;WATER_NPY3;E9_FR8-1,1.17620294084,0.281644105304,False,False,biological animal
cfos_occurrence,Ocurrencia espacial de núcleos c-FOS positivos / núcleos DAPI,440,WATER_NPY1;E7_FR7-5;E8_FR6-4,E9_FR8-1;E8_FR6-1;E8_FR6-3,WATER_NPY2;WATER_NPY3;E7_FR7-1,1.00200787854,0.25037628834,False,False,biological animal
cfos_occurrence,Ocurrencia espacial de núcleos c-FOS positivos / núcleos DAPI,441,WATER_NPY1;E9_FR8-1;E8_FR6-1,WATER_NPY2;WATER_NPY3;E7_FR7-1,E7_FR7-5;E8_FR6-3;E8_FR6-4,0.663057556957,0.18101204981,False,False,biological animal
cfos_occurrence,Ocurrencia espacial de núcleos c-FOS positivos / núcleos DAPI,442,WATER_NPY1;E9_FR8-1;E8_FR6-1,WATER_NPY2;WATER_NPY3;E7_FR7-5,E7_FR7-1;E8_FR6-3;E8_FR6-4,0.405926769959,0.119182471432,False,False,biological animal
cfos_occurrence,Ocurrencia espacial de núcleos c-FOS positivos / núcleos DAPI,443,WATER_NPY1;E9_FR8-1;E8_FR6-1,WATER_NPY2;WATER_NPY3;E8_FR6-3,E7_FR7-1;E7_FR7-5;E8_FR6-4,0.189605069368,0.0594446852336,False,False,biological animal
cfos_occurrence,Ocurrencia espacial de núcleos c-FOS positivos / núcleos DAPI,444,WATER_NPY1;E9_FR8-1;E8_FR6-1,WATER_NPY2;WATER_NPY3;E8_FR6-4,E7_FR7-1;E7_FR7-5;E8_FR6-3,0.527565420499,0.149555106033,False,False,biological animal
cfos_occurrence,Ocurrencia espacial de núcleos c-FOS positivos / núcleos DAPI,445,WATER_NPY1;E9_FR8-1;E8_FR6-1,WATER_NPY2;E7_FR7-1;E7_FR7-5,WATER_NPY3;E8_FR6-3;E8_FR6-4,0.394550954731,0.11623067675,False,False,biological animal
cfos_occurrence,Ocurrencia espacial de núcleos c-FOS positivos / núcleos DAPI,446,WATER_NPY1;E9_FR8-1;E8_FR6-1,WATER_NPY2;E7_FR7-1;E8_FR6-3,WATER_NPY3;E7_FR7-5;E8_FR6-4,0.26846421849,0.0821377260218,False,False,biological animal
cfos_occurrence,Ocurrencia espacial de núcleos c-FOS positivos / núcleos DAPI,447,WATER_NPY1;E9_FR8-1;E8_FR6-1,WATER_NPY2;E7_FR7-1;E8_FR6-4,WATER_NPY3;E7_FR7-5;E8_FR6-3,0.403076562649,0.118444752925,False,False,biological animal
cfos_occurrence,Ocurrencia espacial de núcleos c-FOS positivos / núcleos DAPI,448,WATER_NPY1;E9_FR8-1;E8_FR6-1,WATER_NPY2;E7_FR7-5;E8_FR6-3,WATER_NPY3;E7_FR7-1;E8_FR6-4,0.303900694405,0.0919823936958,False,False,biological animal
cfos_occurrence,Ocurrencia espacial de núcleos c-FOS positivos / núcleos DAPI,449,WATER_NPY1;E9_FR8-1;E8_FR6-1,WATER_NPY2;E7_FR7-5;E8_FR6-4,WATER_NPY3;E7_FR7-1;E8_FR6-3,0.827166750552,0.216130313745,False,False,biological animal
cfos_occurrence,Ocurrencia espacial de núcleos c-FOS positivos / núcleos DAPI,450,WATER_NPY1;E9_FR8-1;E8_FR6-1,WATER_NPY2;E8_FR6-3;E8_FR6-4,WATER_NPY3;E7_FR7-1;E7_FR7-5,3.20251364545,0.516325126959,False,False,biological animal
cfos_occurrence,Ocurrencia espacial de núcleos c-FOS positivos / núcleos DAPI,451,WATER_NPY1;E9_FR8-1;E8_FR6-1,WATER_NPY3;E7_FR7-1;E7_FR7-5,WATER_NPY2;E8_FR6-3;E8_FR6-4,3.20251364545,0.516325126959,False,False,biological animal
cfos_occurrence,Ocurrencia espacial de núcleos c-FOS positivos / núcleos DAPI,452,WATER_NPY1;E9_FR8-1;E8_FR6-1,WATER_NPY3;E7_FR7-1;E8_FR6-3,WATER_NPY2;E7_FR7-5;E8_FR6-4,0.827166750552,0.216130313745,False,False,biological animal
cfos_occurrence,Ocurrencia espacial de núcleos c-FOS positivos / núcleos DAPI,453,WATER_NPY1;E9_FR8-1;E8_FR6-1,WATER_NPY3;E7_FR7-1;E8_FR6-4,WATER_NPY2;E7_FR7-5;E8_FR6-3,0.303900694405,0.0919823936958,False,False,biological animal
cfos_occurrence,Ocurrencia espacial de núcleos c-FOS positivos / núcleos DAPI,454,WATER_NPY1;E9_FR8-1;E8_FR6-1,WATER_NPY3;E7_FR7-5;E8_FR6-3,WATER_NPY2;E7_FR7-1;E8_FR6-4,0.403076562649,0.118444752925,False,False,biological animal
cfos_occurrence,Ocurrencia espacial de núcleos c-FOS positivos / núcleos DAPI,455,WATER_NPY1;E9_FR8-1;E8_FR6-1,WATER_NPY3;E7_FR7-5;E8_FR6-4,WATER_NPY2;E7_FR7-1;E8_FR6-3,0.26846421849,0.0821377260218,False,False,biological animal
cfos_occurrence,Ocurrencia espacial de núcleos c-FOS positivos / núcleos DAPI,456,WATER_NPY1;E9_FR8-1;E8_FR6-1,WATER_NPY3;E8_FR6-3;E8_FR6-4,WATER_NPY2;E7_FR7-1;E7_FR7-5,0.394550954731,0.11623067675,False,False,biological animal
cfos_occurrence,Ocurrencia espacial de núcleos c-FOS positivos / núcleos DAPI,457,WATER_NPY1;E9_FR8-1;E8_FR6-1,E7_FR7-1;E7_FR7-5;E8_FR6-3,WATER_NPY2;WATER_NPY3;E8_FR6-4,0.527565420499,0.149555106033,False,False,biological animal
cfos_occurrence,Ocurrencia espacial de núcleos c-FOS positivos / núcleos DAPI,458,WATER_NPY1;E9_FR8-1;E8_FR6-1,E7_FR7-1;E7_FR7-5;E8_FR6-4,WATER_NPY2;WATER_NPY3;E8_FR6-3,0.189605069368,0.0594446852336,False,False,biological animal
cfos_occurrence,Ocurrencia espacial de núcleos c-FOS positivos / núcleos DAPI,459,WATER_NPY1;E9_FR8-1;E8_FR6-1,E7_FR7-1;E8_FR6-3;E8_FR6-4,WATER_NPY2;WATER_NPY3;E7_FR7-5,0.405926769959,0.119182471432,False,False,biological animal
cfos_occurrence,Ocurrencia espacial de núcleos c-FOS positivos / núcleos DAPI,460,WATER_NPY1;E9_FR8-1;E8_FR6-1,E7_FR7-5;E8_FR6-3;E8_FR6-4,WATER_NPY2;WATER_NPY3;E7_FR7-1,0.663057556957,0.18101204981,False,False,biological animal
cfos_occurrence,Ocurrencia espacial de núcleos c-FOS positivos / núcleos DAPI,461,WATER_NPY1;E9_FR8-1;E8_FR6-3,WATER_NPY2;WATER_NPY3;E7_FR7-1,E7_FR7-5;E8_FR6-1;E8_FR6-4,0.661501364802,0.180663967836,False,False,biological animal
cfos_occurrence,Ocurrencia espacial de núcleos c-FOS positivos / núcleos DAPI,462,WATER_NPY1;E9_FR8-1;E8_FR6-3,WATER_NPY2;WATER_NPY3;E7_FR7-5,E7_FR7-1;E8_FR6-1;E8_FR6-4,0.418499043524,0.122421869422,False,False,biological animal
cfos_occurrence,Ocurrencia espacial de núcleos c-FOS positivos / núcleos DAPI,463,WATER_NPY1;E9_FR8-1;E8_FR6-3,WATER_NPY2;WATER_NPY3;E8_FR6-1,E7_FR7-1;E7_FR7-5;E8_FR6-4,0.131620619059,0.0420295543648,False,False,biological animal
cfos_occurrence,Ocurrencia espacial de núcleos c-FOS positivos / núcleos DAPI,464,WATER_NPY1;E9_FR8-1;E8_FR6-3,WATER_NPY2;WATER_NPY3;E8_FR6-4,E7_FR7-1;E7_FR7-5;E8_FR6-1,0.526076158219,0.149195914839,False,False,biological animal
cfos_occurrence,Ocurrencia espacial de núcleos c-FOS positivos / núcleos DAPI,465,WATER_NPY1;E9_FR8-1;E8_FR6-3,WATER_NPY2;E7_FR7-1;E7_FR7-5,WATER_NPY3;E8_FR6-1;E8_FR6-4,0.365721387224,0.10866062432,False,False,biological animal
cfos_occurrence,Ocurrencia espacial de núcleos c-FOS positivos / núcleos DAPI,466,WATER_NPY1;E9_FR8-1;E8_FR6-3,WATER_NPY2;E7_FR7-1;E8_FR6-1,WATER_NPY3;E7_FR7-5;E8_FR6-4,0.245109779774,0.0755320455727,False,False,biological animal
cfos_occurrence,Ocurrencia espacial de núcleos c-FOS positivos / núcleos DAPI,467,WATER_NPY1;E9_FR8-1;E8_FR6-3,WATER_NPY2;E7_FR7-1;E8_FR6-4,WATER_NPY3;E7_FR7-5;E8_FR6-1,0.360501536943,0.107276111313,False,False,biological animal
cfos_occurrence,Ocurrencia espacial de núcleos c-FOS positivos / núcleos DAPI,468,WATER_NPY1;E9_FR8-1;E8_FR6-3,WATER_NPY2;E7_FR7-5;E8_FR6-1,WATER_NPY3;E7_FR7-1;E8_FR6-4,0.267223723291,0.0817892332827,False,False,biological animal
cfos_occurrence,Ocurrencia espacial de núcleos c-FOS positivos / núcleos DAPI,469,WATER_NPY1;E9_FR8-1;E8_FR6-3,WATER_NPY2;E7_FR7-5;E8_FR6-4,WATER_NPY3;E7_FR7-1;E8_FR6-1,0.790507026363,0.208549152096,False,False,biological animal
cfos_occurrence,Ocurrencia espacial de núcleos c-FOS positivos / núcleos DAPI,470,WATER_NPY1;E9_FR8-1;E8_FR6-3,WATER_NPY2;E8_FR6-1;E8_FR6-4,WATER_NPY3;E7_FR7-1;E7_FR7-5,3.11908417923,0.509730555729,False,False,biological animal
cfos_occurrence,Ocurrencia espacial de núcleos c-FOS positivos / núcleos DAPI,471,WATER_NPY1;E9_FR8-1;E8_FR6-3,WATER_NPY3;E7_FR7-1;E7_FR7-5,WATER_NPY2;E8_FR6-1;E8_FR6-4,3.11908417923,0.509730555729,False,False,biological animal
cfos_occurrence,Ocurrencia espacial de núcleos c-FOS positivos / núcleos DAPI,472,WATER_NPY1;E9_FR8-1;E8_FR6-3,WATER_NPY3;E7_FR7-1;E8_FR6-1,WATER_NPY2;E7_FR7-5;E8_FR6-4,0.790507026363,0.208549152096,False,False,biological animal
cfos_occurrence,Ocurrencia espacial de núcleos c-FOS positivos / núcleos DAPI,473,WATER_NPY1;E9_FR8-1;E8_FR6-3,WATER_NPY3;E7_FR7-1;E8_FR6-4,WATER_NPY2;E7_FR7-5;E8_FR6-1,0.267223723291,0.0817892332827,False,False,biological animal
cfos_occurrence,Ocurrencia espacial de núcleos c-FOS positivos / núcleos DAPI,474,WATER_NPY1;E9_FR8-1;E8_FR6-3,WATER_NPY3;E7_FR7-5;E8_FR6-1,WATER_NPY2;E7_FR7-1;E8_FR6-4,0.360501536943,0.107276111313,False,False,biological animal
cfos_occurrence,Ocurrencia espacial de núcleos c-FOS positivos / núcleos DAPI,475,WATER_NPY1;E9_FR8-1;E8_FR6-3,WATER_NPY3;E7_FR7-5;E8_FR6-4,WATER_NPY2;E7_FR7-1;E8_FR6-1,0.245109779774,0.0755320455727,False,False,biological animal
cfos_occurrence,Ocurrencia espacial de núcleos c-FOS positivos / núcleos DAPI,476,WATER_NPY1;E9_FR8-1;E8_FR6-3,WATER_NPY3;E8_FR6-1;E8_FR6-4,WATER_NPY2;E7_FR7-1;E7_FR7-5,0.365721387224,0.10866062432,False,False,biological animal
cfos_occurrence,Ocurrencia espacial de núcleos c-FOS positivos / núcleos DAPI,477,WATER_NPY1;E9_FR8-1;E8_FR6-3,E7_FR7-1;E7_FR7-5;E8_FR6-1,WATER_NPY2;WATER_NPY3;E8_FR6-4,0.526076158219,0.149195914839,False,False,biological animal
cfos_occurrence,Ocurrencia espacial de núcleos c-FOS positivos / núcleos DAPI,478,WATER_NPY1;E9_FR8-1;E8_FR6-3,E7_FR7-1;E7_FR7-5;E8_FR6-4,WATER_NPY2;WATER_NPY3;E8_FR6-1,0.131620619059,0.0420295543648,False,False,biological animal
cfos_occurrence,Ocurrencia espacial de núcleos c-FOS positivos / núcleos DAPI,479,WATER_NPY1;E9_FR8-1;E8_FR6-3,E7_FR7-1;E8_FR6-1;E8_FR6-4,WATER_NPY2;WATER_NPY3;E7_FR7-5,0.418499043524,0.122421869422,False,False,biological animal
cfos_occurrence,Ocurrencia espacial de núcleos c-FOS positivos / núcleos DAPI,480,WATER_NPY1;E9_FR8-1;E8_FR6-3,E7_FR7-5;E8_FR6-1;E8_FR6-4,WATER_NPY2;WATER_NPY3;E7_FR7-1,0.661501364802,0.180663967836,False,False,biological animal
cfos_occurrence,Ocurrencia espacial de núcleos c-FOS positivos / núcleos DAPI,481,WATER_NPY1;E9_FR8-1;E8_FR6-4,WATER_NPY2;WATER_NPY3;E7_FR7-1,E7_FR7-5;E8_FR6-1;E8_FR6-3,0.687430983768,0.186425450888,False,False,biological animal
cfos_occurrence,Ocurrencia espacial de núcleos c-FOS positivos / núcleos DAPI,482,WATER_NPY1;E9_FR8-1;E8_FR6-4,WATER_NPY2;WATER_NPY3;E7_FR7-5,E7_FR7-1;E8_FR6-1;E8_FR6-3,0.623642669873,0.172103799047,False,False,biological animal
cfos_occurrence,Ocurrencia espacial de núcleos c-FOS positivos / núcleos DAPI,483,WATER_NPY1;E9_FR8-1;E8_FR6-4,WATER_NPY2;WATER_NPY3;E8_FR6-1,E7_FR7-1;E7_FR7-5;E8_FR6-3,0.486719911971,0.13959248929,False,False,biological animal
cfos_occurrence,Ocurrencia espacial de núcleos c-FOS positivos / núcleos DAPI,484,WATER_NPY1;E9_FR8-1;E8_FR6-4,WATER_NPY2;WATER_NPY3;E8_FR6-3,E7_FR7-1;E7_FR7-5;E8_FR6-1,0.557235325147,0.156648428966,False,False,biological animal
cfos_occurrence,Ocurrencia espacial de núcleos c-FOS positivos / núcleos DAPI,485,WATER_NPY1;E9_FR8-1;E8_FR6-4,WATER_NPY2;E7_FR7-1;E7_FR7-5,WATER_NPY3;E8_FR6-1;E8_FR6-3,0.453996223712,0.131440856998,False,False,biological animal
cfos_occurrence,Ocurrencia espacial de núcleos c-FOS positivos / núcleos DAPI,486,WATER_NPY1;E9_FR8-1;E8_FR6-4,WATER_NPY2;E7_FR7-1;E8_FR6-1,WATER_NPY3;E7_FR7-5;E8_FR6-3,0.513675802969,0.146193283551,False,False,biological animal
cfos_occurrence,Ocurrencia espacial de núcleos c-FOS positivos / núcleos DAPI,487,WATER_NPY1;E9_FR8-1;E8_FR6-4,WATER_NPY2;E7_FR7-1;E8_FR6-3,WATER_NPY3;E7_FR7-5;E8_FR6-1,0.494997642906,0.141630322387,False,False,biological animal
cfos_occurrence,Ocurrencia espacial de núcleos c-FOS positivos / núcleos DAPI,488,WATER_NPY1;E9_FR8-1;E8_FR6-4,WATER_NPY2;E7_FR7-5;E8_FR6-1,WATER_NPY3;E7_FR7-1;E8_FR6-3,0.733065498218,0.196370917834,False,False,biological animal
cfos_occurrence,Ocurrencia espacial de núcleos c-FOS positivos / núcleos DAPI,489,WATER_NPY1;E9_FR8-1;E8_FR6-4,WATER_NPY2;E7_FR7-5;E8_FR6-3,WATER_NPY3;E7_FR7-1;E8_FR6-1,0.745238475137,0.198982916598,False,False,biological animal
cfos_occurrence,Ocurrencia espacial de núcleos c-FOS positivos / núcleos DAPI,490,WATER_NPY1;E9_FR8-1;E8_FR6-4,WATER_NPY2;E8_FR6-1;E8_FR6-3,WATER_NPY3;E7_FR7-1;E7_FR7-5,2.47728430003,0.45228331493,False,False,biological animal
cfos_occurrence,Ocurrencia espacial de núcleos c-FOS positivos / núcleos DAPI,491,WATER_NPY1;E9_FR8-1;E8_FR6-4,WATER_NPY3;E7_FR7-1;E7_FR7-5,WATER_NPY2;E8_FR6-1;E8_FR6-3,2.47728430003,0.45228331493,False,False,biological animal
cfos_occurrence,Ocurrencia espacial de núcleos c-FOS positivos / núcleos DAPI,492,WATER_NPY1;E9_FR8-1;E8_FR6-4,WATER_NPY3;E7_FR7-1;E8_FR6-1,WATER_NPY2;E7_FR7-5;E8_FR6-3,0.745238475137,0.198982916598,False,False,biological animal
cfos_occurrence,Ocurrencia espacial de núcleos c-FOS positivos / núcleos DAPI,493,WATER_NPY1;E9_FR8-1;E8_FR6-4,WATER_NPY3;E7_FR7-1;E8_FR6-3,WATER_NPY2;E7_FR7-5;E8_FR6-1,0.733065498218,0.196370917834,False,False,biological animal
cfos_occurrence,Ocurrencia espacial de núcleos c-FOS positivos / núcleos DAPI,494,WATER_NPY1;E9_FR8-1;E8_FR6-4,WATER_NPY3;E7_FR7-5;E8_FR6-1,WATER_NPY2;E7_FR7-1;E8_FR6-3,0.494997642906,0.141630322387,False,False,biological animal
cfos_occurrence,Ocurrencia espacial de núcleos c-FOS positivos / núcleos DAPI,495,WATER_NPY1;E9_FR8-1;E8_FR6-4,WATER_NPY3;E7_FR7-5;E8_FR6-3,WATER_NPY2;E7_FR7-1;E8_FR6-1,0.513675802969,0.146193283551,False,False,biological animal
cfos_occurrence,Ocurrencia espacial de núcleos c-FOS positivos / núcleos DAPI,496,WATER_NPY1;E9_FR8-1;E8_FR6-4,WATER_NPY3;E8_FR6-1;E8_FR6-3,WATER_NPY2;E7_FR7-1;E7_FR7-5,0.453996223712,0.131440856998,False,False,biological animal
cfos_occurrence,Ocurrencia espacial de núcleos c-FOS positivos / núcleos DAPI,497,WATER_NPY1;E9_FR8-1;E8_FR6-4,E7_FR7-1;E7_FR7-5;E8_FR6-1,WATER_NPY2;WATER_NPY3;E8_FR6-3,0.557235325147,0.156648428966,False,False,biological animal
cfos_occurrence,Ocurrencia espacial de núcleos c-FOS positivos / núcleos DAPI,498,WATER_NPY1;E9_FR8-1;E8_FR6-4,E7_FR7-1;E7_FR7-5;E8_FR6-3,WATER_NPY2;WATER_NPY3;E8_FR6-1,0.486719911971,0.13959248929,False,False,biological animal
cfos_occurrence,Ocurrencia espacial de núcleos c-FOS positivos / núcleos DAPI,499,WATER_NPY1;E9_FR8-1;E8_FR6-4,E7_FR7-1;E8_FR6-1;E8_FR6-3,WATER_NPY2;WATER_NPY3;E7_FR7-5,0.623642669873,0.172103799047,False,False,biological animal
cfos_occurrence,Ocurrencia espacial de núcleos c-FOS positivos / núcleos DAPI,500,WATER_NPY1;E9_FR8-1;E8_FR6-4,E7_FR7-5;E8_FR6-1;E8_FR6-3,WATER_NPY2;WATER_NPY3;E7_FR7-1,0.687430983768,0.186425450888,False,False,biological animal
cfos_occurrence,Ocurrencia espacial de núcleos c-FOS positivos / núcleos DAPI,501,WATER_NPY1;E8_FR6-1;E8_FR6-3,WATER_NPY2;WATER_NPY3;E7_FR7-1,E7_FR7-5;E9_FR8-1;E8_FR6-4,1.31310658005,0.304445660148,False,False,biological animal
cfos_occurrence,Ocurrencia espacial de núcleos c-FOS positivos / núcleos DAPI,502,WATER_NPY1;E8_FR6-1;E8_FR6-3,WATER_NPY2;WATER_NPY3;E7_FR7-5,E7_FR7-1;E9_FR8-1;E8_FR6-4,1.23858627872,0.292216837708,False,False,biological animal
cfos_occurrence,Ocurrencia espacial de núcleos c-FOS positivos / núcleos DAPI,503,WATER_NPY1;E8_FR6-1;E8_FR6-3,WATER_NPY2;WATER_NPY3;E9_FR8-1,E7_FR7-1;E7_FR7-5;E8_FR6-4,1.39932342318,0.318076960609,False,False,biological animal
cfos_occurrence,Ocurrencia espacial de núcleos c-FOS positivos / núcleos DAPI,504,WATER_NPY1;E8_FR6-1;E8_FR6-3,WATER_NPY2;WATER_NPY3;E8_FR6-4,E7_FR7-1;E7_FR7-5;E9_FR8-1,3.47280822577,0.536522650547,False,True,biological animal
cfos_occurrence,Ocurrencia espacial de núcleos c-FOS positivos / núcleos DAPI,505,WATER_NPY1;E8_FR6-1;E8_FR6-3,WATER_NPY2;E7_FR7-1;E7_FR7-5,WATER_NPY3;E9_FR8-1;E8_FR6-4,1.24960418953,0.294051900789,False,False,biological animal
cfos_occurrence,Ocurrencia espacial de núcleos c-FOS positivos / núcleos DAPI,506,WATER_NPY1;E8_FR6-1;E8_FR6-3,WATER_NPY2;E7_FR7-1;E9_FR8-1,WATER_NPY3;E7_FR7-5;E8_FR6-4,1.51795759587,0.335983143634,False,False,biological animal
cfos_occurrence,Ocurrencia espacial de núcleos c-FOS positivos / núcleos DAPI,507,WATER_NPY1;E8_FR6-1;E8_FR6-3,WATER_NPY2;E7_FR7-1;E8_FR6-4,WATER_NPY3;E7_FR7-5;E9_FR8-1,3.12493839459,0.510199155203,False,False,biological animal
cfos_occurrence,Ocurrencia espacial de núcleos c-FOS positivos / núcleos DAPI,508,WATER_NPY1;E8_FR6-1;E8_FR6-3,WATER_NPY2;E7_FR7-5;E9_FR8-1,WATER_NPY3;E7_FR7-1;E8_FR6-4,1.26273846259,0.29622705537,False,False,biological animal
cfos_occurrence,Ocurrencia espacial de núcleos c-FOS positivos / núcleos DAPI,509,WATER_NPY1;E8_FR6-1;E8_FR6-3,WATER_NPY2;E7_FR7-5;E8_FR6-4,WATER_NPY3;E7_FR7-1;E9_FR8-1,5.75875256203,0.65748547196,False,True,biological animal
cfos_occurrence,Ocurrencia espacial de núcleos c-FOS positivos / núcleos DAPI,510,WATER_NPY1;E8_FR6-1;E8_FR6-3,WATER_NPY2;E9_FR8-1;E8_FR6-4,WATER_NPY3;E7_FR7-1;E7_FR7-5,3.08071061455,0.506636610395,False,False,biological animal
cfos_occurrence,Ocurrencia espacial de núcleos c-FOS positivos / núcleos DAPI,511,WATER_NPY1;E8_FR6-1;E8_FR6-3,WATER_NPY3;E7_FR7-1;E7_FR7-5,WATER_NPY2;E9_FR8-1;E8_FR6-4,3.08071061455,0.506636610395,False,False,biological animal
cfos_occurrence,Ocurrencia espacial de núcleos c-FOS positivos / núcleos DAPI,512,WATER_NPY1;E8_FR6-1;E8_FR6-3,WATER_NPY3;E7_FR7-1;E9_FR8-1,WATER_NPY2;E7_FR7-5;E8_FR6-4,5.75875256203,0.65748547196,False,True,biological animal
cfos_occurrence,Ocurrencia espacial de núcleos c-FOS positivos / núcleos DAPI,513,WATER_NPY1;E8_FR6-1;E8_FR6-3,WATER_NPY3;E7_FR7-1;E8_FR6-4,WATER_NPY2;E7_FR7-5;E9_FR8-1,1.26273846259,0.29622705537,False,False,biological animal
cfos_occurrence,Ocurrencia espacial de núcleos c-FOS positivos / núcleos DAPI,514,WATER_NPY1;E8_FR6-1;E8_FR6-3,WATER_NPY3;E7_FR7-5;E9_FR8-1,WATER_NPY2;E7_FR7-1;E8_FR6-4,3.12493839459,0.510199155203,False,False,biological animal
cfos_occurrence,Ocurrencia espacial de núcleos c-FOS positivos / núcleos DAPI,515,WATER_NPY1;E8_FR6-1;E8_FR6-3,WATER_NPY3;E7_FR7-5;E8_FR6-4,WATER_NPY2;E7_FR7-1;E9_FR8-1,1.51795759587,0.335983143634,False,False,biological animal
cfos_occurrence,Ocurrencia espacial de núcleos c-FOS positivos / núcleos DAPI,516,WATER_NPY1;E8_FR6-1;E8_FR6-3,WATER_NPY3;E9_FR8-1;E8_FR6-4,WATER_NPY2;E7_FR7-1;E7_FR7-5,1.24960418953,0.294051900789,False,False,biological animal
cfos_occurrence,Ocurrencia espacial de núcleos c-FOS positivos / núcleos DAPI,517,WATER_NPY1;E8_FR6-1;E8_FR6-3,E7_FR7-1;E7_FR7-5;E9_FR8-1,WATER_NPY2;WATER_NPY3;E8_FR6-4,3.47280822577,0.536522650547,False,True,biological animal
cfos_occurrence,Ocurrencia espacial de núcleos c-FOS positivos / núcleos DAPI,518,WATER_NPY1;E8_FR6-1;E8_FR6-3,E7_FR7-1;E7_FR7-5;E8_FR6-4,WATER_NPY2;WATER_NPY3;E9_FR8-1,1.39932342318,0.318076960609,False,False,biological animal
cfos_occurrence,Ocurrencia espacial de núcleos c-FOS positivos / núcleos DAPI,519,WATER_NPY1;E8_FR6-1;E8_FR6-3,E7_FR7-1;E9_FR8-1;E8_FR6-4,WATER_NPY2;WATER_NPY3;E7_FR7-5,1.23858627872,0.292216837708,False,False,biological animal
cfos_occurrence,Ocurrencia espacial de núcleos c-FOS positivos / núcleos DAPI,520,WATER_NPY1;E8_FR6-1;E8_FR6-3,E7_FR7-5;E9_FR8-1;E8_FR6-4,WATER_NPY2;WATER_NPY3;E7_FR7-1,1.31310658005,0.304445660148,False,False,biological animal
cfos_occurrence,Ocurrencia espacial de núcleos c-FOS positivos / núcleos DAPI,521,WATER_NPY1;E8_FR6-1;E8_FR6-4,WATER_NPY2;WATER_NPY3;E7_FR7-1,E7_FR7-5;E9_FR8-1;E8_FR6-3,2.82384861788,0.484876720389,False,False,biological animal
cfos_occurrence,Ocurrencia espacial de núcleos c-FOS positivos / núcleos DAPI,522,WATER_NPY1;E8_FR6-1;E8_FR6-4,WATER_NPY2;WATER_NPY3;E7_FR7-5,E7_FR7-1;E9_FR8-1;E8_FR6-3,3.20563416981,0.516568344522,False,False,biological animal
cfos_occurrence,Ocurrencia espacial de núcleos c-FOS positivos / núcleos DAPI,523,WATER_NPY1;E8_FR6-1;E8_FR6-4,WATER_NPY2;WATER_NPY3;E9_FR8-1,E7_FR7-1;E7_FR7-5;E8_FR6-3,3.03590985048,0.502974684129,False,False,biological animal
cfos_occurrence,Ocurrencia espacial de núcleos c-FOS positivos / núcleos DAPI,524,WATER_NPY1;E8_FR6-1;E8_FR6-4,WATER_NPY2;WATER_NPY3;E8_FR6-3,E7_FR7-1;E7_FR7-5;E9_FR8-1,5.13691616194,0.631309953268,False,True,biological animal
cfos_occurrence,Ocurrencia espacial de núcleos c-FOS positivos / núcleos DAPI,525,WATER_NPY1;E8_FR6-1;E8_FR6-4,WATER_NPY2;E7_FR7-1;E7_FR7-5,WATER_NPY3;E9_FR8-1;E8_FR6-3,2.89972486214,0.491501710656,False,False,biological animal
cfos_occurrence,Ocurrencia espacial de núcleos c-FOS positivos / núcleos DAPI,526,WATER_NPY1;E8_FR6-1;E8_FR6-4,WATER_NPY2;E7_FR7-1;E9_FR8-1,WATER_NPY3;E7_FR7-5;E8_FR6-3,2.92860970017,0.493979170207,False,False,biological animal
cfos_occurrence,Ocurrencia espacial de núcleos c-FOS positivos / núcleos DAPI,527,WATER_NPY1;E8_FR6-1;E8_FR6-4,WATER_NPY2;E7_FR7-1;E8_FR6-3,WATER_NPY3;E7_FR7-5;E9_FR8-1,5.14969700025,0.631888154871,False,True,biological animal
cfos_occurrence,Ocurrencia espacial de núcleos c-FOS positivos / núcleos DAPI,528,WATER_NPY1;E8_FR6-1;E8_FR6-4,WATER_NPY2;E7_FR7-5;E9_FR8-1,WATER_NPY3;E7_FR7-1;E8_FR6-3,2.97780475188,0.498143528516,False,False,biological animal
cfos_occurrence,Ocurrencia espacial de núcleos c-FOS positivos / núcleos DAPI,529,WATER_NPY1;E8_FR6-1;E8_FR6-4,WATER_NPY2;E7_FR7-5;E8_FR6-3,WATER_NPY3;E7_FR7-1;E9_FR8-1,8.33161703644,0.735254025056,False,True,biological animal
cfos_occurrence,Ocurrencia espacial de núcleos c-FOS positivos / núcleos DAPI,530,WATER_NPY1;E8_FR6-1;E8_FR6-4,WATER_NPY2;E9_FR8-1;E8_FR6-3,WATER_NPY3;E7_FR7-1;E7_FR7-5,4.9757313762,0.623858946785,False,True,biological animal
cfos_occurrence,Ocurrencia espacial de núcleos c-FOS positivos / núcleos DAPI,531,WATER_NPY1;E8_FR6-1;E8_FR6-4,WATER_NPY3;E7_FR7-1;E7_FR7-5,WATER_NPY2;E9_FR8-1;E8_FR6-3,4.9757313762,0.623858946785,False,True,biological animal
cfos_occurrence,Ocurrencia espacial de núcleos c-FOS positivos / núcleos DAPI,532,WATER_NPY1;E8_FR6-1;E8_FR6-4,WATER_NPY3;E7_FR7-1;E9_FR8-1,WATER_NPY2;E7_FR7-5;E8_FR6-3,8.33161703644,0.735254025056,False,True,biological animal
cfos_occurrence,Ocurrencia espacial de núcleos c-FOS positivos / núcleos DAPI,533,WATER_NPY1;E8_FR6-1;E8_FR6-4,WATER_NPY3;E7_FR7-1;E8_FR6-3,WATER_NPY2;E7_FR7-5;E9_FR8-1,2.97780475188,0.498143528516,False,False,biological animal
cfos_occurrence,Ocurrencia espacial de núcleos c-FOS positivos / núcleos DAPI,534,WATER_NPY1;E8_FR6-1;E8_FR6-4,WATER_NPY3;E7_FR7-5;E9_FR8-1,WATER_NPY2;E7_FR7-1;E8_FR6-3,5.14969700025,0.631888154871,False,True,biological animal
cfos_occurrence,Ocurrencia espacial de núcleos c-FOS positivos / núcleos DAPI,535,WATER_NPY1;E8_FR6-1;E8_FR6-4,WATER_NPY3;E7_FR7-5;E8_FR6-3,WATER_NPY2;E7_FR7-1;E9_FR8-1,2.92860970017,0.493979170207,False,False,biological animal
cfos_occurrence,Ocurrencia espacial de núcleos c-FOS positivos / núcleos DAPI,536,WATER_NPY1;E8_FR6-1;E8_FR6-4,WATER_NPY3;E9_FR8-1;E8_FR6-3,WATER_NPY2;E7_FR7-1;E7_FR7-5,2.89972486214,0.491501710656,False,False,biological animal
cfos_occurrence,Ocurrencia espacial de núcleos c-FOS positivos / núcleos DAPI,537,WATER_NPY1;E8_FR6-1;E8_FR6-4,E7_FR7-1;E7_FR7-5;E9_FR8-1,WATER_NPY2;WATER_NPY3;E8_FR6-3,5.13691616194,0.631309953268,False,True,biological animal
cfos_occurrence,Ocurrencia espacial de núcleos c-FOS positivos / núcleos DAPI,538,WATER_NPY1;E8_FR6-1;E8_FR6-4,E7_FR7-1;E7_FR7-5;E8_FR6-3,WATER_NPY2;WATER_NPY3;E9_FR8-1,3.03590985048,0.502974684129,False,False,biological animal
cfos_occurrence,Ocurrencia espacial de núcleos c-FOS positivos / núcleos DAPI,539,WATER_NPY1;E8_FR6-1;E8_FR6-4,E7_FR7-1;E9_FR8-1;E8_FR6-3,WATER_NPY2;WATER_NPY3;E7_FR7-5,3.20563416981,0.516568344522,False,False,biological animal
cfos_occurrence,Ocurrencia espacial de núcleos c-FOS positivos / núcleos DAPI,540,WATER_NPY1;E8_FR6-1;E8_FR6-4,E7_FR7-5;E9_FR8-1;E8_FR6-3,WATER_NPY2;WATER_NPY3;E7_FR7-1,2.82384861788,0.484876720389,False,False,biological animal
cfos_occurrence,Ocurrencia espacial de núcleos c-FOS positivos / núcleos DAPI,541,WATER_NPY1;E8_FR6-3;E8_FR6-4,WATER_NPY2;WATER_NPY3;E7_FR7-1,E7_FR7-5;E9_FR8-1;E8_FR6-1,2.69084743854,0.472837739476,False,False,biological animal
cfos_occurrence,Ocurrencia espacial de núcleos c-FOS positivos / núcleos DAPI,542,WATER_NPY1;E8_FR6-3;E8_FR6-4,WATER_NPY2;WATER_NPY3;E7_FR7-5,E7_FR7-1;E9_FR8-1;E8_FR6-1,3.09900941067,0.508116843572,False,False,biological animal
cfos_occurrence,Ocurrencia espacial de núcleos c-FOS positivos / núcleos DAPI,543,WATER_NPY1;E8_FR6-3;E8_FR6-4,WATER_NPY2;WATER_NPY3;E9_FR8-1,E7_FR7-1;E7_FR7-5;E8_FR6-1,2.96148929739,0.496770043466,False,False,biological animal
cfos_occurrence,Ocurrencia espacial de núcleos c-FOS positivos / núcleos DAPI,544,WATER_NPY1;E8_FR6-3;E8_FR6-4,WATER_NPY2;WATER_NPY3;E8_FR6-1,E7_FR7-1;E7_FR7-5;E9_FR8-1,4.65402525931,0.608049372929,False,True,biological animal
cfos_occurrence,Ocurrencia espacial de núcleos c-FOS positivos / núcleos DAPI,545,WATER_NPY1;E8_FR6-3;E8_FR6-4,WATER_NPY2;E7_FR7-1;E7_FR7-5,WATER_NPY3;E9_FR8-1;E8_FR6-1,2.68441017905,0.472240759286,False,False,biological animal
cfos_occurrence,Ocurrencia espacial de núcleos c-FOS positivos / núcleos DAPI,546,WATER_NPY1;E8_FR6-3;E8_FR6-4,WATER_NPY2;E7_FR7-1;E9_FR8-1,WATER_NPY3;E7_FR7-5;E8_FR6-1,2.73575468914,0.476965079124,False,False,biological animal
cfos_occurrence,Ocurrencia espacial de núcleos c-FOS positivos / núcleos DAPI,547,WATER_NPY1;E8_FR6-3;E8_FR6-4,WATER_NPY2;E7_FR7-1;E8_FR6-1,WATER_NPY3;E7_FR7-5;E9_FR8-1,4.88305798699,0.619437024953,False,True,biological animal
cfos_occurrence,Ocurrencia espacial de núcleos c-FOS positivos / núcleos DAPI,548,WATER_NPY1;E8_FR6-3;E8_FR6-4,WATER_NPY2;E7_FR7-5;E9_FR8-1,WATER_NPY3;E7_FR7-1;E8_FR6-1,2.82204248749,0.484716917397,False,False,biological animal
cfos_occurrence,Ocurrencia espacial de núcleos c-FOS positivos / núcleos DAPI,549,WATER_NPY1;E8_FR6-3;E8_FR6-4,WATER_NPY2;E7_FR7-5;E8_FR6-1,WATER_NPY3;E7_FR7-1;E9_FR8-1,7.68434722602,0.719215415174,False,True,biological animal
cfos_occurrence,Ocurrencia espacial de núcleos c-FOS positivos / núcleos DAPI,550,WATER_NPY1;E8_FR6-3;E8_FR6-4,WATER_NPY2;E9_FR8-1;E8_FR6-1,WATER_NPY3;E7_FR7-1;E7_FR7-5,4.60597937041,0.605573476616,False,True,biological animal
cfos_occurrence,Ocurrencia espacial de núcleos c-FOS positivos / núcleos DAPI,551,WATER_NPY1;E8_FR6-3;E8_FR6-4,WATER_NPY3;E7_FR7-1;E7_FR7-5,WATER_NPY2;E9_FR8-1;E8_FR6-1,4.60597937041,0.605573476616,False,True,biological animal
cfos_occurrence,Ocurrencia espacial de núcleos c-FOS positivos / núcleos DAPI,552,WATER_NPY1;E8_FR6-3;E8_FR6-4,WATER_NPY3;E7_FR7-1;E9_FR8-1,WATER_NPY2;E7_FR7-5;E8_FR6-1,7.68434722602,0.719215415174,False,True,biological animal
cfos_occurrence,Ocurrencia espacial de núcleos c-FOS positivos / núcleos DAPI,553,WATER_NPY1;E8_FR6-3;E8_FR6-4,WATER_NPY3;E7_FR7-1;E8_FR6-1,WATER_NPY2;E7_FR7-5;E9_FR8-1,2.82204248749,0.484716917397,False,False,biological animal
cfos_occurrence,Ocurrencia espacial de núcleos c-FOS positivos / núcleos DAPI,554,WATER_NPY1;E8_FR6-3;E8_FR6-4,WATER_NPY3;E7_FR7-5;E9_FR8-1,WATER_NPY2;E7_FR7-1;E8_FR6-1,4.88305798699,0.619437024953,False,True,biological animal
cfos_occurrence,Ocurrencia espacial de núcleos c-FOS positivos / núcleos DAPI,555,WATER_NPY1;E8_FR6-3;E8_FR6-4,WATER_NPY3;E7_FR7-5;E8_FR6-1,WATER_NPY2;E7_FR7-1;E9_FR8-1,2.73575468914,0.476965079124,False,False,biological animal
cfos_occurrence,Ocurrencia espacial de núcleos c-FOS positivos / núcleos DAPI,556,WATER_NPY1;E8_FR6-3;E8_FR6-4,WATER_NPY3;E9_FR8-1;E8_FR6-1,WATER_NPY2;E7_FR7-1;E7_FR7-5,2.68441017905,0.472240759286,False,False,biological animal
cfos_occurrence,Ocurrencia espacial de núcleos c-FOS positivos / núcleos DAPI,557,WATER_NPY1;E8_FR6-3;E8_FR6-4,E7_FR7-1;E7_FR7-5;E9_FR8-1,WATER_NPY2;WATER_NPY3;E8_FR6-1,4.65402525931,0.608049372929,False,True,biological animal
cfos_occurrence,Ocurrencia espacial de núcleos c-FOS positivos / núcleos DAPI,558,WATER_NPY1;E8_FR6-3;E8_FR6-4,E7_FR7-1;E7_FR7-5;E8_FR6-1,WATER_NPY2;WATER_NPY3;E9_FR8-1,2.96148929739,0.496770043466,False,False,biological animal
cfos_occurrence,Ocurrencia espacial de núcleos c-FOS positivos / núcleos DAPI,559,WATER_NPY1;E8_FR6-3;E8_FR6-4,E7_FR7-1;E9_FR8-1;E8_FR6-1,WATER_NPY2;WATER_NPY3;E7_FR7-5,3.09900941067,0.508116843572,False,False,biological animal
cfos_occurrence,Ocurrencia espacial de núcleos c-FOS positivos / núcleos DAPI,560,WATER_NPY1;E8_FR6-3;E8_FR6-4,E7_FR7-5;E9_FR8-1;E8_FR6-1,WATER_NPY2;WATER_NPY3;E7_FR7-1,2.69084743854,0.472837739476,False,False,biological animal
cfos_occurrence,Ocurrencia espacial de núcleos c-FOS positivos / núcleos DAPI,561,WATER_NPY2;WATER_NPY3;E7_FR7-1,WATER_NPY1;E7_FR7-5;E9_FR8-1,E8_FR6-1;E8_FR6-3;E8_FR6-4,1.33001220707,0.307161306589,False,False,biological animal
cfos_occurrence,Ocurrencia espacial de núcleos c-FOS positivos / núcleos DAPI,562,WATER_NPY2;WATER_NPY3;E7_FR7-1,WATER_NPY1;E7_FR7-5;E8_FR6-1,E9_FR8-1;E8_FR6-3;E8_FR6-4,0.616850361487,0.170549041247,False,False,biological animal
cfos_occurrence,Ocurrencia espacial de núcleos c-FOS positivos / núcleos DAPI,563,WATER_NPY2;WATER_NPY3;E7_FR7-1,WATER_NPY1;E7_FR7-5;E8_FR6-3,E9_FR8-1;E8_FR6-1;E8_FR6-4,0.595860037579,0.1657072387,False,False,biological animal
cfos_occurrence,Ocurrencia espacial de núcleos c-FOS positivos / núcleos DAPI,564,WATER_NPY2;WATER_NPY3;E7_FR7-1,WATER_NPY1;E7_FR7-5;E8_FR6-4,E9_FR8-1;E8_FR6-1;E8_FR6-3,1.00200787854,0.25037628834,False,False,biological animal
cfos_occurrence,Ocurrencia espacial de núcleos c-FOS positivos / núcleos DAPI,565,WATER_NPY2;WATER_NPY3;E7_FR7-1,WATER_NPY1;E9_FR8-1;E8_FR6-1,E7_FR7-5;E8_FR6-3;E8_FR6-4,0.663057556957,0.18101204981,False,False,biological animal
cfos_occurrence,Ocurrencia espacial de núcleos c-FOS positivos / núcleos DAPI,566,WATER_NPY2;WATER_NPY3;E7_FR7-1,WATER_NPY1;E9_FR8-1;E8_FR6-3,E7_FR7-5;E8_FR6-1;E8_FR6-4,0.661501364802,0.180663967836,False,False,biological animal
cfos_occurrence,Ocurrencia espacial de núcleos c-FOS positivos / núcleos DAPI,567,WATER_NPY2;WATER_NPY3;E7_FR7-1,WATER_NPY1;E9_FR8-1;E8_FR6-4,E7_FR7-5;E8_FR6-1;E8_FR6-3,0.687430983768,0.186425450888,False,False,biological animal
cfos_occurrence,Ocurrencia espacial de núcleos c-FOS positivos / núcleos DAPI,568,WATER_NPY2;WATER_NPY3;E7_FR7-1,WATER_NPY1;E8_FR6-1;E8_FR6-3,E7_FR7-5;E9_FR8-1;E8_FR6-4,1.31310658005,0.304445660148,False,False,biological animal
cfos_occurrence,Ocurrencia espacial de núcleos c-FOS positivos / núcleos DAPI,569,WATER_NPY2;WATER_NPY3;E7_FR7-1,WATER_NPY1;E8_FR6-1;E8_FR6-4,E7_FR7-5;E9_FR8-1;E8_FR6-3,2.82384861788,0.484876720389,False,False,biological animal
cfos_occurrence,Ocurrencia espacial de núcleos c-FOS positivos / núcleos DAPI,570,WATER_NPY2;WATER_NPY3;E7_FR7-1,WATER_NPY1;E8_FR6-3;E8_FR6-4,E7_FR7-5;E9_FR8-1;E8_FR6-1,2.69084743854,0.472837739476,False,False,biological animal
cfos_occurrence,Ocurrencia espacial de núcleos c-FOS positivos / núcleos DAPI,571,WATER_NPY2;WATER_NPY3;E7_FR7-1,E7_FR7-5;E9_FR8-1;E8_FR6-1,WATER_NPY1;E8_FR6-3;E8_FR6-4,2.69084743854,0.472837739476,False,False,biological animal
cfos_occurrence,Ocurrencia espacial de núcleos c-FOS positivos / núcleos DAPI,572,WATER_NPY2;WATER_NPY3;E7_FR7-1,E7_FR7-5;E9_FR8-1;E8_FR6-3,WATER_NPY1;E8_FR6-1;E8_FR6-4,2.82384861788,0.484876720389,False,False,biological animal
cfos_occurrence,Ocurrencia espacial de núcleos c-FOS positivos / núcleos DAPI,573,WATER_NPY2;WATER_NPY3;E7_FR7-1,E7_FR7-5;E9_FR8-1;E8_FR6-4,WATER_NPY1;E8_FR6-1;E8_FR6-3,1.31310658005,0.304445660148,False,False,biological animal
cfos_occurrence,Ocurrencia espacial de núcleos c-FOS positivos / núcleos DAPI,574,WATER_NPY2;WATER_NPY3;E7_FR7-1,E7_FR7-5;E8_FR6-1;E8_FR6-3,WATER_NPY1;E9_FR8-1;E8_FR6-4,0.687430983768,0.186425450888,False,False,biological animal
cfos_occurrence,Ocurrencia espacial de núcleos c-FOS positivos / núcleos DAPI,575,WATER_NPY2;WATER_NPY3;E7_FR7-1,E7_FR7-5;E8_FR6-1;E8_FR6-4,WATER_NPY1;E9_FR8-1;E8_FR6-3,0.661501364802,0.180663967836,False,False,biological animal
cfos_occurrence,Ocurrencia espacial de núcleos c-FOS positivos / núcleos DAPI,576,WATER_NPY2;WATER_NPY3;E7_FR7-1,E7_FR7-5;E8_FR6-3;E8_FR6-4,WATER_NPY1;E9_FR8-1;E8_FR6-1,0.663057556957,0.18101204981,False,False,biological animal
cfos_occurrence,Ocurrencia espacial de núcleos c-FOS positivos / núcleos DAPI,577,WATER_NPY2;WATER_NPY3;E7_FR7-1,E9_FR8-1;E8_FR6-1;E8_FR6-3,WATER_NPY1;E7_FR7-5;E8_FR6-4,1.00200787854,0.25037628834,False,False,biological animal
cfos_occurrence,Ocurrencia espacial de núcleos c-FOS positivos / núcleos DAPI,578,WATER_NPY2;WATER_NPY3;E7_FR7-1,E9_FR8-1;E8_FR6-1;E8_FR6-4,WATER_NPY1;E7_FR7-5;E8_FR6-3,0.595860037579,0.1657072387,False,False,biological animal
cfos_occurrence,Ocurrencia espacial de núcleos c-FOS positivos / núcleos DAPI,579,WATER_NPY2;WATER_NPY3;E7_FR7-1,E9_FR8-1;E8_FR6-3;E8_FR6-4,WATER_NPY1;E7_FR7-5;E8_FR6-1,0.616850361487,0.170549041247,False,False,biological animal
cfos_occurrence,Ocurrencia espacial de núcleos c-FOS positivos / núcleos DAPI,580,WATER_NPY2;WATER_NPY3;E7_FR7-1,E8_FR6-1;E8_FR6-3;E8_FR6-4,WATER_NPY1;E7_FR7-5;E9_FR8-1,1.33001220707,0.307161306589,False,False,biological animal
cfos_occurrence,Ocurrencia espacial de núcleos c-FOS positivos / núcleos DAPI,581,WATER_NPY2;WATER_NPY3;E7_FR7-5,WATER_NPY1;E7_FR7-1;E9_FR8-1,E8_FR6-1;E8_FR6-3;E8_FR6-4,1.35682643911,0.311425405182,False,False,biological animal
cfos_occurrence,Ocurrencia espacial de núcleos c-FOS positivos / núcleos DAPI,582,WATER_NPY2;WATER_NPY3;E7_FR7-5,WATER_NPY1;E7_FR7-1;E8_FR6-1,E9_FR8-1;E8_FR6-3;E8_FR6-4,0.443525632717,0.128799863867,False,False,biological animal
cfos_occurrence,Ocurrencia espacial de núcleos c-FOS positivos / núcleos DAPI,583,WATER_NPY2;WATER_NPY3;E7_FR7-5,WATER_NPY1;E7_FR7-1;E8_FR6-3,E9_FR8-1;E8_FR6-1;E8_FR6-4,0.410527133828,0.120370581356,False,False,biological animal
cfos_occurrence,Ocurrencia espacial de núcleos c-FOS positivos / núcleos DAPI,584,WATER_NPY2;WATER_NPY3;E7_FR7-5,WATER_NPY1;E7_FR7-1;E8_FR6-4,E9_FR8-1;E8_FR6-1;E8_FR6-3,0.576193357023,0.161119184423,False,False,biological animal
cfos_occurrence,Ocurrencia espacial de núcleos c-FOS positivos / núcleos DAPI,585,WATER_NPY2;WATER_NPY3;E7_FR7-5,WATER_NPY1;E9_FR8-1;E8_FR6-1,E7_FR7-1;E8_FR6-3;E8_FR6-4,0.405926769959,0.119182471432,False,False,biological animal
cfos_occurrence,Ocurrencia espacial de núcleos c-FOS positivos / núcleos DAPI,586,WATER_NPY2;WATER_NPY3;E7_FR7-5,WATER_NPY1;E9_FR8-1;E8_FR6-3,E7_FR7-1;E8_FR6-1;E8_FR6-4,0.418499043524,0.122421869422,False,False,biological animal
cfos_occurrence,Ocurrencia espacial de núcleos c-FOS positivos / núcleos DAPI,587,WATER_NPY2;WATER_NPY3;E7_FR7-5,WATER_NPY1;E9_FR8-1;E8_FR6-4,E7_FR7-1;E8_FR6-1;E8_FR6-3,0.623642669873,0.172103799047,False,False,biological animal
cfos_occurrence,Ocurrencia espacial de núcleos c-FOS positivos / núcleos DAPI,588,WATER_NPY2;WATER_NPY3;E7_FR7-5,WATER_NPY1;E8_FR6-1;E8_FR6-3,E7_FR7-1;E9_FR8-1;E8_FR6-4,1.23858627872,0.292216837708,False,False,biological animal
cfos_occurrence,Ocurrencia espacial de núcleos c-FOS positivos / núcleos DAPI,589,WATER_NPY2;WATER_NPY3;E7_FR7-5,WATER_NPY1;E8_FR6-1;E8_FR6-4,E7_FR7-1;E9_FR8-1;E8_FR6-3,3.20563416981,0.516568344522,False,False,biological animal
cfos_occurrence,Ocurrencia espacial de núcleos c-FOS positivos / núcleos DAPI,590,WATER_NPY2;WATER_NPY3;E7_FR7-5,WATER_NPY1;E8_FR6-3;E8_FR6-4,E7_FR7-1;E9_FR8-1;E8_FR6-1,3.09900941067,0.508116843572,False,False,biological animal
cfos_occurrence,Ocurrencia espacial de núcleos c-FOS positivos / núcleos DAPI,591,WATER_NPY2;WATER_NPY3;E7_FR7-5,E7_FR7-1;E9_FR8-1;E8_FR6-1,WATER_NPY1;E8_FR6-3;E8_FR6-4,3.09900941067,0.508116843572,False,False,biological animal
cfos_occurrence,Ocurrencia espacial de núcleos c-FOS positivos / núcleos DAPI,592,WATER_NPY2;WATER_NPY3;E7_FR7-5,E7_FR7-1;E9_FR8-1;E8_FR6-3,WATER_NPY1;E8_FR6-1;E8_FR6-4,3.20563416981,0.516568344522,False,False,biological animal
cfos_occurrence,Ocurrencia espacial de núcleos c-FOS positivos / núcleos DAPI,593,WATER_NPY2;WATER_NPY3;E7_FR7-5,E7_FR7-1;E9_FR8-1;E8_FR6-4,WATER_NPY1;E8_FR6-1;E8_FR6-3,1.23858627872,0.292216837708,False,False,biological animal
cfos_occurrence,Ocurrencia espacial de núcleos c-FOS positivos / núcleos DAPI,594,WATER_NPY2;WATER_NPY3;E7_FR7-5,E7_FR7-1;E8_FR6-1;E8_FR6-3,WATER_NPY1;E9_FR8-1;E8_FR6-4,0.623642669873,0.172103799047,False,False,biological animal
cfos_occurrence,Ocurrencia espacial de núcleos c-FOS positivos / núcleos DAPI,595,WATER_NPY2;WATER_NPY3;E7_FR7-5,E7_FR7-1;E8_FR6-1;E8_FR6-4,WATER_NPY1;E9_FR8-1;E8_FR6-3,0.418499043524,0.122421869422,False,False,biological animal
cfos_occurrence,Ocurrencia espacial de núcleos c-FOS positivos / núcleos DAPI,596,WATER_NPY2;WATER_NPY3;E7_FR7-5,E7_FR7-1;E8_FR6-3;E8_FR6-4,WATER_NPY1;E9_FR8-1;E8_FR6-1,0.405926769959,0.119182471432,False,False,biological animal
cfos_occurrence,Ocurrencia espacial de núcleos c-FOS positivos / núcleos DAPI,597,WATER_NPY2;WATER_NPY3;E7_FR7-5,E9_FR8-1;E8_FR6-1;E8_FR6-3,WATER_NPY1;E7_FR7-1;E8_FR6-4,0.576193357023,0.161119184423,False,False,biological animal
cfos_occurrence,Ocurrencia espacial de núcleos c-FOS positivos / núcleos DAPI,598,WATER_NPY2;WATER_NPY3;E7_FR7-5,E9_FR8-1;E8_FR6-1;E8_FR6-4,WATER_NPY1;E7_FR7-1;E8_FR6-3,0.410527133828,0.120370581356,False,False,biological animal
cfos_occurrence,Ocurrencia espacial de núcleos c-FOS positivos / núcleos DAPI,599,WATER_NPY2;WATER_NPY3;E7_FR7-5,E9_FR8-1;E8_FR6-3;E8_FR6-4,WATER_NPY1;E7_FR7-1;E8_FR6-1,0.443525632717,0.128799863867,False,False,biological animal
cfos_occurrence,Ocurrencia espacial de núcleos c-FOS positivos / núcleos DAPI,600,WATER_NPY2;WATER_NPY3;E7_FR7-5,E8_FR6-1;E8_FR6-3;E8_FR6-4,WATER_NPY1;E7_FR7-1;E9_FR8-1,1.35682643911,0.311425405182,False,False,biological animal
cfos_occurrence,Ocurrencia espacial de núcleos c-FOS positivos / núcleos DAPI,601,WATER_NPY2;WATER_NPY3;E9_FR8-1,WATER_NPY1;E7_FR7-1;E7_FR7-5,E8_FR6-1;E8_FR6-3;E8_FR6-4,1.44165218653,0.324575659234,False,False,biological animal
cfos_occurrence,Ocurrencia espacial de núcleos c-FOS positivos / núcleos DAPI,602,WATER_NPY2;WATER_NPY3;E9_FR8-1,WATER_NPY1;E7_FR7-1;E8_FR6-1,E7_FR7-5;E8_FR6-3;E8_FR6-4,0.805156966352,0.211596255679,False,False,biological animal
cfos_occurrence,Ocurrencia espacial de núcleos c-FOS positivos / núcleos DAPI,603,WATER_NPY2;WATER_NPY3;E9_FR8-1,WATER_NPY1;E7_FR7-1;E8_FR6-3,E7_FR7-5;E8_FR6-1;E8_FR6-4,0.775550250318,0.205413833454,False,False,biological animal
cfos_occurrence,Ocurrencia espacial de núcleos c-FOS positivos / núcleos DAPI,604,WATER_NPY2;WATER_NPY3;E9_FR8-1,WATER_NPY1;E7_FR7-1;E8_FR6-4,E7_FR7-5;E8_FR6-1;E8_FR6-3,0.781712749304,0.206708653228,False,False,biological animal
cfos_occurrence,Ocurrencia espacial de núcleos c-FOS positivos / núcleos DAPI,605,WATER_NPY2;WATER_NPY3;E9_FR8-1,WATER_NPY1;E7_FR7-5;E8_FR6-1,E7_FR7-1;E8_FR6-3;E8_FR6-4,0.710647904935,0.191515854681,False,False,biological animal
cfos_occurrence,Ocurrencia espacial de núcleos c-FOS positivos / núcleos DAPI,606,WATER_NPY2;WATER_NPY3;E9_FR8-1,WATER_NPY1;E7_FR7-5;E8_FR6-3,E7_FR7-1;E8_FR6-1;E8_FR6-4,0.715208890974,0.192508392385,False,False,biological animal
cfos_occurrence,Ocurrencia espacial de núcleos c-FOS positivos / núcleos DAPI,607,WATER_NPY2;WATER_NPY3;E9_FR8-1,WATER_NPY1;E7_FR7-5;E8_FR6-4,E7_FR7-1;E8_FR6-1;E8_FR6-3,1.17620294084,0.281644105304,False,False,biological animal
cfos_occurrence,Ocurrencia espacial de núcleos c-FOS positivos / núcleos DAPI,608,WATER_NPY2;WATER_NPY3;E9_FR8-1,WATER_NPY1;E8_FR6-1;E8_FR6-3,E7_FR7-1;E7_FR7-5;E8_FR6-4,1.39932342318,0.318076960609,False,False,biological animal
cfos_occurrence,Ocurrencia espacial de núcleos c-FOS positivos / núcleos DAPI,609,WATER_NPY2;WATER_NPY3;E9_FR8-1,WATER_NPY1;E8_FR6-1;E8_FR6-4,E7_FR7-1;E7_FR7-5;E8_FR6-3,3.03590985048,0.502974684129,False,False,biological animal
cfos_occurrence,Ocurrencia espacial de núcleos c-FOS positivos / núcleos DAPI,610,WATER_NPY2;WATER_NPY3;E9_FR8-1,WATER_NPY1;E8_FR6-3;E8_FR6-4,E7_FR7-1;E7_FR7-5;E8_FR6-1,2.96148929739,0.496770043466,False,False,biological animal
cfos_occurrence,Ocurrencia espacial de núcleos c-FOS positivos / núcleos DAPI,611,WATER_NPY2;WATER_NPY3;E9_FR8-1,E7_FR7-1;E7_FR7-5;E8_FR6-1,WATER_NPY1;E8_FR6-3;E8_FR6-4,2.96148929739,0.496770043466,False,False,biological animal
cfos_occurrence,Ocurrencia espacial de núcleos c-FOS positivos / núcleos DAPI,612,WATER_NPY2;WATER_NPY3;E9_FR8-1,E7_FR7-1;E7_FR7-5;E8_FR6-3,WATER_NPY1;E8_FR6-1;E8_FR6-4,3.03590985048,0.502974684129,False,False,biological animal
cfos_occurrence,Ocurrencia espacial de núcleos c-FOS positivos / núcleos DAPI,613,WATER_NPY2;WATER_NPY3;E9_FR8-1,E7_FR7-1;E7_FR7-5;E8_FR6-4,WATER_NPY1;E8_FR6-1;E8_FR6-3,1.39932342318,0.318076960609,False,False,biological animal
cfos_occurrence,Ocurrencia espacial de núcleos c-FOS positivos / núcleos DAPI,614,WATER_NPY2;WATER_NPY3;E9_FR8-1,E7_FR7-1;E8_FR6-1;E8_FR6-3,WATER_NPY1;E7_FR7-5;E8_FR6-4,1.17620294084,0.281644105304,False,False,biological animal
cfos_occurrence,Ocurrencia espacial de núcleos c-FOS positivos / núcleos DAPI,615,WATER_NPY2;WATER_NPY3;E9_FR8-1,E7_FR7-1;E8_FR6-1;E8_FR6-4,WATER_NPY1;E7_FR7-5;E8_FR6-3,0.715208890974,0.192508392385,False,False,biological animal
cfos_occurrence,Ocurrencia espacial de núcleos c-FOS positivos / núcleos DAPI,616,WATER_NPY2;WATER_NPY3;E9_FR8-1,E7_FR7-1;E8_FR6-3;E8_FR6-4,WATER_NPY1;E7_FR7-5;E8_FR6-1,0.710647904935,0.191515854681,False,False,biological animal
cfos_occurrence,Ocurrencia espacial de núcleos c-FOS positivos / núcleos DAPI,617,WATER_NPY2;WATER_NPY3;E9_FR8-1,E7_FR7-5;E8_FR6-1;E8_FR6-3,WATER_NPY1;E7_FR7-1;E8_FR6-4,0.781712749304,0.206708653228,False,False,biological animal
cfos_occurrence,Ocurrencia espacial de núcleos c-FOS positivos / núcleos DAPI,618,WATER_NPY2;WATER_NPY3;E9_FR8-1,E7_FR7-5;E8_FR6-1;E8_FR6-4,WATER_NPY1;E7_FR7-1;E8_FR6-3,0.775550250318,0.205413833454,False,False,biological animal
cfos_occurrence,Ocurrencia espacial de núcleos c-FOS positivos / núcleos DAPI,619,WATER_NPY2;WATER_NPY3;E9_FR8-1,E7_FR7-5;E8_FR6-3;E8_FR6-4,WATER_NPY1;E7_FR7-1;E8_FR6-1,0.805156966352,0.211596255679,False,False,biological animal
cfos_occurrence,Ocurrencia espacial de núcleos c-FOS positivos / núcleos DAPI,620,WATER_NPY2;WATER_NPY3;E9_FR8-1,E8_FR6-1;E8_FR6-3;E8_FR6-4,WATER_NPY1;E7_FR7-1;E7_FR7-5,1.44165218653,0.324575659234,False,False,biological animal
cfos_occurrence,Ocurrencia espacial de núcleos c-FOS positivos / núcleos DAPI,621,WATER_NPY2;WATER_NPY3;E8_FR6-1,WATER_NPY1;E7_FR7-1;E7_FR7-5,E9_FR8-1;E8_FR6-3;E8_FR6-4,0.131893318319,0.0421129664755,False,False,biological animal
cfos_occurrence,Ocurrencia espacial de núcleos c-FOS positivos / núcleos DAPI,622,WATER_NPY2;WATER_NPY3;E8_FR6-1,WATER_NPY1;E7_FR7-1;E9_FR8-1,E7_FR7-5;E8_FR6-3;E8_FR6-4,0.377462143779,0.111759104236,False,False,biological animal
cfos_occurrence,Ocurrencia espacial de núcleos c-FOS positivos / núcleos DAPI,623,WATER_NPY2;WATER_NPY3;E8_FR6-1,WATER_NPY1;E7_FR7-1;E8_FR6-3,E7_FR7-5;E9_FR8-1;E8_FR6-4,0.168394193278,0.0531481195224,False,False,biological animal
cfos_occurrence,Ocurrencia espacial de núcleos c-FOS positivos / núcleos DAPI,624,WATER_NPY2;WATER_NPY3;E8_FR6-1,WATER_NPY1;E7_FR7-1;E8_FR6-4,E7_FR7-5;E9_FR8-1;E8_FR6-3,0.495597932486,0.14177772789,False,False,biological animal
cfos_occurrence,Ocurrencia espacial de núcleos c-FOS positivos / núcleos DAPI,625,WATER_NPY2;WATER_NPY3;E8_FR6-1,WATER_NPY1;E7_FR7-5;E9_FR8-1,E7_FR7-1;E8_FR6-3;E8_FR6-4,0.143551628229,0.0456654272638,False,False,biological animal
cfos_occurrence,Ocurrencia espacial de núcleos c-FOS positivos / núcleos DAPI,626,WATER_NPY2;WATER_NPY3;E8_FR6-1,WATER_NPY1;E7_FR7-5;E8_FR6-3,E7_FR7-1;E9_FR8-1;E8_FR6-4,0.28319512946,0.0862559544265,False,False,biological animal
cfos_occurrence,Ocurrencia espacial de núcleos c-FOS positivos / núcleos DAPI,627,WATER_NPY2;WATER_NPY3;E8_FR6-1,WATER_NPY1;E7_FR7-5;E8_FR6-4,E7_FR7-1;E9_FR8-1;E8_FR6-3,1.06904604698,0.26272645594,False,False,biological animal
cfos_occurrence,Ocurrencia espacial de núcleos c-FOS positivos / núcleos DAPI,628,WATER_NPY2;WATER_NPY3;E8_FR6-1,WATER_NPY1;E9_FR8-1;E8_FR6-3,E7_FR7-1;E7_FR7-5;E8_FR6-4,0.131620619059,0.0420295543648,False,False,biological animal
cfos_occurrence,Ocurrencia espacial de núcleos c-FOS positivos / núcleos DAPI,629,WATER_NPY2;WATER_NPY3;E8_FR6-1,WATER_NPY1;E9_FR8-1;E8_FR6-4,E7_FR7-1;E7_FR7-5;E8_FR6-3,0.486719911971,0.13959248929,False,False,biological animal
cfos_occurrence,Ocurrencia espacial de núcleos c-FOS positivos / núcleos DAPI,630,WATER_NPY2;WATER_NPY3;E8_FR6-1,WATER_NPY1;E8_FR6-3;E8_FR6-4,E7_FR7-1;E7_FR7-5;E9_FR8-1,4.65402525931,0.608049372929,False,True,biological animal
cfos_occurrence,Ocurrencia espacial de núcleos c-FOS positivos / núcleos DAPI,631,WATER_NPY2;WATER_NPY3;E8_FR6-1,E7_FR7-1;E7_FR7-5;E9_FR8-1,WATER_NPY1;E8_FR6-3;E8_FR6-4,4.65402525931,0.608049372929,False,True,biological animal
cfos_occurrence,Ocurrencia espacial de núcleos c-FOS positivos / núcleos DAPI,632,WATER_NPY2;WATER_NPY3;E8_FR6-1,E7_FR7-1;E7_FR7-5;E8_FR6-3,WATER_NPY1;E9_FR8-1;E8_FR6-4,0.486719911971,0.13959248929,False,False,biological animal
cfos_occurrence,Ocurrencia espacial de núcleos c-FOS positivos / núcleos DAPI,633,WATER_NPY2;WATER_NPY3;E8_FR6-1,E7_FR7-1;E7_FR7-5;E8_FR6-4,WATER_NPY1;E9_FR8-1;E8_FR6-3,0.131620619059,0.0420295543648,False,False,biological animal
cfos_occurrence,Ocurrencia espacial de núcleos c-FOS positivos / núcleos DAPI,634,WATER_NPY2;WATER_NPY3;E8_FR6-1,E7_FR7-1;E9_FR8-1;E8_FR6-3,WATER_NPY1;E7_FR7-5;E8_FR6-4,1.06904604698,0.26272645594,False,False,biological animal
cfos_occurrence,Ocurrencia espacial de núcleos c-FOS positivos / núcleos DAPI,635,WATER_NPY2;WATER_NPY3;E8_FR6-1,E7_FR7-1;E9_FR8-1;E8_FR6-4,WATER_NPY1;E7_FR7-5;E8_FR6-3,0.28319512946,0.0862559544265,False,False,biological animal
cfos_occurrence,Ocurrencia espacial de núcleos c-FOS positivos / núcleos DAPI,636,WATER_NPY2;WATER_NPY3;E8_FR6-1,E7_FR7-1;E8_FR6-3;E8_FR6-4,WATER_NPY1;E7_FR7-5;E9_FR8-1,0.143551628229,0.0456654272638,False,False,biological animal
cfos_occurrence,Ocurrencia espacial de núcleos c-FOS positivos / núcleos DAPI,637,WATER_NPY2;WATER_NPY3;E8_FR6-1,E7_FR7-5;E9_FR8-1;E8_FR6-3,WATER_NPY1;E7_FR7-1;E8_FR6-4,0.495597932486,0.14177772789,False,False,biological animal
cfos_occurrence,Ocurrencia espacial de núcleos c-FOS positivos / núcleos DAPI,638,WATER_NPY2;WATER_NPY3;E8_FR6-1,E7_FR7-5;E9_FR8-1;E8_FR6-4,WATER_NPY1;E7_FR7-1;E8_FR6-3,0.168394193278,0.0531481195224,False,False,biological animal
cfos_occurrence,Ocurrencia espacial de núcleos c-FOS positivos / núcleos DAPI,639,WATER_NPY2;WATER_NPY3;E8_FR6-1,E7_FR7-5;E8_FR6-3;E8_FR6-4,WATER_NPY1;E7_FR7-1;E9_FR8-1,0.377462143779,0.111759104236,False,False,biological animal
cfos_occurrence,Ocurrencia espacial de núcleos c-FOS positivos / núcleos DAPI,640,WATER_NPY2;WATER_NPY3;E8_FR6-1,E9_FR8-1;E8_FR6-3;E8_FR6-4,WATER_NPY1;E7_FR7-1;E7_FR7-5,0.131893318319,0.0421129664755,False,False,biological animal
cfos_occurrence,Ocurrencia espacial de núcleos c-FOS positivos / núcleos DAPI,641,WATER_NPY2;WATER_NPY3;E8_FR6-3,WATER_NPY1;E7_FR7-1;E7_FR7-5,E9_FR8-1;E8_FR6-1;E8_FR6-4,0.181110666939,0.0569331550835,False,False,biological animal
cfos_occurrence,Ocurrencia espacial de núcleos c-FOS positivos / núcleos DAPI,642,WATER_NPY2;WATER_NPY3;E8_FR6-3,WATER_NPY1;E7_FR7-1;E9_FR8-1,E7_FR7-5;E8_FR6-1;E8_FR6-4,0.443629547397,0.12882615313,False,False,biological animal
cfos_occurrence,Ocurrencia espacial de núcleos c-FOS positivos / núcleos DAPI,643,WATER_NPY2;WATER_NPY3;E8_FR6-3,WATER_NPY1;E7_FR7-1;E8_FR6-1,E7_FR7-5;E9_FR8-1;E8_FR6-4,0.248150903033,0.0763975906418,False,False,biological animal
cfos_occurrence,Ocurrencia espacial de núcleos c-FOS positivos / núcleos DAPI,644,WATER_NPY2;WATER_NPY3;E8_FR6-3,WATER_NPY1;E7_FR7-1;E8_FR6-4,E7_FR7-5;E9_FR8-1;E8_FR6-1,0.541909819848,0.152999327315,False,False,biological animal
cfos_occurrence,Ocurrencia espacial de núcleos c-FOS positivos / núcleos DAPI,645,WATER_NPY2;WATER_NPY3;E8_FR6-3,WATER_NPY1;E7_FR7-5;E9_FR8-1,E7_FR7-1;E8_FR6-1;E8_FR6-4,0.213092129014,0.0663199561224,False,False,biological animal
cfos_occurrence,Ocurrencia espacial de núcleos c-FOS positivos / núcleos DAPI,646,WATER_NPY2;WATER_NPY3;E8_FR6-3,WATER_NPY1;E7_FR7-5;E8_FR6-1,E7_FR7-1;E9_FR8-1;E8_FR6-4,0.355396728047,0.105917945582,False,False,biological animal
cfos_occurrence,Ocurrencia espacial de núcleos c-FOS positivos / núcleos DAPI,647,WATER_NPY2;WATER_NPY3;E8_FR6-3,WATER_NPY1;E7_FR7-5;E8_FR6-4,E7_FR7-1;E9_FR8-1;E8_FR6-1,1.15245336858,0.277535535329,False,False,biological animal
cfos_occurrence,Ocurrencia espacial de núcleos c-FOS positivos / núcleos DAPI,648,WATER_NPY2;WATER_NPY3;E8_FR6-3,WATER_NPY1;E9_FR8-1;E8_FR6-1,E7_FR7-1;E7_FR7-5;E8_FR6-4,0.189605069368,0.0594446852336,False,False,biological animal
cfos_occurrence,Ocurrencia espacial de núcleos c-FOS positivos / núcleos DAPI,649,WATER_NPY2;WATER_NPY3;E8_FR6-3,WATER_NPY1;E9_FR8-1;E8_FR6-4,E7_FR7-1;E7_FR7-5;E8_FR6-1,0.557235325147,0.156648428966,False,False,biological animal
cfos_occurrence,Ocurrencia espacial de núcleos c-FOS positivos / núcleos DAPI,650,WATER_NPY2;WATER_NPY3;E8_FR6-3,WATER_NPY1;E8_FR6-1;E8_FR6-4,E7_FR7-1;E7_FR7-5;E9_FR8-1,5.13691616194,0.631309953268,False,True,biological animal
cfos_occurrence,Ocurrencia espacial de núcleos c-FOS positivos / núcleos DAPI,651,WATER_NPY2;WATER_NPY3;E8_FR6-3,E7_FR7-1;E7_FR7-5;E9_FR8-1,WATER_NPY1;E8_FR6-1;E8_FR6-4,5.13691616194,0.631309953268,False,True,biological animal
cfos_occurrence,Ocurrencia espacial de núcleos c-FOS positivos / núcleos DAPI,652,WATER_NPY2;WATER_NPY3;E8_FR6-3,E7_FR7-1;E7_FR7-5;E8_FR6-1,WATER_NPY1;E9_FR8-1;E8_FR6-4,0.557235325147,0.156648428966,False,False,biological animal
cfos_occurrence,Ocurrencia espacial de núcleos c-FOS positivos / núcleos DAPI,653,WATER_NPY2;WATER_NPY3;E8_FR6-3,E7_FR7-1;E7_FR7-5;E8_FR6-4,WATER_NPY1;E9_FR8-1;E8_FR6-1,0.189605069368,0.0594446852336,False,False,biological animal
cfos_occurrence,Ocurrencia espacial de núcleos c-FOS positivos / núcleos DAPI,654,WATER_NPY2;WATER_NPY3;E8_FR6-3,E7_FR7-1;E9_FR8-1;E8_FR6-1,WATER_NPY1;E7_FR7-5;E8_FR6-4,1.15245336858,0.277535535329,False,False,biological animal
cfos_occurrence,Ocurrencia espacial de núcleos c-FOS positivos / núcleos DAPI,655,WATER_NPY2;WATER_NPY3;E8_FR6-3,E7_FR7-1;E9_FR8-1;E8_FR6-4,WATER_NPY1;E7_FR7-5;E8_FR6-1,0.355396728047,0.105917945582,False,False,biological animal
cfos_occurrence,Ocurrencia espacial de núcleos c-FOS positivos / núcleos DAPI,656,WATER_NPY2;WATER_NPY3;E8_FR6-3,E7_FR7-1;E8_FR6-1;E8_FR6-4,WATER_NPY1;E7_FR7-5;E9_FR8-1,0.213092129014,0.0663199561224,False,False,biological animal
cfos_occurrence,Ocurrencia espacial de núcleos c-FOS positivos / núcleos DAPI,657,WATER_NPY2;WATER_NPY3;E8_FR6-3,E7_FR7-5;E9_FR8-1;E8_FR6-1,WATER_NPY1;E7_FR7-1;E8_FR6-4,0.541909819848,0.152999327315,False,False,biological animal
cfos_occurrence,Ocurrencia espacial de núcleos c-FOS positivos / núcleos DAPI,658,WATER_NPY2;WATER_NPY3;E8_FR6-3,E7_FR7-5;E9_FR8-1;E8_FR6-4,WATER_NPY1;E7_FR7-1;E8_FR6-1,0.248150903033,0.0763975906418,False,False,biological animal
cfos_occurrence,Ocurrencia espacial de núcleos c-FOS positivos / núcleos DAPI,659,WATER_NPY2;WATER_NPY3;E8_FR6-3,E7_FR7-5;E8_FR6-1;E8_FR6-4,WATER_NPY1;E7_FR7-1;E9_FR8-1,0.443629547397,0.12882615313,False,False,biological animal
cfos_occurrence,Ocurrencia espacial de núcleos c-FOS positivos / núcleos DAPI,660,WATER_NPY2;WATER_NPY3;E8_FR6-3,E9_FR8-1;E8_FR6-1;E8_FR6-4,WATER_NPY1;E7_FR7-1;E7_FR7-5,0.181110666939,0.0569331550835,False,False,biological animal
cfos_occurrence,Ocurrencia espacial de núcleos c-FOS positivos / núcleos DAPI,661,WATER_NPY2;WATER_NPY3;E8_FR6-4,WATER_NPY1;E7_FR7-1;E7_FR7-5,E9_FR8-1;E8_FR6-1;E8_FR6-3,0.313803642557,0.0946959073032,False,False,biological animal
cfos_occurrence,Ocurrencia espacial de núcleos c-FOS positivos / núcleos DAPI,662,WATER_NPY2;WATER_NPY3;E8_FR6-4,WATER_NPY1;E7_FR7-1;E9_FR8-1,E7_FR7-5;E8_FR6-1;E8_FR6-3,0.436958085731,0.127135122056,False,False,biological animal
cfos_occurrence,Ocurrencia espacial de núcleos c-FOS positivos / núcleos DAPI,663,WATER_NPY2;WATER_NPY3;E8_FR6-4,WATER_NPY1;E7_FR7-1;E8_FR6-1,E7_FR7-5;E9_FR8-1;E8_FR6-3,0.58012891617,0.162041348162,False,False,biological animal
cfos_occurrence,Ocurrencia espacial de núcleos c-FOS positivos / núcleos DAPI,664,WATER_NPY2;WATER_NPY3;E8_FR6-4,WATER_NPY1;E7_FR7-1;E8_FR6-3,E7_FR7-5;E9_FR8-1;E8_FR6-1,0.529467723243,0.150013476467,False,False,biological animal
cfos_occurrence,Ocurrencia espacial de núcleos c-FOS positivos / núcleos DAPI,665,WATER_NPY2;WATER_NPY3;E8_FR6-4,WATER_NPY1;E7_FR7-5;E9_FR8-1,E7_FR7-1;E8_FR6-1;E8_FR6-3,0.365301346475,0.108549371621,False,False,biological animal
cfos_occurrence,Ocurrencia espacial de núcleos c-FOS positivos / núcleos DAPI,666,WATER_NPY2;WATER_NPY3;E8_FR6-4,WATER_NPY1;E7_FR7-5;E8_FR6-1,E7_FR7-1;E9_FR8-1;E8_FR6-3,0.92404179801,0.235482149675,False,False,biological animal
cfos_occurrence,Ocurrencia espacial de núcleos c-FOS positivos / núcleos DAPI,667,WATER_NPY2;WATER_NPY3;E8_FR6-4,WATER_NPY1;E7_FR7-5;E8_FR6-3,E7_FR7-1;E9_FR8-1;E8_FR6-1,0.899290365343,0.230629237908,False,False,biological animal
cfos_occurrence,Ocurrencia espacial de núcleos c-FOS positivos / núcleos DAPI,668,WATER_NPY2;WATER_NPY3;E8_FR6-4,WATER_NPY1;E9_FR8-1;E8_FR6-1,E7_FR7-1;E7_FR7-5;E8_FR6-3,0.527565420499,0.149555106033,False,False,biological animal
cfos_occurrence,Ocurrencia espacial de núcleos c-FOS positivos / núcleos DAPI,669,WATER_NPY2;WATER_NPY3;E8_FR6-4,WATER_NPY1;E9_FR8-1;E8_FR6-3,E7_FR7-1;E7_FR7-5;E8_FR6-1,0.526076158219,0.149195914839,False,False,biological animal
cfos_occurrence,Ocurrencia espacial de núcleos c-FOS positivos / núcleos DAPI,670,WATER_NPY2;WATER_NPY3;E8_FR6-4,WATER_NPY1;E8_FR6-1;E8_FR6-3,E7_FR7-1;E7_FR7-5;E9_FR8-1,3.47280822577,0.536522650547,False,True,biological animal
cfos_occurrence,Ocurrencia espacial de núcleos c-FOS positivos / núcleos DAPI,671,WATER_NPY2;WATER_NPY3;E8_FR6-4,E7_FR7-1;E7_FR7-5;E9_FR8-1,WATER_NPY1;E8_FR6-1;E8_FR6-3,3.47280822577,0.536522650547,False,True,biological animal
cfos_occurrence,Ocurrencia espacial de núcleos c-FOS positivos / núcleos DAPI,672,WATER_NPY2;WATER_NPY3;E8_FR6-4,E7_FR7-1;E7_FR7-5;E8_FR6-1,WATER_NPY1;E9_FR8-1;E8_FR6-3,0.526076158219,0.149195914839,False,False,biological animal
cfos_occurrence,Ocurrencia espacial de núcleos c-FOS positivos / núcleos DAPI,673,WATER_NPY2;WATER_NPY3;E8_FR6-4,E7_FR7-1;E7_FR7-5;E8_FR6-3,WATER_NPY1;E9_FR8-1;E8_FR6-1,0.527565420499,0.149555106033,False,False,biological animal
cfos_occurrence,Ocurrencia espacial de núcleos c-FOS positivos / núcleos DAPI,674,WATER_NPY2;WATER_NPY3;E8_FR6-4,E7_FR7-1;E9_FR8-1;E8_FR6-1,WATER_NPY1;E7_FR7-5;E8_FR6-3,0.899290365343,0.230629237908,False,False,biological animal
cfos_occurrence,Ocurrencia espacial de núcleos c-FOS positivos / núcleos DAPI,675,WATER_NPY2;WATER_NPY3;E8_FR6-4,E7_FR7-1;E9_FR8-1;E8_FR6-3,WATER_NPY1;E7_FR7-5;E8_FR6-1,0.92404179801,0.235482149675,False,False,biological animal
cfos_occurrence,Ocurrencia espacial de núcleos c-FOS positivos / núcleos DAPI,676,WATER_NPY2;WATER_NPY3;E8_FR6-4,E7_FR7-1;E8_FR6-1;E8_FR6-3,WATER_NPY1;E7_FR7-5;E9_FR8-1,0.365301346475,0.108549371621,False,False,biological animal
cfos_occurrence,Ocurrencia espacial de núcleos c-FOS positivos / núcleos DAPI,677,WATER_NPY2;WATER_NPY3;E8_FR6-4,E7_FR7-5;E9_FR8-1;E8_FR6-1,WATER_NPY1;E7_FR7-1;E8_FR6-3,0.529467723243,0.150013476467,False,False,biological animal
cfos_occurrence,Ocurrencia espacial de núcleos c-FOS positivos / núcleos DAPI,678,WATER_NPY2;WATER_NPY3;E8_FR6-4,E7_FR7-5;E9_FR8-1;E8_FR6-3,WATER_NPY1;E7_FR7-1;E8_FR6-1,0.58012891617,0.162041348162,False,False,biological animal
cfos_occurrence,Ocurrencia espacial de núcleos c-FOS positivos / núcleos DAPI,679,WATER_NPY2;WATER_NPY3;E8_FR6-4,E7_FR7-5;E8_FR6-1;E8_FR6-3,WATER_NPY1;E7_FR7-1;E9_FR8-1,0.436958085731,0.127135122056,False,False,biological animal
cfos_occurrence,Ocurrencia espacial de núcleos c-FOS positivos / núcleos DAPI,680,WATER_NPY2;WATER_NPY3;E8_FR6-4,E9_FR8-1;E8_FR6-1;E8_FR6-3,WATER_NPY1;E7_FR7-1;E7_FR7-5,0.313803642557,0.0946959073032,False,False,biological animal
cfos_occurrence,Ocurrencia espacial de núcleos c-FOS positivos / núcleos DAPI,681,WATER_NPY2;E7_FR7-1;E7_FR7-5,WATER_NPY1;WATER_NPY3;E9_FR8-1,E8_FR6-1;E8_FR6-3;E8_FR6-4,1.18722769021,0.283535498436,False,False,biological animal
cfos_occurrence,Ocurrencia espacial de núcleos c-FOS positivos / núcleos DAPI,682,WATER_NPY2;E7_FR7-1;E7_FR7-5,WATER_NPY1;WATER_NPY3;E8_FR6-1,E9_FR8-1;E8_FR6-3;E8_FR6-4,0.279812797598,0.0853136489383,False,False,biological animal
cfos_occurrence,Ocurrencia espacial de núcleos c-FOS positivos / núcleos DAPI,683,WATER_NPY2;E7_FR7-1;E7_FR7-5,WATER_NPY1;WATER_NPY3;E8_FR6-3,E9_FR8-1;E8_FR6-1;E8_FR6-4,0.288369689253,0.0876938168465,False,False,biological animal
cfos_occurrence,Ocurrencia espacial de núcleos c-FOS positivos / núcleos DAPI,684,WATER_NPY2;E7_FR7-1;E7_FR7-5,WATER_NPY1;WATER_NPY3;E8_FR6-4,E9_FR8-1;E8_FR6-1;E8_FR6-3,0.551742265565,0.155344116862,False,False,biological animal
cfos_occurrence,Ocurrencia espacial de núcleos c-FOS positivos / núcleos DAPI,685,WATER_NPY2;E7_FR7-1;E7_FR7-5,WATER_NPY1;E9_FR8-1;E8_FR6-1,WATER_NPY3;E8_FR6-3;E8_FR6-4,0.394550954731,0.11623067675,False,False,biological animal
cfos_occurrence,Ocurrencia espacial de núcleos c-FOS positivos / núcleos DAPI,686,WATER_NPY2;E7_FR7-1;E7_FR7-5,WATER_NPY1;E9_FR8-1;E8_FR6-3,WATER_NPY3;E8_FR6-1;E8_FR6-4,0.365721387224,0.10866062432,False,False,biological animal
cfos_occurrence,Ocurrencia espacial de núcleos c-FOS positivos / núcleos DAPI,687,WATER_NPY2;E7_FR7-1;E7_FR7-5,WATER_NPY1;E9_FR8-1;E8_FR6-4,WATER_NPY3;E8_FR6-1;E8_FR6-3,0.453996223712,0.131440856998,False,False,biological animal
cfos_occurrence,Ocurrencia espacial de núcleos c-FOS positivos / núcleos DAPI,688,WATER_NPY2;E7_FR7-1;E7_FR7-5,WATER_NPY1;E8_FR6-1;E8_FR6-3,WATER_NPY3;E9_FR8-1;E8_FR6-4,1.24960418953,0.294051900789,False,False,biological animal
cfos_occurrence,Ocurrencia espacial de núcleos c-FOS positivos / núcleos DAPI,689,WATER_NPY2;E7_FR7-1;E7_FR7-5,WATER_NPY1;E8_FR6-1;E8_FR6-4,WATER_NPY3;E9_FR8-1;E8_FR6-3,2.89972486214,0.491501710656,False,False,biological animal
cfos_occurrence,Ocurrencia espacial de núcleos c-FOS positivos / núcleos DAPI,690,WATER_NPY2;E7_FR7-1;E7_FR7-5,WATER_NPY1;E8_FR6-3;E8_FR6-4,WATER_NPY3;E9_FR8-1;E8_FR6-1,2.68441017905,0.472240759286,False,False,biological animal
cfos_occurrence,Ocurrencia espacial de núcleos c-FOS positivos / núcleos DAPI,691,WATER_NPY2;E7_FR7-1;E7_FR7-5,WATER_NPY3;E9_FR8-1;E8_FR6-1,WATER_NPY1;E8_FR6-3;E8_FR6-4,2.68441017905,0.472240759286,False,False,biological animal
cfos_occurrence,Ocurrencia espacial de núcleos c-FOS positivos / núcleos DAPI,692,WATER_NPY2;E7_FR7-1;E7_FR7-5,WATER_NPY3;E9_FR8-1;E8_FR6-3,WATER_NPY1;E8_FR6-1;E8_FR6-4,2.89972486214,0.491501710656,False,False,biological animal
cfos_occurrence,Ocurrencia espacial de núcleos c-FOS positivos / núcleos DAPI,693,WATER_NPY2;E7_FR7-1;E7_FR7-5,WATER_NPY3;E9_FR8-1;E8_FR6-4,WATER_NPY1;E8_FR6-1;E8_FR6-3,1.24960418953,0.294051900789,False,False,biological animal
cfos_occurrence,Ocurrencia espacial de núcleos c-FOS positivos / núcleos DAPI,694,WATER_NPY2;E7_FR7-1;E7_FR7-5,WATER_NPY3;E8_FR6-1;E8_FR6-3,WATER_NPY1;E9_FR8-1;E8_FR6-4,0.453996223712,0.131440856998,False,False,biological animal
cfos_occurrence,Ocurrencia espacial de núcleos c-FOS positivos / núcleos DAPI,695,WATER_NPY2;E7_FR7-1;E7_FR7-5,WATER_NPY3;E8_FR6-1;E8_FR6-4,WATER_NPY1;E9_FR8-1;E8_FR6-3,0.365721387224,0.10866062432,False,False,biological animal
cfos_occurrence,Ocurrencia espacial de núcleos c-FOS positivos / núcleos DAPI,696,WATER_NPY2;E7_FR7-1;E7_FR7-5,WATER_NPY3;E8_FR6-3;E8_FR6-4,WATER_NPY1;E9_FR8-1;E8_FR6-1,0.394550954731,0.11623067675,False,False,biological animal
cfos_occurrence,Ocurrencia espacial de núcleos c-FOS positivos / núcleos DAPI,697,WATER_NPY2;E7_FR7-1;E7_FR7-5,E9_FR8-1;E8_FR6-1;E8_FR6-3,WATER_NPY1;WATER_NPY3;E8_FR6-4,0.551742265565,0.155344116862,False,False,biological animal
cfos_occurrence,Ocurrencia espacial de núcleos c-FOS positivos / núcleos DAPI,698,WATER_NPY2;E7_FR7-1;E7_FR7-5,E9_FR8-1;E8_FR6-1;E8_FR6-4,WATER_NPY1;WATER_NPY3;E8_FR6-3,0.288369689253,0.0876938168465,False,False,biological animal
cfos_occurrence,Ocurrencia espacial de núcleos c-FOS positivos / núcleos DAPI,699,WATER_NPY2;E7_FR7-1;E7_FR7-5,E9_FR8-1;E8_FR6-3;E8_FR6-4,WATER_NPY1;WATER_NPY3;E8_FR6-1,0.279812797598,0.0853136489383,False,False,biological animal
cfos_occurrence,Ocurrencia espacial de núcleos c-FOS positivos / núcleos DAPI,700,WATER_NPY2;E7_FR7-1;E7_FR7-5,E8_FR6-1;E8_FR6-3;E8_FR6-4,WATER_NPY1;WATER_NPY3;E9_FR8-1,1.18722769021,0.283535498436,False,False,biological animal
cfos_occurrence,Ocurrencia espacial de núcleos c-FOS positivos / núcleos DAPI,701,WATER_NPY2;E7_FR7-1;E9_FR8-1,WATER_NPY1;WATER_NPY3;E7_FR7-5,E8_FR6-1;E8_FR6-3;E8_FR6-4,1.36526736996,0.312756872432,False,False,biological animal
cfos_occurrence,Ocurrencia espacial de núcleos c-FOS positivos / núcleos DAPI,702,WATER_NPY2;E7_FR7-1;E9_FR8-1,WATER_NPY1;WATER_NPY3;E8_FR6-1,E7_FR7-5;E8_FR6-3;E8_FR6-4,0.641420137624,0.176145600722,False,False,biological animal
cfos_occurrence,Ocurrencia espacial de núcleos c-FOS positivos / núcleos DAPI,703,WATER_NPY2;E7_FR7-1;E9_FR8-1,WATER_NPY1;WATER_NPY3;E8_FR6-3,E7_FR7-5;E8_FR6-1;E8_FR6-4,0.661987020813,0.180772628917,False,False,biological animal
cfos_occurrence,Ocurrencia espacial de núcleos c-FOS positivos / núcleos DAPI,704,WATER_NPY2;E7_FR7-1;E9_FR8-1,WATER_NPY1;WATER_NPY3;E8_FR6-4,E7_FR7-5;E8_FR6-1;E8_FR6-3,0.792519575512,0.208969145638,False,False,biological animal
cfos_occurrence,Ocurrencia espacial de núcleos c-FOS positivos / núcleos DAPI,705,WATER_NPY2;E7_FR7-1;E9_FR8-1,WATER_NPY1;E7_FR7-5;E8_FR6-1,WATER_NPY3;E8_FR6-3;E8_FR6-4,0.734128181386,0.196599619972,False,False,biological animal
cfos_occurrence,Ocurrencia espacial de núcleos c-FOS positivos / núcleos DAPI,706,WATER_NPY2;E7_FR7-1;E9_FR8-1,WATER_NPY1;E7_FR7-5;E8_FR6-3,WATER_NPY3;E8_FR6-1;E8_FR6-4,0.68905091759,0.186782707255,False,False,biological animal
cfos_occurrence,Ocurrencia espacial de núcleos c-FOS positivos / núcleos DAPI,707,WATER_NPY2;E7_FR7-1;E9_FR8-1,WATER_NPY1;E7_FR7-5;E8_FR6-4,WATER_NPY3;E8_FR6-1;E8_FR6-3,0.994762723466,0.249016723227,False,False,biological animal
cfos_occurrence,Ocurrencia espacial de núcleos c-FOS positivos / núcleos DAPI,708,WATER_NPY2;E7_FR7-1;E9_FR8-1,WATER_NPY1;E8_FR6-1;E8_FR6-3,WATER_NPY3;E7_FR7-5;E8_FR6-4,1.51795759587,0.335983143634,False,False,biological animal
cfos_occurrence,Ocurrencia espacial de núcleos c-FOS positivos / núcleos DAPI,709,WATER_NPY2;E7_FR7-1;E9_FR8-1,WATER_NPY1;E8_FR6-1;E8_FR6-4,WATER_NPY3;E7_FR7-5;E8_FR6-3,2.92860970017,0.493979170207,False,False,biological animal
cfos_occurrence,Ocurrencia espacial de núcleos c-FOS positivos / núcleos DAPI,710,WATER_NPY2;E7_FR7-1;E9_FR8-1,WATER_NPY1;E8_FR6-3;E8_FR6-4,WATER_NPY3;E7_FR7-5;E8_FR6-1,2.73575468914,0.476965079124,False,False,biological animal
cfos_occurrence,Ocurrencia espacial de núcleos c-FOS positivos / núcleos DAPI,711,WATER_NPY2;E7_FR7-1;E9_FR8-1,WATER_NPY3;E7_FR7-5;E8_FR6-1,WATER_NPY1;E8_FR6-3;E8_FR6-4,2.73575468914,0.476965079124,False,False,biological animal
cfos_occurrence,Ocurrencia espacial de núcleos c-FOS positivos / núcleos DAPI,712,WATER_NPY2;E7_FR7-1;E9_FR8-1,WATER_NPY3;E7_FR7-5;E8_FR6-3,WATER_NPY1;E8_FR6-1;E8_FR6-4,2.92860970017,0.493979170207,False,False,biological animal
cfos_occurrence,Ocurrencia espacial de núcleos c-FOS positivos / núcleos DAPI,713,WATER_NPY2;E7_FR7-1;E9_FR8-1,WATER_NPY3;E7_FR7-5;E8_FR6-4,WATER_NPY1;E8_FR6-1;E8_FR6-3,1.51795759587,0.335983143634,False,False,biological animal
cfos_occurrence,Ocurrencia espacial de núcleos c-FOS positivos / núcleos DAPI,714,WATER_NPY2;E7_FR7-1;E9_FR8-1,WATER_NPY3;E8_FR6-1;E8_FR6-3,WATER_NPY1;E7_FR7-5;E8_FR6-4,0.994762723466,0.249016723227,False,False,biological animal
cfos_occurrence,Ocurrencia espacial de núcleos c-FOS positivos / núcleos DAPI,715,WATER_NPY2;E7_FR7-1;E9_FR8-1,WATER_NPY3;E8_FR6-1;E8_FR6-4,WATER_NPY1;E7_FR7-5;E8_FR6-3,0.68905091759,0.186782707255,False,False,biological animal
cfos_occurrence,Ocurrencia espacial de núcleos c-FOS positivos / núcleos DAPI,716,WATER_NPY2;E7_FR7-1;E9_FR8-1,WATER_NPY3;E8_FR6-3;E8_FR6-4,WATER_NPY1;E7_FR7-5;E8_FR6-1,0.734128181386,0.196599619972,False,False,biological animal
cfos_occurrence,Ocurrencia espacial de núcleos c-FOS positivos / núcleos DAPI,717,WATER_NPY2;E7_FR7-1;E9_FR8-1,E7_FR7-5;E8_FR6-1;E8_FR6-3,WATER_NPY1;WATER_NPY3;E8_FR6-4,0.792519575512,0.208969145638,False,False,biological animal
cfos_occurrence,Ocurrencia espacial de núcleos c-FOS positivos / núcleos DAPI,718,WATER_NPY2;E7_FR7-1;E9_FR8-1,E7_FR7-5;E8_FR6-1;E8_FR6-4,WATER_NPY1;WATER_NPY3;E8_FR6-3,0.661987020813,0.180772628917,False,False,biological animal
cfos_occurrence,Ocurrencia espacial de núcleos c-FOS positivos / núcleos DAPI,719,WATER_NPY2;E7_FR7-1;E9_FR8-1,E7_FR7-5;E8_FR6-3;E8_FR6-4,WATER_NPY1;WATER_NPY3;E8_FR6-1,0.641420137624,0.176145600722,False,False,biological animal
cfos_occurrence,Ocurrencia espacial de núcleos c-FOS positivos / núcleos DAPI,720,WATER_NPY2;E7_FR7-1;E9_FR8-1,E8_FR6-1;E8_FR6-3;E8_FR6-4,WATER_NPY1;WATER_NPY3;E7_FR7-5,1.36526736996,0.312756872432,False,False,biological animal
cfos_occurrence,Ocurrencia espacial de núcleos c-FOS positivos / núcleos DAPI,721,WATER_NPY2;E7_FR7-1;E8_FR6-1,WATER_NPY1;WATER_NPY3;E7_FR7-5,E9_FR8-1;E8_FR6-3;E8_FR6-4,0.144293146453,0.0458904878559,False,False,biological animal
cfos_occurrence,Ocurrencia espacial de núcleos c-FOS positivos / núcleos DAPI,722,WATER_NPY2;E7_FR7-1;E8_FR6-1,WATER_NPY1;WATER_NPY3;E9_FR8-1,E7_FR7-5;E8_FR6-3;E8_FR6-4,0.361348551262,0.107501065644,False,False,biological animal
cfos_occurrence,Ocurrencia espacial de núcleos c-FOS positivos / núcleos DAPI,723,WATER_NPY2;E7_FR7-1;E8_FR6-1,WATER_NPY1;WATER_NPY3;E8_FR6-3,E7_FR7-5;E9_FR8-1;E8_FR6-4,0.138414181019,0.0441032231679,False,False,biological animal
cfos_occurrence,Ocurrencia espacial de núcleos c-FOS positivos / núcleos DAPI,724,WATER_NPY2;E7_FR7-1;E8_FR6-1,WATER_NPY1;WATER_NPY3;E8_FR6-4,E7_FR7-5;E9_FR8-1;E8_FR6-3,0.569875371707,0.159634528484,False,False,biological animal
cfos_occurrence,Ocurrencia espacial de núcleos c-FOS positivos / núcleos DAPI,725,WATER_NPY2;E7_FR7-1;E8_FR6-1,WATER_NPY1;E7_FR7-5;E9_FR8-1,WATER_NPY3;E8_FR6-3;E8_FR6-4,0.21318003862,0.0663455007368,False,False,biological animal
cfos_occurrence,Ocurrencia espacial de núcleos c-FOS positivos / núcleos DAPI,726,WATER_NPY2;E7_FR7-1;E8_FR6-1,WATER_NPY1;E7_FR7-5;E8_FR6-3,WATER_NPY3;E9_FR8-1;E8_FR6-4,0.377324431281,0.111722885663,False,False,biological animal
cfos_occurrence,Ocurrencia espacial de núcleos c-FOS positivos / núcleos DAPI,727,WATER_NPY2;E7_FR7-1;E8_FR6-1,WATER_NPY1;E7_FR7-5;E8_FR6-4,WATER_NPY3;E9_FR8-1;E8_FR6-3,1.06114288998,0.261291690229,False,False,biological animal
cfos_occurrence,Ocurrencia espacial de núcleos c-FOS positivos / núcleos DAPI,728,WATER_NPY2;E7_FR7-1;E8_FR6-1,WATER_NPY1;E9_FR8-1;E8_FR6-3,WATER_NPY3;E7_FR7-5;E8_FR6-4,0.245109779774,0.0755320455727,False,False,biological animal
cfos_occurrence,Ocurrencia espacial de núcleos c-FOS positivos / núcleos DAPI,729,WATER_NPY2;E7_FR7-1;E8_FR6-1,WATER_NPY1;E9_FR8-1;E8_FR6-4,WATER_NPY3;E7_FR7-5;E8_FR6-3,0.513675802969,0.146193283551,False,False,biological animal
cfos_occurrence,Ocurrencia espacial de núcleos c-FOS positivos / núcleos DAPI,730,WATER_NPY2;E7_FR7-1;E8_FR6-1,WATER_NPY1;E8_FR6-3;E8_FR6-4,WATER_NPY3;E7_FR7-5;E9_FR8-1,4.88305798699,0.619437024953,False,True,biological animal
cfos_occurrence,Ocurrencia espacial de núcleos c-FOS positivos / núcleos DAPI,731,WATER_NPY2;E7_FR7-1;E8_FR6-1,WATER_NPY3;E7_FR7-5;E9_FR8-1,WATER_NPY1;E8_FR6-3;E8_FR6-4,4.88305798699,0.619437024953,False,True,biological animal
cfos_occurrence,Ocurrencia espacial de núcleos c-FOS positivos / núcleos DAPI,732,WATER_NPY2;E7_FR7-1;E8_FR6-1,WATER_NPY3;E7_FR7-5;E8_FR6-3,WATER_NPY1;E9_FR8-1;E8_FR6-4,0.513675802969,0.146193283551,False,False,biological animal
cfos_occurrence,Ocurrencia espacial de núcleos c-FOS positivos / núcleos DAPI,733,WATER_NPY2;E7_FR7-1;E8_FR6-1,WATER_NPY3;E7_FR7-5;E8_FR6-4,WATER_NPY1;E9_FR8-1;E8_FR6-3,0.245109779774,0.0755320455727,False,False,biological animal
cfos_occurrence,Ocurrencia espacial de núcleos c-FOS positivos / núcleos DAPI,734,WATER_NPY2;E7_FR7-1;E8_FR6-1,WATER_NPY3;E9_FR8-1;E8_FR6-3,WATER_NPY1;E7_FR7-5;E8_FR6-4,1.06114288998,0.261291690229,False,False,biological animal
cfos_occurrence,Ocurrencia espacial de núcleos c-FOS positivos / núcleos DAPI,735,WATER_NPY2;E7_FR7-1;E8_FR6-1,WATER_NPY3;E9_FR8-1;E8_FR6-4,WATER_NPY1;E7_FR7-5;E8_FR6-3,0.377324431281,0.111722885663,False,False,biological animal
cfos_occurrence,Ocurrencia espacial de núcleos c-FOS positivos / núcleos DAPI,736,WATER_NPY2;E7_FR7-1;E8_FR6-1,WATER_NPY3;E8_FR6-3;E8_FR6-4,WATER_NPY1;E7_FR7-5;E9_FR8-1,0.21318003862,0.0663455007368,False,False,biological animal
cfos_occurrence,Ocurrencia espacial de núcleos c-FOS positivos / núcleos DAPI,737,WATER_NPY2;E7_FR7-1;E8_FR6-1,E7_FR7-5;E9_FR8-1;E8_FR6-3,WATER_NPY1;WATER_NPY3;E8_FR6-4,0.569875371707,0.159634528484,False,False,biological animal
cfos_occurrence,Ocurrencia espacial de núcleos c-FOS positivos / núcleos DAPI,738,WATER_NPY2;E7_FR7-1;E8_FR6-1,E7_FR7-5;E9_FR8-1;E8_FR6-4,WATER_NPY1;WATER_NPY3;E8_FR6-3,0.138414181019,0.0441032231679,False,False,biological animal
cfos_occurrence,Ocurrencia espacial de núcleos c-FOS positivos / núcleos DAPI,739,WATER_NPY2;E7_FR7-1;E8_FR6-1,E7_FR7-5;E8_FR6-3;E8_FR6-4,WATER_NPY1;WATER_NPY3;E9_FR8-1,0.361348551262,0.107501065644,False,False,biological animal
cfos_occurrence,Ocurrencia espacial de núcleos c-FOS positivos / núcleos DAPI,740,WATER_NPY2;E7_FR7-1;E8_FR6-1,E9_FR8-1;E8_FR6-3;E8_FR6-4,WATER_NPY1;WATER_NPY3;E7_FR7-5,0.144293146453,0.0458904878559,False,False,biological animal
cfos_occurrence,Ocurrencia espacial de núcleos c-FOS positivos / núcleos DAPI,741,WATER_NPY2;E7_FR7-1;E8_FR6-3,WATER_NPY1;WATER_NPY3;E7_FR7-5,E9_FR8-1;E8_FR6-1;E8_FR6-4,0.157566436497,0.0499012260442,False,False,biological animal
cfos_occurrence,Ocurrencia espacial de núcleos c-FOS positivos / núcleos DAPI,742,WATER_NPY2;E7_FR7-1;E8_FR6-3,WATER_NPY1;WATER_NPY3;E9_FR8-1,E7_FR7-5;E8_FR6-1;E8_FR6-4,0.385082458401,0.113758664119,False,False,biological animal
cfos_occurrence,Ocurrencia espacial de núcleos c-FOS positivos / núcleos DAPI,743,WATER_NPY2;E7_FR7-1;E8_FR6-3,WATER_NPY1;WATER_NPY3;E8_FR6-1,E7_FR7-5;E9_FR8-1;E8_FR6-4,0.143776840678,0.0457337934479,False,False,biological animal
cfos_occurrence,Ocurrencia espacial de núcleos c-FOS positivos / núcleos DAPI,744,WATER_NPY2;E7_FR7-1;E8_FR6-3,WATER_NPY1;WATER_NPY3;E8_FR6-4,E7_FR7-5;E9_FR8-1;E8_FR6-1,0.571627041168,0.160046677489,False,False,biological animal
cfos_occurrence,Ocurrencia espacial de núcleos c-FOS positivos / núcleos DAPI,745,WATER_NPY2;E7_FR7-1;E8_FR6-3,WATER_NPY1;E7_FR7-5;E9_FR8-1,WATER_NPY3;E8_FR6-1;E8_FR6-4,0.209864568653,0.0653811287561,False,False,biological animal
cfos_occurrence,Ocurrencia espacial de núcleos c-FOS positivos / núcleos DAPI,746,WATER_NPY2;E7_FR7-1;E8_FR6-3,WATER_NPY1;E7_FR7-5;E8_FR6-1,WATER_NPY3;E9_FR8-1;E8_FR6-4,0.411321550538,0.120575426398,False,False,biological animal
cfos_occurrence,Ocurrencia espacial de núcleos c-FOS positivos / núcleos DAPI,747,WATER_NPY2;E7_FR7-1;E8_FR6-3,WATER_NPY1;E7_FR7-5;E8_FR6-4,WATER_NPY3;E9_FR8-1;E8_FR6-1,1.02404700082,0.254481868778,False,False,biological animal
cfos_occurrence,Ocurrencia espacial de núcleos c-FOS positivos / núcleos DAPI,748,WATER_NPY2;E7_FR7-1;E8_FR6-3,WATER_NPY1;E9_FR8-1;E8_FR6-1,WATER_NPY3;E7_FR7-5;E8_FR6-4,0.26846421849,0.0821377260218,False,False,biological animal
cfos_occurrence,Ocurrencia espacial de núcleos c-FOS positivos / núcleos DAPI,749,WATER_NPY2;E7_FR7-1;E8_FR6-3,WATER_NPY1;E9_FR8-1;E8_FR6-4,WATER_NPY3;E7_FR7-5;E8_FR6-1,0.494997642906,0.141630322387,False,False,biological animal
cfos_occurrence,Ocurrencia espacial de núcleos c-FOS positivos / núcleos DAPI,750,WATER_NPY2;E7_FR7-1;E8_FR6-3,WATER_NPY1;E8_FR6-1;E8_FR6-4,WATER_NPY3;E7_FR7-5;E9_FR8-1,5.14969700025,0.631888154871,False,True,biological animal
cfos_occurrence,Ocurrencia espacial de núcleos c-FOS positivos / núcleos DAPI,751,WATER_NPY2;E7_FR7-1;E8_FR6-3,WATER_NPY3;E7_FR7-5;E9_FR8-1,WATER_NPY1;E8_FR6-1;E8_FR6-4,5.14969700025,0.631888154871,False,True,biological animal
cfos_occurrence,Ocurrencia espacial de núcleos c-FOS positivos / núcleos DAPI,752,WATER_NPY2;E7_FR7-1;E8_FR6-3,WATER_NPY3;E7_FR7-5;E8_FR6-1,WATER_NPY1;E9_FR8-1;E8_FR6-4,0.494997642906,0.141630322387,False,False,biological animal
cfos_occurrence,Ocurrencia espacial de núcleos c-FOS positivos / núcleos DAPI,753,WATER_NPY2;E7_FR7-1;E8_FR6-3,WATER_NPY3;E7_FR7-5;E8_FR6-4,WATER_NPY1;E9_FR8-1;E8_FR6-1,0.26846421849,0.0821377260218,False,False,biological animal
cfos_occurrence,Ocurrencia espacial de núcleos c-FOS positivos / núcleos DAPI,754,WATER_NPY2;E7_FR7-1;E8_FR6-3,WATER_NPY3;E9_FR8-1;E8_FR6-1,WATER_NPY1;E7_FR7-5;E8_FR6-4,1.02404700082,0.254481868778,False,False,biological animal
cfos_occurrence,Ocurrencia espacial de núcleos c-FOS positivos / núcleos DAPI,755,WATER_NPY2;E7_FR7-1;E8_FR6-3,WATER_NPY3;E9_FR8-1;E8_FR6-4,WATER_NPY1;E7_FR7-5;E8_FR6-1,0.411321550538,0.120575426398,False,False,biological animal
cfos_occurrence,Ocurrencia espacial de núcleos c-FOS positivos / núcleos DAPI,756,WATER_NPY2;E7_FR7-1;E8_FR6-3,WATER_NPY3;E8_FR6-1;E8_FR6-4,WATER_NPY1;E7_FR7-5;E9_FR8-1,0.209864568653,0.0653811287561,False,False,biological animal
cfos_occurrence,Ocurrencia espacial de núcleos c-FOS positivos / núcleos DAPI,757,WATER_NPY2;E7_FR7-1;E8_FR6-3,E7_FR7-5;E9_FR8-1;E8_FR6-1,WATER_NPY1;WATER_NPY3;E8_FR6-4,0.571627041168,0.160046677489,False,False,biological animal
cfos_occurrence,Ocurrencia espacial de núcleos c-FOS positivos / núcleos DAPI,758,WATER_NPY2;E7_FR7-1;E8_FR6-3,E7_FR7-5;E9_FR8-1;E8_FR6-4,WATER_NPY1;WATER_NPY3;E8_FR6-1,0.143776840678,0.0457337934479,False,False,biological animal
cfos_occurrence,Ocurrencia espacial de núcleos c-FOS positivos / núcleos DAPI,759,WATER_NPY2;E7_FR7-1;E8_FR6-3,E7_FR7-5;E8_FR6-1;E8_FR6-4,WATER_NPY1;WATER_NPY3;E9_FR8-1,0.385082458401,0.113758664119,False,False,biological animal
cfos_occurrence,Ocurrencia espacial de núcleos c-FOS positivos / núcleos DAPI,760,WATER_NPY2;E7_FR7-1;E8_FR6-3,E9_FR8-1;E8_FR6-1;E8_FR6-4,WATER_NPY1;WATER_NPY3;E7_FR7-5,0.157566436497,0.0499012260442,False,False,biological animal
cfos_occurrence,Ocurrencia espacial de núcleos c-FOS positivos / núcleos DAPI,761,WATER_NPY2;E7_FR7-1;E8_FR6-4,WATER_NPY1;WATER_NPY3;E7_FR7-5,E9_FR8-1;E8_FR6-1;E8_FR6-3,0.194079560821,0.0607622813162,False,False,biological animal
cfos_occurrence,Ocurrencia espacial de núcleos c-FOS positivos / núcleos DAPI,762,WATER_NPY2;E7_FR7-1;E8_FR6-4,WATER_NPY1;WATER_NPY3;E9_FR8-1,E7_FR7-5;E8_FR6-1;E8_FR6-3,0.279283225639,0.0851659360971,False,False,biological animal
cfos_occurrence,Ocurrencia espacial de núcleos c-FOS positivos / núcleos DAPI,763,WATER_NPY2;E7_FR7-1;E8_FR6-4,WATER_NPY1;WATER_NPY3;E8_FR6-1,E7_FR7-5;E9_FR8-1;E8_FR6-3,0.349993423928,0.10447585402,False,False,biological animal
cfos_occurrence,Ocurrencia espacial de núcleos c-FOS positivos / núcleos DAPI,764,WATER_NPY2;E7_FR7-1;E8_FR6-4,WATER_NPY1;WATER_NPY3;E8_FR6-3,E7_FR7-5;E9_FR8-1;E8_FR6-1,0.345441723799,0.103257432746,False,False,biological animal
cfos_occurrence,Ocurrencia espacial de núcleos c-FOS positivos / núcleos DAPI,765,WATER_NPY2;E7_FR7-1;E8_FR6-4,WATER_NPY1;E7_FR7-5;E9_FR8-1,WATER_NPY3;E8_FR6-1;E8_FR6-3,0.170601005005,0.0538071503592,False,False,biological animal
cfos_occurrence,Ocurrencia espacial de núcleos c-FOS positivos / núcleos DAPI,766,WATER_NPY2;E7_FR7-1;E8_FR6-4,WATER_NPY1;E7_FR7-5;E8_FR6-1,WATER_NPY3;E9_FR8-1;E8_FR6-3,0.732904401827,0.196336236596,False,False,biological animal
cfos_occurrence,Ocurrencia espacial de núcleos c-FOS positivos / núcleos DAPI,767,WATER_NPY2;E7_FR7-1;E8_FR6-4,WATER_NPY1;E7_FR7-5;E8_FR6-3,WATER_NPY3;E9_FR8-1;E8_FR6-1,0.661545636469,0.18067387441,False,False,biological animal
cfos_occurrence,Ocurrencia espacial de núcleos c-FOS positivos / núcleos DAPI,768,WATER_NPY2;E7_FR7-1;E8_FR6-4,WATER_NPY1;E9_FR8-1;E8_FR6-1,WATER_NPY3;E7_FR7-5;E8_FR6-3,0.403076562649,0.118444752925,False,False,biological animal
cfos_occurrence,Ocurrencia espacial de núcleos c-FOS positivos / núcleos DAPI,769,WATER_NPY2;E7_FR7-1;E8_FR6-4,WATER_NPY1;E9_FR8-1;E8_FR6-3,WATER_NPY3;E7_FR7-5;E8_FR6-1,0.360501536943,0.107276111313,False,False,biological animal
cfos_occurrence,Ocurrencia espacial de núcleos c-FOS positivos / núcleos DAPI,770,WATER_NPY2;E7_FR7-1;E8_FR6-4,WATER_NPY1;E8_FR6-1;E8_FR6-3,WATER_NPY3;E7_FR7-5;E9_FR8-1,3.12493839459,0.510199155203,False,False,biological animal
cfos_occurrence,Ocurrencia espacial de núcleos c-FOS positivos / núcleos DAPI,771,WATER_NPY2;E7_FR7-1;E8_FR6-4,WATER_NPY3;E7_FR7-5;E9_FR8-1,WATER_NPY1;E8_FR6-1;E8_FR6-3,3.12493839459,0.510199155203,False,False,biological animal
cfos_occurrence,Ocurrencia espacial de núcleos c-FOS positivos / núcleos DAPI,772,WATER_NPY2;E7_FR7-1;E8_FR6-4,WATER_NPY3;E7_FR7-5;E8_FR6-1,WATER_NPY1;E9_FR8-1;E8_FR6-3,0.360501536943,0.107276111313,False,False,biological animal
cfos_occurrence,Ocurrencia espacial de núcleos c-FOS positivos / núcleos DAPI,773,WATER_NPY2;E7_FR7-1;E8_FR6-4,WATER_NPY3;E7_FR7-5;E8_FR6-3,WATER_NPY1;E9_FR8-1;E8_FR6-1,0.403076562649,0.118444752925,False,False,biological animal
cfos_occurrence,Ocurrencia espacial de núcleos c-FOS positivos / núcleos DAPI,774,WATER_NPY2;E7_FR7-1;E8_FR6-4,WATER_NPY3;E9_FR8-1;E8_FR6-1,WATER_NPY1;E7_FR7-5;E8_FR6-3,0.661545636469,0.18067387441,False,False,biological animal
cfos_occurrence,Ocurrencia espacial de núcleos c-FOS positivos / núcleos DAPI,775,WATER_NPY2;E7_FR7-1;E8_FR6-4,WATER_NPY3;E9_FR8-1;E8_FR6-3,WATER_NPY1;E7_FR7-5;E8_FR6-1,0.732904401827,0.196336236596,False,False,biological animal
cfos_occurrence,Ocurrencia espacial de núcleos c-FOS positivos / núcleos DAPI,776,WATER_NPY2;E7_FR7-1;E8_FR6-4,WATER_NPY3;E8_FR6-1;E8_FR6-3,WATER_NPY1;E7_FR7-5;E9_FR8-1,0.170601005005,0.0538071503592,False,False,biological animal
cfos_occurrence,Ocurrencia espacial de núcleos c-FOS positivos / núcleos DAPI,777,WATER_NPY2;E7_FR7-1;E8_FR6-4,E7_FR7-5;E9_FR8-1;E8_FR6-1,WATER_NPY1;WATER_NPY3;E8_FR6-3,0.345441723799,0.103257432746,False,False,biological animal
cfos_occurrence,Ocurrencia espacial de núcleos c-FOS positivos / núcleos DAPI,778,WATER_NPY2;E7_FR7-1;E8_FR6-4,E7_FR7-5;E9_FR8-1;E8_FR6-3,WATER_NPY1;WATER_NPY3;E8_FR6-1,0.349993423928,0.10447585402,False,False,biological animal
cfos_occurrence,Ocurrencia espacial de núcleos c-FOS positivos / núcleos DAPI,779,WATER_NPY2;E7_FR7-1;E8_FR6-4,E7_FR7-5;E8_FR6-1;E8_FR6-3,WATER_NPY1;WATER_NPY3;E9_FR8-1,0.279283225639,0.0851659360971,False,False,biological animal
cfos_occurrence,Ocurrencia espacial de núcleos c-FOS positivos / núcleos DAPI,780,WATER_NPY2;E7_FR7-1;E8_FR6-4,E9_FR8-1;E8_FR6-1;E8_FR6-3,WATER_NPY1;WATER_NPY3;E7_FR7-5,0.194079560821,0.0607622813162,False,False,biological animal
cfos_occurrence,Ocurrencia espacial de núcleos c-FOS positivos / núcleos DAPI,781,WATER_NPY2;E7_FR7-5;E9_FR8-1,WATER_NPY1;WATER_NPY3;E7_FR7-1,E8_FR6-1;E8_FR6-3;E8_FR6-4,1.22234119805,0.289493705202,False,False,biological animal
cfos_occurrence,Ocurrencia espacial de núcleos c-FOS positivos / núcleos DAPI,782,WATER_NPY2;E7_FR7-5;E9_FR8-1,WATER_NPY1;WATER_NPY3;E8_FR6-1,E7_FR7-1;E8_FR6-3;E8_FR6-4,0.335380476586,0.100552389432,False,False,biological animal
cfos_occurrence,Ocurrencia espacial de núcleos c-FOS positivos / núcleos DAPI,783,WATER_NPY2;E7_FR7-5;E9_FR8-1,WATER_NPY1;WATER_NPY3;E8_FR6-3,E7_FR7-1;E8_FR6-1;E8_FR6-4,0.366122725796,0.108766897591,False,False,biological animal
cfos_occurrence,Ocurrencia espacial de núcleos c-FOS positivos / núcleos DAPI,784,WATER_NPY2;E7_FR7-5;E9_FR8-1,WATER_NPY1;WATER_NPY3;E8_FR6-4,E7_FR7-1;E8_FR6-1;E8_FR6-3,0.662484300751,0.180883860885,False,False,biological animal
cfos_occurrence,Ocurrencia espacial de núcleos c-FOS positivos / núcleos DAPI,785,WATER_NPY2;E7_FR7-5;E9_FR8-1,WATER_NPY1;E7_FR7-1;E8_FR6-1,WATER_NPY3;E8_FR6-3;E8_FR6-4,0.492786039157,0.141086809679,False,False,biological animal
cfos_occurrence,Ocurrencia espacial de núcleos c-FOS positivos / núcleos DAPI,786,WATER_NPY2;E7_FR7-5;E9_FR8-1,WATER_NPY1;E7_FR7-1;E8_FR6-3,WATER_NPY3;E8_FR6-1;E8_FR6-4,0.439114444626,0.127682416999,False,False,biological animal
cfos_occurrence,Ocurrencia espacial de núcleos c-FOS positivos / núcleos DAPI,787,WATER_NPY2;E7_FR7-5;E9_FR8-1,WATER_NPY1;E7_FR7-1;E8_FR6-4,WATER_NPY3;E8_FR6-1;E8_FR6-3,0.512864052413,0.145995986398,False,False,biological animal
cfos_occurrence,Ocurrencia espacial de núcleos c-FOS positivos / núcleos DAPI,788,WATER_NPY2;E7_FR7-5;E9_FR8-1,WATER_NPY1;E8_FR6-1;E8_FR6-3,WATER_NPY3;E7_FR7-1;E8_FR6-4,1.26273846259,0.29622705537,False,False,biological animal
cfos_occurrence,Ocurrencia espacial de núcleos c-FOS positivos / núcleos DAPI,789,WATER_NPY2;E7_FR7-5;E9_FR8-1,WATER_NPY1;E8_FR6-1;E8_FR6-4,WATER_NPY3;E7_FR7-1;E8_FR6-3,2.97780475188,0.498143528516,False,False,biological animal
cfos_occurrence,Ocurrencia espacial de núcleos c-FOS positivos / núcleos DAPI,790,WATER_NPY2;E7_FR7-5;E9_FR8-1,WATER_NPY1;E8_FR6-3;E8_FR6-4,WATER_NPY3;E7_FR7-1;E8_FR6-1,2.82204248749,0.484716917397,False,False,biological animal
cfos_occurrence,Ocurrencia espacial de núcleos c-FOS positivos / núcleos DAPI,791,WATER_NPY2;E7_FR7-5;E9_FR8-1,WATER_NPY3;E7_FR7-1;E8_FR6-1,WATER_NPY1;E8_FR6-3;E8_FR6-4,2.82204248749,0.484716917397,False,False,biological animal
cfos_occurrence,Ocurrencia espacial de núcleos c-FOS positivos / núcleos DAPI,792,WATER_NPY2;E7_FR7-5;E9_FR8-1,WATER_NPY3;E7_FR7-1;E8_FR6-3,WATER_NPY1;E8_FR6-1;E8_FR6-4,2.97780475188,0.498143528516,False,False,biological animal
cfos_occurrence,Ocurrencia espacial de núcleos c-FOS positivos / núcleos DAPI,793,WATER_NPY2;E7_FR7-5;E9_FR8-1,WATER_NPY3;E7_FR7-1;E8_FR6-4,WATER_NPY1;E8_FR6-1;E8_FR6-3,1.26273846259,0.29622705537,False,False,biological animal
cfos_occurrence,Ocurrencia espacial de núcleos c-FOS positivos / núcleos DAPI,794,WATER_NPY2;E7_FR7-5;E9_FR8-1,WATER_NPY3;E8_FR6-1;E8_FR6-3,WATER_NPY1;E7_FR7-1;E8_FR6-4,0.512864052413,0.145995986398,False,False,biological animal
cfos_occurrence,Ocurrencia espacial de núcleos c-FOS positivos / núcleos DAPI,795,WATER_NPY2;E7_FR7-5;E9_FR8-1,WATER_NPY3;E8_FR6-1;E8_FR6-4,WATER_NPY1;E7_FR7-1;E8_FR6-3,0.439114444626,0.127682416999,False,False,biological animal
cfos_occurrence,Ocurrencia espacial de núcleos c-FOS positivos / núcleos DAPI,796,WATER_NPY2;E7_FR7-5;E9_FR8-1,WATER_NPY3;E8_FR6-3;E8_FR6-4,WATER_NPY1;E7_FR7-1;E8_FR6-1,0.492786039157,0.141086809679,False,False,biological animal
cfos_occurrence,Ocurrencia espacial de núcleos c-FOS positivos / núcleos DAPI,797,WATER_NPY2;E7_FR7-5;E9_FR8-1,E7_FR7-1;E8_FR6-1;E8_FR6-3,WATER_NPY1;WATER_NPY3;E8_FR6-4,0.662484300751,0.180883860885,False,False,biological animal
cfos_occurrence,Ocurrencia espacial de núcleos c-FOS positivos / núcleos DAPI,798,WATER_NPY2;E7_FR7-5;E9_FR8-1,E7_FR7-1;E8_FR6-1;E8_FR6-4,WATER_NPY1;WATER_NPY3;E8_FR6-3,0.366122725796,0.108766897591,False,False,biological animal
cfos_occurrence,Ocurrencia espacial de núcleos c-FOS positivos / núcleos DAPI,799,WATER_NPY2;E7_FR7-5;E9_FR8-1,E7_FR7-1;E8_FR6-3;E8_FR6-4,WATER_NPY1;WATER_NPY3;E8_FR6-1,0.335380476586,0.100552389432,False,False,biological animal
cfos_occurrence,Ocurrencia espacial de núcleos c-FOS positivos / núcleos DAPI,800,WATER_NPY2;E7_FR7-5;E9_FR8-1,E8_FR6-1;E8_FR6-3;E8_FR6-4,WATER_NPY1;WATER_NPY3;E7_FR7-1,1.22234119805,0.289493705202,False,False,biological animal
cfos_occurrence,Ocurrencia espacial de núcleos c-FOS positivos / núcleos DAPI,801,WATER_NPY2;E7_FR7-5;E8_FR6-1,WATER_NPY1;WATER_NPY3;E7_FR7-1,E9_FR8-1;E8_FR6-3;E8_FR6-4,0.221098094943,0.0686405965998,False,False,biological animal
cfos_occurrence,Ocurrencia espacial de núcleos c-FOS positivos / núcleos DAPI,802,WATER_NPY2;E7_FR7-5;E8_FR6-1,WATER_NPY1;WATER_NPY3;E9_FR8-1,E7_FR7-1;E8_FR6-3;E8_FR6-4,0.25351778321,0.077921130328,False,False,biological animal
cfos_occurrence,Ocurrencia espacial de núcleos c-FOS positivos / núcleos DAPI,803,WATER_NPY2;E7_FR7-5;E8_FR6-1,WATER_NPY1;WATER_NPY3;E8_FR6-3,E7_FR7-1;E9_FR8-1;E8_FR6-4,0.205553022377,0.0641240437897,False,False,biological animal
cfos_occurrence,Ocurrencia espacial de núcleos c-FOS positivos / núcleos DAPI,804,WATER_NPY2;E7_FR7-5;E8_FR6-1,WATER_NPY1;WATER_NPY3;E8_FR6-4,E7_FR7-1;E9_FR8-1;E8_FR6-3,0.863867178923,0.223575795678,False,False,biological animal
cfos_occurrence,Ocurrencia espacial de núcleos c-FOS positivos / núcleos DAPI,805,WATER_NPY2;E7_FR7-5;E8_FR6-1,WATER_NPY1;E7_FR7-1;E9_FR8-1,WATER_NPY3;E8_FR6-3;E8_FR6-4,0.343956870269,0.102859242393,False,False,biological animal
cfos_occurrence,Ocurrencia espacial de núcleos c-FOS positivos / núcleos DAPI,806,WATER_NPY2;E7_FR7-5;E8_FR6-1,WATER_NPY1;E7_FR7-1;E8_FR6-3,WATER_NPY3;E9_FR8-1;E8_FR6-4,0.328288651329,0.0986358713803,False,False,biological animal
cfos_occurrence,Ocurrencia espacial de núcleos c-FOS positivos / núcleos DAPI,807,WATER_NPY2;E7_FR7-5;E8_FR6-1,WATER_NPY1;E7_FR7-1;E8_FR6-4,WATER_NPY3;E9_FR8-1;E8_FR6-3,0.770190450841,0.204284229373,False,False,biological animal
cfos_occurrence,Ocurrencia espacial de núcleos c-FOS positivos / núcleos DAPI,808,WATER_NPY2;E7_FR7-5;E8_FR6-1,WATER_NPY1;E9_FR8-1;E8_FR6-3,WATER_NPY3;E7_FR7-1;E8_FR6-4,0.267223723291,0.0817892332827,False,False,biological animal
cfos_occurrence,Ocurrencia espacial de núcleos c-FOS positivos / núcleos DAPI,809,WATER_NPY2;E7_FR7-5;E8_FR6-1,WATER_NPY1;E9_FR8-1;E8_FR6-4,WATER_NPY3;E7_FR7-1;E8_FR6-3,0.733065498218,0.196370917834,False,False,biological animal
cfos_occurrence,Ocurrencia espacial de núcleos c-FOS positivos / núcleos DAPI,810,WATER_NPY2;E7_FR7-5;E8_FR6-1,WATER_NPY1;E8_FR6-3;E8_FR6-4,WATER_NPY3;E7_FR7-1;E9_FR8-1,7.68434722602,0.719215415174,False,True,biological animal
cfos_occurrence,Ocurrencia espacial de núcleos c-FOS positivos / núcleos DAPI,811,WATER_NPY2;E7_FR7-5;E8_FR6-1,WATER_NPY3;E7_FR7-1;E9_FR8-1,WATER_NPY1;E8_FR6-3;E8_FR6-4,7.68434722602,0.719215415174,False,True,biological animal
cfos_occurrence,Ocurrencia espacial de núcleos c-FOS positivos / núcleos DAPI,812,WATER_NPY2;E7_FR7-5;E8_FR6-1,WATER_NPY3;E7_FR7-1;E8_FR6-3,WATER_NPY1;E9_FR8-1;E8_FR6-4,0.733065498218,0.196370917834,False,False,biological animal
cfos_occurrence,Ocurrencia espacial de núcleos c-FOS positivos / núcleos DAPI,813,WATER_NPY2;E7_FR7-5;E8_FR6-1,WATER_NPY3;E7_FR7-1;E8_FR6-4,WATER_NPY1;E9_FR8-1;E8_FR6-3,0.267223723291,0.0817892332827,False,False,biological animal
cfos_occurrence,Ocurrencia espacial de núcleos c-FOS positivos / núcleos DAPI,814,WATER_NPY2;E7_FR7-5;E8_FR6-1,WATER_NPY3;E9_FR8-1;E8_FR6-3,WATER_NPY1;E7_FR7-1;E8_FR6-4,0.770190450841,0.204284229373,False,False,biological animal
cfos_occurrence,Ocurrencia espacial de núcleos c-FOS positivos / núcleos DAPI,815,WATER_NPY2;E7_FR7-5;E8_FR6-1,WATER_NPY3;E9_FR8-1;E8_FR6-4,WATER_NPY1;E7_FR7-1;E8_FR6-3,0.328288651329,0.0986358713803,False,False,biological animal
cfos_occurrence,Ocurrencia espacial de núcleos c-FOS positivos / núcleos DAPI,816,WATER_NPY2;E7_FR7-5;E8_FR6-1,WATER_NPY3;E8_FR6-3;E8_FR6-4,WATER_NPY1;E7_FR7-1;E9_FR8-1,0.343956870269,0.102859242393,False,False,biological animal
cfos_occurrence,Ocurrencia espacial de núcleos c-FOS positivos / núcleos DAPI,817,WATER_NPY2;E7_FR7-5;E8_FR6-1,E7_FR7-1;E9_FR8-1;E8_FR6-3,WATER_NPY1;WATER_NPY3;E8_FR6-4,0.863867178923,0.223575795678,False,False,biological animal
cfos_occurrence,Ocurrencia espacial de núcleos c-FOS positivos / núcleos DAPI,818,WATER_NPY2;E7_FR7-5;E8_FR6-1,E7_FR7-1;E9_FR8-1;E8_FR6-4,WATER_NPY1;WATER_NPY3;E8_FR6-3,0.205553022377,0.0641240437897,False,False,biological animal
cfos_occurrence,Ocurrencia espacial de núcleos c-FOS positivos / núcleos DAPI,819,WATER_NPY2;E7_FR7-5;E8_FR6-1,E7_FR7-1;E8_FR6-3;E8_FR6-4,WATER_NPY1;WATER_NPY3;E9_FR8-1,0.25351778321,0.077921130328,False,False,biological animal
cfos_occurrence,Ocurrencia espacial de núcleos c-FOS positivos / núcleos DAPI,820,WATER_NPY2;E7_FR7-5;E8_FR6-1,E9_FR8-1;E8_FR6-3;E8_FR6-4,WATER_NPY1;WATER_NPY3;E7_FR7-1,0.221098094943,0.0686405965998,False,False,biological animal
cfos_occurrence,Ocurrencia espacial de núcleos c-FOS positivos / núcleos DAPI,821,WATER_NPY2;E7_FR7-5;E8_FR6-3,WATER_NPY1;WATER_NPY3;E7_FR7-1,E9_FR8-1;E8_FR6-1;E8_FR6-4,0.247592611498,0.0762388147521,False,False,biological animal
cfos_occurrence,Ocurrencia espacial de núcleos c-FOS positivos / núcleos DAPI,822,WATER_NPY2;E7_FR7-5;E8_FR6-3,WATER_NPY1;WATER_NPY3;E9_FR8-1,E7_FR7-1;E8_FR6-1;E8_FR6-4,0.301614679765,0.091353688731,False,False,biological animal
cfos_occurrence,Ocurrencia espacial de núcleos c-FOS positivos / núcleos DAPI,823,WATER_NPY2;E7_FR7-5;E8_FR6-3,WATER_NPY1;WATER_NPY3;E8_FR6-1,E7_FR7-1;E9_FR8-1;E8_FR6-4,0.223526046217,0.0693420940339,False,False,biological animal
cfos_occurrence,Ocurrencia espacial de núcleos c-FOS positivos / núcleos DAPI,824,WATER_NPY2;E7_FR7-5;E8_FR6-3,WATER_NPY1;WATER_NPY3;E8_FR6-4,E7_FR7-1;E9_FR8-1;E8_FR6-1,0.901996948371,0.231162904612,False,False,biological animal
cfos_occurrence,Ocurrencia espacial de núcleos c-FOS positivos / núcleos DAPI,825,WATER_NPY2;E7_FR7-5;E8_FR6-3,WATER_NPY1;E7_FR7-1;E9_FR8-1,WATER_NPY3;E8_FR6-1;E8_FR6-4,0.353762780713,0.105482350376,False,False,biological animal
cfos_occurrence,Ocurrencia espacial de núcleos c-FOS positivos / núcleos DAPI,826,WATER_NPY2;E7_FR7-5;E8_FR6-3,WATER_NPY1;E7_FR7-1;E8_FR6-1,WATER_NPY3;E9_FR8-1;E8_FR6-4,0.388541606966,0.114663372044,False,False,biological animal
cfos_occurrence,Ocurrencia espacial de núcleos c-FOS positivos / núcleos DAPI,827,WATER_NPY2;E7_FR7-5;E8_FR6-3,WATER_NPY1;E7_FR7-1;E8_FR6-4,WATER_NPY3;E9_FR8-1;E8_FR6-1,0.754984215318,0.201061887887,False,False,biological animal
cfos_occurrence,Ocurrencia espacial de núcleos c-FOS positivos / núcleos DAPI,828,WATER_NPY2;E7_FR7-5;E8_FR6-3,WATER_NPY1;E9_FR8-1;E8_FR6-1,WATER_NPY3;E7_FR7-1;E8_FR6-4,0.303900694405,0.0919823936958,False,False,biological animal
cfos_occurrence,Ocurrencia espacial de núcleos c-FOS positivos / núcleos DAPI,829,WATER_NPY2;E7_FR7-5;E8_FR6-3,WATER_NPY1;E9_FR8-1;E8_FR6-4,WATER_NPY3;E7_FR7-1;E8_FR6-1,0.745238475137,0.198982916598,False,False,biological animal
cfos_occurrence,Ocurrencia espacial de núcleos c-FOS positivos / núcleos DAPI,830,WATER_NPY2;E7_FR7-5;E8_FR6-3,WATER_NPY1;E8_FR6-1;E8_FR6-4,WATER_NPY3;E7_FR7-1;E9_FR8-1,8.33161703644,0.735254025056,False,True,biological animal
cfos_occurrence,Ocurrencia espacial de núcleos c-FOS positivos / núcleos DAPI,831,WATER_NPY2;E7_FR7-5;E8_FR6-3,WATER_NPY3;E7_FR7-1;E9_FR8-1,WATER_NPY1;E8_FR6-1;E8_FR6-4,8.33161703644,0.735254025056,False,True,biological animal
cfos_occurrence,Ocurrencia espacial de núcleos c-FOS positivos / núcleos DAPI,832,WATER_NPY2;E7_FR7-5;E8_FR6-3,WATER_NPY3;E7_FR7-1;E8_FR6-1,WATER_NPY1;E9_FR8-1;E8_FR6-4,0.745238475137,0.198982916598,False,False,biological animal
cfos_occurrence,Ocurrencia espacial de núcleos c-FOS positivos / núcleos DAPI,833,WATER_NPY2;E7_FR7-5;E8_FR6-3,WATER_NPY3;E7_FR7-1;E8_FR6-4,WATER_NPY1;E9_FR8-1;E8_FR6-1,0.303900694405,0.0919823936958,False,False,biological animal
cfos_occurrence,Ocurrencia espacial de núcleos c-FOS positivos / núcleos DAPI,834,WATER_NPY2;E7_FR7-5;E8_FR6-3,WATER_NPY3;E9_FR8-1;E8_FR6-1,WATER_NPY1;E7_FR7-1;E8_FR6-4,0.754984215318,0.201061887887,False,False,biological animal
cfos_occurrence,Ocurrencia espacial de núcleos c-FOS positivos / núcleos DAPI,835,WATER_NPY2;E7_FR7-5;E8_FR6-3,WATER_NPY3;E9_FR8-1;E8_FR6-4,WATER_NPY1;E7_FR7-1;E8_FR6-1,0.388541606966,0.114663372044,False,False,biological animal
cfos_occurrence,Ocurrencia espacial de núcleos c-FOS positivos / núcleos DAPI,836,WATER_NPY2;E7_FR7-5;E8_FR6-3,WATER_NPY3;E8_FR6-1;E8_FR6-4,WATER_NPY1;E7_FR7-1;E9_FR8-1,0.353762780713,0.105482350376,False,False,biological animal
cfos_occurrence,Ocurrencia espacial de núcleos c-FOS positivos / núcleos DAPI,837,WATER_NPY2;E7_FR7-5;E8_FR6-3,E7_FR7-1;E9_FR8-1;E8_FR6-1,WATER_NPY1;WATER_NPY3;E8_FR6-4,0.901996948371,0.231162904612,False,False,biological animal
cfos_occurrence,Ocurrencia espacial de núcleos c-FOS positivos / núcleos DAPI,838,WATER_NPY2;E7_FR7-5;E8_FR6-3,E7_FR7-1;E9_FR8-1;E8_FR6-4,WATER_NPY1;WATER_NPY3;E8_FR6-1,0.223526046217,0.0693420940339,False,False,biological animal
cfos_occurrence,Ocurrencia espacial de núcleos c-FOS positivos / núcleos DAPI,839,WATER_NPY2;E7_FR7-5;E8_FR6-3,E7_FR7-1;E8_FR6-1;E8_FR6-4,WATER_NPY1;WATER_NPY3;E9_FR8-1,0.301614679765,0.091353688731,False,False,biological animal
cfos_occurrence,Ocurrencia espacial de núcleos c-FOS positivos / núcleos DAPI,840,WATER_NPY2;E7_FR7-5;E8_FR6-3,E9_FR8-1;E8_FR6-1;E8_FR6-4,WATER_NPY1;WATER_NPY3;E7_FR7-1,0.247592611498,0.0762388147521,False,False,biological animal
cfos_occurrence,Ocurrencia espacial de núcleos c-FOS positivos / núcleos DAPI,841,WATER_NPY2;E7_FR7-5;E8_FR6-4,WATER_NPY1;WATER_NPY3;E7_FR7-1,E9_FR8-1;E8_FR6-1;E8_FR6-3,0.452324671449,0.131020316597,False,False,biological animal
cfos_occurrence,Ocurrencia espacial de núcleos c-FOS positivos / núcleos DAPI,842,WATER_NPY2;E7_FR7-5;E8_FR6-4,WATER_NPY1;WATER_NPY3;E9_FR8-1,E7_FR7-1;E8_FR6-1;E8_FR6-3,0.531912582591,0.150601853855,False,False,biological animal
cfos_occurrence,Ocurrencia espacial de núcleos c-FOS positivos / núcleos DAPI,843,WATER_NPY2;E7_FR7-5;E8_FR6-4,WATER_NPY1;WATER_NPY3;E8_FR6-1,E7_FR7-1;E9_FR8-1;E8_FR6-3,0.826164821869,0.215925047752,False,False,biological animal
cfos_occurrence,Ocurrencia espacial de núcleos c-FOS positivos / núcleos DAPI,844,WATER_NPY2;E7_FR7-5;E8_FR6-4,WATER_NPY1;WATER_NPY3;E8_FR6-3,E7_FR7-1;E9_FR8-1;E8_FR6-1,0.837760498826,0.218294106441,False,False,biological animal
cfos_occurrence,Ocurrencia espacial de núcleos c-FOS positivos / núcleos DAPI,845,WATER_NPY2;E7_FR7-5;E8_FR6-4,WATER_NPY1;E7_FR7-1;E9_FR8-1,WATER_NPY3;E8_FR6-1;E8_FR6-3,0.47958742365,0.137828818552,False,False,biological animal
cfos_occurrence,Ocurrencia espacial de núcleos c-FOS positivos / núcleos DAPI,846,WATER_NPY2;E7_FR7-5;E8_FR6-4,WATER_NPY1;E7_FR7-1;E8_FR6-1,WATER_NPY3;E9_FR8-1;E8_FR6-3,0.9182119174,0.234344628815,False,False,biological animal
cfos_occurrence,Ocurrencia espacial de núcleos c-FOS positivos / núcleos DAPI,847,WATER_NPY2;E7_FR7-5;E8_FR6-4,WATER_NPY1;E7_FR7-1;E8_FR6-3,WATER_NPY3;E9_FR8-1;E8_FR6-1,0.822117561496,0.215094786664,False,False,biological animal
cfos_occurrence,Ocurrencia espacial de núcleos c-FOS positivos / núcleos DAPI,848,WATER_NPY2;E7_FR7-5;E8_FR6-4,WATER_NPY1;E9_FR8-1;E8_FR6-1,WATER_NPY3;E7_FR7-1;E8_FR6-3,0.827166750552,0.216130313745,False,False,biological animal
cfos_occurrence,Ocurrencia espacial de núcleos c-FOS positivos / núcleos DAPI,849,WATER_NPY2;E7_FR7-5;E8_FR6-4,WATER_NPY1;E9_FR8-1;E8_FR6-3,WATER_NPY3;E7_FR7-1;E8_FR6-1,0.790507026363,0.208549152096,False,False,biological animal
cfos_occurrence,Ocurrencia espacial de núcleos c-FOS positivos / núcleos DAPI,850,WATER_NPY2;E7_FR7-5;E8_FR6-4,WATER_NPY1;E8_FR6-1;E8_FR6-3,WATER_NPY3;E7_FR7-1;E9_FR8-1,5.75875256203,0.65748547196,False,True,biological animal
cfos_occurrence,Ocurrencia espacial de núcleos c-FOS positivos / núcleos DAPI,851,WATER_NPY2;E7_FR7-5;E8_FR6-4,WATER_NPY3;E7_FR7-1;E9_FR8-1,WATER_NPY1;E8_FR6-1;E8_FR6-3,5.75875256203,0.65748547196,False,True,biological animal
cfos_occurrence,Ocurrencia espacial de núcleos c-FOS positivos / núcleos DAPI,852,WATER_NPY2;E7_FR7-5;E8_FR6-4,WATER_NPY3;E7_FR7-1;E8_FR6-1,WATER_NPY1;E9_FR8-1;E8_FR6-3,0.790507026363,0.208549152096,False,False,biological animal
cfos_occurrence,Ocurrencia espacial de núcleos c-FOS positivos / núcleos DAPI,853,WATER_NPY2;E7_FR7-5;E8_FR6-4,WATER_NPY3;E7_FR7-1;E8_FR6-3,WATER_NPY1;E9_FR8-1;E8_FR6-1,0.827166750552,0.216130313745,False,False,biological animal
cfos_occurrence,Ocurrencia espacial de núcleos c-FOS positivos / núcleos DAPI,854,WATER_NPY2;E7_FR7-5;E8_FR6-4,WATER_NPY3;E9_FR8-1;E8_FR6-1,WATER_NPY1;E7_FR7-1;E8_FR6-3,0.822117561496,0.215094786664,False,False,biological animal
cfos_occurrence,Ocurrencia espacial de núcleos c-FOS positivos / núcleos DAPI,855,WATER_NPY2;E7_FR7-5;E8_FR6-4,WATER_NPY3;E9_FR8-1;E8_FR6-3,WATER_NPY1;E7_FR7-1;E8_FR6-1,0.9182119174,0.234344628815,False,False,biological animal
cfos_occurrence,Ocurrencia espacial de núcleos c-FOS positivos / núcleos DAPI,856,WATER_NPY2;E7_FR7-5;E8_FR6-4,WATER_NPY3;E8_FR6-1;E8_FR6-3,WATER_NPY1;E7_FR7-1;E9_FR8-1,0.47958742365,0.137828818552,False,False,biological animal
cfos_occurrence,Ocurrencia espacial de núcleos c-FOS positivos / núcleos DAPI,857,WATER_NPY2;E7_FR7-5;E8_FR6-4,E7_FR7-1;E9_FR8-1;E8_FR6-1,WATER_NPY1;WATER_NPY3;E8_FR6-3,0.837760498826,0.218294106441,False,False,biological animal
cfos_occurrence,Ocurrencia espacial de núcleos c-FOS positivos / núcleos DAPI,858,WATER_NPY2;E7_FR7-5;E8_FR6-4,E7_FR7-1;E9_FR8-1;E8_FR6-3,WATER_NPY1;WATER_NPY3;E8_FR6-1,0.826164821869,0.215925047752,False,False,biological animal
cfos_occurrence,Ocurrencia espacial de núcleos c-FOS positivos / núcleos DAPI,859,WATER_NPY2;E7_FR7-5;E8_FR6-4,E7_FR7-1;E8_FR6-1;E8_FR6-3,WATER_NPY1;WATER_NPY3;E9_FR8-1,0.531912582591,0.150601853855,False,False,biological animal
cfos_occurrence,Ocurrencia espacial de núcleos c-FOS positivos / núcleos DAPI,860,WATER_NPY2;E7_FR7-5;E8_FR6-4,E9_FR8-1;E8_FR6-1;E8_FR6-3,WATER_NPY1;WATER_NPY3;E7_FR7-1,0.452324671449,0.131020316597,False,False,biological animal
cfos_occurrence,Ocurrencia espacial de núcleos c-FOS positivos / núcleos DAPI,861,WATER_NPY2;E9_FR8-1;E8_FR6-1,WATER_NPY1;WATER_NPY3;E7_FR7-1,E7_FR7-5;E8_FR6-3;E8_FR6-4,0.334405601062,0.100289419186,False,False,biological animal
cfos_occurrence,Ocurrencia espacial de núcleos c-FOS positivos / núcleos DAPI,862,WATER_NPY2;E9_FR8-1;E8_FR6-1,WATER_NPY1;WATER_NPY3;E7_FR7-5,E7_FR7-1;E8_FR6-3;E8_FR6-4,0.151126035612,0.0479593751261,False,False,biological animal
cfos_occurrence,Ocurrencia espacial de núcleos c-FOS positivos / núcleos DAPI,863,WATER_NPY2;E9_FR8-1;E8_FR6-1,WATER_NPY1;WATER_NPY3;E8_FR6-3,E7_FR7-1;E7_FR7-5;E8_FR6-4,0.121217466342,0.0388365974652,False,False,biological animal
cfos_occurrence,Ocurrencia espacial de núcleos c-FOS positivos / núcleos DAPI,864,WATER_NPY2;E9_FR8-1;E8_FR6-1,WATER_NPY1;WATER_NPY3;E8_FR6-4,E7_FR7-1;E7_FR7-5;E8_FR6-3,0.566480360405,0.15883456606,False,False,biological animal
cfos_occurrence,Ocurrencia espacial de núcleos c-FOS positivos / núcleos DAPI,865,WATER_NPY2;E9_FR8-1;E8_FR6-1,WATER_NPY1;E7_FR7-1;E7_FR7-5,WATER_NPY3;E8_FR6-3;E8_FR6-4,0.208082407636,0.0648619272188,False,False,biological animal
cfos_occurrence,Ocurrencia espacial de núcleos c-FOS positivos / núcleos DAPI,866,WATER_NPY2;E9_FR8-1;E8_FR6-1,WATER_NPY1;E7_FR7-1;E8_FR6-3,WATER_NPY3;E7_FR7-5;E8_FR6-4,0.2657823847,0.0813839850276,False,False,biological animal
cfos_occurrence,Ocurrencia espacial de núcleos c-FOS positivos / núcleos DAPI,867,WATER_NPY2;E9_FR8-1;E8_FR6-1,WATER_NPY1;E7_FR7-1;E8_FR6-4,WATER_NPY3;E7_FR7-5;E8_FR6-3,0.519385902633,0.147578559727,False,False,biological animal
cfos_occurrence,Ocurrencia espacial de núcleos c-FOS positivos / núcleos DAPI,868,WATER_NPY2;E9_FR8-1;E8_FR6-1,WATER_NPY1;E7_FR7-5;E8_FR6-3,WATER_NPY3;E7_FR7-1;E8_FR6-4,0.336032506188,0.10072818702,False,False,biological animal
cfos_occurrence,Ocurrencia espacial de núcleos c-FOS positivos / núcleos DAPI,869,WATER_NPY2;E9_FR8-1;E8_FR6-1,WATER_NPY1;E7_FR7-5;E8_FR6-4,WATER_NPY3;E7_FR7-1;E8_FR6-3,1.025568559,0.254763654865,False,False,biological animal
cfos_occurrence,Ocurrencia espacial de núcleos c-FOS positivos / núcleos DAPI,870,WATER_NPY2;E9_FR8-1;E8_FR6-1,WATER_NPY1;E8_FR6-3;E8_FR6-4,WATER_NPY3;E7_FR7-1;E7_FR7-5,4.60597937041,0.605573476616,False,True,biological animal
cfos_occurrence,Ocurrencia espacial de núcleos c-FOS positivos / núcleos DAPI,871,WATER_NPY2;E9_FR8-1;E8_FR6-1,WATER_NPY3;E7_FR7-1;E7_FR7-5,WATER_NPY1;E8_FR6-3;E8_FR6-4,4.60597937041,0.605573476616,False,True,biological animal
cfos_occurrence,Ocurrencia espacial de núcleos c-FOS positivos / núcleos DAPI,872,WATER_NPY2;E9_FR8-1;E8_FR6-1,WATER_NPY3;E7_FR7-1;E8_FR6-3,WATER_NPY1;E7_FR7-5;E8_FR6-4,1.025568559,0.254763654865,False,False,biological animal
cfos_occurrence,Ocurrencia espacial de núcleos c-FOS positivos / núcleos DAPI,873,WATER_NPY2;E9_FR8-1;E8_FR6-1,WATER_NPY3;E7_FR7-1;E8_FR6-4,WATER_NPY1;E7_FR7-5;E8_FR6-3,0.336032506188,0.10072818702,False,False,biological animal
cfos_occurrence,Ocurrencia espacial de núcleos c-FOS positivos / núcleos DAPI,874,WATER_NPY2;E9_FR8-1;E8_FR6-1,WATER_NPY3;E7_FR7-5;E8_FR6-3,WATER_NPY1;E7_FR7-1;E8_FR6-4,0.519385902633,0.147578559727,False,False,biological animal
cfos_occurrence,Ocurrencia espacial de núcleos c-FOS positivos / núcleos DAPI,875,WATER_NPY2;E9_FR8-1;E8_FR6-1,WATER_NPY3;E7_FR7-5;E8_FR6-4,WATER_NPY1;E7_FR7-1;E8_FR6-3,0.2657823847,0.0813839850276,False,False,biological animal
cfos_occurrence,Ocurrencia espacial de núcleos c-FOS positivos / núcleos DAPI,876,WATER_NPY2;E9_FR8-1;E8_FR6-1,WATER_NPY3;E8_FR6-3;E8_FR6-4,WATER_NPY1;E7_FR7-1;E7_FR7-5,0.208082407636,0.0648619272188,False,False,biological animal
cfos_occurrence,Ocurrencia espacial de núcleos c-FOS positivos / núcleos DAPI,877,WATER_NPY2;E9_FR8-1;E8_FR6-1,E7_FR7-1;E7_FR7-5;E8_FR6-3,WATER_NPY1;WATER_NPY3;E8_FR6-4,0.566480360405,0.15883456606,False,False,biological animal
cfos_occurrence,Ocurrencia espacial de núcleos c-FOS positivos / núcleos DAPI,878,WATER_NPY2;E9_FR8-1;E8_FR6-1,E7_FR7-1;E7_FR7-5;E8_FR6-4,WATER_NPY1;WATER_NPY3;E8_FR6-3,0.121217466342,0.0388365974652,False,False,biological animal
cfos_occurrence,Ocurrencia espacial de núcleos c-FOS positivos / núcleos DAPI,879,WATER_NPY2;E9_FR8-1;E8_FR6-1,E7_FR7-1;E8_FR6-3;E8_FR6-4,WATER_NPY1;WATER_NPY3;E7_FR7-5,0.151126035612,0.0479593751261,False,False,biological animal
cfos_occurrence,Ocurrencia espacial de núcleos c-FOS positivos / núcleos DAPI,880,WATER_NPY2;E9_FR8-1;E8_FR6-1,E7_FR7-5;E8_FR6-3;E8_FR6-4,WATER_NPY1;WATER_NPY3;E7_FR7-1,0.334405601062,0.100289419186,False,False,biological animal
cfos_occurrence,Ocurrencia espacial de núcleos c-FOS positivos / núcleos DAPI,881,WATER_NPY2;E9_FR8-1;E8_FR6-3,WATER_NPY1;WATER_NPY3;E7_FR7-1,E7_FR7-5;E8_FR6-1;E8_FR6-4,0.37982987034,0.112381357912,False,False,biological animal
cfos_occurrence,Ocurrencia espacial de núcleos c-FOS positivos / núcleos DAPI,882,WATER_NPY2;E9_FR8-1;E8_FR6-3,WATER_NPY1;WATER_NPY3;E7_FR7-5,E7_FR7-1;E8_FR6-1;E8_FR6-4,0.203891810326,0.0636387938158,False,False,biological animal
cfos_occurrence,Ocurrencia espacial de núcleos c-FOS positivos / núcleos DAPI,883,WATER_NPY2;E9_FR8-1;E8_FR6-3,WATER_NPY1;WATER_NPY3;E8_FR6-1,E7_FR7-1;E7_FR7-5;E8_FR6-4,0.145648257969,0.046301507996,False,False,biological animal
cfos_occurrence,Ocurrencia espacial de núcleos c-FOS positivos / núcleos DAPI,884,WATER_NPY2;E9_FR8-1;E8_FR6-3,WATER_NPY1;WATER_NPY3;E8_FR6-4,E7_FR7-1;E7_FR7-5;E8_FR6-1,0.618448568405,0.170915395566,False,False,biological animal
cfos_occurrence,Ocurrencia espacial de núcleos c-FOS positivos / núcleos DAPI,885,WATER_NPY2;E9_FR8-1;E8_FR6-3,WATER_NPY1;E7_FR7-1;E7_FR7-5,WATER_NPY3;E8_FR6-1;E8_FR6-4,0.224876769882,0.0697318954888,False,False,biological animal
cfos_occurrence,Ocurrencia espacial de núcleos c-FOS positivos / núcleos DAPI,886,WATER_NPY2;E9_FR8-1;E8_FR6-3,WATER_NPY1;E7_FR7-1;E8_FR6-1,WATER_NPY3;E7_FR7-5;E8_FR6-4,0.332068428245,0.0996583459781,False,False,biological animal
cfos_occurrence,Ocurrencia espacial de núcleos c-FOS positivos / núcleos DAPI,887,WATER_NPY2;E9_FR8-1;E8_FR6-3,WATER_NPY1;E7_FR7-1;E8_FR6-4,WATER_NPY3;E7_FR7-5;E8_FR6-1,0.524642876508,0.148849938814,False,False,biological animal
cfos_occurrence,Ocurrencia espacial de núcleos c-FOS positivos / núcleos DAPI,888,WATER_NPY2;E9_FR8-1;E8_FR6-3,WATER_NPY1;E7_FR7-5;E8_FR6-1,WATER_NPY3;E7_FR7-1;E8_FR6-4,0.391421096489,0.115415068006,False,False,biological animal
cfos_occurrence,Ocurrencia espacial de núcleos c-FOS positivos / núcleos DAPI,889,WATER_NPY2;E9_FR8-1;E8_FR6-3,WATER_NPY1;E7_FR7-5;E8_FR6-4,WATER_NPY3;E7_FR7-1;E8_FR6-1,1.05198706928,0.259622513916,False,False,biological animal
cfos_occurrence,Ocurrencia espacial de núcleos c-FOS positivos / núcleos DAPI,890,WATER_NPY2;E9_FR8-1;E8_FR6-3,WATER_NPY1;E8_FR6-1;E8_FR6-4,WATER_NPY3;E7_FR7-1;E7_FR7-5,4.9757313762,0.623858946785,False,True,biological animal
cfos_occurrence,Ocurrencia espacial de núcleos c-FOS positivos / núcleos DAPI,891,WATER_NPY2;E9_FR8-1;E8_FR6-3,WATER_NPY3;E7_FR7-1;E7_FR7-5,WATER_NPY1;E8_FR6-1;E8_FR6-4,4.9757313762,0.623858946785,False,True,biological animal
cfos_occurrence,Ocurrencia espacial de núcleos c-FOS positivos / núcleos DAPI,892,WATER_NPY2;E9_FR8-1;E8_FR6-3,WATER_NPY3;E7_FR7-1;E8_FR6-1,WATER_NPY1;E7_FR7-5;E8_FR6-4,1.05198706928,0.259622513916,False,False,biological animal
cfos_occurrence,Ocurrencia espacial de núcleos c-FOS positivos / núcleos DAPI,893,WATER_NPY2;E9_FR8-1;E8_FR6-3,WATER_NPY3;E7_FR7-1;E8_FR6-4,WATER_NPY1;E7_FR7-5;E8_FR6-1,0.391421096489,0.115415068006,False,False,biological animal
cfos_occurrence,Ocurrencia espacial de núcleos c-FOS positivos / núcleos DAPI,894,WATER_NPY2;E9_FR8-1;E8_FR6-3,WATER_NPY3;E7_FR7-5;E8_FR6-1,WATER_NPY1;E7_FR7-1;E8_FR6-4,0.524642876508,0.148849938814,False,False,biological animal
cfos_occurrence,Ocurrencia espacial de núcleos c-FOS positivos / núcleos DAPI,895,WATER_NPY2;E9_FR8-1;E8_FR6-3,WATER_NPY3;E7_FR7-5;E8_FR6-4,WATER_NPY1;E7_FR7-1;E8_FR6-1,0.332068428245,0.0996583459781,False,False,biological animal
cfos_occurrence,Ocurrencia espacial de núcleos c-FOS positivos / núcleos DAPI,896,WATER_NPY2;E9_FR8-1;E8_FR6-3,WATER_NPY3;E8_FR6-1;E8_FR6-4,WATER_NPY1;E7_FR7-1;E7_FR7-5,0.224876769882,0.0697318954888,False,False,biological animal
cfos_occurrence,Ocurrencia espacial de núcleos c-FOS positivos / núcleos DAPI,897,WATER_NPY2;E9_FR8-1;E8_FR6-3,E7_FR7-1;E7_FR7-5;E8_FR6-1,WATER_NPY1;WATER_NPY3;E8_FR6-4,0.618448568405,0.170915395566,False,False,biological animal
cfos_occurrence,Ocurrencia espacial de núcleos c-FOS positivos / núcleos DAPI,898,WATER_NPY2;E9_FR8-1;E8_FR6-3,E7_FR7-1;E7_FR7-5;E8_FR6-4,WATER_NPY1;WATER_NPY3;E8_FR6-1,0.145648257969,0.046301507996,False,False,biological animal
cfos_occurrence,Ocurrencia espacial de núcleos c-FOS positivos / núcleos DAPI,899,WATER_NPY2;E9_FR8-1;E8_FR6-3,E7_FR7-1;E8_FR6-1;E8_FR6-4,WATER_NPY1;WATER_NPY3;E7_FR7-5,0.203891810326,0.0636387938158,False,False,biological animal
cfos_occurrence,Ocurrencia espacial de núcleos c-FOS positivos / núcleos DAPI,900,WATER_NPY2;E9_FR8-1;E8_FR6-3,E7_FR7-5;E8_FR6-1;E8_FR6-4,WATER_NPY1;WATER_NPY3;E7_FR7-1,0.37982987034,0.112381357912,False,False,biological animal
cfos_occurrence,Ocurrencia espacial de núcleos c-FOS positivos / núcleos DAPI,901,WATER_NPY2;E9_FR8-1;E8_FR6-4,WATER_NPY1;WATER_NPY3;E7_FR7-1,E7_FR7-5;E8_FR6-1;E8_FR6-3,0.290394753622,0.0882552931687,False,False,biological animal
cfos_occurrence,Ocurrencia espacial de núcleos c-FOS positivos / núcleos DAPI,902,WATER_NPY2;E9_FR8-1;E8_FR6-4,WATER_NPY1;WATER_NPY3;E7_FR7-5,E7_FR7-1;E8_FR6-1;E8_FR6-3,0.273083773366,0.0834331756455,False,False,biological animal
cfos_occurrence,Ocurrencia espacial de núcleos c-FOS positivos / núcleos DAPI,903,WATER_NPY2;E9_FR8-1;E8_FR6-4,WATER_NPY1;WATER_NPY3;E8_FR6-1,E7_FR7-1;E7_FR7-5;E8_FR6-3,0.385916217644,0.113976895126,False,False,biological animal
cfos_occurrence,Ocurrencia espacial de núcleos c-FOS positivos / núcleos DAPI,904,WATER_NPY2;E9_FR8-1;E8_FR6-4,WATER_NPY1;WATER_NPY3;E8_FR6-3,E7_FR7-1;E7_FR7-5;E8_FR6-1,0.403648220707,0.118592814102,False,False,biological animal
cfos_occurrence,Ocurrencia espacial de núcleos c-FOS positivos / núcleos DAPI,905,WATER_NPY2;E9_FR8-1;E8_FR6-4,WATER_NPY1;E7_FR7-1;E7_FR7-5,WATER_NPY3;E8_FR6-1;E8_FR6-3,0.200425290847,0.0626245803708,False,False,biological animal
cfos_occurrence,Ocurrencia espacial de núcleos c-FOS positivos / núcleos DAPI,906,WATER_NPY2;E9_FR8-1;E8_FR6-4,WATER_NPY1;E7_FR7-1;E8_FR6-1,WATER_NPY3;E7_FR7-5;E8_FR6-3,0.490125419053,0.140432036161,False,False,biological animal
cfos_occurrence,Ocurrencia espacial de núcleos c-FOS positivos / núcleos DAPI,907,WATER_NPY2;E9_FR8-1;E8_FR6-4,WATER_NPY1;E7_FR7-1;E8_FR6-3,WATER_NPY3;E7_FR7-5;E8_FR6-1,0.422426917874,0.123429054297,False,False,biological animal
cfos_occurrence,Ocurrencia espacial de núcleos c-FOS positivos / núcleos DAPI,908,WATER_NPY2;E9_FR8-1;E8_FR6-4,WATER_NPY1;E7_FR7-5;E8_FR6-1,WATER_NPY3;E7_FR7-1;E8_FR6-3,0.750511967207,0.200109204762,False,False,biological animal
cfos_occurrence,Ocurrencia espacial de núcleos c-FOS positivos / núcleos DAPI,909,WATER_NPY2;E9_FR8-1;E8_FR6-4,WATER_NPY1;E7_FR7-5;E8_FR6-3,WATER_NPY3;E7_FR7-1;E8_FR6-1,0.704989851256,0.190281182826,False,False,biological animal
cfos_occurrence,Ocurrencia espacial de núcleos c-FOS positivos / núcleos DAPI,910,WATER_NPY2;E9_FR8-1;E8_FR6-4,WATER_NPY1;E8_FR6-1;E8_FR6-3,WATER_NPY3;E7_FR7-1;E7_FR7-5,3.08071061455,0.506636610395,False,False,biological animal
cfos_occurrence,Ocurrencia espacial de núcleos c-FOS positivos / núcleos DAPI,911,WATER_NPY2;E9_FR8-1;E8_FR6-4,WATER_NPY3;E7_FR7-1;E7_FR7-5,WATER_NPY1;E8_FR6-1;E8_FR6-3,3.08071061455,0.506636610395,False,False,biological animal
cfos_occurrence,Ocurrencia espacial de núcleos c-FOS positivos / núcleos DAPI,912,WATER_NPY2;E9_FR8-1;E8_FR6-4,WATER_NPY3;E7_FR7-1;E8_FR6-1,WATER_NPY1;E7_FR7-5;E8_FR6-3,0.704989851256,0.190281182826,False,False,biological animal
cfos_occurrence,Ocurrencia espacial de núcleos c-FOS positivos / núcleos DAPI,913,WATER_NPY2;E9_FR8-1;E8_FR6-4,WATER_NPY3;E7_FR7-1;E8_FR6-3,WATER_NPY1;E7_FR7-5;E8_FR6-1,0.750511967207,0.200109204762,False,False,biological animal
cfos_occurrence,Ocurrencia espacial de núcleos c-FOS positivos / núcleos DAPI,914,WATER_NPY2;E9_FR8-1;E8_FR6-4,WATER_NPY3;E7_FR7-5;E8_FR6-1,WATER_NPY1;E7_FR7-1;E8_FR6-3,0.422426917874,0.123429054297,False,False,biological animal
cfos_occurrence,Ocurrencia espacial de núcleos c-FOS positivos / núcleos DAPI,915,WATER_NPY2;E9_FR8-1;E8_FR6-4,WATER_NPY3;E7_FR7-5;E8_FR6-3,WATER_NPY1;E7_FR7-1;E8_FR6-1,0.490125419053,0.140432036161,False,False,biological animal
cfos_occurrence,Ocurrencia espacial de núcleos c-FOS positivos / núcleos DAPI,916,WATER_NPY2;E9_FR8-1;E8_FR6-4,WATER_NPY3;E8_FR6-1;E8_FR6-3,WATER_NPY1;E7_FR7-1;E7_FR7-5,0.200425290847,0.0626245803708,False,False,biological animal
cfos_occurrence,Ocurrencia espacial de núcleos c-FOS positivos / núcleos DAPI,917,WATER_NPY2;E9_FR8-1;E8_FR6-4,E7_FR7-1;E7_FR7-5;E8_FR6-1,WATER_NPY1;WATER_NPY3;E8_FR6-3,0.403648220707,0.118592814102,False,False,biological animal
cfos_occurrence,Ocurrencia espacial de núcleos c-FOS positivos / núcleos DAPI,918,WATER_NPY2;E9_FR8-1;E8_FR6-4,E7_FR7-1;E7_FR7-5;E8_FR6-3,WATER_NPY1;WATER_NPY3;E8_FR6-1,0.385916217644,0.113976895126,False,False,biological animal
cfos_occurrence,Ocurrencia espacial de núcleos c-FOS positivos / núcleos DAPI,919,WATER_NPY2;E9_FR8-1;E8_FR6-4,E7_FR7-1;E8_FR6-1;E8_FR6-3,WATER_NPY1;WATER_NPY3;E7_FR7-5,0.273083773366,0.0834331756455,False,False,biological animal
cfos_occurrence,Ocurrencia espacial de núcleos c-FOS positivos / núcleos DAPI,920,WATER_NPY2;E9_FR8-1;E8_FR6-4,E7_FR7-5;E8_FR6-1;E8_FR6-3,WATER_NPY1;WATER_NPY3;E7_FR7-1,0.290394753622,0.0882552931687,False,False,biological animal
cfos_occurrence,Ocurrencia espacial de núcleos c-FOS positivos / núcleos DAPI,921,WATER_NPY2;E8_FR6-1;E8_FR6-3,WATER_NPY1;WATER_NPY3;E7_FR7-1,E7_FR7-5;E9_FR8-1;E8_FR6-4,0.537411337299,0.151922206963,False,False,biological animal
cfos_occurrence,Ocurrencia espacial de núcleos c-FOS positivos / núcleos DAPI,922,WATER_NPY2;E8_FR6-1;E8_FR6-3,WATER_NPY1;WATER_NPY3;E7_FR7-5,E7_FR7-1;E9_FR8-1;E8_FR6-4,0.526063741635,0.149192918841,False,False,biological animal
cfos_occurrence,Ocurrencia espacial de núcleos c-FOS positivos / núcleos DAPI,923,WATER_NPY2;E8_FR6-1;E8_FR6-3,WATER_NPY1;WATER_NPY3;E9_FR8-1,E7_FR7-1;E7_FR7-5;E8_FR6-4,0.545542848921,0.153867227719,False,False,biological animal
cfos_occurrence,Ocurrencia espacial de núcleos c-FOS positivos / núcleos DAPI,924,WATER_NPY2;E8_FR6-1;E8_FR6-3,WATER_NPY1;WATER_NPY3;E8_FR6-4,E7_FR7-1;E7_FR7-5;E9_FR8-1,2.7034360192,0.474001288013,False,False,biological animal
cfos_occurrence,Ocurrencia espacial de núcleos c-FOS positivos / núcleos DAPI,925,WATER_NPY2;E8_FR6-1;E8_FR6-3,WATER_NPY1;E7_FR7-1;E7_FR7-5,WATER_NPY3;E9_FR8-1;E8_FR6-4,0.618304257446,0.170882328697,False,False,biological animal
cfos_occurrence,Ocurrencia espacial de núcleos c-FOS positivos / núcleos DAPI,926,WATER_NPY2;E8_FR6-1;E8_FR6-3,WATER_NPY1;E7_FR7-1;E9_FR8-1,WATER_NPY3;E7_FR7-5;E8_FR6-4,0.711161569315,0.191627757518,False,False,biological animal
cfos_occurrence,Ocurrencia espacial de núcleos c-FOS positivos / núcleos DAPI,927,WATER_NPY2;E8_FR6-1;E8_FR6-3,WATER_NPY1;E7_FR7-1;E8_FR6-4,WATER_NPY3;E7_FR7-5;E9_FR8-1,2.63414286988,0.467532139443,False,False,biological animal
cfos_occurrence,Ocurrencia espacial de núcleos c-FOS positivos / núcleos DAPI,928,WATER_NPY2;E8_FR6-1;E8_FR6-3,WATER_NPY1;E7_FR7-5;E9_FR8-1,WATER_NPY3;E7_FR7-1;E8_FR6-4,0.577268050869,0.161371203572,False,False,biological animal
cfos_occurrence,Ocurrencia espacial de núcleos c-FOS positivos / núcleos DAPI,929,WATER_NPY2;E8_FR6-1;E8_FR6-3,WATER_NPY1;E7_FR7-5;E8_FR6-4,WATER_NPY3;E7_FR7-1;E9_FR8-1,4.98547687749,0.624317990519,False,True,biological animal
cfos_occurrence,Ocurrencia espacial de núcleos c-FOS positivos / núcleos DAPI,930,WATER_NPY2;E8_FR6-1;E8_FR6-3,WATER_NPY1;E9_FR8-1;E8_FR6-4,WATER_NPY3;E7_FR7-1;E7_FR7-5,2.47728430003,0.45228331493,False,False,biological animal
cfos_occurrence,Ocurrencia espacial de núcleos c-FOS positivos / núcleos DAPI,931,WATER_NPY2;E8_FR6-1;E8_FR6-3,WATER_NPY3;E7_FR7-1;E7_FR7-5,WATER_NPY1;E9_FR8-1;E8_FR6-4,2.47728430003,0.45228331493,False,False,biological animal
cfos_occurrence,Ocurrencia espacial de núcleos c-FOS positivos / núcleos DAPI,932,WATER_NPY2;E8_FR6-1;E8_FR6-3,WATER_NPY3;E7_FR7-1;E9_FR8-1,WATER_NPY1;E7_FR7-5;E8_FR6-4,4.98547687749,0.624317990519,False,True,biological animal
cfos_occurrence,Ocurrencia espacial de núcleos c-FOS positivos / núcleos DAPI,933,WATER_NPY2;E8_FR6-1;E8_FR6-3,WATER_NPY3;E7_FR7-1;E8_FR6-4,WATER_NPY1;E7_FR7-5;E9_FR8-1,0.577268050869,0.161371203572,False,False,biological animal
cfos_occurrence,Ocurrencia espacial de núcleos c-FOS positivos / núcleos DAPI,934,WATER_NPY2;E8_FR6-1;E8_FR6-3,WATER_NPY3;E7_FR7-5;E9_FR8-1,WATER_NPY1;E7_FR7-1;E8_FR6-4,2.63414286988,0.467532139443,False,False,biological animal
cfos_occurrence,Ocurrencia espacial de núcleos c-FOS positivos / núcleos DAPI,935,WATER_NPY2;E8_FR6-1;E8_FR6-3,WATER_NPY3;E7_FR7-5;E8_FR6-4,WATER_NPY1;E7_FR7-1;E9_FR8-1,0.711161569315,0.191627757518,False,False,biological animal
cfos_occurrence,Ocurrencia espacial de núcleos c-FOS positivos / núcleos DAPI,936,WATER_NPY2;E8_FR6-1;E8_FR6-3,WATER_NPY3;E9_FR8-1;E8_FR6-4,WATER_NPY1;E7_FR7-1;E7_FR7-5,0.618304257446,0.170882328697,False,False,biological animal
cfos_occurrence,Ocurrencia espacial de núcleos c-FOS positivos / núcleos DAPI,937,WATER_NPY2;E8_FR6-1;E8_FR6-3,E7_FR7-1;E7_FR7-5;E9_FR8-1,WATER_NPY1;WATER_NPY3;E8_FR6-4,2.7034360192,0.474001288013,False,False,biological animal
cfos_occurrence,Ocurrencia espacial de núcleos c-FOS positivos / núcleos DAPI,938,WATER_NPY2;E8_FR6-1;E8_FR6-3,E7_FR7-1;E7_FR7-5;E8_FR6-4,WATER_NPY1;WATER_NPY3;E9_FR8-1,0.545542848921,0.153867227719,False,False,biological animal
cfos_occurrence,Ocurrencia espacial de núcleos c-FOS positivos / núcleos DAPI,939,WATER_NPY2;E8_FR6-1;E8_FR6-3,E7_FR7-1;E9_FR8-1;E8_FR6-4,WATER_NPY1;WATER_NPY3;E7_FR7-5,0.526063741635,0.149192918841,False,False,biological animal
cfos_occurrence,Ocurrencia espacial de núcleos c-FOS positivos / núcleos DAPI,940,WATER_NPY2;E8_FR6-1;E8_FR6-3,E7_FR7-5;E9_FR8-1;E8_FR6-4,WATER_NPY1;WATER_NPY3;E7_FR7-1,0.537411337299,0.151922206963,False,False,biological animal
cfos_occurrence,Ocurrencia espacial de núcleos c-FOS positivos / núcleos DAPI,941,WATER_NPY2;E8_FR6-1;E8_FR6-4,WATER_NPY1;WATER_NPY3;E7_FR7-1,E7_FR7-5;E9_FR8-1;E8_FR6-3,1.30086389082,0.302465719409,False,False,biological animal
cfos_occurrence,Ocurrencia espacial de núcleos c-FOS positivos / núcleos DAPI,942,WATER_NPY2;E8_FR6-1;E8_FR6-4,WATER_NPY1;WATER_NPY3;E7_FR7-5,E7_FR7-1;E9_FR8-1;E8_FR6-3,1.5707799759,0.34365687786,False,False,biological animal
cfos_occurrence,Ocurrencia espacial de núcleos c-FOS positivos / núcleos DAPI,943,WATER_NPY2;E8_FR6-1;E8_FR6-4,WATER_NPY1;WATER_NPY3;E9_FR8-1,E7_FR7-1;E7_FR7-5;E8_FR6-3,1.34076387452,0.308877403443,False,False,biological animal
cfos_occurrence,Ocurrencia espacial de núcleos c-FOS positivos / núcleos DAPI,944,WATER_NPY2;E8_FR6-1;E8_FR6-4,WATER_NPY1;WATER_NPY3;E8_FR6-3,E7_FR7-1;E7_FR7-5;E9_FR8-1,3.11014757091,0.509013495143,False,False,biological animal
cfos_occurrence,Ocurrencia espacial de núcleos c-FOS positivos / núcleos DAPI,945,WATER_NPY2;E8_FR6-1;E8_FR6-4,WATER_NPY1;E7_FR7-1;E7_FR7-5,WATER_NPY3;E9_FR8-1;E8_FR6-3,1.5347675465,0.338444590768,False,False,biological animal
cfos_occurrence,Ocurrencia espacial de núcleos c-FOS positivos / núcleos DAPI,946,WATER_NPY2;E8_FR6-1;E8_FR6-4,WATER_NPY1;E7_FR7-1;E9_FR8-1,WATER_NPY3;E7_FR7-5;E8_FR6-3,1.41005409969,0.319736236295,False,False,biological animal
cfos_occurrence,Ocurrencia espacial de núcleos c-FOS positivos / núcleos DAPI,947,WATER_NPY2;E8_FR6-1;E8_FR6-4,WATER_NPY1;E7_FR7-1;E8_FR6-3,WATER_NPY3;E7_FR7-5;E9_FR8-1,3.37546440465,0.529446043521,False,True,biological animal
cfos_occurrence,Ocurrencia espacial de núcleos c-FOS positivos / núcleos DAPI,948,WATER_NPY2;E8_FR6-1;E8_FR6-4,WATER_NPY1;E7_FR7-5;E9_FR8-1,WATER_NPY3;E7_FR7-1;E8_FR6-3,1.5004509154,0.333400128922,False,False,biological animal
cfos_occurrence,Ocurrencia espacial de núcleos c-FOS positivos / núcleos DAPI,949,WATER_NPY2;E8_FR6-1;E8_FR6-4,WATER_NPY1;E7_FR7-5;E8_FR6-3,WATER_NPY3;E7_FR7-1;E9_FR8-1,5.38718483839,0.642311448024,False,True,biological animal
cfos_occurrence,Ocurrencia espacial de núcleos c-FOS positivos / núcleos DAPI,950,WATER_NPY2;E8_FR6-1;E8_FR6-4,WATER_NPY1;E9_FR8-1;E8_FR6-3,WATER_NPY3;E7_FR7-1;E7_FR7-5,3.11908417923,0.509730555729,False,False,biological animal
cfos_occurrence,Ocurrencia espacial de núcleos c-FOS positivos / núcleos DAPI,951,WATER_NPY2;E8_FR6-1;E8_FR6-4,WATER_NPY3;E7_FR7-1;E7_FR7-5,WATER_NPY1;E9_FR8-1;E8_FR6-3,3.11908417923,0.509730555729,False,False,biological animal
cfos_occurrence,Ocurrencia espacial de núcleos c-FOS positivos / núcleos DAPI,952,WATER_NPY2;E8_FR6-1;E8_FR6-4,WATER_NPY3;E7_FR7-1;E9_FR8-1,WATER_NPY1;E7_FR7-5;E8_FR6-3,5.38718483839,0.642311448024,False,True,biological animal
cfos_occurrence,Ocurrencia espacial de núcleos c-FOS positivos / núcleos DAPI,953,WATER_NPY2;E8_FR6-1;E8_FR6-4,WATER_NPY3;E7_FR7-1;E8_FR6-3,WATER_NPY1;E7_FR7-5;E9_FR8-1,1.5004509154,0.333400128922,False,False,biological animal
cfos_occurrence,Ocurrencia espacial de núcleos c-FOS positivos / núcleos DAPI,954,WATER_NPY2;E8_FR6-1;E8_FR6-4,WATER_NPY3;E7_FR7-5;E9_FR8-1,WATER_NPY1;E7_FR7-1;E8_FR6-3,3.37546440465,0.529446043521,False,True,biological animal
cfos_occurrence,Ocurrencia espacial de núcleos c-FOS positivos / núcleos DAPI,955,WATER_NPY2;E8_FR6-1;E8_FR6-4,WATER_NPY3;E7_FR7-5;E8_FR6-3,WATER_NPY1;E7_FR7-1;E9_FR8-1,1.41005409969,0.319736236295,False,False,biological animal
cfos_occurrence,Ocurrencia espacial de núcleos c-FOS positivos / núcleos DAPI,956,WATER_NPY2;E8_FR6-1;E8_FR6-4,WATER_NPY3;E9_FR8-1;E8_FR6-3,WATER_NPY1;E7_FR7-1;E7_FR7-5,1.5347675465,0.338444590768,False,False,biological animal
cfos_occurrence,Ocurrencia espacial de núcleos c-FOS positivos / núcleos DAPI,957,WATER_NPY2;E8_FR6-1;E8_FR6-4,E7_FR7-1;E7_FR7-5;E9_FR8-1,WATER_NPY1;WATER_NPY3;E8_FR6-3,3.11014757091,0.509013495143,False,False,biological animal
cfos_occurrence,Ocurrencia espacial de núcleos c-FOS positivos / núcleos DAPI,958,WATER_NPY2;E8_FR6-1;E8_FR6-4,E7_FR7-1;E7_FR7-5;E8_FR6-3,WATER_NPY1;WATER_NPY3;E9_FR8-1,1.34076387452,0.308877403443,False,False,biological animal
cfos_occurrence,Ocurrencia espacial de núcleos c-FOS positivos / núcleos DAPI,959,WATER_NPY2;E8_FR6-1;E8_FR6-4,E7_FR7-1;E9_FR8-1;E8_FR6-3,WATER_NPY1;WATER_NPY3;E7_FR7-5,1.5707799759,0.34365687786,False,False,biological animal
cfos_occurrence,Ocurrencia espacial de núcleos c-FOS positivos / núcleos DAPI,960,WATER_NPY2;E8_FR6-1;E8_FR6-4,E7_FR7-5;E9_FR8-1;E8_FR6-3,WATER_NPY1;WATER_NPY3;E7_FR7-1,1.30086389082,0.302465719409,False,False,biological animal
cfos_occurrence,Ocurrencia espacial de núcleos c-FOS positivos / núcleos DAPI,961,WATER_NPY2;E8_FR6-3;E8_FR6-4,WATER_NPY1;WATER_NPY3;E7_FR7-1,E7_FR7-5;E9_FR8-1;E8_FR6-1,1.30333804846,0.302866759195,False,False,biological animal
cfos_occurrence,Ocurrencia espacial de núcleos c-FOS positivos / núcleos DAPI,962,WATER_NPY2;E8_FR6-3;E8_FR6-4,WATER_NPY1;WATER_NPY3;E7_FR7-5,E7_FR7-1;E9_FR8-1;E8_FR6-1,1.59872589081,0.34764539761,False,False,biological animal
cfos_occurrence,Ocurrencia espacial de núcleos c-FOS positivos / núcleos DAPI,963,WATER_NPY2;E8_FR6-3;E8_FR6-4,WATER_NPY1;WATER_NPY3;E9_FR8-1,E7_FR7-1;E7_FR7-5;E8_FR6-1,1.38028324611,0.31511278348,False,False,biological animal
cfos_occurrence,Ocurrencia espacial de núcleos c-FOS positivos / núcleos DAPI,964,WATER_NPY2;E8_FR6-3;E8_FR6-4,WATER_NPY1;WATER_NPY3;E8_FR6-1,E7_FR7-1;E7_FR7-5;E9_FR8-1,3.13036786607,0.510632956204,False,False,biological animal
cfos_occurrence,Ocurrencia espacial de núcleos c-FOS positivos / núcleos DAPI,965,WATER_NPY2;E8_FR6-3;E8_FR6-4,WATER_NPY1;E7_FR7-1;E7_FR7-5,WATER_NPY3;E9_FR8-1;E8_FR6-1,1.48848922516,0.331623660098,False,False,biological animal
cfos_occurrence,Ocurrencia espacial de núcleos c-FOS positivos / núcleos DAPI,966,WATER_NPY2;E8_FR6-3;E8_FR6-4,WATER_NPY1;E7_FR7-1;E9_FR8-1,WATER_NPY3;E7_FR7-5;E8_FR6-1,1.38059910051,0.315162165912,False,False,biological animal
cfos_occurrence,Ocurrencia espacial de núcleos c-FOS positivos / núcleos DAPI,967,WATER_NPY2;E8_FR6-3;E8_FR6-4,WATER_NPY1;E7_FR7-1;E8_FR6-1,WATER_NPY3;E7_FR7-5;E9_FR8-1,3.54843046184,0.541874955001,False,True,biological animal
cfos_occurrence,Ocurrencia espacial de núcleos c-FOS positivos / núcleos DAPI,968,WATER_NPY2;E8_FR6-3;E8_FR6-4,WATER_NPY1;E7_FR7-5;E9_FR8-1,WATER_NPY3;E7_FR7-1;E8_FR6-1,1.49379993907,0.332413538503,False,False,biological animal
cfos_occurrence,Ocurrencia espacial de núcleos c-FOS positivos / núcleos DAPI,969,WATER_NPY2;E8_FR6-3;E8_FR6-4,WATER_NPY1;E7_FR7-5;E8_FR6-1,WATER_NPY3;E7_FR7-1;E9_FR8-1,5.59975566388,0.651152879541,False,True,biological animal
cfos_occurrence,Ocurrencia espacial de núcleos c-FOS positivos / núcleos DAPI,970,WATER_NPY2;E8_FR6-3;E8_FR6-4,WATER_NPY1;E9_FR8-1;E8_FR6-1,WATER_NPY3;E7_FR7-1;E7_FR7-5,3.20251364545,0.516325126959,False,False,biological animal
cfos_occurrence,Ocurrencia espacial de núcleos c-FOS positivos / núcleos DAPI,971,WATER_NPY2;E8_FR6-3;E8_FR6-4,WATER_NPY3;E7_FR7-1;E7_FR7-5,WATER_NPY1;E9_FR8-1;E8_FR6-1,3.20251364545,0.516325126959,False,False,biological animal
cfos_occurrence,Ocurrencia espacial de núcleos c-FOS positivos / núcleos DAPI,972,WATER_NPY2;E8_FR6-3;E8_FR6-4,WATER_NPY3;E7_FR7-1;E9_FR8-1,WATER_NPY1;E7_FR7-5;E8_FR6-1,5.59975566388,0.651152879541,False,True,biological animal
cfos_occurrence,Ocurrencia espacial de núcleos c-FOS positivos / núcleos DAPI,973,WATER_NPY2;E8_FR6-3;E8_FR6-4,WATER_NPY3;E7_FR7-1;E8_FR6-1,WATER_NPY1;E7_FR7-5;E9_FR8-1,1.49379993907,0.332413538503,False,False,biological animal
cfos_occurrence,Ocurrencia espacial de núcleos c-FOS positivos / núcleos DAPI,974,WATER_NPY2;E8_FR6-3;E8_FR6-4,WATER_NPY3;E7_FR7-5;E9_FR8-1,WATER_NPY1;E7_FR7-1;E8_FR6-1,3.54843046184,0.541874955001,False,True,biological animal
cfos_occurrence,Ocurrencia espacial de núcleos c-FOS positivos / núcleos DAPI,975,WATER_NPY2;E8_FR6-3;E8_FR6-4,WATER_NPY3;E7_FR7-5;E8_FR6-1,WATER_NPY1;E7_FR7-1;E9_FR8-1,1.38059910051,0.315162165912,False,False,biological animal
cfos_occurrence,Ocurrencia espacial de núcleos c-FOS positivos / núcleos DAPI,976,WATER_NPY2;E8_FR6-3;E8_FR6-4,WATER_NPY3;E9_FR8-1;E8_FR6-1,WATER_NPY1;E7_FR7-1;E7_FR7-5,1.48848922516,0.331623660098,False,False,biological animal
cfos_occurrence,Ocurrencia espacial de núcleos c-FOS positivos / núcleos DAPI,977,WATER_NPY2;E8_FR6-3;E8_FR6-4,E7_FR7-1;E7_FR7-5;E9_FR8-1,WATER_NPY1;WATER_NPY3;E8_FR6-1,3.13036786607,0.510632956204,False,False,biological animal
cfos_occurrence,Ocurrencia espacial de núcleos c-FOS positivos / núcleos DAPI,978,WATER_NPY2;E8_FR6-3;E8_FR6-4,E7_FR7-1;E7_FR7-5;E8_FR6-1,WATER_NPY1;WATER_NPY3;E9_FR8-1,1.38028324611,0.31511278348,False,False,biological animal
cfos_occurrence,Ocurrencia espacial de núcleos c-FOS positivos / núcleos DAPI,979,WATER_NPY2;E8_FR6-3;E8_FR6-4,E7_FR7-1;E9_FR8-1;E8_FR6-1,WATER_NPY1;WATER_NPY3;E7_FR7-5,1.59872589081,0.34764539761,False,False,biological animal
cfos_occurrence,Ocurrencia espacial de núcleos c-FOS positivos / núcleos DAPI,980,WATER_NPY2;E8_FR6-3;E8_FR6-4,E7_FR7-5;E9_FR8-1;E8_FR6-1,WATER_NPY1;WATER_NPY3;E7_FR7-1,1.30333804846,0.302866759195,False,False,biological animal
cfos_occurrence,Ocurrencia espacial de núcleos c-FOS positivos / núcleos DAPI,981,WATER_NPY3;E7_FR7-1;E7_FR7-5,WATER_NPY1;WATER_NPY2;E9_FR8-1,E8_FR6-1;E8_FR6-3;E8_FR6-4,3.24158347526,0.51935273927,False,False,biological animal
cfos_occurrence,Ocurrencia espacial de núcleos c-FOS positivos / núcleos DAPI,982,WATER_NPY3;E7_FR7-1;E7_FR7-5,WATER_NPY1;WATER_NPY2;E8_FR6-1,E9_FR8-1;E8_FR6-3;E8_FR6-4,3.1176561278,0.509616111575,False,False,biological animal
cfos_occurrence,Ocurrencia espacial de núcleos c-FOS positivos / núcleos DAPI,983,WATER_NPY3;E7_FR7-1;E7_FR7-5,WATER_NPY1;WATER_NPY2;E8_FR6-3,E9_FR8-1;E8_FR6-1;E8_FR6-4,3.13523027046,0.511020798283,False,False,biological animal
cfos_occurrence,Ocurrencia espacial de núcleos c-FOS positivos / núcleos DAPI,984,WATER_NPY3;E7_FR7-1;E7_FR7-5,WATER_NPY1;WATER_NPY2;E8_FR6-4,E9_FR8-1;E8_FR6-1;E8_FR6-3,5.7950379323,0.658898571775,False,True,biological animal
cfos_occurrence,Ocurrencia espacial de núcleos c-FOS positivos / núcleos DAPI,985,WATER_NPY3;E7_FR7-1;E7_FR7-5,WATER_NPY1;E9_FR8-1;E8_FR6-1,WATER_NPY2;E8_FR6-3;E8_FR6-4,3.20251364545,0.516325126959,False,False,biological animal
cfos_occurrence,Ocurrencia espacial de núcleos c-FOS positivos / núcleos DAPI,986,WATER_NPY3;E7_FR7-1;E7_FR7-5,WATER_NPY1;E9_FR8-1;E8_FR6-3,WATER_NPY2;E8_FR6-1;E8_FR6-4,3.11908417923,0.509730555729,False,False,biological animal
cfos_occurrence,Ocurrencia espacial de núcleos c-FOS positivos / núcleos DAPI,987,WATER_NPY3;E7_FR7-1;E7_FR7-5,WATER_NPY1;E9_FR8-1;E8_FR6-4,WATER_NPY2;E8_FR6-1;E8_FR6-3,2.47728430003,0.45228331493,False,False,biological animal
cfos_occurrence,Ocurrencia espacial de núcleos c-FOS positivos / núcleos DAPI,988,WATER_NPY3;E7_FR7-1;E7_FR7-5,WATER_NPY1;E8_FR6-1;E8_FR6-3,WATER_NPY2;E9_FR8-1;E8_FR6-4,3.08071061455,0.506636610395,False,False,biological animal
cfos_occurrence,Ocurrencia espacial de núcleos c-FOS positivos / núcleos DAPI,989,WATER_NPY3;E7_FR7-1;E7_FR7-5,WATER_NPY1;E8_FR6-1;E8_FR6-4,WATER_NPY2;E9_FR8-1;E8_FR6-3,4.9757313762,0.623858946785,False,True,biological animal
cfos_occurrence,Ocurrencia espacial de núcleos c-FOS positivos / núcleos DAPI,990,WATER_NPY3;E7_FR7-1;E7_FR7-5,WATER_NPY1;E8_FR6-3;E8_FR6-4,WATER_NPY2;E9_FR8-1;E8_FR6-1,4.60597937041,0.605573476616,False,True,biological animal
cfos_occurrence,Ocurrencia espacial de núcleos c-FOS positivos / núcleos DAPI,991,WATER_NPY3;E7_FR7-1;E7_FR7-5,WATER_NPY2;E9_FR8-1;E8_FR6-1,WATER_NPY1;E8_FR6-3;E8_FR6-4,4.60597937041,0.605573476616,False,True,biological animal
cfos_occurrence,Ocurrencia espacial de núcleos c-FOS positivos / núcleos DAPI,992,WATER_NPY3;E7_FR7-1;E7_FR7-5,WATER_NPY2;E9_FR8-1;E8_FR6-3,WATER_NPY1;E8_FR6-1;E8_FR6-4,4.9757313762,0.623858946785,False,True,biological animal
cfos_occurrence,Ocurrencia espacial de núcleos c-FOS positivos / núcleos DAPI,993,WATER_NPY3;E7_FR7-1;E7_FR7-5,WATER_NPY2;E9_FR8-1;E8_FR6-4,WATER_NPY1;E8_FR6-1;E8_FR6-3,3.08071061455,0.506636610395,False,False,biological animal
cfos_occurrence,Ocurrencia espacial de núcleos c-FOS positivos / núcleos DAPI,994,WATER_NPY3;E7_FR7-1;E7_FR7-5,WATER_NPY2;E8_FR6-1;E8_FR6-3,WATER_NPY1;E9_FR8-1;E8_FR6-4,2.47728430003,0.45228331493,False,False,biological animal
cfos_occurrence,Ocurrencia espacial de núcleos c-FOS positivos / núcleos DAPI,995,WATER_NPY3;E7_FR7-1;E7_FR7-5,WATER_NPY2;E8_FR6-1;E8_FR6-4,WATER_NPY1;E9_FR8-1;E8_FR6-3,3.11908417923,0.509730555729,False,False,biological animal
cfos_occurrence,Ocurrencia espacial de núcleos c-FOS positivos / núcleos DAPI,996,WATER_NPY3;E7_FR7-1;E7_FR7-5,WATER_NPY2;E8_FR6-3;E8_FR6-4,WATER_NPY1;E9_FR8-1;E8_FR6-1,3.20251364545,0.516325126959,False,False,biological animal
cfos_occurrence,Ocurrencia espacial de núcleos c-FOS positivos / núcleos DAPI,997,WATER_NPY3;E7_FR7-1;E7_FR7-5,E9_FR8-1;E8_FR6-1;E8_FR6-3,WATER_NPY1;WATER_NPY2;E8_FR6-4,5.7950379323,0.658898571775,False,True,biological animal
cfos_occurrence,Ocurrencia espacial de núcleos c-FOS positivos / núcleos DAPI,998,WATER_NPY3;E7_FR7-1;E7_FR7-5,E9_FR8-1;E8_FR6-1;E8_FR6-4,WATER_NPY1;WATER_NPY2;E8_FR6-3,3.13523027046,0.511020798283,False,False,biological animal
cfos_occurrence,Ocurrencia espacial de núcleos c-FOS positivos / núcleos DAPI,999,WATER_NPY3;E7_FR7-1;E7_FR7-5,E9_FR8-1;E8_FR6-3;E8_FR6-4,WATER_NPY1;WATER_NPY2;E8_FR6-1,3.1176561278,0.509616111575,False,False,biological animal
cfos_occurrence,Ocurrencia espacial de núcleos c-FOS positivos / núcleos DAPI,1000,WATER_NPY3;E7_FR7-1;E7_FR7-5,E8_FR6-1;E8_FR6-3;E8_FR6-4,WATER_NPY1;WATER_NPY2;E9_FR8-1,3.24158347526,0.51935273927,False,False,biological animal
cfos_occurrence,Ocurrencia espacial de núcleos c-FOS positivos / núcleos DAPI,1001,WATER_NPY3;E7_FR7-1;E9_FR8-1,WATER_NPY1;WATER_NPY2;E7_FR7-5,E8_FR6-1;E8_FR6-3;E8_FR6-4,5.7589126458,0.657491731986,False,True,biological animal
cfos_occurrence,Ocurrencia espacial de núcleos c-FOS positivos / núcleos DAPI,1002,WATER_NPY3;E7_FR7-1;E9_FR8-1,WATER_NPY1;WATER_NPY2;E8_FR6-1,E7_FR7-5;E8_FR6-3;E8_FR6-4,5.69330555388,0.654906872719,False,True,biological animal
cfos_occurrence,Ocurrencia espacial de núcleos c-FOS positivos / núcleos DAPI,1003,WATER_NPY3;E7_FR7-1;E9_FR8-1,WATER_NPY1;WATER_NPY2;E8_FR6-3,E7_FR7-5;E8_FR6-1;E8_FR6-4,5.7862761105,0.658558419714,False,True,biological animal
cfos_occurrence,Ocurrencia espacial de núcleos c-FOS positivos / núcleos DAPI,1004,WATER_NPY3;E7_FR7-1;E9_FR8-1,WATER_NPY1;WATER_NPY2;E8_FR6-4,E7_FR7-5;E8_FR6-1;E8_FR6-3,9.87456452906,0.766982409912,False,True,biological animal
cfos_occurrence,Ocurrencia espacial de núcleos c-FOS positivos / núcleos DAPI,1005,WATER_NPY3;E7_FR7-1;E9_FR8-1,WATER_NPY1;E7_FR7-5;E8_FR6-1,WATER_NPY2;E8_FR6-3;E8_FR6-4,5.59975566388,0.651152879541,False,True,biological animal
cfos_occurrence,Ocurrencia espacial de núcleos c-FOS positivos / núcleos DAPI,1006,WATER_NPY3;E7_FR7-1;E9_FR8-1,WATER_NPY1;E7_FR7-5;E8_FR6-3,WATER_NPY2;E8_FR6-1;E8_FR6-4,5.38718483839,0.642311448024,False,True,biological animal
cfos_occurrence,Ocurrencia espacial de núcleos c-FOS positivos / núcleos DAPI,1007,WATER_NPY3;E7_FR7-1;E9_FR8-1,WATER_NPY1;E7_FR7-5;E8_FR6-4,WATER_NPY2;E8_FR6-1;E8_FR6-3,4.98547687749,0.624317990519,False,True,biological animal
cfos_occurrence,Ocurrencia espacial de núcleos c-FOS positivos / núcleos DAPI,1008,WATER_NPY3;E7_FR7-1;E9_FR8-1,WATER_NPY1;E8_FR6-1;E8_FR6-3,WATER_NPY2;E7_FR7-5;E8_FR6-4,5.75875256203,0.65748547196,False,True,biological animal
cfos_occurrence,Ocurrencia espacial de núcleos c-FOS positivos / núcleos DAPI,1009,WATER_NPY3;E7_FR7-1;E9_FR8-1,WATER_NPY1;E8_FR6-1;E8_FR6-4,WATER_NPY2;E7_FR7-5;E8_FR6-3,8.33161703644,0.735254025056,False,True,biological animal
cfos_occurrence,Ocurrencia espacial de núcleos c-FOS positivos / núcleos DAPI,1010,WATER_NPY3;E7_FR7-1;E9_FR8-1,WATER_NPY1;E8_FR6-3;E8_FR6-4,WATER_NPY2;E7_FR7-5;E8_FR6-1,7.68434722602,0.719215415174,False,True,biological animal
cfos_occurrence,Ocurrencia espacial de núcleos c-FOS positivos / núcleos DAPI,1011,WATER_NPY3;E7_FR7-1;E9_FR8-1,WATER_NPY2;E7_FR7-5;E8_FR6-1,WATER_NPY1;E8_FR6-3;E8_FR6-4,7.68434722602,0.719215415174,False,True,biological animal
cfos_occurrence,Ocurrencia espacial de núcleos c-FOS positivos / núcleos DAPI,1012,WATER_NPY3;E7_FR7-1;E9_FR8-1,WATER_NPY2;E7_FR7-5;E8_FR6-3,WATER_NPY1;E8_FR6-1;E8_FR6-4,8.33161703644,0.735254025056,False,True,biological animal
cfos_occurrence,Ocurrencia espacial de núcleos c-FOS positivos / núcleos DAPI,1013,WATER_NPY3;E7_FR7-1;E9_FR8-1,WATER_NPY2;E7_FR7-5;E8_FR6-4,WATER_NPY1;E8_FR6-1;E8_FR6-3,5.75875256203,0.65748547196,False,True,biological animal
cfos_occurrence,Ocurrencia espacial de núcleos c-FOS positivos / núcleos DAPI,1014,WATER_NPY3;E7_FR7-1;E9_FR8-1,WATER_NPY2;E8_FR6-1;E8_FR6-3,WATER_NPY1;E7_FR7-5;E8_FR6-4,4.98547687749,0.624317990519,False,True,biological animal
cfos_occurrence,Ocurrencia espacial de núcleos c-FOS positivos / núcleos DAPI,1015,WATER_NPY3;E7_FR7-1;E9_FR8-1,WATER_NPY2;E8_FR6-1;E8_FR6-4,WATER_NPY1;E7_FR7-5;E8_FR6-3,5.38718483839,0.642311448024,False,True,biological animal
cfos_occurrence,Ocurrencia espacial de núcleos c-FOS positivos / núcleos DAPI,1016,WATER_NPY3;E7_FR7-1;E9_FR8-1,WATER_NPY2;E8_FR6-3;E8_FR6-4,WATER_NPY1;E7_FR7-5;E8_FR6-1,5.59975566388,0.651152879541,False,True,biological animal
cfos_occurrence,Ocurrencia espacial de núcleos c-FOS positivos / núcleos DAPI,1017,WATER_NPY3;E7_FR7-1;E9_FR8-1,E7_FR7-5;E8_FR6-1;E8_FR6-3,WATER_NPY1;WATER_NPY2;E8_FR6-4,9.87456452906,0.766982409912,False,True,biological animal
cfos_occurrence,Ocurrencia espacial de núcleos c-FOS positivos / núcleos DAPI,1018,WATER_NPY3;E7_FR7-1;E9_FR8-1,E7_FR7-5;E8_FR6-1;E8_FR6-4,WATER_NPY1;WATER_NPY2;E8_FR6-3,5.7862761105,0.658558419714,False,True,biological animal
cfos_occurrence,Ocurrencia espacial de núcleos c-FOS positivos / núcleos DAPI,1019,WATER_NPY3;E7_FR7-1;E9_FR8-1,E7_FR7-5;E8_FR6-3;E8_FR6-4,WATER_NPY1;WATER_NPY2;E8_FR6-1,5.69330555388,0.654906872719,False,True,biological animal
cfos_occurrence,Ocurrencia espacial de núcleos c-FOS positivos / núcleos DAPI,1020,WATER_NPY3;E7_FR7-1;E9_FR8-1,E8_FR6-1;E8_FR6-3;E8_FR6-4,WATER_NPY1;WATER_NPY2;E7_FR7-5,5.7589126458,0.657491731986,False,True,biological animal
cfos_occurrence,Ocurrencia espacial de núcleos c-FOS positivos / núcleos DAPI,1021,WATER_NPY3;E7_FR7-1;E8_FR6-1,WATER_NPY1;WATER_NPY2;E7_FR7-5,E9_FR8-1;E8_FR6-3;E8_FR6-4,0.760058747513,0.202140125607,False,False,biological animal
cfos_occurrence,Ocurrencia espacial de núcleos c-FOS positivos / núcleos DAPI,1022,WATER_NPY3;E7_FR7-1;E8_FR6-1,WATER_NPY1;WATER_NPY2;E9_FR8-1,E7_FR7-5;E8_FR6-3;E8_FR6-4,0.794067592542,0.209291894036,False,False,biological animal
cfos_occurrence,Ocurrencia espacial de núcleos c-FOS positivos / núcleos DAPI,1023,WATER_NPY3;E7_FR7-1;E8_FR6-1,WATER_NPY1;WATER_NPY2;E8_FR6-3,E7_FR7-5;E9_FR8-1;E8_FR6-4,1.50047564736,0.333403792162,False,False,biological animal
cfos_occurrence,Ocurrencia espacial de núcleos c-FOS positivos / núcleos DAPI,1024,WATER_NPY3;E7_FR7-1;E8_FR6-1,WATER_NPY1;WATER_NPY2;E8_FR6-4,E7_FR7-5;E9_FR8-1;E8_FR6-3,3.37162599006,0.529162570954,False,True,biological animal
cfos_occurrence,Ocurrencia espacial de núcleos c-FOS positivos / núcleos DAPI,1025,WATER_NPY3;E7_FR7-1;E8_FR6-1,WATER_NPY1;E7_FR7-5;E9_FR8-1,WATER_NPY2;E8_FR6-3;E8_FR6-4,1.49379993907,0.332413538503,False,False,biological animal
cfos_occurrence,Ocurrencia espacial de núcleos c-FOS positivos / núcleos DAPI,1026,WATER_NPY3;E7_FR7-1;E8_FR6-1,WATER_NPY1;E7_FR7-5;E8_FR6-3,WATER_NPY2;E9_FR8-1;E8_FR6-4,0.704989851256,0.190281182826,False,False,biological animal
cfos_occurrence,Ocurrencia espacial de núcleos c-FOS positivos / núcleos DAPI,1027,WATER_NPY3;E7_FR7-1;E8_FR6-1,WATER_NPY1;E7_FR7-5;E8_FR6-4,WATER_NPY2;E9_FR8-1;E8_FR6-3,1.05198706928,0.259622513916,False,False,biological animal
cfos_occurrence,Ocurrencia espacial de núcleos c-FOS positivos / núcleos DAPI,1028,WATER_NPY3;E7_FR7-1;E8_FR6-1,WATER_NPY1;E9_FR8-1;E8_FR6-3,WATER_NPY2;E7_FR7-5;E8_FR6-4,0.790507026363,0.208549152096,False,False,biological animal
cfos_occurrence,Ocurrencia espacial de núcleos c-FOS positivos / núcleos DAPI,1029,WATER_NPY3;E7_FR7-1;E8_FR6-1,WATER_NPY1;E9_FR8-1;E8_FR6-4,WATER_NPY2;E7_FR7-5;E8_FR6-3,0.745238475137,0.198982916598,False,False,biological animal
cfos_occurrence,Ocurrencia espacial de núcleos c-FOS positivos / núcleos DAPI,1030,WATER_NPY3;E7_FR7-1;E8_FR6-1,WATER_NPY1;E8_FR6-3;E8_FR6-4,WATER_NPY2;E7_FR7-5;E9_FR8-1,2.82204248749,0.484716917397,False,False,biological animal
cfos_occurrence,Ocurrencia espacial de núcleos c-FOS positivos / núcleos DAPI,1031,WATER_NPY3;E7_FR7-1;E8_FR6-1,WATER_NPY2;E7_FR7-5;E9_FR8-1,WATER_NPY1;E8_FR6-3;E8_FR6-4,2.82204248749,0.484716917397,False,False,biological animal
cfos_occurrence,Ocurrencia espacial de núcleos c-FOS positivos / núcleos DAPI,1032,WATER_NPY3;E7_FR7-1;E8_FR6-1,WATER_NPY2;E7_FR7-5;E8_FR6-3,WATER_NPY1;E9_FR8-1;E8_FR6-4,0.745238475137,0.198982916598,False,False,biological animal
cfos_occurrence,Ocurrencia espacial de núcleos c-FOS positivos / núcleos DAPI,1033,WATER_NPY3;E7_FR7-1;E8_FR6-1,WATER_NPY2;E7_FR7-5;E8_FR6-4,WATER_NPY1;E9_FR8-1;E8_FR6-3,0.790507026363,0.208549152096,False,False,biological animal
cfos_occurrence,Ocurrencia espacial de núcleos c-FOS positivos / núcleos DAPI,1034,WATER_NPY3;E7_FR7-1;E8_FR6-1,WATER_NPY2;E9_FR8-1;E8_FR6-3,WATER_NPY1;E7_FR7-5;E8_FR6-4,1.05198706928,0.259622513916,False,False,biological animal
cfos_occurrence,Ocurrencia espacial de núcleos c-FOS positivos / núcleos DAPI,1035,WATER_NPY3;E7_FR7-1;E8_FR6-1,WATER_NPY2;E9_FR8-1;E8_FR6-4,WATER_NPY1;E7_FR7-5;E8_FR6-3,0.704989851256,0.190281182826,False,False,biological animal
cfos_occurrence,Ocurrencia espacial de núcleos c-FOS positivos / núcleos DAPI,1036,WATER_NPY3;E7_FR7-1;E8_FR6-1,WATER_NPY2;E8_FR6-3;E8_FR6-4,WATER_NPY1;E7_FR7-5;E9_FR8-1,1.49379993907,0.332413538503,False,False,biological animal
cfos_occurrence,Ocurrencia espacial de núcleos c-FOS positivos / núcleos DAPI,1037,WATER_NPY3;E7_FR7-1;E8_FR6-1,E7_FR7-5;E9_FR8-1;E8_FR6-3,WATER_NPY1;WATER_NPY2;E8_FR6-4,3.37162599006,0.529162570954,False,True,biological animal
cfos_occurrence,Ocurrencia espacial de núcleos c-FOS positivos / núcleos DAPI,1038,WATER_NPY3;E7_FR7-1;E8_FR6-1,E7_FR7-5;E9_FR8-1;E8_FR6-4,WATER_NPY1;WATER_NPY2;E8_FR6-3,1.50047564736,0.333403792162,False,False,biological animal
cfos_occurrence,Ocurrencia espacial de núcleos c-FOS positivos / núcleos DAPI,1039,WATER_NPY3;E7_FR7-1;E8_FR6-1,E7_FR7-5;E8_FR6-3;E8_FR6-4,WATER_NPY1;WATER_NPY2;E9_FR8-1,0.794067592542,0.209291894036,False,False,biological animal
cfos_occurrence,Ocurrencia espacial de núcleos c-FOS positivos / núcleos DAPI,1040,WATER_NPY3;E7_FR7-1;E8_FR6-1,E9_FR8-1;E8_FR6-3;E8_FR6-4,WATER_NPY1;WATER_NPY2;E7_FR7-5,0.760058747513,0.202140125607,False,False,biological animal
cfos_occurrence,Ocurrencia espacial de núcleos c-FOS positivos / núcleos DAPI,1041,WATER_NPY3;E7_FR7-1;E8_FR6-3,WATER_NPY1;WATER_NPY2;E7_FR7-5,E9_FR8-1;E8_FR6-1;E8_FR6-4,0.783704983844,0.207126344995,False,False,biological animal
cfos_occurrence,Ocurrencia espacial de núcleos c-FOS positivos / núcleos DAPI,1042,WATER_NPY3;E7_FR7-1;E8_FR6-3,WATER_NPY1;WATER_NPY2;E9_FR8-1,E7_FR7-5;E8_FR6-1;E8_FR6-4,0.829094609699,0.21652497371,False,False,biological animal
cfos_occurrence,Ocurrencia espacial de núcleos c-FOS positivos / núcleos DAPI,1043,WATER_NPY3;E7_FR7-1;E8_FR6-3,WATER_NPY1;WATER_NPY2;E8_FR6-1,E7_FR7-5;E9_FR8-1;E8_FR6-4,1.52478672404,0.336985324842,False,False,biological animal
cfos_occurrence,Ocurrencia espacial de núcleos c-FOS positivos / núcleos DAPI,1044,WATER_NPY3;E7_FR7-1;E8_FR6-3,WATER_NPY1;WATER_NPY2;E8_FR6-4,E7_FR7-5;E9_FR8-1;E8_FR6-1,3.39045965598,0.530550201159,False,True,biological animal
cfos_occurrence,Ocurrencia espacial de núcleos c-FOS positivos / núcleos DAPI,1045,WATER_NPY3;E7_FR7-1;E8_FR6-3,WATER_NPY1;E7_FR7-5;E9_FR8-1,WATER_NPY2;E8_FR6-1;E8_FR6-4,1.5004509154,0.333400128922,False,False,biological animal
cfos_occurrence,Ocurrencia espacial de núcleos c-FOS positivos / núcleos DAPI,1046,WATER_NPY3;E7_FR7-1;E8_FR6-3,WATER_NPY1;E7_FR7-5;E8_FR6-1,WATER_NPY2;E9_FR8-1;E8_FR6-4,0.750511967207,0.200109204762,False,False,biological animal
cfos_occurrence,Ocurrencia espacial de núcleos c-FOS positivos / núcleos DAPI,1047,WATER_NPY3;E7_FR7-1;E8_FR6-3,WATER_NPY1;E7_FR7-5;E8_FR6-4,WATER_NPY2;E9_FR8-1;E8_FR6-1,1.025568559,0.254763654865,False,False,biological animal
cfos_occurrence,Ocurrencia espacial de núcleos c-FOS positivos / núcleos DAPI,1048,WATER_NPY3;E7_FR7-1;E8_FR6-3,WATER_NPY1;E9_FR8-1;E8_FR6-1,WATER_NPY2;E7_FR7-5;E8_FR6-4,0.827166750552,0.216130313745,False,False,biological animal
cfos_occurrence,Ocurrencia espacial de núcleos c-FOS positivos / núcleos DAPI,1049,WATER_NPY3;E7_FR7-1;E8_FR6-3,WATER_NPY1;E9_FR8-1;E8_FR6-4,WATER_NPY2;E7_FR7-5;E8_FR6-1,0.733065498218,0.196370917834,False,False,biological animal
cfos_occurrence,Ocurrencia espacial de núcleos c-FOS positivos / núcleos DAPI,1050,WATER_NPY3;E7_FR7-1;E8_FR6-3,WATER_NPY1;E8_FR6-1;E8_FR6-4,WATER_NPY2;E7_FR7-5;E9_FR8-1,2.97780475188,0.498143528516,False,False,biological animal
cfos_occurrence,Ocurrencia espacial de núcleos c-FOS positivos / núcleos DAPI,1051,WATER_NPY3;E7_FR7-1;E8_FR6-3,WATER_NPY2;E7_FR7-5;E9_FR8-1,WATER_NPY1;E8_FR6-1;E8_FR6-4,2.97780475188,0.498143528516,False,False,biological animal
cfos_occurrence,Ocurrencia espacial de núcleos c-FOS positivos / núcleos DAPI,1052,WATER_NPY3;E7_FR7-1;E8_FR6-3,WATER_NPY2;E7_FR7-5;E8_FR6-1,WATER_NPY1;E9_FR8-1;E8_FR6-4,0.733065498218,0.196370917834,False,False,biological animal
cfos_occurrence,Ocurrencia espacial de núcleos c-FOS positivos / núcleos DAPI,1053,WATER_NPY3;E7_FR7-1;E8_FR6-3,WATER_NPY2;E7_FR7-5;E8_FR6-4,WATER_NPY1;E9_FR8-1;E8_FR6-1,0.827166750552,0.216130313745,False,False,biological animal
cfos_occurrence,Ocurrencia espacial de núcleos c-FOS positivos / núcleos DAPI,1054,WATER_NPY3;E7_FR7-1;E8_FR6-3,WATER_NPY2;E9_FR8-1;E8_FR6-1,WATER_NPY1;E7_FR7-5;E8_FR6-4,1.025568559,0.254763654865,False,False,biological animal
cfos_occurrence,Ocurrencia espacial de núcleos c-FOS positivos / núcleos DAPI,1055,WATER_NPY3;E7_FR7-1;E8_FR6-3,WATER_NPY2;E9_FR8-1;E8_FR6-4,WATER_NPY1;E7_FR7-5;E8_FR6-1,0.750511967207,0.200109204762,False,False,biological animal
cfos_occurrence,Ocurrencia espacial de núcleos c-FOS positivos / núcleos DAPI,1056,WATER_NPY3;E7_FR7-1;E8_FR6-3,WATER_NPY2;E8_FR6-1;E8_FR6-4,WATER_NPY1;E7_FR7-5;E9_FR8-1,1.5004509154,0.333400128922,False,False,biological animal
cfos_occurrence,Ocurrencia espacial de núcleos c-FOS positivos / núcleos DAPI,1057,WATER_NPY3;E7_FR7-1;E8_FR6-3,E7_FR7-5;E9_FR8-1;E8_FR6-1,WATER_NPY1;WATER_NPY2;E8_FR6-4,3.39045965598,0.530550201159,False,True,biological animal
cfos_occurrence,Ocurrencia espacial de núcleos c-FOS positivos / núcleos DAPI,1058,WATER_NPY3;E7_FR7-1;E8_FR6-3,E7_FR7-5;E9_FR8-1;E8_FR6-4,WATER_NPY1;WATER_NPY2;E8_FR6-1,1.52478672404,0.336985324842,False,False,biological animal
cfos_occurrence,Ocurrencia espacial de núcleos c-FOS positivos / núcleos DAPI,1059,WATER_NPY3;E7_FR7-1;E8_FR6-3,E7_FR7-5;E8_FR6-1;E8_FR6-4,WATER_NPY1;WATER_NPY2;E9_FR8-1,0.829094609699,0.21652497371,False,False,biological animal
cfos_occurrence,Ocurrencia espacial de núcleos c-FOS positivos / núcleos DAPI,1060,WATER_NPY3;E7_FR7-1;E8_FR6-3,E9_FR8-1;E8_FR6-1;E8_FR6-4,WATER_NPY1;WATER_NPY2;E7_FR7-5,0.783704983844,0.207126344995,False,False,biological animal
cfos_occurrence,Ocurrencia espacial de núcleos c-FOS positivos / núcleos DAPI,1061,WATER_NPY3;E7_FR7-1;E8_FR6-4,WATER_NPY1;WATER_NPY2;E7_FR7-5,E9_FR8-1;E8_FR6-1;E8_FR6-3,0.479309409541,0.137759926791,False,False,biological animal
cfos_occurrence,Ocurrencia espacial de núcleos c-FOS positivos / núcleos DAPI,1062,WATER_NPY3;E7_FR7-1;E8_FR6-4,WATER_NPY1;WATER_NPY2;E9_FR8-1,E7_FR7-5;E8_FR6-1;E8_FR6-3,0.362115930438,0.107704772212,False,False,biological animal
cfos_occurrence,Ocurrencia espacial de núcleos c-FOS positivos / núcleos DAPI,1063,WATER_NPY3;E7_FR7-1;E8_FR6-4,WATER_NPY1;WATER_NPY2;E8_FR6-1,E7_FR7-5;E9_FR8-1;E8_FR6-3,1.38276057567,0.315499911938,False,False,biological animal
cfos_occurrence,Ocurrencia espacial de núcleos c-FOS positivos / núcleos DAPI,1064,WATER_NPY3;E7_FR7-1;E8_FR6-4,WATER_NPY1;WATER_NPY2;E8_FR6-3,E7_FR7-5;E9_FR8-1;E8_FR6-1,1.36875819702,0.313306009463,False,False,biological animal
cfos_occurrence,Ocurrencia espacial de núcleos c-FOS positivos / núcleos DAPI,1065,WATER_NPY3;E7_FR7-1;E8_FR6-4,WATER_NPY1;E7_FR7-5;E9_FR8-1,WATER_NPY2;E8_FR6-1;E8_FR6-3,0.577268050869,0.161371203572,False,False,biological animal
cfos_occurrence,Ocurrencia espacial de núcleos c-FOS positivos / núcleos DAPI,1066,WATER_NPY3;E7_FR7-1;E8_FR6-4,WATER_NPY1;E7_FR7-5;E8_FR6-1,WATER_NPY2;E9_FR8-1;E8_FR6-3,0.391421096489,0.115415068006,False,False,biological animal
cfos_occurrence,Ocurrencia espacial de núcleos c-FOS positivos / núcleos DAPI,1067,WATER_NPY3;E7_FR7-1;E8_FR6-4,WATER_NPY1;E7_FR7-5;E8_FR6-3,WATER_NPY2;E9_FR8-1;E8_FR6-1,0.336032506188,0.10072818702,False,False,biological animal
cfos_occurrence,Ocurrencia espacial de núcleos c-FOS positivos / núcleos DAPI,1068,WATER_NPY3;E7_FR7-1;E8_FR6-4,WATER_NPY1;E9_FR8-1;E8_FR6-1,WATER_NPY2;E7_FR7-5;E8_FR6-3,0.303900694405,0.0919823936958,False,False,biological animal
cfos_occurrence,Ocurrencia espacial de núcleos c-FOS positivos / núcleos DAPI,1069,WATER_NPY3;E7_FR7-1;E8_FR6-4,WATER_NPY1;E9_FR8-1;E8_FR6-3,WATER_NPY2;E7_FR7-5;E8_FR6-1,0.267223723291,0.0817892332827,False,False,biological animal
cfos_occurrence,Ocurrencia espacial de núcleos c-FOS positivos / núcleos DAPI,1070,WATER_NPY3;E7_FR7-1;E8_FR6-4,WATER_NPY1;E8_FR6-1;E8_FR6-3,WATER_NPY2;E7_FR7-5;E9_FR8-1,1.26273846259,0.29622705537,False,False,biological animal
cfos_occurrence,Ocurrencia espacial de núcleos c-FOS positivos / núcleos DAPI,1071,WATER_NPY3;E7_FR7-1;E8_FR6-4,WATER_NPY2;E7_FR7-5;E9_FR8-1,WATER_NPY1;E8_FR6-1;E8_FR6-3,1.26273846259,0.29622705537,False,False,biological animal
cfos_occurrence,Ocurrencia espacial de núcleos c-FOS positivos / núcleos DAPI,1072,WATER_NPY3;E7_FR7-1;E8_FR6-4,WATER_NPY2;E7_FR7-5;E8_FR6-1,WATER_NPY1;E9_FR8-1;E8_FR6-3,0.267223723291,0.0817892332827,False,False,biological animal
cfos_occurrence,Ocurrencia espacial de núcleos c-FOS positivos / núcleos DAPI,1073,WATER_NPY3;E7_FR7-1;E8_FR6-4,WATER_NPY2;E7_FR7-5;E8_FR6-3,WATER_NPY1;E9_FR8-1;E8_FR6-1,0.303900694405,0.0919823936958,False,False,biological animal
cfos_occurrence,Ocurrencia espacial de núcleos c-FOS positivos / núcleos DAPI,1074,WATER_NPY3;E7_FR7-1;E8_FR6-4,WATER_NPY2;E9_FR8-1;E8_FR6-1,WATER_NPY1;E7_FR7-5;E8_FR6-3,0.336032506188,0.10072818702,False,False,biological animal
cfos_occurrence,Ocurrencia espacial de núcleos c-FOS positivos / núcleos DAPI,1075,WATER_NPY3;E7_FR7-1;E8_FR6-4,WATER_NPY2;E9_FR8-1;E8_FR6-3,WATER_NPY1;E7_FR7-5;E8_FR6-1,0.391421096489,0.115415068006,False,False,biological animal
cfos_occurrence,Ocurrencia espacial de núcleos c-FOS positivos / núcleos DAPI,1076,WATER_NPY3;E7_FR7-1;E8_FR6-4,WATER_NPY2;E8_FR6-1;E8_FR6-3,WATER_NPY1;E7_FR7-5;E9_FR8-1,0.577268050869,0.161371203572,False,False,biological animal
cfos_occurrence,Ocurrencia espacial de núcleos c-FOS positivos / núcleos DAPI,1077,WATER_NPY3;E7_FR7-1;E8_FR6-4,E7_FR7-5;E9_FR8-1;E8_FR6-1,WATER_NPY1;WATER_NPY2;E8_FR6-3,1.36875819702,0.313306009463,False,False,biological animal
cfos_occurrence,Ocurrencia espacial de núcleos c-FOS positivos / núcleos DAPI,1078,WATER_NPY3;E7_FR7-1;E8_FR6-4,E7_FR7-5;E9_FR8-1;E8_FR6-3,WATER_NPY1;WATER_NPY2;E8_FR6-1,1.38276057567,0.315499911938,False,False,biological animal
cfos_occurrence,Ocurrencia espacial de núcleos c-FOS positivos / núcleos DAPI,1079,WATER_NPY3;E7_FR7-1;E8_FR6-4,E7_FR7-5;E8_FR6-1;E8_FR6-3,WATER_NPY1;WATER_NPY2;E9_FR8-1,0.362115930438,0.107704772212,False,False,biological animal
cfos_occurrence,Ocurrencia espacial de núcleos c-FOS positivos / núcleos DAPI,1080,WATER_NPY3;E7_FR7-1;E8_FR6-4,E9_FR8-1;E8_FR6-1;E8_FR6-3,WATER_NPY1;WATER_NPY2;E7_FR7-5,0.479309409541,0.137759926791,False,False,biological animal
cfos_occurrence,Ocurrencia espacial de núcleos c-FOS positivos / núcleos DAPI,1081,WATER_NPY3;E7_FR7-5;E9_FR8-1,WATER_NPY1;WATER_NPY2;E7_FR7-1,E8_FR6-1;E8_FR6-3;E8_FR6-4,3.33845225962,0.526698336262,False,True,biological animal
cfos_occurrence,Ocurrencia espacial de núcleos c-FOS positivos / núcleos DAPI,1082,WATER_NPY3;E7_FR7-5;E9_FR8-1,WATER_NPY1;WATER_NPY2;E8_FR6-1,E7_FR7-1;E8_FR6-3;E8_FR6-4,3.32309160859,0.525548547182,False,True,biological animal
cfos_occurrence,Ocurrencia espacial de núcleos c-FOS positivos / núcleos DAPI,1083,WATER_NPY3;E7_FR7-5;E9_FR8-1,WATER_NPY1;WATER_NPY2;E8_FR6-3,E7_FR7-1;E8_FR6-1;E8_FR6-4,3.42106209929,0.532787574141,False,True,biological animal
cfos_occurrence,Ocurrencia espacial de núcleos c-FOS positivos / núcleos DAPI,1084,WATER_NPY3;E7_FR7-5;E9_FR8-1,WATER_NPY1;WATER_NPY2;E8_FR6-4,E7_FR7-1;E8_FR6-1;E8_FR6-3,6.52780245678,0.685132010911,False,True,biological animal
cfos_occurrence,Ocurrencia espacial de núcleos c-FOS positivos / núcleos DAPI,1085,WATER_NPY3;E7_FR7-5;E9_FR8-1,WATER_NPY1;E7_FR7-1;E8_FR6-1,WATER_NPY2;E8_FR6-3;E8_FR6-4,3.54843046184,0.541874955001,False,True,biological animal
cfos_occurrence,Ocurrencia espacial de núcleos c-FOS positivos / núcleos DAPI,1086,WATER_NPY3;E7_FR7-5;E9_FR8-1,WATER_NPY1;E7_FR7-1;E8_FR6-3,WATER_NPY2;E8_FR6-1;E8_FR6-4,3.37546440465,0.529446043521,False,True,biological animal
cfos_occurrence,Ocurrencia espacial de núcleos c-FOS positivos / núcleos DAPI,1087,WATER_NPY3;E7_FR7-5;E9_FR8-1,WATER_NPY1;E7_FR7-1;E8_FR6-4,WATER_NPY2;E8_FR6-1;E8_FR6-3,2.63414286988,0.467532139443,False,False,biological animal
cfos_occurrence,Ocurrencia espacial de núcleos c-FOS positivos / núcleos DAPI,1088,WATER_NPY3;E7_FR7-5;E9_FR8-1,WATER_NPY1;E8_FR6-1;E8_FR6-3,WATER_NPY2;E7_FR7-1;E8_FR6-4,3.12493839459,0.510199155203,False,False,biological animal
cfos_occurrence,Ocurrencia espacial de núcleos c-FOS positivos / núcleos DAPI,1089,WATER_NPY3;E7_FR7-5;E9_FR8-1,WATER_NPY1;E8_FR6-1;E8_FR6-4,WATER_NPY2;E7_FR7-1;E8_FR6-3,5.14969700025,0.631888154871,False,True,biological animal
cfos_occurrence,Ocurrencia espacial de núcleos c-FOS positivos / núcleos DAPI,1090,WATER_NPY3;E7_FR7-5;E9_FR8-1,WATER_NPY1;E8_FR6-3;E8_FR6-4,WATER_NPY2;E7_FR7-1;E8_FR6-1,4.88305798699,0.619437024953,False,True,biological animal
cfos_occurrence,Ocurrencia espacial de núcleos c-FOS positivos / núcleos DAPI,1091,WATER_NPY3;E7_FR7-5;E9_FR8-1,WATER_NPY2;E7_FR7-1;E8_FR6-1,WATER_NPY1;E8_FR6-3;E8_FR6-4,4.88305798699,0.619437024953,False,True,biological animal
cfos_occurrence,Ocurrencia espacial de núcleos c-FOS positivos / núcleos DAPI,1092,WATER_NPY3;E7_FR7-5;E9_FR8-1,WATER_NPY2;E7_FR7-1;E8_FR6-3,WATER_NPY1;E8_FR6-1;E8_FR6-4,5.14969700025,0.631888154871,False,True,biological animal
cfos_occurrence,Ocurrencia espacial de núcleos c-FOS positivos / núcleos DAPI,1093,WATER_NPY3;E7_FR7-5;E9_FR8-1,WATER_NPY2;E7_FR7-1;E8_FR6-4,WATER_NPY1;E8_FR6-1;E8_FR6-3,3.12493839459,0.510199155203,False,False,biological animal
cfos_occurrence,Ocurrencia espacial de núcleos c-FOS positivos / núcleos DAPI,1094,WATER_NPY3;E7_FR7-5;E9_FR8-1,WATER_NPY2;E8_FR6-1;E8_FR6-3,WATER_NPY1;E7_FR7-1;E8_FR6-4,2.63414286988,0.467532139443,False,False,biological animal
cfos_occurrence,Ocurrencia espacial de núcleos c-FOS positivos / núcleos DAPI,1095,WATER_NPY3;E7_FR7-5;E9_FR8-1,WATER_NPY2;E8_FR6-1;E8_FR6-4,WATER_NPY1;E7_FR7-1;E8_FR6-3,3.37546440465,0.529446043521,False,True,biological animal
cfos_occurrence,Ocurrencia espacial de núcleos c-FOS positivos / núcleos DAPI,1096,WATER_NPY3;E7_FR7-5;E9_FR8-1,WATER_NPY2;E8_FR6-3;E8_FR6-4,WATER_NPY1;E7_FR7-1;E8_FR6-1,3.54843046184,0.541874955001,False,True,biological animal
cfos_occurrence,Ocurrencia espacial de núcleos c-FOS positivos / núcleos DAPI,1097,WATER_NPY3;E7_FR7-5;E9_FR8-1,E7_FR7-1;E8_FR6-1;E8_FR6-3,WATER_NPY1;WATER_NPY2;E8_FR6-4,6.52780245678,0.685132010911,False,True,biological animal
cfos_occurrence,Ocurrencia espacial de núcleos c-FOS positivos / núcleos DAPI,1098,WATER_NPY3;E7_FR7-5;E9_FR8-1,E7_FR7-1;E8_FR6-1;E8_FR6-4,WATER_NPY1;WATER_NPY2;E8_FR6-3,3.42106209929,0.532787574141,False,True,biological animal
cfos_occurrence,Ocurrencia espacial de núcleos c-FOS positivos / núcleos DAPI,1099,WATER_NPY3;E7_FR7-5;E9_FR8-1,E7_FR7-1;E8_FR6-3;E8_FR6-4,WATER_NPY1;WATER_NPY2;E8_FR6-1,3.32309160859,0.525548547182,False,True,biological animal
cfos_occurrence,Ocurrencia espacial de núcleos c-FOS positivos / núcleos DAPI,1100,WATER_NPY3;E7_FR7-5;E9_FR8-1,E8_FR6-1;E8_FR6-3;E8_FR6-4,WATER_NPY1;WATER_NPY2;E7_FR7-1,3.33845225962,0.526698336262,False,True,biological animal
cfos_occurrence,Ocurrencia espacial de núcleos c-FOS positivos / núcleos DAPI,1101,WATER_NPY3;E7_FR7-5;E8_FR6-1,WATER_NPY1;WATER_NPY2;E7_FR7-1,E9_FR8-1;E8_FR6-3;E8_FR6-4,0.398894248968,0.117360005857,False,False,biological animal
cfos_occurrence,Ocurrencia espacial de núcleos c-FOS positivos / núcleos DAPI,1102,WATER_NPY3;E7_FR7-5;E8_FR6-1,WATER_NPY1;WATER_NPY2;E9_FR8-1,E7_FR7-1;E8_FR6-3;E8_FR6-4,0.432285532096,0.125946844473,False,False,biological animal
cfos_occurrence,Ocurrencia espacial de núcleos c-FOS positivos / núcleos DAPI,1103,WATER_NPY3;E7_FR7-5;E8_FR6-1,WATER_NPY1;WATER_NPY2;E8_FR6-3,E7_FR7-1;E9_FR8-1;E8_FR6-4,1.28363059645,0.299659498537,False,False,biological animal
cfos_occurrence,Ocurrencia espacial de núcleos c-FOS positivos / núcleos DAPI,1104,WATER_NPY3;E7_FR7-5;E8_FR6-1,WATER_NPY1;WATER_NPY2;E8_FR6-4,E7_FR7-1;E9_FR8-1;E8_FR6-3,3.51237721871,0.539338723902,False,True,biological animal
cfos_occurrence,Ocurrencia espacial de núcleos c-FOS positivos / núcleos DAPI,1105,WATER_NPY3;E7_FR7-5;E8_FR6-1,WATER_NPY1;E7_FR7-1;E9_FR8-1,WATER_NPY2;E8_FR6-3;E8_FR6-4,1.38059910051,0.315162165912,False,False,biological animal
cfos_occurrence,Ocurrencia espacial de núcleos c-FOS positivos / núcleos DAPI,1106,WATER_NPY3;E7_FR7-5;E8_FR6-1,WATER_NPY1;E7_FR7-1;E8_FR6-3,WATER_NPY2;E9_FR8-1;E8_FR6-4,0.422426917874,0.123429054297,False,False,biological animal
cfos_occurrence,Ocurrencia espacial de núcleos c-FOS positivos / núcleos DAPI,1107,WATER_NPY3;E7_FR7-5;E8_FR6-1,WATER_NPY1;E7_FR7-1;E8_FR6-4,WATER_NPY2;E9_FR8-1;E8_FR6-3,0.524642876508,0.148849938814,False,False,biological animal
cfos_occurrence,Ocurrencia espacial de núcleos c-FOS positivos / núcleos DAPI,1108,WATER_NPY3;E7_FR7-5;E8_FR6-1,WATER_NPY1;E9_FR8-1;E8_FR6-3,WATER_NPY2;E7_FR7-1;E8_FR6-4,0.360501536943,0.107276111313,False,False,biological animal
cfos_occurrence,Ocurrencia espacial de núcleos c-FOS positivos / núcleos DAPI,1109,WATER_NPY3;E7_FR7-5;E8_FR6-1,WATER_NPY1;E9_FR8-1;E8_FR6-4,WATER_NPY2;E7_FR7-1;E8_FR6-3,0.494997642906,0.141630322387,False,False,biological animal
cfos_occurrence,Ocurrencia espacial de núcleos c-FOS positivos / núcleos DAPI,1110,WATER_NPY3;E7_FR7-5;E8_FR6-1,WATER_NPY1;E8_FR6-3;E8_FR6-4,WATER_NPY2;E7_FR7-1;E9_FR8-1,2.73575468914,0.476965079124,False,False,biological animal
cfos_occurrence,Ocurrencia espacial de núcleos c-FOS positivos / núcleos DAPI,1111,WATER_NPY3;E7_FR7-5;E8_FR6-1,WATER_NPY2;E7_FR7-1;E9_FR8-1,WATER_NPY1;E8_FR6-3;E8_FR6-4,2.73575468914,0.476965079124,False,False,biological animal
cfos_occurrence,Ocurrencia espacial de núcleos c-FOS positivos / núcleos DAPI,1112,WATER_NPY3;E7_FR7-5;E8_FR6-1,WATER_NPY2;E7_FR7-1;E8_FR6-3,WATER_NPY1;E9_FR8-1;E8_FR6-4,0.494997642906,0.141630322387,False,False,biological animal
cfos_occurrence,Ocurrencia espacial de núcleos c-FOS positivos / núcleos DAPI,1113,WATER_NPY3;E7_FR7-5;E8_FR6-1,WATER_NPY2;E7_FR7-1;E8_FR6-4,WATER_NPY1;E9_FR8-1;E8_FR6-3,0.360501536943,0.107276111313,False,False,biological animal
cfos_occurrence,Ocurrencia espacial de núcleos c-FOS positivos / núcleos DAPI,1114,WATER_NPY3;E7_FR7-5;E8_FR6-1,WATER_NPY2;E9_FR8-1;E8_FR6-3,WATER_NPY1;E7_FR7-1;E8_FR6-4,0.524642876508,0.148849938814,False,False,biological animal
cfos_occurrence,Ocurrencia espacial de núcleos c-FOS positivos / núcleos DAPI,1115,WATER_NPY3;E7_FR7-5;E8_FR6-1,WATER_NPY2;E9_FR8-1;E8_FR6-4,WATER_NPY1;E7_FR7-1;E8_FR6-3,0.422426917874,0.123429054297,False,False,biological animal
cfos_occurrence,Ocurrencia espacial de núcleos c-FOS positivos / núcleos DAPI,1116,WATER_NPY3;E7_FR7-5;E8_FR6-1,WATER_NPY2;E8_FR6-3;E8_FR6-4,WATER_NPY1;E7_FR7-1;E9_FR8-1,1.38059910051,0.315162165912,False,False,biological animal
cfos_occurrence,Ocurrencia espacial de núcleos c-FOS positivos / núcleos DAPI,1117,WATER_NPY3;E7_FR7-5;E8_FR6-1,E7_FR7-1;E9_FR8-1;E8_FR6-3,WATER_NPY1;WATER_NPY2;E8_FR6-4,3.51237721871,0.539338723902,False,True,biological animal
cfos_occurrence,Ocurrencia espacial de núcleos c-FOS positivos / núcleos DAPI,1118,WATER_NPY3;E7_FR7-5;E8_FR6-1,E7_FR7-1;E9_FR8-1;E8_FR6-4,WATER_NPY1;WATER_NPY2;E8_FR6-3,1.28363059645,0.299659498537,False,False,biological animal
cfos_occurrence,Ocurrencia espacial de núcleos c-FOS positivos / núcleos DAPI,1119,WATER_NPY3;E7_FR7-5;E8_FR6-1,E7_FR7-1;E8_FR6-3;E8_FR6-4,WATER_NPY1;WATER_NPY2;E9_FR8-1,0.432285532096,0.125946844473,False,False,biological animal
cfos_occurrence,Ocurrencia espacial de núcleos c-FOS positivos / núcleos DAPI,1120,WATER_NPY3;E7_FR7-5;E8_FR6-1,E9_FR8-1;E8_FR6-3;E8_FR6-4,WATER_NPY1;WATER_NPY2;E7_FR7-1,0.398894248968,0.117360005857,False,False,biological animal
cfos_occurrence,Ocurrencia espacial de núcleos c-FOS positivos / núcleos DAPI,1121,WATER_NPY3;E7_FR7-5;E8_FR6-3,WATER_NPY1;WATER_NPY2;E7_FR7-1,E9_FR8-1;E8_FR6-1;E8_FR6-4,0.432233936808,0.12593370521,False,False,biological animal
cfos_occurrence,Ocurrencia espacial de núcleos c-FOS positivos / núcleos DAPI,1122,WATER_NPY3;E7_FR7-5;E8_FR6-3,WATER_NPY1;WATER_NPY2;E9_FR8-1,E7_FR7-1;E8_FR6-1;E8_FR6-4,0.489812184616,0.140354884075,False,False,biological animal
cfos_occurrence,Ocurrencia espacial de núcleos c-FOS positivos / núcleos DAPI,1123,WATER_NPY3;E7_FR7-5;E8_FR6-3,WATER_NPY1;WATER_NPY2;E8_FR6-1,E7_FR7-1;E9_FR8-1;E8_FR6-4,1.32793334462,0.306828511181,False,False,biological animal
cfos_occurrence,Ocurrencia espacial de núcleos c-FOS positivos / núcleos DAPI,1124,WATER_NPY3;E7_FR7-5;E8_FR6-3,WATER_NPY1;WATER_NPY2;E8_FR6-4,E7_FR7-1;E9_FR8-1;E8_FR6-1,3.63571935317,0.547901314035,False,True,biological animal
cfos_occurrence,Ocurrencia espacial de núcleos c-FOS positivos / núcleos DAPI,1125,WATER_NPY3;E7_FR7-5;E8_FR6-3,WATER_NPY1;E7_FR7-1;E9_FR8-1,WATER_NPY2;E8_FR6-1;E8_FR6-4,1.41005409969,0.319736236295,False,False,biological animal
cfos_occurrence,Ocurrencia espacial de núcleos c-FOS positivos / núcleos DAPI,1126,WATER_NPY3;E7_FR7-5;E8_FR6-3,WATER_NPY1;E7_FR7-1;E8_FR6-1,WATER_NPY2;E9_FR8-1;E8_FR6-4,0.490125419053,0.140432036161,False,False,biological animal
cfos_occurrence,Ocurrencia espacial de núcleos c-FOS positivos / núcleos DAPI,1127,WATER_NPY3;E7_FR7-5;E8_FR6-3,WATER_NPY1;E7_FR7-1;E8_FR6-4,WATER_NPY2;E9_FR8-1;E8_FR6-1,0.519385902633,0.147578559727,False,False,biological animal
cfos_occurrence,Ocurrencia espacial de núcleos c-FOS positivos / núcleos DAPI,1128,WATER_NPY3;E7_FR7-5;E8_FR6-3,WATER_NPY1;E9_FR8-1;E8_FR6-1,WATER_NPY2;E7_FR7-1;E8_FR6-4,0.403076562649,0.118444752925,False,False,biological animal
cfos_occurrence,Ocurrencia espacial de núcleos c-FOS positivos / núcleos DAPI,1129,WATER_NPY3;E7_FR7-5;E8_FR6-3,WATER_NPY1;E9_FR8-1;E8_FR6-4,WATER_NPY2;E7_FR7-1;E8_FR6-1,0.513675802969,0.146193283551,False,False,biological animal
cfos_occurrence,Ocurrencia espacial de núcleos c-FOS positivos / núcleos DAPI,1130,WATER_NPY3;E7_FR7-5;E8_FR6-3,WATER_NPY1;E8_FR6-1;E8_FR6-4,WATER_NPY2;E7_FR7-1;E9_FR8-1,2.92860970017,0.493979170207,False,False,biological animal
cfos_occurrence,Ocurrencia espacial de núcleos c-FOS positivos / núcleos DAPI,1131,WATER_NPY3;E7_FR7-5;E8_FR6-3,WATER_NPY2;E7_FR7-1;E9_FR8-1,WATER_NPY1;E8_FR6-1;E8_FR6-4,2.92860970017,0.493979170207,False,False,biological animal
cfos_occurrence,Ocurrencia espacial de núcleos c-FOS positivos / núcleos DAPI,1132,WATER_NPY3;E7_FR7-5;E8_FR6-3,WATER_NPY2;E7_FR7-1;E8_FR6-1,WATER_NPY1;E9_FR8-1;E8_FR6-4,0.513675802969,0.146193283551,False,False,biological animal
cfos_occurrence,Ocurrencia espacial de núcleos c-FOS positivos / núcleos DAPI,1133,WATER_NPY3;E7_FR7-5;E8_FR6-3,WATER_NPY2;E7_FR7-1;E8_FR6-4,WATER_NPY1;E9_FR8-1;E8_FR6-1,0.403076562649,0.118444752925,False,False,biological animal
cfos_occurrence,Ocurrencia espacial de núcleos c-FOS positivos / núcleos DAPI,1134,WATER_NPY3;E7_FR7-5;E8_FR6-3,WATER_NPY2;E9_FR8-1;E8_FR6-1,WATER_NPY1;E7_FR7-1;E8_FR6-4,0.519385902633,0.147578559727,False,False,biological animal
cfos_occurrence,Ocurrencia espacial de núcleos c-FOS positivos / núcleos DAPI,1135,WATER_NPY3;E7_FR7-5;E8_FR6-3,WATER_NPY2;E9_FR8-1;E8_FR6-4,WATER_NPY1;E7_FR7-1;E8_FR6-1,0.490125419053,0.140432036161,False,False,biological animal
cfos_occurrence,Ocurrencia espacial de núcleos c-FOS positivos / núcleos DAPI,1136,WATER_NPY3;E7_FR7-5;E8_FR6-3,WATER_NPY2;E8_FR6-1;E8_FR6-4,WATER_NPY1;E7_FR7-1;E9_FR8-1,1.41005409969,0.319736236295,False,False,biological animal
cfos_occurrence,Ocurrencia espacial de núcleos c-FOS positivos / núcleos DAPI,1137,WATER_NPY3;E7_FR7-5;E8_FR6-3,E7_FR7-1;E9_FR8-1;E8_FR6-1,WATER_NPY1;WATER_NPY2;E8_FR6-4,3.63571935317,0.547901314035,False,True,biological animal
cfos_occurrence,Ocurrencia espacial de núcleos c-FOS positivos / núcleos DAPI,1138,WATER_NPY3;E7_FR7-5;E8_FR6-3,E7_FR7-1;E9_FR8-1;E8_FR6-4,WATER_NPY1;WATER_NPY2;E8_FR6-1,1.32793334462,0.306828511181,False,False,biological animal
cfos_occurrence,Ocurrencia espacial de núcleos c-FOS positivos / núcleos DAPI,1139,WATER_NPY3;E7_FR7-5;E8_FR6-3,E7_FR7-1;E8_FR6-1;E8_FR6-4,WATER_NPY1;WATER_NPY2;E9_FR8-1,0.489812184616,0.140354884075,False,False,biological animal
cfos_occurrence,Ocurrencia espacial de núcleos c-FOS positivos / núcleos DAPI,1140,WATER_NPY3;E7_FR7-5;E8_FR6-3,E9_FR8-1;E8_FR6-1;E8_FR6-4,WATER_NPY1;WATER_NPY2;E7_FR7-1,0.432233936808,0.12593370521,False,False,biological animal
cfos_occurrence,Ocurrencia espacial de núcleos c-FOS positivos / núcleos DAPI,1141,WATER_NPY3;E7_FR7-5;E8_FR6-4,WATER_NPY1;WATER_NPY2;E7_FR7-1,E9_FR8-1;E8_FR6-1;E8_FR6-3,0.33514073347,0.100487733578,False,False,biological animal
cfos_occurrence,Ocurrencia espacial de núcleos c-FOS positivos / núcleos DAPI,1142,WATER_NPY3;E7_FR7-5;E8_FR6-4,WATER_NPY1;WATER_NPY2;E9_FR8-1,E7_FR7-1;E8_FR6-1;E8_FR6-3,0.406673625322,0.119375575723,False,False,biological animal
cfos_occurrence,Ocurrencia espacial de núcleos c-FOS positivos / núcleos DAPI,1143,WATER_NPY3;E7_FR7-5;E8_FR6-4,WATER_NPY1;WATER_NPY2;E8_FR6-1,E7_FR7-1;E9_FR8-1;E8_FR6-3,1.78609346115,0.373183991422,False,False,biological animal
cfos_occurrence,Ocurrencia espacial de núcleos c-FOS positivos / núcleos DAPI,1144,WATER_NPY3;E7_FR7-5;E8_FR6-4,WATER_NPY1;WATER_NPY2;E8_FR6-3,E7_FR7-1;E9_FR8-1;E8_FR6-1,1.79675792053,0.374577568912,False,False,biological animal
cfos_occurrence,Ocurrencia espacial de núcleos c-FOS positivos / núcleos DAPI,1145,WATER_NPY3;E7_FR7-5;E8_FR6-4,WATER_NPY1;E7_FR7-1;E9_FR8-1,WATER_NPY2;E8_FR6-1;E8_FR6-3,0.711161569315,0.191627757518,False,False,biological animal
cfos_occurrence,Ocurrencia espacial de núcleos c-FOS positivos / núcleos DAPI,1146,WATER_NPY3;E7_FR7-5;E8_FR6-4,WATER_NPY1;E7_FR7-1;E8_FR6-1,WATER_NPY2;E9_FR8-1;E8_FR6-3,0.332068428245,0.0996583459781,False,False,biological animal
cfos_occurrence,Ocurrencia espacial de núcleos c-FOS positivos / núcleos DAPI,1147,WATER_NPY3;E7_FR7-5;E8_FR6-4,WATER_NPY1;E7_FR7-1;E8_FR6-3,WATER_NPY2;E9_FR8-1;E8_FR6-1,0.2657823847,0.0813839850276,False,False,biological animal
cfos_occurrence,Ocurrencia espacial de núcleos c-FOS positivos / núcleos DAPI,1148,WATER_NPY3;E7_FR7-5;E8_FR6-4,WATER_NPY1;E9_FR8-1;E8_FR6-1,WATER_NPY2;E7_FR7-1;E8_FR6-3,0.26846421849,0.0821377260218,False,False,biological animal
cfos_occurrence,Ocurrencia espacial de núcleos c-FOS positivos / núcleos DAPI,1149,WATER_NPY3;E7_FR7-5;E8_FR6-4,WATER_NPY1;E9_FR8-1;E8_FR6-3,WATER_NPY2;E7_FR7-1;E8_FR6-1,0.245109779774,0.0755320455727,False,False,biological animal
cfos_occurrence,Ocurrencia espacial de núcleos c-FOS positivos / núcleos DAPI,1150,WATER_NPY3;E7_FR7-5;E8_FR6-4,WATER_NPY1;E8_FR6-1;E8_FR6-3,WATER_NPY2;E7_FR7-1;E9_FR8-1,1.51795759587,0.335983143634,False,False,biological animal
cfos_occurrence,Ocurrencia espacial de núcleos c-FOS positivos / núcleos DAPI,1151,WATER_NPY3;E7_FR7-5;E8_FR6-4,WATER_NPY2;E7_FR7-1;E9_FR8-1,WATER_NPY1;E8_FR6-1;E8_FR6-3,1.51795759587,0.335983143634,False,False,biological animal
cfos_occurrence,Ocurrencia espacial de núcleos c-FOS positivos / núcleos DAPI,1152,WATER_NPY3;E7_FR7-5;E8_FR6-4,WATER_NPY2;E7_FR7-1;E8_FR6-1,WATER_NPY1;E9_FR8-1;E8_FR6-3,0.245109779774,0.0755320455727,False,False,biological animal
cfos_occurrence,Ocurrencia espacial de núcleos c-FOS positivos / núcleos DAPI,1153,WATER_NPY3;E7_FR7-5;E8_FR6-4,WATER_NPY2;E7_FR7-1;E8_FR6-3,WATER_NPY1;E9_FR8-1;E8_FR6-1,0.26846421849,0.0821377260218,False,False,biological animal
cfos_occurrence,Ocurrencia espacial de núcleos c-FOS positivos / núcleos DAPI,1154,WATER_NPY3;E7_FR7-5;E8_FR6-4,WATER_NPY2;E9_FR8-1;E8_FR6-1,WATER_NPY1;E7_FR7-1;E8_FR6-3,0.2657823847,0.0813839850276,False,False,biological animal
cfos_occurrence,Ocurrencia espacial de núcleos c-FOS positivos / núcleos DAPI,1155,WATER_NPY3;E7_FR7-5;E8_FR6-4,WATER_NPY2;E9_FR8-1;E8_FR6-3,WATER_NPY1;E7_FR7-1;E8_FR6-1,0.332068428245,0.0996583459781,False,False,biological animal
cfos_occurrence,Ocurrencia espacial de núcleos c-FOS positivos / núcleos DAPI,1156,WATER_NPY3;E7_FR7-5;E8_FR6-4,WATER_NPY2;E8_FR6-1;E8_FR6-3,WATER_NPY1;E7_FR7-1;E9_FR8-1,0.711161569315,0.191627757518,False,False,biological animal
cfos_occurrence,Ocurrencia espacial de núcleos c-FOS positivos / núcleos DAPI,1157,WATER_NPY3;E7_FR7-5;E8_FR6-4,E7_FR7-1;E9_FR8-1;E8_FR6-1,WATER_NPY1;WATER_NPY2;E8_FR6-3,1.79675792053,0.374577568912,False,False,biological animal
cfos_occurrence,Ocurrencia espacial de núcleos c-FOS positivos / núcleos DAPI,1158,WATER_NPY3;E7_FR7-5;E8_FR6-4,E7_FR7-1;E9_FR8-1;E8_FR6-3,WATER_NPY1;WATER_NPY2;E8_FR6-1,1.78609346115,0.373183991422,False,False,biological animal
cfos_occurrence,Ocurrencia espacial de núcleos c-FOS positivos / núcleos DAPI,1159,WATER_NPY3;E7_FR7-5;E8_FR6-4,E7_FR7-1;E8_FR6-1;E8_FR6-3,WATER_NPY1;WATER_NPY2;E9_FR8-1,0.406673625322,0.119375575723,False,False,biological animal
cfos_occurrence,Ocurrencia espacial de núcleos c-FOS positivos / núcleos DAPI,1160,WATER_NPY3;E7_FR7-5;E8_FR6-4,E9_FR8-1;E8_FR6-1;E8_FR6-3,WATER_NPY1;WATER_NPY2;E7_FR7-1,0.33514073347,0.100487733578,False,False,biological animal
cfos_occurrence,Ocurrencia espacial de núcleos c-FOS positivos / núcleos DAPI,1161,WATER_NPY3;E9_FR8-1;E8_FR6-1,WATER_NPY1;WATER_NPY2;E7_FR7-1,E7_FR7-5;E8_FR6-3;E8_FR6-4,0.766325315055,0.203467637804,False,False,biological animal
cfos_occurrence,Ocurrencia espacial de núcleos c-FOS positivos / núcleos DAPI,1162,WATER_NPY3;E9_FR8-1;E8_FR6-1,WATER_NPY1;WATER_NPY2;E7_FR7-5,E7_FR7-1;E8_FR6-3;E8_FR6-4,0.773123151279,0.204902707991,False,False,biological animal
cfos_occurrence,Ocurrencia espacial de núcleos c-FOS positivos / núcleos DAPI,1163,WATER_NPY3;E9_FR8-1;E8_FR6-1,WATER_NPY1;WATER_NPY2;E8_FR6-3,E7_FR7-1;E7_FR7-5;E8_FR6-4,1.46981219522,0.328830861573,False,False,biological animal
cfos_occurrence,Ocurrencia espacial de núcleos c-FOS positivos / núcleos DAPI,1164,WATER_NPY3;E9_FR8-1;E8_FR6-1,WATER_NPY1;WATER_NPY2;E8_FR6-4,E7_FR7-1;E7_FR7-5;E8_FR6-3,3.370188248,0.529056303643,False,True,biological animal
cfos_occurrence,Ocurrencia espacial de núcleos c-FOS positivos / núcleos DAPI,1165,WATER_NPY3;E9_FR8-1;E8_FR6-1,WATER_NPY1;E7_FR7-1;E7_FR7-5,WATER_NPY2;E8_FR6-3;E8_FR6-4,1.48848922516,0.331623660098,False,False,biological animal
cfos_occurrence,Ocurrencia espacial de núcleos c-FOS positivos / núcleos DAPI,1166,WATER_NPY3;E9_FR8-1;E8_FR6-1,WATER_NPY1;E7_FR7-1;E8_FR6-3,WATER_NPY2;E7_FR7-5;E8_FR6-4,0.822117561496,0.215094786664,False,False,biological animal
cfos_occurrence,Ocurrencia espacial de núcleos c-FOS positivos / núcleos DAPI,1167,WATER_NPY3;E9_FR8-1;E8_FR6-1,WATER_NPY1;E7_FR7-1;E8_FR6-4,WATER_NPY2;E7_FR7-5;E8_FR6-3,0.754984215318,0.201061887887,False,False,biological animal
cfos_occurrence,Ocurrencia espacial de núcleos c-FOS positivos / núcleos DAPI,1168,WATER_NPY3;E9_FR8-1;E8_FR6-1,WATER_NPY1;E7_FR7-5;E8_FR6-3,WATER_NPY2;E7_FR7-1;E8_FR6-4,0.661545636469,0.18067387441,False,False,biological animal
cfos_occurrence,Ocurrencia espacial de núcleos c-FOS positivos / núcleos DAPI,1169,WATER_NPY3;E9_FR8-1;E8_FR6-1,WATER_NPY1;E7_FR7-5;E8_FR6-4,WATER_NPY2;E7_FR7-1;E8_FR6-3,1.02404700082,0.254481868778,False,False,biological animal
cfos_occurrence,Ocurrencia espacial de núcleos c-FOS positivos / núcleos DAPI,1170,WATER_NPY3;E9_FR8-1;E8_FR6-1,WATER_NPY1;E8_FR6-3;E8_FR6-4,WATER_NPY2;E7_FR7-1;E7_FR7-5,2.68441017905,0.472240759286,False,False,biological animal
cfos_occurrence,Ocurrencia espacial de núcleos c-FOS positivos / núcleos DAPI,1171,WATER_NPY3;E9_FR8-1;E8_FR6-1,WATER_NPY2;E7_FR7-1;E7_FR7-5,WATER_NPY1;E8_FR6-3;E8_FR6-4,2.68441017905,0.472240759286,False,False,biological animal
cfos_occurrence,Ocurrencia espacial de núcleos c-FOS positivos / núcleos DAPI,1172,WATER_NPY3;E9_FR8-1;E8_FR6-1,WATER_NPY2;E7_FR7-1;E8_FR6-3,WATER_NPY1;E7_FR7-5;E8_FR6-4,1.02404700082,0.254481868778,False,False,biological animal
cfos_occurrence,Ocurrencia espacial de núcleos c-FOS positivos / núcleos DAPI,1173,WATER_NPY3;E9_FR8-1;E8_FR6-1,WATER_NPY2;E7_FR7-1;E8_FR6-4,WATER_NPY1;E7_FR7-5;E8_FR6-3,0.661545636469,0.18067387441,False,False,biological animal
cfos_occurrence,Ocurrencia espacial de núcleos c-FOS positivos / núcleos DAPI,1174,WATER_NPY3;E9_FR8-1;E8_FR6-1,WATER_NPY2;E7_FR7-5;E8_FR6-3,WATER_NPY1;E7_FR7-1;E8_FR6-4,0.754984215318,0.201061887887,False,False,biological animal
cfos_occurrence,Ocurrencia espacial de núcleos c-FOS positivos / núcleos DAPI,1175,WATER_NPY3;E9_FR8-1;E8_FR6-1,WATER_NPY2;E7_FR7-5;E8_FR6-4,WATER_NPY1;E7_FR7-1;E8_FR6-3,0.822117561496,0.215094786664,False,False,biological animal
cfos_occurrence,Ocurrencia espacial de núcleos c-FOS positivos / núcleos DAPI,1176,WATER_NPY3;E9_FR8-1;E8_FR6-1,WATER_NPY2;E8_FR6-3;E8_FR6-4,WATER_NPY1;E7_FR7-1;E7_FR7-5,1.48848922516,0.331623660098,False,False,biological animal
cfos_occurrence,Ocurrencia espacial de núcleos c-FOS positivos / núcleos DAPI,1177,WATER_NPY3;E9_FR8-1;E8_FR6-1,E7_FR7-1;E7_FR7-5;E8_FR6-3,WATER_NPY1;WATER_NPY2;E8_FR6-4,3.370188248,0.529056303643,False,True,biological animal
cfos_occurrence,Ocurrencia espacial de núcleos c-FOS positivos / núcleos DAPI,1178,WATER_NPY3;E9_FR8-1;E8_FR6-1,E7_FR7-1;E7_FR7-5;E8_FR6-4,WATER_NPY1;WATER_NPY2;E8_FR6-3,1.46981219522,0.328830861573,False,False,biological animal
cfos_occurrence,Ocurrencia espacial de núcleos c-FOS positivos / núcleos DAPI,1179,WATER_NPY3;E9_FR8-1;E8_FR6-1,E7_FR7-1;E8_FR6-3;E8_FR6-4,WATER_NPY1;WATER_NPY2;E7_FR7-5,0.773123151279,0.204902707991,False,False,biological animal
cfos_occurrence,Ocurrencia espacial de núcleos c-FOS positivos / núcleos DAPI,1180,WATER_NPY3;E9_FR8-1;E8_FR6-1,E7_FR7-5;E8_FR6-3;E8_FR6-4,WATER_NPY1;WATER_NPY2;E7_FR7-1,0.766325315055,0.203467637804,False,False,biological animal
cfos_occurrence,Ocurrencia espacial de núcleos c-FOS positivos / núcleos DAPI,1181,WATER_NPY3;E9_FR8-1;E8_FR6-3,WATER_NPY1;WATER_NPY2;E7_FR7-1,E7_FR7-5;E8_FR6-1;E8_FR6-4,0.82914389418,0.216535057729,False,False,biological animal
cfos_occurrence,Ocurrencia espacial de núcleos c-FOS positivos / núcleos DAPI,1182,WATER_NPY3;E9_FR8-1;E8_FR6-3,WATER_NPY1;WATER_NPY2;E7_FR7-5,E7_FR7-1;E8_FR6-1;E8_FR6-4,0.853849726542,0.22155760788,False,False,biological animal
cfos_occurrence,Ocurrencia espacial de núcleos c-FOS positivos / núcleos DAPI,1183,WATER_NPY3;E9_FR8-1;E8_FR6-3,WATER_NPY1;WATER_NPY2;E8_FR6-1,E7_FR7-1;E7_FR7-5;E8_FR6-4,1.53341170556,0.338246734503,False,False,biological animal
cfos_occurrence,Ocurrencia espacial de núcleos c-FOS positivos / núcleos DAPI,1184,WATER_NPY3;E9_FR8-1;E8_FR6-3,WATER_NPY1;WATER_NPY2;E8_FR6-4,E7_FR7-1;E7_FR7-5;E8_FR6-1,3.55182932314,0.54211261435,False,True,biological animal
cfos_occurrence,Ocurrencia espacial de núcleos c-FOS positivos / núcleos DAPI,1185,WATER_NPY3;E9_FR8-1;E8_FR6-3,WATER_NPY1;E7_FR7-1;E7_FR7-5,WATER_NPY2;E8_FR6-1;E8_FR6-4,1.5347675465,0.338444590768,False,False,biological animal
cfos_occurrence,Ocurrencia espacial de núcleos c-FOS positivos / núcleos DAPI,1186,WATER_NPY3;E9_FR8-1;E8_FR6-3,WATER_NPY1;E7_FR7-1;E8_FR6-1,WATER_NPY2;E7_FR7-5;E8_FR6-4,0.9182119174,0.234344628815,False,False,biological animal
cfos_occurrence,Ocurrencia espacial de núcleos c-FOS positivos / núcleos DAPI,1187,WATER_NPY3;E9_FR8-1;E8_FR6-3,WATER_NPY1;E7_FR7-1;E8_FR6-4,WATER_NPY2;E7_FR7-5;E8_FR6-1,0.770190450841,0.204284229373,False,False,biological animal
cfos_occurrence,Ocurrencia espacial de núcleos c-FOS positivos / núcleos DAPI,1188,WATER_NPY3;E9_FR8-1;E8_FR6-3,WATER_NPY1;E7_FR7-5;E8_FR6-1,WATER_NPY2;E7_FR7-1;E8_FR6-4,0.732904401827,0.196336236596,False,False,biological animal
cfos_occurrence,Ocurrencia espacial de núcleos c-FOS positivos / núcleos DAPI,1189,WATER_NPY3;E9_FR8-1;E8_FR6-3,WATER_NPY1;E7_FR7-5;E8_FR6-4,WATER_NPY2;E7_FR7-1;E8_FR6-1,1.06114288998,0.261291690229,False,False,biological animal
cfos_occurrence,Ocurrencia espacial de núcleos c-FOS positivos / núcleos DAPI,1190,WATER_NPY3;E9_FR8-1;E8_FR6-3,WATER_NPY1;E8_FR6-1;E8_FR6-4,WATER_NPY2;E7_FR7-1;E7_FR7-5,2.89972486214,0.491501710656,False,False,biological animal
cfos_occurrence,Ocurrencia espacial de núcleos c-FOS positivos / núcleos DAPI,1191,WATER_NPY3;E9_FR8-1;E8_FR6-3,WATER_NPY2;E7_FR7-1;E7_FR7-5,WATER_NPY1;E8_FR6-1;E8_FR6-4,2.89972486214,0.491501710656,False,False,biological animal
cfos_occurrence,Ocurrencia espacial de núcleos c-FOS positivos / núcleos DAPI,1192,WATER_NPY3;E9_FR8-1;E8_FR6-3,WATER_NPY2;E7_FR7-1;E8_FR6-1,WATER_NPY1;E7_FR7-5;E8_FR6-4,1.06114288998,0.261291690229,False,False,biological animal
cfos_occurrence,Ocurrencia espacial de núcleos c-FOS positivos / núcleos DAPI,1193,WATER_NPY3;E9_FR8-1;E8_FR6-3,WATER_NPY2;E7_FR7-1;E8_FR6-4,WATER_NPY1;E7_FR7-5;E8_FR6-1,0.732904401827,0.196336236596,False,False,biological animal
cfos_occurrence,Ocurrencia espacial de núcleos c-FOS positivos / núcleos DAPI,1194,WATER_NPY3;E9_FR8-1;E8_FR6-3,WATER_NPY2;E7_FR7-5;E8_FR6-1,WATER_NPY1;E7_FR7-1;E8_FR6-4,0.770190450841,0.204284229373,False,False,biological animal
cfos_occurrence,Ocurrencia espacial de núcleos c-FOS positivos / núcleos DAPI,1195,WATER_NPY3;E9_FR8-1;E8_FR6-3,WATER_NPY2;E7_FR7-5;E8_FR6-4,WATER_NPY1;E7_FR7-1;E8_FR6-1,0.9182119174,0.234344628815,False,False,biological animal
cfos_occurrence,Ocurrencia espacial de núcleos c-FOS positivos / núcleos DAPI,1196,WATER_NPY3;E9_FR8-1;E8_FR6-3,WATER_NPY2;E8_FR6-1;E8_FR6-4,WATER_NPY1;E7_FR7-1;E7_FR7-5,1.5347675465,0.338444590768,False,False,biological animal
cfos_occurrence,Ocurrencia espacial de núcleos c-FOS positivos / núcleos DAPI,1197,WATER_NPY3;E9_FR8-1;E8_FR6-3,E7_FR7-1;E7_FR7-5;E8_FR6-1,WATER_NPY1;WATER_NPY2;E8_FR6-4,3.55182932314,0.54211261435,False,True,biological animal
cfos_occurrence,Ocurrencia espacial de núcleos c-FOS positivos / núcleos DAPI,1198,WATER_NPY3;E9_FR8-1;E8_FR6-3,E7_FR7-1;E7_FR7-5;E8_FR6-4,WATER_NPY1;WATER_NPY2;E8_FR6-1,1.53341170556,0.338246734503,False,False,biological animal
cfos_occurrence,Ocurrencia espacial de núcleos c-FOS positivos / núcleos DAPI,1199,WATER_NPY3;E9_FR8-1;E8_FR6-3,E7_FR7-1;E8_FR6-1;E8_FR6-4,WATER_NPY1;WATER_NPY2;E7_FR7-5,0.853849726542,0.22155760788,False,False,biological animal
cfos_occurrence,Ocurrencia espacial de núcleos c-FOS positivos / núcleos DAPI,1200,WATER_NPY3;E9_FR8-1;E8_FR6-3,E7_FR7-5;E8_FR6-1;E8_FR6-4,WATER_NPY1;WATER_NPY2;E7_FR7-1,0.82914389418,0.216535057729,False,False,biological animal
cfos_occurrence,Ocurrencia espacial de núcleos c-FOS positivos / núcleos DAPI,1201,WATER_NPY3;E9_FR8-1;E8_FR6-4,WATER_NPY1;WATER_NPY2;E7_FR7-1,E7_FR7-5;E8_FR6-1;E8_FR6-3,0.379069106945,0.11218151951,False,False,biological animal
cfos_occurrence,Ocurrencia espacial de núcleos c-FOS positivos / núcleos DAPI,1202,WATER_NPY3;E9_FR8-1;E8_FR6-4,WATER_NPY1;WATER_NPY2;E7_FR7-5,E7_FR7-1;E8_FR6-1;E8_FR6-3,0.576216086957,0.161124516233,False,False,biological animal
cfos_occurrence,Ocurrencia espacial de núcleos c-FOS positivos / núcleos DAPI,1203,WATER_NPY3;E9_FR8-1;E8_FR6-4,WATER_NPY1;WATER_NPY2;E8_FR6-1,E7_FR7-1;E7_FR7-5;E8_FR6-3,1.44902297127,0.325694648156,False,False,biological animal
cfos_occurrence,Ocurrencia espacial de núcleos c-FOS positivos / núcleos DAPI,1204,WATER_NPY3;E9_FR8-1;E8_FR6-4,WATER_NPY1;WATER_NPY2;E8_FR6-3,E7_FR7-1;E7_FR7-5;E8_FR6-1,1.47317272318,0.329335085933,False,False,biological animal
cfos_occurrence,Ocurrencia espacial de núcleos c-FOS positivos / núcleos DAPI,1205,WATER_NPY3;E9_FR8-1;E8_FR6-4,WATER_NPY1;E7_FR7-1;E7_FR7-5,WATER_NPY2;E8_FR6-1;E8_FR6-3,0.618304257446,0.170882328697,False,False,biological animal
cfos_occurrence,Ocurrencia espacial de núcleos c-FOS positivos / núcleos DAPI,1206,WATER_NPY3;E9_FR8-1;E8_FR6-4,WATER_NPY1;E7_FR7-1;E8_FR6-1,WATER_NPY2;E7_FR7-5;E8_FR6-3,0.388541606966,0.114663372044,False,False,biological animal
cfos_occurrence,Ocurrencia espacial de núcleos c-FOS positivos / núcleos DAPI,1207,WATER_NPY3;E9_FR8-1;E8_FR6-4,WATER_NPY1;E7_FR7-1;E8_FR6-3,WATER_NPY2;E7_FR7-5;E8_FR6-1,0.328288651329,0.0986358713803,False,False,biological animal
cfos_occurrence,Ocurrencia espacial de núcleos c-FOS positivos / núcleos DAPI,1208,WATER_NPY3;E9_FR8-1;E8_FR6-4,WATER_NPY1;E7_FR7-5;E8_FR6-1,WATER_NPY2;E7_FR7-1;E8_FR6-3,0.411321550538,0.120575426398,False,False,biological animal
cfos_occurrence,Ocurrencia espacial de núcleos c-FOS positivos / núcleos DAPI,1209,WATER_NPY3;E9_FR8-1;E8_FR6-4,WATER_NPY1;E7_FR7-5;E8_FR6-3,WATER_NPY2;E7_FR7-1;E8_FR6-1,0.377324431281,0.111722885663,False,False,biological animal
cfos_occurrence,Ocurrencia espacial de núcleos c-FOS positivos / núcleos DAPI,1210,WATER_NPY3;E9_FR8-1;E8_FR6-4,WATER_NPY1;E8_FR6-1;E8_FR6-3,WATER_NPY2;E7_FR7-1;E7_FR7-5,1.24960418953,0.294051900789,False,False,biological animal
cfos_occurrence,Ocurrencia espacial de núcleos c-FOS positivos / núcleos DAPI,1211,WATER_NPY3;E9_FR8-1;E8_FR6-4,WATER_NPY2;E7_FR7-1;E7_FR7-5,WATER_NPY1;E8_FR6-1;E8_FR6-3,1.24960418953,0.294051900789,False,False,biological animal
cfos_occurrence,Ocurrencia espacial de núcleos c-FOS positivos / núcleos DAPI,1212,WATER_NPY3;E9_FR8-1;E8_FR6-4,WATER_NPY2;E7_FR7-1;E8_FR6-1,WATER_NPY1;E7_FR7-5;E8_FR6-3,0.377324431281,0.111722885663,False,False,biological animal
cfos_occurrence,Ocurrencia espacial de núcleos c-FOS positivos / núcleos DAPI,1213,WATER_NPY3;E9_FR8-1;E8_FR6-4,WATER_NPY2;E7_FR7-1;E8_FR6-3,WATER_NPY1;E7_FR7-5;E8_FR6-1,0.411321550538,0.120575426398,False,False,biological animal
cfos_occurrence,Ocurrencia espacial de núcleos c-FOS positivos / núcleos DAPI,1214,WATER_NPY3;E9_FR8-1;E8_FR6-4,WATER_NPY2;E7_FR7-5;E8_FR6-1,WATER_NPY1;E7_FR7-1;E8_FR6-3,0.328288651329,0.0986358713803,False,False,biological animal
cfos_occurrence,Ocurrencia espacial de núcleos c-FOS positivos / núcleos DAPI,1215,WATER_NPY3;E9_FR8-1;E8_FR6-4,WATER_NPY2;E7_FR7-5;E8_FR6-3,WATER_NPY1;E7_FR7-1;E8_FR6-1,0.388541606966,0.114663372044,False,False,biological animal
cfos_occurrence,Ocurrencia espacial de núcleos c-FOS positivos / núcleos DAPI,1216,WATER_NPY3;E9_FR8-1;E8_FR6-4,WATER_NPY2;E8_FR6-1;E8_FR6-3,WATER_NPY1;E7_FR7-1;E7_FR7-5,0.618304257446,0.170882328697,False,False,biological animal
cfos_occurrence,Ocurrencia espacial de núcleos c-FOS positivos / núcleos DAPI,1217,WATER_NPY3;E9_FR8-1;E8_FR6-4,E7_FR7-1;E7_FR7-5;E8_FR6-1,WATER_NPY1;WATER_NPY2;E8_FR6-3,1.47317272318,0.329335085933,False,False,biological animal
cfos_occurrence,Ocurrencia espacial de núcleos c-FOS positivos / núcleos DAPI,1218,WATER_NPY3;E9_FR8-1;E8_FR6-4,E7_FR7-1;E7_FR7-5;E8_FR6-3,WATER_NPY1;WATER_NPY2;E8_FR6-1,1.44902297127,0.325694648156,False,False,biological animal
cfos_occurrence,Ocurrencia espacial de núcleos c-FOS positivos / núcleos DAPI,1219,WATER_NPY3;E9_FR8-1;E8_FR6-4,E7_FR7-1;E8_FR6-1;E8_FR6-3,WATER_NPY1;WATER_NPY2;E7_FR7-5,0.576216086957,0.161124516233,False,False,biological animal
cfos_occurrence,Ocurrencia espacial de núcleos c-FOS positivos / núcleos DAPI,1220,WATER_NPY3;E9_FR8-1;E8_FR6-4,E7_FR7-5;E8_FR6-1;E8_FR6-3,WATER_NPY1;WATER_NPY2;E7_FR7-1,0.379069106945,0.11218151951,False,False,biological animal
cfos_occurrence,Ocurrencia espacial de núcleos c-FOS positivos / núcleos DAPI,1221,WATER_NPY3;E8_FR6-1;E8_FR6-3,WATER_NPY1;WATER_NPY2;E7_FR7-1,E7_FR7-5;E9_FR8-1;E8_FR6-4,0.217471073774,0.0675906849781,False,False,biological animal
cfos_occurrence,Ocurrencia espacial de núcleos c-FOS positivos / núcleos DAPI,1222,WATER_NPY3;E8_FR6-1;E8_FR6-3,WATER_NPY1;WATER_NPY2;E7_FR7-5,E7_FR7-1;E9_FR8-1;E8_FR6-4,0.403778350259,0.118626511103,False,False,biological animal
cfos_occurrence,Ocurrencia espacial de núcleos c-FOS positivos / núcleos DAPI,1223,WATER_NPY3;E8_FR6-1;E8_FR6-3,WATER_NPY1;WATER_NPY2;E9_FR8-1,E7_FR7-1;E7_FR7-5;E8_FR6-4,0.221794834192,0.0688420106203,False,False,biological animal
cfos_occurrence,Ocurrencia espacial de núcleos c-FOS positivos / núcleos DAPI,1224,WATER_NPY3;E8_FR6-1;E8_FR6-3,WATER_NPY1;WATER_NPY2;E8_FR6-4,E7_FR7-1;E7_FR7-5;E9_FR8-1,5.73905067939,0.656713284994,False,True,biological animal
cfos_occurrence,Ocurrencia espacial de núcleos c-FOS positivos / núcleos DAPI,1225,WATER_NPY3;E8_FR6-1;E8_FR6-3,WATER_NPY1;E7_FR7-1;E7_FR7-5,WATER_NPY2;E9_FR8-1;E8_FR6-4,0.200425290847,0.0626245803708,False,False,biological animal
cfos_occurrence,Ocurrencia espacial de núcleos c-FOS positivos / núcleos DAPI,1226,WATER_NPY3;E8_FR6-1;E8_FR6-3,WATER_NPY1;E7_FR7-1;E9_FR8-1,WATER_NPY2;E7_FR7-5;E8_FR6-4,0.47958742365,0.137828818552,False,False,biological animal
cfos_occurrence,Ocurrencia espacial de núcleos c-FOS positivos / núcleos DAPI,1227,WATER_NPY3;E8_FR6-1;E8_FR6-3,WATER_NPY1;E7_FR7-1;E8_FR6-4,WATER_NPY2;E7_FR7-5;E9_FR8-1,0.512864052413,0.145995986398,False,False,biological animal
cfos_occurrence,Ocurrencia espacial de núcleos c-FOS positivos / núcleos DAPI,1228,WATER_NPY3;E8_FR6-1;E8_FR6-3,WATER_NPY1;E7_FR7-5;E9_FR8-1,WATER_NPY2;E7_FR7-1;E8_FR6-4,0.170601005005,0.0538071503592,False,False,biological animal
cfos_occurrence,Ocurrencia espacial de núcleos c-FOS positivos / núcleos DAPI,1229,WATER_NPY3;E8_FR6-1;E8_FR6-3,WATER_NPY1;E7_FR7-5;E8_FR6-4,WATER_NPY2;E7_FR7-1;E9_FR8-1,0.994762723466,0.249016723227,False,False,biological animal
cfos_occurrence,Ocurrencia espacial de núcleos c-FOS positivos / núcleos DAPI,1230,WATER_NPY3;E8_FR6-1;E8_FR6-3,WATER_NPY1;E9_FR8-1;E8_FR6-4,WATER_NPY2;E7_FR7-1;E7_FR7-5,0.453996223712,0.131440856998,False,False,biological animal
cfos_occurrence,Ocurrencia espacial de núcleos c-FOS positivos / núcleos DAPI,1231,WATER_NPY3;E8_FR6-1;E8_FR6-3,WATER_NPY2;E7_FR7-1;E7_FR7-5,WATER_NPY1;E9_FR8-1;E8_FR6-4,0.453996223712,0.131440856998,False,False,biological animal
cfos_occurrence,Ocurrencia espacial de núcleos c-FOS positivos / núcleos DAPI,1232,WATER_NPY3;E8_FR6-1;E8_FR6-3,WATER_NPY2;E7_FR7-1;E9_FR8-1,WATER_NPY1;E7_FR7-5;E8_FR6-4,0.994762723466,0.249016723227,False,False,biological animal
cfos_occurrence,Ocurrencia espacial de núcleos c-FOS positivos / núcleos DAPI,1233,WATER_NPY3;E8_FR6-1;E8_FR6-3,WATER_NPY2;E7_FR7-1;E8_FR6-4,WATER_NPY1;E7_FR7-5;E9_FR8-1,0.170601005005,0.0538071503592,False,False,biological animal
cfos_occurrence,Ocurrencia espacial de núcleos c-FOS positivos / núcleos DAPI,1234,WATER_NPY3;E8_FR6-1;E8_FR6-3,WATER_NPY2;E7_FR7-5;E9_FR8-1,WATER_NPY1;E7_FR7-1;E8_FR6-4,0.512864052413,0.145995986398,False,False,biological animal
cfos_occurrence,Ocurrencia espacial de núcleos c-FOS positivos / núcleos DAPI,1235,WATER_NPY3;E8_FR6-1;E8_FR6-3,WATER_NPY2;E7_FR7-5;E8_FR6-4,WATER_NPY1;E7_FR7-1;E9_FR8-1,0.47958742365,0.137828818552,False,False,biological animal
cfos_occurrence,Ocurrencia espacial de núcleos c-FOS positivos / núcleos DAPI,1236,WATER_NPY3;E8_FR6-1;E8_FR6-3,WATER_NPY2;E9_FR8-1;E8_FR6-4,WATER_NPY1;E7_FR7-1;E7_FR7-5,0.200425290847,0.0626245803708,False,False,biological animal
cfos_occurrence,Ocurrencia espacial de núcleos c-FOS positivos / núcleos DAPI,1237,WATER_NPY3;E8_FR6-1;E8_FR6-3,E7_FR7-1;E7_FR7-5;E9_FR8-1,WATER_NPY1;WATER_NPY2;E8_FR6-4,5.73905067939,0.656713284994,False,True,biological animal
cfos_occurrence,Ocurrencia espacial de núcleos c-FOS positivos / núcleos DAPI,1238,WATER_NPY3;E8_FR6-1;E8_FR6-3,E7_FR7-1;E7_FR7-5;E8_FR6-4,WATER_NPY1;WATER_NPY2;E9_FR8-1,0.221794834192,0.0688420106203,False,False,biological animal
cfos_occurrence,Ocurrencia espacial de núcleos c-FOS positivos / núcleos DAPI,1239,WATER_NPY3;E8_FR6-1;E8_FR6-3,E7_FR7-1;E9_FR8-1;E8_FR6-4,WATER_NPY1;WATER_NPY2;E7_FR7-5,0.403778350259,0.118626511103,False,False,biological animal
cfos_occurrence,Ocurrencia espacial de núcleos c-FOS positivos / núcleos DAPI,1240,WATER_NPY3;E8_FR6-1;E8_FR6-3,E7_FR7-5;E9_FR8-1;E8_FR6-4,WATER_NPY1;WATER_NPY2;E7_FR7-1,0.217471073774,0.0675906849781,False,False,biological animal
cfos_occurrence,Ocurrencia espacial de núcleos c-FOS positivos / núcleos DAPI,1241,WATER_NPY3;E8_FR6-1;E8_FR6-4,WATER_NPY1;WATER_NPY2;E7_FR7-1,E7_FR7-5;E9_FR8-1;E8_FR6-3,0.479901865998,0.137906723947,False,False,biological animal
cfos_occurrence,Ocurrencia espacial de núcleos c-FOS positivos / núcleos DAPI,1242,WATER_NPY3;E8_FR6-1;E8_FR6-4,WATER_NPY1;WATER_NPY2;E7_FR7-5,E7_FR7-1;E9_FR8-1;E8_FR6-3,0.910644365844,0.232862996645,False,False,biological animal
cfos_occurrence,Ocurrencia espacial de núcleos c-FOS positivos / núcleos DAPI,1243,WATER_NPY3;E8_FR6-1;E8_FR6-4,WATER_NPY1;WATER_NPY2;E9_FR8-1,E7_FR7-1;E7_FR7-5;E8_FR6-3,0.503137053439,0.143624712868,False,False,biological animal
cfos_occurrence,Ocurrencia espacial de núcleos c-FOS positivos / núcleos DAPI,1244,WATER_NPY3;E8_FR6-1;E8_FR6-4,WATER_NPY1;WATER_NPY2;E8_FR6-3,E7_FR7-1;E7_FR7-5;E9_FR8-1,3.40028052236,0.531270545171,False,True,biological animal
cfos_occurrence,Ocurrencia espacial de núcleos c-FOS positivos / núcleos DAPI,1245,WATER_NPY3;E8_FR6-1;E8_FR6-4,WATER_NPY1;E7_FR7-1;E7_FR7-5,WATER_NPY2;E9_FR8-1;E8_FR6-3,0.224876769882,0.0697318954888,False,False,biological animal
cfos_occurrence,Ocurrencia espacial de núcleos c-FOS positivos / núcleos DAPI,1246,WATER_NPY3;E8_FR6-1;E8_FR6-4,WATER_NPY1;E7_FR7-1;E9_FR8-1,WATER_NPY2;E7_FR7-5;E8_FR6-3,0.353762780713,0.105482350376,False,False,biological animal
cfos_occurrence,Ocurrencia espacial de núcleos c-FOS positivos / núcleos DAPI,1247,WATER_NPY3;E8_FR6-1;E8_FR6-4,WATER_NPY1;E7_FR7-1;E8_FR6-3,WATER_NPY2;E7_FR7-5;E9_FR8-1,0.439114444626,0.127682416999,False,False,biological animal
cfos_occurrence,Ocurrencia espacial de núcleos c-FOS positivos / núcleos DAPI,1248,WATER_NPY3;E8_FR6-1;E8_FR6-4,WATER_NPY1;E7_FR7-5;E9_FR8-1,WATER_NPY2;E7_FR7-1;E8_FR6-3,0.209864568653,0.0653811287561,False,False,biological animal
cfos_occurrence,Ocurrencia espacial de núcleos c-FOS positivos / núcleos DAPI,1249,WATER_NPY3;E8_FR6-1;E8_FR6-4,WATER_NPY1;E7_FR7-5;E8_FR6-3,WATER_NPY2;E7_FR7-1;E9_FR8-1,0.68905091759,0.186782707255,False,False,biological animal
cfos_occurrence,Ocurrencia espacial de núcleos c-FOS positivos / núcleos DAPI,1250,WATER_NPY3;E8_FR6-1;E8_FR6-4,WATER_NPY1;E9_FR8-1;E8_FR6-3,WATER_NPY2;E7_FR7-1;E7_FR7-5,0.365721387224,0.10866062432,False,False,biological animal
cfos_occurrence,Ocurrencia espacial de núcleos c-FOS positivos / núcleos DAPI,1251,WATER_NPY3;E8_FR6-1;E8_FR6-4,WATER_NPY2;E7_FR7-1;E7_FR7-5,WATER_NPY1;E9_FR8-1;E8_FR6-3,0.365721387224,0.10866062432,False,False,biological animal
cfos_occurrence,Ocurrencia espacial de núcleos c-FOS positivos / núcleos DAPI,1252,WATER_NPY3;E8_FR6-1;E8_FR6-4,WATER_NPY2;E7_FR7-1;E9_FR8-1,WATER_NPY1;E7_FR7-5;E8_FR6-3,0.68905091759,0.186782707255,False,False,biological animal
cfos_occurrence,Ocurrencia espacial de núcleos c-FOS positivos / núcleos DAPI,1253,WATER_NPY3;E8_FR6-1;E8_FR6-4,WATER_NPY2;E7_FR7-1;E8_FR6-3,WATER_NPY1;E7_FR7-5;E9_FR8-1,0.209864568653,0.0653811287561,False,False,biological animal
cfos_occurrence,Ocurrencia espacial de núcleos c-FOS positivos / núcleos DAPI,1254,WATER_NPY3;E8_FR6-1;E8_FR6-4,WATER_NPY2;E7_FR7-5;E9_FR8-1,WATER_NPY1;E7_FR7-1;E8_FR6-3,0.439114444626,0.127682416999,False,False,biological animal
cfos_occurrence,Ocurrencia espacial de núcleos c-FOS positivos / núcleos DAPI,1255,WATER_NPY3;E8_FR6-1;E8_FR6-4,WATER_NPY2;E7_FR7-5;E8_FR6-3,WATER_NPY1;E7_FR7-1;E9_FR8-1,0.353762780713,0.105482350376,False,False,biological animal
cfos_occurrence,Ocurrencia espacial de núcleos c-FOS positivos / núcleos DAPI,1256,WATER_NPY3;E8_FR6-1;E8_FR6-4,WATER_NPY2;E9_FR8-1;E8_FR6-3,WATER_NPY1;E7_FR7-1;E7_FR7-5,0.224876769882,0.0697318954888,False,False,biological animal
cfos_occurrence,Ocurrencia espacial de núcleos c-FOS positivos / núcleos DAPI,1257,WATER_NPY3;E8_FR6-1;E8_FR6-4,E7_FR7-1;E7_FR7-5;E9_FR8-1,WATER_NPY1;WATER_NPY2;E8_FR6-3,3.40028052236,0.531270545171,False,True,biological animal
cfos_occurrence,Ocurrencia espacial de núcleos c-FOS positivos / núcleos DAPI,1258,WATER_NPY3;E8_FR6-1;E8_FR6-4,E7_FR7-1;E7_FR7-5;E8_FR6-3,WATER_NPY1;WATER_NPY2;E9_FR8-1,0.503137053439,0.143624712868,False,False,biological animal
cfos_occurrence,Ocurrencia espacial de núcleos c-FOS positivos / núcleos DAPI,1259,WATER_NPY3;E8_FR6-1;E8_FR6-4,E7_FR7-1;E9_FR8-1;E8_FR6-3,WATER_NPY1;WATER_NPY2;E7_FR7-5,0.910644365844,0.232862996645,False,False,biological animal
cfos_occurrence,Ocurrencia espacial de núcleos c-FOS positivos / núcleos DAPI,1260,WATER_NPY3;E8_FR6-1;E8_FR6-4,E7_FR7-5;E9_FR8-1;E8_FR6-3,WATER_NPY1;WATER_NPY2;E7_FR7-1,0.479901865998,0.137906723947,False,False,biological animal
cfos_occurrence,Ocurrencia espacial de núcleos c-FOS positivos / núcleos DAPI,1261,WATER_NPY3;E8_FR6-3;E8_FR6-4,WATER_NPY1;WATER_NPY2;E7_FR7-1,E7_FR7-5;E9_FR8-1;E8_FR6-1,0.485467178767,0.139283244933,False,False,biological animal
cfos_occurrence,Ocurrencia espacial de núcleos c-FOS positivos / núcleos DAPI,1262,WATER_NPY3;E8_FR6-3;E8_FR6-4,WATER_NPY1;WATER_NPY2;E7_FR7-5,E7_FR7-1;E9_FR8-1;E8_FR6-1,0.93611422936,0.237826997595,False,False,biological animal
cfos_occurrence,Ocurrencia espacial de núcleos c-FOS positivos / núcleos DAPI,1263,WATER_NPY3;E8_FR6-3;E8_FR6-4,WATER_NPY1;WATER_NPY2;E9_FR8-1,E7_FR7-1;E7_FR7-5;E8_FR6-1,0.532884690545,0.150835574105,False,False,biological animal
cfos_occurrence,Ocurrencia espacial de núcleos c-FOS positivos / núcleos DAPI,1264,WATER_NPY3;E8_FR6-3;E8_FR6-4,WATER_NPY1;WATER_NPY2;E8_FR6-1,E7_FR7-1;E7_FR7-5;E9_FR8-1,3.44940718699,0.534840968632,False,True,biological animal
cfos_occurrence,Ocurrencia espacial de núcleos c-FOS positivos / núcleos DAPI,1265,WATER_NPY3;E8_FR6-3;E8_FR6-4,WATER_NPY1;E7_FR7-1;E7_FR7-5,WATER_NPY2;E9_FR8-1;E8_FR6-1,0.208082407636,0.0648619272188,False,False,biological animal
cfos_occurrence,Ocurrencia espacial de núcleos c-FOS positivos / núcleos DAPI,1266,WATER_NPY3;E8_FR6-3;E8_FR6-4,WATER_NPY1;E7_FR7-1;E9_FR8-1,WATER_NPY2;E7_FR7-5;E8_FR6-1,0.343956870269,0.102859242393,False,False,biological animal
cfos_occurrence,Ocurrencia espacial de núcleos c-FOS positivos / núcleos DAPI,1267,WATER_NPY3;E8_FR6-3;E8_FR6-4,WATER_NPY1;E7_FR7-1;E8_FR6-1,WATER_NPY2;E7_FR7-5;E9_FR8-1,0.492786039157,0.141086809679,False,False,biological animal
cfos_occurrence,Ocurrencia espacial de núcleos c-FOS positivos / núcleos DAPI,1268,WATER_NPY3;E8_FR6-3;E8_FR6-4,WATER_NPY1;E7_FR7-5;E9_FR8-1,WATER_NPY2;E7_FR7-1;E8_FR6-1,0.21318003862,0.0663455007368,False,False,biological animal
cfos_occurrence,Ocurrencia espacial de núcleos c-FOS positivos / núcleos DAPI,1269,WATER_NPY3;E8_FR6-3;E8_FR6-4,WATER_NPY1;E7_FR7-5;E8_FR6-1,WATER_NPY2;E7_FR7-1;E9_FR8-1,0.734128181386,0.196599619972,False,False,biological animal
cfos_occurrence,Ocurrencia espacial de núcleos c-FOS positivos / núcleos DAPI,1270,WATER_NPY3;E8_FR6-3;E8_FR6-4,WATER_NPY1;E9_FR8-1;E8_FR6-1,WATER_NPY2;E7_FR7-1;E7_FR7-5,0.394550954731,0.11623067675,False,False,biological animal
cfos_occurrence,Ocurrencia espacial de núcleos c-FOS positivos / núcleos DAPI,1271,WATER_NPY3;E8_FR6-3;E8_FR6-4,WATER_NPY2;E7_FR7-1;E7_FR7-5,WATER_NPY1;E9_FR8-1;E8_FR6-1,0.394550954731,0.11623067675,False,False,biological animal
cfos_occurrence,Ocurrencia espacial de núcleos c-FOS positivos / núcleos DAPI,1272,WATER_NPY3;E8_FR6-3;E8_FR6-4,WATER_NPY2;E7_FR7-1;E9_FR8-1,WATER_NPY1;E7_FR7-5;E8_FR6-1,0.734128181386,0.196599619972,False,False,biological animal
cfos_occurrence,Ocurrencia espacial de núcleos c-FOS positivos / núcleos DAPI,1273,WATER_NPY3;E8_FR6-3;E8_FR6-4,WATER_NPY2;E7_FR7-1;E8_FR6-1,WATER_NPY1;E7_FR7-5;E9_FR8-1,0.21318003862,0.0663455007368,False,False,biological animal
cfos_occurrence,Ocurrencia espacial de núcleos c-FOS positivos / núcleos DAPI,1274,WATER_NPY3;E8_FR6-3;E8_FR6-4,WATER_NPY2;E7_FR7-5;E9_FR8-1,WATER_NPY1;E7_FR7-1;E8_FR6-1,0.492786039157,0.141086809679,False,False,biological animal
cfos_occurrence,Ocurrencia espacial de núcleos c-FOS positivos / núcleos DAPI,1275,WATER_NPY3;E8_FR6-3;E8_FR6-4,WATER_NPY2;E7_FR7-5;E8_FR6-1,WATER_NPY1;E7_FR7-1;E9_FR8-1,0.343956870269,0.102859242393,False,False,biological animal
cfos_occurrence,Ocurrencia espacial de núcleos c-FOS positivos / núcleos DAPI,1276,WATER_NPY3;E8_FR6-3;E8_FR6-4,WATER_NPY2;E9_FR8-1;E8_FR6-1,WATER_NPY1;E7_FR7-1;E7_FR7-5,0.208082407636,0.0648619272188,False,False,biological animal
cfos_occurrence,Ocurrencia espacial de núcleos c-FOS positivos / núcleos DAPI,1277,WATER_NPY3;E8_FR6-3;E8_FR6-4,E7_FR7-1;E7_FR7-5;E9_FR8-1,WATER_NPY1;WATER_NPY2;E8_FR6-1,3.44940718699,0.534840968632,False,True,biological animal
cfos_occurrence,Ocurrencia espacial de núcleos c-FOS positivos / núcleos DAPI,1278,WATER_NPY3;E8_FR6-3;E8_FR6-4,E7_FR7-1;E7_FR7-5;E8_FR6-1,WATER_NPY1;WATER_NPY2;E9_FR8-1,0.532884690545,0.150835574105,False,False,biological animal
cfos_occurrence,Ocurrencia espacial de núcleos c-FOS positivos / núcleos DAPI,1279,WATER_NPY3;E8_FR6-3;E8_FR6-4,E7_FR7-1;E9_FR8-1;E8_FR6-1,WATER_NPY1;WATER_NPY2;E7_FR7-5,0.93611422936,0.237826997595,False,False,biological animal
cfos_occurrence,Ocurrencia espacial de núcleos c-FOS positivos / núcleos DAPI,1280,WATER_NPY3;E8_FR6-3;E8_FR6-4,E7_FR7-5;E9_FR8-1;E8_FR6-1,WATER_NPY1;WATER_NPY2;E7_FR7-1,0.485467178767,0.139283244933,False,False,biological animal
cfos_occurrence,Ocurrencia espacial de núcleos c-FOS positivos / núcleos DAPI,1281,E7_FR7-1;E7_FR7-5;E9_FR8-1,WATER_NPY1;WATER_NPY2;WATER_NPY3,E8_FR6-1;E8_FR6-3;E8_FR6-4,3.29322477547,0.523296861779,False,True,biological animal
cfos_occurrence,Ocurrencia espacial de núcleos c-FOS positivos / núcleos DAPI,1282,E7_FR7-1;E7_FR7-5;E9_FR8-1,WATER_NPY1;WATER_NPY2;E8_FR6-1,WATER_NPY3;E8_FR6-3;E8_FR6-4,3.44940718699,0.534840968632,False,True,biological animal
cfos_occurrence,Ocurrencia espacial de núcleos c-FOS positivos / núcleos DAPI,1283,E7_FR7-1;E7_FR7-5;E9_FR8-1,WATER_NPY1;WATER_NPY2;E8_FR6-3,WATER_NPY3;E8_FR6-1;E8_FR6-4,3.40028052236,0.531270545171,False,True,biological animal
cfos_occurrence,Ocurrencia espacial de núcleos c-FOS positivos / núcleos DAPI,1284,E7_FR7-1;E7_FR7-5;E9_FR8-1,WATER_NPY1;WATER_NPY2;E8_FR6-4,WATER_NPY3;E8_FR6-1;E8_FR6-3,5.73905067939,0.656713284994,False,True,biological animal
cfos_occurrence,Ocurrencia espacial de núcleos c-FOS positivos / núcleos DAPI,1285,E7_FR7-1;E7_FR7-5;E9_FR8-1,WATER_NPY1;WATER_NPY3;E8_FR6-1,WATER_NPY2;E8_FR6-3;E8_FR6-4,3.13036786607,0.510632956204,False,False,biological animal
cfos_occurrence,Ocurrencia espacial de núcleos c-FOS positivos / núcleos DAPI,1286,E7_FR7-1;E7_FR7-5;E9_FR8-1,WATER_NPY1;WATER_NPY3;E8_FR6-3,WATER_NPY2;E8_FR6-1;E8_FR6-4,3.11014757091,0.509013495143,False,False,biological animal
cfos_occurrence,Ocurrencia espacial de núcleos c-FOS positivos / núcleos DAPI,1287,E7_FR7-1;E7_FR7-5;E9_FR8-1,WATER_NPY1;WATER_NPY3;E8_FR6-4,WATER_NPY2;E8_FR6-1;E8_FR6-3,2.7034360192,0.474001288013,False,False,biological animal
cfos_occurrence,Ocurrencia espacial de núcleos c-FOS positivos / núcleos DAPI,1288,E7_FR7-1;E7_FR7-5;E9_FR8-1,WATER_NPY1;E8_FR6-1;E8_FR6-3,WATER_NPY2;WATER_NPY3;E8_FR6-4,3.47280822577,0.536522650547,False,True,biological animal
cfos_occurrence,Ocurrencia espacial de núcleos c-FOS positivos / núcleos DAPI,1289,E7_FR7-1;E7_FR7-5;E9_FR8-1,WATER_NPY1;E8_FR6-1;E8_FR6-4,WATER_NPY2;WATER_NPY3;E8_FR6-3,5.13691616194,0.631309953268,False,True,biological animal
cfos_occurrence,Ocurrencia espacial de núcleos c-FOS positivos / núcleos DAPI,1290,E7_FR7-1;E7_FR7-5;E9_FR8-1,WATER_NPY1;E8_FR6-3;E8_FR6-4,WATER_NPY2;WATER_NPY3;E8_FR6-1,4.65402525931,0.608049372929,False,True,biological animal
cfos_occurrence,Ocurrencia espacial de núcleos c-FOS positivos / núcleos DAPI,1291,E7_FR7-1;E7_FR7-5;E9_FR8-1,WATER_NPY2;WATER_NPY3;E8_FR6-1,WATER_NPY1;E8_FR6-3;E8_FR6-4,4.65402525931,0.608049372929,False,True,biological animal
cfos_occurrence,Ocurrencia espacial de núcleos c-FOS positivos / núcleos DAPI,1292,E7_FR7-1;E7_FR7-5;E9_FR8-1,WATER_NPY2;WATER_NPY3;E8_FR6-3,WATER_NPY1;E8_FR6-1;E8_FR6-4,5.13691616194,0.631309953268,False,True,biological animal
cfos_occurrence,Ocurrencia espacial de núcleos c-FOS positivos / núcleos DAPI,1293,E7_FR7-1;E7_FR7-5;E9_FR8-1,WATER_NPY2;WATER_NPY3;E8_FR6-4,WATER_NPY1;E8_FR6-1;E8_FR6-3,3.47280822577,0.536522650547,False,True,biological animal
cfos_occurrence,Ocurrencia espacial de núcleos c-FOS positivos / núcleos DAPI,1294,E7_FR7-1;E7_FR7-5;E9_FR8-1,WATER_NPY2;E8_FR6-1;E8_FR6-3,WATER_NPY1;WATER_NPY3;E8_FR6-4,2.7034360192,0.474001288013,False,False,biological animal
cfos_occurrence,Ocurrencia espacial de núcleos c-FOS positivos / núcleos DAPI,1295,E7_FR7-1;E7_FR7-5;E9_FR8-1,WATER_NPY2;E8_FR6-1;E8_FR6-4,WATER_NPY1;WATER_NPY3;E8_FR6-3,3.11014757091,0.509013495143,False,False,biological animal
cfos_occurrence,Ocurrencia espacial de núcleos c-FOS positivos / núcleos DAPI,1296,E7_FR7-1;E7_FR7-5;E9_FR8-1,WATER_NPY2;E8_FR6-3;E8_FR6-4,WATER_NPY1;WATER_NPY3;E8_FR6-1,3.13036786607,0.510632956204,False,False,biological animal
cfos_occurrence,Ocurrencia espacial de núcleos c-FOS positivos / núcleos DAPI,1297,E7_FR7-1;E7_FR7-5;E9_FR8-1,WATER_NPY3;E8_FR6-1;E8_FR6-3,WATER_NPY1;WATER_NPY2;E8_FR6-4,5.73905067939,0.656713284994,False,True,biological animal
cfos_occurrence,Ocurrencia espacial de núcleos c-FOS positivos / núcleos DAPI,1298,E7_FR7-1;E7_FR7-5;E9_FR8-1,WATER_NPY3;E8_FR6-1;E8_FR6-4,WATER_NPY1;WATER_NPY2;E8_FR6-3,3.40028052236,0.531270545171,False,True,biological animal
cfos_occurrence,Ocurrencia espacial de núcleos c-FOS positivos / núcleos DAPI,1299,E7_FR7-1;E7_FR7-5;E9_FR8-1,WATER_NPY3;E8_FR6-3;E8_FR6-4,WATER_NPY1;WATER_NPY2;E8_FR6-1,3.44940718699,0.534840968632,False,True,biological animal
cfos_occurrence,Ocurrencia espacial de núcleos c-FOS positivos / núcleos DAPI,1300,E7_FR7-1;E7_FR7-5;E9_FR8-1,E8_FR6-1;E8_FR6-3;E8_FR6-4,WATER_NPY1;WATER_NPY2;WATER_NPY3,3.29322477547,0.523296861779,False,True,biological animal
cfos_occurrence,Ocurrencia espacial de núcleos c-FOS positivos / núcleos DAPI,1301,E7_FR7-1;E7_FR7-5;E8_FR6-1,WATER_NPY1;WATER_NPY2;WATER_NPY3,E9_FR8-1;E8_FR6-3;E8_FR6-4,0.446512355209,0.129554839557,False,False,biological animal
cfos_occurrence,Ocurrencia espacial de núcleos c-FOS positivos / núcleos DAPI,1302,E7_FR7-1;E7_FR7-5;E8_FR6-1,WATER_NPY1;WATER_NPY2;E9_FR8-1,WATER_NPY3;E8_FR6-3;E8_FR6-4,0.532884690545,0.150835574105,False,False,biological animal
cfos_occurrence,Ocurrencia espacial de núcleos c-FOS positivos / núcleos DAPI,1303,E7_FR7-1;E7_FR7-5;E8_FR6-1,WATER_NPY1;WATER_NPY2;E8_FR6-3,WATER_NPY3;E9_FR8-1;E8_FR6-4,1.47317272318,0.329335085933,False,False,biological animal
cfos_occurrence,Ocurrencia espacial de núcleos c-FOS positivos / núcleos DAPI,1304,E7_FR7-1;E7_FR7-5;E8_FR6-1,WATER_NPY1;WATER_NPY2;E8_FR6-4,WATER_NPY3;E9_FR8-1;E8_FR6-3,3.55182932314,0.54211261435,False,True,biological animal
cfos_occurrence,Ocurrencia espacial de núcleos c-FOS positivos / núcleos DAPI,1305,E7_FR7-1;E7_FR7-5;E8_FR6-1,WATER_NPY1;WATER_NPY3;E9_FR8-1,WATER_NPY2;E8_FR6-3;E8_FR6-4,1.38028324611,0.31511278348,False,False,biological animal
cfos_occurrence,Ocurrencia espacial de núcleos c-FOS positivos / núcleos DAPI,1306,E7_FR7-1;E7_FR7-5;E8_FR6-1,WATER_NPY1;WATER_NPY3;E8_FR6-3,WATER_NPY2;E9_FR8-1;E8_FR6-4,0.403648220707,0.118592814102,False,False,biological animal
cfos_occurrence,Ocurrencia espacial de núcleos c-FOS positivos / núcleos DAPI,1307,E7_FR7-1;E7_FR7-5;E8_FR6-1,WATER_NPY1;WATER_NPY3;E8_FR6-4,WATER_NPY2;E9_FR8-1;E8_FR6-3,0.618448568405,0.170915395566,False,False,biological animal
cfos_occurrence,Ocurrencia espacial de núcleos c-FOS positivos / núcleos DAPI,1308,E7_FR7-1;E7_FR7-5;E8_FR6-1,WATER_NPY1;E9_FR8-1;E8_FR6-3,WATER_NPY2;WATER_NPY3;E8_FR6-4,0.526076158219,0.149195914839,False,False,biological animal
cfos_occurrence,Ocurrencia espacial de núcleos c-FOS positivos / núcleos DAPI,1309,E7_FR7-1;E7_FR7-5;E8_FR6-1,WATER_NPY1;E9_FR8-1;E8_FR6-4,WATER_NPY2;WATER_NPY3;E8_FR6-3,0.557235325147,0.156648428966,False,False,biological animal
cfos_occurrence,Ocurrencia espacial de núcleos c-FOS positivos / núcleos DAPI,1310,E7_FR7-1;E7_FR7-5;E8_FR6-1,WATER_NPY1;E8_FR6-3;E8_FR6-4,WATER_NPY2;WATER_NPY3;E9_FR8-1,2.96148929739,0.496770043466,False,False,biological animal
cfos_occurrence,Ocurrencia espacial de núcleos c-FOS positivos / núcleos DAPI,1311,E7_FR7-1;E7_FR7-5;E8_FR6-1,WATER_NPY2;WATER_NPY3;E9_FR8-1,WATER_NPY1;E8_FR6-3;E8_FR6-4,2.96148929739,0.496770043466,False,False,biological animal
cfos_occurrence,Ocurrencia espacial de núcleos c-FOS positivos / núcleos DAPI,1312,E7_FR7-1;E7_FR7-5;E8_FR6-1,WATER_NPY2;WATER_NPY3;E8_FR6-3,WATER_NPY1;E9_FR8-1;E8_FR6-4,0.557235325147,0.156648428966,False,False,biological animal
cfos_occurrence,Ocurrencia espacial de núcleos c-FOS positivos / núcleos DAPI,1313,E7_FR7-1;E7_FR7-5;E8_FR6-1,WATER_NPY2;WATER_NPY3;E8_FR6-4,WATER_NPY1;E9_FR8-1;E8_FR6-3,0.526076158219,0.149195914839,False,False,biological animal
cfos_occurrence,Ocurrencia espacial de núcleos c-FOS positivos / núcleos DAPI,1314,E7_FR7-1;E7_FR7-5;E8_FR6-1,WATER_NPY2;E9_FR8-1;E8_FR6-3,WATER_NPY1;WATER_NPY3;E8_FR6-4,0.618448568405,0.170915395566,False,False,biological animal
cfos_occurrence,Ocurrencia espacial de núcleos c-FOS positivos / núcleos DAPI,1315,E7_FR7-1;E7_FR7-5;E8_FR6-1,WATER_NPY2;E9_FR8-1;E8_FR6-4,WATER_NPY1;WATER_NPY3;E8_FR6-3,0.403648220707,0.118592814102,False,False,biological animal
cfos_occurrence,Ocurrencia espacial de núcleos c-FOS positivos / núcleos DAPI,1316,E7_FR7-1;E7_FR7-5;E8_FR6-1,WATER_NPY2;E8_FR6-3;E8_FR6-4,WATER_NPY1;WATER_NPY3;E9_FR8-1,1.38028324611,0.31511278348,False,False,biological animal
cfos_occurrence,Ocurrencia espacial de núcleos c-FOS positivos / núcleos DAPI,1317,E7_FR7-1;E7_FR7-5;E8_FR6-1,WATER_NPY3;E9_FR8-1;E8_FR6-3,WATER_NPY1;WATER_NPY2;E8_FR6-4,3.55182932314,0.54211261435,False,True,biological animal
cfos_occurrence,Ocurrencia espacial de núcleos c-FOS positivos / núcleos DAPI,1318,E7_FR7-1;E7_FR7-5;E8_FR6-1,WATER_NPY3;E9_FR8-1;E8_FR6-4,WATER_NPY1;WATER_NPY2;E8_FR6-3,1.47317272318,0.329335085933,False,False,biological animal
cfos_occurrence,Ocurrencia espacial de núcleos c-FOS positivos / núcleos DAPI,1319,E7_FR7-1;E7_FR7-5;E8_FR6-1,WATER_NPY3;E8_FR6-3;E8_FR6-4,WATER_NPY1;WATER_NPY2;E9_FR8-1,0.532884690545,0.150835574105,False,False,biological animal
cfos_occurrence,Ocurrencia espacial de núcleos c-FOS positivos / núcleos DAPI,1320,E7_FR7-1;E7_FR7-5;E8_FR6-1,E9_FR8-1;E8_FR6-3;E8_FR6-4,WATER_NPY1;WATER_NPY2;WATER_NPY3,0.446512355209,0.129554839557,False,False,biological animal
cfos_occurrence,Ocurrencia espacial de núcleos c-FOS positivos / núcleos DAPI,1321,E7_FR7-1;E7_FR7-5;E8_FR6-3,WATER_NPY1;WATER_NPY2;WATER_NPY3,E9_FR8-1;E8_FR6-1;E8_FR6-4,0.437682617357,0.127319088489,False,False,biological animal
cfos_occurrence,Ocurrencia espacial de núcleos c-FOS positivos / núcleos DAPI,1322,E7_FR7-1;E7_FR7-5;E8_FR6-3,WATER_NPY1;WATER_NPY2;E9_FR8-1,WATER_NPY3;E8_FR6-1;E8_FR6-4,0.503137053439,0.143624712868,False,False,biological animal
cfos_occurrence,Ocurrencia espacial de núcleos c-FOS positivos / núcleos DAPI,1323,E7_FR7-1;E7_FR7-5;E8_FR6-3,WATER_NPY1;WATER_NPY2;E8_FR6-1,WATER_NPY3;E9_FR8-1;E8_FR6-4,1.44902297127,0.325694648156,False,False,biological animal
cfos_occurrence,Ocurrencia espacial de núcleos c-FOS positivos / núcleos DAPI,1324,E7_FR7-1;E7_FR7-5;E8_FR6-3,WATER_NPY1;WATER_NPY2;E8_FR6-4,WATER_NPY3;E9_FR8-1;E8_FR6-1,3.370188248,0.529056303643,False,True,biological animal
cfos_occurrence,Ocurrencia espacial de núcleos c-FOS positivos / núcleos DAPI,1325,E7_FR7-1;E7_FR7-5;E8_FR6-3,WATER_NPY1;WATER_NPY3;E9_FR8-1,WATER_NPY2;E8_FR6-1;E8_FR6-4,1.34076387452,0.308877403443,False,False,biological animal
cfos_occurrence,Ocurrencia espacial de núcleos c-FOS positivos / núcleos DAPI,1326,E7_FR7-1;E7_FR7-5;E8_FR6-3,WATER_NPY1;WATER_NPY3;E8_FR6-1,WATER_NPY2;E9_FR8-1;E8_FR6-4,0.385916217644,0.113976895126,False,False,biological animal
cfos_occurrence,Ocurrencia espacial de núcleos c-FOS positivos / núcleos DAPI,1327,E7_FR7-1;E7_FR7-5;E8_FR6-3,WATER_NPY1;WATER_NPY3;E8_FR6-4,WATER_NPY2;E9_FR8-1;E8_FR6-1,0.566480360405,0.15883456606,False,False,biological animal
cfos_occurrence,Ocurrencia espacial de núcleos c-FOS positivos / núcleos DAPI,1328,E7_FR7-1;E7_FR7-5;E8_FR6-3,WATER_NPY1;E9_FR8-1;E8_FR6-1,WATER_NPY2;WATER_NPY3;E8_FR6-4,0.527565420499,0.149555106033,False,False,biological animal
cfos_occurrence,Ocurrencia espacial de núcleos c-FOS positivos / núcleos DAPI,1329,E7_FR7-1;E7_FR7-5;E8_FR6-3,WATER_NPY1;E9_FR8-1;E8_FR6-4,WATER_NPY2;WATER_NPY3;E8_FR6-1,0.486719911971,0.13959248929,False,False,biological animal
cfos_occurrence,Ocurrencia espacial de núcleos c-FOS positivos / núcleos DAPI,1330,E7_FR7-1;E7_FR7-5;E8_FR6-3,WATER_NPY1;E8_FR6-1;E8_FR6-4,WATER_NPY2;WATER_NPY3;E9_FR8-1,3.03590985048,0.502974684129,False,False,biological animal
cfos_occurrence,Ocurrencia espacial de núcleos c-FOS positivos / núcleos DAPI,1331,E7_FR7-1;E7_FR7-5;E8_FR6-3,WATER_NPY2;WATER_NPY3;E9_FR8-1,WATER_NPY1;E8_FR6-1;E8_FR6-4,3.03590985048,0.502974684129,False,False,biological animal
cfos_occurrence,Ocurrencia espacial de núcleos c-FOS positivos / núcleos DAPI,1332,E7_FR7-1;E7_FR7-5;E8_FR6-3,WATER_NPY2;WATER_NPY3;E8_FR6-1,WATER_NPY1;E9_FR8-1;E8_FR6-4,0.486719911971,0.13959248929,False,False,biological animal
cfos_occurrence,Ocurrencia espacial de núcleos c-FOS positivos / núcleos DAPI,1333,E7_FR7-1;E7_FR7-5;E8_FR6-3,WATER_NPY2;WATER_NPY3;E8_FR6-4,WATER_NPY1;E9_FR8-1;E8_FR6-1,0.527565420499,0.149555106033,False,False,biological animal
cfos_occurrence,Ocurrencia espacial de núcleos c-FOS positivos / núcleos DAPI,1334,E7_FR7-1;E7_FR7-5;E8_FR6-3,WATER_NPY2;E9_FR8-1;E8_FR6-1,WATER_NPY1;WATER_NPY3;E8_FR6-4,0.566480360405,0.15883456606,False,False,biological animal
cfos_occurrence,Ocurrencia espacial de núcleos c-FOS positivos / núcleos DAPI,1335,E7_FR7-1;E7_FR7-5;E8_FR6-3,WATER_NPY2;E9_FR8-1;E8_FR6-4,WATER_NPY1;WATER_NPY3;E8_FR6-1,0.385916217644,0.113976895126,False,False,biological animal
cfos_occurrence,Ocurrencia espacial de núcleos c-FOS positivos / núcleos DAPI,1336,E7_FR7-1;E7_FR7-5;E8_FR6-3,WATER_NPY2;E8_FR6-1;E8_FR6-4,WATER_NPY1;WATER_NPY3;E9_FR8-1,1.34076387452,0.308877403443,False,False,biological animal
cfos_occurrence,Ocurrencia espacial de núcleos c-FOS positivos / núcleos DAPI,1337,E7_FR7-1;E7_FR7-5;E8_FR6-3,WATER_NPY3;E9_FR8-1;E8_FR6-1,WATER_NPY1;WATER_NPY2;E8_FR6-4,3.370188248,0.529056303643,False,True,biological animal
cfos_occurrence,Ocurrencia espacial de núcleos c-FOS positivos / núcleos DAPI,1338,E7_FR7-1;E7_FR7-5;E8_FR6-3,WATER_NPY3;E9_FR8-1;E8_FR6-4,WATER_NPY1;WATER_NPY2;E8_FR6-1,1.44902297127,0.325694648156,False,False,biological animal
cfos_occurrence,Ocurrencia espacial de núcleos c-FOS positivos / núcleos DAPI,1339,E7_FR7-1;E7_FR7-5;E8_FR6-3,WATER_NPY3;E8_FR6-1;E8_FR6-4,WATER_NPY1;WATER_NPY2;E9_FR8-1,0.503137053439,0.143624712868,False,False,biological animal
cfos_occurrence,Ocurrencia espacial de núcleos c-FOS positivos / núcleos DAPI,1340,E7_FR7-1;E7_FR7-5;E8_FR6-3,E9_FR8-1;E8_FR6-1;E8_FR6-4,WATER_NPY1;WATER_NPY2;WATER_NPY3,0.437682617357,0.127319088489,False,False,biological animal
cfos_occurrence,Ocurrencia espacial de núcleos c-FOS positivos / núcleos DAPI,1341,E7_FR7-1;E7_FR7-5;E8_FR6-4,WATER_NPY1;WATER_NPY2;WATER_NPY3,E9_FR8-1;E8_FR6-1;E8_FR6-3,0.243143038573,0.0749714199098,False,False,biological animal
cfos_occurrence,Ocurrencia espacial de núcleos c-FOS positivos / núcleos DAPI,1342,E7_FR7-1;E7_FR7-5;E8_FR6-4,WATER_NPY1;WATER_NPY2;E9_FR8-1,WATER_NPY3;E8_FR6-1;E8_FR6-3,0.221794834192,0.0688420106203,False,False,biological animal
cfos_occurrence,Ocurrencia espacial de núcleos c-FOS positivos / núcleos DAPI,1343,E7_FR7-1;E7_FR7-5;E8_FR6-4,WATER_NPY1;WATER_NPY2;E8_FR6-1,WATER_NPY3;E9_FR8-1;E8_FR6-3,1.53341170556,0.338246734503,False,False,biological animal
cfos_occurrence,Ocurrencia espacial de núcleos c-FOS positivos / núcleos DAPI,1344,E7_FR7-1;E7_FR7-5;E8_FR6-4,WATER_NPY1;WATER_NPY2;E8_FR6-3,WATER_NPY3;E9_FR8-1;E8_FR6-1,1.46981219522,0.328830861573,False,False,biological animal
cfos_occurrence,Ocurrencia espacial de núcleos c-FOS positivos / núcleos DAPI,1345,E7_FR7-1;E7_FR7-5;E8_FR6-4,WATER_NPY1;WATER_NPY3;E9_FR8-1,WATER_NPY2;E8_FR6-1;E8_FR6-3,0.545542848921,0.153867227719,False,False,biological animal
cfos_occurrence,Ocurrencia espacial de núcleos c-FOS positivos / núcleos DAPI,1346,E7_FR7-1;E7_FR7-5;E8_FR6-4,WATER_NPY1;WATER_NPY3;E8_FR6-1,WATER_NPY2;E9_FR8-1;E8_FR6-3,0.145648257969,0.046301507996,False,False,biological animal
cfos_occurrence,Ocurrencia espacial de núcleos c-FOS positivos / núcleos DAPI,1347,E7_FR7-1;E7_FR7-5;E8_FR6-4,WATER_NPY1;WATER_NPY3;E8_FR6-3,WATER_NPY2;E9_FR8-1;E8_FR6-1,0.121217466342,0.0388365974652,False,False,biological animal
cfos_occurrence,Ocurrencia espacial de núcleos c-FOS positivos / núcleos DAPI,1348,E7_FR7-1;E7_FR7-5;E8_FR6-4,WATER_NPY1;E9_FR8-1;E8_FR6-1,WATER_NPY2;WATER_NPY3;E8_FR6-3,0.189605069368,0.0594446852336,False,False,biological animal
cfos_occurrence,Ocurrencia espacial de núcleos c-FOS positivos / núcleos DAPI,1349,E7_FR7-1;E7_FR7-5;E8_FR6-4,WATER_NPY1;E9_FR8-1;E8_FR6-3,WATER_NPY2;WATER_NPY3;E8_FR6-1,0.131620619059,0.0420295543648,False,False,biological animal
cfos_occurrence,Ocurrencia espacial de núcleos c-FOS positivos / núcleos DAPI,1350,E7_FR7-1;E7_FR7-5;E8_FR6-4,WATER_NPY1;E8_FR6-1;E8_FR6-3,WATER_NPY2;WATER_NPY3;E9_FR8-1,1.39932342318,0.318076960609,False,False,biological animal
cfos_occurrence,Ocurrencia espacial de núcleos c-FOS positivos / núcleos DAPI,1351,E7_FR7-1;E7_FR7-5;E8_FR6-4,WATER_NPY2;WATER_NPY3;E9_FR8-1,WATER_NPY1;E8_FR6-1;E8_FR6-3,1.39932342318,0.318076960609,False,False,biological animal
cfos_occurrence,Ocurrencia espacial de núcleos c-FOS positivos / núcleos DAPI,1352,E7_FR7-1;E7_FR7-5;E8_FR6-4,WATER_NPY2;WATER_NPY3;E8_FR6-1,WATER_NPY1;E9_FR8-1;E8_FR6-3,0.131620619059,0.0420295543648,False,False,biological animal
cfos_occurrence,Ocurrencia espacial de núcleos c-FOS positivos / núcleos DAPI,1353,E7_FR7-1;E7_FR7-5;E8_FR6-4,WATER_NPY2;WATER_NPY3;E8_FR6-3,WATER_NPY1;E9_FR8-1;E8_FR6-1,0.189605069368,0.0594446852336,False,False,biological animal
cfos_occurrence,Ocurrencia espacial de núcleos c-FOS positivos / núcleos DAPI,1354,E7_FR7-1;E7_FR7-5;E8_FR6-4,WATER_NPY2;E9_FR8-1;E8_FR6-1,WATER_NPY1;WATER_NPY3;E8_FR6-3,0.121217466342,0.0388365974652,False,False,biological animal
cfos_occurrence,Ocurrencia espacial de núcleos c-FOS positivos / núcleos DAPI,1355,E7_FR7-1;E7_FR7-5;E8_FR6-4,WATER_NPY2;E9_FR8-1;E8_FR6-3,WATER_NPY1;WATER_NPY3;E8_FR6-1,0.145648257969,0.046301507996,False,False,biological animal
cfos_occurrence,Ocurrencia espacial de núcleos c-FOS positivos / núcleos DAPI,1356,E7_FR7-1;E7_FR7-5;E8_FR6-4,WATER_NPY2;E8_FR6-1;E8_FR6-3,WATER_NPY1;WATER_NPY3;E9_FR8-1,0.545542848921,0.153867227719,False,False,biological animal
cfos_occurrence,Ocurrencia espacial de núcleos c-FOS positivos / núcleos DAPI,1357,E7_FR7-1;E7_FR7-5;E8_FR6-4,WATER_NPY3;E9_FR8-1;E8_FR6-1,WATER_NPY1;WATER_NPY2;E8_FR6-3,1.46981219522,0.328830861573,False,False,biological animal
cfos_occurrence,Ocurrencia espacial de núcleos c-FOS positivos / núcleos DAPI,1358,E7_FR7-1;E7_FR7-5;E8_FR6-4,WATER_NPY3;E9_FR8-1;E8_FR6-3,WATER_NPY1;WATER_NPY2;E8_FR6-1,1.53341170556,0.338246734503,False,False,biological animal
cfos_occurrence,Ocurrencia espacial de núcleos c-FOS positivos / núcleos DAPI,1359,E7_FR7-1;E7_FR7-5;E8_FR6-4,WATER_NPY3;E8_FR6-1;E8_FR6-3,WATER_NPY1;WATER_NPY2;E9_FR8-1,0.221794834192,0.0688420106203,False,False,biological animal
cfos_occurrence,Ocurrencia espacial de núcleos c-FOS positivos / núcleos DAPI,1360,E7_FR7-1;E7_FR7-5;E8_FR6-4,E9_FR8-1;E8_FR6-1;E8_FR6-3,WATER_NPY1;WATER_NPY2;WATER_NPY3,0.243143038573,0.0749714199098,False,False,biological animal
cfos_occurrence,Ocurrencia espacial de núcleos c-FOS positivos / núcleos DAPI,1361,E7_FR7-1;E9_FR8-1;E8_FR6-1,WATER_NPY1;WATER_NPY2;WATER_NPY3,E7_FR7-5;E8_FR6-3;E8_FR6-4,0.864475579909,0.223698031475,False,False,biological animal
cfos_occurrence,Ocurrencia espacial de núcleos c-FOS positivos / núcleos DAPI,1362,E7_FR7-1;E9_FR8-1;E8_FR6-1,WATER_NPY1;WATER_NPY2;E7_FR7-5,WATER_NPY3;E8_FR6-3;E8_FR6-4,0.93611422936,0.237826997595,False,False,biological animal
cfos_occurrence,Ocurrencia espacial de núcleos c-FOS positivos / núcleos DAPI,1363,E7_FR7-1;E9_FR8-1;E8_FR6-1,WATER_NPY1;WATER_NPY2;E8_FR6-3,WATER_NPY3;E7_FR7-5;E8_FR6-4,1.79675792053,0.374577568912,False,False,biological animal
cfos_occurrence,Ocurrencia espacial de núcleos c-FOS positivos / núcleos DAPI,1364,E7_FR7-1;E9_FR8-1;E8_FR6-1,WATER_NPY1;WATER_NPY2;E8_FR6-4,WATER_NPY3;E7_FR7-5;E8_FR6-3,3.63571935317,0.547901314035,False,True,biological animal
cfos_occurrence,Ocurrencia espacial de núcleos c-FOS positivos / núcleos DAPI,1365,E7_FR7-1;E9_FR8-1;E8_FR6-1,WATER_NPY1;WATER_NPY3;E7_FR7-5,WATER_NPY2;E8_FR6-3;E8_FR6-4,1.59872589081,0.34764539761,False,False,biological animal
cfos_occurrence,Ocurrencia espacial de núcleos c-FOS positivos / núcleos DAPI,1366,E7_FR7-1;E9_FR8-1;E8_FR6-1,WATER_NPY1;WATER_NPY3;E8_FR6-3,WATER_NPY2;E7_FR7-5;E8_FR6-4,0.837760498826,0.218294106441,False,False,biological animal
cfos_occurrence,Ocurrencia espacial de núcleos c-FOS positivos / núcleos DAPI,1367,E7_FR7-1;E9_FR8-1;E8_FR6-1,WATER_NPY1;WATER_NPY3;E8_FR6-4,WATER_NPY2;E7_FR7-5;E8_FR6-3,0.901996948371,0.231162904612,False,False,biological animal
cfos_occurrence,Ocurrencia espacial de núcleos c-FOS positivos / núcleos DAPI,1368,E7_FR7-1;E9_FR8-1;E8_FR6-1,WATER_NPY1;E7_FR7-5;E8_FR6-3,WATER_NPY2;WATER_NPY3;E8_FR6-4,0.899290365343,0.230629237908,False,False,biological animal
cfos_occurrence,Ocurrencia espacial de núcleos c-FOS positivos / núcleos DAPI,1369,E7_FR7-1;E9_FR8-1;E8_FR6-1,WATER_NPY1;E7_FR7-5;E8_FR6-4,WATER_NPY2;WATER_NPY3;E8_FR6-3,1.15245336858,0.277535535329,False,False,biological animal
cfos_occurrence,Ocurrencia espacial de núcleos c-FOS positivos / núcleos DAPI,1370,E7_FR7-1;E9_FR8-1;E8_FR6-1,WATER_NPY1;E8_FR6-3;E8_FR6-4,WATER_NPY2;WATER_NPY3;E7_FR7-5,3.09900941067,0.508116843572,False,False,biological animal
cfos_occurrence,Ocurrencia espacial de núcleos c-FOS positivos / núcleos DAPI,1371,E7_FR7-1;E9_FR8-1;E8_FR6-1,WATER_NPY2;WATER_NPY3;E7_FR7-5,WATER_NPY1;E8_FR6-3;E8_FR6-4,3.09900941067,0.508116843572,False,False,biological animal
cfos_occurrence,Ocurrencia espacial de núcleos c-FOS positivos / núcleos DAPI,1372,E7_FR7-1;E9_FR8-1;E8_FR6-1,WATER_NPY2;WATER_NPY3;E8_FR6-3,WATER_NPY1;E7_FR7-5;E8_FR6-4,1.15245336858,0.277535535329,False,False,biological animal
cfos_occurrence,Ocurrencia espacial de núcleos c-FOS positivos / núcleos DAPI,1373,E7_FR7-1;E9_FR8-1;E8_FR6-1,WATER_NPY2;WATER_NPY3;E8_FR6-4,WATER_NPY1;E7_FR7-5;E8_FR6-3,0.899290365343,0.230629237908,False,False,biological animal
cfos_occurrence,Ocurrencia espacial de núcleos c-FOS positivos / núcleos DAPI,1374,E7_FR7-1;E9_FR8-1;E8_FR6-1,WATER_NPY2;E7_FR7-5;E8_FR6-3,WATER_NPY1;WATER_NPY3;E8_FR6-4,0.901996948371,0.231162904612,False,False,biological animal
cfos_occurrence,Ocurrencia espacial de núcleos c-FOS positivos / núcleos DAPI,1375,E7_FR7-1;E9_FR8-1;E8_FR6-1,WATER_NPY2;E7_FR7-5;E8_FR6-4,WATER_NPY1;WATER_NPY3;E8_FR6-3,0.837760498826,0.218294106441,False,False,biological animal
cfos_occurrence,Ocurrencia espacial de núcleos c-FOS positivos / núcleos DAPI,1376,E7_FR7-1;E9_FR8-1;E8_FR6-1,WATER_NPY2;E8_FR6-3;E8_FR6-4,WATER_NPY1;WATER_NPY3;E7_FR7-5,1.59872589081,0.34764539761,False,False,biological animal
cfos_occurrence,Ocurrencia espacial de núcleos c-FOS positivos / núcleos DAPI,1377,E7_FR7-1;E9_FR8-1;E8_FR6-1,WATER_NPY3;E7_FR7-5;E8_FR6-3,WATER_NPY1;WATER_NPY2;E8_FR6-4,3.63571935317,0.547901314035,False,True,biological animal
cfos_occurrence,Ocurrencia espacial de núcleos c-FOS positivos / núcleos DAPI,1378,E7_FR7-1;E9_FR8-1;E8_FR6-1,WATER_NPY3;E7_FR7-5;E8_FR6-4,WATER_NPY1;WATER_NPY2;E8_FR6-3,1.79675792053,0.374577568912,False,False,biological animal
cfos_occurrence,Ocurrencia espacial de núcleos c-FOS positivos / núcleos DAPI,1379,E7_FR7-1;E9_FR8-1;E8_FR6-1,WATER_NPY3;E8_FR6-3;E8_FR6-4,WATER_NPY1;WATER_NPY2;E7_FR7-5,0.93611422936,0.237826997595,False,False,biological animal
cfos_occurrence,Ocurrencia espacial de núcleos c-FOS positivos / núcleos DAPI,1380,E7_FR7-1;E9_FR8-1;E8_FR6-1,E7_FR7-5;E8_FR6-3;E8_FR6-4,WATER_NPY1;WATER_NPY2;WATER_NPY3,0.864475579909,0.223698031475,False,False,biological animal
cfos_occurrence,Ocurrencia espacial de núcleos c-FOS positivos / núcleos DAPI,1381,E7_FR7-1;E9_FR8-1;E8_FR6-3,WATER_NPY1;WATER_NPY2;WATER_NPY3,E7_FR7-5;E8_FR6-1;E8_FR6-4,0.875748670361,0.225956000981,False,False,biological animal
cfos_occurrence,Ocurrencia espacial de núcleos c-FOS positivos / núcleos DAPI,1382,E7_FR7-1;E9_FR8-1;E8_FR6-3,WATER_NPY1;WATER_NPY2;E7_FR7-5,WATER_NPY3;E8_FR6-1;E8_FR6-4,0.910644365844,0.232862996645,False,False,biological animal
cfos_occurrence,Ocurrencia espacial de núcleos c-FOS positivos / núcleos DAPI,1383,E7_FR7-1;E9_FR8-1;E8_FR6-3,WATER_NPY1;WATER_NPY2;E8_FR6-1,WATER_NPY3;E7_FR7-5;E8_FR6-4,1.78609346115,0.373183991422,False,False,biological animal
cfos_occurrence,Ocurrencia espacial de núcleos c-FOS positivos / núcleos DAPI,1384,E7_FR7-1;E9_FR8-1;E8_FR6-3,WATER_NPY1;WATER_NPY2;E8_FR6-4,WATER_NPY3;E7_FR7-5;E8_FR6-1,3.51237721871,0.539338723902,False,True,biological animal
cfos_occurrence,Ocurrencia espacial de núcleos c-FOS positivos / núcleos DAPI,1385,E7_FR7-1;E9_FR8-1;E8_FR6-3,WATER_NPY1;WATER_NPY3;E7_FR7-5,WATER_NPY2;E8_FR6-1;E8_FR6-4,1.5707799759,0.34365687786,False,False,biological animal
cfos_occurrence,Ocurrencia espacial de núcleos c-FOS positivos / núcleos DAPI,1386,E7_FR7-1;E9_FR8-1;E8_FR6-3,WATER_NPY1;WATER_NPY3;E8_FR6-1,WATER_NPY2;E7_FR7-5;E8_FR6-4,0.826164821869,0.215925047752,False,False,biological animal
cfos_occurrence,Ocurrencia espacial de núcleos c-FOS positivos / núcleos DAPI,1387,E7_FR7-1;E9_FR8-1;E8_FR6-3,WATER_NPY1;WATER_NPY3;E8_FR6-4,WATER_NPY2;E7_FR7-5;E8_FR6-1,0.863867178923,0.223575795678,False,False,biological animal
cfos_occurrence,Ocurrencia espacial de núcleos c-FOS positivos / núcleos DAPI,1388,E7_FR7-1;E9_FR8-1;E8_FR6-3,WATER_NPY1;E7_FR7-5;E8_FR6-1,WATER_NPY2;WATER_NPY3;E8_FR6-4,0.92404179801,0.235482149675,False,False,biological animal
cfos_occurrence,Ocurrencia espacial de núcleos c-FOS positivos / núcleos DAPI,1389,E7_FR7-1;E9_FR8-1;E8_FR6-3,WATER_NPY1;E7_FR7-5;E8_FR6-4,WATER_NPY2;WATER_NPY3;E8_FR6-1,1.06904604698,0.26272645594,False,False,biological animal
cfos_occurrence,Ocurrencia espacial de núcleos c-FOS positivos / núcleos DAPI,1390,E7_FR7-1;E9_FR8-1;E8_FR6-3,WATER_NPY1;E8_FR6-1;E8_FR6-4,WATER_NPY2;WATER_NPY3;E7_FR7-5,3.20563416981,0.516568344522,False,False,biological animal
cfos_occurrence,Ocurrencia espacial de núcleos c-FOS positivos / núcleos DAPI,1391,E7_FR7-1;E9_FR8-1;E8_FR6-3,WATER_NPY2;WATER_NPY3;E7_FR7-5,WATER_NPY1;E8_FR6-1;E8_FR6-4,3.20563416981,0.516568344522,False,False,biological animal
cfos_occurrence,Ocurrencia espacial de núcleos c-FOS positivos / núcleos DAPI,1392,E7_FR7-1;E9_FR8-1;E8_FR6-3,WATER_NPY2;WATER_NPY3;E8_FR6-1,WATER_NPY1;E7_FR7-5;E8_FR6-4,1.06904604698,0.26272645594,False,False,biological animal
cfos_occurrence,Ocurrencia espacial de núcleos c-FOS positivos / núcleos DAPI,1393,E7_FR7-1;E9_FR8-1;E8_FR6-3,WATER_NPY2;WATER_NPY3;E8_FR6-4,WATER_NPY1;E7_FR7-5;E8_FR6-1,0.92404179801,0.235482149675,False,False,biological animal
cfos_occurrence,Ocurrencia espacial de núcleos c-FOS positivos / núcleos DAPI,1394,E7_FR7-1;E9_FR8-1;E8_FR6-3,WATER_NPY2;E7_FR7-5;E8_FR6-1,WATER_NPY1;WATER_NPY3;E8_FR6-4,0.863867178923,0.223575795678,False,False,biological animal
cfos_occurrence,Ocurrencia espacial de núcleos c-FOS positivos / núcleos DAPI,1395,E7_FR7-1;E9_FR8-1;E8_FR6-3,WATER_NPY2;E7_FR7-5;E8_FR6-4,WATER_NPY1;WATER_NPY3;E8_FR6-1,0.826164821869,0.215925047752,False,False,biological animal
cfos_occurrence,Ocurrencia espacial de núcleos c-FOS positivos / núcleos DAPI,1396,E7_FR7-1;E9_FR8-1;E8_FR6-3,WATER_NPY2;E8_FR6-1;E8_FR6-4,WATER_NPY1;WATER_NPY3;E7_FR7-5,1.5707799759,0.34365687786,False,False,biological animal
cfos_occurrence,Ocurrencia espacial de núcleos c-FOS positivos / núcleos DAPI,1397,E7_FR7-1;E9_FR8-1;E8_FR6-3,WATER_NPY3;E7_FR7-5;E8_FR6-1,WATER_NPY1;WATER_NPY2;E8_FR6-4,3.51237721871,0.539338723902,False,True,biological animal
cfos_occurrence,Ocurrencia espacial de núcleos c-FOS positivos / núcleos DAPI,1398,E7_FR7-1;E9_FR8-1;E8_FR6-3,WATER_NPY3;E7_FR7-5;E8_FR6-4,WATER_NPY1;WATER_NPY2;E8_FR6-1,1.78609346115,0.373183991422,False,False,biological animal
cfos_occurrence,Ocurrencia espacial de núcleos c-FOS positivos / núcleos DAPI,1399,E7_FR7-1;E9_FR8-1;E8_FR6-3,WATER_NPY3;E8_FR6-1;E8_FR6-4,WATER_NPY1;WATER_NPY2;E7_FR7-5,0.910644365844,0.232862996645,False,False,biological animal
cfos_occurrence,Ocurrencia espacial de núcleos c-FOS positivos / núcleos DAPI,1400,E7_FR7-1;E9_FR8-1;E8_FR6-3,E7_FR7-5;E8_FR6-1;E8_FR6-4,WATER_NPY1;WATER_NPY2;WATER_NPY3,0.875748670361,0.225956000981,False,False,biological animal
cfos_occurrence,Ocurrencia espacial de núcleos c-FOS positivos / núcleos DAPI,1401,E7_FR7-1;E9_FR8-1;E8_FR6-4,WATER_NPY1;WATER_NPY2;WATER_NPY3,E7_FR7-5;E8_FR6-1;E8_FR6-3,0.313821426896,0.0947007658134,False,False,biological animal
cfos_occurrence,Ocurrencia espacial de núcleos c-FOS positivos / núcleos DAPI,1402,E7_FR7-1;E9_FR8-1;E8_FR6-4,WATER_NPY1;WATER_NPY2;E7_FR7-5,WATER_NPY3;E8_FR6-1;E8_FR6-3,0.403778350259,0.118626511103,False,False,biological animal
cfos_occurrence,Ocurrencia espacial de núcleos c-FOS positivos / núcleos DAPI,1403,E7_FR7-1;E9_FR8-1;E8_FR6-4,WATER_NPY1;WATER_NPY2;E8_FR6-1,WATER_NPY3;E7_FR7-5;E8_FR6-3,1.32793334462,0.306828511181,False,False,biological animal
cfos_occurrence,Ocurrencia espacial de núcleos c-FOS positivos / núcleos DAPI,1404,E7_FR7-1;E9_FR8-1;E8_FR6-4,WATER_NPY1;WATER_NPY2;E8_FR6-3,WATER_NPY3;E7_FR7-5;E8_FR6-1,1.28363059645,0.299659498537,False,False,biological animal
cfos_occurrence,Ocurrencia espacial de núcleos c-FOS positivos / núcleos DAPI,1405,E7_FR7-1;E9_FR8-1;E8_FR6-4,WATER_NPY1;WATER_NPY3;E7_FR7-5,WATER_NPY2;E8_FR6-1;E8_FR6-3,0.526063741635,0.149192918841,False,False,biological animal
cfos_occurrence,Ocurrencia espacial de núcleos c-FOS positivos / núcleos DAPI,1406,E7_FR7-1;E9_FR8-1;E8_FR6-4,WATER_NPY1;WATER_NPY3;E8_FR6-1,WATER_NPY2;E7_FR7-5;E8_FR6-3,0.223526046217,0.0693420940339,False,False,biological animal
cfos_occurrence,Ocurrencia espacial de núcleos c-FOS positivos / núcleos DAPI,1407,E7_FR7-1;E9_FR8-1;E8_FR6-4,WATER_NPY1;WATER_NPY3;E8_FR6-3,WATER_NPY2;E7_FR7-5;E8_FR6-1,0.205553022377,0.0641240437897,False,False,biological animal
cfos_occurrence,Ocurrencia espacial de núcleos c-FOS positivos / núcleos DAPI,1408,E7_FR7-1;E9_FR8-1;E8_FR6-4,WATER_NPY1;E7_FR7-5;E8_FR6-1,WATER_NPY2;WATER_NPY3;E8_FR6-3,0.355396728047,0.105917945582,False,False,biological animal
cfos_occurrence,Ocurrencia espacial de núcleos c-FOS positivos / núcleos DAPI,1409,E7_FR7-1;E9_FR8-1;E8_FR6-4,WATER_NPY1;E7_FR7-5;E8_FR6-3,WATER_NPY2;WATER_NPY3;E8_FR6-1,0.28319512946,0.0862559544265,False,False,biological animal
cfos_occurrence,Ocurrencia espacial de núcleos c-FOS positivos / núcleos DAPI,1410,E7_FR7-1;E9_FR8-1;E8_FR6-4,WATER_NPY1;E8_FR6-1;E8_FR6-3,WATER_NPY2;WATER_NPY3;E7_FR7-5,1.23858627872,0.292216837708,False,False,biological animal
cfos_occurrence,Ocurrencia espacial de núcleos c-FOS positivos / núcleos DAPI,1411,E7_FR7-1;E9_FR8-1;E8_FR6-4,WATER_NPY2;WATER_NPY3;E7_FR7-5,WATER_NPY1;E8_FR6-1;E8_FR6-3,1.23858627872,0.292216837708,False,False,biological animal
cfos_occurrence,Ocurrencia espacial de núcleos c-FOS positivos / núcleos DAPI,1412,E7_FR7-1;E9_FR8-1;E8_FR6-4,WATER_NPY2;WATER_NPY3;E8_FR6-1,WATER_NPY1;E7_FR7-5;E8_FR6-3,0.28319512946,0.0862559544265,False,False,biological animal
cfos_occurrence,Ocurrencia espacial de núcleos c-FOS positivos / núcleos DAPI,1413,E7_FR7-1;E9_FR8-1;E8_FR6-4,WATER_NPY2;WATER_NPY3;E8_FR6-3,WATER_NPY1;E7_FR7-5;E8_FR6-1,0.355396728047,0.105917945582,False,False,biological animal
cfos_occurrence,Ocurrencia espacial de núcleos c-FOS positivos / núcleos DAPI,1414,E7_FR7-1;E9_FR8-1;E8_FR6-4,WATER_NPY2;E7_FR7-5;E8_FR6-1,WATER_NPY1;WATER_NPY3;E8_FR6-3,0.205553022377,0.0641240437897,False,False,biological animal
cfos_occurrence,Ocurrencia espacial de núcleos c-FOS positivos / núcleos DAPI,1415,E7_FR7-1;E9_FR8-1;E8_FR6-4,WATER_NPY2;E7_FR7-5;E8_FR6-3,WATER_NPY1;WATER_NPY3;E8_FR6-1,0.223526046217,0.0693420940339,False,False,biological animal
cfos_occurrence,Ocurrencia espacial de núcleos c-FOS positivos / núcleos DAPI,1416,E7_FR7-1;E9_FR8-1;E8_FR6-4,WATER_NPY2;E8_FR6-1;E8_FR6-3,WATER_NPY1;WATER_NPY3;E7_FR7-5,0.526063741635,0.149192918841,False,False,biological animal
cfos_occurrence,Ocurrencia espacial de núcleos c-FOS positivos / núcleos DAPI,1417,E7_FR7-1;E9_FR8-1;E8_FR6-4,WATER_NPY3;E7_FR7-5;E8_FR6-1,WATER_NPY1;WATER_NPY2;E8_FR6-3,1.28363059645,0.299659498537,False,False,biological animal
cfos_occurrence,Ocurrencia espacial de núcleos c-FOS positivos / núcleos DAPI,1418,E7_FR7-1;E9_FR8-1;E8_FR6-4,WATER_NPY3;E7_FR7-5;E8_FR6-3,WATER_NPY1;WATER_NPY2;E8_FR6-1,1.32793334462,0.306828511181,False,False,biological animal
cfos_occurrence,Ocurrencia espacial de núcleos c-FOS positivos / núcleos DAPI,1419,E7_FR7-1;E9_FR8-1;E8_FR6-4,WATER_NPY3;E8_FR6-1;E8_FR6-3,WATER_NPY1;WATER_NPY2;E7_FR7-5,0.403778350259,0.118626511103,False,False,biological animal
cfos_occurrence,Ocurrencia espacial de núcleos c-FOS positivos / núcleos DAPI,1420,E7_FR7-1;E9_FR8-1;E8_FR6-4,E7_FR7-5;E8_FR6-1;E8_FR6-3,WATER_NPY1;WATER_NPY2;WATER_NPY3,0.313821426896,0.0947007658134,False,False,biological animal
cfos_occurrence,Ocurrencia espacial de núcleos c-FOS positivos / núcleos DAPI,1421,E7_FR7-1;E8_FR6-1;E8_FR6-3,WATER_NPY1;WATER_NPY2;WATER_NPY3,E7_FR7-5;E9_FR8-1;E8_FR6-4,0.306178354854,0.0926079364123,False,False,biological animal
cfos_occurrence,Ocurrencia espacial de núcleos c-FOS positivos / núcleos DAPI,1422,E7_FR7-1;E8_FR6-1;E8_FR6-3,WATER_NPY1;WATER_NPY2;E7_FR7-5,WATER_NPY3;E9_FR8-1;E8_FR6-4,0.576216086957,0.161124516233,False,False,biological animal
cfos_occurrence,Ocurrencia espacial de núcleos c-FOS positivos / núcleos DAPI,1423,E7_FR7-1;E8_FR6-1;E8_FR6-3,WATER_NPY1;WATER_NPY2;E9_FR8-1,WATER_NPY3;E7_FR7-5;E8_FR6-4,0.406673625322,0.119375575723,False,False,biological animal
cfos_occurrence,Ocurrencia espacial de núcleos c-FOS positivos / núcleos DAPI,1424,E7_FR7-1;E8_FR6-1;E8_FR6-3,WATER_NPY1;WATER_NPY2;E8_FR6-4,WATER_NPY3;E7_FR7-5;E9_FR8-1,6.52780245678,0.685132010911,False,True,biological animal
cfos_occurrence,Ocurrencia espacial de núcleos c-FOS positivos / núcleos DAPI,1425,E7_FR7-1;E8_FR6-1;E8_FR6-3,WATER_NPY1;WATER_NPY3;E7_FR7-5,WATER_NPY2;E9_FR8-1;E8_FR6-4,0.273083773366,0.0834331756455,False,False,biological animal
cfos_occurrence,Ocurrencia espacial de núcleos c-FOS positivos / núcleos DAPI,1426,E7_FR7-1;E8_FR6-1;E8_FR6-3,WATER_NPY1;WATER_NPY3;E9_FR8-1,WATER_NPY2;E7_FR7-5;E8_FR6-4,0.531912582591,0.150601853855,False,False,biological animal
cfos_occurrence,Ocurrencia espacial de núcleos c-FOS positivos / núcleos DAPI,1427,E7_FR7-1;E8_FR6-1;E8_FR6-3,WATER_NPY1;WATER_NPY3;E8_FR6-4,WATER_NPY2;E7_FR7-5;E9_FR8-1,0.662484300751,0.180883860885,False,False,biological animal
cfos_occurrence,Ocurrencia espacial de núcleos c-FOS positivos / núcleos DAPI,1428,E7_FR7-1;E8_FR6-1;E8_FR6-3,WATER_NPY1;E7_FR7-5;E9_FR8-1,WATER_NPY2;WATER_NPY3;E8_FR6-4,0.365301346475,0.108549371621,False,False,biological animal
cfos_occurrence,Ocurrencia espacial de núcleos c-FOS positivos / núcleos DAPI,1429,E7_FR7-1;E8_FR6-1;E8_FR6-3,WATER_NPY1;E7_FR7-5;E8_FR6-4,WATER_NPY2;WATER_NPY3;E9_FR8-1,1.17620294084,0.281644105304,False,False,biological animal
cfos_occurrence,Ocurrencia espacial de núcleos c-FOS positivos / núcleos DAPI,1430,E7_FR7-1;E8_FR6-1;E8_FR6-3,WATER_NPY1;E9_FR8-1;E8_FR6-4,WATER_NPY2;WATER_NPY3;E7_FR7-5,0.623642669873,0.172103799047,False,False,biological animal
cfos_occurrence,Ocurrencia espacial de núcleos c-FOS positivos / núcleos DAPI,1431,E7_FR7-1;E8_FR6-1;E8_FR6-3,WATER_NPY2;WATER_NPY3;E7_FR7-5,WATER_NPY1;E9_FR8-1;E8_FR6-4,0.623642669873,0.172103799047,False,False,biological animal
cfos_occurrence,Ocurrencia espacial de núcleos c-FOS positivos / núcleos DAPI,1432,E7_FR7-1;E8_FR6-1;E8_FR6-3,WATER_NPY2;WATER_NPY3;E9_FR8-1,WATER_NPY1;E7_FR7-5;E8_FR6-4,1.17620294084,0.281644105304,False,False,biological animal
cfos_occurrence,Ocurrencia espacial de núcleos c-FOS positivos / núcleos DAPI,1433,E7_FR7-1;E8_FR6-1;E8_FR6-3,WATER_NPY2;WATER_NPY3;E8_FR6-4,WATER_NPY1;E7_FR7-5;E9_FR8-1,0.365301346475,0.108549371621,False,False,biological animal
cfos_occurrence,Ocurrencia espacial de núcleos c-FOS positivos / núcleos DAPI,1434,E7_FR7-1;E8_FR6-1;E8_FR6-3,WATER_NPY2;E7_FR7-5;E9_FR8-1,WATER_NPY1;WATER_NPY3;E8_FR6-4,0.662484300751,0.180883860885,False,False,biological animal
cfos_occurrence,Ocurrencia espacial de núcleos c-FOS positivos / núcleos DAPI,1435,E7_FR7-1;E8_FR6-1;E8_FR6-3,WATER_NPY2;E7_FR7-5;E8_FR6-4,WATER_NPY1;WATER_NPY3;E9_FR8-1,0.531912582591,0.150601853855,False,False,biological animal
cfos_occurrence,Ocurrencia espacial de núcleos c-FOS positivos / núcleos DAPI,1436,E7_FR7-1;E8_FR6-1;E8_FR6-3,WATER_NPY2;E9_FR8-1;E8_FR6-4,WATER_NPY1;WATER_NPY3;E7_FR7-5,0.273083773366,0.0834331756455,False,False,biological animal
cfos_occurrence,Ocurrencia espacial de núcleos c-FOS positivos / núcleos DAPI,1437,E7_FR7-1;E8_FR6-1;E8_FR6-3,WATER_NPY3;E7_FR7-5;E9_FR8-1,WATER_NPY1;WATER_NPY2;E8_FR6-4,6.52780245678,0.685132010911,False,True,biological animal
cfos_occurrence,Ocurrencia espacial de núcleos c-FOS positivos / núcleos DAPI,1438,E7_FR7-1;E8_FR6-1;E8_FR6-3,WATER_NPY3;E7_FR7-5;E8_FR6-4,WATER_NPY1;WATER_NPY2;E9_FR8-1,0.406673625322,0.119375575723,False,False,biological animal
cfos_occurrence,Ocurrencia espacial de núcleos c-FOS positivos / núcleos DAPI,1439,E7_FR7-1;E8_FR6-1;E8_FR6-3,WATER_NPY3;E9_FR8-1;E8_FR6-4,WATER_NPY1;WATER_NPY2;E7_FR7-5,0.576216086957,0.161124516233,False,False,biological animal
cfos_occurrence,Ocurrencia espacial de núcleos c-FOS positivos / núcleos DAPI,1440,E7_FR7-1;E8_FR6-1;E8_FR6-3,E7_FR7-5;E9_FR8-1;E8_FR6-4,WATER_NPY1;WATER_NPY2;WATER_NPY3,0.306178354854,0.0926079364123,False,False,biological animal
cfos_occurrence,Ocurrencia espacial de núcleos c-FOS positivos / núcleos DAPI,1441,E7_FR7-1;E8_FR6-1;E8_FR6-4,WATER_NPY1;WATER_NPY2;WATER_NPY3,E7_FR7-5;E9_FR8-1;E8_FR6-3,0.47231175656,0.136022278434,False,False,biological animal
cfos_occurrence,Ocurrencia espacial de núcleos c-FOS positivos / núcleos DAPI,1442,E7_FR7-1;E8_FR6-1;E8_FR6-4,WATER_NPY1;WATER_NPY2;E7_FR7-5,WATER_NPY3;E9_FR8-1;E8_FR6-3,0.853849726542,0.22155760788,False,False,biological animal
cfos_occurrence,Ocurrencia espacial de núcleos c-FOS positivos / núcleos DAPI,1443,E7_FR7-1;E8_FR6-1;E8_FR6-4,WATER_NPY1;WATER_NPY2;E9_FR8-1,WATER_NPY3;E7_FR7-5;E8_FR6-3,0.489812184616,0.140354884075,False,False,biological animal
cfos_occurrence,Ocurrencia espacial de núcleos c-FOS positivos / núcleos DAPI,1444,E7_FR7-1;E8_FR6-1;E8_FR6-4,WATER_NPY1;WATER_NPY2;E8_FR6-3,WATER_NPY3;E7_FR7-5;E9_FR8-1,3.42106209929,0.532787574141,False,True,biological animal
cfos_occurrence,Ocurrencia espacial de núcleos c-FOS positivos / núcleos DAPI,1445,E7_FR7-1;E8_FR6-1;E8_FR6-4,WATER_NPY1;WATER_NPY3;E7_FR7-5,WATER_NPY2;E9_FR8-1;E8_FR6-3,0.203891810326,0.0636387938158,False,False,biological animal
cfos_occurrence,Ocurrencia espacial de núcleos c-FOS positivos / núcleos DAPI,1446,E7_FR7-1;E8_FR6-1;E8_FR6-4,WATER_NPY1;WATER_NPY3;E9_FR8-1,WATER_NPY2;E7_FR7-5;E8_FR6-3,0.301614679765,0.091353688731,False,False,biological animal
cfos_occurrence,Ocurrencia espacial de núcleos c-FOS positivos / núcleos DAPI,1447,E7_FR7-1;E8_FR6-1;E8_FR6-4,WATER_NPY1;WATER_NPY3;E8_FR6-3,WATER_NPY2;E7_FR7-5;E9_FR8-1,0.366122725796,0.108766897591,False,False,biological animal
cfos_occurrence,Ocurrencia espacial de núcleos c-FOS positivos / núcleos DAPI,1448,E7_FR7-1;E8_FR6-1;E8_FR6-4,WATER_NPY1;E7_FR7-5;E9_FR8-1,WATER_NPY2;WATER_NPY3;E8_FR6-3,0.213092129014,0.0663199561224,False,False,biological animal
cfos_occurrence,Ocurrencia espacial de núcleos c-FOS positivos / núcleos DAPI,1449,E7_FR7-1;E8_FR6-1;E8_FR6-4,WATER_NPY1;E7_FR7-5;E8_FR6-3,WATER_NPY2;WATER_NPY3;E9_FR8-1,0.715208890974,0.192508392385,False,False,biological animal
cfos_occurrence,Ocurrencia espacial de núcleos c-FOS positivos / núcleos DAPI,1450,E7_FR7-1;E8_FR6-1;E8_FR6-4,WATER_NPY1;E9_FR8-1;E8_FR6-3,WATER_NPY2;WATER_NPY3;E7_FR7-5,0.418499043524,0.122421869422,False,False,biological animal
cfos_occurrence,Ocurrencia espacial de núcleos c-FOS positivos / núcleos DAPI,1451,E7_FR7-1;E8_FR6-1;E8_FR6-4,WATER_NPY2;WATER_NPY3;E7_FR7-5,WATER_NPY1;E9_FR8-1;E8_FR6-3,0.418499043524,0.122421869422,False,False,biological animal
cfos_occurrence,Ocurrencia espacial de núcleos c-FOS positivos / núcleos DAPI,1452,E7_FR7-1;E8_FR6-1;E8_FR6-4,WATER_NPY2;WATER_NPY3;E9_FR8-1,WATER_NPY1;E7_FR7-5;E8_FR6-3,0.715208890974,0.192508392385,False,False,biological animal
cfos_occurrence,Ocurrencia espacial de núcleos c-FOS positivos / núcleos DAPI,1453,E7_FR7-1;E8_FR6-1;E8_FR6-4,WATER_NPY2;WATER_NPY3;E8_FR6-3,WATER_NPY1;E7_FR7-5;E9_FR8-1,0.213092129014,0.0663199561224,False,False,biological animal
cfos_occurrence,Ocurrencia espacial de núcleos c-FOS positivos / núcleos DAPI,1454,E7_FR7-1;E8_FR6-1;E8_FR6-4,WATER_NPY2;E7_FR7-5;E9_FR8-1,WATER_NPY1;WATER_NPY3;E8_FR6-3,0.366122725796,0.108766897591,False,False,biological animal
cfos_occurrence,Ocurrencia espacial de núcleos c-FOS positivos / núcleos DAPI,1455,E7_FR7-1;E8_FR6-1;E8_FR6-4,WATER_NPY2;E7_FR7-5;E8_FR6-3,WATER_NPY1;WATER_NPY3;E9_FR8-1,0.301614679765,0.091353688731,False,False,biological animal
cfos_occurrence,Ocurrencia espacial de núcleos c-FOS positivos / núcleos DAPI,1456,E7_FR7-1;E8_FR6-1;E8_FR6-4,WATER_NPY2;E9_FR8-1;E8_FR6-3,WATER_NPY1;WATER_NPY3;E7_FR7-5,0.203891810326,0.0636387938158,False,False,biological animal
cfos_occurrence,Ocurrencia espacial de núcleos c-FOS positivos / núcleos DAPI,1457,E7_FR7-1;E8_FR6-1;E8_FR6-4,WATER_NPY3;E7_FR7-5;E9_FR8-1,WATER_NPY1;WATER_NPY2;E8_FR6-3,3.42106209929,0.532787574141,False,True,biological animal
cfos_occurrence,Ocurrencia espacial de núcleos c-FOS positivos / núcleos DAPI,1458,E7_FR7-1;E8_FR6-1;E8_FR6-4,WATER_NPY3;E7_FR7-5;E8_FR6-3,WATER_NPY1;WATER_NPY2;E9_FR8-1,0.489812184616,0.140354884075,False,False,biological animal
cfos_occurrence,Ocurrencia espacial de núcleos c-FOS positivos / núcleos DAPI,1459,E7_FR7-1;E8_FR6-1;E8_FR6-4,WATER_NPY3;E9_FR8-1;E8_FR6-3,WATER_NPY1;WATER_NPY2;E7_FR7-5,0.853849726542,0.22155760788,False,False,biological animal
cfos_occurrence,Ocurrencia espacial de núcleos c-FOS positivos / núcleos DAPI,1460,E7_FR7-1;E8_FR6-1;E8_FR6-4,E7_FR7-5;E9_FR8-1;E8_FR6-3,WATER_NPY1;WATER_NPY2;WATER_NPY3,0.47231175656,0.136022278434,False,False,biological animal
cfos_occurrence,Ocurrencia espacial de núcleos c-FOS positivos / núcleos DAPI,1461,E7_FR7-1;E8_FR6-3;E8_FR6-4,WATER_NPY1;WATER_NPY2;WATER_NPY3,E7_FR7-5;E9_FR8-1;E8_FR6-1,0.434810414283,0.126589349,False,False,biological animal
cfos_occurrence,Ocurrencia espacial de núcleos c-FOS positivos / núcleos DAPI,1462,E7_FR7-1;E8_FR6-3;E8_FR6-4,WATER_NPY1;WATER_NPY2;E7_FR7-5,WATER_NPY3;E9_FR8-1;E8_FR6-1,0.773123151279,0.204902707991,False,False,biological animal
cfos_occurrence,Ocurrencia espacial de núcleos c-FOS positivos / núcleos DAPI,1463,E7_FR7-1;E8_FR6-3;E8_FR6-4,WATER_NPY1;WATER_NPY2;E9_FR8-1,WATER_NPY3;E7_FR7-5;E8_FR6-1,0.432285532096,0.125946844473,False,False,biological animal
cfos_occurrence,Ocurrencia espacial de núcleos c-FOS positivos / núcleos DAPI,1464,E7_FR7-1;E8_FR6-3;E8_FR6-4,WATER_NPY1;WATER_NPY2;E8_FR6-1,WATER_NPY3;E7_FR7-5;E9_FR8-1,3.32309160859,0.525548547182,False,True,biological animal
cfos_occurrence,Ocurrencia espacial de núcleos c-FOS positivos / núcleos DAPI,1465,E7_FR7-1;E8_FR6-3;E8_FR6-4,WATER_NPY1;WATER_NPY3;E7_FR7-5,WATER_NPY2;E9_FR8-1;E8_FR6-1,0.151126035612,0.0479593751261,False,False,biological animal
cfos_occurrence,Ocurrencia espacial de núcleos c-FOS positivos / núcleos DAPI,1466,E7_FR7-1;E8_FR6-3;E8_FR6-4,WATER_NPY1;WATER_NPY3;E9_FR8-1,WATER_NPY2;E7_FR7-5;E8_FR6-1,0.25351778321,0.077921130328,False,False,biological animal
cfos_occurrence,Ocurrencia espacial de núcleos c-FOS positivos / núcleos DAPI,1467,E7_FR7-1;E8_FR6-3;E8_FR6-4,WATER_NPY1;WATER_NPY3;E8_FR6-1,WATER_NPY2;E7_FR7-5;E9_FR8-1,0.335380476586,0.100552389432,False,False,biological animal
cfos_occurrence,Ocurrencia espacial de núcleos c-FOS positivos / núcleos DAPI,1468,E7_FR7-1;E8_FR6-3;E8_FR6-4,WATER_NPY1;E7_FR7-5;E9_FR8-1,WATER_NPY2;WATER_NPY3;E8_FR6-1,0.143551628229,0.0456654272638,False,False,biological animal
cfos_occurrence,Ocurrencia espacial de núcleos c-FOS positivos / núcleos DAPI,1469,E7_FR7-1;E8_FR6-3;E8_FR6-4,WATER_NPY1;E7_FR7-5;E8_FR6-1,WATER_NPY2;WATER_NPY3;E9_FR8-1,0.710647904935,0.191515854681,False,False,biological animal
cfos_occurrence,Ocurrencia espacial de núcleos c-FOS positivos / núcleos DAPI,1470,E7_FR7-1;E8_FR6-3;E8_FR6-4,WATER_NPY1;E9_FR8-1;E8_FR6-1,WATER_NPY2;WATER_NPY3;E7_FR7-5,0.405926769959,0.119182471432,False,False,biological animal
cfos_occurrence,Ocurrencia espacial de núcleos c-FOS positivos / núcleos DAPI,1471,E7_FR7-1;E8_FR6-3;E8_FR6-4,WATER_NPY2;WATER_NPY3;E7_FR7-5,WATER_NPY1;E9_FR8-1;E8_FR6-1,0.405926769959,0.119182471432,False,False,biological animal
cfos_occurrence,Ocurrencia espacial de núcleos c-FOS positivos / núcleos DAPI,1472,E7_FR7-1;E8_FR6-3;E8_FR6-4,WATER_NPY2;WATER_NPY3;E9_FR8-1,WATER_NPY1;E7_FR7-5;E8_FR6-1,0.710647904935,0.191515854681,False,False,biological animal
cfos_occurrence,Ocurrencia espacial de núcleos c-FOS positivos / núcleos DAPI,1473,E7_FR7-1;E8_FR6-3;E8_FR6-4,WATER_NPY2;WATER_NPY3;E8_FR6-1,WATER_NPY1;E7_FR7-5;E9_FR8-1,0.143551628229,0.0456654272638,False,False,biological animal
cfos_occurrence,Ocurrencia espacial de núcleos c-FOS positivos / núcleos DAPI,1474,E7_FR7-1;E8_FR6-3;E8_FR6-4,WATER_NPY2;E7_FR7-5;E9_FR8-1,WATER_NPY1;WATER_NPY3;E8_FR6-1,0.335380476586,0.100552389432,False,False,biological animal
cfos_occurrence,Ocurrencia espacial de núcleos c-FOS positivos / núcleos DAPI,1475,E7_FR7-1;E8_FR6-3;E8_FR6-4,WATER_NPY2;E7_FR7-5;E8_FR6-1,WATER_NPY1;WATER_NPY3;E9_FR8-1,0.25351778321,0.077921130328,False,False,biological animal
cfos_occurrence,Ocurrencia espacial de núcleos c-FOS positivos / núcleos DAPI,1476,E7_FR7-1;E8_FR6-3;E8_FR6-4,WATER_NPY2;E9_FR8-1;E8_FR6-1,WATER_NPY1;WATER_NPY3;E7_FR7-5,0.151126035612,0.0479593751261,False,False,biological animal
cfos_occurrence,Ocurrencia espacial de núcleos c-FOS positivos / núcleos DAPI,1477,E7_FR7-1;E8_FR6-3;E8_FR6-4,WATER_NPY3;E7_FR7-5;E9_FR8-1,WATER_NPY1;WATER_NPY2;E8_FR6-1,3.32309160859,0.525548547182,False,True,biological animal
cfos_occurrence,Ocurrencia espacial de núcleos c-FOS positivos / núcleos DAPI,1478,E7_FR7-1;E8_FR6-3;E8_FR6-4,WATER_NPY3;E7_FR7-5;E8_FR6-1,WATER_NPY1;WATER_NPY2;E9_FR8-1,0.432285532096,0.125946844473,False,False,biological animal
cfos_occurrence,Ocurrencia espacial de núcleos c-FOS positivos / núcleos DAPI,1479,E7_FR7-1;E8_FR6-3;E8_FR6-4,WATER_NPY3;E9_FR8-1;E8_FR6-1,WATER_NPY1;WATER_NPY2;E7_FR7-5,0.773123151279,0.204902707991,False,False,biological animal
cfos_occurrence,Ocurrencia espacial de núcleos c-FOS positivos / núcleos DAPI,1480,E7_FR7-1;E8_FR6-3;E8_FR6-4,E7_FR7-5;E9_FR8-1;E8_FR6-1,WATER_NPY1;WATER_NPY2;WATER_NPY3,0.434810414283,0.126589349,False,False,biological animal
cfos_occurrence,Ocurrencia espacial de núcleos c-FOS positivos / núcleos DAPI,1481,E7_FR7-5;E9_FR8-1;E8_FR6-1,WATER_NPY1;WATER_NPY2;WATER_NPY3,E7_FR7-1;E8_FR6-3;E8_FR6-4,0.434810414283,0.126589349,False,False,biological animal
cfos_occurrence,Ocurrencia espacial de núcleos c-FOS positivos / núcleos DAPI,1482,E7_FR7-5;E9_FR8-1;E8_FR6-1,WATER_NPY1;WATER_NPY2;E7_FR7-1,WATER_NPY3;E8_FR6-3;E8_FR6-4,0.485467178767,0.139283244933,False,False,biological animal
cfos_occurrence,Ocurrencia espacial de núcleos c-FOS positivos / núcleos DAPI,1483,E7_FR7-5;E9_FR8-1;E8_FR6-1,WATER_NPY1;WATER_NPY2;E8_FR6-3,WATER_NPY3;E7_FR7-1;E8_FR6-4,1.36875819702,0.313306009463,False,False,biological animal
cfos_occurrence,Ocurrencia espacial de núcleos c-FOS positivos / núcleos DAPI,1484,E7_FR7-5;E9_FR8-1;E8_FR6-1,WATER_NPY1;WATER_NPY2;E8_FR6-4,WATER_NPY3;E7_FR7-1;E8_FR6-3,3.39045965598,0.530550201159,False,True,biological animal
cfos_occurrence,Ocurrencia espacial de núcleos c-FOS positivos / núcleos DAPI,1485,E7_FR7-5;E9_FR8-1;E8_FR6-1,WATER_NPY1;WATER_NPY3;E7_FR7-1,WATER_NPY2;E8_FR6-3;E8_FR6-4,1.30333804846,0.302866759195,False,False,biological animal
cfos_occurrence,Ocurrencia espacial de núcleos c-FOS positivos / núcleos DAPI,1486,E7_FR7-5;E9_FR8-1;E8_FR6-1,WATER_NPY1;WATER_NPY3;E8_FR6-3,WATER_NPY2;E7_FR7-1;E8_FR6-4,0.345441723799,0.103257432746,False,False,biological animal
cfos_occurrence,Ocurrencia espacial de núcleos c-FOS positivos / núcleos DAPI,1487,E7_FR7-5;E9_FR8-1;E8_FR6-1,WATER_NPY1;WATER_NPY3;E8_FR6-4,WATER_NPY2;E7_FR7-1;E8_FR6-3,0.571627041168,0.160046677489,False,False,biological animal
cfos_occurrence,Ocurrencia espacial de núcleos c-FOS positivos / núcleos DAPI,1488,E7_FR7-5;E9_FR8-1;E8_FR6-1,WATER_NPY1;E7_FR7-1;E8_FR6-3,WATER_NPY2;WATER_NPY3;E8_FR6-4,0.529467723243,0.150013476467,False,False,biological animal
cfos_occurrence,Ocurrencia espacial de núcleos c-FOS positivos / núcleos DAPI,1489,E7_FR7-5;E9_FR8-1;E8_FR6-1,WATER_NPY1;E7_FR7-1;E8_FR6-4,WATER_NPY2;WATER_NPY3;E8_FR6-3,0.541909819848,0.152999327315,False,False,biological animal
cfos_occurrence,Ocurrencia espacial de núcleos c-FOS positivos / núcleos DAPI,1490,E7_FR7-5;E9_FR8-1;E8_FR6-1,WATER_NPY1;E8_FR6-3;E8_FR6-4,WATER_NPY2;WATER_NPY3;E7_FR7-1,2.69084743854,0.472837739476,False,False,biological animal
cfos_occurrence,Ocurrencia espacial de núcleos c-FOS positivos / núcleos DAPI,1491,E7_FR7-5;E9_FR8-1;E8_FR6-1,WATER_NPY2;WATER_NPY3;E7_FR7-1,WATER_NPY1;E8_FR6-3;E8_FR6-4,2.69084743854,0.472837739476,False,False,biological animal
cfos_occurrence,Ocurrencia espacial de núcleos c-FOS positivos / núcleos DAPI,1492,E7_FR7-5;E9_FR8-1;E8_FR6-1,WATER_NPY2;WATER_NPY3;E8_FR6-3,WATER_NPY1;E7_FR7-1;E8_FR6-4,0.541909819848,0.152999327315,False,False,biological animal
cfos_occurrence,Ocurrencia espacial de núcleos c-FOS positivos / núcleos DAPI,1493,E7_FR7-5;E9_FR8-1;E8_FR6-1,WATER_NPY2;WATER_NPY3;E8_FR6-4,WATER_NPY1;E7_FR7-1;E8_FR6-3,0.529467723243,0.150013476467,False,False,biological animal
cfos_occurrence,Ocurrencia espacial de núcleos c-FOS positivos / núcleos DAPI,1494,E7_FR7-5;E9_FR8-1;E8_FR6-1,WATER_NPY2;E7_FR7-1;E8_FR6-3,WATER_NPY1;WATER_NPY3;E8_FR6-4,0.571627041168,0.160046677489,False,False,biological animal
cfos_occurrence,Ocurrencia espacial de núcleos c-FOS positivos / núcleos DAPI,1495,E7_FR7-5;E9_FR8-1;E8_FR6-1,WATER_NPY2;E7_FR7-1;E8_FR6-4,WATER_NPY1;WATER_NPY3;E8_FR6-3,0.345441723799,0.103257432746,False,False,biological animal
cfos_occurrence,Ocurrencia espacial de núcleos c-FOS positivos / núcleos DAPI,1496,E7_FR7-5;E9_FR8-1;E8_FR6-1,WATER_NPY2;E8_FR6-3;E8_FR6-4,WATER_NPY1;WATER_NPY3;E7_FR7-1,1.30333804846,0.302866759195,False,False,biological animal
cfos_occurrence,Ocurrencia espacial de núcleos c-FOS positivos / núcleos DAPI,1497,E7_FR7-5;E9_FR8-1;E8_FR6-1,WATER_NPY3;E7_FR7-1;E8_FR6-3,WATER_NPY1;WATER_NPY2;E8_FR6-4,3.39045965598,0.530550201159,False,True,biological animal
cfos_occurrence,Ocurrencia espacial de núcleos c-FOS positivos / núcleos DAPI,1498,E7_FR7-5;E9_FR8-1;E8_FR6-1,WATER_NPY3;E7_FR7-1;E8_FR6-4,WATER_NPY1;WATER_NPY2;E8_FR6-3,1.36875819702,0.313306009463,False,False,biological animal
cfos_occurrence,Ocurrencia espacial de núcleos c-FOS positivos / núcleos DAPI,1499,E7_FR7-5;E9_FR8-1;E8_FR6-1,WATER_NPY3;E8_FR6-3;E8_FR6-4,WATER_NPY1;WATER_NPY2;E7_FR7-1,0.485467178767,0.139283244933,False,False,biological animal
cfos_occurrence,Ocurrencia espacial de núcleos c-FOS positivos / núcleos DAPI,1500,E7_FR7-5;E9_FR8-1;E8_FR6-1,E7_FR7-1;E8_FR6-3;E8_FR6-4,WATER_NPY1;WATER_NPY2;WATER_NPY3,0.434810414283,0.126589349,False,False,biological animal
cfos_occurrence,Ocurrencia espacial de núcleos c-FOS positivos / núcleos DAPI,1501,E7_FR7-5;E9_FR8-1;E8_FR6-3,WATER_NPY1;WATER_NPY2;WATER_NPY3,E7_FR7-1;E8_FR6-1;E8_FR6-4,0.47231175656,0.136022278434,False,False,biological animal
cfos_occurrence,Ocurrencia espacial de núcleos c-FOS positivos / núcleos DAPI,1502,E7_FR7-5;E9_FR8-1;E8_FR6-3,WATER_NPY1;WATER_NPY2;E7_FR7-1,WATER_NPY3;E8_FR6-1;E8_FR6-4,0.479901865998,0.137906723947,False,False,biological animal
cfos_occurrence,Ocurrencia espacial de núcleos c-FOS positivos / núcleos DAPI,1503,E7_FR7-5;E9_FR8-1;E8_FR6-3,WATER_NPY1;WATER_NPY2;E8_FR6-1,WATER_NPY3;E7_FR7-1;E8_FR6-4,1.38276057567,0.315499911938,False,False,biological animal
cfos_occurrence,Ocurrencia espacial de núcleos c-FOS positivos / núcleos DAPI,1504,E7_FR7-5;E9_FR8-1;E8_FR6-3,WATER_NPY1;WATER_NPY2;E8_FR6-4,WATER_NPY3;E7_FR7-1;E8_FR6-1,3.37162599006,0.529162570954,False,True,biological animal
cfos_occurrence,Ocurrencia espacial de núcleos c-FOS positivos / núcleos DAPI,1505,E7_FR7-5;E9_FR8-1;E8_FR6-3,WATER_NPY1;WATER_NPY3;E7_FR7-1,WATER_NPY2;E8_FR6-1;E8_FR6-4,1.30086389082,0.302465719409,False,False,biological animal
cfos_occurrence,Ocurrencia espacial de núcleos c-FOS positivos / núcleos DAPI,1506,E7_FR7-5;E9_FR8-1;E8_FR6-3,WATER_NPY1;WATER_NPY3;E8_FR6-1,WATER_NPY2;E7_FR7-1;E8_FR6-4,0.349993423928,0.10447585402,False,False,biological animal
cfos_occurrence,Ocurrencia espacial de núcleos c-FOS positivos / núcleos DAPI,1507,E7_FR7-5;E9_FR8-1;E8_FR6-3,WATER_NPY1;WATER_NPY3;E8_FR6-4,WATER_NPY2;E7_FR7-1;E8_FR6-1,0.569875371707,0.159634528484,False,False,biological animal
cfos_occurrence,Ocurrencia espacial de núcleos c-FOS positivos / núcleos DAPI,1508,E7_FR7-5;E9_FR8-1;E8_FR6-3,WATER_NPY1;E7_FR7-1;E8_FR6-1,WATER_NPY2;WATER_NPY3;E8_FR6-4,0.58012891617,0.162041348162,False,False,biological animal
cfos_occurrence,Ocurrencia espacial de núcleos c-FOS positivos / núcleos DAPI,1509,E7_FR7-5;E9_FR8-1;E8_FR6-3,WATER_NPY1;E7_FR7-1;E8_FR6-4,WATER_NPY2;WATER_NPY3;E8_FR6-1,0.495597932486,0.14177772789,False,False,biological animal
cfos_occurrence,Ocurrencia espacial de núcleos c-FOS positivos / núcleos DAPI,1510,E7_FR7-5;E9_FR8-1;E8_FR6-3,WATER_NPY1;E8_FR6-1;E8_FR6-4,WATER_NPY2;WATER_NPY3;E7_FR7-1,2.82384861788,0.484876720389,False,False,biological animal
cfos_occurrence,Ocurrencia espacial de núcleos c-FOS positivos / núcleos DAPI,1511,E7_FR7-5;E9_FR8-1;E8_FR6-3,WATER_NPY2;WATER_NPY3;E7_FR7-1,WATER_NPY1;E8_FR6-1;E8_FR6-4,2.82384861788,0.484876720389,False,False,biological animal
cfos_occurrence,Ocurrencia espacial de núcleos c-FOS positivos / núcleos DAPI,1512,E7_FR7-5;E9_FR8-1;E8_FR6-3,WATER_NPY2;WATER_NPY3;E8_FR6-1,WATER_NPY1;E7_FR7-1;E8_FR6-4,0.495597932486,0.14177772789,False,False,biological animal
cfos_occurrence,Ocurrencia espacial de núcleos c-FOS positivos / núcleos DAPI,1513,E7_FR7-5;E9_FR8-1;E8_FR6-3,WATER_NPY2;WATER_NPY3;E8_FR6-4,WATER_NPY1;E7_FR7-1;E8_FR6-1,0.58012891617,0.162041348162,False,False,biological animal
cfos_occurrence,Ocurrencia espacial de núcleos c-FOS positivos / núcleos DAPI,1514,E7_FR7-5;E9_FR8-1;E8_FR6-3,WATER_NPY2;E7_FR7-1;E8_FR6-1,WATER_NPY1;WATER_NPY3;E8_FR6-4,0.569875371707,0.159634528484,False,False,biological animal
cfos_occurrence,Ocurrencia espacial de núcleos c-FOS positivos / núcleos DAPI,1515,E7_FR7-5;E9_FR8-1;E8_FR6-3,WATER_NPY2;E7_FR7-1;E8_FR6-4,WATER_NPY1;WATER_NPY3;E8_FR6-1,0.349993423928,0.10447585402,False,False,biological animal
cfos_occurrence,Ocurrencia espacial de núcleos c-FOS positivos / núcleos DAPI,1516,E7_FR7-5;E9_FR8-1;E8_FR6-3,WATER_NPY2;E8_FR6-1;E8_FR6-4,WATER_NPY1;WATER_NPY3;E7_FR7-1,1.30086389082,0.302465719409,False,False,biological animal
cfos_occurrence,Ocurrencia espacial de núcleos c-FOS positivos / núcleos DAPI,1517,E7_FR7-5;E9_FR8-1;E8_FR6-3,WATER_NPY3;E7_FR7-1;E8_FR6-1,WATER_NPY1;WATER_NPY2;E8_FR6-4,3.37162599006,0.529162570954,False,True,biological animal
cfos_occurrence,Ocurrencia espacial de núcleos c-FOS positivos / núcleos DAPI,1518,E7_FR7-5;E9_FR8-1;E8_FR6-3,WATER_NPY3;E7_FR7-1;E8_FR6-4,WATER_NPY1;WATER_NPY2;E8_FR6-1,1.38276057567,0.315499911938,False,False,biological animal
cfos_occurrence,Ocurrencia espacial de núcleos c-FOS positivos / núcleos DAPI,1519,E7_FR7-5;E9_FR8-1;E8_FR6-3,WATER_NPY3;E8_FR6-1;E8_FR6-4,WATER_NPY1;WATER_NPY2;E7_FR7-1,0.479901865998,0.137906723947,False,False,biological animal
cfos_occurrence,Ocurrencia espacial de núcleos c-FOS positivos / núcleos DAPI,1520,E7_FR7-5;E9_FR8-1;E8_FR6-3,E7_FR7-1;E8_FR6-1;E8_FR6-4,WATER_NPY1;WATER_NPY2;WATER_NPY3,0.47231175656,0.136022278434,False,False,biological animal
cfos_occurrence,Ocurrencia espacial de núcleos c-FOS positivos / núcleos DAPI,1521,E7_FR7-5;E9_FR8-1;E8_FR6-4,WATER_NPY1;WATER_NPY2;WATER_NPY3,E7_FR7-1;E8_FR6-1;E8_FR6-3,0.306178354854,0.0926079364123,False,False,biological animal
cfos_occurrence,Ocurrencia espacial de núcleos c-FOS positivos / núcleos DAPI,1522,E7_FR7-5;E9_FR8-1;E8_FR6-4,WATER_NPY1;WATER_NPY2;E7_FR7-1,WATER_NPY3;E8_FR6-1;E8_FR6-3,0.217471073774,0.0675906849781,False,False,biological animal
cfos_occurrence,Ocurrencia espacial de núcleos c-FOS positivos / núcleos DAPI,1523,E7_FR7-5;E9_FR8-1;E8_FR6-4,WATER_NPY1;WATER_NPY2;E8_FR6-1,WATER_NPY3;E7_FR7-1;E8_FR6-3,1.52478672404,0.336985324842,False,False,biological animal
cfos_occurrence,Ocurrencia espacial de núcleos c-FOS positivos / núcleos DAPI,1524,E7_FR7-5;E9_FR8-1;E8_FR6-4,WATER_NPY1;WATER_NPY2;E8_FR6-3,WATER_NPY3;E7_FR7-1;E8_FR6-1,1.50047564736,0.333403792162,False,False,biological animal
cfos_occurrence,Ocurrencia espacial de núcleos c-FOS positivos / núcleos DAPI,1525,E7_FR7-5;E9_FR8-1;E8_FR6-4,WATER_NPY1;WATER_NPY3;E7_FR7-1,WATER_NPY2;E8_FR6-1;E8_FR6-3,0.537411337299,0.151922206963,False,False,biological animal
cfos_occurrence,Ocurrencia espacial de núcleos c-FOS positivos / núcleos DAPI,1526,E7_FR7-5;E9_FR8-1;E8_FR6-4,WATER_NPY1;WATER_NPY3;E8_FR6-1,WATER_NPY2;E7_FR7-1;E8_FR6-3,0.143776840678,0.0457337934479,False,False,biological animal
cfos_occurrence,Ocurrencia espacial de núcleos c-FOS positivos / núcleos DAPI,1527,E7_FR7-5;E9_FR8-1;E8_FR6-4,WATER_NPY1;WATER_NPY3;E8_FR6-3,WATER_NPY2;E7_FR7-1;E8_FR6-1,0.138414181019,0.0441032231679,False,False,biological animal
cfos_occurrence,Ocurrencia espacial de núcleos c-FOS positivos / núcleos DAPI,1528,E7_FR7-5;E9_FR8-1;E8_FR6-4,WATER_NPY1;E7_FR7-1;E8_FR6-1,WATER_NPY2;WATER_NPY3;E8_FR6-3,0.248150903033,0.0763975906418,False,False,biological animal
cfos_occurrence,Ocurrencia espacial de núcleos c-FOS positivos / núcleos DAPI,1529,E7_FR7-5;E9_FR8-1;E8_FR6-4,WATER_NPY1;E7_FR7-1;E8_FR6-3,WATER_NPY2;WATER_NPY3;E8_FR6-1,0.168394193278,0.0531481195224,False,False,biological animal
cfos_occurrence,Ocurrencia espacial de núcleos c-FOS positivos / núcleos DAPI,1530,E7_FR7-5;E9_FR8-1;E8_FR6-4,WATER_NPY1;E8_FR6-1;E8_FR6-3,WATER_NPY2;WATER_NPY3;E7_FR7-1,1.31310658005,0.304445660148,False,False,biological animal
cfos_occurrence,Ocurrencia espacial de núcleos c-FOS positivos / núcleos DAPI,1531,E7_FR7-5;E9_FR8-1;E8_FR6-4,WATER_NPY2;WATER_NPY3;E7_FR7-1,WATER_NPY1;E8_FR6-1;E8_FR6-3,1.31310658005,0.304445660148,False,False,biological animal
cfos_occurrence,Ocurrencia espacial de núcleos c-FOS positivos / núcleos DAPI,1532,E7_FR7-5;E9_FR8-1;E8_FR6-4,WATER_NPY2;WATER_NPY3;E8_FR6-1,WATER_NPY1;E7_FR7-1;E8_FR6-3,0.168394193278,0.0531481195224,False,False,biological animal
cfos_occurrence,Ocurrencia espacial de núcleos c-FOS positivos / núcleos DAPI,1533,E7_FR7-5;E9_FR8-1;E8_FR6-4,WATER_NPY2;WATER_NPY3;E8_FR6-3,WATER_NPY1;E7_FR7-1;E8_FR6-1,0.248150903033,0.0763975906418,False,False,biological animal
cfos_occurrence,Ocurrencia espacial de núcleos c-FOS positivos / núcleos DAPI,1534,E7_FR7-5;E9_FR8-1;E8_FR6-4,WATER_NPY2;E7_FR7-1;E8_FR6-1,WATER_NPY1;WATER_NPY3;E8_FR6-3,0.138414181019,0.0441032231679,False,False,biological animal
cfos_occurrence,Ocurrencia espacial de núcleos c-FOS positivos / núcleos DAPI,1535,E7_FR7-5;E9_FR8-1;E8_FR6-4,WATER_NPY2;E7_FR7-1;E8_FR6-3,WATER_NPY1;WATER_NPY3;E8_FR6-1,0.143776840678,0.0457337934479,False,False,biological animal
cfos_occurrence,Ocurrencia espacial de núcleos c-FOS positivos / núcleos DAPI,1536,E7_FR7-5;E9_FR8-1;E8_FR6-4,WATER_NPY2;E8_FR6-1;E8_FR6-3,WATER_NPY1;WATER_NPY3;E7_FR7-1,0.537411337299,0.151922206963,False,False,biological animal
cfos_occurrence,Ocurrencia espacial de núcleos c-FOS positivos / núcleos DAPI,1537,E7_FR7-5;E9_FR8-1;E8_FR6-4,WATER_NPY3;E7_FR7-1;E8_FR6-1,WATER_NPY1;WATER_NPY2;E8_FR6-3,1.50047564736,0.333403792162,False,False,biological animal
cfos_occurrence,Ocurrencia espacial de núcleos c-FOS positivos / núcleos DAPI,1538,E7_FR7-5;E9_FR8-1;E8_FR6-4,WATER_NPY3;E7_FR7-1;E8_FR6-3,WATER_NPY1;WATER_NPY2;E8_FR6-1,1.52478672404,0.336985324842,False,False,biological animal
cfos_occurrence,Ocurrencia espacial de núcleos c-FOS positivos / núcleos DAPI,1539,E7_FR7-5;E9_FR8-1;E8_FR6-4,WATER_NPY3;E8_FR6-1;E8_FR6-3,WATER_NPY1;WATER_NPY2;E7_FR7-1,0.217471073774,0.0675906849781,False,False,biological animal
cfos_occurrence,Ocurrencia espacial de núcleos c-FOS positivos / núcleos DAPI,1540,E7_FR7-5;E9_FR8-1;E8_FR6-4,E7_FR7-1;E8_FR6-1;E8_FR6-3,WATER_NPY1;WATER_NPY2;WATER_NPY3,0.306178354854,0.0926079364123,False,False,biological animal
cfos_occurrence,Ocurrencia espacial de núcleos c-FOS positivos / núcleos DAPI,1541,E7_FR7-5;E8_FR6-1;E8_FR6-3,WATER_NPY1;WATER_NPY2;WATER_NPY3,E7_FR7-1;E9_FR8-1;E8_FR6-4,0.313821426896,0.0947007658134,False,False,biological animal
cfos_occurrence,Ocurrencia espacial de núcleos c-FOS positivos / núcleos DAPI,1542,E7_FR7-5;E8_FR6-1;E8_FR6-3,WATER_NPY1;WATER_NPY2;E7_FR7-1,WATER_NPY3;E9_FR8-1;E8_FR6-4,0.379069106945,0.11218151951,False,False,biological animal
cfos_occurrence,Ocurrencia espacial de núcleos c-FOS positivos / núcleos DAPI,1543,E7_FR7-5;E8_FR6-1;E8_FR6-3,WATER_NPY1;WATER_NPY2;E9_FR8-1,WATER_NPY3;E7_FR7-1;E8_FR6-4,0.362115930438,0.107704772212,False,False,biological animal
cfos_occurrence,Ocurrencia espacial de núcleos c-FOS positivos / núcleos DAPI,1544,E7_FR7-5;E8_FR6-1;E8_FR6-3,WATER_NPY1;WATER_NPY2;E8_FR6-4,WATER_NPY3;E7_FR7-1;E9_FR8-1,9.87456452906,0.766982409912,False,True,biological animal
cfos_occurrence,Ocurrencia espacial de núcleos c-FOS positivos / núcleos DAPI,1545,E7_FR7-5;E8_FR6-1;E8_FR6-3,WATER_NPY1;WATER_NPY3;E7_FR7-1,WATER_NPY2;E9_FR8-1;E8_FR6-4,0.290394753622,0.0882552931687,False,False,biological animal
cfos_occurrence,Ocurrencia espacial de núcleos c-FOS positivos / núcleos DAPI,1546,E7_FR7-5;E8_FR6-1;E8_FR6-3,WATER_NPY1;WATER_NPY3;E9_FR8-1,WATER_NPY2;E7_FR7-1;E8_FR6-4,0.279283225639,0.0851659360971,False,False,biological animal
cfos_occurrence,Ocurrencia espacial de núcleos c-FOS positivos / núcleos DAPI,1547,E7_FR7-5;E8_FR6-1;E8_FR6-3,WATER_NPY1;WATER_NPY3;E8_FR6-4,WATER_NPY2;E7_FR7-1;E9_FR8-1,0.792519575512,0.208969145638,False,False,biological animal
cfos_occurrence,Ocurrencia espacial de núcleos c-FOS positivos / núcleos DAPI,1548,E7_FR7-5;E8_FR6-1;E8_FR6-3,WATER_NPY1;E7_FR7-1;E9_FR8-1,WATER_NPY2;WATER_NPY3;E8_FR6-4,0.436958085731,0.127135122056,False,False,biological animal
cfos_occurrence,Ocurrencia espacial de núcleos c-FOS positivos / núcleos DAPI,1549,E7_FR7-5;E8_FR6-1;E8_FR6-3,WATER_NPY1;E7_FR7-1;E8_FR6-4,WATER_NPY2;WATER_NPY3;E9_FR8-1,0.781712749304,0.206708653228,False,False,biological animal
cfos_occurrence,Ocurrencia espacial de núcleos c-FOS positivos / núcleos DAPI,1550,E7_FR7-5;E8_FR6-1;E8_FR6-3,WATER_NPY1;E9_FR8-1;E8_FR6-4,WATER_NPY2;WATER_NPY3;E7_FR7-1,0.687430983768,0.186425450888,False,False,biological animal
cfos_occurrence,Ocurrencia espacial de núcleos c-FOS positivos / núcleos DAPI,1551,E7_FR7-5;E8_FR6-1;E8_FR6-3,WATER_NPY2;WATER_NPY3;E7_FR7-1,WATER_NPY1;E9_FR8-1;E8_FR6-4,0.687430983768,0.186425450888,False,False,biological animal
cfos_occurrence,Ocurrencia espacial de núcleos c-FOS positivos / núcleos DAPI,1552,E7_FR7-5;E8_FR6-1;E8_FR6-3,WATER_NPY2;WATER_NPY3;E9_FR8-1,WATER_NPY1;E7_FR7-1;E8_FR6-4,0.781712749304,0.206708653228,False,False,biological animal
cfos_occurrence,Ocurrencia espacial de núcleos c-FOS positivos / núcleos DAPI,1553,E7_FR7-5;E8_FR6-1;E8_FR6-3,WATER_NPY2;WATER_NPY3;E8_FR6-4,WATER_NPY1;E7_FR7-1;E9_FR8-1,0.436958085731,0.127135122056,False,False,biological animal
cfos_occurrence,Ocurrencia espacial de núcleos c-FOS positivos / núcleos DAPI,1554,E7_FR7-5;E8_FR6-1;E8_FR6-3,WATER_NPY2;E7_FR7-1;E9_FR8-1,WATER_NPY1;WATER_NPY3;E8_FR6-4,0.792519575512,0.208969145638,False,False,biological animal
cfos_occurrence,Ocurrencia espacial de núcleos c-FOS positivos / núcleos DAPI,1555,E7_FR7-5;E8_FR6-1;E8_FR6-3,WATER_NPY2;E7_FR7-1;E8_FR6-4,WATER_NPY1;WATER_NPY3;E9_FR8-1,0.279283225639,0.0851659360971,False,False,biological animal
cfos_occurrence,Ocurrencia espacial de núcleos c-FOS positivos / núcleos DAPI,1556,E7_FR7-5;E8_FR6-1;E8_FR6-3,WATER_NPY2;E9_FR8-1;E8_FR6-4,WATER_NPY1;WATER_NPY3;E7_FR7-1,0.290394753622,0.0882552931687,False,False,biological animal
cfos_occurrence,Ocurrencia espacial de núcleos c-FOS positivos / núcleos DAPI,1557,E7_FR7-5;E8_FR6-1;E8_FR6-3,WATER_NPY3;E7_FR7-1;E9_FR8-1,WATER_NPY1;WATER_NPY2;E8_FR6-4,9.87456452906,0.766982409912,False,True,biological animal
cfos_occurrence,Ocurrencia espacial de núcleos c-FOS positivos / núcleos DAPI,1558,E7_FR7-5;E8_FR6-1;E8_FR6-3,WATER_NPY3;E7_FR7-1;E8_FR6-4,WATER_NPY1;WATER_NPY2;E9_FR8-1,0.362115930438,0.107704772212,False,False,biological animal
cfos_occurrence,Ocurrencia espacial de núcleos c-FOS positivos / núcleos DAPI,1559,E7_FR7-5;E8_FR6-1;E8_FR6-3,WATER_NPY3;E9_FR8-1;E8_FR6-4,WATER_NPY1;WATER_NPY2;E7_FR7-1,0.379069106945,0.11218151951,False,False,biological animal
cfos_occurrence,Ocurrencia espacial de núcleos c-FOS positivos / núcleos DAPI,1560,E7_FR7-5;E8_FR6-1;E8_FR6-3,E7_FR7-1;E9_FR8-1;E8_FR6-4,WATER_NPY1;WATER_NPY2;WATER_NPY3,0.313821426896,0.0947007658134,False,False,biological animal
cfos_occurrence,Ocurrencia espacial de núcleos c-FOS positivos / núcleos DAPI,1561,E7_FR7-5;E8_FR6-1;E8_FR6-4,WATER_NPY1;WATER_NPY2;WATER_NPY3,E7_FR7-1;E9_FR8-1;E8_FR6-3,0.875748670361,0.225956000981,False,False,biological animal
cfos_occurrence,Ocurrencia espacial de núcleos c-FOS positivos / núcleos DAPI,1562,E7_FR7-5;E8_FR6-1;E8_FR6-4,WATER_NPY1;WATER_NPY2;E7_FR7-1,WATER_NPY3;E9_FR8-1;E8_FR6-3,0.82914389418,0.216535057729,False,False,biological animal
cfos_occurrence,Ocurrencia espacial de núcleos c-FOS positivos / núcleos DAPI,1563,E7_FR7-5;E8_FR6-1;E8_FR6-4,WATER_NPY1;WATER_NPY2;E9_FR8-1,WATER_NPY3;E7_FR7-1;E8_FR6-3,0.829094609699,0.21652497371,False,False,biological animal
cfos_occurrence,Ocurrencia espacial de núcleos c-FOS positivos / núcleos DAPI,1564,E7_FR7-5;E8_FR6-1;E8_FR6-4,WATER_NPY1;WATER_NPY2;E8_FR6-3,WATER_NPY3;E7_FR7-1;E9_FR8-1,5.7862761105,0.658558419714,False,True,biological animal
cfos_occurrence,Ocurrencia espacial de núcleos c-FOS positivos / núcleos DAPI,1565,E7_FR7-5;E8_FR6-1;E8_FR6-4,WATER_NPY1;WATER_NPY3;E7_FR7-1,WATER_NPY2;E9_FR8-1;E8_FR6-3,0.37982987034,0.112381357912,False,False,biological animal
cfos_occurrence,Ocurrencia espacial de núcleos c-FOS positivos / núcleos DAPI,1566,E7_FR7-5;E8_FR6-1;E8_FR6-4,WATER_NPY1;WATER_NPY3;E9_FR8-1,WATER_NPY2;E7_FR7-1;E8_FR6-3,0.385082458401,0.113758664119,False,False,biological animal
cfos_occurrence,Ocurrencia espacial de núcleos c-FOS positivos / núcleos DAPI,1567,E7_FR7-5;E8_FR6-1;E8_FR6-4,WATER_NPY1;WATER_NPY3;E8_FR6-3,WATER_NPY2;E7_FR7-1;E9_FR8-1,0.661987020813,0.180772628917,False,False,biological animal
cfos_occurrence,Ocurrencia espacial de núcleos c-FOS positivos / núcleos DAPI,1568,E7_FR7-5;E8_FR6-1;E8_FR6-4,WATER_NPY1;E7_FR7-1;E9_FR8-1,WATER_NPY2;WATER_NPY3;E8_FR6-3,0.443629547397,0.12882615313,False,False,biological animal
cfos_occurrence,Ocurrencia espacial de núcleos c-FOS positivos / núcleos DAPI,1569,E7_FR7-5;E8_FR6-1;E8_FR6-4,WATER_NPY1;E7_FR7-1;E8_FR6-3,WATER_NPY2;WATER_NPY3;E9_FR8-1,0.775550250318,0.205413833454,False,False,biological animal
cfos_occurrence,Ocurrencia espacial de núcleos c-FOS positivos / núcleos DAPI,1570,E7_FR7-5;E8_FR6-1;E8_FR6-4,WATER_NPY1;E9_FR8-1;E8_FR6-3,WATER_NPY2;WATER_NPY3;E7_FR7-1,0.661501364802,0.180663967836,False,False,biological animal
cfos_occurrence,Ocurrencia espacial de núcleos c-FOS positivos / núcleos DAPI,1571,E7_FR7-5;E8_FR6-1;E8_FR6-4,WATER_NPY2;WATER_NPY3;E7_FR7-1,WATER_NPY1;E9_FR8-1;E8_FR6-3,0.661501364802,0.180663967836,False,False,biological animal
cfos_occurrence,Ocurrencia espacial de núcleos c-FOS positivos / núcleos DAPI,1572,E7_FR7-5;E8_FR6-1;E8_FR6-4,WATER_NPY2;WATER_NPY3;E9_FR8-1,WATER_NPY1;E7_FR7-1;E8_FR6-3,0.775550250318,0.205413833454,False,False,biological animal
cfos_occurrence,Ocurrencia espacial de núcleos c-FOS positivos / núcleos DAPI,1573,E7_FR7-5;E8_FR6-1;E8_FR6-4,WATER_NPY2;WATER_NPY3;E8_FR6-3,WATER_NPY1;E7_FR7-1;E9_FR8-1,0.443629547397,0.12882615313,False,False,biological animal
cfos_occurrence,Ocurrencia espacial de núcleos c-FOS positivos / núcleos DAPI,1574,E7_FR7-5;E8_FR6-1;E8_FR6-4,WATER_NPY2;E7_FR7-1;E9_FR8-1,WATER_NPY1;WATER_NPY3;E8_FR6-3,0.661987020813,0.180772628917,False,False,biological animal
cfos_occurrence,Ocurrencia espacial de núcleos c-FOS positivos / núcleos DAPI,1575,E7_FR7-5;E8_FR6-1;E8_FR6-4,WATER_NPY2;E7_FR7-1;E8_FR6-3,WATER_NPY1;WATER_NPY3;E9_FR8-1,0.385082458401,0.113758664119,False,False,biological animal
cfos_occurrence,Ocurrencia espacial de núcleos c-FOS positivos / núcleos DAPI,1576,E7_FR7-5;E8_FR6-1;E8_FR6-4,WATER_NPY2;E9_FR8-1;E8_FR6-3,WATER_NPY1;WATER_NPY3;E7_FR7-1,0.37982987034,0.112381357912,False,False,biological animal
cfos_occurrence,Ocurrencia espacial de núcleos c-FOS positivos / núcleos DAPI,1577,E7_FR7-5;E8_FR6-1;E8_FR6-4,WATER_NPY3;E7_FR7-1;E9_FR8-1,WATER_NPY1;WATER_NPY2;E8_FR6-3,5.7862761105,0.658558419714,False,True,biological animal
cfos_occurrence,Ocurrencia espacial de núcleos c-FOS positivos / núcleos DAPI,1578,E7_FR7-5;E8_FR6-1;E8_FR6-4,WATER_NPY3;E7_FR7-1;E8_FR6-3,WATER_NPY1;WATER_NPY2;E9_FR8-1,0.829094609699,0.21652497371,False,False,biological animal
cfos_occurrence,Ocurrencia espacial de núcleos c-FOS positivos / núcleos DAPI,1579,E7_FR7-5;E8_FR6-1;E8_FR6-4,WATER_NPY3;E9_FR8-1;E8_FR6-3,WATER_NPY1;WATER_NPY2;E7_FR7-1,0.82914389418,0.216535057729,False,False,biological animal
cfos_occurrence,Ocurrencia espacial de núcleos c-FOS positivos / núcleos DAPI,1580,E7_FR7-5;E8_FR6-1;E8_FR6-4,E7_FR7-1;E9_FR8-1;E8_FR6-3,WATER_NPY1;WATER_NPY2;WATER_NPY3,0.875748670361,0.225956000981,False,False,biological animal
cfos_occurrence,Ocurrencia espacial de núcleos c-FOS positivos / núcleos DAPI,1581,E7_FR7-5;E8_FR6-3;E8_FR6-4,WATER_NPY1;WATER_NPY2;WATER_NPY3,E7_FR7-1;E9_FR8-1;E8_FR6-1,0.864475579909,0.223698031475,False,False,biological animal
cfos_occurrence,Ocurrencia espacial de núcleos c-FOS positivos / núcleos DAPI,1582,E7_FR7-5;E8_FR6-3;E8_FR6-4,WATER_NPY1;WATER_NPY2;E7_FR7-1,WATER_NPY3;E9_FR8-1;E8_FR6-1,0.766325315055,0.203467637804,False,False,biological animal
cfos_occurrence,Ocurrencia espacial de núcleos c-FOS positivos / núcleos DAPI,1583,E7_FR7-5;E8_FR6-3;E8_FR6-4,WATER_NPY1;WATER_NPY2;E9_FR8-1,WATER_NPY3;E7_FR7-1;E8_FR6-1,0.794067592542,0.209291894036,False,False,biological animal
cfos_occurrence,Ocurrencia espacial de núcleos c-FOS positivos / núcleos DAPI,1584,E7_FR7-5;E8_FR6-3;E8_FR6-4,WATER_NPY1;WATER_NPY2;E8_FR6-1,WATER_NPY3;E7_FR7-1;E9_FR8-1,5.69330555388,0.654906872719,False,True,biological animal
cfos_occurrence,Ocurrencia espacial de núcleos c-FOS positivos / núcleos DAPI,1585,E7_FR7-5;E8_FR6-3;E8_FR6-4,WATER_NPY1;WATER_NPY3;E7_FR7-1,WATER_NPY2;E9_FR8-1;E8_FR6-1,0.334405601062,0.100289419186,False,False,biological animal
cfos_occurrence,Ocurrencia espacial de núcleos c-FOS positivos / núcleos DAPI,1586,E7_FR7-5;E8_FR6-3;E8_FR6-4,WATER_NPY1;WATER_NPY3;E9_FR8-1,WATER_NPY2;E7_FR7-1;E8_FR6-1,0.361348551262,0.107501065644,False,False,biological animal
cfos_occurrence,Ocurrencia espacial de núcleos c-FOS positivos / núcleos DAPI,1587,E7_FR7-5;E8_FR6-3;E8_FR6-4,WATER_NPY1;WATER_NPY3;E8_FR6-1,WATER_NPY2;E7_FR7-1;E9_FR8-1,0.641420137624,0.176145600722,False,False,biological animal
cfos_occurrence,Ocurrencia espacial de núcleos c-FOS positivos / núcleos DAPI,1588,E7_FR7-5;E8_FR6-3;E8_FR6-4,WATER_NPY1;E7_FR7-1;E9_FR8-1,WATER_NPY2;WATER_NPY3;E8_FR6-1,0.377462143779,0.111759104236,False,False,biological animal
cfos_occurrence,Ocurrencia espacial de núcleos c-FOS positivos / núcleos DAPI,1589,E7_FR7-5;E8_FR6-3;E8_FR6-4,WATER_NPY1;E7_FR7-1;E8_FR6-1,WATER_NPY2;WATER_NPY3;E9_FR8-1,0.805156966352,0.211596255679,False,False,biological animal
cfos_occurrence,Ocurrencia espacial de núcleos c-FOS positivos / núcleos DAPI,1590,E7_FR7-5;E8_FR6-3;E8_FR6-4,WATER_NPY1;E9_FR8-1;E8_FR6-1,WATER_NPY2;WATER_NPY3;E7_FR7-1,0.663057556957,0.18101204981,False,False,biological animal
cfos_occurrence,Ocurrencia espacial de núcleos c-FOS positivos / núcleos DAPI,1591,E7_FR7-5;E8_FR6-3;E8_FR6-4,WATER_NPY2;WATER_NPY3;E7_FR7-1,WATER_NPY1;E9_FR8-1;E8_FR6-1,0.663057556957,0.18101204981,False,False,biological animal
cfos_occurrence,Ocurrencia espacial de núcleos c-FOS positivos / núcleos DAPI,1592,E7_FR7-5;E8_FR6-3;E8_FR6-4,WATER_NPY2;WATER_NPY3;E9_FR8-1,WATER_NPY1;E7_FR7-1;E8_FR6-1,0.805156966352,0.211596255679,False,False,biological animal
cfos_occurrence,Ocurrencia espacial de núcleos c-FOS positivos / núcleos DAPI,1593,E7_FR7-5;E8_FR6-3;E8_FR6-4,WATER_NPY2;WATER_NPY3;E8_FR6-1,WATER_NPY1;E7_FR7-1;E9_FR8-1,0.377462143779,0.111759104236,False,False,biological animal
cfos_occurrence,Ocurrencia espacial de núcleos c-FOS positivos / núcleos DAPI,1594,E7_FR7-5;E8_FR6-3;E8_FR6-4,WATER_NPY2;E7_FR7-1;E9_FR8-1,WATER_NPY1;WATER_NPY3;E8_FR6-1,0.641420137624,0.176145600722,False,False,biological animal
cfos_occurrence,Ocurrencia espacial de núcleos c-FOS positivos / núcleos DAPI,1595,E7_FR7-5;E8_FR6-3;E8_FR6-4,WATER_NPY2;E7_FR7-1;E8_FR6-1,WATER_NPY1;WATER_NPY3;E9_FR8-1,0.361348551262,0.107501065644,False,False,biological animal
cfos_occurrence,Ocurrencia espacial de núcleos c-FOS positivos / núcleos DAPI,1596,E7_FR7-5;E8_FR6-3;E8_FR6-4,WATER_NPY2;E9_FR8-1;E8_FR6-1,WATER_NPY1;WATER_NPY3;E7_FR7-1,0.334405601062,0.100289419186,False,False,biological animal
cfos_occurrence,Ocurrencia espacial de núcleos c-FOS positivos / núcleos DAPI,1597,E7_FR7-5;E8_FR6-3;E8_FR6-4,WATER_NPY3;E7_FR7-1;E9_FR8-1,WATER_NPY1;WATER_NPY2;E8_FR6-1,5.69330555388,0.654906872719,False,True,biological animal
cfos_occurrence,Ocurrencia espacial de núcleos c-FOS positivos / núcleos DAPI,1598,E7_FR7-5;E8_FR6-3;E8_FR6-4,WATER_NPY3;E7_FR7-1;E8_FR6-1,WATER_NPY1;WATER_NPY2;E9_FR8-1,0.794067592542,0.209291894036,False,False,biological animal
cfos_occurrence,Ocurrencia espacial de núcleos c-FOS positivos / núcleos DAPI,1599,E7_FR7-5;E8_FR6-3;E8_FR6-4,WATER_NPY3;E9_FR8-1;E8_FR6-1,WATER_NPY1;WATER_NPY2;E7_FR7-1,0.766325315055,0.203467637804,False,False,biological animal
cfos_occurrence,Ocurrencia espacial de núcleos c-FOS positivos / núcleos DAPI,1600,E7_FR7-5;E8_FR6-3;E8_FR6-4,E7_FR7-1;E9_FR8-1;E8_FR6-1,WATER_NPY1;WATER_NPY2;WATER_NPY3,0.864475579909,0.223698031475,False,False,biological animal
cfos_occurrence,Ocurrencia espacial de núcleos c-FOS positivos / núcleos DAPI,1601,E9_FR8-1;E8_FR6-1;E8_FR6-3,WATER_NPY1;WATER_NPY2;WATER_NPY3,E7_FR7-1;E7_FR7-5;E8_FR6-4,0.243143038573,0.0749714199098,False,False,biological animal
cfos_occurrence,Ocurrencia espacial de núcleos c-FOS positivos / núcleos DAPI,1602,E9_FR8-1;E8_FR6-1;E8_FR6-3,WATER_NPY1;WATER_NPY2;E7_FR7-1,WATER_NPY3;E7_FR7-5;E8_FR6-4,0.33514073347,0.100487733578,False,False,biological animal
cfos_occurrence,Ocurrencia espacial de núcleos c-FOS positivos / núcleos DAPI,1603,E9_FR8-1;E8_FR6-1;E8_FR6-3,WATER_NPY1;WATER_NPY2;E7_FR7-5,WATER_NPY3;E7_FR7-1;E8_FR6-4,0.479309409541,0.137759926791,False,False,biological animal
cfos_occurrence,Ocurrencia espacial de núcleos c-FOS positivos / núcleos DAPI,1604,E9_FR8-1;E8_FR6-1;E8_FR6-3,WATER_NPY1;WATER_NPY2;E8_FR6-4,WATER_NPY3;E7_FR7-1;E7_FR7-5,5.7950379323,0.658898571775,False,True,biological animal
cfos_occurrence,Ocurrencia espacial de núcleos c-FOS positivos / núcleos DAPI,1605,E9_FR8-1;E8_FR6-1;E8_FR6-3,WATER_NPY1;WATER_NPY3;E7_FR7-1,WATER_NPY2;E7_FR7-5;E8_FR6-4,0.452324671449,0.131020316597,False,False,biological animal
cfos_occurrence,Ocurrencia espacial de núcleos c-FOS positivos / núcleos DAPI,1606,E9_FR8-1;E8_FR6-1;E8_FR6-3,WATER_NPY1;WATER_NPY3;E7_FR7-5,WATER_NPY2;E7_FR7-1;E8_FR6-4,0.194079560821,0.0607622813162,False,False,biological animal
cfos_occurrence,Ocurrencia espacial de núcleos c-FOS positivos / núcleos DAPI,1607,E9_FR8-1;E8_FR6-1;E8_FR6-3,WATER_NPY1;WATER_NPY3;E8_FR6-4,WATER_NPY2;E7_FR7-1;E7_FR7-5,0.551742265565,0.155344116862,False,False,biological animal
cfos_occurrence,Ocurrencia espacial de núcleos c-FOS positivos / núcleos DAPI,1608,E9_FR8-1;E8_FR6-1;E8_FR6-3,WATER_NPY1;E7_FR7-1;E7_FR7-5,WATER_NPY2;WATER_NPY3;E8_FR6-4,0.313803642557,0.0946959073032,False,False,biological animal
cfos_occurrence,Ocurrencia espacial de núcleos c-FOS positivos / núcleos DAPI,1609,E9_FR8-1;E8_FR6-1;E8_FR6-3,WATER_NPY1;E7_FR7-1;E8_FR6-4,WATER_NPY2;WATER_NPY3;E7_FR7-5,0.576193357023,0.161119184423,False,False,biological animal
cfos_occurrence,Ocurrencia espacial de núcleos c-FOS positivos / núcleos DAPI,1610,E9_FR8-1;E8_FR6-1;E8_FR6-3,WATER_NPY1;E7_FR7-5;E8_FR6-4,WATER_NPY2;WATER_NPY3;E7_FR7-1,1.00200787854,0.25037628834,False,False,biological animal
cfos_occurrence,Ocurrencia espacial de núcleos c-FOS positivos / núcleos DAPI,1611,E9_FR8-1;E8_FR6-1;E8_FR6-3,WATER_NPY2;WATER_NPY3;E7_FR7-1,WATER_NPY1;E7_FR7-5;E8_FR6-4,1.00200787854,0.25037628834,False,False,biological animal
cfos_occurrence,Ocurrencia espacial de núcleos c-FOS positivos / núcleos DAPI,1612,E9_FR8-1;E8_FR6-1;E8_FR6-3,WATER_NPY2;WATER_NPY3;E7_FR7-5,WATER_NPY1;E7_FR7-1;E8_FR6-4,0.576193357023,0.161119184423,False,False,biological animal
cfos_occurrence,Ocurrencia espacial de núcleos c-FOS positivos / núcleos DAPI,1613,E9_FR8-1;E8_FR6-1;E8_FR6-3,WATER_NPY2;WATER_NPY3;E8_FR6-4,WATER_NPY1;E7_FR7-1;E7_FR7-5,0.313803642557,0.0946959073032,False,False,biological animal
cfos_occurrence,Ocurrencia espacial de núcleos c-FOS positivos / núcleos DAPI,1614,E9_FR8-1;E8_FR6-1;E8_FR6-3,WATER_NPY2;E7_FR7-1;E7_FR7-5,WATER_NPY1;WATER_NPY3;E8_FR6-4,0.551742265565,0.155344116862,False,False,biological animal
cfos_occurrence,Ocurrencia espacial de núcleos c-FOS positivos / núcleos DAPI,1615,E9_FR8-1;E8_FR6-1;E8_FR6-3,WATER_NPY2;E7_FR7-1;E8_FR6-4,WATER_NPY1;WATER_NPY3;E7_FR7-5,0.194079560821,0.0607622813162,False,False,biological animal
cfos_occurrence,Ocurrencia espacial de núcleos c-FOS positivos / núcleos DAPI,1616,E9_FR8-1;E8_FR6-1;E8_FR6-3,WATER_NPY2;E7_FR7-5;E8_FR6-4,WATER_NPY1;WATER_NPY3;E7_FR7-1,0.452324671449,0.131020316597,False,False,biological animal
cfos_occurrence,Ocurrencia espacial de núcleos c-FOS positivos / núcleos DAPI,1617,E9_FR8-1;E8_FR6-1;E8_FR6-3,WATER_NPY3;E7_FR7-1;E7_FR7-5,WATER_NPY1;WATER_NPY2;E8_FR6-4,5.7950379323,0.658898571775,False,True,biological animal
cfos_occurrence,Ocurrencia espacial de núcleos c-FOS positivos / núcleos DAPI,1618,E9_FR8-1;E8_FR6-1;E8_FR6-3,WATER_NPY3;E7_FR7-1;E8_FR6-4,WATER_NPY1;WATER_NPY2;E7_FR7-5,0.479309409541,0.137759926791,False,False,biological animal
cfos_occurrence,Ocurrencia espacial de núcleos c-FOS positivos / núcleos DAPI,1619,E9_FR8-1;E8_FR6-1;E8_FR6-3,WATER_NPY3;E7_FR7-5;E8_FR6-4,WATER_NPY1;WATER_NPY2;E7_FR7-1,0.33514073347,0.100487733578,False,False,biological animal
cfos_occurrence,Ocurrencia espacial de núcleos c-FOS positivos / núcleos DAPI,1620,E9_FR8-1;E8_FR6-1;E8_FR6-3,E7_FR7-1;E7_FR7-5;E8_FR6-4,WATER_NPY1;WATER_NPY2;WATER_NPY3,0.243143038573,0.0749714199098,False,False,biological animal
cfos_occurrence,Ocurrencia espacial de núcleos c-FOS positivos / núcleos DAPI,1621,E9_FR8-1;E8_FR6-1;E8_FR6-4,WATER_NPY1;WATER_NPY2;WATER_NPY3,E7_FR7-1;E7_FR7-5;E8_FR6-3,0.437682617357,0.127319088489,False,False,biological animal
cfos_occurrence,Ocurrencia espacial de núcleos c-FOS positivos / núcleos DAPI,1622,E9_FR8-1;E8_FR6-1;E8_FR6-4,WATER_NPY1;WATER_NPY2;E7_FR7-1,WATER_NPY3;E7_FR7-5;E8_FR6-3,0.432233936808,0.12593370521,False,False,biological animal
cfos_occurrence,Ocurrencia espacial de núcleos c-FOS positivos / núcleos DAPI,1623,E9_FR8-1;E8_FR6-1;E8_FR6-4,WATER_NPY1;WATER_NPY2;E7_FR7-5,WATER_NPY3;E7_FR7-1;E8_FR6-3,0.783704983844,0.207126344995,False,False,biological animal
cfos_occurrence,Ocurrencia espacial de núcleos c-FOS positivos / núcleos DAPI,1624,E9_FR8-1;E8_FR6-1;E8_FR6-4,WATER_NPY1;WATER_NPY2;E8_FR6-3,WATER_NPY3;E7_FR7-1;E7_FR7-5,3.13523027046,0.511020798283,False,False,biological animal
cfos_occurrence,Ocurrencia espacial de núcleos c-FOS positivos / núcleos DAPI,1625,E9_FR8-1;E8_FR6-1;E8_FR6-4,WATER_NPY1;WATER_NPY3;E7_FR7-1,WATER_NPY2;E7_FR7-5;E8_FR6-3,0.247592611498,0.0762388147521,False,False,biological animal
cfos_occurrence,Ocurrencia espacial de núcleos c-FOS positivos / núcleos DAPI,1626,E9_FR8-1;E8_FR6-1;E8_FR6-4,WATER_NPY1;WATER_NPY3;E7_FR7-5,WATER_NPY2;E7_FR7-1;E8_FR6-3,0.157566436497,0.0499012260442,False,False,biological animal
cfos_occurrence,Ocurrencia espacial de núcleos c-FOS positivos / núcleos DAPI,1627,E9_FR8-1;E8_FR6-1;E8_FR6-4,WATER_NPY1;WATER_NPY3;E8_FR6-3,WATER_NPY2;E7_FR7-1;E7_FR7-5,0.288369689253,0.0876938168465,False,False,biological animal
cfos_occurrence,Ocurrencia espacial de núcleos c-FOS positivos / núcleos DAPI,1628,E9_FR8-1;E8_FR6-1;E8_FR6-4,WATER_NPY1;E7_FR7-1;E7_FR7-5,WATER_NPY2;WATER_NPY3;E8_FR6-3,0.181110666939,0.0569331550835,False,False,biological animal
cfos_occurrence,Ocurrencia espacial de núcleos c-FOS positivos / núcleos DAPI,1629,E9_FR8-1;E8_FR6-1;E8_FR6-4,WATER_NPY1;E7_FR7-1;E8_FR6-3,WATER_NPY2;WATER_NPY3;E7_FR7-5,0.410527133828,0.120370581356,False,False,biological animal
cfos_occurrence,Ocurrencia espacial de núcleos c-FOS positivos / núcleos DAPI,1630,E9_FR8-1;E8_FR6-1;E8_FR6-4,WATER_NPY1;E7_FR7-5;E8_FR6-3,WATER_NPY2;WATER_NPY3;E7_FR7-1,0.595860037579,0.1657072387,False,False,biological animal
cfos_occurrence,Ocurrencia espacial de núcleos c-FOS positivos / núcleos DAPI,1631,E9_FR8-1;E8_FR6-1;E8_FR6-4,WATER_NPY2;WATER_NPY3;E7_FR7-1,WATER_NPY1;E7_FR7-5;E8_FR6-3,0.595860037579,0.1657072387,False,False,biological animal
cfos_occurrence,Ocurrencia espacial de núcleos c-FOS positivos / núcleos DAPI,1632,E9_FR8-1;E8_FR6-1;E8_FR6-4,WATER_NPY2;WATER_NPY3;E7_FR7-5,WATER_NPY1;E7_FR7-1;E8_FR6-3,0.410527133828,0.120370581356,False,False,biological animal
cfos_occurrence,Ocurrencia espacial de núcleos c-FOS positivos / núcleos DAPI,1633,E9_FR8-1;E8_FR6-1;E8_FR6-4,WATER_NPY2;WATER_NPY3;E8_FR6-3,WATER_NPY1;E7_FR7-1;E7_FR7-5,0.181110666939,0.0569331550835,False,False,biological animal
cfos_occurrence,Ocurrencia espacial de núcleos c-FOS positivos / núcleos DAPI,1634,E9_FR8-1;E8_FR6-1;E8_FR6-4,WATER_NPY2;E7_FR7-1;E7_FR7-5,WATER_NPY1;WATER_NPY3;E8_FR6-3,0.288369689253,0.0876938168465,False,False,biological animal
cfos_occurrence,Ocurrencia espacial de núcleos c-FOS positivos / núcleos DAPI,1635,E9_FR8-1;E8_FR6-1;E8_FR6-4,WATER_NPY2;E7_FR7-1;E8_FR6-3,WATER_NPY1;WATER_NPY3;E7_FR7-5,0.157566436497,0.0499012260442,False,False,biological animal
cfos_occurrence,Ocurrencia espacial de núcleos c-FOS positivos / núcleos DAPI,1636,E9_FR8-1;E8_FR6-1;E8_FR6-4,WATER_NPY2;E7_FR7-5;E8_FR6-3,WATER_NPY1;WATER_NPY3;E7_FR7-1,0.247592611498,0.0762388147521,False,False,biological animal
cfos_occurrence,Ocurrencia espacial de núcleos c-FOS positivos / núcleos DAPI,1637,E9_FR8-1;E8_FR6-1;E8_FR6-4,WATER_NPY3;E7_FR7-1;E7_FR7-5,WATER_NPY1;WATER_NPY2;E8_FR6-3,3.13523027046,0.511020798283,False,False,biological animal
cfos_occurrence,Ocurrencia espacial de núcleos c-FOS positivos / núcleos DAPI,1638,E9_FR8-1;E8_FR6-1;E8_FR6-4,WATER_NPY3;E7_FR7-1;E8_FR6-3,WATER_NPY1;WATER_NPY2;E7_FR7-5,0.783704983844,0.207126344995,False,False,biological animal
cfos_occurrence,Ocurrencia espacial de núcleos c-FOS positivos / núcleos DAPI,1639,E9_FR8-1;E8_FR6-1;E8_FR6-4,WATER_NPY3;E7_FR7-5;E8_FR6-3,WATER_NPY1;WATER_NPY2;E7_FR7-1,0.432233936808,0.12593370521,False,False,biological animal
cfos_occurrence,Ocurrencia espacial de núcleos c-FOS positivos / núcleos DAPI,1640,E9_FR8-1;E8_FR6-1;E8_FR6-4,E7_FR7-1;E7_FR7-5;E8_FR6-3,WATER_NPY1;WATER_NPY2;WATER_NPY3,0.437682617357,0.127319088489,False,False,biological animal
cfos_occurrence,Ocurrencia espacial de núcleos c-FOS positivos / núcleos DAPI,1641,E9_FR8-1;E8_FR6-3;E8_FR6-4,WATER_NPY1;WATER_NPY2;WATER_NPY3,E7_FR7-1;E7_FR7-5;E8_FR6-1,0.446512355209,0.129554839557,False,False,biological animal
cfos_occurrence,Ocurrencia espacial de núcleos c-FOS positivos / núcleos DAPI,1642,E9_FR8-1;E8_FR6-3;E8_FR6-4,WATER_NPY1;WATER_NPY2;E7_FR7-1,WATER_NPY3;E7_FR7-5;E8_FR6-1,0.398894248968,0.117360005857,False,False,biological animal
cfos_occurrence,Ocurrencia espacial de núcleos c-FOS positivos / núcleos DAPI,1643,E9_FR8-1;E8_FR6-3;E8_FR6-4,WATER_NPY1;WATER_NPY2;E7_FR7-5,WATER_NPY3;E7_FR7-1;E8_FR6-1,0.760058747513,0.202140125607,False,False,biological animal
cfos_occurrence,Ocurrencia espacial de núcleos c-FOS positivos / núcleos DAPI,1644,E9_FR8-1;E8_FR6-3;E8_FR6-4,WATER_NPY1;WATER_NPY2;E8_FR6-1,WATER_NPY3;E7_FR7-1;E7_FR7-5,3.1176561278,0.509616111575,False,False,biological animal
cfos_occurrence,Ocurrencia espacial de núcleos c-FOS positivos / núcleos DAPI,1645,E9_FR8-1;E8_FR6-3;E8_FR6-4,WATER_NPY1;WATER_NPY3;E7_FR7-1,WATER_NPY2;E7_FR7-5;E8_FR6-1,0.221098094943,0.0686405965998,False,False,biological animal
cfos_occurrence,Ocurrencia espacial de núcleos c-FOS positivos / núcleos DAPI,1646,E9_FR8-1;E8_FR6-3;E8_FR6-4,WATER_NPY1;WATER_NPY3;E7_FR7-5,WATER_NPY2;E7_FR7-1;E8_FR6-1,0.144293146453,0.0458904878559,False,False,biological animal
cfos_occurrence,Ocurrencia espacial de núcleos c-FOS positivos / núcleos DAPI,1647,E9_FR8-1;E8_FR6-3;E8_FR6-4,WATER_NPY1;WATER_NPY3;E8_FR6-1,WATER_NPY2;E7_FR7-1;E7_FR7-5,0.279812797598,0.0853136489383,False,False,biological animal
cfos_occurrence,Ocurrencia espacial de núcleos c-FOS positivos / núcleos DAPI,1648,E9_FR8-1;E8_FR6-3;E8_FR6-4,WATER_NPY1;E7_FR7-1;E7_FR7-5,WATER_NPY2;WATER_NPY3;E8_FR6-1,0.131893318319,0.0421129664755,False,False,biological animal
cfos_occurrence,Ocurrencia espacial de núcleos c-FOS positivos / núcleos DAPI,1649,E9_FR8-1;E8_FR6-3;E8_FR6-4,WATER_NPY1;E7_FR7-1;E8_FR6-1,WATER_NPY2;WATER_NPY3;E7_FR7-5,0.443525632717,0.128799863867,False,False,biological animal
cfos_occurrence,Ocurrencia espacial de núcleos c-FOS positivos / núcleos DAPI,1650,E9_FR8-1;E8_FR6-3;E8_FR6-4,WATER_NPY1;E7_FR7-5;E8_FR6-1,WATER_NPY2;WATER_NPY3;E7_FR7-1,0.616850361487,0.170549041247,False,False,biological animal
cfos_occurrence,Ocurrencia espacial de núcleos c-FOS positivos / núcleos DAPI,1651,E9_FR8-1;E8_FR6-3;E8_FR6-4,WATER_NPY2;WATER_NPY3;E7_FR7-1,WATER_NPY1;E7_FR7-5;E8_FR6-1,0.616850361487,0.170549041247,False,False,biological animal
cfos_occurrence,Ocurrencia espacial de núcleos c-FOS positivos / núcleos DAPI,1652,E9_FR8-1;E8_FR6-3;E8_FR6-4,WATER_NPY2;WATER_NPY3;E7_FR7-5,WATER_NPY1;E7_FR7-1;E8_FR6-1,0.443525632717,0.128799863867,False,False,biological animal
cfos_occurrence,Ocurrencia espacial de núcleos c-FOS positivos / núcleos DAPI,1653,E9_FR8-1;E8_FR6-3;E8_FR6-4,WATER_NPY2;WATER_NPY3;E8_FR6-1,WATER_NPY1;E7_FR7-1;E7_FR7-5,0.131893318319,0.0421129664755,False,False,biological animal
cfos_occurrence,Ocurrencia espacial de núcleos c-FOS positivos / núcleos DAPI,1654,E9_FR8-1;E8_FR6-3;E8_FR6-4,WATER_NPY2;E7_FR7-1;E7_FR7-5,WATER_NPY1;WATER_NPY3;E8_FR6-1,0.279812797598,0.0853136489383,False,False,biological animal
cfos_occurrence,Ocurrencia espacial de núcleos c-FOS positivos / núcleos DAPI,1655,E9_FR8-1;E8_FR6-3;E8_FR6-4,WATER_NPY2;E7_FR7-1;E8_FR6-1,WATER_NPY1;WATER_NPY3;E7_FR7-5,0.144293146453,0.0458904878559,False,False,biological animal
cfos_occurrence,Ocurrencia espacial de núcleos c-FOS positivos / núcleos DAPI,1656,E9_FR8-1;E8_FR6-3;E8_FR6-4,WATER_NPY2;E7_FR7-5;E8_FR6-1,WATER_NPY1;WATER_NPY3;E7_FR7-1,0.221098094943,0.0686405965998,False,False,biological animal
cfos_occurrence,Ocurrencia espacial de núcleos c-FOS positivos / núcleos DAPI,1657,E9_FR8-1;E8_FR6-3;E8_FR6-4,WATER_NPY3;E7_FR7-1;E7_FR7-5,WATER_NPY1;WATER_NPY2;E8_FR6-1,3.1176561278,0.509616111575,False,False,biological animal
cfos_occurrence,Ocurrencia espacial de núcleos c-FOS positivos / núcleos DAPI,1658,E9_FR8-1;E8_FR6-3;E8_FR6-4,WATER_NPY3;E7_FR7-1;E8_FR6-1,WATER_NPY1;WATER_NPY2;E7_FR7-5,0.760058747513,0.202140125607,False,False,biological animal
cfos_occurrence,Ocurrencia espacial de núcleos c-FOS positivos / núcleos DAPI,1659,E9_FR8-1;E8_FR6-3;E8_FR6-4,WATER_NPY3;E7_FR7-5;E8_FR6-1,WATER_NPY1;WATER_NPY2;E7_FR7-1,0.398894248968,0.117360005857,False,False,biological animal
cfos_occurrence,Ocurrencia espacial de núcleos c-FOS positivos / núcleos DAPI,1660,E9_FR8-1;E8_FR6-3;E8_FR6-4,E7_FR7-1;E7_FR7-5;E8_FR6-1,WATER_NPY1;WATER_NPY2;WATER_NPY3,0.446512355209,0.129554839557,False,False,biological animal
cfos_occurrence,Ocurrencia espacial de núcleos c-FOS positivos / núcleos DAPI,1661,E8_FR6-1;E8_FR6-3;E8_FR6-4,WATER_NPY1;WATER_NPY2;WATER_NPY3,E7_FR7-1;E7_FR7-5;E9_FR8-1,3.29322477547,0.523296861779,False,True,biological animal
cfos_occurrence,Ocurrencia espacial de núcleos c-FOS positivos / núcleos DAPI,1662,E8_FR6-1;E8_FR6-3;E8_FR6-4,WATER_NPY1;WATER_NPY2;E7_FR7-1,WATER_NPY3;E7_FR7-5;E9_FR8-1,3.33845225962,0.526698336262,False,True,biological animal
cfos_occurrence,Ocurrencia espacial de núcleos c-FOS positivos / núcleos DAPI,1663,E8_FR6-1;E8_FR6-3;E8_FR6-4,WATER_NPY1;WATER_NPY2;E7_FR7-5,WATER_NPY3;E7_FR7-1;E9_FR8-1,5.7589126458,0.657491731986,False,True,biological animal
cfos_occurrence,Ocurrencia espacial de núcleos c-FOS positivos / núcleos DAPI,1664,E8_FR6-1;E8_FR6-3;E8_FR6-4,WATER_NPY1;WATER_NPY2;E9_FR8-1,WATER_NPY3;E7_FR7-1;E7_FR7-5,3.24158347526,0.51935273927,False,False,biological animal
cfos_occurrence,Ocurrencia espacial de núcleos c-FOS positivos / núcleos DAPI,1665,E8_FR6-1;E8_FR6-3;E8_FR6-4,WATER_NPY1;WATER_NPY3;E7_FR7-1,WATER_NPY2;E7_FR7-5;E9_FR8-1,1.22234119805,0.289493705202,False,False,biological animal
cfos_occurrence,Ocurrencia espacial de núcleos c-FOS positivos / núcleos DAPI,1666,E8_FR6-1;E8_FR6-3;E8_FR6-4,WATER_NPY1;WATER_NPY3;E7_FR7-5,WATER_NPY2;E7_FR7-1;E9_FR8-1,1.36526736996,0.312756872432,False,False,biological animal
cfos_occurrence,Ocurrencia espacial de núcleos c-FOS positivos / núcleos DAPI,1667,E8_FR6-1;E8_FR6-3;E8_FR6-4,WATER_NPY1;WATER_NPY3;E9_FR8-1,WATER_NPY2;E7_FR7-1;E7_FR7-5,1.18722769021,0.283535498436,False,False,biological animal
cfos_occurrence,Ocurrencia espacial de núcleos c-FOS positivos / núcleos DAPI,1668,E8_FR6-1;E8_FR6-3;E8_FR6-4,WATER_NPY1;E7_FR7-1;E7_FR7-5,WATER_NPY2;WATER_NPY3;E9_FR8-1,1.44165218653,0.324575659234,False,False,biological animal
cfos_occurrence,Ocurrencia espacial de núcleos c-FOS positivos / núcleos DAPI,1669,E8_FR6-1;E8_FR6-3;E8_FR6-4,WATER_NPY1;E7_FR7-1;E9_FR8-1,WATER_NPY2;WATER_NPY3;E7_FR7-5,1.35682643911,0.311425405182,False,False,biological animal
cfos_occurrence,Ocurrencia espacial de núcleos c-FOS positivos / núcleos DAPI,1670,E8_FR6-1;E8_FR6-3;E8_FR6-4,WATER_NPY1;E7_FR7-5;E9_FR8-1,WATER_NPY2;WATER_NPY3;E7_FR7-1,1.33001220707,0.307161306589,False,False,biological animal
cfos_occurrence,Ocurrencia espacial de núcleos c-FOS positivos / núcleos DAPI,1671,E8_FR6-1;E8_FR6-3;E8_FR6-4,WATER_NPY2;WATER_NPY3;E7_FR7-1,WATER_NPY1;E7_FR7-5;E9_FR8-1,1.33001220707,0.307161306589,False,False,biological animal
cfos_occurrence,Ocurrencia espacial de núcleos c-FOS positivos / núcleos DAPI,1672,E8_FR6-1;E8_FR6-3;E8_FR6-4,WATER_NPY2;WATER_NPY3;E7_FR7-5,WATER_NPY1;E7_FR7-1;E9_FR8-1,1.35682643911,0.311425405182,False,False,biological animal
cfos_occurrence,Ocurrencia espacial de núcleos c-FOS positivos / núcleos DAPI,1673,E8_FR6-1;E8_FR6-3;E8_FR6-4,WATER_NPY2;WATER_NPY3;E9_FR8-1,WATER_NPY1;E7_FR7-1;E7_FR7-5,1.44165218653,0.324575659234,False,False,biological animal
cfos_occurrence,Ocurrencia espacial de núcleos c-FOS positivos / núcleos DAPI,1674,E8_FR6-1;E8_FR6-3;E8_FR6-4,WATER_NPY2;E7_FR7-1;E7_FR7-5,WATER_NPY1;WATER_NPY3;E9_FR8-1,1.18722769021,0.283535498436,False,False,biological animal
cfos_occurrence,Ocurrencia espacial de núcleos c-FOS positivos / núcleos DAPI,1675,E8_FR6-1;E8_FR6-3;E8_FR6-4,WATER_NPY2;E7_FR7-1;E9_FR8-1,WATER_NPY1;WATER_NPY3;E7_FR7-5,1.36526736996,0.312756872432,False,False,biological animal
cfos_occurrence,Ocurrencia espacial de núcleos c-FOS positivos / núcleos DAPI,1676,E8_FR6-1;E8_FR6-3;E8_FR6-4,WATER_NPY2;E7_FR7-5;E9_FR8-1,WATER_NPY1;WATER_NPY3;E7_FR7-1,1.22234119805,0.289493705202,False,False,biological animal
cfos_occurrence,Ocurrencia espacial de núcleos c-FOS positivos / núcleos DAPI,1677,E8_FR6-1;E8_FR6-3;E8_FR6-4,WATER_NPY3;E7_FR7-1;E7_FR7-5,WATER_NPY1;WATER_NPY2;E9_FR8-1,3.24158347526,0.51935273927,False,False,biological animal
cfos_occurrence,Ocurrencia espacial de núcleos c-FOS positivos / núcleos DAPI,1678,E8_FR6-1;E8_FR6-3;E8_FR6-4,WATER_NPY3;E7_FR7-1;E9_FR8-1,WATER_NPY1;WATER_NPY2;E7_FR7-5,5.7589126458,0.657491731986,False,True,biological animal
cfos_occurrence,Ocurrencia espacial de núcleos c-FOS positivos / núcleos DAPI,1679,E8_FR6-1;E8_FR6-3;E8_FR6-4,WATER_NPY3;E7_FR7-5;E9_FR8-1,WATER_NPY1;WATER_NPY2;E7_FR7-1,3.33845225962,0.526698336262,False,True,biological animal
cfos_occurrence,Ocurrencia espacial de núcleos c-FOS positivos / núcleos DAPI,1680,E8_FR6-1;E8_FR6-3;E8_FR6-4,E7_FR7-1;E7_FR7-5;E9_FR8-1,WATER_NPY1;WATER_NPY2;WATER_NPY3,3.29322477547,0.523296861779,False,True,biological animal
double_occurrence,Ocurrencia espacial de núcleos dobles c-FOS y NPY positivos / núcleos DAPI,1,WATER_NPY1;WATER_NPY2;WATER_NPY3,E7_FR7-1;E7_FR7-5;E9_FR8-1,E8_FR6-1;E8_FR6-3;E8_FR6-4,12.5706139381,0.807329369804,True,True,biological animal
double_occurrence,Ocurrencia espacial de núcleos dobles c-FOS y NPY positivos / núcleos DAPI,2,WATER_NPY1;WATER_NPY2;WATER_NPY3,E7_FR7-1;E7_FR7-5;E8_FR6-1,E9_FR8-1;E8_FR6-3;E8_FR6-4,2.02692119448,0.403213242473,False,False,biological animal
double_occurrence,Ocurrencia espacial de núcleos dobles c-FOS y NPY positivos / núcleos DAPI,3,WATER_NPY1;WATER_NPY2;WATER_NPY3,E7_FR7-1;E7_FR7-5;E8_FR6-3,E9_FR8-1;E8_FR6-1;E8_FR6-4,2.18914480362,0.421870054983,False,False,biological animal
double_occurrence,Ocurrencia espacial de núcleos dobles c-FOS y NPY positivos / núcleos DAPI,4,WATER_NPY1;WATER_NPY2;WATER_NPY3,E7_FR7-1;E7_FR7-5;E8_FR6-4,E9_FR8-1;E8_FR6-1;E8_FR6-3,1.90128369516,0.387915455096,False,False,biological animal
double_occurrence,Ocurrencia espacial de núcleos dobles c-FOS y NPY positivos / núcleos DAPI,5,WATER_NPY1;WATER_NPY2;WATER_NPY3,E7_FR7-1;E9_FR8-1;E8_FR6-1,E7_FR7-5;E8_FR6-3;E8_FR6-4,2.32882444796,0.437024051121,False,False,biological animal
double_occurrence,Ocurrencia espacial de núcleos dobles c-FOS y NPY positivos / núcleos DAPI,6,WATER_NPY1;WATER_NPY2;WATER_NPY3,E7_FR7-1;E9_FR8-1;E8_FR6-3,E7_FR7-5;E8_FR6-1;E8_FR6-4,2.58009540334,0.462374783376,False,False,biological animal
double_occurrence,Ocurrencia espacial de núcleos dobles c-FOS y NPY positivos / núcleos DAPI,7,WATER_NPY1;WATER_NPY2;WATER_NPY3,E7_FR7-1;E9_FR8-1;E8_FR6-4,E7_FR7-5;E8_FR6-1;E8_FR6-3,2.18870718811,0.42182129551,False,False,biological animal
double_occurrence,Ocurrencia espacial de núcleos dobles c-FOS y NPY positivos / núcleos DAPI,8,WATER_NPY1;WATER_NPY2;WATER_NPY3,E7_FR7-1;E8_FR6-1;E8_FR6-3,E7_FR7-5;E9_FR8-1;E8_FR6-4,2.01624465856,0.401943046203,False,False,biological animal
double_occurrence,Ocurrencia espacial de núcleos dobles c-FOS y NPY positivos / núcleos DAPI,9,WATER_NPY1;WATER_NPY2;WATER_NPY3,E7_FR7-1;E8_FR6-1;E8_FR6-4,E7_FR7-5;E9_FR8-1;E8_FR6-3,2.38729340396,0.443134098136,False,False,biological animal
double_occurrence,Ocurrencia espacial de núcleos dobles c-FOS y NPY positivos / núcleos DAPI,10,WATER_NPY1;WATER_NPY2;WATER_NPY3,E7_FR7-1;E8_FR6-3;E8_FR6-4,E7_FR7-5;E9_FR8-1;E8_FR6-1,2.174298061,0.420211212297,False,False,biological animal
double_occurrence,Ocurrencia espacial de núcleos dobles c-FOS y NPY positivos / núcleos DAPI,11,WATER_NPY1;WATER_NPY2;WATER_NPY3,E7_FR7-5;E9_FR8-1;E8_FR6-1,E7_FR7-1;E8_FR6-3;E8_FR6-4,2.174298061,0.420211212297,False,False,biological animal
double_occurrence,Ocurrencia espacial de núcleos dobles c-FOS y NPY positivos / núcleos DAPI,12,WATER_NPY1;WATER_NPY2;WATER_NPY3,E7_FR7-5;E9_FR8-1;E8_FR6-3,E7_FR7-1;E8_FR6-1;E8_FR6-4,2.38729340396,0.443134098136,False,False,biological animal
double_occurrence,Ocurrencia espacial de núcleos dobles c-FOS y NPY positivos / núcleos DAPI,13,WATER_NPY1;WATER_NPY2;WATER_NPY3,E7_FR7-5;E9_FR8-1;E8_FR6-4,E7_FR7-1;E8_FR6-1;E8_FR6-3,2.01624465856,0.401943046203,False,False,biological animal
double_occurrence,Ocurrencia espacial de núcleos dobles c-FOS y NPY positivos / núcleos DAPI,14,WATER_NPY1;WATER_NPY2;WATER_NPY3,E7_FR7-5;E8_FR6-1;E8_FR6-3,E7_FR7-1;E9_FR8-1;E8_FR6-4,2.18870718811,0.42182129551,False,False,biological animal
double_occurrence,Ocurrencia espacial de núcleos dobles c-FOS y NPY positivos / núcleos DAPI,15,WATER_NPY1;WATER_NPY2;WATER_NPY3,E7_FR7-5;E8_FR6-1;E8_FR6-4,E7_FR7-1;E9_FR8-1;E8_FR6-3,2.58009540334,0.462374783376,False,False,biological animal
double_occurrence,Ocurrencia espacial de núcleos dobles c-FOS y NPY positivos / núcleos DAPI,16,WATER_NPY1;WATER_NPY2;WATER_NPY3,E7_FR7-5;E8_FR6-3;E8_FR6-4,E7_FR7-1;E9_FR8-1;E8_FR6-1,2.32882444796,0.437024051121,False,False,biological animal
double_occurrence,Ocurrencia espacial de núcleos dobles c-FOS y NPY positivos / núcleos DAPI,17,WATER_NPY1;WATER_NPY2;WATER_NPY3,E9_FR8-1;E8_FR6-1;E8_FR6-3,E7_FR7-1;E7_FR7-5;E8_FR6-4,1.90128369516,0.387915455096,False,False,biological animal
double_occurrence,Ocurrencia espacial de núcleos dobles c-FOS y NPY positivos / núcleos DAPI,18,WATER_NPY1;WATER_NPY2;WATER_NPY3,E9_FR8-1;E8_FR6-1;E8_FR6-4,E7_FR7-1;E7_FR7-5;E8_FR6-3,2.18914480362,0.421870054983,False,False,biological animal
double_occurrence,Ocurrencia espacial de núcleos dobles c-FOS y NPY positivos / núcleos DAPI,19,WATER_NPY1;WATER_NPY2;WATER_NPY3,E9_FR8-1;E8_FR6-3;E8_FR6-4,E7_FR7-1;E7_FR7-5;E8_FR6-1,2.02692119448,0.403213242473,False,False,biological animal
double_occurrence,Ocurrencia espacial de núcleos dobles c-FOS y NPY positivos / núcleos DAPI,20,WATER_NPY1;WATER_NPY2;WATER_NPY3,E8_FR6-1;E8_FR6-3;E8_FR6-4,E7_FR7-1;E7_FR7-5;E9_FR8-1,12.5706139381,0.807329369804,False,True,biological animal
double_occurrence,Ocurrencia espacial de núcleos dobles c-FOS y NPY positivos / núcleos DAPI,21,WATER_NPY1;WATER_NPY2;E7_FR7-1,WATER_NPY3;E7_FR7-5;E9_FR8-1,E8_FR6-1;E8_FR6-3;E8_FR6-4,11.1625499103,0.788173738556,False,False,biological animal
double_occurrence,Ocurrencia espacial de núcleos dobles c-FOS y NPY positivos / núcleos DAPI,22,WATER_NPY1;WATER_NPY2;E7_FR7-1,WATER_NPY3;E7_FR7-5;E8_FR6-1,E9_FR8-1;E8_FR6-3;E8_FR6-4,1.14851096385,0.276848964329,False,False,biological animal
double_occurrence,Ocurrencia espacial de núcleos dobles c-FOS y NPY positivos / núcleos DAPI,23,WATER_NPY1;WATER_NPY2;E7_FR7-1,WATER_NPY3;E7_FR7-5;E8_FR6-3,E9_FR8-1;E8_FR6-1;E8_FR6-4,1.33638520798,0.30817954215,False,False,biological animal
double_occurrence,Ocurrencia espacial de núcleos dobles c-FOS y NPY positivos / núcleos DAPI,24,WATER_NPY1;WATER_NPY2;E7_FR7-1,WATER_NPY3;E7_FR7-5;E8_FR6-4,E9_FR8-1;E8_FR6-1;E8_FR6-3,1.02980389806,0.255546901067,False,False,biological animal
double_occurrence,Ocurrencia espacial de núcleos dobles c-FOS y NPY positivos / núcleos DAPI,25,WATER_NPY1;WATER_NPY2;E7_FR7-1,WATER_NPY3;E9_FR8-1;E8_FR6-1,E7_FR7-5;E8_FR6-3;E8_FR6-4,1.51428048165,0.335442267667,False,False,biological animal
double_occurrence,Ocurrencia espacial de núcleos dobles c-FOS y NPY positivos / núcleos DAPI,26,WATER_NPY1;WATER_NPY2;E7_FR7-1,WATER_NPY3;E9_FR8-1;E8_FR6-3,E7_FR7-5;E8_FR6-1;E8_FR6-4,1.78825357303,0.373466765232,False,False,biological animal
double_occurrence,Ocurrencia espacial de núcleos dobles c-FOS y NPY positivos / núcleos DAPI,27,WATER_NPY1;WATER_NPY2;E7_FR7-1,WATER_NPY3;E9_FR8-1;E8_FR6-4,E7_FR7-5;E8_FR6-1;E8_FR6-3,1.37467796281,0.31423523617,False,False,biological animal
double_occurrence,Ocurrencia espacial de núcleos dobles c-FOS y NPY positivos / núcleos DAPI,28,WATER_NPY1;WATER_NPY2;E7_FR7-1,WATER_NPY3;E8_FR6-1;E8_FR6-3,E7_FR7-5;E9_FR8-1;E8_FR6-4,0.777511527508,0.205826381163,False,False,biological animal
double_occurrence,Ocurrencia espacial de núcleos dobles c-FOS y NPY positivos / núcleos DAPI,29,WATER_NPY1;WATER_NPY2;E7_FR7-1,WATER_NPY3;E8_FR6-1;E8_FR6-4,E7_FR7-5;E9_FR8-1;E8_FR6-3,0.887719508438,0.228339391901,False,False,biological animal
double_occurrence,Ocurrencia espacial de núcleos dobles c-FOS y NPY positivos / núcleos DAPI,30,WATER_NPY1;WATER_NPY2;E7_FR7-1,WATER_NPY3;E8_FR6-3;E8_FR6-4,E7_FR7-5;E9_FR8-1;E8_FR6-1,0.836760037839,0.218090271371,False,False,biological animal
double_occurrence,Ocurrencia espacial de núcleos dobles c-FOS y NPY positivos / núcleos DAPI,31,WATER_NPY1;WATER_NPY2;E7_FR7-1,E7_FR7-5;E9_FR8-1;E8_FR6-1,WATER_NPY3;E8_FR6-3;E8_FR6-4,0.836760037839,0.218090271371,False,False,biological animal
double_occurrence,Ocurrencia espacial de núcleos dobles c-FOS y NPY positivos / núcleos DAPI,32,WATER_NPY1;WATER_NPY2;E7_FR7-1,E7_FR7-5;E9_FR8-1;E8_FR6-3,WATER_NPY3;E8_FR6-1;E8_FR6-4,0.887719508438,0.228339391901,False,False,biological animal
double_occurrence,Ocurrencia espacial de núcleos dobles c-FOS y NPY positivos / núcleos DAPI,33,WATER_NPY1;WATER_NPY2;E7_FR7-1,E7_FR7-5;E9_FR8-1;E8_FR6-4,WATER_NPY3;E8_FR6-1;E8_FR6-3,0.777511527508,0.205826381163,False,False,biological animal
double_occurrence,Ocurrencia espacial de núcleos dobles c-FOS y NPY positivos / núcleos DAPI,34,WATER_NPY1;WATER_NPY2;E7_FR7-1,E7_FR7-5;E8_FR6-1;E8_FR6-3,WATER_NPY3;E9_FR8-1;E8_FR6-4,1.37467796281,0.31423523617,False,False,biological animal
double_occurrence,Ocurrencia espacial de núcleos dobles c-FOS y NPY positivos / núcleos DAPI,35,WATER_NPY1;WATER_NPY2;E7_FR7-1,E7_FR7-5;E8_FR6-1;E8_FR6-4,WATER_NPY3;E9_FR8-1;E8_FR6-3,1.78825357303,0.373466765232,False,False,biological animal
double_occurrence,Ocurrencia espacial de núcleos dobles c-FOS y NPY positivos / núcleos DAPI,36,WATER_NPY1;WATER_NPY2;E7_FR7-1,E7_FR7-5;E8_FR6-3;E8_FR6-4,WATER_NPY3;E9_FR8-1;E8_FR6-1,1.51428048165,0.335442267667,False,False,biological animal
double_occurrence,Ocurrencia espacial de núcleos dobles c-FOS y NPY positivos / núcleos DAPI,37,WATER_NPY1;WATER_NPY2;E7_FR7-1,E9_FR8-1;E8_FR6-1;E8_FR6-3,WATER_NPY3;E7_FR7-5;E8_FR6-4,1.02980389806,0.255546901067,False,False,biological animal
double_occurrence,Ocurrencia espacial de núcleos dobles c-FOS y NPY positivos / núcleos DAPI,38,WATER_NPY1;WATER_NPY2;E7_FR7-1,E9_FR8-1;E8_FR6-1;E8_FR6-4,WATER_NPY3;E7_FR7-5;E8_FR6-3,1.33638520798,0.30817954215,False,False,biological animal
double_occurrence,Ocurrencia espacial de núcleos dobles c-FOS y NPY positivos / núcleos DAPI,39,WATER_NPY1;WATER_NPY2;E7_FR7-1,E9_FR8-1;E8_FR6-3;E8_FR6-4,WATER_NPY3;E7_FR7-5;E8_FR6-1,1.14851096385,0.276848964329,False,False,biological animal
double_occurrence,Ocurrencia espacial de núcleos dobles c-FOS y NPY positivos / núcleos DAPI,40,WATER_NPY1;WATER_NPY2;E7_FR7-1,E8_FR6-1;E8_FR6-3;E8_FR6-4,WATER_NPY3;E7_FR7-5;E9_FR8-1,11.1625499103,0.788173738556,False,False,biological animal
double_occurrence,Ocurrencia espacial de núcleos dobles c-FOS y NPY positivos / núcleos DAPI,41,WATER_NPY1;WATER_NPY2;E7_FR7-5,WATER_NPY3;E7_FR7-1;E9_FR8-1,E8_FR6-1;E8_FR6-3;E8_FR6-4,13.072845213,0.813349785913,False,True,biological animal
double_occurrence,Ocurrencia espacial de núcleos dobles c-FOS y NPY positivos / núcleos DAPI,42,WATER_NPY1;WATER_NPY2;E7_FR7-5,WATER_NPY3;E7_FR7-1;E8_FR6-1,E9_FR8-1;E8_FR6-3;E8_FR6-4,1.18098389093,0.282465544412,False,False,biological animal
double_occurrence,Ocurrencia espacial de núcleos dobles c-FOS y NPY positivos / núcleos DAPI,43,WATER_NPY1;WATER_NPY2;E7_FR7-5,WATER_NPY3;E7_FR7-1;E8_FR6-3,E9_FR8-1;E8_FR6-1;E8_FR6-4,1.37962627048,0.315010045441,False,False,biological animal
double_occurrence,Ocurrencia espacial de núcleos dobles c-FOS y NPY positivos / núcleos DAPI,44,WATER_NPY1;WATER_NPY2;E7_FR7-5,WATER_NPY3;E7_FR7-1;E8_FR6-4,E9_FR8-1;E8_FR6-1;E8_FR6-3,1.06887899483,0.262696186391,False,False,biological animal
double_occurrence,Ocurrencia espacial de núcleos dobles c-FOS y NPY positivos / núcleos DAPI,45,WATER_NPY1;WATER_NPY2;E7_FR7-5,WATER_NPY3;E9_FR8-1;E8_FR6-1,E7_FR7-1;E8_FR6-3;E8_FR6-4,1.43856819739,0.324106363452,False,False,biological animal
double_occurrence,Ocurrencia espacial de núcleos dobles c-FOS y NPY positivos / núcleos DAPI,46,WATER_NPY1;WATER_NPY2;E7_FR7-5,WATER_NPY3;E9_FR8-1;E8_FR6-3,E7_FR7-1;E8_FR6-1;E8_FR6-4,1.6942254888,0.360916937809,False,False,biological animal
double_occurrence,Ocurrencia espacial de núcleos dobles c-FOS y NPY positivos / núcleos DAPI,47,WATER_NPY1;WATER_NPY2;E7_FR7-5,WATER_NPY3;E9_FR8-1;E8_FR6-4,E7_FR7-1;E8_FR6-1;E8_FR6-3,1.29409775529,0.301366626713,False,False,biological animal
double_occurrence,Ocurrencia espacial de núcleos dobles c-FOS y NPY positivos / núcleos DAPI,48,WATER_NPY1;WATER_NPY2;E7_FR7-5,WATER_NPY3;E8_FR6-1;E8_FR6-3,E7_FR7-1;E9_FR8-1;E8_FR6-4,0.811150001886,0.212836021013,False,False,biological animal
double_occurrence,Ocurrencia espacial de núcleos dobles c-FOS y NPY positivos / núcleos DAPI,49,WATER_NPY1;WATER_NPY2;E7_FR7-5,WATER_NPY3;E8_FR6-1;E8_FR6-4,E7_FR7-1;E9_FR8-1;E8_FR6-3,0.9217237007,0.235030249718,False,False,biological animal
double_occurrence,Ocurrencia espacial de núcleos dobles c-FOS y NPY positivos / núcleos DAPI,50,WATER_NPY1;WATER_NPY2;E7_FR7-5,WATER_NPY3;E8_FR6-3;E8_FR6-4,E7_FR7-1;E9_FR8-1;E8_FR6-1,0.863824432851,0.22356720598,False,False,biological animal
double_occurrence,Ocurrencia espacial de núcleos dobles c-FOS y NPY positivos / núcleos DAPI,51,WATER_NPY1;WATER_NPY2;E7_FR7-5,E7_FR7-1;E9_FR8-1;E8_FR6-1,WATER_NPY3;E8_FR6-3;E8_FR6-4,0.863824432851,0.22356720598,False,False,biological animal
double_occurrence,Ocurrencia espacial de núcleos dobles c-FOS y NPY positivos / núcleos DAPI,52,WATER_NPY1;WATER_NPY2;E7_FR7-5,E7_FR7-1;E9_FR8-1;E8_FR6-3,WATER_NPY3;E8_FR6-1;E8_FR6-4,0.9217237007,0.235030249718,False,False,biological animal
double_occurrence,Ocurrencia espacial de núcleos dobles c-FOS y NPY positivos / núcleos DAPI,53,WATER_NPY1;WATER_NPY2;E7_FR7-5,E7_FR7-1;E9_FR8-1;E8_FR6-4,WATER_NPY3;E8_FR6-1;E8_FR6-3,0.811150001886,0.212836021013,False,False,biological animal
double_occurrence,Ocurrencia espacial de núcleos dobles c-FOS y NPY positivos / núcleos DAPI,54,WATER_NPY1;WATER_NPY2;E7_FR7-5,E7_FR7-1;E8_FR6-1;E8_FR6-3,WATER_NPY3;E9_FR8-1;E8_FR6-4,1.29409775529,0.301366626713,False,False,biological animal
double_occurrence,Ocurrencia espacial de núcleos dobles c-FOS y NPY positivos / núcleos DAPI,55,WATER_NPY1;WATER_NPY2;E7_FR7-5,E7_FR7-1;E8_FR6-1;E8_FR6-4,WATER_NPY3;E9_FR8-1;E8_FR6-3,1.6942254888,0.360916937809,False,False,biological animal
double_occurrence,Ocurrencia espacial de núcleos dobles c-FOS y NPY positivos / núcleos DAPI,56,WATER_NPY1;WATER_NPY2;E7_FR7-5,E7_FR7-1;E8_FR6-3;E8_FR6-4,WATER_NPY3;E9_FR8-1;E8_FR6-1,1.43856819739,0.324106363452,False,False,biological animal
double_occurrence,Ocurrencia espacial de núcleos dobles c-FOS y NPY positivos / núcleos DAPI,57,WATER_NPY1;WATER_NPY2;E7_FR7-5,E9_FR8-1;E8_FR6-1;E8_FR6-3,WATER_NPY3;E7_FR7-1;E8_FR6-4,1.06887899483,0.262696186391,False,False,biological animal
double_occurrence,Ocurrencia espacial de núcleos dobles c-FOS y NPY positivos / núcleos DAPI,58,WATER_NPY1;WATER_NPY2;E7_FR7-5,E9_FR8-1;E8_FR6-1;E8_FR6-4,WATER_NPY3;E7_FR7-1;E8_FR6-3,1.37962627048,0.315010045441,False,False,biological animal
double_occurrence,Ocurrencia espacial de núcleos dobles c-FOS y NPY positivos / núcleos DAPI,59,WATER_NPY1;WATER_NPY2;E7_FR7-5,E9_FR8-1;E8_FR6-3;E8_FR6-4,WATER_NPY3;E7_FR7-1;E8_FR6-1,1.18098389093,0.282465544412,False,False,biological animal
double_occurrence,Ocurrencia espacial de núcleos dobles c-FOS y NPY positivos / núcleos DAPI,60,WATER_NPY1;WATER_NPY2;E7_FR7-5,E8_FR6-1;E8_FR6-3;E8_FR6-4,WATER_NPY3;E7_FR7-1;E9_FR8-1,13.072845213,0.813349785913,False,True,biological animal
double_occurrence,Ocurrencia espacial de núcleos dobles c-FOS y NPY positivos / núcleos DAPI,61,WATER_NPY1;WATER_NPY2;E9_FR8-1,WATER_NPY3;E7_FR7-1;E7_FR7-5,E8_FR6-1;E8_FR6-3;E8_FR6-4,10.296531162,0.774377244452,False,False,biological animal
double_occurrence,Ocurrencia espacial de núcleos dobles c-FOS y NPY positivos / núcleos DAPI,62,WATER_NPY1;WATER_NPY2;E9_FR8-1,WATER_NPY3;E7_FR7-1;E8_FR6-1,E7_FR7-5;E8_FR6-3;E8_FR6-4,1.54058092456,0.339291590692,False,False,biological animal
double_occurrence,Ocurrencia espacial de núcleos dobles c-FOS y NPY positivos / núcleos DAPI,63,WATER_NPY1;WATER_NPY2;E9_FR8-1,WATER_NPY3;E7_FR7-1;E8_FR6-3,E7_FR7-5;E8_FR6-1;E8_FR6-4,1.8014062481,0.375183051593,False,False,biological animal
double_occurrence,Ocurrencia espacial de núcleos dobles c-FOS y NPY positivos / núcleos DAPI,64,WATER_NPY1;WATER_NPY2;E9_FR8-1,WATER_NPY3;E7_FR7-1;E8_FR6-4,E7_FR7-5;E8_FR6-1;E8_FR6-3,1.40897504722,0.319569748554,False,False,biological animal
double_occurrence,Ocurrencia espacial de núcleos dobles c-FOS y NPY positivos / núcleos DAPI,65,WATER_NPY1;WATER_NPY2;E9_FR8-1,WATER_NPY3;E7_FR7-5;E8_FR6-1,E7_FR7-1;E8_FR6-3;E8_FR6-4,1.42699295224,0.322339106394,False,False,biological animal
double_occurrence,Ocurrencia espacial de núcleos dobles c-FOS y NPY positivos / núcleos DAPI,66,WATER_NPY1;WATER_NPY2;E9_FR8-1,WATER_NPY3;E7_FR7-5;E8_FR6-3,E7_FR7-1;E8_FR6-1;E8_FR6-4,1.65695850826,0.355802720879,False,False,biological animal
double_occurrence,Ocurrencia espacial de núcleos dobles c-FOS y NPY positivos / núcleos DAPI,67,WATER_NPY1;WATER_NPY2;E9_FR8-1,WATER_NPY3;E7_FR7-5;E8_FR6-4,E7_FR7-1;E8_FR6-1;E8_FR6-3,1.28297228875,0.299551853773,False,False,biological animal
double_occurrence,Ocurrencia espacial de núcleos dobles c-FOS y NPY positivos / núcleos DAPI,68,WATER_NPY1;WATER_NPY2;E9_FR8-1,WATER_NPY3;E8_FR6-1;E8_FR6-3,E7_FR7-1;E7_FR7-5;E8_FR6-4,0.925693133911,0.235803742762,False,False,biological animal
double_occurrence,Ocurrencia espacial de núcleos dobles c-FOS y NPY positivos / núcleos DAPI,69,WATER_NPY1;WATER_NPY2;E9_FR8-1,WATER_NPY3;E8_FR6-1;E8_FR6-4,E7_FR7-1;E7_FR7-5;E8_FR6-3,1.02521678891,0.254698527477,False,False,biological animal
double_occurrence,Ocurrencia espacial de núcleos dobles c-FOS y NPY positivos / núcleos DAPI,70,WATER_NPY1;WATER_NPY2;E9_FR8-1,WATER_NPY3;E8_FR6-3;E8_FR6-4,E7_FR7-1;E7_FR7-5;E8_FR6-1,0.981855711435,0.246582443612,False,False,biological animal
double_occurrence,Ocurrencia espacial de núcleos dobles c-FOS y NPY positivos / núcleos DAPI,71,WATER_NPY1;WATER_NPY2;E9_FR8-1,E7_FR7-1;E7_FR7-5;E8_FR6-1,WATER_NPY3;E8_FR6-3;E8_FR6-4,0.981855711435,0.246582443612,False,False,biological animal
double_occurrence,Ocurrencia espacial de núcleos dobles c-FOS y NPY positivos / núcleos DAPI,72,WATER_NPY1;WATER_NPY2;E9_FR8-1,E7_FR7-1;E7_FR7-5;E8_FR6-3,WATER_NPY3;E8_FR6-1;E8_FR6-4,1.02521678891,0.254698527477,False,False,biological animal
double_occurrence,Ocurrencia espacial de núcleos dobles c-FOS y NPY positivos / núcleos DAPI,73,WATER_NPY1;WATER_NPY2;E9_FR8-1,E7_FR7-1;E7_FR7-5;E8_FR6-4,WATER_NPY3;E8_FR6-1;E8_FR6-3,0.925693133911,0.235803742762,False,False,biological animal
double_occurrence,Ocurrencia espacial de núcleos dobles c-FOS y NPY positivos / núcleos DAPI,74,WATER_NPY1;WATER_NPY2;E9_FR8-1,E7_FR7-1;E8_FR6-1;E8_FR6-3,WATER_NPY3;E7_FR7-5;E8_FR6-4,1.28297228875,0.299551853773,False,False,biological animal
double_occurrence,Ocurrencia espacial de núcleos dobles c-FOS y NPY positivos / núcleos DAPI,75,WATER_NPY1;WATER_NPY2;E9_FR8-1,E7_FR7-1;E8_FR6-1;E8_FR6-4,WATER_NPY3;E7_FR7-5;E8_FR6-3,1.65695850826,0.355802720879,False,False,biological animal
double_occurrence,Ocurrencia espacial de núcleos dobles c-FOS y NPY positivos / núcleos DAPI,76,WATER_NPY1;WATER_NPY2;E9_FR8-1,E7_FR7-1;E8_FR6-3;E8_FR6-4,WATER_NPY3;E7_FR7-5;E8_FR6-1,1.42699295224,0.322339106394,False,False,biological animal
double_occurrence,Ocurrencia espacial de núcleos dobles c-FOS y NPY positivos / núcleos DAPI,77,WATER_NPY1;WATER_NPY2;E9_FR8-1,E7_FR7-5;E8_FR6-1;E8_FR6-3,WATER_NPY3;E7_FR7-1;E8_FR6-4,1.40897504722,0.319569748554,False,False,biological animal
double_occurrence,Ocurrencia espacial de núcleos dobles c-FOS y NPY positivos / núcleos DAPI,78,WATER_NPY1;WATER_NPY2;E9_FR8-1,E7_FR7-5;E8_FR6-1;E8_FR6-4,WATER_NPY3;E7_FR7-1;E8_FR6-3,1.8014062481,0.375183051593,False,False,biological animal
double_occurrence,Ocurrencia espacial de núcleos dobles c-FOS y NPY positivos / núcleos DAPI,79,WATER_NPY1;WATER_NPY2;E9_FR8-1,E7_FR7-5;E8_FR6-3;E8_FR6-4,WATER_NPY3;E7_FR7-1;E8_FR6-1,1.54058092456,0.339291590692,False,False,biological animal
double_occurrence,Ocurrencia espacial de núcleos dobles c-FOS y NPY positivos / núcleos DAPI,80,WATER_NPY1;WATER_NPY2;E9_FR8-1,E8_FR6-1;E8_FR6-3;E8_FR6-4,WATER_NPY3;E7_FR7-1;E7_FR7-5,10.296531162,0.774377244452,False,False,biological animal
double_occurrence,Ocurrencia espacial de núcleos dobles c-FOS y NPY positivos / núcleos DAPI,81,WATER_NPY1;WATER_NPY2;E8_FR6-1,WATER_NPY3;E7_FR7-1;E7_FR7-5,E9_FR8-1;E8_FR6-3;E8_FR6-4,1.38295504176,0.315530282328,False,False,biological animal
double_occurrence,Ocurrencia espacial de núcleos dobles c-FOS y NPY positivos / núcleos DAPI,82,WATER_NPY1;WATER_NPY2;E8_FR6-1,WATER_NPY3;E7_FR7-1;E9_FR8-1,E7_FR7-5;E8_FR6-3;E8_FR6-4,2.09622410115,0.41132887007,False,False,biological animal
double_occurrence,Ocurrencia espacial de núcleos dobles c-FOS y NPY positivos / núcleos DAPI,83,WATER_NPY1;WATER_NPY2;E8_FR6-1,WATER_NPY3;E7_FR7-1;E8_FR6-3,E7_FR7-5;E9_FR8-1;E8_FR6-4,0.290116860744,0.0881782845483,False,False,biological animal
double_occurrence,Ocurrencia espacial de núcleos dobles c-FOS y NPY positivos / núcleos DAPI,84,WATER_NPY1;WATER_NPY2;E8_FR6-1,WATER_NPY3;E7_FR7-1;E8_FR6-4,E7_FR7-5;E9_FR8-1;E8_FR6-3,0.237773161681,0.0734372514094,False,False,biological animal
double_occurrence,Ocurrencia espacial de núcleos dobles c-FOS y NPY positivos / núcleos DAPI,85,WATER_NPY1;WATER_NPY2;E8_FR6-1,WATER_NPY3;E7_FR7-5;E9_FR8-1,E7_FR7-1;E8_FR6-3;E8_FR6-4,1.79859434582,0.374816918497,False,False,biological animal
double_occurrence,Ocurrencia espacial de núcleos dobles c-FOS y NPY positivos / núcleos DAPI,86,WATER_NPY1;WATER_NPY2;E8_FR6-1,WATER_NPY3;E7_FR7-5;E8_FR6-3,E7_FR7-1;E9_FR8-1;E8_FR6-4,0.29076336435,0.0883574211077,False,False,biological animal
double_occurrence,Ocurrencia espacial de núcleos dobles c-FOS y NPY positivos / núcleos DAPI,87,WATER_NPY1;WATER_NPY2;E8_FR6-1,WATER_NPY3;E7_FR7-5;E8_FR6-4,E7_FR7-1;E9_FR8-1;E8_FR6-3,0.23617202859,0.0729788239018,False,False,biological animal
double_occurrence,Ocurrencia espacial de núcleos dobles c-FOS y NPY positivos / núcleos DAPI,88,WATER_NPY1;WATER_NPY2;E8_FR6-1,WATER_NPY3;E9_FR8-1;E8_FR6-3,E7_FR7-1;E7_FR7-5;E8_FR6-4,0.395352693931,0.116439359787,False,False,biological animal
double_occurrence,Ocurrencia espacial de núcleos dobles c-FOS y NPY positivos / núcleos DAPI,89,WATER_NPY1;WATER_NPY2;E8_FR6-1,WATER_NPY3;E9_FR8-1;E8_FR6-4,E7_FR7-1;E7_FR7-5;E8_FR6-3,0.312947203278,0.0944618746017,False,False,biological animal
double_occurrence,Ocurrencia espacial de núcleos dobles c-FOS y NPY positivos / núcleos DAPI,90,WATER_NPY1;WATER_NPY2;E8_FR6-1,WATER_NPY3;E8_FR6-3;E8_FR6-4,E7_FR7-1;E7_FR7-5;E9_FR8-1,0.712189534422,0.19185160882,False,False,biological animal
double_occurrence,Ocurrencia espacial de núcleos dobles c-FOS y NPY positivos / núcleos DAPI,91,WATER_NPY1;WATER_NPY2;E8_FR6-1,E7_FR7-1;E7_FR7-5;E9_FR8-1,WATER_NPY3;E8_FR6-3;E8_FR6-4,0.712189534422,0.19185160882,False,False,biological animal
double_occurrence,Ocurrencia espacial de núcleos dobles c-FOS y NPY positivos / núcleos DAPI,92,WATER_NPY1;WATER_NPY2;E8_FR6-1,E7_FR7-1;E7_FR7-5;E8_FR6-3,WATER_NPY3;E9_FR8-1;E8_FR6-4,0.312947203278,0.0944618746017,False,False,biological animal
double_occurrence,Ocurrencia espacial de núcleos dobles c-FOS y NPY positivos / núcleos DAPI,93,WATER_NPY1;WATER_NPY2;E8_FR6-1,E7_FR7-1;E7_FR7-5;E8_FR6-4,WATER_NPY3;E9_FR8-1;E8_FR6-3,0.395352693931,0.116439359787,False,False,biological animal
double_occurrence,Ocurrencia espacial de núcleos dobles c-FOS y NPY positivos / núcleos DAPI,94,WATER_NPY1;WATER_NPY2;E8_FR6-1,E7_FR7-1;E9_FR8-1;E8_FR6-3,WATER_NPY3;E7_FR7-5;E8_FR6-4,0.23617202859,0.0729788239018,False,False,biological animal
double_occurrence,Ocurrencia espacial de núcleos dobles c-FOS y NPY positivos / núcleos DAPI,95,WATER_NPY1;WATER_NPY2;E8_FR6-1,E7_FR7-1;E9_FR8-1;E8_FR6-4,WATER_NPY3;E7_FR7-5;E8_FR6-3,0.29076336435,0.0883574211077,False,False,biological animal
double_occurrence,Ocurrencia espacial de núcleos dobles c-FOS y NPY positivos / núcleos DAPI,96,WATER_NPY1;WATER_NPY2;E8_FR6-1,E7_FR7-1;E8_FR6-3;E8_FR6-4,WATER_NPY3;E7_FR7-5;E9_FR8-1,1.79859434582,0.374816918497,False,False,biological animal
double_occurrence,Ocurrencia espacial de núcleos dobles c-FOS y NPY positivos / núcleos DAPI,97,WATER_NPY1;WATER_NPY2;E8_FR6-1,E7_FR7-5;E9_FR8-1;E8_FR6-3,WATER_NPY3;E7_FR7-1;E8_FR6-4,0.237773161681,0.0734372514094,False,False,biological animal
double_occurrence,Ocurrencia espacial de núcleos dobles c-FOS y NPY positivos / núcleos DAPI,98,WATER_NPY1;WATER_NPY2;E8_FR6-1,E7_FR7-5;E9_FR8-1;E8_FR6-4,WATER_NPY3;E7_FR7-1;E8_FR6-3,0.290116860744,0.0881782845483,False,False,biological animal
double_occurrence,Ocurrencia espacial de núcleos dobles c-FOS y NPY positivos / núcleos DAPI,99,WATER_NPY1;WATER_NPY2;E8_FR6-1,E7_FR7-5;E8_FR6-3;E8_FR6-4,WATER_NPY3;E7_FR7-1;E9_FR8-1,2.09622410115,0.41132887007,False,False,biological animal
double_occurrence,Ocurrencia espacial de núcleos dobles c-FOS y NPY positivos / núcleos DAPI,100,WATER_NPY1;WATER_NPY2;E8_FR6-1,E9_FR8-1;E8_FR6-3;E8_FR6-4,WATER_NPY3;E7_FR7-1;E7_FR7-5,1.38295504176,0.315530282328,False,False,biological animal
double_occurrence,Ocurrencia espacial de núcleos dobles c-FOS y NPY positivos / núcleos DAPI,101,WATER_NPY1;WATER_NPY2;E8_FR6-3,WATER_NPY3;E7_FR7-1;E7_FR7-5,E9_FR8-1;E8_FR6-1;E8_FR6-4,1.72203721543,0.364680991883,False,False,biological animal
double_occurrence,Ocurrencia espacial de núcleos dobles c-FOS y NPY positivos / núcleos DAPI,102,WATER_NPY1;WATER_NPY2;E8_FR6-3,WATER_NPY3;E7_FR7-1;E9_FR8-1,E7_FR7-5;E8_FR6-1;E8_FR6-4,2.59520420347,0.463826539497,False,False,biological animal
double_occurrence,Ocurrencia espacial de núcleos dobles c-FOS y NPY positivos / núcleos DAPI,103,WATER_NPY1;WATER_NPY2;E8_FR6-3,WATER_NPY3;E7_FR7-1;E8_FR6-1,E7_FR7-5;E9_FR8-1;E8_FR6-4,0.35114838471,0.104784493075,False,False,biological animal
double_occurrence,Ocurrencia espacial de núcleos dobles c-FOS y NPY positivos / núcleos DAPI,104,WATER_NPY1;WATER_NPY2;E8_FR6-3,WATER_NPY3;E7_FR7-1;E8_FR6-4,E7_FR7-5;E9_FR8-1;E8_FR6-1,0.340006338637,0.101798111789,False,False,biological animal
double_occurrence,Ocurrencia espacial de núcleos dobles c-FOS y NPY positivos / núcleos DAPI,105,WATER_NPY1;WATER_NPY2;E8_FR6-3,WATER_NPY3;E7_FR7-5;E9_FR8-1,E7_FR7-1;E8_FR6-1;E8_FR6-4,2.22739758623,0.426100664717,False,False,biological animal
double_occurrence,Ocurrencia espacial de núcleos dobles c-FOS y NPY positivos / núcleos DAPI,106,WATER_NPY1;WATER_NPY2;E8_FR6-3,WATER_NPY3;E7_FR7-5;E8_FR6-1,E7_FR7-1;E9_FR8-1;E8_FR6-4,0.356371290001,0.106177552842,False,False,biological animal
double_occurrence,Ocurrencia espacial de núcleos dobles c-FOS y NPY positivos / núcleos DAPI,107,WATER_NPY1;WATER_NPY2;E8_FR6-3,WATER_NPY3;E7_FR7-5;E8_FR6-4,E7_FR7-1;E9_FR8-1;E8_FR6-1,0.333799180183,0.100125761074,False,False,biological animal
double_occurrence,Ocurrencia espacial de núcleos dobles c-FOS y NPY positivos / núcleos DAPI,108,WATER_NPY1;WATER_NPY2;E8_FR6-3,WATER_NPY3;E9_FR8-1;E8_FR6-1,E7_FR7-1;E7_FR7-5;E8_FR6-4,0.451896511281,0.130912531649,False,False,biological animal
double_occurrence,Ocurrencia espacial de núcleos dobles c-FOS y NPY positivos / núcleos DAPI,109,WATER_NPY1;WATER_NPY2;E8_FR6-3,WATER_NPY3;E9_FR8-1;E8_FR6-4,E7_FR7-1;E7_FR7-5;E8_FR6-1,0.428398134392,0.124955771646,False,False,biological animal
double_occurrence,Ocurrencia espacial de núcleos dobles c-FOS y NPY positivos / núcleos DAPI,110,WATER_NPY1;WATER_NPY2;E8_FR6-3,WATER_NPY3;E8_FR6-1;E8_FR6-4,E7_FR7-1;E7_FR7-5;E9_FR8-1,0.898440883469,0.230461589729,False,False,biological animal
double_occurrence,Ocurrencia espacial de núcleos dobles c-FOS y NPY positivos / núcleos DAPI,111,WATER_NPY1;WATER_NPY2;E8_FR6-3,E7_FR7-1;E7_FR7-5;E9_FR8-1,WATER_NPY3;E8_FR6-1;E8_FR6-4,0.898440883469,0.230461589729,False,False,biological animal
double_occurrence,Ocurrencia espacial de núcleos dobles c-FOS y NPY positivos / núcleos DAPI,112,WATER_NPY1;WATER_NPY2;E8_FR6-3,E7_FR7-1;E7_FR7-5;E8_FR6-1,WATER_NPY3;E9_FR8-1;E8_FR6-4,0.428398134392,0.124955771646,False,False,biological animal
double_occurrence,Ocurrencia espacial de núcleos dobles c-FOS y NPY positivos / núcleos DAPI,113,WATER_NPY1;WATER_NPY2;E8_FR6-3,E7_FR7-1;E7_FR7-5;E8_FR6-4,WATER_NPY3;E9_FR8-1;E8_FR6-1,0.451896511281,0.130912531649,False,False,biological animal
double_occurrence,Ocurrencia espacial de núcleos dobles c-FOS y NPY positivos / núcleos DAPI,114,WATER_NPY1;WATER_NPY2;E8_FR6-3,E7_FR7-1;E9_FR8-1;E8_FR6-1,WATER_NPY3;E7_FR7-5;E8_FR6-4,0.333799180183,0.100125761074,False,False,biological animal
double_occurrence,Ocurrencia espacial de núcleos dobles c-FOS y NPY positivos / núcleos DAPI,115,WATER_NPY1;WATER_NPY2;E8_FR6-3,E7_FR7-1;E9_FR8-1;E8_FR6-4,WATER_NPY3;E7_FR7-5;E8_FR6-1,0.356371290001,0.106177552842,False,False,biological animal
double_occurrence,Ocurrencia espacial de núcleos dobles c-FOS y NPY positivos / núcleos DAPI,116,WATER_NPY1;WATER_NPY2;E8_FR6-3,E7_FR7-1;E8_FR6-1;E8_FR6-4,WATER_NPY3;E7_FR7-5;E9_FR8-1,2.22739758623,0.426100664717,False,False,biological animal
double_occurrence,Ocurrencia espacial de núcleos dobles c-FOS y NPY positivos / núcleos DAPI,117,WATER_NPY1;WATER_NPY2;E8_FR6-3,E7_FR7-5;E9_FR8-1;E8_FR6-1,WATER_NPY3;E7_FR7-1;E8_FR6-4,0.340006338637,0.101798111789,False,False,biological animal
double_occurrence,Ocurrencia espacial de núcleos dobles c-FOS y NPY positivos / núcleos DAPI,118,WATER_NPY1;WATER_NPY2;E8_FR6-3,E7_FR7-5;E9_FR8-1;E8_FR6-4,WATER_NPY3;E7_FR7-1;E8_FR6-1,0.35114838471,0.104784493075,False,False,biological animal
double_occurrence,Ocurrencia espacial de núcleos dobles c-FOS y NPY positivos / núcleos DAPI,119,WATER_NPY1;WATER_NPY2;E8_FR6-3,E7_FR7-5;E8_FR6-1;E8_FR6-4,WATER_NPY3;E7_FR7-1;E9_FR8-1,2.59520420347,0.463826539497,False,False,biological animal
double_occurrence,Ocurrencia espacial de núcleos dobles c-FOS y NPY positivos / núcleos DAPI,120,WATER_NPY1;WATER_NPY2;E8_FR6-3,E9_FR8-1;E8_FR6-1;E8_FR6-4,WATER_NPY3;E7_FR7-1;E7_FR7-5,1.72203721543,0.364680991883,False,False,biological animal
double_occurrence,Ocurrencia espacial de núcleos dobles c-FOS y NPY positivos / núcleos DAPI,121,WATER_NPY1;WATER_NPY2;E8_FR6-4,WATER_NPY3;E7_FR7-1;E7_FR7-5,E9_FR8-1;E8_FR6-1;E8_FR6-3,1.39053700922,0.316712285149,False,False,biological animal
double_occurrence,Ocurrencia espacial de núcleos dobles c-FOS y NPY positivos / núcleos DAPI,122,WATER_NPY1;WATER_NPY2;E8_FR6-4,WATER_NPY3;E7_FR7-1;E9_FR8-1,E7_FR7-5;E8_FR6-1;E8_FR6-3,2.10689052778,0.412558388773,False,False,biological animal
double_occurrence,Ocurrencia espacial de núcleos dobles c-FOS y NPY positivos / núcleos DAPI,123,WATER_NPY1;WATER_NPY2;E8_FR6-4,WATER_NPY3;E7_FR7-1;E8_FR6-1,E7_FR7-5;E9_FR8-1;E8_FR6-3,0.312679191741,0.0943886122508,False,False,biological animal
double_occurrence,Ocurrencia espacial de núcleos dobles c-FOS y NPY positivos / núcleos DAPI,124,WATER_NPY1;WATER_NPY2;E8_FR6-4,WATER_NPY3;E7_FR7-1;E8_FR6-3,E7_FR7-5;E9_FR8-1;E8_FR6-1,0.356242538121,0.106143264104,False,False,biological animal
double_occurrence,Ocurrencia espacial de núcleos dobles c-FOS y NPY positivos / núcleos DAPI,125,WATER_NPY1;WATER_NPY2;E8_FR6-4,WATER_NPY3;E7_FR7-5;E9_FR8-1,E7_FR7-1;E8_FR6-1;E8_FR6-3,1.79626836477,0.374513731959,False,False,biological animal
double_occurrence,Ocurrencia espacial de núcleos dobles c-FOS y NPY positivos / núcleos DAPI,126,WATER_NPY1;WATER_NPY2;E8_FR6-4,WATER_NPY3;E7_FR7-5;E8_FR6-1,E7_FR7-1;E9_FR8-1;E8_FR6-3,0.316613510693,0.0954628899846,False,False,biological animal
double_occurrence,Ocurrencia espacial de núcleos dobles c-FOS y NPY positivos / núcleos DAPI,127,WATER_NPY1;WATER_NPY2;E8_FR6-4,WATER_NPY3;E7_FR7-5;E8_FR6-3,E7_FR7-1;E9_FR8-1;E8_FR6-1,0.351167859283,0.104789695422,False,False,biological animal
double_occurrence,Ocurrencia espacial de núcleos dobles c-FOS y NPY positivos / núcleos DAPI,128,WATER_NPY1;WATER_NPY2;E8_FR6-4,WATER_NPY3;E9_FR8-1;E8_FR6-1,E7_FR7-1;E7_FR7-5;E8_FR6-3,0.397117709055,0.116898424802,False,False,biological animal
double_occurrence,Ocurrencia espacial de núcleos dobles c-FOS y NPY positivos / núcleos DAPI,129,WATER_NPY1;WATER_NPY2;E8_FR6-4,WATER_NPY3;E9_FR8-1;E8_FR6-3,E7_FR7-1;E7_FR7-5;E8_FR6-1,0.45988496914,0.132919149984,False,False,biological animal
double_occurrence,Ocurrencia espacial de núcleos dobles c-FOS y NPY positivos / núcleos DAPI,130,WATER_NPY1;WATER_NPY2;E8_FR6-4,WATER_NPY3;E8_FR6-1;E8_FR6-3,E7_FR7-1;E7_FR7-5;E9_FR8-1,0.738563259104,0.197552698167,False,False,biological animal
double_occurrence,Ocurrencia espacial de núcleos dobles c-FOS y NPY positivos / núcleos DAPI,131,WATER_NPY1;WATER_NPY2;E8_FR6-4,E7_FR7-1;E7_FR7-5;E9_FR8-1,WATER_NPY3;E8_FR6-1;E8_FR6-3,0.738563259104,0.197552698167,False,False,biological animal
double_occurrence,Ocurrencia espacial de núcleos dobles c-FOS y NPY positivos / núcleos DAPI,132,WATER_NPY1;WATER_NPY2;E8_FR6-4,E7_FR7-1;E7_FR7-5;E8_FR6-1,WATER_NPY3;E9_FR8-1;E8_FR6-3,0.45988496914,0.132919149984,False,False,biological animal
double_occurrence,Ocurrencia espacial de núcleos dobles c-FOS y NPY positivos / núcleos DAPI,133,WATER_NPY1;WATER_NPY2;E8_FR6-4,E7_FR7-1;E7_FR7-5;E8_FR6-3,WATER_NPY3;E9_FR8-1;E8_FR6-1,0.397117709055,0.116898424802,False,False,biological animal
double_occurrence,Ocurrencia espacial de núcleos dobles c-FOS y NPY positivos / núcleos DAPI,134,WATER_NPY1;WATER_NPY2;E8_FR6-4,E7_FR7-1;E9_FR8-1;E8_FR6-1,WATER_NPY3;E7_FR7-5;E8_FR6-3,0.351167859283,0.104789695422,False,False,biological animal
double_occurrence,Ocurrencia espacial de núcleos dobles c-FOS y NPY positivos / núcleos DAPI,135,WATER_NPY1;WATER_NPY2;E8_FR6-4,E7_FR7-1;E9_FR8-1;E8_FR6-3,WATER_NPY3;E7_FR7-5;E8_FR6-1,0.316613510693,0.0954628899846,False,False,biological animal
double_occurrence,Ocurrencia espacial de núcleos dobles c-FOS y NPY positivos / núcleos DAPI,136,WATER_NPY1;WATER_NPY2;E8_FR6-4,E7_FR7-1;E8_FR6-1;E8_FR6-3,WATER_NPY3;E7_FR7-5;E9_FR8-1,1.79626836477,0.374513731959,False,False,biological animal
double_occurrence,Ocurrencia espacial de núcleos dobles c-FOS y NPY positivos / núcleos DAPI,137,WATER_NPY1;WATER_NPY2;E8_FR6-4,E7_FR7-5;E9_FR8-1;E8_FR6-1,WATER_NPY3;E7_FR7-1;E8_FR6-3,0.356242538121,0.106143264104,False,False,biological animal
double_occurrence,Ocurrencia espacial de núcleos dobles c-FOS y NPY positivos / núcleos DAPI,138,WATER_NPY1;WATER_NPY2;E8_FR6-4,E7_FR7-5;E9_FR8-1;E8_FR6-3,WATER_NPY3;E7_FR7-1;E8_FR6-1,0.312679191741,0.0943886122508,False,False,biological animal
double_occurrence,Ocurrencia espacial de núcleos dobles c-FOS y NPY positivos / núcleos DAPI,139,WATER_NPY1;WATER_NPY2;E8_FR6-4,E7_FR7-5;E8_FR6-1;E8_FR6-3,WATER_NPY3;E7_FR7-1;E9_FR8-1,2.10689052778,0.412558388773,False,False,biological animal
double_occurrence,Ocurrencia espacial de núcleos dobles c-FOS y NPY positivos / núcleos DAPI,140,WATER_NPY1;WATER_NPY2;E8_FR6-4,E9_FR8-1;E8_FR6-1;E8_FR6-3,WATER_NPY3;E7_FR7-1;E7_FR7-5,1.39053700922,0.316712285149,False,False,biological animal
double_occurrence,Ocurrencia espacial de núcleos dobles c-FOS y NPY positivos / núcleos DAPI,141,WATER_NPY1;WATER_NPY3;E7_FR7-1,WATER_NPY2;E7_FR7-5;E9_FR8-1,E8_FR6-1;E8_FR6-3;E8_FR6-4,8.15277835871,0.731008731322,False,False,biological animal
double_occurrence,Ocurrencia espacial de núcleos dobles c-FOS y NPY positivos / núcleos DAPI,142,WATER_NPY1;WATER_NPY3;E7_FR7-1,WATER_NPY2;E7_FR7-5;E8_FR6-1,E9_FR8-1;E8_FR6-3;E8_FR6-4,0.97298366239,0.244899990805,False,False,biological animal
double_occurrence,Ocurrencia espacial de núcleos dobles c-FOS y NPY positivos / núcleos DAPI,143,WATER_NPY1;WATER_NPY3;E7_FR7-1,WATER_NPY2;E7_FR7-5;E8_FR6-3,E9_FR8-1;E8_FR6-1;E8_FR6-4,1.18763350087,0.283604928804,False,False,biological animal
double_occurrence,Ocurrencia espacial de núcleos dobles c-FOS y NPY positivos / núcleos DAPI,144,WATER_NPY1;WATER_NPY3;E7_FR7-1,WATER_NPY2;E7_FR7-5;E8_FR6-4,E9_FR8-1;E8_FR6-1;E8_FR6-3,0.940188764908,0.238615158056,False,False,biological animal
double_occurrence,Ocurrencia espacial de núcleos dobles c-FOS y NPY positivos / núcleos DAPI,145,WATER_NPY1;WATER_NPY3;E7_FR7-1,WATER_NPY2;E9_FR8-1;E8_FR6-1,E7_FR7-5;E8_FR6-3;E8_FR6-4,1.24657809282,0.293548844639,False,False,biological animal
double_occurrence,Ocurrencia espacial de núcleos dobles c-FOS y NPY positivos / núcleos DAPI,146,WATER_NPY1;WATER_NPY3;E7_FR7-1,WATER_NPY2;E9_FR8-1;E8_FR6-3,E7_FR7-5;E8_FR6-1;E8_FR6-4,1.5382188532,0.338947702383,False,False,biological animal
double_occurrence,Ocurrencia espacial de núcleos dobles c-FOS y NPY positivos / núcleos DAPI,147,WATER_NPY1;WATER_NPY3;E7_FR7-1,WATER_NPY2;E9_FR8-1;E8_FR6-4,E7_FR7-5;E8_FR6-1;E8_FR6-3,1.20969349753,0.287359043655,False,False,biological animal
double_occurrence,Ocurrencia espacial de núcleos dobles c-FOS y NPY positivos / núcleos DAPI,148,WATER_NPY1;WATER_NPY3;E7_FR7-1,WATER_NPY2;E8_FR6-1;E8_FR6-3,E7_FR7-5;E9_FR8-1;E8_FR6-4,0.733773728904,0.196523352024,False,False,biological animal
double_occurrence,Ocurrencia espacial de núcleos dobles c-FOS y NPY positivos / núcleos DAPI,149,WATER_NPY1;WATER_NPY3;E7_FR7-1,WATER_NPY2;E8_FR6-1;E8_FR6-4,E7_FR7-5;E9_FR8-1;E8_FR6-3,0.879373383459,0.226679233097,False,False,biological animal
double_occurrence,Ocurrencia espacial de núcleos dobles c-FOS y NPY positivos / núcleos DAPI,150,WATER_NPY1;WATER_NPY3;E7_FR7-1,WATER_NPY2;E8_FR6-3;E8_FR6-4,E7_FR7-5;E9_FR8-1;E8_FR6-1,0.8650055233,0.223804472745,False,False,biological animal
double_occurrence,Ocurrencia espacial de núcleos dobles c-FOS y NPY positivos / núcleos DAPI,151,WATER_NPY1;WATER_NPY3;E7_FR7-1,E7_FR7-5;E9_FR8-1;E8_FR6-1,WATER_NPY2;E8_FR6-3;E8_FR6-4,0.8650055233,0.223804472745,False,False,biological animal
double_occurrence,Ocurrencia espacial de núcleos dobles c-FOS y NPY positivos / núcleos DAPI,152,WATER_NPY1;WATER_NPY3;E7_FR7-1,E7_FR7-5;E9_FR8-1;E8_FR6-3,WATER_NPY2;E8_FR6-1;E8_FR6-4,0.879373383459,0.226679233097,False,False,biological animal
double_occurrence,Ocurrencia espacial de núcleos dobles c-FOS y NPY positivos / núcleos DAPI,153,WATER_NPY1;WATER_NPY3;E7_FR7-1,E7_FR7-5;E9_FR8-1;E8_FR6-4,WATER_NPY2;E8_FR6-1;E8_FR6-3,0.733773728904,0.196523352024,False,False,biological animal
double_occurrence,Ocurrencia espacial de núcleos dobles c-FOS y NPY positivos / núcleos DAPI,154,WATER_NPY1;WATER_NPY3;E7_FR7-1,E7_FR7-5;E8_FR6-1;E8_FR6-3,WATER_NPY2;E9_FR8-1;E8_FR6-4,1.20969349753,0.287359043655,False,False,biological animal
double_occurrence,Ocurrencia espacial de núcleos dobles c-FOS y NPY positivos / núcleos DAPI,155,WATER_NPY1;WATER_NPY3;E7_FR7-1,E7_FR7-5;E8_FR6-1;E8_FR6-4,WATER_NPY2;E9_FR8-1;E8_FR6-3,1.5382188532,0.338947702383,False,False,biological animal
double_occurrence,Ocurrencia espacial de núcleos dobles c-FOS y NPY positivos / núcleos DAPI,156,WATER_NPY1;WATER_NPY3;E7_FR7-1,E7_FR7-5;E8_FR6-3;E8_FR6-4,WATER_NPY2;E9_FR8-1;E8_FR6-1,1.24657809282,0.293548844639,False,False,biological animal
double_occurrence,Ocurrencia espacial de núcleos dobles c-FOS y NPY positivos / núcleos DAPI,157,WATER_NPY1;WATER_NPY3;E7_FR7-1,E9_FR8-1;E8_FR6-1;E8_FR6-3,WATER_NPY2;E7_FR7-5;E8_FR6-4,0.940188764908,0.238615158056,False,False,biological animal
double_occurrence,Ocurrencia espacial de núcleos dobles c-FOS y NPY positivos / núcleos DAPI,158,WATER_NPY1;WATER_NPY3;E7_FR7-1,E9_FR8-1;E8_FR6-1;E8_FR6-4,WATER_NPY2;E7_FR7-5;E8_FR6-3,1.18763350087,0.283604928804,False,False,biological animal
double_occurrence,Ocurrencia espacial de núcleos dobles c-FOS y NPY positivos / núcleos DAPI,159,WATER_NPY1;WATER_NPY3;E7_FR7-1,E9_FR8-1;E8_FR6-3;E8_FR6-4,WATER_NPY2;E7_FR7-5;E8_FR6-1,0.97298366239,0.244899990805,False,False,biological animal
double_occurrence,Ocurrencia espacial de núcleos dobles c-FOS y NPY positivos / núcleos DAPI,160,WATER_NPY1;WATER_NPY3;E7_FR7-1,E8_FR6-1;E8_FR6-3;E8_FR6-4,WATER_NPY2;E7_FR7-5;E9_FR8-1,8.15277835871,0.731008731322,False,False,biological animal
double_occurrence,Ocurrencia espacial de núcleos dobles c-FOS y NPY positivos / núcleos DAPI,161,WATER_NPY1;WATER_NPY3;E7_FR7-5,WATER_NPY2;E7_FR7-1;E9_FR8-1,E8_FR6-1;E8_FR6-3;E8_FR6-4,8.90902698545,0.748090250894,False,False,biological animal
double_occurrence,Ocurrencia espacial de núcleos dobles c-FOS y NPY positivos / núcleos DAPI,162,WATER_NPY1;WATER_NPY3;E7_FR7-5,WATER_NPY2;E7_FR7-1;E8_FR6-1,E9_FR8-1;E8_FR6-3;E8_FR6-4,0.959988503749,0.242422043104,False,False,biological animal
double_occurrence,Ocurrencia espacial de núcleos dobles c-FOS y NPY positivos / núcleos DAPI,163,WATER_NPY1;WATER_NPY3;E7_FR7-5,WATER_NPY2;E7_FR7-1;E8_FR6-3,E9_FR8-1;E8_FR6-1;E8_FR6-4,1.18025775472,0.282340904311,False,False,biological animal
double_occurrence,Ocurrencia espacial de núcleos dobles c-FOS y NPY positivos / núcleos DAPI,164,WATER_NPY1;WATER_NPY3;E7_FR7-5,WATER_NPY2;E7_FR7-1;E8_FR6-4,E9_FR8-1;E8_FR6-1;E8_FR6-3,0.935303172962,0.237669915596,False,False,biological animal
double_occurrence,Ocurrencia espacial de núcleos dobles c-FOS y NPY positivos / núcleos DAPI,165,WATER_NPY1;WATER_NPY3;E7_FR7-5,WATER_NPY2;E9_FR8-1;E8_FR6-1,E7_FR7-1;E8_FR6-3;E8_FR6-4,1.15607834439,0.278165676532,False,False,biological animal
double_occurrence,Ocurrencia espacial de núcleos dobles c-FOS y NPY positivos / núcleos DAPI,166,WATER_NPY1;WATER_NPY3;E7_FR7-5,WATER_NPY2;E9_FR8-1;E8_FR6-3,E7_FR7-1;E8_FR6-1;E8_FR6-4,1.42706811073,0.322350611067,False,False,biological animal
double_occurrence,Ocurrencia espacial de núcleos dobles c-FOS y NPY positivos / núcleos DAPI,167,WATER_NPY1;WATER_NPY3;E7_FR7-5,WATER_NPY2;E9_FR8-1;E8_FR6-4,E7_FR7-1;E8_FR6-1;E8_FR6-3,1.11208541665,0.270443170306,False,False,biological animal
double_occurrence,Ocurrencia espacial de núcleos dobles c-FOS y NPY positivos / núcleos DAPI,168,WATER_NPY1;WATER_NPY3;E7_FR7-5,WATER_NPY2;E8_FR6-1;E8_FR6-3,E7_FR7-1;E9_FR8-1;E8_FR6-4,0.747590898584,0.199485727982,False,False,biological animal
double_occurrence,Ocurrencia espacial de núcleos dobles c-FOS y NPY positivos / núcleos DAPI,169,WATER_NPY1;WATER_NPY3;E7_FR7-5,WATER_NPY2;E8_FR6-1;E8_FR6-4,E7_FR7-1;E9_FR8-1;E8_FR6-3,0.892680496045,0.229322827022,False,False,biological animal
double_occurrence,Ocurrencia espacial de núcleos dobles c-FOS y NPY positivos / núcleos DAPI,170,WATER_NPY1;WATER_NPY3;E7_FR7-5,WATER_NPY2;E8_FR6-3;E8_FR6-4,E7_FR7-1;E9_FR8-1;E8_FR6-1,0.872137594455,0.225234143462,False,False,biological animal
double_occurrence,Ocurrencia espacial de núcleos dobles c-FOS y NPY positivos / núcleos DAPI,171,WATER_NPY1;WATER_NPY3;E7_FR7-5,E7_FR7-1;E9_FR8-1;E8_FR6-1,WATER_NPY2;E8_FR6-3;E8_FR6-4,0.872137594455,0.225234143462,False,False,biological animal
double_occurrence,Ocurrencia espacial de núcleos dobles c-FOS y NPY positivos / núcleos DAPI,172,WATER_NPY1;WATER_NPY3;E7_FR7-5,E7_FR7-1;E9_FR8-1;E8_FR6-3,WATER_NPY2;E8_FR6-1;E8_FR6-4,0.892680496045,0.229322827022,False,False,biological animal
double_occurrence,Ocurrencia espacial de núcleos dobles c-FOS y NPY positivos / núcleos DAPI,173,WATER_NPY1;WATER_NPY3;E7_FR7-5,E7_FR7-1;E9_FR8-1;E8_FR6-4,WATER_NPY2;E8_FR6-1;E8_FR6-3,0.747590898584,0.199485727982,False,False,biological animal
double_occurrence,Ocurrencia espacial de núcleos dobles c-FOS y NPY positivos / núcleos DAPI,174,WATER_NPY1;WATER_NPY3;E7_FR7-5,E7_FR7-1;E8_FR6-1;E8_FR6-3,WATER_NPY2;E9_FR8-1;E8_FR6-4,1.11208541665,0.270443170306,False,False,biological animal
double_occurrence,Ocurrencia espacial de núcleos dobles c-FOS y NPY positivos / núcleos DAPI,175,WATER_NPY1;WATER_NPY3;E7_FR7-5,E7_FR7-1;E8_FR6-1;E8_FR6-4,WATER_NPY2;E9_FR8-1;E8_FR6-3,1.42706811073,0.322350611067,False,False,biological animal
double_occurrence,Ocurrencia espacial de núcleos dobles c-FOS y NPY positivos / núcleos DAPI,176,WATER_NPY1;WATER_NPY3;E7_FR7-5,E7_FR7-1;E8_FR6-3;E8_FR6-4,WATER_NPY2;E9_FR8-1;E8_FR6-1,1.15607834439,0.278165676532,False,False,biological animal
double_occurrence,Ocurrencia espacial de núcleos dobles c-FOS y NPY positivos / núcleos DAPI,177,WATER_NPY1;WATER_NPY3;E7_FR7-5,E9_FR8-1;E8_FR6-1;E8_FR6-3,WATER_NPY2;E7_FR7-1;E8_FR6-4,0.935303172962,0.237669915596,False,False,biological animal
double_occurrence,Ocurrencia espacial de núcleos dobles c-FOS y NPY positivos / núcleos DAPI,178,WATER_NPY1;WATER_NPY3;E7_FR7-5,E9_FR8-1;E8_FR6-1;E8_FR6-4,WATER_NPY2;E7_FR7-1;E8_FR6-3,1.18025775472,0.282340904311,False,False,biological animal
double_occurrence,Ocurrencia espacial de núcleos dobles c-FOS y NPY positivos / núcleos DAPI,179,WATER_NPY1;WATER_NPY3;E7_FR7-5,E9_FR8-1;E8_FR6-3;E8_FR6-4,WATER_NPY2;E7_FR7-1;E8_FR6-1,0.959988503749,0.242422043104,False,False,biological animal
double_occurrence,Ocurrencia espacial de núcleos dobles c-FOS y NPY positivos / núcleos DAPI,180,WATER_NPY1;WATER_NPY3;E7_FR7-5,E8_FR6-1;E8_FR6-3;E8_FR6-4,WATER_NPY2;E7_FR7-1;E9_FR8-1,8.90902698545,0.748090250894,False,False,biological animal
double_occurrence,Ocurrencia espacial de núcleos dobles c-FOS y NPY positivos / núcleos DAPI,181,WATER_NPY1;WATER_NPY3;E9_FR8-1,WATER_NPY2;E7_FR7-1;E7_FR7-5,E8_FR6-1;E8_FR6-3;E8_FR6-4,8.07038065665,0.729006608441,False,False,biological animal
double_occurrence,Ocurrencia espacial de núcleos dobles c-FOS y NPY positivos / núcleos DAPI,182,WATER_NPY1;WATER_NPY3;E9_FR8-1,WATER_NPY2;E7_FR7-1;E8_FR6-1,E7_FR7-5;E8_FR6-3;E8_FR6-4,1.34274406239,0.309192538888,False,False,biological animal
double_occurrence,Ocurrencia espacial de núcleos dobles c-FOS y NPY positivos / núcleos DAPI,183,WATER_NPY1;WATER_NPY3;E9_FR8-1,WATER_NPY2;E7_FR7-1;E8_FR6-3,E7_FR7-5;E8_FR6-1;E8_FR6-4,1.63290669593,0.352458359967,False,False,biological animal
double_occurrence,Ocurrencia espacial de núcleos dobles c-FOS y NPY positivos / núcleos DAPI,184,WATER_NPY1;WATER_NPY3;E9_FR8-1,WATER_NPY2;E7_FR7-1;E8_FR6-4,E7_FR7-5;E8_FR6-1;E8_FR6-3,1.31336869279,0.304487927263,False,False,biological animal
double_occurrence,Ocurrencia espacial de núcleos dobles c-FOS y NPY positivos / núcleos DAPI,185,WATER_NPY1;WATER_NPY3;E9_FR8-1,WATER_NPY2;E7_FR7-5;E8_FR6-1,E7_FR7-1;E8_FR6-3;E8_FR6-4,1.26310350629,0.296287318482,False,False,biological animal
double_occurrence,Ocurrencia espacial de núcleos dobles c-FOS y NPY positivos / núcleos DAPI,186,WATER_NPY1;WATER_NPY3;E9_FR8-1,WATER_NPY2;E7_FR7-5;E8_FR6-3,E7_FR7-1;E8_FR6-1;E8_FR6-4,1.52574214852,0.337125293145,False,False,biological animal
double_occurrence,Ocurrencia espacial de núcleos dobles c-FOS y NPY positivos / núcleos DAPI,187,WATER_NPY1;WATER_NPY3;E9_FR8-1,WATER_NPY2;E7_FR7-5;E8_FR6-4,E7_FR7-1;E8_FR6-1;E8_FR6-3,1.21654663523,0.288517296373,False,False,biological animal
double_occurrence,Ocurrencia espacial de núcleos dobles c-FOS y NPY positivos / núcleos DAPI,188,WATER_NPY1;WATER_NPY3;E9_FR8-1,WATER_NPY2;E8_FR6-1;E8_FR6-3,E7_FR7-1;E7_FR7-5;E8_FR6-4,0.908274869246,0.232397899235,False,False,biological animal
double_occurrence,Ocurrencia espacial de núcleos dobles c-FOS y NPY positivos / núcleos DAPI,189,WATER_NPY1;WATER_NPY3;E9_FR8-1,WATER_NPY2;E8_FR6-1;E8_FR6-4,E7_FR7-1;E7_FR7-5;E8_FR6-3,1.04823091614,0.258935554285,False,False,biological animal
double_occurrence,Ocurrencia espacial de núcleos dobles c-FOS y NPY positivos / núcleos DAPI,190,WATER_NPY1;WATER_NPY3;E9_FR8-1,WATER_NPY2;E8_FR6-3;E8_FR6-4,E7_FR7-1;E7_FR7-5;E8_FR6-1,1.04418313536,0.258193830598,False,False,biological animal
double_occurrence,Ocurrencia espacial de núcleos dobles c-FOS y NPY positivos / núcleos DAPI,191,WATER_NPY1;WATER_NPY3;E9_FR8-1,E7_FR7-1;E7_FR7-5;E8_FR6-1,WATER_NPY2;E8_FR6-3;E8_FR6-4,1.04418313536,0.258193830598,False,False,biological animal
double_occurrence,Ocurrencia espacial de núcleos dobles c-FOS y NPY positivos / núcleos DAPI,192,WATER_NPY1;WATER_NPY3;E9_FR8-1,E7_FR7-1;E7_FR7-5;E8_FR6-3,WATER_NPY2;E8_FR6-1;E8_FR6-4,1.04823091614,0.258935554285,False,False,biological animal
double_occurrence,Ocurrencia espacial de núcleos dobles c-FOS y NPY positivos / núcleos DAPI,193,WATER_NPY1;WATER_NPY3;E9_FR8-1,E7_FR7-1;E7_FR7-5;E8_FR6-4,WATER_NPY2;E8_FR6-1;E8_FR6-3,0.908274869246,0.232397899235,False,False,biological animal
double_occurrence,Ocurrencia espacial de núcleos dobles c-FOS y NPY positivos / núcleos DAPI,194,WATER_NPY1;WATER_NPY3;E9_FR8-1,E7_FR7-1;E8_FR6-1;E8_FR6-3,WATER_NPY2;E7_FR7-5;E8_FR6-4,1.21654663523,0.288517296373,False,False,biological animal
double_occurrence,Ocurrencia espacial de núcleos dobles c-FOS y NPY positivos / núcleos DAPI,195,WATER_NPY1;WATER_NPY3;E9_FR8-1,E7_FR7-1;E8_FR6-1;E8_FR6-4,WATER_NPY2;E7_FR7-5;E8_FR6-3,1.52574214852,0.337125293145,False,False,biological animal
double_occurrence,Ocurrencia espacial de núcleos dobles c-FOS y NPY positivos / núcleos DAPI,196,WATER_NPY1;WATER_NPY3;E9_FR8-1,E7_FR7-1;E8_FR6-3;E8_FR6-4,WATER_NPY2;E7_FR7-5;E8_FR6-1,1.26310350629,0.296287318482,False,False,biological animal
double_occurrence,Ocurrencia espacial de núcleos dobles c-FOS y NPY positivos / núcleos DAPI,197,WATER_NPY1;WATER_NPY3;E9_FR8-1,E7_FR7-5;E8_FR6-1;E8_FR6-3,WATER_NPY2;E7_FR7-1;E8_FR6-4,1.31336869279,0.304487927263,False,False,biological animal
double_occurrence,Ocurrencia espacial de núcleos dobles c-FOS y NPY positivos / núcleos DAPI,198,WATER_NPY1;WATER_NPY3;E9_FR8-1,E7_FR7-5;E8_FR6-1;E8_FR6-4,WATER_NPY2;E7_FR7-1;E8_FR6-3,1.63290669593,0.352458359967,False,False,biological animal
double_occurrence,Ocurrencia espacial de núcleos dobles c-FOS y NPY positivos / núcleos DAPI,199,WATER_NPY1;WATER_NPY3;E9_FR8-1,E7_FR7-5;E8_FR6-3;E8_FR6-4,WATER_NPY2;E7_FR7-1;E8_FR6-1,1.34274406239,0.309192538888,False,False,biological animal
double_occurrence,Ocurrencia espacial de núcleos dobles c-FOS y NPY positivos / núcleos DAPI,200,WATER_NPY1;WATER_NPY3;E9_FR8-1,E8_FR6-1;E8_FR6-3;E8_FR6-4,WATER_NPY2;E7_FR7-1;E7_FR7-5,8.07038065665,0.729006608441,False,False,biological animal
double_occurrence,Ocurrencia espacial de núcleos dobles c-FOS y NPY positivos / núcleos DAPI,201,WATER_NPY1;WATER_NPY3;E8_FR6-1,WATER_NPY2;E7_FR7-1;E7_FR7-5,E9_FR8-1;E8_FR6-3;E8_FR6-4,0.973213193195,0.244943612606,False,False,biological animal
double_occurrence,Ocurrencia espacial de núcleos dobles c-FOS y NPY positivos / núcleos DAPI,202,WATER_NPY1;WATER_NPY3;E8_FR6-1,WATER_NPY2;E7_FR7-1;E9_FR8-1,E7_FR7-5;E8_FR6-3;E8_FR6-4,1.48294966698,0.330797750843,False,False,biological animal
double_occurrence,Ocurrencia espacial de núcleos dobles c-FOS y NPY positivos / núcleos DAPI,203,WATER_NPY1;WATER_NPY3;E8_FR6-1,WATER_NPY2;E7_FR7-1;E8_FR6-3,E7_FR7-5;E9_FR8-1;E8_FR6-4,0.125773496132,0.0402375592113,False,False,biological animal
double_occurrence,Ocurrencia espacial de núcleos dobles c-FOS y NPY positivos / núcleos DAPI,204,WATER_NPY1;WATER_NPY3;E8_FR6-1,WATER_NPY2;E7_FR7-1;E8_FR6-4,E7_FR7-5;E9_FR8-1;E8_FR6-3,0.102825773282,0.0331393964069,False,False,biological animal
double_occurrence,Ocurrencia espacial de núcleos dobles c-FOS y NPY positivos / núcleos DAPI,205,WATER_NPY1;WATER_NPY3;E8_FR6-1,WATER_NPY2;E7_FR7-5;E9_FR8-1,E7_FR7-1;E8_FR6-3;E8_FR6-4,1.27553279555,0.298333063163,False,False,biological animal
double_occurrence,Ocurrencia espacial de núcleos dobles c-FOS y NPY positivos / núcleos DAPI,206,WATER_NPY1;WATER_NPY3;E8_FR6-1,WATER_NPY2;E7_FR7-5;E8_FR6-3,E7_FR7-1;E9_FR8-1;E8_FR6-4,0.139599003447,0.0444639596628,False,False,biological animal
double_occurrence,Ocurrencia espacial de núcleos dobles c-FOS y NPY positivos / núcleos DAPI,207,WATER_NPY1;WATER_NPY3;E8_FR6-1,WATER_NPY2;E7_FR7-5;E8_FR6-4,E7_FR7-1;E9_FR8-1;E8_FR6-3,0.114385889969,0.0367282327915,False,False,biological animal
double_occurrence,Ocurrencia espacial de núcleos dobles c-FOS y NPY positivos / núcleos DAPI,208,WATER_NPY1;WATER_NPY3;E8_FR6-1,WATER_NPY2;E9_FR8-1;E8_FR6-3,E7_FR7-1;E7_FR7-5;E8_FR6-4,0.200346316175,0.0626014488378,False,False,biological animal
double_occurrence,Ocurrencia espacial de núcleos dobles c-FOS y NPY positivos / núcleos DAPI,209,WATER_NPY1;WATER_NPY3;E8_FR6-1,WATER_NPY2;E9_FR8-1;E8_FR6-4,E7_FR7-1;E7_FR7-5;E8_FR6-3,0.152144011718,0.0482668339875,False,False,biological animal
double_occurrence,Ocurrencia espacial de núcleos dobles c-FOS y NPY positivos / núcleos DAPI,210,WATER_NPY1;WATER_NPY3;E8_FR6-1,WATER_NPY2;E8_FR6-3;E8_FR6-4,E7_FR7-1;E7_FR7-5;E9_FR8-1,0.650731864219,0.178246962095,False,False,biological animal
double_occurrence,Ocurrencia espacial de núcleos dobles c-FOS y NPY positivos / núcleos DAPI,211,WATER_NPY1;WATER_NPY3;E8_FR6-1,E7_FR7-1;E7_FR7-5;E9_FR8-1,WATER_NPY2;E8_FR6-3;E8_FR6-4,0.650731864219,0.178246962095,False,False,biological animal
double_occurrence,Ocurrencia espacial de núcleos dobles c-FOS y NPY positivos / núcleos DAPI,212,WATER_NPY1;WATER_NPY3;E8_FR6-1,E7_FR7-1;E7_FR7-5;E8_FR6-3,WATER_NPY2;E9_FR8-1;E8_FR6-4,0.152144011718,0.0482668339875,False,False,biological animal
double_occurrence,Ocurrencia espacial de núcleos dobles c-FOS y NPY positivos / núcleos DAPI,213,WATER_NPY1;WATER_NPY3;E8_FR6-1,E7_FR7-1;E7_FR7-5;E8_FR6-4,WATER_NPY2;E9_FR8-1;E8_FR6-3,0.200346316175,0.0626014488378,False,False,biological animal
double_occurrence,Ocurrencia espacial de núcleos dobles c-FOS y NPY positivos / núcleos DAPI,214,WATER_NPY1;WATER_NPY3;E8_FR6-1,E7_FR7-1;E9_FR8-1;E8_FR6-3,WATER_NPY2;E7_FR7-5;E8_FR6-4,0.114385889969,0.0367282327915,False,False,biological animal
double_occurrence,Ocurrencia espacial de núcleos dobles c-FOS y NPY positivos / núcleos DAPI,215,WATER_NPY1;WATER_NPY3;E8_FR6-1,E7_FR7-1;E9_FR8-1;E8_FR6-4,WATER_NPY2;E7_FR7-5;E8_FR6-3,0.139599003447,0.0444639596628,False,False,biological animal
double_occurrence,Ocurrencia espacial de núcleos dobles c-FOS y NPY positivos / núcleos DAPI,216,WATER_NPY1;WATER_NPY3;E8_FR6-1,E7_FR7-1;E8_FR6-3;E8_FR6-4,WATER_NPY2;E7_FR7-5;E9_FR8-1,1.27553279555,0.298333063163,False,False,biological animal
double_occurrence,Ocurrencia espacial de núcleos dobles c-FOS y NPY positivos / núcleos DAPI,217,WATER_NPY1;WATER_NPY3;E8_FR6-1,E7_FR7-5;E9_FR8-1;E8_FR6-3,WATER_NPY2;E7_FR7-1;E8_FR6-4,0.102825773282,0.0331393964069,False,False,biological animal
double_occurrence,Ocurrencia espacial de núcleos dobles c-FOS y NPY positivos / núcleos DAPI,218,WATER_NPY1;WATER_NPY3;E8_FR6-1,E7_FR7-5;E9_FR8-1;E8_FR6-4,WATER_NPY2;E7_FR7-1;E8_FR6-3,0.125773496132,0.0402375592113,False,False,biological animal
double_occurrence,Ocurrencia espacial de núcleos dobles c-FOS y NPY positivos / núcleos DAPI,219,WATER_NPY1;WATER_NPY3;E8_FR6-1,E7_FR7-5;E8_FR6-3;E8_FR6-4,WATER_NPY2;E7_FR7-1;E9_FR8-1,1.48294966698,0.330797750843,False,False,biological animal
double_occurrence,Ocurrencia espacial de núcleos dobles c-FOS y NPY positivos / núcleos DAPI,220,WATER_NPY1;WATER_NPY3;E8_FR6-1,E9_FR8-1;E8_FR6-3;E8_FR6-4,WATER_NPY2;E7_FR7-1;E7_FR7-5,0.973213193195,0.244943612606,False,False,biological animal
double_occurrence,Ocurrencia espacial de núcleos dobles c-FOS y NPY positivos / núcleos DAPI,221,WATER_NPY1;WATER_NPY3;E8_FR6-3,WATER_NPY2;E7_FR7-1;E7_FR7-5,E9_FR8-1;E8_FR6-1;E8_FR6-4,1.20592171392,0.286719961983,False,False,biological animal
double_occurrence,Ocurrencia espacial de núcleos dobles c-FOS y NPY positivos / núcleos DAPI,222,WATER_NPY1;WATER_NPY3;E8_FR6-3,WATER_NPY2;E7_FR7-1;E9_FR8-1,E7_FR7-5;E8_FR6-1;E8_FR6-4,1.80708418144,0.375921060092,False,False,biological animal
double_occurrence,Ocurrencia espacial de núcleos dobles c-FOS y NPY positivos / núcleos DAPI,223,WATER_NPY1;WATER_NPY3;E8_FR6-3,WATER_NPY2;E7_FR7-1;E8_FR6-1,E7_FR7-5;E9_FR8-1;E8_FR6-4,0.131834731409,0.0420950473814,False,False,biological animal
double_occurrence,Ocurrencia espacial de núcleos dobles c-FOS y NPY positivos / núcleos DAPI,224,WATER_NPY1;WATER_NPY3;E8_FR6-3,WATER_NPY2;E7_FR7-1;E8_FR6-4,E7_FR7-5;E9_FR8-1;E8_FR6-1,0.171669452883,0.0541258966084,False,False,biological animal
double_occurrence,Ocurrencia espacial de núcleos dobles c-FOS y NPY positivos / núcleos DAPI,225,WATER_NPY1;WATER_NPY3;E8_FR6-3,WATER_NPY2;E7_FR7-5;E9_FR8-1,E7_FR7-1;E8_FR6-1;E8_FR6-4,1.56095106224,0.342242449204,False,False,biological animal
double_occurrence,Ocurrencia espacial de núcleos dobles c-FOS y NPY positivos / núcleos DAPI,226,WATER_NPY1;WATER_NPY3;E8_FR6-3,WATER_NPY2;E7_FR7-5;E8_FR6-1,E7_FR7-1;E9_FR8-1;E8_FR6-4,0.149723264031,0.0475353710407,False,False,biological animal
double_occurrence,Ocurrencia espacial de núcleos dobles c-FOS y NPY positivos / núcleos DAPI,227,WATER_NPY1;WATER_NPY3;E8_FR6-3,WATER_NPY2;E7_FR7-5;E8_FR6-4,E7_FR7-1;E9_FR8-1;E8_FR6-1,0.179652967499,0.0565008097851,False,False,biological animal
double_occurrence,Ocurrencia espacial de núcleos dobles c-FOS y NPY positivos / núcleos DAPI,228,WATER_NPY1;WATER_NPY3;E8_FR6-3,WATER_NPY2;E9_FR8-1;E8_FR6-1,E7_FR7-1;E7_FR7-5;E8_FR6-4,0.199405850176,0.0623259003434,False,False,biological animal
double_occurrence,Ocurrencia espacial de núcleos dobles c-FOS y NPY positivos / núcleos DAPI,229,WATER_NPY1;WATER_NPY3;E8_FR6-3,WATER_NPY2;E9_FR8-1;E8_FR6-4,E7_FR7-1;E7_FR7-5;E8_FR6-1,0.230622409405,0.0713863708533,False,False,biological animal
double_occurrence,Ocurrencia espacial de núcleos dobles c-FOS y NPY positivos / núcleos DAPI,230,WATER_NPY1;WATER_NPY3;E8_FR6-3,WATER_NPY2;E8_FR6-1;E8_FR6-4,E7_FR7-1;E7_FR7-5;E9_FR8-1,0.759908405065,0.202108222648,False,False,biological animal
double_occurrence,Ocurrencia espacial de núcleos dobles c-FOS y NPY positivos / núcleos DAPI,231,WATER_NPY1;WATER_NPY3;E8_FR6-3,E7_FR7-1;E7_FR7-5;E9_FR8-1,WATER_NPY2;E8_FR6-1;E8_FR6-4,0.759908405065,0.202108222648,False,False,biological animal
double_occurrence,Ocurrencia espacial de núcleos dobles c-FOS y NPY positivos / núcleos DAPI,232,WATER_NPY1;WATER_NPY3;E8_FR6-3,E7_FR7-1;E7_FR7-5;E8_FR6-1,WATER_NPY2;E9_FR8-1;E8_FR6-4,0.230622409405,0.0713863708533,False,False,biological animal
double_occurrence,Ocurrencia espacial de núcleos dobles c-FOS y NPY positivos / núcleos DAPI,233,WATER_NPY1;WATER_NPY3;E8_FR6-3,E7_FR7-1;E7_FR7-5;E8_FR6-4,WATER_NPY2;E9_FR8-1;E8_FR6-1,0.199405850176,0.0623259003434,False,False,biological animal
double_occurrence,Ocurrencia espacial de núcleos dobles c-FOS y NPY positivos / núcleos DAPI,234,WATER_NPY1;WATER_NPY3;E8_FR6-3,E7_FR7-1;E9_FR8-1;E8_FR6-1,WATER_NPY2;E7_FR7-5;E8_FR6-4,0.179652967499,0.0565008097851,False,False,biological animal
double_occurrence,Ocurrencia espacial de núcleos dobles c-FOS y NPY positivos / núcleos DAPI,235,WATER_NPY1;WATER_NPY3;E8_FR6-3,E7_FR7-1;E9_FR8-1;E8_FR6-4,WATER_NPY2;E7_FR7-5;E8_FR6-1,0.149723264031,0.0475353710407,False,False,biological animal
double_occurrence,Ocurrencia espacial de núcleos dobles c-FOS y NPY positivos / núcleos DAPI,236,WATER_NPY1;WATER_NPY3;E8_FR6-3,E7_FR7-1;E8_FR6-1;E8_FR6-4,WATER_NPY2;E7_FR7-5;E9_FR8-1,1.56095106224,0.342242449204,False,False,biological animal
double_occurrence,Ocurrencia espacial de núcleos dobles c-FOS y NPY positivos / núcleos DAPI,237,WATER_NPY1;WATER_NPY3;E8_FR6-3,E7_FR7-5;E9_FR8-1;E8_FR6-1,WATER_NPY2;E7_FR7-1;E8_FR6-4,0.171669452883,0.0541258966084,False,False,biological animal
double_occurrence,Ocurrencia espacial de núcleos dobles c-FOS y NPY positivos / núcleos DAPI,238,WATER_NPY1;WATER_NPY3;E8_FR6-3,E7_FR7-5;E9_FR8-1;E8_FR6-4,WATER_NPY2;E7_FR7-1;E8_FR6-1,0.131834731409,0.0420950473814,False,False,biological animal
double_occurrence,Ocurrencia espacial de núcleos dobles c-FOS y NPY positivos / núcleos DAPI,239,WATER_NPY1;WATER_NPY3;E8_FR6-3,E7_FR7-5;E8_FR6-1;E8_FR6-4,WATER_NPY2;E7_FR7-1;E9_FR8-1,1.80708418144,0.375921060092,False,False,biological animal
double_occurrence,Ocurrencia espacial de núcleos dobles c-FOS y NPY positivos / núcleos DAPI,240,WATER_NPY1;WATER_NPY3;E8_FR6-3,E9_FR8-1;E8_FR6-1;E8_FR6-4,WATER_NPY2;E7_FR7-1;E7_FR7-5,1.20592171392,0.286719961983,False,False,biological animal
double_occurrence,Ocurrencia espacial de núcleos dobles c-FOS y NPY positivos / núcleos DAPI,241,WATER_NPY1;WATER_NPY3;E8_FR6-4,WATER_NPY2;E7_FR7-1;E7_FR7-5,E9_FR8-1;E8_FR6-1;E8_FR6-3,0.90172026998,0.231108384914,False,False,biological animal
double_occurrence,Ocurrencia espacial de núcleos dobles c-FOS y NPY positivos / núcleos DAPI,242,WATER_NPY1;WATER_NPY3;E8_FR6-4,WATER_NPY2;E7_FR7-1;E9_FR8-1,E7_FR7-5;E8_FR6-1;E8_FR6-3,1.39245109219,0.317010039034,False,False,biological animal
double_occurrence,Ocurrencia espacial de núcleos dobles c-FOS y NPY positivos / núcleos DAPI,243,WATER_NPY1;WATER_NPY3;E8_FR6-4,WATER_NPY2;E7_FR7-1;E8_FR6-1,E7_FR7-5;E9_FR8-1;E8_FR6-3,0.0739477988223,0.0240562962229,False,False,biological animal
double_occurrence,Ocurrencia espacial de núcleos dobles c-FOS y NPY positivos / núcleos DAPI,244,WATER_NPY1;WATER_NPY3;E8_FR6-4,WATER_NPY2;E7_FR7-1;E8_FR6-3,E7_FR7-5;E9_FR8-1;E8_FR6-1,0.135403360631,0.0431853082544,False,False,biological animal
double_occurrence,Ocurrencia espacial de núcleos dobles c-FOS y NPY positivos / núcleos DAPI,245,WATER_NPY1;WATER_NPY3;E8_FR6-4,WATER_NPY2;E7_FR7-5;E9_FR8-1,E7_FR7-1;E8_FR6-1;E8_FR6-3,1.18417421693,0.283012646112,False,False,biological animal
double_occurrence,Ocurrencia espacial de núcleos dobles c-FOS y NPY positivos / núcleos DAPI,246,WATER_NPY1;WATER_NPY3;E8_FR6-4,WATER_NPY2;E7_FR7-5;E8_FR6-1,E7_FR7-1;E9_FR8-1;E8_FR6-3,0.0901643132583,0.0291778378488,False,False,biological animal
double_occurrence,Ocurrencia espacial de núcleos dobles c-FOS y NPY positivos / núcleos DAPI,247,WATER_NPY1;WATER_NPY3;E8_FR6-4,WATER_NPY2;E7_FR7-5;E8_FR6-3,E7_FR7-1;E9_FR8-1;E8_FR6-1,0.144255299793,0.0458790034646,False,False,biological animal
double_occurrence,Ocurrencia espacial de núcleos dobles c-FOS y NPY positivos / núcleos DAPI,248,WATER_NPY1;WATER_NPY3;E8_FR6-4,WATER_NPY2;E9_FR8-1;E8_FR6-1,E7_FR7-1;E7_FR7-5;E8_FR6-3,0.127179002569,0.040668923162,False,False,biological animal
double_occurrence,Ocurrencia espacial de núcleos dobles c-FOS y NPY positivos / núcleos DAPI,249,WATER_NPY1;WATER_NPY3;E8_FR6-4,WATER_NPY2;E9_FR8-1;E8_FR6-3,E7_FR7-1;E7_FR7-5;E8_FR6-1,0.205347403366,0.0640640085223,False,False,biological animal
double_occurrence,Ocurrencia espacial de núcleos dobles c-FOS y NPY positivos / núcleos DAPI,250,WATER_NPY1;WATER_NPY3;E8_FR6-4,WATER_NPY2;E8_FR6-1;E8_FR6-3,E7_FR7-1;E7_FR7-5;E9_FR8-1,0.545737132779,0.153913590416,False,False,biological animal
double_occurrence,Ocurrencia espacial de núcleos dobles c-FOS y NPY positivos / núcleos DAPI,251,WATER_NPY1;WATER_NPY3;E8_FR6-4,E7_FR7-1;E7_FR7-5;E9_FR8-1,WATER_NPY2;E8_FR6-1;E8_FR6-3,0.545737132779,0.153913590416,False,False,biological animal
double_occurrence,Ocurrencia espacial de núcleos dobles c-FOS y NPY positivos / núcleos DAPI,252,WATER_NPY1;WATER_NPY3;E8_FR6-4,E7_FR7-1;E7_FR7-5;E8_FR6-1,WATER_NPY2;E9_FR8-1;E8_FR6-3,0.205347403366,0.0640640085223,False,False,biological animal
double_occurrence,Ocurrencia espacial de núcleos dobles c-FOS y NPY positivos / núcleos DAPI,253,WATER_NPY1;WATER_NPY3;E8_FR6-4,E7_FR7-1;E7_FR7-5;E8_FR6-3,WATER_NPY2;E9_FR8-1;E8_FR6-1,0.127179002569,0.040668923162,False,False,biological animal
double_occurrence,Ocurrencia espacial de núcleos dobles c-FOS y NPY positivos / núcleos DAPI,254,WATER_NPY1;WATER_NPY3;E8_FR6-4,E7_FR7-1;E9_FR8-1;E8_FR6-1,WATER_NPY2;E7_FR7-5;E8_FR6-3,0.144255299793,0.0458790034646,False,False,biological animal
double_occurrence,Ocurrencia espacial de núcleos dobles c-FOS y NPY positivos / núcleos DAPI,255,WATER_NPY1;WATER_NPY3;E8_FR6-4,E7_FR7-1;E9_FR8-1;E8_FR6-3,WATER_NPY2;E7_FR7-5;E8_FR6-1,0.0901643132583,0.0291778378488,False,False,biological animal
double_occurrence,Ocurrencia espacial de núcleos dobles c-FOS y NPY positivos / núcleos DAPI,256,WATER_NPY1;WATER_NPY3;E8_FR6-4,E7_FR7-1;E8_FR6-1;E8_FR6-3,WATER_NPY2;E7_FR7-5;E9_FR8-1,1.18417421693,0.283012646112,False,False,biological animal
double_occurrence,Ocurrencia espacial de núcleos dobles c-FOS y NPY positivos / núcleos DAPI,257,WATER_NPY1;WATER_NPY3;E8_FR6-4,E7_FR7-5;E9_FR8-1;E8_FR6-1,WATER_NPY2;E7_FR7-1;E8_FR6-3,0.135403360631,0.0431853082544,False,False,biological animal
double_occurrence,Ocurrencia espacial de núcleos dobles c-FOS y NPY positivos / núcleos DAPI,258,WATER_NPY1;WATER_NPY3;E8_FR6-4,E7_FR7-5;E9_FR8-1;E8_FR6-3,WATER_NPY2;E7_FR7-1;E8_FR6-1,0.0739477988223,0.0240562962229,False,False,biological animal
double_occurrence,Ocurrencia espacial de núcleos dobles c-FOS y NPY positivos / núcleos DAPI,259,WATER_NPY1;WATER_NPY3;E8_FR6-4,E7_FR7-5;E8_FR6-1;E8_FR6-3,WATER_NPY2;E7_FR7-1;E9_FR8-1,1.39245109219,0.317010039034,False,False,biological animal
double_occurrence,Ocurrencia espacial de núcleos dobles c-FOS y NPY positivos / núcleos DAPI,260,WATER_NPY1;WATER_NPY3;E8_FR6-4,E9_FR8-1;E8_FR6-1;E8_FR6-3,WATER_NPY2;E7_FR7-1;E7_FR7-5,0.90172026998,0.231108384914,False,False,biological animal
double_occurrence,Ocurrencia espacial de núcleos dobles c-FOS y NPY positivos / núcleos DAPI,261,WATER_NPY1;E7_FR7-1;E7_FR7-5,WATER_NPY2;WATER_NPY3;E9_FR8-1,E8_FR6-1;E8_FR6-3;E8_FR6-4,14.2190992656,0.825774858851,False,True,biological animal
double_occurrence,Ocurrencia espacial de núcleos dobles c-FOS y NPY positivos / núcleos DAPI,262,WATER_NPY1;E7_FR7-1;E7_FR7-5,WATER_NPY2;WATER_NPY3;E8_FR6-1,E9_FR8-1;E8_FR6-3;E8_FR6-4,0.81145012448,0.212898004166,False,False,biological animal
double_occurrence,Ocurrencia espacial de núcleos dobles c-FOS y NPY positivos / núcleos DAPI,263,WATER_NPY1;E7_FR7-1;E7_FR7-5,WATER_NPY2;WATER_NPY3;E8_FR6-3,E9_FR8-1;E8_FR6-1;E8_FR6-4,1.08435906378,0.265490630682,False,False,biological animal
double_occurrence,Ocurrencia espacial de núcleos dobles c-FOS y NPY positivos / núcleos DAPI,264,WATER_NPY1;E7_FR7-1;E7_FR7-5,WATER_NPY2;WATER_NPY3;E8_FR6-4,E9_FR8-1;E8_FR6-1;E8_FR6-3,0.760065699507,0.202141600772,False,False,biological animal
double_occurrence,Ocurrencia espacial de núcleos dobles c-FOS y NPY positivos / núcleos DAPI,265,WATER_NPY1;E7_FR7-1;E7_FR7-5,WATER_NPY2;E9_FR8-1;E8_FR6-1,WATER_NPY3;E8_FR6-3;E8_FR6-4,0.42647581636,0.124464855209,False,False,biological animal
double_occurrence,Ocurrencia espacial de núcleos dobles c-FOS y NPY positivos / núcleos DAPI,266,WATER_NPY1;E7_FR7-1;E7_FR7-5,WATER_NPY2;E9_FR8-1;E8_FR6-3,WATER_NPY3;E8_FR6-1;E8_FR6-4,0.554401399546,0.155976024434,False,False,biological animal
double_occurrence,Ocurrencia espacial de núcleos dobles c-FOS y NPY positivos / núcleos DAPI,267,WATER_NPY1;E7_FR7-1;E7_FR7-5,WATER_NPY2;E9_FR8-1;E8_FR6-4,WATER_NPY3;E8_FR6-1;E8_FR6-3,0.419764557249,0.122746624869,False,False,biological animal
double_occurrence,Ocurrencia espacial de núcleos dobles c-FOS y NPY positivos / núcleos DAPI,268,WATER_NPY1;E7_FR7-1;E7_FR7-5,WATER_NPY2;E8_FR6-1;E8_FR6-3,WATER_NPY3;E9_FR8-1;E8_FR6-4,0.48966971553,0.140319788245,False,False,biological animal
double_occurrence,Ocurrencia espacial de núcleos dobles c-FOS y NPY positivos / núcleos DAPI,269,WATER_NPY1;E7_FR7-1;E7_FR7-5,WATER_NPY2;E8_FR6-1;E8_FR6-4,WATER_NPY3;E9_FR8-1;E8_FR6-3,0.69838409632,0.18883492848,False,False,biological animal
double_occurrence,Ocurrencia espacial de núcleos dobles c-FOS y NPY positivos / núcleos DAPI,270,WATER_NPY1;E7_FR7-1;E7_FR7-5,WATER_NPY2;E8_FR6-3;E8_FR6-4,WATER_NPY3;E9_FR8-1;E8_FR6-1,0.62350559212,0.172072479611,False,False,biological animal
double_occurrence,Ocurrencia espacial de núcleos dobles c-FOS y NPY positivos / núcleos DAPI,271,WATER_NPY1;E7_FR7-1;E7_FR7-5,WATER_NPY3;E9_FR8-1;E8_FR6-1,WATER_NPY2;E8_FR6-3;E8_FR6-4,0.62350559212,0.172072479611,False,False,biological animal
double_occurrence,Ocurrencia espacial de núcleos dobles c-FOS y NPY positivos / núcleos DAPI,272,WATER_NPY1;E7_FR7-1;E7_FR7-5,WATER_NPY3;E9_FR8-1;E8_FR6-3,WATER_NPY2;E8_FR6-1;E8_FR6-4,0.69838409632,0.18883492848,False,False,biological animal
double_occurrence,Ocurrencia espacial de núcleos dobles c-FOS y NPY positivos / núcleos DAPI,273,WATER_NPY1;E7_FR7-1;E7_FR7-5,WATER_NPY3;E9_FR8-1;E8_FR6-4,WATER_NPY2;E8_FR6-1;E8_FR6-3,0.48966971553,0.140319788245,False,False,biological animal
double_occurrence,Ocurrencia espacial de núcleos dobles c-FOS y NPY positivos / núcleos DAPI,274,WATER_NPY1;E7_FR7-1;E7_FR7-5,WATER_NPY3;E8_FR6-1;E8_FR6-3,WATER_NPY2;E9_FR8-1;E8_FR6-4,0.419764557249,0.122746624869,False,False,biological animal
double_occurrence,Ocurrencia espacial de núcleos dobles c-FOS y NPY positivos / núcleos DAPI,275,WATER_NPY1;E7_FR7-1;E7_FR7-5,WATER_NPY3;E8_FR6-1;E8_FR6-4,WATER_NPY2;E9_FR8-1;E8_FR6-3,0.554401399546,0.155976024434,False,False,biological animal
double_occurrence,Ocurrencia espacial de núcleos dobles c-FOS y NPY positivos / núcleos DAPI,276,WATER_NPY1;E7_FR7-1;E7_FR7-5,WATER_NPY3;E8_FR6-3;E8_FR6-4,WATER_NPY2;E9_FR8-1;E8_FR6-1,0.42647581636,0.124464855209,False,False,biological animal
double_occurrence,Ocurrencia espacial de núcleos dobles c-FOS y NPY positivos / núcleos DAPI,277,WATER_NPY1;E7_FR7-1;E7_FR7-5,E9_FR8-1;E8_FR6-1;E8_FR6-3,WATER_NPY2;WATER_NPY3;E8_FR6-4,0.760065699507,0.202141600772,False,False,biological animal
double_occurrence,Ocurrencia espacial de núcleos dobles c-FOS y NPY positivos / núcleos DAPI,278,WATER_NPY1;E7_FR7-1;E7_FR7-5,E9_FR8-1;E8_FR6-1;E8_FR6-4,WATER_NPY2;WATER_NPY3;E8_FR6-3,1.08435906378,0.265490630682,False,False,biological animal
double_occurrence,Ocurrencia espacial de núcleos dobles c-FOS y NPY positivos / núcleos DAPI,279,WATER_NPY1;E7_FR7-1;E7_FR7-5,E9_FR8-1;E8_FR6-3;E8_FR6-4,WATER_NPY2;WATER_NPY3;E8_FR6-1,0.81145012448,0.212898004166,False,False,biological animal
double_occurrence,Ocurrencia espacial de núcleos dobles c-FOS y NPY positivos / núcleos DAPI,280,WATER_NPY1;E7_FR7-1;E7_FR7-5,E8_FR6-1;E8_FR6-3;E8_FR6-4,WATER_NPY2;WATER_NPY3;E9_FR8-1,14.2190992656,0.825774858851,False,True,biological animal
double_occurrence,Ocurrencia espacial de núcleos dobles c-FOS y NPY positivos / núcleos DAPI,281,WATER_NPY1;E7_FR7-1;E9_FR8-1,WATER_NPY2;WATER_NPY3;E7_FR7-5,E8_FR6-1;E8_FR6-3;E8_FR6-4,9.35209534229,0.757126227019,False,False,biological animal
double_occurrence,Ocurrencia espacial de núcleos dobles c-FOS y NPY positivos / núcleos DAPI,282,WATER_NPY1;E7_FR7-1;E9_FR8-1,WATER_NPY2;WATER_NPY3;E8_FR6-1,E7_FR7-5;E8_FR6-3;E8_FR6-4,1.02622957182,0.254886005261,False,False,biological animal
double_occurrence,Ocurrencia espacial de núcleos dobles c-FOS y NPY positivos / núcleos DAPI,283,WATER_NPY1;E7_FR7-1;E9_FR8-1,WATER_NPY2;WATER_NPY3;E8_FR6-3,E7_FR7-5;E8_FR6-1;E8_FR6-4,1.35303453473,0.310825591649,False,False,biological animal
double_occurrence,Ocurrencia espacial de núcleos dobles c-FOS y NPY positivos / núcleos DAPI,284,WATER_NPY1;E7_FR7-1;E9_FR8-1,WATER_NPY2;WATER_NPY3;E8_FR6-4,E7_FR7-5;E8_FR6-1;E8_FR6-3,0.969183879518,0.244177117749,False,False,biological animal
double_occurrence,Ocurrencia espacial de núcleos dobles c-FOS y NPY positivos / núcleos DAPI,285,WATER_NPY1;E7_FR7-1;E9_FR8-1,WATER_NPY2;E7_FR7-5;E8_FR6-1,WATER_NPY3;E8_FR6-3;E8_FR6-4,0.400604863769,0.11780400247,False,False,biological animal
double_occurrence,Ocurrencia espacial de núcleos dobles c-FOS y NPY positivos / núcleos DAPI,286,WATER_NPY1;E7_FR7-1;E9_FR8-1,WATER_NPY2;E7_FR7-5;E8_FR6-3,WATER_NPY3;E8_FR6-1;E8_FR6-4,0.512749808064,0.145968211823,False,False,biological animal
double_occurrence,Ocurrencia espacial de núcleos dobles c-FOS y NPY positivos / núcleos DAPI,287,WATER_NPY1;E7_FR7-1;E9_FR8-1,WATER_NPY2;E7_FR7-5;E8_FR6-4,WATER_NPY3;E8_FR6-1;E8_FR6-3,0.393812029989,0.116038256247,False,False,biological animal
double_occurrence,Ocurrencia espacial de núcleos dobles c-FOS y NPY positivos / núcleos DAPI,288,WATER_NPY1;E7_FR7-1;E9_FR8-1,WATER_NPY2;E8_FR6-1;E8_FR6-3,WATER_NPY3;E7_FR7-5;E8_FR6-4,0.423356073214,0.123666970119,False,False,biological animal
double_occurrence,Ocurrencia espacial de núcleos dobles c-FOS y NPY positivos / núcleos DAPI,289,WATER_NPY1;E7_FR7-1;E9_FR8-1,WATER_NPY2;E8_FR6-1;E8_FR6-4,WATER_NPY3;E7_FR7-5;E8_FR6-3,0.609598643403,0.168882666364,False,False,biological animal
double_occurrence,Ocurrencia espacial de núcleos dobles c-FOS y NPY positivos / núcleos DAPI,290,WATER_NPY1;E7_FR7-1;E9_FR8-1,WATER_NPY2;E8_FR6-3;E8_FR6-4,WATER_NPY3;E7_FR7-5;E8_FR6-1,0.552259805189,0.155467177368,False,False,biological animal
double_occurrence,Ocurrencia espacial de núcleos dobles c-FOS y NPY positivos / núcleos DAPI,291,WATER_NPY1;E7_FR7-1;E9_FR8-1,WATER_NPY3;E7_FR7-5;E8_FR6-1,WATER_NPY2;E8_FR6-3;E8_FR6-4,0.552259805189,0.155467177368,False,False,biological animal
double_occurrence,Ocurrencia espacial de núcleos dobles c-FOS y NPY positivos / núcleos DAPI,292,WATER_NPY1;E7_FR7-1;E9_FR8-1,WATER_NPY3;E7_FR7-5;E8_FR6-3,WATER_NPY2;E8_FR6-1;E8_FR6-4,0.609598643403,0.168882666364,False,False,biological animal
double_occurrence,Ocurrencia espacial de núcleos dobles c-FOS y NPY positivos / núcleos DAPI,293,WATER_NPY1;E7_FR7-1;E9_FR8-1,WATER_NPY3;E7_FR7-5;E8_FR6-4,WATER_NPY2;E8_FR6-1;E8_FR6-3,0.423356073214,0.123666970119,False,False,biological animal
double_occurrence,Ocurrencia espacial de núcleos dobles c-FOS y NPY positivos / núcleos DAPI,294,WATER_NPY1;E7_FR7-1;E9_FR8-1,WATER_NPY3;E8_FR6-1;E8_FR6-3,WATER_NPY2;E7_FR7-5;E8_FR6-4,0.393812029989,0.116038256247,False,False,biological animal
double_occurrence,Ocurrencia espacial de núcleos dobles c-FOS y NPY positivos / núcleos DAPI,295,WATER_NPY1;E7_FR7-1;E9_FR8-1,WATER_NPY3;E8_FR6-1;E8_FR6-4,WATER_NPY2;E7_FR7-5;E8_FR6-3,0.512749808064,0.145968211823,False,False,biological animal
double_occurrence,Ocurrencia espacial de núcleos dobles c-FOS y NPY positivos / núcleos DAPI,296,WATER_NPY1;E7_FR7-1;E9_FR8-1,WATER_NPY3;E8_FR6-3;E8_FR6-4,WATER_NPY2;E7_FR7-5;E8_FR6-1,0.400604863769,0.11780400247,False,False,biological animal
double_occurrence,Ocurrencia espacial de núcleos dobles c-FOS y NPY positivos / núcleos DAPI,297,WATER_NPY1;E7_FR7-1;E9_FR8-1,E7_FR7-5;E8_FR6-1;E8_FR6-3,WATER_NPY2;WATER_NPY3;E8_FR6-4,0.969183879518,0.244177117749,False,False,biological animal
double_occurrence,Ocurrencia espacial de núcleos dobles c-FOS y NPY positivos / núcleos DAPI,298,WATER_NPY1;E7_FR7-1;E9_FR8-1,E7_FR7-5;E8_FR6-1;E8_FR6-4,WATER_NPY2;WATER_NPY3;E8_FR6-3,1.35303453473,0.310825591649,False,False,biological animal
double_occurrence,Ocurrencia espacial de núcleos dobles c-FOS y NPY positivos / núcleos DAPI,299,WATER_NPY1;E7_FR7-1;E9_FR8-1,E7_FR7-5;E8_FR6-3;E8_FR6-4,WATER_NPY2;WATER_NPY3;E8_FR6-1,1.02622957182,0.254886005261,False,False,biological animal
double_occurrence,Ocurrencia espacial de núcleos dobles c-FOS y NPY positivos / núcleos DAPI,300,WATER_NPY1;E7_FR7-1;E9_FR8-1,E8_FR6-1;E8_FR6-3;E8_FR6-4,WATER_NPY2;WATER_NPY3;E7_FR7-5,9.35209534229,0.757126227019,False,False,biological animal
double_occurrence,Ocurrencia espacial de núcleos dobles c-FOS y NPY positivos / núcleos DAPI,301,WATER_NPY1;E7_FR7-1;E8_FR6-1,WATER_NPY2;WATER_NPY3;E7_FR7-5,E9_FR8-1;E8_FR6-3;E8_FR6-4,1.84083244554,0.38027187808,False,False,biological animal
double_occurrence,Ocurrencia espacial de núcleos dobles c-FOS y NPY positivos / núcleos DAPI,302,WATER_NPY1;E7_FR7-1;E8_FR6-1,WATER_NPY2;WATER_NPY3;E9_FR8-1,E7_FR7-5;E8_FR6-3;E8_FR6-4,2.89285043035,0.490908511007,False,False,biological animal
double_occurrence,Ocurrencia espacial de núcleos dobles c-FOS y NPY positivos / núcleos DAPI,303,WATER_NPY1;E7_FR7-1;E8_FR6-1,WATER_NPY2;WATER_NPY3;E8_FR6-3,E7_FR7-5;E9_FR8-1;E8_FR6-4,0.355004567037,0.105813437789,False,False,biological animal
double_occurrence,Ocurrencia espacial de núcleos dobles c-FOS y NPY positivos / núcleos DAPI,304,WATER_NPY1;E7_FR7-1;E8_FR6-1,WATER_NPY2;WATER_NPY3;E8_FR6-4,E7_FR7-5;E9_FR8-1;E8_FR6-3,0.261001542875,0.0800372337894,False,False,biological animal
double_occurrence,Ocurrencia espacial de núcleos dobles c-FOS y NPY positivos / núcleos DAPI,305,WATER_NPY1;E7_FR7-1;E8_FR6-1,WATER_NPY2;E7_FR7-5;E9_FR8-1,WATER_NPY3;E8_FR6-3;E8_FR6-4,0.881276382192,0.227058394047,False,False,biological animal
double_occurrence,Ocurrencia espacial de núcleos dobles c-FOS y NPY positivos / núcleos DAPI,306,WATER_NPY1;E7_FR7-1;E8_FR6-1,WATER_NPY2;E7_FR7-5;E8_FR6-3,WATER_NPY3;E9_FR8-1;E8_FR6-4,0.217931764745,0.0677241721321,False,False,biological animal
double_occurrence,Ocurrencia espacial de núcleos dobles c-FOS y NPY positivos / núcleos DAPI,307,WATER_NPY1;E7_FR7-1;E8_FR6-1,WATER_NPY2;E7_FR7-5;E8_FR6-4,WATER_NPY3;E9_FR8-1;E8_FR6-3,0.256149869617,0.0786664864562,False,False,biological animal
double_occurrence,Ocurrencia espacial de núcleos dobles c-FOS y NPY positivos / núcleos DAPI,308,WATER_NPY1;E7_FR7-1;E8_FR6-1,WATER_NPY2;E9_FR8-1;E8_FR6-3,WATER_NPY3;E7_FR7-5;E8_FR6-4,0.195157561041,0.0610791666177,False,False,biological animal
double_occurrence,Ocurrencia espacial de núcleos dobles c-FOS y NPY positivos / núcleos DAPI,309,WATER_NPY1;E7_FR7-1;E8_FR6-1,WATER_NPY2;E9_FR8-1;E8_FR6-4,WATER_NPY3;E7_FR7-5;E8_FR6-3,0.210006980064,0.0654225929628,False,False,biological animal
double_occurrence,Ocurrencia espacial de núcleos dobles c-FOS y NPY positivos / núcleos DAPI,310,WATER_NPY1;E7_FR7-1;E8_FR6-1,WATER_NPY2;E8_FR6-3;E8_FR6-4,WATER_NPY3;E7_FR7-5;E9_FR8-1,1.22498080622,0.289937602656,False,False,biological animal
double_occurrence,Ocurrencia espacial de núcleos dobles c-FOS y NPY positivos / núcleos DAPI,311,WATER_NPY1;E7_FR7-1;E8_FR6-1,WATER_NPY3;E7_FR7-5;E9_FR8-1,WATER_NPY2;E8_FR6-3;E8_FR6-4,1.22498080622,0.289937602656,False,False,biological animal
double_occurrence,Ocurrencia espacial de núcleos dobles c-FOS y NPY positivos / núcleos DAPI,312,WATER_NPY1;E7_FR7-1;E8_FR6-1,WATER_NPY3;E7_FR7-5;E8_FR6-3,WATER_NPY2;E9_FR8-1;E8_FR6-4,0.210006980064,0.0654225929628,False,False,biological animal
double_occurrence,Ocurrencia espacial de núcleos dobles c-FOS y NPY positivos / núcleos DAPI,313,WATER_NPY1;E7_FR7-1;E8_FR6-1,WATER_NPY3;E7_FR7-5;E8_FR6-4,WATER_NPY2;E9_FR8-1;E8_FR6-3,0.195157561041,0.0610791666177,False,False,biological animal
double_occurrence,Ocurrencia espacial de núcleos dobles c-FOS y NPY positivos / núcleos DAPI,314,WATER_NPY1;E7_FR7-1;E8_FR6-1,WATER_NPY3;E9_FR8-1;E8_FR6-3,WATER_NPY2;E7_FR7-5;E8_FR6-4,0.256149869617,0.0786664864562,False,False,biological animal
double_occurrence,Ocurrencia espacial de núcleos dobles c-FOS y NPY positivos / núcleos DAPI,315,WATER_NPY1;E7_FR7-1;E8_FR6-1,WATER_NPY3;E9_FR8-1;E8_FR6-4,WATER_NPY2;E7_FR7-5;E8_FR6-3,0.217931764745,0.0677241721321,False,False,biological animal
double_occurrence,Ocurrencia espacial de núcleos dobles c-FOS y NPY positivos / núcleos DAPI,316,WATER_NPY1;E7_FR7-1;E8_FR6-1,WATER_NPY3;E8_FR6-3;E8_FR6-4,WATER_NPY2;E7_FR7-5;E9_FR8-1,0.881276382192,0.227058394047,False,False,biological animal
double_occurrence,Ocurrencia espacial de núcleos dobles c-FOS y NPY positivos / núcleos DAPI,317,WATER_NPY1;E7_FR7-1;E8_FR6-1,E7_FR7-5;E9_FR8-1;E8_FR6-3,WATER_NPY2;WATER_NPY3;E8_FR6-4,0.261001542875,0.0800372337894,False,False,biological animal
double_occurrence,Ocurrencia espacial de núcleos dobles c-FOS y NPY positivos / núcleos DAPI,318,WATER_NPY1;E7_FR7-1;E8_FR6-1,E7_FR7-5;E9_FR8-1;E8_FR6-4,WATER_NPY2;WATER_NPY3;E8_FR6-3,0.355004567037,0.105813437789,False,False,biological animal
double_occurrence,Ocurrencia espacial de núcleos dobles c-FOS y NPY positivos / núcleos DAPI,319,WATER_NPY1;E7_FR7-1;E8_FR6-1,E7_FR7-5;E8_FR6-3;E8_FR6-4,WATER_NPY2;WATER_NPY3;E9_FR8-1,2.89285043035,0.490908511007,False,False,biological animal
double_occurrence,Ocurrencia espacial de núcleos dobles c-FOS y NPY positivos / núcleos DAPI,320,WATER_NPY1;E7_FR7-1;E8_FR6-1,E9_FR8-1;E8_FR6-3;E8_FR6-4,WATER_NPY2;WATER_NPY3;E7_FR7-5,1.84083244554,0.38027187808,False,False,biological animal
double_occurrence,Ocurrencia espacial de núcleos dobles c-FOS y NPY positivos / núcleos DAPI,321,WATER_NPY1;E7_FR7-1;E8_FR6-3,WATER_NPY2;WATER_NPY3;E7_FR7-5,E9_FR8-1;E8_FR6-1;E8_FR6-4,2.07936045384,0.409374462147,False,False,biological animal
double_occurrence,Ocurrencia espacial de núcleos dobles c-FOS y NPY positivos / núcleos DAPI,322,WATER_NPY1;E7_FR7-1;E8_FR6-3,WATER_NPY2;WATER_NPY3;E9_FR8-1,E7_FR7-5;E8_FR6-1;E8_FR6-4,3.29403272442,0.523358054946,False,False,biological animal
double_occurrence,Ocurrencia espacial de núcleos dobles c-FOS y NPY positivos / núcleos DAPI,323,WATER_NPY1;E7_FR7-1;E8_FR6-3,WATER_NPY2;WATER_NPY3;E8_FR6-1,E7_FR7-5;E9_FR8-1;E8_FR6-4,0.269125511933,0.0823233953395,False,False,biological animal
double_occurrence,Ocurrencia espacial de núcleos dobles c-FOS y NPY positivos / núcleos DAPI,324,WATER_NPY1;E7_FR7-1;E8_FR6-3,WATER_NPY2;WATER_NPY3;E8_FR6-4,E7_FR7-5;E9_FR8-1;E8_FR6-1,0.290736463487,0.088349968681,False,False,biological animal
double_occurrence,Ocurrencia espacial de núcleos dobles c-FOS y NPY positivos / núcleos DAPI,325,WATER_NPY1;E7_FR7-1;E8_FR6-3,WATER_NPY2;E7_FR7-5;E9_FR8-1,WATER_NPY3;E8_FR6-1;E8_FR6-4,0.976776945411,0.245620249468,False,False,biological animal
double_occurrence,Ocurrencia espacial de núcleos dobles c-FOS y NPY positivos / núcleos DAPI,326,WATER_NPY1;E7_FR7-1;E8_FR6-3,WATER_NPY2;E7_FR7-5;E8_FR6-1,WATER_NPY3;E9_FR8-1;E8_FR6-4,0.185125272004,0.0581218182002,False,False,biological animal
double_occurrence,Ocurrencia espacial de núcleos dobles c-FOS y NPY positivos / núcleos DAPI,327,WATER_NPY1;E7_FR7-1;E8_FR6-3,WATER_NPY2;E7_FR7-5;E8_FR6-4,WATER_NPY3;E9_FR8-1;E8_FR6-1,0.236565536142,0.0730915328301,False,False,biological animal
double_occurrence,Ocurrencia espacial de núcleos dobles c-FOS y NPY positivos / núcleos DAPI,328,WATER_NPY1;E7_FR7-1;E8_FR6-3,WATER_NPY2;E9_FR8-1;E8_FR6-1,WATER_NPY3;E7_FR7-5;E8_FR6-4,0.151690394816,0.0481298528135,False,False,biological animal
double_occurrence,Ocurrencia espacial de núcleos dobles c-FOS y NPY positivos / núcleos DAPI,329,WATER_NPY1;E7_FR7-1;E8_FR6-3,WATER_NPY2;E9_FR8-1;E8_FR6-4,WATER_NPY3;E7_FR7-5;E8_FR6-1,0.202372656548,0.063194599209,False,False,biological animal
double_occurrence,Ocurrencia espacial de núcleos dobles c-FOS y NPY positivos / núcleos DAPI,330,WATER_NPY1;E7_FR7-1;E8_FR6-3,WATER_NPY2;E8_FR6-1;E8_FR6-4,WATER_NPY3;E7_FR7-5;E9_FR8-1,1.29261372955,0.301125097899,False,False,biological animal
double_occurrence,Ocurrencia espacial de núcleos dobles c-FOS y NPY positivos / núcleos DAPI,331,WATER_NPY1;E7_FR7-1;E8_FR6-3,WATER_NPY3;E7_FR7-5;E9_FR8-1,WATER_NPY2;E8_FR6-1;E8_FR6-4,1.29261372955,0.301125097899,False,False,biological animal
double_occurrence,Ocurrencia espacial de núcleos dobles c-FOS y NPY positivos / núcleos DAPI,332,WATER_NPY1;E7_FR7-1;E8_FR6-3,WATER_NPY3;E7_FR7-5;E8_FR6-1,WATER_NPY2;E9_FR8-1;E8_FR6-4,0.202372656548,0.063194599209,False,False,biological animal
double_occurrence,Ocurrencia espacial de núcleos dobles c-FOS y NPY positivos / núcleos DAPI,333,WATER_NPY1;E7_FR7-1;E8_FR6-3,WATER_NPY3;E7_FR7-5;E8_FR6-4,WATER_NPY2;E9_FR8-1;E8_FR6-1,0.151690394816,0.0481298528135,False,False,biological animal
double_occurrence,Ocurrencia espacial de núcleos dobles c-FOS y NPY positivos / núcleos DAPI,334,WATER_NPY1;E7_FR7-1;E8_FR6-3,WATER_NPY3;E9_FR8-1;E8_FR6-1,WATER_NPY2;E7_FR7-5;E8_FR6-4,0.236565536142,0.0730915328301,False,False,biological animal
double_occurrence,Ocurrencia espacial de núcleos dobles c-FOS y NPY positivos / núcleos DAPI,335,WATER_NPY1;E7_FR7-1;E8_FR6-3,WATER_NPY3;E9_FR8-1;E8_FR6-4,WATER_NPY2;E7_FR7-5;E8_FR6-1,0.185125272004,0.0581218182002,False,False,biological animal
double_occurrence,Ocurrencia espacial de núcleos dobles c-FOS y NPY positivos / núcleos DAPI,336,WATER_NPY1;E7_FR7-1;E8_FR6-3,WATER_NPY3;E8_FR6-1;E8_FR6-4,WATER_NPY2;E7_FR7-5;E9_FR8-1,0.976776945411,0.245620249468,False,False,biological animal
double_occurrence,Ocurrencia espacial de núcleos dobles c-FOS y NPY positivos / núcleos DAPI,337,WATER_NPY1;E7_FR7-1;E8_FR6-3,E7_FR7-5;E9_FR8-1;E8_FR6-1,WATER_NPY2;WATER_NPY3;E8_FR6-4,0.290736463487,0.088349968681,False,False,biological animal
double_occurrence,Ocurrencia espacial de núcleos dobles c-FOS y NPY positivos / núcleos DAPI,338,WATER_NPY1;E7_FR7-1;E8_FR6-3,E7_FR7-5;E9_FR8-1;E8_FR6-4,WATER_NPY2;WATER_NPY3;E8_FR6-1,0.269125511933,0.0823233953395,False,False,biological animal
double_occurrence,Ocurrencia espacial de núcleos dobles c-FOS y NPY positivos / núcleos DAPI,339,WATER_NPY1;E7_FR7-1;E8_FR6-3,E7_FR7-5;E8_FR6-1;E8_FR6-4,WATER_NPY2;WATER_NPY3;E9_FR8-1,3.29403272442,0.523358054946,False,False,biological animal
double_occurrence,Ocurrencia espacial de núcleos dobles c-FOS y NPY positivos / núcleos DAPI,340,WATER_NPY1;E7_FR7-1;E8_FR6-3,E9_FR8-1;E8_FR6-1;E8_FR6-4,WATER_NPY2;WATER_NPY3;E7_FR7-5,2.07936045384,0.409374462147,False,False,biological animal
double_occurrence,Ocurrencia espacial de núcleos dobles c-FOS y NPY positivos / núcleos DAPI,341,WATER_NPY1;E7_FR7-1;E8_FR6-4,WATER_NPY2;WATER_NPY3;E7_FR7-5,E9_FR8-1;E8_FR6-1;E8_FR6-3,1.780426458,0.372440926273,False,False,biological animal
double_occurrence,Ocurrencia espacial de núcleos dobles c-FOS y NPY positivos / núcleos DAPI,342,WATER_NPY1;E7_FR7-1;E8_FR6-4,WATER_NPY2;WATER_NPY3;E9_FR8-1,E7_FR7-5;E8_FR6-1;E8_FR6-3,2.80411208859,0.483125075083,False,False,biological animal
double_occurrence,Ocurrencia espacial de núcleos dobles c-FOS y NPY positivos / núcleos DAPI,343,WATER_NPY1;E7_FR7-1;E8_FR6-4,WATER_NPY2;WATER_NPY3;E8_FR6-1,E7_FR7-5;E9_FR8-1;E8_FR6-3,0.271404502478,0.0829626853765,False,False,biological animal
double_occurrence,Ocurrencia espacial de núcleos dobles c-FOS y NPY positivos / núcleos DAPI,344,WATER_NPY1;E7_FR7-1;E8_FR6-4,WATER_NPY2;WATER_NPY3;E8_FR6-3,E7_FR7-5;E9_FR8-1;E8_FR6-1,0.388932394358,0.114765462718,False,False,biological animal
double_occurrence,Ocurrencia espacial de núcleos dobles c-FOS y NPY positivos / núcleos DAPI,345,WATER_NPY1;E7_FR7-1;E8_FR6-4,WATER_NPY2;E7_FR7-5;E9_FR8-1,WATER_NPY3;E8_FR6-1;E8_FR6-3,0.864717017283,0.223746528767,False,False,biological animal
double_occurrence,Ocurrencia espacial de núcleos dobles c-FOS y NPY positivos / núcleos DAPI,346,WATER_NPY1;E7_FR7-1;E8_FR6-4,WATER_NPY2;E7_FR7-5;E8_FR6-1,WATER_NPY3;E9_FR8-1;E8_FR6-3,0.250694775379,0.077120367399,False,False,biological animal
double_occurrence,Ocurrencia espacial de núcleos dobles c-FOS y NPY positivos / núcleos DAPI,347,WATER_NPY1;E7_FR7-1;E8_FR6-4,WATER_NPY2;E7_FR7-5;E8_FR6-3,WATER_NPY3;E9_FR8-1;E8_FR6-1,0.264942821662,0.081147767705,False,False,biological animal
double_occurrence,Ocurrencia espacial de núcleos dobles c-FOS y NPY positivos / núcleos DAPI,348,WATER_NPY1;E7_FR7-1;E8_FR6-4,WATER_NPY2;E9_FR8-1;E8_FR6-1,WATER_NPY3;E7_FR7-5;E8_FR6-3,0.204542616127,0.0638289580229,False,False,biological animal
double_occurrence,Ocurrencia espacial de núcleos dobles c-FOS y NPY positivos / núcleos DAPI,349,WATER_NPY1;E7_FR7-1;E8_FR6-4,WATER_NPY2;E9_FR8-1;E8_FR6-3,WATER_NPY3;E7_FR7-5;E8_FR6-1,0.241667190471,0.0745502780733,False,False,biological animal
double_occurrence,Ocurrencia espacial de núcleos dobles c-FOS y NPY positivos / núcleos DAPI,350,WATER_NPY1;E7_FR7-1;E8_FR6-4,WATER_NPY2;E8_FR6-1;E8_FR6-3,WATER_NPY3;E7_FR7-5;E9_FR8-1,1.11866424617,0.271608506863,False,False,biological animal
double_occurrence,Ocurrencia espacial de núcleos dobles c-FOS y NPY positivos / núcleos DAPI,351,WATER_NPY1;E7_FR7-1;E8_FR6-4,WATER_NPY3;E7_FR7-5;E9_FR8-1,WATER_NPY2;E8_FR6-1;E8_FR6-3,1.11866424617,0.271608506863,False,False,biological animal
double_occurrence,Ocurrencia espacial de núcleos dobles c-FOS y NPY positivos / núcleos DAPI,352,WATER_NPY1;E7_FR7-1;E8_FR6-4,WATER_NPY3;E7_FR7-5;E8_FR6-1,WATER_NPY2;E9_FR8-1;E8_FR6-3,0.241667190471,0.0745502780733,False,False,biological animal
double_occurrence,Ocurrencia espacial de núcleos dobles c-FOS y NPY positivos / núcleos DAPI,353,WATER_NPY1;E7_FR7-1;E8_FR6-4,WATER_NPY3;E7_FR7-5;E8_FR6-3,WATER_NPY2;E9_FR8-1;E8_FR6-1,0.204542616127,0.0638289580229,False,False,biological animal
double_occurrence,Ocurrencia espacial de núcleos dobles c-FOS y NPY positivos / núcleos DAPI,354,WATER_NPY1;E7_FR7-1;E8_FR6-4,WATER_NPY3;E9_FR8-1;E8_FR6-1,WATER_NPY2;E7_FR7-5;E8_FR6-3,0.264942821662,0.081147767705,False,False,biological animal
double_occurrence,Ocurrencia espacial de núcleos dobles c-FOS y NPY positivos / núcleos DAPI,355,WATER_NPY1;E7_FR7-1;E8_FR6-4,WATER_NPY3;E9_FR8-1;E8_FR6-3,WATER_NPY2;E7_FR7-5;E8_FR6-1,0.250694775379,0.077120367399,False,False,biological animal
double_occurrence,Ocurrencia espacial de núcleos dobles c-FOS y NPY positivos / núcleos DAPI,356,WATER_NPY1;E7_FR7-1;E8_FR6-4,WATER_NPY3;E8_FR6-1;E8_FR6-3,WATER_NPY2;E7_FR7-5;E9_FR8-1,0.864717017283,0.223746528767,False,False,biological animal
double_occurrence,Ocurrencia espacial de núcleos dobles c-FOS y NPY positivos / núcleos DAPI,357,WATER_NPY1;E7_FR7-1;E8_FR6-4,E7_FR7-5;E9_FR8-1;E8_FR6-1,WATER_NPY2;WATER_NPY3;E8_FR6-3,0.388932394358,0.114765462718,False,False,biological animal
double_occurrence,Ocurrencia espacial de núcleos dobles c-FOS y NPY positivos / núcleos DAPI,358,WATER_NPY1;E7_FR7-1;E8_FR6-4,E7_FR7-5;E9_FR8-1;E8_FR6-3,WATER_NPY2;WATER_NPY3;E8_FR6-1,0.271404502478,0.0829626853765,False,False,biological animal
double_occurrence,Ocurrencia espacial de núcleos dobles c-FOS y NPY positivos / núcleos DAPI,359,WATER_NPY1;E7_FR7-1;E8_FR6-4,E7_FR7-5;E8_FR6-1;E8_FR6-3,WATER_NPY2;WATER_NPY3;E9_FR8-1,2.80411208859,0.483125075083,False,False,biological animal
double_occurrence,Ocurrencia espacial de núcleos dobles c-FOS y NPY positivos / núcleos DAPI,360,WATER_NPY1;E7_FR7-1;E8_FR6-4,E9_FR8-1;E8_FR6-1;E8_FR6-3,WATER_NPY2;WATER_NPY3;E7_FR7-5,1.780426458,0.372440926273,False,False,biological animal
double_occurrence,Ocurrencia espacial de núcleos dobles c-FOS y NPY positivos / núcleos DAPI,361,WATER_NPY1;E7_FR7-5;E9_FR8-1,WATER_NPY2;WATER_NPY3;E7_FR7-1,E8_FR6-1;E8_FR6-3;E8_FR6-4,10.3030047021,0.77448703754,False,False,biological animal
double_occurrence,Ocurrencia espacial de núcleos dobles c-FOS y NPY positivos / núcleos DAPI,362,WATER_NPY1;E7_FR7-5;E9_FR8-1,WATER_NPY2;WATER_NPY3;E8_FR6-1,E7_FR7-1;E8_FR6-3;E8_FR6-4,0.945512382603,0.239642482627,False,False,biological animal
double_occurrence,Ocurrencia espacial de núcleos dobles c-FOS y NPY positivos / núcleos DAPI,363,WATER_NPY1;E7_FR7-5;E9_FR8-1,WATER_NPY2;WATER_NPY3;E8_FR6-3,E7_FR7-1;E8_FR6-1;E8_FR6-4,1.25150874663,0.294368145808,False,False,biological animal
double_occurrence,Ocurrencia espacial de núcleos dobles c-FOS y NPY positivos / núcleos DAPI,364,WATER_NPY1;E7_FR7-5;E9_FR8-1,WATER_NPY2;WATER_NPY3;E8_FR6-4,E7_FR7-1;E8_FR6-1;E8_FR6-3,0.882996965286,0.227400889874,False,False,biological animal
double_occurrence,Ocurrencia espacial de núcleos dobles c-FOS y NPY positivos / núcleos DAPI,365,WATER_NPY1;E7_FR7-5;E9_FR8-1,WATER_NPY2;E7_FR7-1;E8_FR6-1,WATER_NPY3;E8_FR6-3;E8_FR6-4,0.391615227157,0.115465700242,False,False,biological animal
double_occurrence,Ocurrencia espacial de núcleos dobles c-FOS y NPY positivos / núcleos DAPI,366,WATER_NPY1;E7_FR7-5;E9_FR8-1,WATER_NPY2;E7_FR7-1;E8_FR6-3,WATER_NPY3;E8_FR6-1;E8_FR6-4,0.508131163733,0.144843832804,False,False,biological animal
double_occurrence,Ocurrencia espacial de núcleos dobles c-FOS y NPY positivos / núcleos DAPI,367,WATER_NPY1;E7_FR7-5;E9_FR8-1,WATER_NPY2;E7_FR7-1;E8_FR6-4,WATER_NPY3;E8_FR6-1;E8_FR6-3,0.390721901528,0.115232659261,False,False,biological animal
double_occurrence,Ocurrencia espacial de núcleos dobles c-FOS y NPY positivos / núcleos DAPI,368,WATER_NPY1;E7_FR7-5;E9_FR8-1,WATER_NPY2;E8_FR6-1;E8_FR6-3,WATER_NPY3;E7_FR7-1;E8_FR6-4,0.436066518606,0.126908637026,False,False,biological animal
double_occurrence,Ocurrencia espacial de núcleos dobles c-FOS y NPY positivos / núcleos DAPI,369,WATER_NPY1;E7_FR7-5;E9_FR8-1,WATER_NPY2;E8_FR6-1;E8_FR6-4,WATER_NPY3;E7_FR7-1;E8_FR6-3,0.622337730568,0.171805551237,False,False,biological animal
double_occurrence,Ocurrencia espacial de núcleos dobles c-FOS y NPY positivos / núcleos DAPI,370,WATER_NPY1;E7_FR7-5;E9_FR8-1,WATER_NPY2;E8_FR6-3;E8_FR6-4,WATER_NPY3;E7_FR7-1;E8_FR6-1,0.559462586354,0.157176139033,False,False,biological animal
double_occurrence,Ocurrencia espacial de núcleos dobles c-FOS y NPY positivos / núcleos DAPI,371,WATER_NPY1;E7_FR7-5;E9_FR8-1,WATER_NPY3;E7_FR7-1;E8_FR6-1,WATER_NPY2;E8_FR6-3;E8_FR6-4,0.559462586354,0.157176139033,False,False,biological animal
double_occurrence,Ocurrencia espacial de núcleos dobles c-FOS y NPY positivos / núcleos DAPI,372,WATER_NPY1;E7_FR7-5;E9_FR8-1,WATER_NPY3;E7_FR7-1;E8_FR6-3,WATER_NPY2;E8_FR6-1;E8_FR6-4,0.622337730568,0.171805551237,False,False,biological animal
double_occurrence,Ocurrencia espacial de núcleos dobles c-FOS y NPY positivos / núcleos DAPI,373,WATER_NPY1;E7_FR7-5;E9_FR8-1,WATER_NPY3;E7_FR7-1;E8_FR6-4,WATER_NPY2;E8_FR6-1;E8_FR6-3,0.436066518606,0.126908637026,False,False,biological animal
double_occurrence,Ocurrencia espacial de núcleos dobles c-FOS y NPY positivos / núcleos DAPI,374,WATER_NPY1;E7_FR7-5;E9_FR8-1,WATER_NPY3;E8_FR6-1;E8_FR6-3,WATER_NPY2;E7_FR7-1;E8_FR6-4,0.390721901528,0.115232659261,False,False,biological animal
double_occurrence,Ocurrencia espacial de núcleos dobles c-FOS y NPY positivos / núcleos DAPI,375,WATER_NPY1;E7_FR7-5;E9_FR8-1,WATER_NPY3;E8_FR6-1;E8_FR6-4,WATER_NPY2;E7_FR7-1;E8_FR6-3,0.508131163733,0.144843832804,False,False,biological animal
double_occurrence,Ocurrencia espacial de núcleos dobles c-FOS y NPY positivos / núcleos DAPI,376,WATER_NPY1;E7_FR7-5;E9_FR8-1,WATER_NPY3;E8_FR6-3;E8_FR6-4,WATER_NPY2;E7_FR7-1;E8_FR6-1,0.391615227157,0.115465700242,False,False,biological animal
double_occurrence,Ocurrencia espacial de núcleos dobles c-FOS y NPY positivos / núcleos DAPI,377,WATER_NPY1;E7_FR7-5;E9_FR8-1,E7_FR7-1;E8_FR6-1;E8_FR6-3,WATER_NPY2;WATER_NPY3;E8_FR6-4,0.882996965286,0.227400889874,False,False,biological animal
double_occurrence,Ocurrencia espacial de núcleos dobles c-FOS y NPY positivos / núcleos DAPI,378,WATER_NPY1;E7_FR7-5;E9_FR8-1,E7_FR7-1;E8_FR6-1;E8_FR6-4,WATER_NPY2;WATER_NPY3;E8_FR6-3,1.25150874663,0.294368145808,False,False,biological animal
double_occurrence,Ocurrencia espacial de núcleos dobles c-FOS y NPY positivos / núcleos DAPI,379,WATER_NPY1;E7_FR7-5;E9_FR8-1,E7_FR7-1;E8_FR6-3;E8_FR6-4,WATER_NPY2;WATER_NPY3;E8_FR6-1,0.945512382603,0.239642482627,False,False,biological animal
double_occurrence,Ocurrencia espacial de núcleos dobles c-FOS y NPY positivos / núcleos DAPI,380,WATER_NPY1;E7_FR7-5;E9_FR8-1,E8_FR6-1;E8_FR6-3;E8_FR6-4,WATER_NPY2;WATER_NPY3;E7_FR7-1,10.3030047021,0.77448703754,False,False,biological animal
double_occurrence,Ocurrencia espacial de núcleos dobles c-FOS y NPY positivos / núcleos DAPI,381,WATER_NPY1;E7_FR7-5;E8_FR6-1,WATER_NPY2;WATER_NPY3;E7_FR7-1,E9_FR8-1;E8_FR6-3;E8_FR6-4,2.14749420455,0.417192155875,False,False,biological animal
double_occurrence,Ocurrencia espacial de núcleos dobles c-FOS y NPY positivos / núcleos DAPI,382,WATER_NPY1;E7_FR7-5;E8_FR6-1,WATER_NPY2;WATER_NPY3;E9_FR8-1,E7_FR7-1;E8_FR6-3;E8_FR6-4,2.94323562931,0.495224455647,False,False,biological animal
double_occurrence,Ocurrencia espacial de núcleos dobles c-FOS y NPY positivos / núcleos DAPI,383,WATER_NPY1;E7_FR7-5;E8_FR6-1,WATER_NPY2;WATER_NPY3;E8_FR6-3,E7_FR7-1;E9_FR8-1;E8_FR6-4,0.442241756666,0.128474926495,False,False,biological animal
double_occurrence,Ocurrencia espacial de núcleos dobles c-FOS y NPY positivos / núcleos DAPI,384,WATER_NPY1;E7_FR7-5;E8_FR6-1,WATER_NPY2;WATER_NPY3;E8_FR6-4,E7_FR7-1;E9_FR8-1;E8_FR6-3,0.34217129856,0.102379940462,False,False,biological animal
double_occurrence,Ocurrencia espacial de núcleos dobles c-FOS y NPY positivos / núcleos DAPI,385,WATER_NPY1;E7_FR7-5;E8_FR6-1,WATER_NPY2;E7_FR7-1;E9_FR8-1,WATER_NPY3;E8_FR6-3;E8_FR6-4,1.07519565347,0.263839026367,False,False,biological animal
double_occurrence,Ocurrencia espacial de núcleos dobles c-FOS y NPY positivos / núcleos DAPI,386,WATER_NPY1;E7_FR7-5;E8_FR6-1,WATER_NPY2;E7_FR7-1;E8_FR6-3,WATER_NPY3;E9_FR8-1;E8_FR6-4,0.282847732603,0.0861592603865,False,False,biological animal
double_occurrence,Ocurrencia espacial de núcleos dobles c-FOS y NPY positivos / núcleos DAPI,387,WATER_NPY1;E7_FR7-5;E8_FR6-1,WATER_NPY2;E7_FR7-1;E8_FR6-4,WATER_NPY3;E9_FR8-1;E8_FR6-3,0.323806405801,0.0974203567441,False,False,biological animal
double_occurrence,Ocurrencia espacial de núcleos dobles c-FOS y NPY positivos / núcleos DAPI,388,WATER_NPY1;E7_FR7-5;E8_FR6-1,WATER_NPY2;E9_FR8-1;E8_FR6-3,WATER_NPY3;E7_FR7-1;E8_FR6-4,0.274681248108,0.0838803007977,False,False,biological animal
double_occurrence,Ocurrencia espacial de núcleos dobles c-FOS y NPY positivos / núcleos DAPI,389,WATER_NPY1;E7_FR7-5;E8_FR6-1,WATER_NPY2;E9_FR8-1;E8_FR6-4,WATER_NPY3;E7_FR7-1;E8_FR6-3,0.289130868448,0.0879049451093,False,False,biological animal
double_occurrence,Ocurrencia espacial de núcleos dobles c-FOS y NPY positivos / núcleos DAPI,390,WATER_NPY1;E7_FR7-5;E8_FR6-1,WATER_NPY2;E8_FR6-3;E8_FR6-4,WATER_NPY3;E7_FR7-1;E9_FR8-1,1.48273362316,0.330765498868,False,False,biological animal
double_occurrence,Ocurrencia espacial de núcleos dobles c-FOS y NPY positivos / núcleos DAPI,391,WATER_NPY1;E7_FR7-5;E8_FR6-1,WATER_NPY3;E7_FR7-1;E9_FR8-1,WATER_NPY2;E8_FR6-3;E8_FR6-4,1.48273362316,0.330765498868,False,False,biological animal
double_occurrence,Ocurrencia espacial de núcleos dobles c-FOS y NPY positivos / núcleos DAPI,392,WATER_NPY1;E7_FR7-5;E8_FR6-1,WATER_NPY3;E7_FR7-1;E8_FR6-3,WATER_NPY2;E9_FR8-1;E8_FR6-4,0.289130868448,0.0879049451093,False,False,biological animal
double_occurrence,Ocurrencia espacial de núcleos dobles c-FOS y NPY positivos / núcleos DAPI,393,WATER_NPY1;E7_FR7-5;E8_FR6-1,WATER_NPY3;E7_FR7-1;E8_FR6-4,WATER_NPY2;E9_FR8-1;E8_FR6-3,0.274681248108,0.0838803007977,False,False,biological animal
double_occurrence,Ocurrencia espacial de núcleos dobles c-FOS y NPY positivos / núcleos DAPI,394,WATER_NPY1;E7_FR7-5;E8_FR6-1,WATER_NPY3;E9_FR8-1;E8_FR6-3,WATER_NPY2;E7_FR7-1;E8_FR6-4,0.323806405801,0.0974203567441,False,False,biological animal
double_occurrence,Ocurrencia espacial de núcleos dobles c-FOS y NPY positivos / núcleos DAPI,395,WATER_NPY1;E7_FR7-5;E8_FR6-1,WATER_NPY3;E9_FR8-1;E8_FR6-4,WATER_NPY2;E7_FR7-1;E8_FR6-3,0.282847732603,0.0861592603865,False,False,biological animal
double_occurrence,Ocurrencia espacial de núcleos dobles c-FOS y NPY positivos / núcleos DAPI,396,WATER_NPY1;E7_FR7-5;E8_FR6-1,WATER_NPY3;E8_FR6-3;E8_FR6-4,WATER_NPY2;E7_FR7-1;E9_FR8-1,1.07519565347,0.263839026367,False,False,biological animal
double_occurrence,Ocurrencia espacial de núcleos dobles c-FOS y NPY positivos / núcleos DAPI,397,WATER_NPY1;E7_FR7-5;E8_FR6-1,E7_FR7-1;E9_FR8-1;E8_FR6-3,WATER_NPY2;WATER_NPY3;E8_FR6-4,0.34217129856,0.102379940462,False,False,biological animal
double_occurrence,Ocurrencia espacial de núcleos dobles c-FOS y NPY positivos / núcleos DAPI,398,WATER_NPY1;E7_FR7-5;E8_FR6-1,E7_FR7-1;E9_FR8-1;E8_FR6-4,WATER_NPY2;WATER_NPY3;E8_FR6-3,0.442241756666,0.128474926495,False,False,biological animal
double_occurrence,Ocurrencia espacial de núcleos dobles c-FOS y NPY positivos / núcleos DAPI,399,WATER_NPY1;E7_FR7-5;E8_FR6-1,E7_FR7-1;E8_FR6-3;E8_FR6-4,WATER_NPY2;WATER_NPY3;E9_FR8-1,2.94323562931,0.495224455647,False,False,biological animal
double_occurrence,Ocurrencia espacial de núcleos dobles c-FOS y NPY positivos / núcleos DAPI,400,WATER_NPY1;E7_FR7-5;E8_FR6-1,E9_FR8-1;E8_FR6-3;E8_FR6-4,WATER_NPY2;WATER_NPY3;E7_FR7-1,2.14749420455,0.417192155875,False,False,biological animal
double_occurrence,Ocurrencia espacial de núcleos dobles c-FOS y NPY positivos / núcleos DAPI,401,WATER_NPY1;E7_FR7-5;E8_FR6-3,WATER_NPY2;WATER_NPY3;E7_FR7-1,E9_FR8-1;E8_FR6-1;E8_FR6-4,2.40619263213,0.445080816734,False,False,biological animal
double_occurrence,Ocurrencia espacial de núcleos dobles c-FOS y NPY positivos / núcleos DAPI,402,WATER_NPY1;E7_FR7-5;E8_FR6-3,WATER_NPY2;WATER_NPY3;E9_FR8-1,E7_FR7-1;E8_FR6-1;E8_FR6-4,3.31906412141,0.525246153171,False,False,biological animal
double_occurrence,Ocurrencia espacial de núcleos dobles c-FOS y NPY positivos / núcleos DAPI,403,WATER_NPY1;E7_FR7-5;E8_FR6-3,WATER_NPY2;WATER_NPY3;E8_FR6-1,E7_FR7-1;E9_FR8-1;E8_FR6-4,0.347358620296,0.103770960838,False,False,biological animal
double_occurrence,Ocurrencia espacial de núcleos dobles c-FOS y NPY positivos / núcleos DAPI,404,WATER_NPY1;E7_FR7-5;E8_FR6-3,WATER_NPY2;WATER_NPY3;E8_FR6-4,E7_FR7-1;E9_FR8-1;E8_FR6-1,0.364227516592,0.108264828938,False,False,biological animal
double_occurrence,Ocurrencia espacial de núcleos dobles c-FOS y NPY positivos / núcleos DAPI,405,WATER_NPY1;E7_FR7-5;E8_FR6-3,WATER_NPY2;E7_FR7-1;E9_FR8-1,WATER_NPY3;E8_FR6-1;E8_FR6-4,1.1735469825,0.28118695858,False,False,biological animal
double_occurrence,Ocurrencia espacial de núcleos dobles c-FOS y NPY positivos / núcleos DAPI,406,WATER_NPY1;E7_FR7-5;E8_FR6-3,WATER_NPY2;E7_FR7-1;E8_FR6-1,WATER_NPY3;E9_FR8-1;E8_FR6-4,0.240192418315,0.0741290600389,False,False,biological animal
double_occurrence,Ocurrencia espacial de núcleos dobles c-FOS y NPY positivos / núcleos DAPI,407,WATER_NPY1;E7_FR7-5;E8_FR6-3,WATER_NPY2;E7_FR7-1;E8_FR6-4,WATER_NPY3;E9_FR8-1;E8_FR6-1,0.298992579712,0.0906314799102,False,False,biological animal
double_occurrence,Ocurrencia espacial de núcleos dobles c-FOS y NPY positivos / núcleos DAPI,408,WATER_NPY1;E7_FR7-5;E8_FR6-3,WATER_NPY2;E9_FR8-1;E8_FR6-1,WATER_NPY3;E7_FR7-1;E8_FR6-4,0.22482535497,0.0697170637857,False,False,biological animal
double_occurrence,Ocurrencia espacial de núcleos dobles c-FOS y NPY positivos / núcleos DAPI,409,WATER_NPY1;E7_FR7-5;E8_FR6-3,WATER_NPY2;E9_FR8-1;E8_FR6-4,WATER_NPY3;E7_FR7-1;E8_FR6-1,0.272426584109,0.0832491049399,False,False,biological animal
double_occurrence,Ocurrencia espacial de núcleos dobles c-FOS y NPY positivos / núcleos DAPI,410,WATER_NPY1;E7_FR7-5;E8_FR6-3,WATER_NPY2;E8_FR6-1;E8_FR6-4,WATER_NPY3;E7_FR7-1;E9_FR8-1,1.55055027167,0.340739070903,False,False,biological animal
double_occurrence,Ocurrencia espacial de núcleos dobles c-FOS y NPY positivos / núcleos DAPI,411,WATER_NPY1;E7_FR7-5;E8_FR6-3,WATER_NPY3;E7_FR7-1;E9_FR8-1,WATER_NPY2;E8_FR6-1;E8_FR6-4,1.55055027167,0.340739070903,False,False,biological animal
double_occurrence,Ocurrencia espacial de núcleos dobles c-FOS y NPY positivos / núcleos DAPI,412,WATER_NPY1;E7_FR7-5;E8_FR6-3,WATER_NPY3;E7_FR7-1;E8_FR6-1,WATER_NPY2;E9_FR8-1;E8_FR6-4,0.272426584109,0.0832491049399,False,False,biological animal
double_occurrence,Ocurrencia espacial de núcleos dobles c-FOS y NPY positivos / núcleos DAPI,413,WATER_NPY1;E7_FR7-5;E8_FR6-3,WATER_NPY3;E7_FR7-1;E8_FR6-4,WATER_NPY2;E9_FR8-1;E8_FR6-1,0.22482535497,0.0697170637857,False,False,biological animal
double_occurrence,Ocurrencia espacial de núcleos dobles c-FOS y NPY positivos / núcleos DAPI,414,WATER_NPY1;E7_FR7-5;E8_FR6-3,WATER_NPY3;E9_FR8-1;E8_FR6-1,WATER_NPY2;E7_FR7-1;E8_FR6-4,0.298992579712,0.0906314799102,False,False,biological animal
double_occurrence,Ocurrencia espacial de núcleos dobles c-FOS y NPY positivos / núcleos DAPI,415,WATER_NPY1;E7_FR7-5;E8_FR6-3,WATER_NPY3;E9_FR8-1;E8_FR6-4,WATER_NPY2;E7_FR7-1;E8_FR6-1,0.240192418315,0.0741290600389,False,False,biological animal
double_occurrence,Ocurrencia espacial de núcleos dobles c-FOS y NPY positivos / núcleos DAPI,416,WATER_NPY1;E7_FR7-5;E8_FR6-3,WATER_NPY3;E8_FR6-1;E8_FR6-4,WATER_NPY2;E7_FR7-1;E9_FR8-1,1.1735469825,0.28118695858,False,False,biological animal
double_occurrence,Ocurrencia espacial de núcleos dobles c-FOS y NPY positivos / núcleos DAPI,417,WATER_NPY1;E7_FR7-5;E8_FR6-3,E7_FR7-1;E9_FR8-1;E8_FR6-1,WATER_NPY2;WATER_NPY3;E8_FR6-4,0.364227516592,0.108264828938,False,False,biological animal
double_occurrence,Ocurrencia espacial de núcleos dobles c-FOS y NPY positivos / núcleos DAPI,418,WATER_NPY1;E7_FR7-5;E8_FR6-3,E7_FR7-1;E9_FR8-1;E8_FR6-4,WATER_NPY2;WATER_NPY3;E8_FR6-1,0.347358620296,0.103770960838,False,False,biological animal
double_occurrence,Ocurrencia espacial de núcleos dobles c-FOS y NPY positivos / núcleos DAPI,419,WATER_NPY1;E7_FR7-5;E8_FR6-3,E7_FR7-1;E8_FR6-1;E8_FR6-4,WATER_NPY2;WATER_NPY3;E9_FR8-1,3.31906412141,0.525246153171,False,False,biological animal
double_occurrence,Ocurrencia espacial de núcleos dobles c-FOS y NPY positivos / núcleos DAPI,420,WATER_NPY1;E7_FR7-5;E8_FR6-3,E9_FR8-1;E8_FR6-1;E8_FR6-4,WATER_NPY2;WATER_NPY3;E7_FR7-1,2.40619263213,0.445080816734,False,False,biological animal
double_occurrence,Ocurrencia espacial de núcleos dobles c-FOS y NPY positivos / núcleos DAPI,421,WATER_NPY1;E7_FR7-5;E8_FR6-4,WATER_NPY2;WATER_NPY3;E7_FR7-1,E9_FR8-1;E8_FR6-1;E8_FR6-3,2.06609992891,0.407828498826,False,False,biological animal
double_occurrence,Ocurrencia espacial de núcleos dobles c-FOS y NPY positivos / núcleos DAPI,422,WATER_NPY1;E7_FR7-5;E8_FR6-4,WATER_NPY2;WATER_NPY3;E9_FR8-1,E7_FR7-1;E8_FR6-1;E8_FR6-3,2.8181886927,0.48437560924,False,False,biological animal
double_occurrence,Ocurrencia espacial de núcleos dobles c-FOS y NPY positivos / núcleos DAPI,423,WATER_NPY1;E7_FR7-5;E8_FR6-4,WATER_NPY2;WATER_NPY3;E8_FR6-1,E7_FR7-1;E9_FR8-1;E8_FR6-3,0.347365066697,0.103772686808,False,False,biological animal
double_occurrence,Ocurrencia espacial de núcleos dobles c-FOS y NPY positivos / núcleos DAPI,424,WATER_NPY1;E7_FR7-5;E8_FR6-4,WATER_NPY2;WATER_NPY3;E8_FR6-3,E7_FR7-1;E9_FR8-1;E8_FR6-1,0.465650085905,0.134361540941,False,False,biological animal
double_occurrence,Ocurrencia espacial de núcleos dobles c-FOS y NPY positivos / núcleos DAPI,425,WATER_NPY1;E7_FR7-5;E8_FR6-4,WATER_NPY2;E7_FR7-1;E9_FR8-1,WATER_NPY3;E8_FR6-1;E8_FR6-3,1.04855270472,0.258994455846,False,False,biological animal
double_occurrence,Ocurrencia espacial de núcleos dobles c-FOS y NPY positivos / núcleos DAPI,426,WATER_NPY1;E7_FR7-5;E8_FR6-4,WATER_NPY2;E7_FR7-1;E8_FR6-1,WATER_NPY3;E9_FR8-1;E8_FR6-3,0.306910483658,0.0928088272043,False,False,biological animal
double_occurrence,Ocurrencia espacial de núcleos dobles c-FOS y NPY positivos / núcleos DAPI,427,WATER_NPY1;E7_FR7-5;E8_FR6-4,WATER_NPY2;E7_FR7-1;E8_FR6-3,WATER_NPY3;E9_FR8-1;E8_FR6-1,0.326127281232,0.0980501507181,False,False,biological animal
double_occurrence,Ocurrencia espacial de núcleos dobles c-FOS y NPY positivos / núcleos DAPI,428,WATER_NPY1;E7_FR7-5;E8_FR6-4,WATER_NPY2;E9_FR8-1;E8_FR6-1,WATER_NPY3;E7_FR7-1;E8_FR6-3,0.27789539903,0.0847786049281,False,False,biological animal
double_occurrence,Ocurrencia espacial de núcleos dobles c-FOS y NPY positivos / núcleos DAPI,429,WATER_NPY1;E7_FR7-5;E8_FR6-4,WATER_NPY2;E9_FR8-1;E8_FR6-3,WATER_NPY3;E7_FR7-1;E8_FR6-1,0.312303890483,0.0942860017707,False,False,biological animal
double_occurrence,Ocurrencia espacial de núcleos dobles c-FOS y NPY positivos / núcleos DAPI,430,WATER_NPY1;E7_FR7-5;E8_FR6-4,WATER_NPY2;E8_FR6-1;E8_FR6-3,WATER_NPY3;E7_FR7-1;E9_FR8-1,1.35352793299,0.310903697834,False,False,biological animal
double_occurrence,Ocurrencia espacial de núcleos dobles c-FOS y NPY positivos / núcleos DAPI,431,WATER_NPY1;E7_FR7-5;E8_FR6-4,WATER_NPY3;E7_FR7-1;E9_FR8-1,WATER_NPY2;E8_FR6-1;E8_FR6-3,1.35352793299,0.310903697834,False,False,biological animal
double_occurrence,Ocurrencia espacial de núcleos dobles c-FOS y NPY positivos / núcleos DAPI,432,WATER_NPY1;E7_FR7-5;E8_FR6-4,WATER_NPY3;E7_FR7-1;E8_FR6-1,WATER_NPY2;E9_FR8-1;E8_FR6-3,0.312303890483,0.0942860017707,False,False,biological animal
double_occurrence,Ocurrencia espacial de núcleos dobles c-FOS y NPY positivos / núcleos DAPI,433,WATER_NPY1;E7_FR7-5;E8_FR6-4,WATER_NPY3;E7_FR7-1;E8_FR6-3,WATER_NPY2;E9_FR8-1;E8_FR6-1,0.27789539903,0.0847786049281,False,False,biological animal
double_occurrence,Ocurrencia espacial de núcleos dobles c-FOS y NPY positivos / núcleos DAPI,434,WATER_NPY1;E7_FR7-5;E8_FR6-4,WATER_NPY3;E9_FR8-1;E8_FR6-1,WATER_NPY2;E7_FR7-1;E8_FR6-3,0.326127281232,0.0980501507181,False,False,biological animal
double_occurrence,Ocurrencia espacial de núcleos dobles c-FOS y NPY positivos / núcleos DAPI,435,WATER_NPY1;E7_FR7-5;E8_FR6-4,WATER_NPY3;E9_FR8-1;E8_FR6-3,WATER_NPY2;E7_FR7-1;E8_FR6-1,0.306910483658,0.0928088272043,False,False,biological animal
double_occurrence,Ocurrencia espacial de núcleos dobles c-FOS y NPY positivos / núcleos DAPI,436,WATER_NPY1;E7_FR7-5;E8_FR6-4,WATER_NPY3;E8_FR6-1;E8_FR6-3,WATER_NPY2;E7_FR7-1;E9_FR8-1,1.04855270472,0.258994455846,False,False,biological animal
double_occurrence,Ocurrencia espacial de núcleos dobles c-FOS y NPY positivos / núcleos DAPI,437,WATER_NPY1;E7_FR7-5;E8_FR6-4,E7_FR7-1;E9_FR8-1;E8_FR6-1,WATER_NPY2;WATER_NPY3;E8_FR6-3,0.465650085905,0.134361540941,False,False,biological animal
double_occurrence,Ocurrencia espacial de núcleos dobles c-FOS y NPY positivos / núcleos DAPI,438,WATER_NPY1;E7_FR7-5;E8_FR6-4,E7_FR7-1;E9_FR8-1;E8_FR6-3,WATER_NPY2;WATER_NPY3;E8_FR6-1,0.347365066697,0.103772686808,False,False,biological animal
double_occurrence,Ocurrencia espacial de núcleos dobles c-FOS y NPY positivos / núcleos DAPI,439,WATER_NPY1;E7_FR7-5;E8_FR6-4,E7_FR7-1;E8_FR6-1;E8_FR6-3,WATER_NPY2;WATER_NPY3;E9_FR8-1,2.8181886927,0.48437560924,False,False,biological animal
double_occurrence,Ocurrencia espacial de núcleos dobles c-FOS y NPY positivos / núcleos DAPI,440,WATER_NPY1;E7_FR7-5;E8_FR6-4,E9_FR8-1;E8_FR6-1;E8_FR6-3,WATER_NPY2;WATER_NPY3;E7_FR7-1,2.06609992891,0.407828498826,False,False,biological animal
double_occurrence,Ocurrencia espacial de núcleos dobles c-FOS y NPY positivos / núcleos DAPI,441,WATER_NPY1;E9_FR8-1;E8_FR6-1,WATER_NPY2;WATER_NPY3;E7_FR7-1,E7_FR7-5;E8_FR6-3;E8_FR6-4,2.19008578972,0.421974872566,False,False,biological animal
double_occurrence,Ocurrencia espacial de núcleos dobles c-FOS y NPY positivos / núcleos DAPI,442,WATER_NPY1;E9_FR8-1;E8_FR6-1,WATER_NPY2;WATER_NPY3;E7_FR7-5,E7_FR7-1;E8_FR6-3;E8_FR6-4,1.91296308748,0.389370539412,False,False,biological animal
double_occurrence,Ocurrencia espacial de núcleos dobles c-FOS y NPY positivos / núcleos DAPI,443,WATER_NPY1;E9_FR8-1;E8_FR6-1,WATER_NPY2;WATER_NPY3;E8_FR6-3,E7_FR7-1;E7_FR7-5;E8_FR6-4,0.331110071469,0.099399318655,False,False,biological animal
double_occurrence,Ocurrencia espacial de núcleos dobles c-FOS y NPY positivos / núcleos DAPI,444,WATER_NPY1;E9_FR8-1;E8_FR6-1,WATER_NPY2;WATER_NPY3;E8_FR6-4,E7_FR7-1;E7_FR7-5;E8_FR6-3,0.225823408456,0.0700048886322,False,False,biological animal
double_occurrence,Ocurrencia espacial de núcleos dobles c-FOS y NPY positivos / núcleos DAPI,445,WATER_NPY1;E9_FR8-1;E8_FR6-1,WATER_NPY2;E7_FR7-1;E7_FR7-5,WATER_NPY3;E8_FR6-3;E8_FR6-4,0.670926431326,0.182767604821,False,False,biological animal
double_occurrence,Ocurrencia espacial de núcleos dobles c-FOS y NPY positivos / núcleos DAPI,446,WATER_NPY1;E9_FR8-1;E8_FR6-1,WATER_NPY2;E7_FR7-1;E8_FR6-3,WATER_NPY3;E7_FR7-5;E8_FR6-4,0.100138048483,0.032301157857,False,False,biological animal
double_occurrence,Ocurrencia espacial de núcleos dobles c-FOS y NPY positivos / núcleos DAPI,447,WATER_NPY1;E9_FR8-1;E8_FR6-1,WATER_NPY2;E7_FR7-1;E8_FR6-4,WATER_NPY3;E7_FR7-5;E8_FR6-3,0.125855736302,0.0402628102251,False,False,biological animal
double_occurrence,Ocurrencia espacial de núcleos dobles c-FOS y NPY positivos / núcleos DAPI,448,WATER_NPY1;E9_FR8-1;E8_FR6-1,WATER_NPY2;E7_FR7-5;E8_FR6-3,WATER_NPY3;E7_FR7-1;E8_FR6-4,0.114188587558,0.0366672037826,False,False,biological animal
double_occurrence,Ocurrencia espacial de núcleos dobles c-FOS y NPY positivos / núcleos DAPI,449,WATER_NPY1;E9_FR8-1;E8_FR6-1,WATER_NPY2;E7_FR7-5;E8_FR6-4,WATER_NPY3;E7_FR7-1;E8_FR6-3,0.138046730284,0.0439912920837,False,False,biological animal
double_occurrence,Ocurrencia espacial de núcleos dobles c-FOS y NPY positivos / núcleos DAPI,450,WATER_NPY1;E9_FR8-1;E8_FR6-1,WATER_NPY2;E8_FR6-3;E8_FR6-4,WATER_NPY3;E7_FR7-1;E7_FR7-5,0.946068439781,0.239749627818,False,False,biological animal
double_occurrence,Ocurrencia espacial de núcleos dobles c-FOS y NPY positivos / núcleos DAPI,451,WATER_NPY1;E9_FR8-1;E8_FR6-1,WATER_NPY3;E7_FR7-1;E7_FR7-5,WATER_NPY2;E8_FR6-3;E8_FR6-4,0.946068439781,0.239749627818,False,False,biological animal
double_occurrence,Ocurrencia espacial de núcleos dobles c-FOS y NPY positivos / núcleos DAPI,452,WATER_NPY1;E9_FR8-1;E8_FR6-1,WATER_NPY3;E7_FR7-1;E8_FR6-3,WATER_NPY2;E7_FR7-5;E8_FR6-4,0.138046730284,0.0439912920837,False,False,biological animal
double_occurrence,Ocurrencia espacial de núcleos dobles c-FOS y NPY positivos / núcleos DAPI,453,WATER_NPY1;E9_FR8-1;E8_FR6-1,WATER_NPY3;E7_FR7-1;E8_FR6-4,WATER_NPY2;E7_FR7-5;E8_FR6-3,0.114188587558,0.0366672037826,False,False,biological animal
double_occurrence,Ocurrencia espacial de núcleos dobles c-FOS y NPY positivos / núcleos DAPI,454,WATER_NPY1;E9_FR8-1;E8_FR6-1,WATER_NPY3;E7_FR7-5;E8_FR6-3,WATER_NPY2;E7_FR7-1;E8_FR6-4,0.125855736302,0.0402628102251,False,False,biological animal
double_occurrence,Ocurrencia espacial de núcleos dobles c-FOS y NPY positivos / núcleos DAPI,455,WATER_NPY1;E9_FR8-1;E8_FR6-1,WATER_NPY3;E7_FR7-5;E8_FR6-4,WATER_NPY2;E7_FR7-1;E8_FR6-3,0.100138048483,0.032301157857,False,False,biological animal
double_occurrence,Ocurrencia espacial de núcleos dobles c-FOS y NPY positivos / núcleos DAPI,456,WATER_NPY1;E9_FR8-1;E8_FR6-1,WATER_NPY3;E8_FR6-3;E8_FR6-4,WATER_NPY2;E7_FR7-1;E7_FR7-5,0.670926431326,0.182767604821,False,False,biological animal
double_occurrence,Ocurrencia espacial de núcleos dobles c-FOS y NPY positivos / núcleos DAPI,457,WATER_NPY1;E9_FR8-1;E8_FR6-1,E7_FR7-1;E7_FR7-5;E8_FR6-3,WATER_NPY2;WATER_NPY3;E8_FR6-4,0.225823408456,0.0700048886322,False,False,biological animal
double_occurrence,Ocurrencia espacial de núcleos dobles c-FOS y NPY positivos / núcleos DAPI,458,WATER_NPY1;E9_FR8-1;E8_FR6-1,E7_FR7-1;E7_FR7-5;E8_FR6-4,WATER_NPY2;WATER_NPY3;E8_FR6-3,0.331110071469,0.099399318655,False,False,biological animal
double_occurrence,Ocurrencia espacial de núcleos dobles c-FOS y NPY positivos / núcleos DAPI,459,WATER_NPY1;E9_FR8-1;E8_FR6-1,E7_FR7-1;E8_FR6-3;E8_FR6-4,WATER_NPY2;WATER_NPY3;E7_FR7-5,1.91296308748,0.389370539412,False,False,biological animal
double_occurrence,Ocurrencia espacial de núcleos dobles c-FOS y NPY positivos / núcleos DAPI,460,WATER_NPY1;E9_FR8-1;E8_FR6-1,E7_FR7-5;E8_FR6-3;E8_FR6-4,WATER_NPY2;WATER_NPY3;E7_FR7-1,2.19008578972,0.421974872566,False,False,biological animal
double_occurrence,Ocurrencia espacial de núcleos dobles c-FOS y NPY positivos / núcleos DAPI,461,WATER_NPY1;E9_FR8-1;E8_FR6-3,WATER_NPY2;WATER_NPY3;E7_FR7-1,E7_FR7-5;E8_FR6-1;E8_FR6-4,2.52036276419,0.456557453169,False,False,biological animal
double_occurrence,Ocurrencia espacial de núcleos dobles c-FOS y NPY positivos / núcleos DAPI,462,WATER_NPY1;E9_FR8-1;E8_FR6-3,WATER_NPY2;WATER_NPY3;E7_FR7-5,E7_FR7-1;E8_FR6-1;E8_FR6-4,2.19695774147,0.422739196807,False,False,biological animal
double_occurrence,Ocurrencia espacial de núcleos dobles c-FOS y NPY positivos / núcleos DAPI,463,WATER_NPY1;E9_FR8-1;E8_FR6-3,WATER_NPY2;WATER_NPY3;E8_FR6-1,E7_FR7-1;E7_FR7-5;E8_FR6-4,0.253945427081,0.0780423128697,False,False,biological animal
double_occurrence,Ocurrencia espacial de núcleos dobles c-FOS y NPY positivos / núcleos DAPI,464,WATER_NPY1;E9_FR8-1;E8_FR6-3,WATER_NPY2;WATER_NPY3;E8_FR6-4,E7_FR7-1;E7_FR7-5;E8_FR6-1,0.270053071553,0.0825836968527,False,False,biological animal
double_occurrence,Ocurrencia espacial de núcleos dobles c-FOS y NPY positivos / núcleos DAPI,465,WATER_NPY1;E9_FR8-1;E8_FR6-3,WATER_NPY2;E7_FR7-1;E7_FR7-5,WATER_NPY3;E8_FR6-1;E8_FR6-4,0.766301006982,0.203462496906,False,False,biological animal
double_occurrence,Ocurrencia espacial de núcleos dobles c-FOS y NPY positivos / núcleos DAPI,466,WATER_NPY1;E9_FR8-1;E8_FR6-3,WATER_NPY2;E7_FR7-1;E8_FR6-1,WATER_NPY3;E7_FR7-5;E8_FR6-4,0.0725676488808,0.0236179173816,False,False,biological animal
double_occurrence,Ocurrencia espacial de núcleos dobles c-FOS y NPY positivos / núcleos DAPI,467,WATER_NPY1;E9_FR8-1;E8_FR6-3,WATER_NPY2;E7_FR7-1;E8_FR6-4,WATER_NPY3;E7_FR7-5;E8_FR6-1,0.125546492479,0.0401678531357,False,False,biological animal
double_occurrence,Ocurrencia espacial de núcleos dobles c-FOS y NPY positivos / núcleos DAPI,468,WATER_NPY1;E9_FR8-1;E8_FR6-3,WATER_NPY2;E7_FR7-5;E8_FR6-1,WATER_NPY3;E7_FR7-1;E8_FR6-4,0.0902281302528,0.0291978865151,False,False,biological animal
double_occurrence,Ocurrencia espacial de núcleos dobles c-FOS y NPY positivos / núcleos DAPI,469,WATER_NPY1;E9_FR8-1;E8_FR6-3,WATER_NPY2;E7_FR7-5;E8_FR6-4,WATER_NPY3;E7_FR7-1;E8_FR6-1,0.133756275802,0.0426824117865,False,False,biological animal
double_occurrence,Ocurrencia espacial de núcleos dobles c-FOS y NPY positivos / núcleos DAPI,470,WATER_NPY1;E9_FR8-1;E8_FR6-3,WATER_NPY2;E8_FR6-1;E8_FR6-4,WATER_NPY3;E7_FR7-1;E7_FR7-5,1.0164414892,0.253070159725,False,False,biological animal
double_occurrence,Ocurrencia espacial de núcleos dobles c-FOS y NPY positivos / núcleos DAPI,471,WATER_NPY1;E9_FR8-1;E8_FR6-3,WATER_NPY3;E7_FR7-1;E7_FR7-5,WATER_NPY2;E8_FR6-1;E8_FR6-4,1.0164414892,0.253070159725,False,False,biological animal
double_occurrence,Ocurrencia espacial de núcleos dobles c-FOS y NPY positivos / núcleos DAPI,472,WATER_NPY1;E9_FR8-1;E8_FR6-3,WATER_NPY3;E7_FR7-1;E8_FR6-1,WATER_NPY2;E7_FR7-5;E8_FR6-4,0.133756275802,0.0426824117865,False,False,biological animal
double_occurrence,Ocurrencia espacial de núcleos dobles c-FOS y NPY positivos / núcleos DAPI,473,WATER_NPY1;E9_FR8-1;E8_FR6-3,WATER_NPY3;E7_FR7-1;E8_FR6-4,WATER_NPY2;E7_FR7-5;E8_FR6-1,0.0902281302528,0.0291978865151,False,False,biological animal
double_occurrence,Ocurrencia espacial de núcleos dobles c-FOS y NPY positivos / núcleos DAPI,474,WATER_NPY1;E9_FR8-1;E8_FR6-3,WATER_NPY3;E7_FR7-5;E8_FR6-1,WATER_NPY2;E7_FR7-1;E8_FR6-4,0.125546492479,0.0401678531357,False,False,biological animal
double_occurrence,Ocurrencia espacial de núcleos dobles c-FOS y NPY positivos / núcleos DAPI,475,WATER_NPY1;E9_FR8-1;E8_FR6-3,WATER_NPY3;E7_FR7-5;E8_FR6-4,WATER_NPY2;E7_FR7-1;E8_FR6-1,0.0725676488808,0.0236179173816,False,False,biological animal
double_occurrence,Ocurrencia espacial de núcleos dobles c-FOS y NPY positivos / núcleos DAPI,476,WATER_NPY1;E9_FR8-1;E8_FR6-3,WATER_NPY3;E8_FR6-1;E8_FR6-4,WATER_NPY2;E7_FR7-1;E7_FR7-5,0.766301006982,0.203462496906,False,False,biological animal
double_occurrence,Ocurrencia espacial de núcleos dobles c-FOS y NPY positivos / núcleos DAPI,477,WATER_NPY1;E9_FR8-1;E8_FR6-3,E7_FR7-1;E7_FR7-5;E8_FR6-1,WATER_NPY2;WATER_NPY3;E8_FR6-4,0.270053071553,0.0825836968527,False,False,biological animal
double_occurrence,Ocurrencia espacial de núcleos dobles c-FOS y NPY positivos / núcleos DAPI,478,WATER_NPY1;E9_FR8-1;E8_FR6-3,E7_FR7-1;E7_FR7-5;E8_FR6-4,WATER_NPY2;WATER_NPY3;E8_FR6-1,0.253945427081,0.0780423128697,False,False,biological animal
double_occurrence,Ocurrencia espacial de núcleos dobles c-FOS y NPY positivos / núcleos DAPI,479,WATER_NPY1;E9_FR8-1;E8_FR6-3,E7_FR7-1;E8_FR6-1;E8_FR6-4,WATER_NPY2;WATER_NPY3;E7_FR7-5,2.19695774147,0.422739196807,False,False,biological animal
double_occurrence,Ocurrencia espacial de núcleos dobles c-FOS y NPY positivos / núcleos DAPI,480,WATER_NPY1;E9_FR8-1;E8_FR6-3,E7_FR7-5;E8_FR6-1;E8_FR6-4,WATER_NPY2;WATER_NPY3;E7_FR7-1,2.52036276419,0.456557453169,False,False,biological animal
double_occurrence,Ocurrencia espacial de núcleos dobles c-FOS y NPY positivos / núcleos DAPI,481,WATER_NPY1;E9_FR8-1;E8_FR6-4,WATER_NPY2;WATER_NPY3;E7_FR7-1,E7_FR7-5;E8_FR6-1;E8_FR6-3,2.10817625102,0.412706247283,False,False,biological animal
double_occurrence,Ocurrencia espacial de núcleos dobles c-FOS y NPY positivos / núcleos DAPI,482,WATER_NPY1;E9_FR8-1;E8_FR6-4,WATER_NPY2;WATER_NPY3;E7_FR7-5,E7_FR7-1;E8_FR6-1;E8_FR6-3,1.82756896328,0.378569208888,False,False,biological animal
double_occurrence,Ocurrencia espacial de núcleos dobles c-FOS y NPY positivos / núcleos DAPI,483,WATER_NPY1;E9_FR8-1;E8_FR6-4,WATER_NPY2;WATER_NPY3;E8_FR6-1,E7_FR7-1;E7_FR7-5;E8_FR6-3,0.230826916451,0.0714451508607,False,False,biological animal
double_occurrence,Ocurrencia espacial de núcleos dobles c-FOS y NPY positivos / núcleos DAPI,484,WATER_NPY1;E9_FR8-1;E8_FR6-4,WATER_NPY2;WATER_NPY3;E8_FR6-3,E7_FR7-1;E7_FR7-5;E8_FR6-1,0.353382705022,0.105380964866,False,False,biological animal
double_occurrence,Ocurrencia espacial de núcleos dobles c-FOS y NPY positivos / núcleos DAPI,485,WATER_NPY1;E9_FR8-1;E8_FR6-4,WATER_NPY2;E7_FR7-1;E7_FR7-5,WATER_NPY3;E8_FR6-1;E8_FR6-3,0.649504285601,0.177970550182,False,False,biological animal
double_occurrence,Ocurrencia espacial de núcleos dobles c-FOS y NPY positivos / núcleos DAPI,486,WATER_NPY1;E9_FR8-1;E8_FR6-4,WATER_NPY2;E7_FR7-1;E8_FR6-1,WATER_NPY3;E7_FR7-5;E8_FR6-3,0.111061138701,0.0356987965681,False,False,biological animal
double_occurrence,Ocurrencia espacial de núcleos dobles c-FOS y NPY positivos / núcleos DAPI,487,WATER_NPY1;E9_FR8-1;E8_FR6-4,WATER_NPY2;E7_FR7-1;E8_FR6-3,WATER_NPY3;E7_FR7-5;E8_FR6-1,0.139017938416,0.044287079954,False,False,biological animal
double_occurrence,Ocurrencia espacial de núcleos dobles c-FOS y NPY positivos / núcleos DAPI,488,WATER_NPY1;E9_FR8-1;E8_FR6-4,WATER_NPY2;E7_FR7-5;E8_FR6-1,WATER_NPY3;E7_FR7-1;E8_FR6-3,0.128128074857,0.040959983668,False,False,biological animal
double_occurrence,Ocurrencia espacial de núcleos dobles c-FOS y NPY positivos / núcleos DAPI,489,WATER_NPY1;E9_FR8-1;E8_FR6-4,WATER_NPY2;E7_FR7-5;E8_FR6-3,WATER_NPY3;E7_FR7-1;E8_FR6-1,0.148351654266,0.0471204206383,False,False,biological animal
double_occurrence,Ocurrencia espacial de núcleos dobles c-FOS y NPY positivos / núcleos DAPI,490,WATER_NPY1;E9_FR8-1;E8_FR6-4,WATER_NPY2;E8_FR6-1;E8_FR6-3,WATER_NPY3;E7_FR7-1;E7_FR7-5,0.845835049438,0.219935342667,False,False,biological animal
double_occurrence,Ocurrencia espacial de núcleos dobles c-FOS y NPY positivos / núcleos DAPI,491,WATER_NPY1;E9_FR8-1;E8_FR6-4,WATER_NPY3;E7_FR7-1;E7_FR7-5,WATER_NPY2;E8_FR6-1;E8_FR6-3,0.845835049438,0.219935342667,False,False,biological animal
double_occurrence,Ocurrencia espacial de núcleos dobles c-FOS y NPY positivos / núcleos DAPI,492,WATER_NPY1;E9_FR8-1;E8_FR6-4,WATER_NPY3;E7_FR7-1;E8_FR6-1,WATER_NPY2;E7_FR7-5;E8_FR6-3,0.148351654266,0.0471204206383,False,False,biological animal
double_occurrence,Ocurrencia espacial de núcleos dobles c-FOS y NPY positivos / núcleos DAPI,493,WATER_NPY1;E9_FR8-1;E8_FR6-4,WATER_NPY3;E7_FR7-1;E8_FR6-3,WATER_NPY2;E7_FR7-5;E8_FR6-1,0.128128074857,0.040959983668,False,False,biological animal
double_occurrence,Ocurrencia espacial de núcleos dobles c-FOS y NPY positivos / núcleos DAPI,494,WATER_NPY1;E9_FR8-1;E8_FR6-4,WATER_NPY3;E7_FR7-5;E8_FR6-1,WATER_NPY2;E7_FR7-1;E8_FR6-3,0.139017938416,0.044287079954,False,False,biological animal
double_occurrence,Ocurrencia espacial de núcleos dobles c-FOS y NPY positivos / núcleos DAPI,495,WATER_NPY1;E9_FR8-1;E8_FR6-4,WATER_NPY3;E7_FR7-5;E8_FR6-3,WATER_NPY2;E7_FR7-1;E8_FR6-1,0.111061138701,0.0356987965681,False,False,biological animal
double_occurrence,Ocurrencia espacial de núcleos dobles c-FOS y NPY positivos / núcleos DAPI,496,WATER_NPY1;E9_FR8-1;E8_FR6-4,WATER_NPY3;E8_FR6-1;E8_FR6-3,WATER_NPY2;E7_FR7-1;E7_FR7-5,0.649504285601,0.177970550182,False,False,biological animal
double_occurrence,Ocurrencia espacial de núcleos dobles c-FOS y NPY positivos / núcleos DAPI,497,WATER_NPY1;E9_FR8-1;E8_FR6-4,E7_FR7-1;E7_FR7-5;E8_FR6-1,WATER_NPY2;WATER_NPY3;E8_FR6-3,0.353382705022,0.105380964866,False,False,biological animal
double_occurrence,Ocurrencia espacial de núcleos dobles c-FOS y NPY positivos / núcleos DAPI,498,WATER_NPY1;E9_FR8-1;E8_FR6-4,E7_FR7-1;E7_FR7-5;E8_FR6-3,WATER_NPY2;WATER_NPY3;E8_FR6-1,0.230826916451,0.0714451508607,False,False,biological animal
double_occurrence,Ocurrencia espacial de núcleos dobles c-FOS y NPY positivos / núcleos DAPI,499,WATER_NPY1;E9_FR8-1;E8_FR6-4,E7_FR7-1;E8_FR6-1;E8_FR6-3,WATER_NPY2;WATER_NPY3;E7_FR7-5,1.82756896328,0.378569208888,False,False,biological animal
double_occurrence,Ocurrencia espacial de núcleos dobles c-FOS y NPY positivos / núcleos DAPI,500,WATER_NPY1;E9_FR8-1;E8_FR6-4,E7_FR7-5;E8_FR6-1;E8_FR6-3,WATER_NPY2;WATER_NPY3;E7_FR7-1,2.10817625102,0.412706247283,False,False,biological animal
double_occurrence,Ocurrencia espacial de núcleos dobles c-FOS y NPY positivos / núcleos DAPI,501,WATER_NPY1;E8_FR6-1;E8_FR6-3,WATER_NPY2;WATER_NPY3;E7_FR7-1,E7_FR7-5;E9_FR8-1;E8_FR6-4,2.38548359587,0.442946961662,False,False,biological animal
double_occurrence,Ocurrencia espacial de núcleos dobles c-FOS y NPY positivos / núcleos DAPI,502,WATER_NPY1;E8_FR6-1;E8_FR6-3,WATER_NPY2;WATER_NPY3;E7_FR7-5,E7_FR7-1;E9_FR8-1;E8_FR6-4,2.25107280469,0.428688172573,False,False,biological animal
double_occurrence,Ocurrencia espacial de núcleos dobles c-FOS y NPY positivos / núcleos DAPI,503,WATER_NPY1;E8_FR6-1;E8_FR6-3,WATER_NPY2;WATER_NPY3;E9_FR8-1,E7_FR7-1;E7_FR7-5;E8_FR6-4,3.06632287712,0.505466480969,False,False,biological animal
double_occurrence,Ocurrencia espacial de núcleos dobles c-FOS y NPY positivos / núcleos DAPI,504,WATER_NPY1;E8_FR6-1;E8_FR6-3,WATER_NPY2;WATER_NPY3;E8_FR6-4,E7_FR7-1;E7_FR7-5;E9_FR8-1,1.29336344997,0.301247137598,False,False,biological animal
double_occurrence,Ocurrencia espacial de núcleos dobles c-FOS y NPY positivos / núcleos DAPI,505,WATER_NPY1;E8_FR6-1;E8_FR6-3,WATER_NPY2;E7_FR7-1;E7_FR7-5,WATER_NPY3;E9_FR8-1;E8_FR6-4,1.38994486947,0.316620119568,False,False,biological animal
double_occurrence,Ocurrencia espacial de núcleos dobles c-FOS y NPY positivos / núcleos DAPI,506,WATER_NPY1;E8_FR6-1;E8_FR6-3,WATER_NPY2;E7_FR7-1;E9_FR8-1,WATER_NPY3;E7_FR7-5;E8_FR6-4,1.57200987739,0.343833438585,False,False,biological animal
double_occurrence,Ocurrencia espacial de núcleos dobles c-FOS y NPY positivos / núcleos DAPI,507,WATER_NPY1;E8_FR6-1;E8_FR6-3,WATER_NPY2;E7_FR7-1;E8_FR6-4,WATER_NPY3;E7_FR7-5;E9_FR8-1,1.73215931564,0.366039940776,False,False,biological animal
double_occurrence,Ocurrencia espacial de núcleos dobles c-FOS y NPY positivos / núcleos DAPI,508,WATER_NPY1;E8_FR6-1;E8_FR6-3,WATER_NPY2;E7_FR7-5;E9_FR8-1,WATER_NPY3;E7_FR7-1;E8_FR6-4,1.47663603661,0.329853940445,False,False,biological animal
double_occurrence,Ocurrencia espacial de núcleos dobles c-FOS y NPY positivos / núcleos DAPI,509,WATER_NPY1;E8_FR6-1;E8_FR6-3,WATER_NPY2;E7_FR7-5;E8_FR6-4,WATER_NPY3;E7_FR7-1;E9_FR8-1,1.90287379796,0.388113966701,False,False,biological animal
double_occurrence,Ocurrencia espacial de núcleos dobles c-FOS y NPY positivos / núcleos DAPI,510,WATER_NPY1;E8_FR6-1;E8_FR6-3,WATER_NPY2;E9_FR8-1;E8_FR6-4,WATER_NPY3;E7_FR7-1;E7_FR7-5,1.5524332095,0.341011748676,False,False,biological animal
double_occurrence,Ocurrencia espacial de núcleos dobles c-FOS y NPY positivos / núcleos DAPI,511,WATER_NPY1;E8_FR6-1;E8_FR6-3,WATER_NPY3;E7_FR7-1;E7_FR7-5,WATER_NPY2;E9_FR8-1;E8_FR6-4,1.5524332095,0.341011748676,False,False,biological animal
double_occurrence,Ocurrencia espacial de núcleos dobles c-FOS y NPY positivos / núcleos DAPI,512,WATER_NPY1;E8_FR6-1;E8_FR6-3,WATER_NPY3;E7_FR7-1;E9_FR8-1,WATER_NPY2;E7_FR7-5;E8_FR6-4,1.90287379796,0.388113966701,False,False,biological animal
double_occurrence,Ocurrencia espacial de núcleos dobles c-FOS y NPY positivos / núcleos DAPI,513,WATER_NPY1;E8_FR6-1;E8_FR6-3,WATER_NPY3;E7_FR7-1;E8_FR6-4,WATER_NPY2;E7_FR7-5;E9_FR8-1,1.47663603661,0.329853940445,False,False,biological animal
double_occurrence,Ocurrencia espacial de núcleos dobles c-FOS y NPY positivos / núcleos DAPI,514,WATER_NPY1;E8_FR6-1;E8_FR6-3,WATER_NPY3;E7_FR7-5;E9_FR8-1,WATER_NPY2;E7_FR7-1;E8_FR6-4,1.73215931564,0.366039940776,False,False,biological animal
double_occurrence,Ocurrencia espacial de núcleos dobles c-FOS y NPY positivos / núcleos DAPI,515,WATER_NPY1;E8_FR6-1;E8_FR6-3,WATER_NPY3;E7_FR7-5;E8_FR6-4,WATER_NPY2;E7_FR7-1;E9_FR8-1,1.57200987739,0.343833438585,False,False,biological animal
double_occurrence,Ocurrencia espacial de núcleos dobles c-FOS y NPY positivos / núcleos DAPI,516,WATER_NPY1;E8_FR6-1;E8_FR6-3,WATER_NPY3;E9_FR8-1;E8_FR6-4,WATER_NPY2;E7_FR7-1;E7_FR7-5,1.38994486947,0.316620119568,False,False,biological animal
double_occurrence,Ocurrencia espacial de núcleos dobles c-FOS y NPY positivos / núcleos DAPI,517,WATER_NPY1;E8_FR6-1;E8_FR6-3,E7_FR7-1;E7_FR7-5;E9_FR8-1,WATER_NPY2;WATER_NPY3;E8_FR6-4,1.29336344997,0.301247137598,False,False,biological animal
double_occurrence,Ocurrencia espacial de núcleos dobles c-FOS y NPY positivos / núcleos DAPI,518,WATER_NPY1;E8_FR6-1;E8_FR6-3,E7_FR7-1;E7_FR7-5;E8_FR6-4,WATER_NPY2;WATER_NPY3;E9_FR8-1,3.06632287712,0.505466480969,False,False,biological animal
double_occurrence,Ocurrencia espacial de núcleos dobles c-FOS y NPY positivos / núcleos DAPI,519,WATER_NPY1;E8_FR6-1;E8_FR6-3,E7_FR7-1;E9_FR8-1;E8_FR6-4,WATER_NPY2;WATER_NPY3;E7_FR7-5,2.25107280469,0.428688172573,False,False,biological animal
double_occurrence,Ocurrencia espacial de núcleos dobles c-FOS y NPY positivos / núcleos DAPI,520,WATER_NPY1;E8_FR6-1;E8_FR6-3,E7_FR7-5;E9_FR8-1;E8_FR6-4,WATER_NPY2;WATER_NPY3;E7_FR7-1,2.38548359587,0.442946961662,False,False,biological animal
double_occurrence,Ocurrencia espacial de núcleos dobles c-FOS y NPY positivos / núcleos DAPI,521,WATER_NPY1;E8_FR6-1;E8_FR6-4,WATER_NPY2;WATER_NPY3;E7_FR7-1,E7_FR7-5;E9_FR8-1;E8_FR6-3,2.77856866477,0.480840295576,False,False,biological animal
double_occurrence,Ocurrencia espacial de núcleos dobles c-FOS y NPY positivos / núcleos DAPI,522,WATER_NPY1;E8_FR6-1;E8_FR6-4,WATER_NPY2;WATER_NPY3;E7_FR7-5,E7_FR7-1;E9_FR8-1;E8_FR6-3,2.62074289627,0.466262724454,False,False,biological animal
double_occurrence,Ocurrencia espacial de núcleos dobles c-FOS y NPY positivos / núcleos DAPI,523,WATER_NPY1;E8_FR6-1;E8_FR6-4,WATER_NPY2;WATER_NPY3;E9_FR8-1,E7_FR7-1;E7_FR7-5;E8_FR6-3,3.51807751339,0.53974158886,False,False,biological animal
double_occurrence,Ocurrencia espacial de núcleos dobles c-FOS y NPY positivos / núcleos DAPI,524,WATER_NPY1;E8_FR6-1;E8_FR6-4,WATER_NPY2;WATER_NPY3;E8_FR6-3,E7_FR7-1;E7_FR7-5;E9_FR8-1,1.72378959472,0.364916675511,False,False,biological animal
double_occurrence,Ocurrencia espacial de núcleos dobles c-FOS y NPY positivos / núcleos DAPI,525,WATER_NPY1;E8_FR6-1;E8_FR6-4,WATER_NPY2;E7_FR7-1;E7_FR7-5,WATER_NPY3;E9_FR8-1;E8_FR6-3,1.783717852,0.372872712644,False,False,biological animal
double_occurrence,Ocurrencia espacial de núcleos dobles c-FOS y NPY positivos / núcleos DAPI,526,WATER_NPY1;E8_FR6-1;E8_FR6-4,WATER_NPY2;E7_FR7-1;E9_FR8-1,WATER_NPY3;E7_FR7-5;E8_FR6-3,1.97336421685,0.396786587671,False,False,biological animal
double_occurrence,Ocurrencia espacial de núcleos dobles c-FOS y NPY positivos / núcleos DAPI,527,WATER_NPY1;E8_FR6-1;E8_FR6-4,WATER_NPY2;E7_FR7-1;E8_FR6-3,WATER_NPY3;E7_FR7-5;E9_FR8-1,2.09365047812,0.411031437495,False,False,biological animal
double_occurrence,Ocurrencia espacial de núcleos dobles c-FOS y NPY positivos / núcleos DAPI,528,WATER_NPY1;E8_FR6-1;E8_FR6-4,WATER_NPY2;E7_FR7-5;E9_FR8-1,WATER_NPY3;E7_FR7-1;E8_FR6-3,1.85820760388,0.382488307498,False,False,biological animal
double_occurrence,Ocurrencia espacial de núcleos dobles c-FOS y NPY positivos / núcleos DAPI,529,WATER_NPY1;E8_FR6-1;E8_FR6-4,WATER_NPY2;E7_FR7-5;E8_FR6-3,WATER_NPY3;E7_FR7-1;E9_FR8-1,2.29496713533,0.433424245453,False,False,biological animal
double_occurrence,Ocurrencia espacial de núcleos dobles c-FOS y NPY positivos / núcleos DAPI,530,WATER_NPY1;E8_FR6-1;E8_FR6-4,WATER_NPY2;E9_FR8-1;E8_FR6-3,WATER_NPY3;E7_FR7-1;E7_FR7-5,1.91498285002,0.389621471418,False,False,biological animal
double_occurrence,Ocurrencia espacial de núcleos dobles c-FOS y NPY positivos / núcleos DAPI,531,WATER_NPY1;E8_FR6-1;E8_FR6-4,WATER_NPY3;E7_FR7-1;E7_FR7-5,WATER_NPY2;E9_FR8-1;E8_FR6-3,1.91498285002,0.389621471418,False,False,biological animal
double_occurrence,Ocurrencia espacial de núcleos dobles c-FOS y NPY positivos / núcleos DAPI,532,WATER_NPY1;E8_FR6-1;E8_FR6-4,WATER_NPY3;E7_FR7-1;E9_FR8-1,WATER_NPY2;E7_FR7-5;E8_FR6-3,2.29496713533,0.433424245453,False,False,biological animal
double_occurrence,Ocurrencia espacial de núcleos dobles c-FOS y NPY positivos / núcleos DAPI,533,WATER_NPY1;E8_FR6-1;E8_FR6-4,WATER_NPY3;E7_FR7-1;E8_FR6-3,WATER_NPY2;E7_FR7-5;E9_FR8-1,1.85820760388,0.382488307498,False,False,biological animal
double_occurrence,Ocurrencia espacial de núcleos dobles c-FOS y NPY positivos / núcleos DAPI,534,WATER_NPY1;E8_FR6-1;E8_FR6-4,WATER_NPY3;E7_FR7-5;E9_FR8-1,WATER_NPY2;E7_FR7-1;E8_FR6-3,2.09365047812,0.411031437495,False,False,biological animal
double_occurrence,Ocurrencia espacial de núcleos dobles c-FOS y NPY positivos / núcleos DAPI,535,WATER_NPY1;E8_FR6-1;E8_FR6-4,WATER_NPY3;E7_FR7-5;E8_FR6-3,WATER_NPY2;E7_FR7-1;E9_FR8-1,1.97336421685,0.396786587671,False,False,biological animal
double_occurrence,Ocurrencia espacial de núcleos dobles c-FOS y NPY positivos / núcleos DAPI,536,WATER_NPY1;E8_FR6-1;E8_FR6-4,WATER_NPY3;E9_FR8-1;E8_FR6-3,WATER_NPY2;E7_FR7-1;E7_FR7-5,1.783717852,0.372872712644,False,False,biological animal
double_occurrence,Ocurrencia espacial de núcleos dobles c-FOS y NPY positivos / núcleos DAPI,537,WATER_NPY1;E8_FR6-1;E8_FR6-4,E7_FR7-1;E7_FR7-5;E9_FR8-1,WATER_NPY2;WATER_NPY3;E8_FR6-3,1.72378959472,0.364916675511,False,False,biological animal
double_occurrence,Ocurrencia espacial de núcleos dobles c-FOS y NPY positivos / núcleos DAPI,538,WATER_NPY1;E8_FR6-1;E8_FR6-4,E7_FR7-1;E7_FR7-5;E8_FR6-3,WATER_NPY2;WATER_NPY3;E9_FR8-1,3.51807751339,0.53974158886,False,False,biological animal
double_occurrence,Ocurrencia espacial de núcleos dobles c-FOS y NPY positivos / núcleos DAPI,539,WATER_NPY1;E8_FR6-1;E8_FR6-4,E7_FR7-1;E9_FR8-1;E8_FR6-3,WATER_NPY2;WATER_NPY3;E7_FR7-5,2.62074289627,0.466262724454,False,False,biological animal
double_occurrence,Ocurrencia espacial de núcleos dobles c-FOS y NPY positivos / núcleos DAPI,540,WATER_NPY1;E8_FR6-1;E8_FR6-4,E7_FR7-5;E9_FR8-1;E8_FR6-3,WATER_NPY2;WATER_NPY3;E7_FR7-1,2.77856866477,0.480840295576,False,False,biological animal
double_occurrence,Ocurrencia espacial de núcleos dobles c-FOS y NPY positivos / núcleos DAPI,541,WATER_NPY1;E8_FR6-3;E8_FR6-4,WATER_NPY2;WATER_NPY3;E7_FR7-1,E7_FR7-5;E9_FR8-1;E8_FR6-1,2.63009444111,0.467149258084,False,False,biological animal
double_occurrence,Ocurrencia espacial de núcleos dobles c-FOS y NPY positivos / núcleos DAPI,542,WATER_NPY1;E8_FR6-3;E8_FR6-4,WATER_NPY2;WATER_NPY3;E7_FR7-5,E7_FR7-1;E9_FR8-1;E8_FR6-1,2.46804420405,0.451357763755,False,False,biological animal
double_occurrence,Ocurrencia espacial de núcleos dobles c-FOS y NPY positivos / núcleos DAPI,543,WATER_NPY1;E8_FR6-3;E8_FR6-4,WATER_NPY2;WATER_NPY3;E9_FR8-1,E7_FR7-1;E7_FR7-5;E8_FR6-1,3.35840535409,0.528183588033,False,False,biological animal
double_occurrence,Ocurrencia espacial de núcleos dobles c-FOS y NPY positivos / núcleos DAPI,544,WATER_NPY1;E8_FR6-3;E8_FR6-4,WATER_NPY2;WATER_NPY3;E8_FR6-1,E7_FR7-1;E7_FR7-5;E9_FR8-1,1.40802346519,0.319422860679,False,False,biological animal
double_occurrence,Ocurrencia espacial de núcleos dobles c-FOS y NPY positivos / núcleos DAPI,545,WATER_NPY1;E8_FR6-3;E8_FR6-4,WATER_NPY2;E7_FR7-1;E7_FR7-5,WATER_NPY3;E9_FR8-1;E8_FR6-1,1.58220932565,0.345293986635,False,False,biological animal
double_occurrence,Ocurrencia espacial de núcleos dobles c-FOS y NPY positivos / núcleos DAPI,546,WATER_NPY1;E8_FR6-3;E8_FR6-4,WATER_NPY2;E7_FR7-1;E9_FR8-1,WATER_NPY3;E7_FR7-5;E8_FR6-1,1.78129421177,0.372554821535,False,False,biological animal
double_occurrence,Ocurrencia espacial de núcleos dobles c-FOS y NPY positivos / núcleos DAPI,547,WATER_NPY1;E8_FR6-3;E8_FR6-4,WATER_NPY2;E7_FR7-1;E8_FR6-1,WATER_NPY3;E7_FR7-5;E9_FR8-1,1.82479084044,0.378211387972,False,False,biological animal
double_occurrence,Ocurrencia espacial de núcleos dobles c-FOS y NPY positivos / núcleos DAPI,548,WATER_NPY1;E8_FR6-3;E8_FR6-4,WATER_NPY2;E7_FR7-5;E9_FR8-1,WATER_NPY3;E7_FR7-1;E8_FR6-1,1.6659391193,0.357042618153,False,False,biological animal
double_occurrence,Ocurrencia espacial de núcleos dobles c-FOS y NPY positivos / núcleos DAPI,549,WATER_NPY1;E8_FR6-3;E8_FR6-4,WATER_NPY2;E7_FR7-5;E8_FR6-1,WATER_NPY3;E7_FR7-1;E9_FR8-1,2.01519704287,0.401818119138,False,False,biological animal
double_occurrence,Ocurrencia espacial de núcleos dobles c-FOS y NPY positivos / núcleos DAPI,550,WATER_NPY1;E8_FR6-3;E8_FR6-4,WATER_NPY2;E9_FR8-1;E8_FR6-1,WATER_NPY3;E7_FR7-1;E7_FR7-5,1.64877271056,0.35466838523,False,False,biological animal
double_occurrence,Ocurrencia espacial de núcleos dobles c-FOS y NPY positivos / núcleos DAPI,551,WATER_NPY1;E8_FR6-3;E8_FR6-4,WATER_NPY3;E7_FR7-1;E7_FR7-5,WATER_NPY2;E9_FR8-1;E8_FR6-1,1.64877271056,0.35466838523,False,False,biological animal
double_occurrence,Ocurrencia espacial de núcleos dobles c-FOS y NPY positivos / núcleos DAPI,552,WATER_NPY1;E8_FR6-3;E8_FR6-4,WATER_NPY3;E7_FR7-1;E9_FR8-1,WATER_NPY2;E7_FR7-5;E8_FR6-1,2.01519704287,0.401818119138,False,False,biological animal
double_occurrence,Ocurrencia espacial de núcleos dobles c-FOS y NPY positivos / núcleos DAPI,553,WATER_NPY1;E8_FR6-3;E8_FR6-4,WATER_NPY3;E7_FR7-1;E8_FR6-1,WATER_NPY2;E7_FR7-5;E9_FR8-1,1.6659391193,0.357042618153,False,False,biological animal
double_occurrence,Ocurrencia espacial de núcleos dobles c-FOS y NPY positivos / núcleos DAPI,554,WATER_NPY1;E8_FR6-3;E8_FR6-4,WATER_NPY3;E7_FR7-5;E9_FR8-1,WATER_NPY2;E7_FR7-1;E8_FR6-1,1.82479084044,0.378211387972,False,False,biological animal
double_occurrence,Ocurrencia espacial de núcleos dobles c-FOS y NPY positivos / núcleos DAPI,555,WATER_NPY1;E8_FR6-3;E8_FR6-4,WATER_NPY3;E7_FR7-5;E8_FR6-1,WATER_NPY2;E7_FR7-1;E9_FR8-1,1.78129421177,0.372554821535,False,False,biological animal
double_occurrence,Ocurrencia espacial de núcleos dobles c-FOS y NPY positivos / núcleos DAPI,556,WATER_NPY1;E8_FR6-3;E8_FR6-4,WATER_NPY3;E9_FR8-1;E8_FR6-1,WATER_NPY2;E7_FR7-1;E7_FR7-5,1.58220932565,0.345293986635,False,False,biological animal
double_occurrence,Ocurrencia espacial de núcleos dobles c-FOS y NPY positivos / núcleos DAPI,557,WATER_NPY1;E8_FR6-3;E8_FR6-4,E7_FR7-1;E7_FR7-5;E9_FR8-1,WATER_NPY2;WATER_NPY3;E8_FR6-1,1.40802346519,0.319422860679,False,False,biological animal
double_occurrence,Ocurrencia espacial de núcleos dobles c-FOS y NPY positivos / núcleos DAPI,558,WATER_NPY1;E8_FR6-3;E8_FR6-4,E7_FR7-1;E7_FR7-5;E8_FR6-1,WATER_NPY2;WATER_NPY3;E9_FR8-1,3.35840535409,0.528183588033,False,False,biological animal
double_occurrence,Ocurrencia espacial de núcleos dobles c-FOS y NPY positivos / núcleos DAPI,559,WATER_NPY1;E8_FR6-3;E8_FR6-4,E7_FR7-1;E9_FR8-1;E8_FR6-1,WATER_NPY2;WATER_NPY3;E7_FR7-5,2.46804420405,0.451357763755,False,False,biological animal
double_occurrence,Ocurrencia espacial de núcleos dobles c-FOS y NPY positivos / núcleos DAPI,560,WATER_NPY1;E8_FR6-3;E8_FR6-4,E7_FR7-5;E9_FR8-1;E8_FR6-1,WATER_NPY2;WATER_NPY3;E7_FR7-1,2.63009444111,0.467149258084,False,False,biological animal
double_occurrence,Ocurrencia espacial de núcleos dobles c-FOS y NPY positivos / núcleos DAPI,561,WATER_NPY2;WATER_NPY3;E7_FR7-1,WATER_NPY1;E7_FR7-5;E9_FR8-1,E8_FR6-1;E8_FR6-3;E8_FR6-4,10.3030047021,0.77448703754,False,False,biological animal
double_occurrence,Ocurrencia espacial de núcleos dobles c-FOS y NPY positivos / núcleos DAPI,562,WATER_NPY2;WATER_NPY3;E7_FR7-1,WATER_NPY1;E7_FR7-5;E8_FR6-1,E9_FR8-1;E8_FR6-3;E8_FR6-4,2.14749420455,0.417192155875,False,False,biological animal
double_occurrence,Ocurrencia espacial de núcleos dobles c-FOS y NPY positivos / núcleos DAPI,563,WATER_NPY2;WATER_NPY3;E7_FR7-1,WATER_NPY1;E7_FR7-5;E8_FR6-3,E9_FR8-1;E8_FR6-1;E8_FR6-4,2.40619263213,0.445080816734,False,False,biological animal
double_occurrence,Ocurrencia espacial de núcleos dobles c-FOS y NPY positivos / núcleos DAPI,564,WATER_NPY2;WATER_NPY3;E7_FR7-1,WATER_NPY1;E7_FR7-5;E8_FR6-4,E9_FR8-1;E8_FR6-1;E8_FR6-3,2.06609992891,0.407828498826,False,False,biological animal
double_occurrence,Ocurrencia espacial de núcleos dobles c-FOS y NPY positivos / núcleos DAPI,565,WATER_NPY2;WATER_NPY3;E7_FR7-1,WATER_NPY1;E9_FR8-1;E8_FR6-1,E7_FR7-5;E8_FR6-3;E8_FR6-4,2.19008578972,0.421974872566,False,False,biological animal
double_occurrence,Ocurrencia espacial de núcleos dobles c-FOS y NPY positivos / núcleos DAPI,566,WATER_NPY2;WATER_NPY3;E7_FR7-1,WATER_NPY1;E9_FR8-1;E8_FR6-3,E7_FR7-5;E8_FR6-1;E8_FR6-4,2.52036276419,0.456557453169,False,False,biological animal
double_occurrence,Ocurrencia espacial de núcleos dobles c-FOS y NPY positivos / núcleos DAPI,567,WATER_NPY2;WATER_NPY3;E7_FR7-1,WATER_NPY1;E9_FR8-1;E8_FR6-4,E7_FR7-5;E8_FR6-1;E8_FR6-3,2.10817625102,0.412706247283,False,False,biological animal
double_occurrence,Ocurrencia espacial de núcleos dobles c-FOS y NPY positivos / núcleos DAPI,568,WATER_NPY2;WATER_NPY3;E7_FR7-1,WATER_NPY1;E8_FR6-1;E8_FR6-3,E7_FR7-5;E9_FR8-1;E8_FR6-4,2.38548359587,0.442946961662,False,False,biological animal
double_occurrence,Ocurrencia espacial de núcleos dobles c-FOS y NPY positivos / núcleos DAPI,569,WATER_NPY2;WATER_NPY3;E7_FR7-1,WATER_NPY1;E8_FR6-1;E8_FR6-4,E7_FR7-5;E9_FR8-1;E8_FR6-3,2.77856866477,0.480840295576,False,False,biological animal
double_occurrence,Ocurrencia espacial de núcleos dobles c-FOS y NPY positivos / núcleos DAPI,570,WATER_NPY2;WATER_NPY3;E7_FR7-1,WATER_NPY1;E8_FR6-3;E8_FR6-4,E7_FR7-5;E9_FR8-1;E8_FR6-1,2.63009444111,0.467149258084,False,False,biological animal
double_occurrence,Ocurrencia espacial de núcleos dobles c-FOS y NPY positivos / núcleos DAPI,571,WATER_NPY2;WATER_NPY3;E7_FR7-1,E7_FR7-5;E9_FR8-1;E8_FR6-1,WATER_NPY1;E8_FR6-3;E8_FR6-4,2.63009444111,0.467149258084,False,False,biological animal
double_occurrence,Ocurrencia espacial de núcleos dobles c-FOS y NPY positivos / núcleos DAPI,572,WATER_NPY2;WATER_NPY3;E7_FR7-1,E7_FR7-5;E9_FR8-1;E8_FR6-3,WATER_NPY1;E8_FR6-1;E8_FR6-4,2.77856866477,0.480840295576,False,False,biological animal
double_occurrence,Ocurrencia espacial de núcleos dobles c-FOS y NPY positivos / núcleos DAPI,573,WATER_NPY2;WATER_NPY3;E7_FR7-1,E7_FR7-5;E9_FR8-1;E8_FR6-4,WATER_NPY1;E8_FR6-1;E8_FR6-3,2.38548359587,0.442946961662,False,False,biological animal
double_occurrence,Ocurrencia espacial de núcleos dobles c-FOS y NPY positivos / núcleos DAPI,574,WATER_NPY2;WATER_NPY3;E7_FR7-1,E7_FR7-5;E8_FR6-1;E8_FR6-3,WATER_NPY1;E9_FR8-1;E8_FR6-4,2.10817625102,0.412706247283,False,False,biological animal
double_occurrence,Ocurrencia espacial de núcleos dobles c-FOS y NPY positivos / núcleos DAPI,575,WATER_NPY2;WATER_NPY3;E7_FR7-1,E7_FR7-5;E8_FR6-1;E8_FR6-4,WATER_NPY1;E9_FR8-1;E8_FR6-3,2.52036276419,0.456557453169,False,False,biological animal
double_occurrence,Ocurrencia espacial de núcleos dobles c-FOS y NPY positivos / núcleos DAPI,576,WATER_NPY2;WATER_NPY3;E7_FR7-1,E7_FR7-5;E8_FR6-3;E8_FR6-4,WATER_NPY1;E9_FR8-1;E8_FR6-1,2.19008578972,0.421974872566,False,False,biological animal
double_occurrence,Ocurrencia espacial de núcleos dobles c-FOS y NPY positivos / núcleos DAPI,577,WATER_NPY2;WATER_NPY3;E7_FR7-1,E9_FR8-1;E8_FR6-1;E8_FR6-3,WATER_NPY1;E7_FR7-5;E8_FR6-4,2.06609992891,0.407828498826,False,False,biological animal
double_occurrence,Ocurrencia espacial de núcleos dobles c-FOS y NPY positivos / núcleos DAPI,578,WATER_NPY2;WATER_NPY3;E7_FR7-1,E9_FR8-1;E8_FR6-1;E8_FR6-4,WATER_NPY1;E7_FR7-5;E8_FR6-3,2.40619263213,0.445080816734,False,False,biological animal
double_occurrence,Ocurrencia espacial de núcleos dobles c-FOS y NPY positivos / núcleos DAPI,579,WATER_NPY2;WATER_NPY3;E7_FR7-1,E9_FR8-1;E8_FR6-3;E8_FR6-4,WATER_NPY1;E7_FR7-5;E8_FR6-1,2.14749420455,0.417192155875,False,False,biological animal
double_occurrence,Ocurrencia espacial de núcleos dobles c-FOS y NPY positivos / núcleos DAPI,580,WATER_NPY2;WATER_NPY3;E7_FR7-1,E8_FR6-1;E8_FR6-3;E8_FR6-4,WATER_NPY1;E7_FR7-5;E9_FR8-1,10.3030047021,0.77448703754,False,False,biological animal
double_occurrence,Ocurrencia espacial de núcleos dobles c-FOS y NPY positivos / núcleos DAPI,581,WATER_NPY2;WATER_NPY3;E7_FR7-5,WATER_NPY1;E7_FR7-1;E9_FR8-1,E8_FR6-1;E8_FR6-3;E8_FR6-4,9.35209534229,0.757126227019,False,False,biological animal
double_occurrence,Ocurrencia espacial de núcleos dobles c-FOS y NPY positivos / núcleos DAPI,582,WATER_NPY2;WATER_NPY3;E7_FR7-5,WATER_NPY1;E7_FR7-1;E8_FR6-1,E9_FR8-1;E8_FR6-3;E8_FR6-4,1.84083244554,0.38027187808,False,False,biological animal
double_occurrence,Ocurrencia espacial de núcleos dobles c-FOS y NPY positivos / núcleos DAPI,583,WATER_NPY2;WATER_NPY3;E7_FR7-5,WATER_NPY1;E7_FR7-1;E8_FR6-3,E9_FR8-1;E8_FR6-1;E8_FR6-4,2.07936045384,0.409374462147,False,False,biological animal
double_occurrence,Ocurrencia espacial de núcleos dobles c-FOS y NPY positivos / núcleos DAPI,584,WATER_NPY2;WATER_NPY3;E7_FR7-5,WATER_NPY1;E7_FR7-1;E8_FR6-4,E9_FR8-1;E8_FR6-1;E8_FR6-3,1.780426458,0.372440926273,False,False,biological animal
double_occurrence,Ocurrencia espacial de núcleos dobles c-FOS y NPY positivos / núcleos DAPI,585,WATER_NPY2;WATER_NPY3;E7_FR7-5,WATER_NPY1;E9_FR8-1;E8_FR6-1,E7_FR7-1;E8_FR6-3;E8_FR6-4,1.91296308748,0.389370539412,False,False,biological animal
double_occurrence,Ocurrencia espacial de núcleos dobles c-FOS y NPY positivos / núcleos DAPI,586,WATER_NPY2;WATER_NPY3;E7_FR7-5,WATER_NPY1;E9_FR8-1;E8_FR6-3,E7_FR7-1;E8_FR6-1;E8_FR6-4,2.19695774147,0.422739196807,False,False,biological animal
double_occurrence,Ocurrencia espacial de núcleos dobles c-FOS y NPY positivos / núcleos DAPI,587,WATER_NPY2;WATER_NPY3;E7_FR7-5,WATER_NPY1;E9_FR8-1;E8_FR6-4,E7_FR7-1;E8_FR6-1;E8_FR6-3,1.82756896328,0.378569208888,False,False,biological animal
double_occurrence,Ocurrencia espacial de núcleos dobles c-FOS y NPY positivos / núcleos DAPI,588,WATER_NPY2;WATER_NPY3;E7_FR7-5,WATER_NPY1;E8_FR6-1;E8_FR6-3,E7_FR7-1;E9_FR8-1;E8_FR6-4,2.25107280469,0.428688172573,False,False,biological animal
double_occurrence,Ocurrencia espacial de núcleos dobles c-FOS y NPY positivos / núcleos DAPI,589,WATER_NPY2;WATER_NPY3;E7_FR7-5,WATER_NPY1;E8_FR6-1;E8_FR6-4,E7_FR7-1;E9_FR8-1;E8_FR6-3,2.62074289627,0.466262724454,False,False,biological animal
double_occurrence,Ocurrencia espacial de núcleos dobles c-FOS y NPY positivos / núcleos DAPI,590,WATER_NPY2;WATER_NPY3;E7_FR7-5,WATER_NPY1;E8_FR6-3;E8_FR6-4,E7_FR7-1;E9_FR8-1;E8_FR6-1,2.46804420405,0.451357763755,False,False,biological animal
double_occurrence,Ocurrencia espacial de núcleos dobles c-FOS y NPY positivos / núcleos DAPI,591,WATER_NPY2;WATER_NPY3;E7_FR7-5,E7_FR7-1;E9_FR8-1;E8_FR6-1,WATER_NPY1;E8_FR6-3;E8_FR6-4,2.46804420405,0.451357763755,False,False,biological animal
double_occurrence,Ocurrencia espacial de núcleos dobles c-FOS y NPY positivos / núcleos DAPI,592,WATER_NPY2;WATER_NPY3;E7_FR7-5,E7_FR7-1;E9_FR8-1;E8_FR6-3,WATER_NPY1;E8_FR6-1;E8_FR6-4,2.62074289627,0.466262724454,False,False,biological animal
double_occurrence,Ocurrencia espacial de núcleos dobles c-FOS y NPY positivos / núcleos DAPI,593,WATER_NPY2;WATER_NPY3;E7_FR7-5,E7_FR7-1;E9_FR8-1;E8_FR6-4,WATER_NPY1;E8_FR6-1;E8_FR6-3,2.25107280469,0.428688172573,False,False,biological animal
double_occurrence,Ocurrencia espacial de núcleos dobles c-FOS y NPY positivos / núcleos DAPI,594,WATER_NPY2;WATER_NPY3;E7_FR7-5,E7_FR7-1;E8_FR6-1;E8_FR6-3,WATER_NPY1;E9_FR8-1;E8_FR6-4,1.82756896328,0.378569208888,False,False,biological animal
double_occurrence,Ocurrencia espacial de núcleos dobles c-FOS y NPY positivos / núcleos DAPI,595,WATER_NPY2;WATER_NPY3;E7_FR7-5,E7_FR7-1;E8_FR6-1;E8_FR6-4,WATER_NPY1;E9_FR8-1;E8_FR6-3,2.19695774147,0.422739196807,False,False,biological animal
double_occurrence,Ocurrencia espacial de núcleos dobles c-FOS y NPY positivos / núcleos DAPI,596,WATER_NPY2;WATER_NPY3;E7_FR7-5,E7_FR7-1;E8_FR6-3;E8_FR6-4,WATER_NPY1;E9_FR8-1;E8_FR6-1,1.91296308748,0.389370539412,False,False,biological animal
double_occurrence,Ocurrencia espacial de núcleos dobles c-FOS y NPY positivos / núcleos DAPI,597,WATER_NPY2;WATER_NPY3;E7_FR7-5,E9_FR8-1;E8_FR6-1;E8_FR6-3,WATER_NPY1;E7_FR7-1;E8_FR6-4,1.780426458,0.372440926273,False,False,biological animal
double_occurrence,Ocurrencia espacial de núcleos dobles c-FOS y NPY positivos / núcleos DAPI,598,WATER_NPY2;WATER_NPY3;E7_FR7-5,E9_FR8-1;E8_FR6-1;E8_FR6-4,WATER_NPY1;E7_FR7-1;E8_FR6-3,2.07936045384,0.409374462147,False,False,biological animal
double_occurrence,Ocurrencia espacial de núcleos dobles c-FOS y NPY positivos / núcleos DAPI,599,WATER_NPY2;WATER_NPY3;E7_FR7-5,E9_FR8-1;E8_FR6-3;E8_FR6-4,WATER_NPY1;E7_FR7-1;E8_FR6-1,1.84083244554,0.38027187808,False,False,biological animal
double_occurrence,Ocurrencia espacial de núcleos dobles c-FOS y NPY positivos / núcleos DAPI,600,WATER_NPY2;WATER_NPY3;E7_FR7-5,E8_FR6-1;E8_FR6-3;E8_FR6-4,WATER_NPY1;E7_FR7-1;E9_FR8-1,9.35209534229,0.757126227019,False,False,biological animal
double_occurrence,Ocurrencia espacial de núcleos dobles c-FOS y NPY positivos / núcleos DAPI,601,WATER_NPY2;WATER_NPY3;E9_FR8-1,WATER_NPY1;E7_FR7-1;E7_FR7-5,E8_FR6-1;E8_FR6-3;E8_FR6-4,14.2190992656,0.825774858851,False,True,biological animal
double_occurrence,Ocurrencia espacial de núcleos dobles c-FOS y NPY positivos / núcleos DAPI,602,WATER_NPY2;WATER_NPY3;E9_FR8-1,WATER_NPY1;E7_FR7-1;E8_FR6-1,E7_FR7-5;E8_FR6-3;E8_FR6-4,2.89285043035,0.490908511007,False,False,biological animal
double_occurrence,Ocurrencia espacial de núcleos dobles c-FOS y NPY positivos / núcleos DAPI,603,WATER_NPY2;WATER_NPY3;E9_FR8-1,WATER_NPY1;E7_FR7-1;E8_FR6-3,E7_FR7-5;E8_FR6-1;E8_FR6-4,3.29403272442,0.523358054946,False,False,biological animal
double_occurrence,Ocurrencia espacial de núcleos dobles c-FOS y NPY positivos / núcleos DAPI,604,WATER_NPY2;WATER_NPY3;E9_FR8-1,WATER_NPY1;E7_FR7-1;E8_FR6-4,E7_FR7-5;E8_FR6-1;E8_FR6-3,2.80411208859,0.483125075083,False,False,biological animal
double_occurrence,Ocurrencia espacial de núcleos dobles c-FOS y NPY positivos / núcleos DAPI,605,WATER_NPY2;WATER_NPY3;E9_FR8-1,WATER_NPY1;E7_FR7-5;E8_FR6-1,E7_FR7-1;E8_FR6-3;E8_FR6-4,2.94323562931,0.495224455647,False,False,biological animal
double_occurrence,Ocurrencia espacial de núcleos dobles c-FOS y NPY positivos / núcleos DAPI,606,WATER_NPY2;WATER_NPY3;E9_FR8-1,WATER_NPY1;E7_FR7-5;E8_FR6-3,E7_FR7-1;E8_FR6-1;E8_FR6-4,3.31906412141,0.525246153171,False,False,biological animal
double_occurrence,Ocurrencia espacial de núcleos dobles c-FOS y NPY positivos / núcleos DAPI,607,WATER_NPY2;WATER_NPY3;E9_FR8-1,WATER_NPY1;E7_FR7-5;E8_FR6-4,E7_FR7-1;E8_FR6-1;E8_FR6-3,2.8181886927,0.48437560924,False,False,biological animal
double_occurrence,Ocurrencia espacial de núcleos dobles c-FOS y NPY positivos / núcleos DAPI,608,WATER_NPY2;WATER_NPY3;E9_FR8-1,WATER_NPY1;E8_FR6-1;E8_FR6-3,E7_FR7-1;E7_FR7-5;E8_FR6-4,3.06632287712,0.505466480969,False,False,biological animal
double_occurrence,Ocurrencia espacial de núcleos dobles c-FOS y NPY positivos / núcleos DAPI,609,WATER_NPY2;WATER_NPY3;E9_FR8-1,WATER_NPY1;E8_FR6-1;E8_FR6-4,E7_FR7-1;E7_FR7-5;E8_FR6-3,3.51807751339,0.53974158886,False,False,biological animal
double_occurrence,Ocurrencia espacial de núcleos dobles c-FOS y NPY positivos / núcleos DAPI,610,WATER_NPY2;WATER_NPY3;E9_FR8-1,WATER_NPY1;E8_FR6-3;E8_FR6-4,E7_FR7-1;E7_FR7-5;E8_FR6-1,3.35840535409,0.528183588033,False,False,biological animal
double_occurrence,Ocurrencia espacial de núcleos dobles c-FOS y NPY positivos / núcleos DAPI,611,WATER_NPY2;WATER_NPY3;E9_FR8-1,E7_FR7-1;E7_FR7-5;E8_FR6-1,WATER_NPY1;E8_FR6-3;E8_FR6-4,3.35840535409,0.528183588033,False,False,biological animal
double_occurrence,Ocurrencia espacial de núcleos dobles c-FOS y NPY positivos / núcleos DAPI,612,WATER_NPY2;WATER_NPY3;E9_FR8-1,E7_FR7-1;E7_FR7-5;E8_FR6-3,WATER_NPY1;E8_FR6-1;E8_FR6-4,3.51807751339,0.53974158886,False,False,biological animal
double_occurrence,Ocurrencia espacial de núcleos dobles c-FOS y NPY positivos / núcleos DAPI,613,WATER_NPY2;WATER_NPY3;E9_FR8-1,E7_FR7-1;E7_FR7-5;E8_FR6-4,WATER_NPY1;E8_FR6-1;E8_FR6-3,3.06632287712,0.505466480969,False,False,biological animal
double_occurrence,Ocurrencia espacial de núcleos dobles c-FOS y NPY positivos / núcleos DAPI,614,WATER_NPY2;WATER_NPY3;E9_FR8-1,E7_FR7-1;E8_FR6-1;E8_FR6-3,WATER_NPY1;E7_FR7-5;E8_FR6-4,2.8181886927,0.48437560924,False,False,biological animal
double_occurrence,Ocurrencia espacial de núcleos dobles c-FOS y NPY positivos / núcleos DAPI,615,WATER_NPY2;WATER_NPY3;E9_FR8-1,E7_FR7-1;E8_FR6-1;E8_FR6-4,WATER_NPY1;E7_FR7-5;E8_FR6-3,3.31906412141,0.525246153171,False,False,biological animal
double_occurrence,Ocurrencia espacial de núcleos dobles c-FOS y NPY positivos / núcleos DAPI,616,WATER_NPY2;WATER_NPY3;E9_FR8-1,E7_FR7-1;E8_FR6-3;E8_FR6-4,WATER_NPY1;E7_FR7-5;E8_FR6-1,2.94323562931,0.495224455647,False,False,biological animal
double_occurrence,Ocurrencia espacial de núcleos dobles c-FOS y NPY positivos / núcleos DAPI,617,WATER_NPY2;WATER_NPY3;E9_FR8-1,E7_FR7-5;E8_FR6-1;E8_FR6-3,WATER_NPY1;E7_FR7-1;E8_FR6-4,2.80411208859,0.483125075083,False,False,biological animal
double_occurrence,Ocurrencia espacial de núcleos dobles c-FOS y NPY positivos / núcleos DAPI,618,WATER_NPY2;WATER_NPY3;E9_FR8-1,E7_FR7-5;E8_FR6-1;E8_FR6-4,WATER_NPY1;E7_FR7-1;E8_FR6-3,3.29403272442,0.523358054946,False,False,biological animal
double_occurrence,Ocurrencia espacial de núcleos dobles c-FOS y NPY positivos / núcleos DAPI,619,WATER_NPY2;WATER_NPY3;E9_FR8-1,E7_FR7-5;E8_FR6-3;E8_FR6-4,WATER_NPY1;E7_FR7-1;E8_FR6-1,2.89285043035,0.490908511007,False,False,biological animal
double_occurrence,Ocurrencia espacial de núcleos dobles c-FOS y NPY positivos / núcleos DAPI,620,WATER_NPY2;WATER_NPY3;E9_FR8-1,E8_FR6-1;E8_FR6-3;E8_FR6-4,WATER_NPY1;E7_FR7-1;E7_FR7-5,14.2190992656,0.825774858851,False,True,biological animal
double_occurrence,Ocurrencia espacial de núcleos dobles c-FOS y NPY positivos / núcleos DAPI,621,WATER_NPY2;WATER_NPY3;E8_FR6-1,WATER_NPY1;E7_FR7-1;E7_FR7-5,E9_FR8-1;E8_FR6-3;E8_FR6-4,0.81145012448,0.212898004166,False,False,biological animal
double_occurrence,Ocurrencia espacial de núcleos dobles c-FOS y NPY positivos / núcleos DAPI,622,WATER_NPY2;WATER_NPY3;E8_FR6-1,WATER_NPY1;E7_FR7-1;E9_FR8-1,E7_FR7-5;E8_FR6-3;E8_FR6-4,1.02622957182,0.254886005261,False,False,biological animal
double_occurrence,Ocurrencia espacial de núcleos dobles c-FOS y NPY positivos / núcleos DAPI,623,WATER_NPY2;WATER_NPY3;E8_FR6-1,WATER_NPY1;E7_FR7-1;E8_FR6-3,E7_FR7-5;E9_FR8-1;E8_FR6-4,0.269125511933,0.0823233953395,False,False,biological animal
double_occurrence,Ocurrencia espacial de núcleos dobles c-FOS y NPY positivos / núcleos DAPI,624,WATER_NPY2;WATER_NPY3;E8_FR6-1,WATER_NPY1;E7_FR7-1;E8_FR6-4,E7_FR7-5;E9_FR8-1;E8_FR6-3,0.271404502478,0.0829626853765,False,False,biological animal
double_occurrence,Ocurrencia espacial de núcleos dobles c-FOS y NPY positivos / núcleos DAPI,625,WATER_NPY2;WATER_NPY3;E8_FR6-1,WATER_NPY1;E7_FR7-5;E9_FR8-1,E7_FR7-1;E8_FR6-3;E8_FR6-4,0.945512382603,0.239642482627,False,False,biological animal
double_occurrence,Ocurrencia espacial de núcleos dobles c-FOS y NPY positivos / núcleos DAPI,626,WATER_NPY2;WATER_NPY3;E8_FR6-1,WATER_NPY1;E7_FR7-5;E8_FR6-3,E7_FR7-1;E9_FR8-1;E8_FR6-4,0.347358620296,0.103770960838,False,False,biological animal
double_occurrence,Ocurrencia espacial de núcleos dobles c-FOS y NPY positivos / núcleos DAPI,627,WATER_NPY2;WATER_NPY3;E8_FR6-1,WATER_NPY1;E7_FR7-5;E8_FR6-4,E7_FR7-1;E9_FR8-1;E8_FR6-3,0.347365066697,0.103772686808,False,False,biological animal
double_occurrence,Ocurrencia espacial de núcleos dobles c-FOS y NPY positivos / núcleos DAPI,628,WATER_NPY2;WATER_NPY3;E8_FR6-1,WATER_NPY1;E9_FR8-1;E8_FR6-3,E7_FR7-1;E7_FR7-5;E8_FR6-4,0.253945427081,0.0780423128697,False,False,biological animal
double_occurrence,Ocurrencia espacial de núcleos dobles c-FOS y NPY positivos / núcleos DAPI,629,WATER_NPY2;WATER_NPY3;E8_FR6-1,WATER_NPY1;E9_FR8-1;E8_FR6-4,E7_FR7-1;E7_FR7-5;E8_FR6-3,0.230826916451,0.0714451508607,False,False,biological animal
double_occurrence,Ocurrencia espacial de núcleos dobles c-FOS y NPY positivos / núcleos DAPI,630,WATER_NPY2;WATER_NPY3;E8_FR6-1,WATER_NPY1;E8_FR6-3;E8_FR6-4,E7_FR7-1;E7_FR7-5;E9_FR8-1,1.40802346519,0.319422860679,False,False,biological animal
double_occurrence,Ocurrencia espacial de núcleos dobles c-FOS y NPY positivos / núcleos DAPI,631,WATER_NPY2;WATER_NPY3;E8_FR6-1,E7_FR7-1;E7_FR7-5;E9_FR8-1,WATER_NPY1;E8_FR6-3;E8_FR6-4,1.40802346519,0.319422860679,False,False,biological animal
double_occurrence,Ocurrencia espacial de núcleos dobles c-FOS y NPY positivos / núcleos DAPI,632,WATER_NPY2;WATER_NPY3;E8_FR6-1,E7_FR7-1;E7_FR7-5;E8_FR6-3,WATER_NPY1;E9_FR8-1;E8_FR6-4,0.230826916451,0.0714451508607,False,False,biological animal
double_occurrence,Ocurrencia espacial de núcleos dobles c-FOS y NPY positivos / núcleos DAPI,633,WATER_NPY2;WATER_NPY3;E8_FR6-1,E7_FR7-1;E7_FR7-5;E8_FR6-4,WATER_NPY1;E9_FR8-1;E8_FR6-3,0.253945427081,0.0780423128697,False,False,biological animal
double_occurrence,Ocurrencia espacial de núcleos dobles c-FOS y NPY positivos / núcleos DAPI,634,WATER_NPY2;WATER_NPY3;E8_FR6-1,E7_FR7-1;E9_FR8-1;E8_FR6-3,WATER_NPY1;E7_FR7-5;E8_FR6-4,0.347365066697,0.103772686808,False,False,biological animal
double_occurrence,Ocurrencia espacial de núcleos dobles c-FOS y NPY positivos / núcleos DAPI,635,WATER_NPY2;WATER_NPY3;E8_FR6-1,E7_FR7-1;E9_FR8-1;E8_FR6-4,WATER_NPY1;E7_FR7-5;E8_FR6-3,0.347358620296,0.103770960838,False,False,biological animal
double_occurrence,Ocurrencia espacial de núcleos dobles c-FOS y NPY positivos / núcleos DAPI,636,WATER_NPY2;WATER_NPY3;E8_FR6-1,E7_FR7-1;E8_FR6-3;E8_FR6-4,WATER_NPY1;E7_FR7-5;E9_FR8-1,0.945512382603,0.239642482627,False,False,biological animal
double_occurrence,Ocurrencia espacial de núcleos dobles c-FOS y NPY positivos / núcleos DAPI,637,WATER_NPY2;WATER_NPY3;E8_FR6-1,E7_FR7-5;E9_FR8-1;E8_FR6-3,WATER_NPY1;E7_FR7-1;E8_FR6-4,0.271404502478,0.0829626853765,False,False,biological animal
double_occurrence,Ocurrencia espacial de núcleos dobles c-FOS y NPY positivos / núcleos DAPI,638,WATER_NPY2;WATER_NPY3;E8_FR6-1,E7_FR7-5;E9_FR8-1;E8_FR6-4,WATER_NPY1;E7_FR7-1;E8_FR6-3,0.269125511933,0.0823233953395,False,False,biological animal
double_occurrence,Ocurrencia espacial de núcleos dobles c-FOS y NPY positivos / núcleos DAPI,639,WATER_NPY2;WATER_NPY3;E8_FR6-1,E7_FR7-5;E8_FR6-3;E8_FR6-4,WATER_NPY1;E7_FR7-1;E9_FR8-1,1.02622957182,0.254886005261,False,False,biological animal
double_occurrence,Ocurrencia espacial de núcleos dobles c-FOS y NPY positivos / núcleos DAPI,640,WATER_NPY2;WATER_NPY3;E8_FR6-1,E9_FR8-1;E8_FR6-3;E8_FR6-4,WATER_NPY1;E7_FR7-1;E7_FR7-5,0.81145012448,0.212898004166,False,False,biological animal
double_occurrence,Ocurrencia espacial de núcleos dobles c-FOS y NPY positivos / núcleos DAPI,641,WATER_NPY2;WATER_NPY3;E8_FR6-3,WATER_NPY1;E7_FR7-1;E7_FR7-5,E9_FR8-1;E8_FR6-1;E8_FR6-4,1.08435906378,0.265490630682,False,False,biological animal
double_occurrence,Ocurrencia espacial de núcleos dobles c-FOS y NPY positivos / núcleos DAPI,642,WATER_NPY2;WATER_NPY3;E8_FR6-3,WATER_NPY1;E7_FR7-1;E9_FR8-1,E7_FR7-5;E8_FR6-1;E8_FR6-4,1.35303453473,0.310825591649,False,False,biological animal
double_occurrence,Ocurrencia espacial de núcleos dobles c-FOS y NPY positivos / núcleos DAPI,643,WATER_NPY2;WATER_NPY3;E8_FR6-3,WATER_NPY1;E7_FR7-1;E8_FR6-1,E7_FR7-5;E9_FR8-1;E8_FR6-4,0.355004567037,0.105813437789,False,False,biological animal
double_occurrence,Ocurrencia espacial de núcleos dobles c-FOS y NPY positivos / núcleos DAPI,644,WATER_NPY2;WATER_NPY3;E8_FR6-3,WATER_NPY1;E7_FR7-1;E8_FR6-4,E7_FR7-5;E9_FR8-1;E8_FR6-1,0.388932394358,0.114765462718,False,False,biological animal
double_occurrence,Ocurrencia espacial de núcleos dobles c-FOS y NPY positivos / núcleos DAPI,645,WATER_NPY2;WATER_NPY3;E8_FR6-3,WATER_NPY1;E7_FR7-5;E9_FR8-1,E7_FR7-1;E8_FR6-1;E8_FR6-4,1.25150874663,0.294368145808,False,False,biological animal
double_occurrence,Ocurrencia espacial de núcleos dobles c-FOS y NPY positivos / núcleos DAPI,646,WATER_NPY2;WATER_NPY3;E8_FR6-3,WATER_NPY1;E7_FR7-5;E8_FR6-1,E7_FR7-1;E9_FR8-1;E8_FR6-4,0.442241756666,0.128474926495,False,False,biological animal
double_occurrence,Ocurrencia espacial de núcleos dobles c-FOS y NPY positivos / núcleos DAPI,647,WATER_NPY2;WATER_NPY3;E8_FR6-3,WATER_NPY1;E7_FR7-5;E8_FR6-4,E7_FR7-1;E9_FR8-1;E8_FR6-1,0.465650085905,0.134361540941,False,False,biological animal
double_occurrence,Ocurrencia espacial de núcleos dobles c-FOS y NPY positivos / núcleos DAPI,648,WATER_NPY2;WATER_NPY3;E8_FR6-3,WATER_NPY1;E9_FR8-1;E8_FR6-1,E7_FR7-1;E7_FR7-5;E8_FR6-4,0.331110071469,0.099399318655,False,False,biological animal
double_occurrence,Ocurrencia espacial de núcleos dobles c-FOS y NPY positivos / núcleos DAPI,649,WATER_NPY2;WATER_NPY3;E8_FR6-3,WATER_NPY1;E9_FR8-1;E8_FR6-4,E7_FR7-1;E7_FR7-5;E8_FR6-1,0.353382705022,0.105380964866,False,False,biological animal
double_occurrence,Ocurrencia espacial de núcleos dobles c-FOS y NPY positivos / núcleos DAPI,650,WATER_NPY2;WATER_NPY3;E8_FR6-3,WATER_NPY1;E8_FR6-1;E8_FR6-4,E7_FR7-1;E7_FR7-5;E9_FR8-1,1.72378959472,0.364916675511,False,False,biological animal
double_occurrence,Ocurrencia espacial de núcleos dobles c-FOS y NPY positivos / núcleos DAPI,651,WATER_NPY2;WATER_NPY3;E8_FR6-3,E7_FR7-1;E7_FR7-5;E9_FR8-1,WATER_NPY1;E8_FR6-1;E8_FR6-4,1.72378959472,0.364916675511,False,False,biological animal
double_occurrence,Ocurrencia espacial de núcleos dobles c-FOS y NPY positivos / núcleos DAPI,652,WATER_NPY2;WATER_NPY3;E8_FR6-3,E7_FR7-1;E7_FR7-5;E8_FR6-1,WATER_NPY1;E9_FR8-1;E8_FR6-4,0.353382705022,0.105380964866,False,False,biological animal
double_occurrence,Ocurrencia espacial de núcleos dobles c-FOS y NPY positivos / núcleos DAPI,653,WATER_NPY2;WATER_NPY3;E8_FR6-3,E7_FR7-1;E7_FR7-5;E8_FR6-4,WATER_NPY1;E9_FR8-1;E8_FR6-1,0.331110071469,0.099399318655,False,False,biological animal
double_occurrence,Ocurrencia espacial de núcleos dobles c-FOS y NPY positivos / núcleos DAPI,654,WATER_NPY2;WATER_NPY3;E8_FR6-3,E7_FR7-1;E9_FR8-1;E8_FR6-1,WATER_NPY1;E7_FR7-5;E8_FR6-4,0.465650085905,0.134361540941,False,False,biological animal
double_occurrence,Ocurrencia espacial de núcleos dobles c-FOS y NPY positivos / núcleos DAPI,655,WATER_NPY2;WATER_NPY3;E8_FR6-3,E7_FR7-1;E9_FR8-1;E8_FR6-4,WATER_NPY1;E7_FR7-5;E8_FR6-1,0.442241756666,0.128474926495,False,False,biological animal
double_occurrence,Ocurrencia espacial de núcleos dobles c-FOS y NPY positivos / núcleos DAPI,656,WATER_NPY2;WATER_NPY3;E8_FR6-3,E7_FR7-1;E8_FR6-1;E8_FR6-4,WATER_NPY1;E7_FR7-5;E9_FR8-1,1.25150874663,0.294368145808,False,False,biological animal
double_occurrence,Ocurrencia espacial de núcleos dobles c-FOS y NPY positivos / núcleos DAPI,657,WATER_NPY2;WATER_NPY3;E8_FR6-3,E7_FR7-5;E9_FR8-1;E8_FR6-1,WATER_NPY1;E7_FR7-1;E8_FR6-4,0.388932394358,0.114765462718,False,False,biological animal
double_occurrence,Ocurrencia espacial de núcleos dobles c-FOS y NPY positivos / núcleos DAPI,658,WATER_NPY2;WATER_NPY3;E8_FR6-3,E7_FR7-5;E9_FR8-1;E8_FR6-4,WATER_NPY1;E7_FR7-1;E8_FR6-1,0.355004567037,0.105813437789,False,False,biological animal
double_occurrence,Ocurrencia espacial de núcleos dobles c-FOS y NPY positivos / núcleos DAPI,659,WATER_NPY2;WATER_NPY3;E8_FR6-3,E7_FR7-5;E8_FR6-1;E8_FR6-4,WATER_NPY1;E7_FR7-1;E9_FR8-1,1.35303453473,0.310825591649,False,False,biological animal
double_occurrence,Ocurrencia espacial de núcleos dobles c-FOS y NPY positivos / núcleos DAPI,660,WATER_NPY2;WATER_NPY3;E8_FR6-3,E9_FR8-1;E8_FR6-1;E8_FR6-4,WATER_NPY1;E7_FR7-1;E7_FR7-5,1.08435906378,0.265490630682,False,False,biological animal
double_occurrence,Ocurrencia espacial de núcleos dobles c-FOS y NPY positivos / núcleos DAPI,661,WATER_NPY2;WATER_NPY3;E8_FR6-4,WATER_NPY1;E7_FR7-1;E7_FR7-5,E9_FR8-1;E8_FR6-1;E8_FR6-3,0.760065699507,0.202141600772,False,False,biological animal
double_occurrence,Ocurrencia espacial de núcleos dobles c-FOS y NPY positivos / núcleos DAPI,662,WATER_NPY2;WATER_NPY3;E8_FR6-4,WATER_NPY1;E7_FR7-1;E9_FR8-1,E7_FR7-5;E8_FR6-1;E8_FR6-3,0.969183879518,0.244177117749,False,False,biological animal
double_occurrence,Ocurrencia espacial de núcleos dobles c-FOS y NPY positivos / núcleos DAPI,663,WATER_NPY2;WATER_NPY3;E8_FR6-4,WATER_NPY1;E7_FR7-1;E8_FR6-1,E7_FR7-5;E9_FR8-1;E8_FR6-3,0.261001542875,0.0800372337894,False,False,biological animal
double_occurrence,Ocurrencia espacial de núcleos dobles c-FOS y NPY positivos / núcleos DAPI,664,WATER_NPY2;WATER_NPY3;E8_FR6-4,WATER_NPY1;E7_FR7-1;E8_FR6-3,E7_FR7-5;E9_FR8-1;E8_FR6-1,0.290736463487,0.088349968681,False,False,biological animal
double_occurrence,Ocurrencia espacial de núcleos dobles c-FOS y NPY positivos / núcleos DAPI,665,WATER_NPY2;WATER_NPY3;E8_FR6-4,WATER_NPY1;E7_FR7-5;E9_FR8-1,E7_FR7-1;E8_FR6-1;E8_FR6-3,0.882996965286,0.227400889874,False,False,biological animal
double_occurrence,Ocurrencia espacial de núcleos dobles c-FOS y NPY positivos / núcleos DAPI,666,WATER_NPY2;WATER_NPY3;E8_FR6-4,WATER_NPY1;E7_FR7-5;E8_FR6-1,E7_FR7-1;E9_FR8-1;E8_FR6-3,0.34217129856,0.102379940462,False,False,biological animal
double_occurrence,Ocurrencia espacial de núcleos dobles c-FOS y NPY positivos / núcleos DAPI,667,WATER_NPY2;WATER_NPY3;E8_FR6-4,WATER_NPY1;E7_FR7-5;E8_FR6-3,E7_FR7-1;E9_FR8-1;E8_FR6-1,0.364227516592,0.108264828938,False,False,biological animal
double_occurrence,Ocurrencia espacial de núcleos dobles c-FOS y NPY positivos / núcleos DAPI,668,WATER_NPY2;WATER_NPY3;E8_FR6-4,WATER_NPY1;E9_FR8-1;E8_FR6-1,E7_FR7-1;E7_FR7-5;E8_FR6-3,0.225823408456,0.0700048886322,False,False,biological animal
double_occurrence,Ocurrencia espacial de núcleos dobles c-FOS y NPY positivos / núcleos DAPI,669,WATER_NPY2;WATER_NPY3;E8_FR6-4,WATER_NPY1;E9_FR8-1;E8_FR6-3,E7_FR7-1;E7_FR7-5;E8_FR6-1,0.270053071553,0.0825836968527,False,False,biological animal
double_occurrence,Ocurrencia espacial de núcleos dobles c-FOS y NPY positivos / núcleos DAPI,670,WATER_NPY2;WATER_NPY3;E8_FR6-4,WATER_NPY1;E8_FR6-1;E8_FR6-3,E7_FR7-1;E7_FR7-5;E9_FR8-1,1.29336344997,0.301247137598,False,False,biological animal
double_occurrence,Ocurrencia espacial de núcleos dobles c-FOS y NPY positivos / núcleos DAPI,671,WATER_NPY2;WATER_NPY3;E8_FR6-4,E7_FR7-1;E7_FR7-5;E9_FR8-1,WATER_NPY1;E8_FR6-1;E8_FR6-3,1.29336344997,0.301247137598,False,False,biological animal
double_occurrence,Ocurrencia espacial de núcleos dobles c-FOS y NPY positivos / núcleos DAPI,672,WATER_NPY2;WATER_NPY3;E8_FR6-4,E7_FR7-1;E7_FR7-5;E8_FR6-1,WATER_NPY1;E9_FR8-1;E8_FR6-3,0.270053071553,0.0825836968527,False,False,biological animal
double_occurrence,Ocurrencia espacial de núcleos dobles c-FOS y NPY positivos / núcleos DAPI,673,WATER_NPY2;WATER_NPY3;E8_FR6-4,E7_FR7-1;E7_FR7-5;E8_FR6-3,WATER_NPY1;E9_FR8-1;E8_FR6-1,0.225823408456,0.0700048886322,False,False,biological animal
double_occurrence,Ocurrencia espacial de núcleos dobles c-FOS y NPY positivos / núcleos DAPI,674,WATER_NPY2;WATER_NPY3;E8_FR6-4,E7_FR7-1;E9_FR8-1;E8_FR6-1,WATER_NPY1;E7_FR7-5;E8_FR6-3,0.364227516592,0.108264828938,False,False,biological animal
double_occurrence,Ocurrencia espacial de núcleos dobles c-FOS y NPY positivos / núcleos DAPI,675,WATER_NPY2;WATER_NPY3;E8_FR6-4,E7_FR7-1;E9_FR8-1;E8_FR6-3,WATER_NPY1;E7_FR7-5;E8_FR6-1,0.34217129856,0.102379940462,False,False,biological animal
double_occurrence,Ocurrencia espacial de núcleos dobles c-FOS y NPY positivos / núcleos DAPI,676,WATER_NPY2;WATER_NPY3;E8_FR6-4,E7_FR7-1;E8_FR6-1;E8_FR6-3,WATER_NPY1;E7_FR7-5;E9_FR8-1,0.882996965286,0.227400889874,False,False,biological animal
double_occurrence,Ocurrencia espacial de núcleos dobles c-FOS y NPY positivos / núcleos DAPI,677,WATER_NPY2;WATER_NPY3;E8_FR6-4,E7_FR7-5;E9_FR8-1;E8_FR6-1,WATER_NPY1;E7_FR7-1;E8_FR6-3,0.290736463487,0.088349968681,False,False,biological animal
double_occurrence,Ocurrencia espacial de núcleos dobles c-FOS y NPY positivos / núcleos DAPI,678,WATER_NPY2;WATER_NPY3;E8_FR6-4,E7_FR7-5;E9_FR8-1;E8_FR6-3,WATER_NPY1;E7_FR7-1;E8_FR6-1,0.261001542875,0.0800372337894,False,False,biological animal
double_occurrence,Ocurrencia espacial de núcleos dobles c-FOS y NPY positivos / núcleos DAPI,679,WATER_NPY2;WATER_NPY3;E8_FR6-4,E7_FR7-5;E8_FR6-1;E8_FR6-3,WATER_NPY1;E7_FR7-1;E9_FR8-1,0.969183879518,0.244177117749,False,False,biological animal
double_occurrence,Ocurrencia espacial de núcleos dobles c-FOS y NPY positivos / núcleos DAPI,680,WATER_NPY2;WATER_NPY3;E8_FR6-4,E9_FR8-1;E8_FR6-1;E8_FR6-3,WATER_NPY1;E7_FR7-1;E7_FR7-5,0.760065699507,0.202141600772,False,False,biological animal
double_occurrence,Ocurrencia espacial de núcleos dobles c-FOS y NPY positivos / núcleos DAPI,681,WATER_NPY2;E7_FR7-1;E7_FR7-5,WATER_NPY1;WATER_NPY3;E9_FR8-1,E8_FR6-1;E8_FR6-3;E8_FR6-4,8.07038065665,0.729006608441,False,False,biological animal
double_occurrence,Ocurrencia espacial de núcleos dobles c-FOS y NPY positivos / núcleos DAPI,682,WATER_NPY2;E7_FR7-1;E7_FR7-5,WATER_NPY1;WATER_NPY3;E8_FR6-1,E9_FR8-1;E8_FR6-3;E8_FR6-4,0.973213193195,0.244943612606,False,False,biological animal
double_occurrence,Ocurrencia espacial de núcleos dobles c-FOS y NPY positivos / núcleos DAPI,683,WATER_NPY2;E7_FR7-1;E7_FR7-5,WATER_NPY1;WATER_NPY3;E8_FR6-3,E9_FR8-1;E8_FR6-1;E8_FR6-4,1.20592171392,0.286719961983,False,False,biological animal
double_occurrence,Ocurrencia espacial de núcleos dobles c-FOS y NPY positivos / núcleos DAPI,684,WATER_NPY2;E7_FR7-1;E7_FR7-5,WATER_NPY1;WATER_NPY3;E8_FR6-4,E9_FR8-1;E8_FR6-1;E8_FR6-3,0.90172026998,0.231108384914,False,False,biological animal
double_occurrence,Ocurrencia espacial de núcleos dobles c-FOS y NPY positivos / núcleos DAPI,685,WATER_NPY2;E7_FR7-1;E7_FR7-5,WATER_NPY1;E9_FR8-1;E8_FR6-1,WATER_NPY3;E8_FR6-3;E8_FR6-4,0.670926431326,0.182767604821,False,False,biological animal
double_occurrence,Ocurrencia espacial de núcleos dobles c-FOS y NPY positivos / núcleos DAPI,686,WATER_NPY2;E7_FR7-1;E7_FR7-5,WATER_NPY1;E9_FR8-1;E8_FR6-3,WATER_NPY3;E8_FR6-1;E8_FR6-4,0.766301006982,0.203462496906,False,False,biological animal
double_occurrence,Ocurrencia espacial de núcleos dobles c-FOS y NPY positivos / núcleos DAPI,687,WATER_NPY2;E7_FR7-1;E7_FR7-5,WATER_NPY1;E9_FR8-1;E8_FR6-4,WATER_NPY3;E8_FR6-1;E8_FR6-3,0.649504285601,0.177970550182,False,False,biological animal
double_occurrence,Ocurrencia espacial de núcleos dobles c-FOS y NPY positivos / núcleos DAPI,688,WATER_NPY2;E7_FR7-1;E7_FR7-5,WATER_NPY1;E8_FR6-1;E8_FR6-3,WATER_NPY3;E9_FR8-1;E8_FR6-4,1.38994486947,0.316620119568,False,False,biological animal
double_occurrence,Ocurrencia espacial de núcleos dobles c-FOS y NPY positivos / núcleos DAPI,689,WATER_NPY2;E7_FR7-1;E7_FR7-5,WATER_NPY1;E8_FR6-1;E8_FR6-4,WATER_NPY3;E9_FR8-1;E8_FR6-3,1.783717852,0.372872712644,False,False,biological animal
double_occurrence,Ocurrencia espacial de núcleos dobles c-FOS y NPY positivos / núcleos DAPI,690,WATER_NPY2;E7_FR7-1;E7_FR7-5,WATER_NPY1;E8_FR6-3;E8_FR6-4,WATER_NPY3;E9_FR8-1;E8_FR6-1,1.58220932565,0.345293986635,False,False,biological animal
double_occurrence,Ocurrencia espacial de núcleos dobles c-FOS y NPY positivos / núcleos DAPI,691,WATER_NPY2;E7_FR7-1;E7_FR7-5,WATER_NPY3;E9_FR8-1;E8_FR6-1,WATER_NPY1;E8_FR6-3;E8_FR6-4,1.58220932565,0.345293986635,False,False,biological animal
double_occurrence,Ocurrencia espacial de núcleos dobles c-FOS y NPY positivos / núcleos DAPI,692,WATER_NPY2;E7_FR7-1;E7_FR7-5,WATER_NPY3;E9_FR8-1;E8_FR6-3,WATER_NPY1;E8_FR6-1;E8_FR6-4,1.783717852,0.372872712644,False,False,biological animal
double_occurrence,Ocurrencia espacial de núcleos dobles c-FOS y NPY positivos / núcleos DAPI,693,WATER_NPY2;E7_FR7-1;E7_FR7-5,WATER_NPY3;E9_FR8-1;E8_FR6-4,WATER_NPY1;E8_FR6-1;E8_FR6-3,1.38994486947,0.316620119568,False,False,biological animal
double_occurrence,Ocurrencia espacial de núcleos dobles c-FOS y NPY positivos / núcleos DAPI,694,WATER_NPY2;E7_FR7-1;E7_FR7-5,WATER_NPY3;E8_FR6-1;E8_FR6-3,WATER_NPY1;E9_FR8-1;E8_FR6-4,0.649504285601,0.177970550182,False,False,biological animal
double_occurrence,Ocurrencia espacial de núcleos dobles c-FOS y NPY positivos / núcleos DAPI,695,WATER_NPY2;E7_FR7-1;E7_FR7-5,WATER_NPY3;E8_FR6-1;E8_FR6-4,WATER_NPY1;E9_FR8-1;E8_FR6-3,0.766301006982,0.203462496906,False,False,biological animal
double_occurrence,Ocurrencia espacial de núcleos dobles c-FOS y NPY positivos / núcleos DAPI,696,WATER_NPY2;E7_FR7-1;E7_FR7-5,WATER_NPY3;E8_FR6-3;E8_FR6-4,WATER_NPY1;E9_FR8-1;E8_FR6-1,0.670926431326,0.182767604821,False,False,biological animal
double_occurrence,Ocurrencia espacial de núcleos dobles c-FOS y NPY positivos / núcleos DAPI,697,WATER_NPY2;E7_FR7-1;E7_FR7-5,E9_FR8-1;E8_FR6-1;E8_FR6-3,WATER_NPY1;WATER_NPY3;E8_FR6-4,0.90172026998,0.231108384914,False,False,biological animal
double_occurrence,Ocurrencia espacial de núcleos dobles c-FOS y NPY positivos / núcleos DAPI,698,WATER_NPY2;E7_FR7-1;E7_FR7-5,E9_FR8-1;E8_FR6-1;E8_FR6-4,WATER_NPY1;WATER_NPY3;E8_FR6-3,1.20592171392,0.286719961983,False,False,biological animal
double_occurrence,Ocurrencia espacial de núcleos dobles c-FOS y NPY positivos / núcleos DAPI,699,WATER_NPY2;E7_FR7-1;E7_FR7-5,E9_FR8-1;E8_FR6-3;E8_FR6-4,WATER_NPY1;WATER_NPY3;E8_FR6-1,0.973213193195,0.244943612606,False,False,biological animal
double_occurrence,Ocurrencia espacial de núcleos dobles c-FOS y NPY positivos / núcleos DAPI,700,WATER_NPY2;E7_FR7-1;E7_FR7-5,E8_FR6-1;E8_FR6-3;E8_FR6-4,WATER_NPY1;WATER_NPY3;E9_FR8-1,8.07038065665,0.729006608441,False,False,biological animal
double_occurrence,Ocurrencia espacial de núcleos dobles c-FOS y NPY positivos / núcleos DAPI,701,WATER_NPY2;E7_FR7-1;E9_FR8-1,WATER_NPY1;WATER_NPY3;E7_FR7-5,E8_FR6-1;E8_FR6-3;E8_FR6-4,8.90902698545,0.748090250894,False,False,biological animal
double_occurrence,Ocurrencia espacial de núcleos dobles c-FOS y NPY positivos / núcleos DAPI,702,WATER_NPY2;E7_FR7-1;E9_FR8-1,WATER_NPY1;WATER_NPY3;E8_FR6-1,E7_FR7-5;E8_FR6-3;E8_FR6-4,1.48294966698,0.330797750843,False,False,biological animal
double_occurrence,Ocurrencia espacial de núcleos dobles c-FOS y NPY positivos / núcleos DAPI,703,WATER_NPY2;E7_FR7-1;E9_FR8-1,WATER_NPY1;WATER_NPY3;E8_FR6-3,E7_FR7-5;E8_FR6-1;E8_FR6-4,1.80708418144,0.375921060092,False,False,biological animal
double_occurrence,Ocurrencia espacial de núcleos dobles c-FOS y NPY positivos / núcleos DAPI,704,WATER_NPY2;E7_FR7-1;E9_FR8-1,WATER_NPY1;WATER_NPY3;E8_FR6-4,E7_FR7-5;E8_FR6-1;E8_FR6-3,1.39245109219,0.317010039034,False,False,biological animal
double_occurrence,Ocurrencia espacial de núcleos dobles c-FOS y NPY positivos / núcleos DAPI,705,WATER_NPY2;E7_FR7-1;E9_FR8-1,WATER_NPY1;E7_FR7-5;E8_FR6-1,WATER_NPY3;E8_FR6-3;E8_FR6-4,1.07519565347,0.263839026367,False,False,biological animal
double_occurrence,Ocurrencia espacial de núcleos dobles c-FOS y NPY positivos / núcleos DAPI,706,WATER_NPY2;E7_FR7-1;E9_FR8-1,WATER_NPY1;E7_FR7-5;E8_FR6-3,WATER_NPY3;E8_FR6-1;E8_FR6-4,1.1735469825,0.28118695858,False,False,biological animal
double_occurrence,Ocurrencia espacial de núcleos dobles c-FOS y NPY positivos / núcleos DAPI,707,WATER_NPY2;E7_FR7-1;E9_FR8-1,WATER_NPY1;E7_FR7-5;E8_FR6-4,WATER_NPY3;E8_FR6-1;E8_FR6-3,1.04855270472,0.258994455846,False,False,biological animal
double_occurrence,Ocurrencia espacial de núcleos dobles c-FOS y NPY positivos / núcleos DAPI,708,WATER_NPY2;E7_FR7-1;E9_FR8-1,WATER_NPY1;E8_FR6-1;E8_FR6-3,WATER_NPY3;E7_FR7-5;E8_FR6-4,1.57200987739,0.343833438585,False,False,biological animal
double_occurrence,Ocurrencia espacial de núcleos dobles c-FOS y NPY positivos / núcleos DAPI,709,WATER_NPY2;E7_FR7-1;E9_FR8-1,WATER_NPY1;E8_FR6-1;E8_FR6-4,WATER_NPY3;E7_FR7-5;E8_FR6-3,1.97336421685,0.396786587671,False,False,biological animal
double_occurrence,Ocurrencia espacial de núcleos dobles c-FOS y NPY positivos / núcleos DAPI,710,WATER_NPY2;E7_FR7-1;E9_FR8-1,WATER_NPY1;E8_FR6-3;E8_FR6-4,WATER_NPY3;E7_FR7-5;E8_FR6-1,1.78129421177,0.372554821535,False,False,biological animal
double_occurrence,Ocurrencia espacial de núcleos dobles c-FOS y NPY positivos / núcleos DAPI,711,WATER_NPY2;E7_FR7-1;E9_FR8-1,WATER_NPY3;E7_FR7-5;E8_FR6-1,WATER_NPY1;E8_FR6-3;E8_FR6-4,1.78129421177,0.372554821535,False,False,biological animal
double_occurrence,Ocurrencia espacial de núcleos dobles c-FOS y NPY positivos / núcleos DAPI,712,WATER_NPY2;E7_FR7-1;E9_FR8-1,WATER_NPY3;E7_FR7-5;E8_FR6-3,WATER_NPY1;E8_FR6-1;E8_FR6-4,1.97336421685,0.396786587671,False,False,biological animal
double_occurrence,Ocurrencia espacial de núcleos dobles c-FOS y NPY positivos / núcleos DAPI,713,WATER_NPY2;E7_FR7-1;E9_FR8-1,WATER_NPY3;E7_FR7-5;E8_FR6-4,WATER_NPY1;E8_FR6-1;E8_FR6-3,1.57200987739,0.343833438585,False,False,biological animal
double_occurrence,Ocurrencia espacial de núcleos dobles c-FOS y NPY positivos / núcleos DAPI,714,WATER_NPY2;E7_FR7-1;E9_FR8-1,WATER_NPY3;E8_FR6-1;E8_FR6-3,WATER_NPY1;E7_FR7-5;E8_FR6-4,1.04855270472,0.258994455846,False,False,biological animal
double_occurrence,Ocurrencia espacial de núcleos dobles c-FOS y NPY positivos / núcleos DAPI,715,WATER_NPY2;E7_FR7-1;E9_FR8-1,WATER_NPY3;E8_FR6-1;E8_FR6-4,WATER_NPY1;E7_FR7-5;E8_FR6-3,1.1735469825,0.28118695858,False,False,biological animal
double_occurrence,Ocurrencia espacial de núcleos dobles c-FOS y NPY positivos / núcleos DAPI,716,WATER_NPY2;E7_FR7-1;E9_FR8-1,WATER_NPY3;E8_FR6-3;E8_FR6-4,WATER_NPY1;E7_FR7-5;E8_FR6-1,1.07519565347,0.263839026367,False,False,biological animal
double_occurrence,Ocurrencia espacial de núcleos dobles c-FOS y NPY positivos / núcleos DAPI,717,WATER_NPY2;E7_FR7-1;E9_FR8-1,E7_FR7-5;E8_FR6-1;E8_FR6-3,WATER_NPY1;WATER_NPY3;E8_FR6-4,1.39245109219,0.317010039034,False,False,biological animal
double_occurrence,Ocurrencia espacial de núcleos dobles c-FOS y NPY positivos / núcleos DAPI,718,WATER_NPY2;E7_FR7-1;E9_FR8-1,E7_FR7-5;E8_FR6-1;E8_FR6-4,WATER_NPY1;WATER_NPY3;E8_FR6-3,1.80708418144,0.375921060092,False,False,biological animal
double_occurrence,Ocurrencia espacial de núcleos dobles c-FOS y NPY positivos / núcleos DAPI,719,WATER_NPY2;E7_FR7-1;E9_FR8-1,E7_FR7-5;E8_FR6-3;E8_FR6-4,WATER_NPY1;WATER_NPY3;E8_FR6-1,1.48294966698,0.330797750843,False,False,biological animal
double_occurrence,Ocurrencia espacial de núcleos dobles c-FOS y NPY positivos / núcleos DAPI,720,WATER_NPY2;E7_FR7-1;E9_FR8-1,E8_FR6-1;E8_FR6-3;E8_FR6-4,WATER_NPY1;WATER_NPY3;E7_FR7-5,8.90902698545,0.748090250894,False,False,biological animal
double_occurrence,Ocurrencia espacial de núcleos dobles c-FOS y NPY positivos / núcleos DAPI,721,WATER_NPY2;E7_FR7-1;E8_FR6-1,WATER_NPY1;WATER_NPY3;E7_FR7-5,E9_FR8-1;E8_FR6-3;E8_FR6-4,0.959988503749,0.242422043104,False,False,biological animal
double_occurrence,Ocurrencia espacial de núcleos dobles c-FOS y NPY positivos / núcleos DAPI,722,WATER_NPY2;E7_FR7-1;E8_FR6-1,WATER_NPY1;WATER_NPY3;E9_FR8-1,E7_FR7-5;E8_FR6-3;E8_FR6-4,1.34274406239,0.309192538888,False,False,biological animal
double_occurrence,Ocurrencia espacial de núcleos dobles c-FOS y NPY positivos / núcleos DAPI,723,WATER_NPY2;E7_FR7-1;E8_FR6-1,WATER_NPY1;WATER_NPY3;E8_FR6-3,E7_FR7-5;E9_FR8-1;E8_FR6-4,0.131834731409,0.0420950473814,False,False,biological animal
double_occurrence,Ocurrencia espacial de núcleos dobles c-FOS y NPY positivos / núcleos DAPI,724,WATER_NPY2;E7_FR7-1;E8_FR6-1,WATER_NPY1;WATER_NPY3;E8_FR6-4,E7_FR7-5;E9_FR8-1;E8_FR6-3,0.0739477988223,0.0240562962229,False,False,biological animal
double_occurrence,Ocurrencia espacial de núcleos dobles c-FOS y NPY positivos / núcleos DAPI,725,WATER_NPY2;E7_FR7-1;E8_FR6-1,WATER_NPY1;E7_FR7-5;E9_FR8-1,WATER_NPY3;E8_FR6-3;E8_FR6-4,0.391615227157,0.115465700242,False,False,biological animal
double_occurrence,Ocurrencia espacial de núcleos dobles c-FOS y NPY positivos / núcleos DAPI,726,WATER_NPY2;E7_FR7-1;E8_FR6-1,WATER_NPY1;E7_FR7-5;E8_FR6-3,WATER_NPY3;E9_FR8-1;E8_FR6-4,0.240192418315,0.0741290600389,False,False,biological animal
double_occurrence,Ocurrencia espacial de núcleos dobles c-FOS y NPY positivos / núcleos DAPI,727,WATER_NPY2;E7_FR7-1;E8_FR6-1,WATER_NPY1;E7_FR7-5;E8_FR6-4,WATER_NPY3;E9_FR8-1;E8_FR6-3,0.306910483658,0.0928088272043,False,False,biological animal
double_occurrence,Ocurrencia espacial de núcleos dobles c-FOS y NPY positivos / núcleos DAPI,728,WATER_NPY2;E7_FR7-1;E8_FR6-1,WATER_NPY1;E9_FR8-1;E8_FR6-3,WATER_NPY3;E7_FR7-5;E8_FR6-4,0.0725676488808,0.0236179173816,False,False,biological animal
double_occurrence,Ocurrencia espacial de núcleos dobles c-FOS y NPY positivos / núcleos DAPI,729,WATER_NPY2;E7_FR7-1;E8_FR6-1,WATER_NPY1;E9_FR8-1;E8_FR6-4,WATER_NPY3;E7_FR7-5;E8_FR6-3,0.111061138701,0.0356987965681,False,False,biological animal
double_occurrence,Ocurrencia espacial de núcleos dobles c-FOS y NPY positivos / núcleos DAPI,730,WATER_NPY2;E7_FR7-1;E8_FR6-1,WATER_NPY1;E8_FR6-3;E8_FR6-4,WATER_NPY3;E7_FR7-5;E9_FR8-1,1.82479084044,0.378211387972,False,False,biological animal
double_occurrence,Ocurrencia espacial de núcleos dobles c-FOS y NPY positivos / núcleos DAPI,731,WATER_NPY2;E7_FR7-1;E8_FR6-1,WATER_NPY3;E7_FR7-5;E9_FR8-1,WATER_NPY1;E8_FR6-3;E8_FR6-4,1.82479084044,0.378211387972,False,False,biological animal
double_occurrence,Ocurrencia espacial de núcleos dobles c-FOS y NPY positivos / núcleos DAPI,732,WATER_NPY2;E7_FR7-1;E8_FR6-1,WATER_NPY3;E7_FR7-5;E8_FR6-3,WATER_NPY1;E9_FR8-1;E8_FR6-4,0.111061138701,0.0356987965681,False,False,biological animal
double_occurrence,Ocurrencia espacial de núcleos dobles c-FOS y NPY positivos / núcleos DAPI,733,WATER_NPY2;E7_FR7-1;E8_FR6-1,WATER_NPY3;E7_FR7-5;E8_FR6-4,WATER_NPY1;E9_FR8-1;E8_FR6-3,0.0725676488808,0.0236179173816,False,False,biological animal
double_occurrence,Ocurrencia espacial de núcleos dobles c-FOS y NPY positivos / núcleos DAPI,734,WATER_NPY2;E7_FR7-1;E8_FR6-1,WATER_NPY3;E9_FR8-1;E8_FR6-3,WATER_NPY1;E7_FR7-5;E8_FR6-4,0.306910483658,0.0928088272043,False,False,biological animal
double_occurrence,Ocurrencia espacial de núcleos dobles c-FOS y NPY positivos / núcleos DAPI,735,WATER_NPY2;E7_FR7-1;E8_FR6-1,WATER_NPY3;E9_FR8-1;E8_FR6-4,WATER_NPY1;E7_FR7-5;E8_FR6-3,0.240192418315,0.0741290600389,False,False,biological animal
double_occurrence,Ocurrencia espacial de núcleos dobles c-FOS y NPY positivos / núcleos DAPI,736,WATER_NPY2;E7_FR7-1;E8_FR6-1,WATER_NPY3;E8_FR6-3;E8_FR6-4,WATER_NPY1;E7_FR7-5;E9_FR8-1,0.391615227157,0.115465700242,False,False,biological animal
double_occurrence,Ocurrencia espacial de núcleos dobles c-FOS y NPY positivos / núcleos DAPI,737,WATER_NPY2;E7_FR7-1;E8_FR6-1,E7_FR7-5;E9_FR8-1;E8_FR6-3,WATER_NPY1;WATER_NPY3;E8_FR6-4,0.0739477988223,0.0240562962229,False,False,biological animal
double_occurrence,Ocurrencia espacial de núcleos dobles c-FOS y NPY positivos / núcleos DAPI,738,WATER_NPY2;E7_FR7-1;E8_FR6-1,E7_FR7-5;E9_FR8-1;E8_FR6-4,WATER_NPY1;WATER_NPY3;E8_FR6-3,0.131834731409,0.0420950473814,False,False,biological animal
double_occurrence,Ocurrencia espacial de núcleos dobles c-FOS y NPY positivos / núcleos DAPI,739,WATER_NPY2;E7_FR7-1;E8_FR6-1,E7_FR7-5;E8_FR6-3;E8_FR6-4,WATER_NPY1;WATER_NPY3;E9_FR8-1,1.34274406239,0.309192538888,False,False,biological animal
double_occurrence,Ocurrencia espacial de núcleos dobles c-FOS y NPY positivos / núcleos DAPI,740,WATER_NPY2;E7_FR7-1;E8_FR6-1,E9_FR8-1;E8_FR6-3;E8_FR6-4,WATER_NPY1;WATER_NPY3;E7_FR7-5,0.959988503749,0.242422043104,False,False,biological animal
double_occurrence,Ocurrencia espacial de núcleos dobles c-FOS y NPY positivos / núcleos DAPI,741,WATER_NPY2;E7_FR7-1;E8_FR6-3,WATER_NPY1;WATER_NPY3;E7_FR7-5,E9_FR8-1;E8_FR6-1;E8_FR6-4,1.18025775472,0.282340904311,False,False,biological animal
double_occurrence,Ocurrencia espacial de núcleos dobles c-FOS y NPY positivos / núcleos DAPI,742,WATER_NPY2;E7_FR7-1;E8_FR6-3,WATER_NPY1;WATER_NPY3;E9_FR8-1,E7_FR7-5;E8_FR6-1;E8_FR6-4,1.63290669593,0.352458359967,False,False,biological animal
double_occurrence,Ocurrencia espacial de núcleos dobles c-FOS y NPY positivos / núcleos DAPI,743,WATER_NPY2;E7_FR7-1;E8_FR6-3,WATER_NPY1;WATER_NPY3;E8_FR6-1,E7_FR7-5;E9_FR8-1;E8_FR6-4,0.125773496132,0.0402375592113,False,False,biological animal
double_occurrence,Ocurrencia espacial de núcleos dobles c-FOS y NPY positivos / núcleos DAPI,744,WATER_NPY2;E7_FR7-1;E8_FR6-3,WATER_NPY1;WATER_NPY3;E8_FR6-4,E7_FR7-5;E9_FR8-1;E8_FR6-1,0.135403360631,0.0431853082544,False,False,biological animal
double_occurrence,Ocurrencia espacial de núcleos dobles c-FOS y NPY positivos / núcleos DAPI,745,WATER_NPY2;E7_FR7-1;E8_FR6-3,WATER_NPY1;E7_FR7-5;E9_FR8-1,WATER_NPY3;E8_FR6-1;E8_FR6-4,0.508131163733,0.144843832804,False,False,biological animal
double_occurrence,Ocurrencia espacial de núcleos dobles c-FOS y NPY positivos / núcleos DAPI,746,WATER_NPY2;E7_FR7-1;E8_FR6-3,WATER_NPY1;E7_FR7-5;E8_FR6-1,WATER_NPY3;E9_FR8-1;E8_FR6-4,0.282847732603,0.0861592603865,False,False,biological animal
double_occurrence,Ocurrencia espacial de núcleos dobles c-FOS y NPY positivos / núcleos DAPI,747,WATER_NPY2;E7_FR7-1;E8_FR6-3,WATER_NPY1;E7_FR7-5;E8_FR6-4,WATER_NPY3;E9_FR8-1;E8_FR6-1,0.326127281232,0.0980501507181,False,False,biological animal
double_occurrence,Ocurrencia espacial de núcleos dobles c-FOS y NPY positivos / núcleos DAPI,748,WATER_NPY2;E7_FR7-1;E8_FR6-3,WATER_NPY1;E9_FR8-1;E8_FR6-1,WATER_NPY3;E7_FR7-5;E8_FR6-4,0.100138048483,0.032301157857,False,False,biological animal
double_occurrence,Ocurrencia espacial de núcleos dobles c-FOS y NPY positivos / núcleos DAPI,749,WATER_NPY2;E7_FR7-1;E8_FR6-3,WATER_NPY1;E9_FR8-1;E8_FR6-4,WATER_NPY3;E7_FR7-5;E8_FR6-1,0.139017938416,0.044287079954,False,False,biological animal
double_occurrence,Ocurrencia espacial de núcleos dobles c-FOS y NPY positivos / núcleos DAPI,750,WATER_NPY2;E7_FR7-1;E8_FR6-3,WATER_NPY1;E8_FR6-1;E8_FR6-4,WATER_NPY3;E7_FR7-5;E9_FR8-1,2.09365047812,0.411031437495,False,False,biological animal
double_occurrence,Ocurrencia espacial de núcleos dobles c-FOS y NPY positivos / núcleos DAPI,751,WATER_NPY2;E7_FR7-1;E8_FR6-3,WATER_NPY3;E7_FR7-5;E9_FR8-1,WATER_NPY1;E8_FR6-1;E8_FR6-4,2.09365047812,0.411031437495,False,False,biological animal
double_occurrence,Ocurrencia espacial de núcleos dobles c-FOS y NPY positivos / núcleos DAPI,752,WATER_NPY2;E7_FR7-1;E8_FR6-3,WATER_NPY3;E7_FR7-5;E8_FR6-1,WATER_NPY1;E9_FR8-1;E8_FR6-4,0.139017938416,0.044287079954,False,False,biological animal
double_occurrence,Ocurrencia espacial de núcleos dobles c-FOS y NPY positivos / núcleos DAPI,753,WATER_NPY2;E7_FR7-1;E8_FR6-3,WATER_NPY3;E7_FR7-5;E8_FR6-4,WATER_NPY1;E9_FR8-1;E8_FR6-1,0.100138048483,0.032301157857,False,False,biological animal
double_occurrence,Ocurrencia espacial de núcleos dobles c-FOS y NPY positivos / núcleos DAPI,754,WATER_NPY2;E7_FR7-1;E8_FR6-3,WATER_NPY3;E9_FR8-1;E8_FR6-1,WATER_NPY1;E7_FR7-5;E8_FR6-4,0.326127281232,0.0980501507181,False,False,biological animal
double_occurrence,Ocurrencia espacial de núcleos dobles c-FOS y NPY positivos / núcleos DAPI,755,WATER_NPY2;E7_FR7-1;E8_FR6-3,WATER_NPY3;E9_FR8-1;E8_FR6-4,WATER_NPY1;E7_FR7-5;E8_FR6-1,0.282847732603,0.0861592603865,False,False,biological animal
double_occurrence,Ocurrencia espacial de núcleos dobles c-FOS y NPY positivos / núcleos DAPI,756,WATER_NPY2;E7_FR7-1;E8_FR6-3,WATER_NPY3;E8_FR6-1;E8_FR6-4,WATER_NPY1;E7_FR7-5;E9_FR8-1,0.508131163733,0.144843832804,False,False,biological animal
double_occurrence,Ocurrencia espacial de núcleos dobles c-FOS y NPY positivos / núcleos DAPI,757,WATER_NPY2;E7_FR7-1;E8_FR6-3,E7_FR7-5;E9_FR8-1;E8_FR6-1,WATER_NPY1;WATER_NPY3;E8_FR6-4,0.135403360631,0.0431853082544,False,False,biological animal
double_occurrence,Ocurrencia espacial de núcleos dobles c-FOS y NPY positivos / núcleos DAPI,758,WATER_NPY2;E7_FR7-1;E8_FR6-3,E7_FR7-5;E9_FR8-1;E8_FR6-4,WATER_NPY1;WATER_NPY3;E8_FR6-1,0.125773496132,0.0402375592113,False,False,biological animal
double_occurrence,Ocurrencia espacial de núcleos dobles c-FOS y NPY positivos / núcleos DAPI,759,WATER_NPY2;E7_FR7-1;E8_FR6-3,E7_FR7-5;E8_FR6-1;E8_FR6-4,WATER_NPY1;WATER_NPY3;E9_FR8-1,1.63290669593,0.352458359967,False,False,biological animal
double_occurrence,Ocurrencia espacial de núcleos dobles c-FOS y NPY positivos / núcleos DAPI,760,WATER_NPY2;E7_FR7-1;E8_FR6-3,E9_FR8-1;E8_FR6-1;E8_FR6-4,WATER_NPY1;WATER_NPY3;E7_FR7-5,1.18025775472,0.282340904311,False,False,biological animal
double_occurrence,Ocurrencia espacial de núcleos dobles c-FOS y NPY positivos / núcleos DAPI,761,WATER_NPY2;E7_FR7-1;E8_FR6-4,WATER_NPY1;WATER_NPY3;E7_FR7-5,E9_FR8-1;E8_FR6-1;E8_FR6-3,0.935303172962,0.237669915596,False,False,biological animal
double_occurrence,Ocurrencia espacial de núcleos dobles c-FOS y NPY positivos / núcleos DAPI,762,WATER_NPY2;E7_FR7-1;E8_FR6-4,WATER_NPY1;WATER_NPY3;E9_FR8-1,E7_FR7-5;E8_FR6-1;E8_FR6-3,1.31336869279,0.304487927263,False,False,biological animal
double_occurrence,Ocurrencia espacial de núcleos dobles c-FOS y NPY positivos / núcleos DAPI,763,WATER_NPY2;E7_FR7-1;E8_FR6-4,WATER_NPY1;WATER_NPY3;E8_FR6-1,E7_FR7-5;E9_FR8-1;E8_FR6-3,0.102825773282,0.0331393964069,False,False,biological animal
double_occurrence,Ocurrencia espacial de núcleos dobles c-FOS y NPY positivos / núcleos DAPI,764,WATER_NPY2;E7_FR7-1;E8_FR6-4,WATER_NPY1;WATER_NPY3;E8_FR6-3,E7_FR7-5;E9_FR8-1;E8_FR6-1,0.171669452883,0.0541258966084,False,False,biological animal
double_occurrence,Ocurrencia espacial de núcleos dobles c-FOS y NPY positivos / núcleos DAPI,765,WATER_NPY2;E7_FR7-1;E8_FR6-4,WATER_NPY1;E7_FR7-5;E9_FR8-1,WATER_NPY3;E8_FR6-1;E8_FR6-3,0.390721901528,0.115232659261,False,False,biological animal
double_occurrence,Ocurrencia espacial de núcleos dobles c-FOS y NPY positivos / núcleos DAPI,766,WATER_NPY2;E7_FR7-1;E8_FR6-4,WATER_NPY1;E7_FR7-5;E8_FR6-1,WATER_NPY3;E9_FR8-1;E8_FR6-3,0.323806405801,0.0974203567441,False,False,biological animal
double_occurrence,Ocurrencia espacial de núcleos dobles c-FOS y NPY positivos / núcleos DAPI,767,WATER_NPY2;E7_FR7-1;E8_FR6-4,WATER_NPY1;E7_FR7-5;E8_FR6-3,WATER_NPY3;E9_FR8-1;E8_FR6-1,0.298992579712,0.0906314799102,False,False,biological animal
double_occurrence,Ocurrencia espacial de núcleos dobles c-FOS y NPY positivos / núcleos DAPI,768,WATER_NPY2;E7_FR7-1;E8_FR6-4,WATER_NPY1;E9_FR8-1;E8_FR6-1,WATER_NPY3;E7_FR7-5;E8_FR6-3,0.125855736302,0.0402628102251,False,False,biological animal
double_occurrence,Ocurrencia espacial de núcleos dobles c-FOS y NPY positivos / núcleos DAPI,769,WATER_NPY2;E7_FR7-1;E8_FR6-4,WATER_NPY1;E9_FR8-1;E8_FR6-3,WATER_NPY3;E7_FR7-5;E8_FR6-1,0.125546492479,0.0401678531357,False,False,biological animal
double_occurrence,Ocurrencia espacial de núcleos dobles c-FOS y NPY positivos / núcleos DAPI,770,WATER_NPY2;E7_FR7-1;E8_FR6-4,WATER_NPY1;E8_FR6-1;E8_FR6-3,WATER_NPY3;E7_FR7-5;E9_FR8-1,1.73215931564,0.366039940776,False,False,biological animal
double_occurrence,Ocurrencia espacial de núcleos dobles c-FOS y NPY positivos / núcleos DAPI,771,WATER_NPY2;E7_FR7-1;E8_FR6-4,WATER_NPY3;E7_FR7-5;E9_FR8-1,WATER_NPY1;E8_FR6-1;E8_FR6-3,1.73215931564,0.366039940776,False,False,biological animal
double_occurrence,Ocurrencia espacial de núcleos dobles c-FOS y NPY positivos / núcleos DAPI,772,WATER_NPY2;E7_FR7-1;E8_FR6-4,WATER_NPY3;E7_FR7-5;E8_FR6-1,WATER_NPY1;E9_FR8-1;E8_FR6-3,0.125546492479,0.0401678531357,False,False,biological animal
double_occurrence,Ocurrencia espacial de núcleos dobles c-FOS y NPY positivos / núcleos DAPI,773,WATER_NPY2;E7_FR7-1;E8_FR6-4,WATER_NPY3;E7_FR7-5;E8_FR6-3,WATER_NPY1;E9_FR8-1;E8_FR6-1,0.125855736302,0.0402628102251,False,False,biological animal
double_occurrence,Ocurrencia espacial de núcleos dobles c-FOS y NPY positivos / núcleos DAPI,774,WATER_NPY2;E7_FR7-1;E8_FR6-4,WATER_NPY3;E9_FR8-1;E8_FR6-1,WATER_NPY1;E7_FR7-5;E8_FR6-3,0.298992579712,0.0906314799102,False,False,biological animal
double_occurrence,Ocurrencia espacial de núcleos dobles c-FOS y NPY positivos / núcleos DAPI,775,WATER_NPY2;E7_FR7-1;E8_FR6-4,WATER_NPY3;E9_FR8-1;E8_FR6-3,WATER_NPY1;E7_FR7-5;E8_FR6-1,0.323806405801,0.0974203567441,False,False,biological animal
double_occurrence,Ocurrencia espacial de núcleos dobles c-FOS y NPY positivos / núcleos DAPI,776,WATER_NPY2;E7_FR7-1;E8_FR6-4,WATER_NPY3;E8_FR6-1;E8_FR6-3,WATER_NPY1;E7_FR7-5;E9_FR8-1,0.390721901528,0.115232659261,False,False,biological animal
double_occurrence,Ocurrencia espacial de núcleos dobles c-FOS y NPY positivos / núcleos DAPI,777,WATER_NPY2;E7_FR7-1;E8_FR6-4,E7_FR7-5;E9_FR8-1;E8_FR6-1,WATER_NPY1;WATER_NPY3;E8_FR6-3,0.171669452883,0.0541258966084,False,False,biological animal
double_occurrence,Ocurrencia espacial de núcleos dobles c-FOS y NPY positivos / núcleos DAPI,778,WATER_NPY2;E7_FR7-1;E8_FR6-4,E7_FR7-5;E9_FR8-1;E8_FR6-3,WATER_NPY1;WATER_NPY3;E8_FR6-1,0.102825773282,0.0331393964069,False,False,biological animal
double_occurrence,Ocurrencia espacial de núcleos dobles c-FOS y NPY positivos / núcleos DAPI,779,WATER_NPY2;E7_FR7-1;E8_FR6-4,E7_FR7-5;E8_FR6-1;E8_FR6-3,WATER_NPY1;WATER_NPY3;E9_FR8-1,1.31336869279,0.304487927263,False,False,biological animal
double_occurrence,Ocurrencia espacial de núcleos dobles c-FOS y NPY positivos / núcleos DAPI,780,WATER_NPY2;E7_FR7-1;E8_FR6-4,E9_FR8-1;E8_FR6-1;E8_FR6-3,WATER_NPY1;WATER_NPY3;E7_FR7-5,0.935303172962,0.237669915596,False,False,biological animal
double_occurrence,Ocurrencia espacial de núcleos dobles c-FOS y NPY positivos / núcleos DAPI,781,WATER_NPY2;E7_FR7-5;E9_FR8-1,WATER_NPY1;WATER_NPY3;E7_FR7-1,E8_FR6-1;E8_FR6-3;E8_FR6-4,8.15277835871,0.731008731322,False,False,biological animal
double_occurrence,Ocurrencia espacial de núcleos dobles c-FOS y NPY positivos / núcleos DAPI,782,WATER_NPY2;E7_FR7-5;E9_FR8-1,WATER_NPY1;WATER_NPY3;E8_FR6-1,E7_FR7-1;E8_FR6-3;E8_FR6-4,1.27553279555,0.298333063163,False,False,biological animal
double_occurrence,Ocurrencia espacial de núcleos dobles c-FOS y NPY positivos / núcleos DAPI,783,WATER_NPY2;E7_FR7-5;E9_FR8-1,WATER_NPY1;WATER_NPY3;E8_FR6-3,E7_FR7-1;E8_FR6-1;E8_FR6-4,1.56095106224,0.342242449204,False,False,biological animal
double_occurrence,Ocurrencia espacial de núcleos dobles c-FOS y NPY positivos / núcleos DAPI,784,WATER_NPY2;E7_FR7-5;E9_FR8-1,WATER_NPY1;WATER_NPY3;E8_FR6-4,E7_FR7-1;E8_FR6-1;E8_FR6-3,1.18417421693,0.283012646112,False,False,biological animal
double_occurrence,Ocurrencia espacial de núcleos dobles c-FOS y NPY positivos / núcleos DAPI,785,WATER_NPY2;E7_FR7-5;E9_FR8-1,WATER_NPY1;E7_FR7-1;E8_FR6-1,WATER_NPY3;E8_FR6-3;E8_FR6-4,0.881276382192,0.227058394047,False,False,biological animal
double_occurrence,Ocurrencia espacial de núcleos dobles c-FOS y NPY positivos / núcleos DAPI,786,WATER_NPY2;E7_FR7-5;E9_FR8-1,WATER_NPY1;E7_FR7-1;E8_FR6-3,WATER_NPY3;E8_FR6-1;E8_FR6-4,0.976776945411,0.245620249468,False,False,biological animal
double_occurrence,Ocurrencia espacial de núcleos dobles c-FOS y NPY positivos / núcleos DAPI,787,WATER_NPY2;E7_FR7-5;E9_FR8-1,WATER_NPY1;E7_FR7-1;E8_FR6-4,WATER_NPY3;E8_FR6-1;E8_FR6-3,0.864717017283,0.223746528767,False,False,biological animal
double_occurrence,Ocurrencia espacial de núcleos dobles c-FOS y NPY positivos / núcleos DAPI,788,WATER_NPY2;E7_FR7-5;E9_FR8-1,WATER_NPY1;E8_FR6-1;E8_FR6-3,WATER_NPY3;E7_FR7-1;E8_FR6-4,1.47663603661,0.329853940445,False,False,biological animal
double_occurrence,Ocurrencia espacial de núcleos dobles c-FOS y NPY positivos / núcleos DAPI,789,WATER_NPY2;E7_FR7-5;E9_FR8-1,WATER_NPY1;E8_FR6-1;E8_FR6-4,WATER_NPY3;E7_FR7-1;E8_FR6-3,1.85820760388,0.382488307498,False,False,biological animal
double_occurrence,Ocurrencia espacial de núcleos dobles c-FOS y NPY positivos / núcleos DAPI,790,WATER_NPY2;E7_FR7-5;E9_FR8-1,WATER_NPY1;E8_FR6-3;E8_FR6-4,WATER_NPY3;E7_FR7-1;E8_FR6-1,1.6659391193,0.357042618153,False,False,biological animal
double_occurrence,Ocurrencia espacial de núcleos dobles c-FOS y NPY positivos / núcleos DAPI,791,WATER_NPY2;E7_FR7-5;E9_FR8-1,WATER_NPY3;E7_FR7-1;E8_FR6-1,WATER_NPY1;E8_FR6-3;E8_FR6-4,1.6659391193,0.357042618153,False,False,biological animal
double_occurrence,Ocurrencia espacial de núcleos dobles c-FOS y NPY positivos / núcleos DAPI,792,WATER_NPY2;E7_FR7-5;E9_FR8-1,WATER_NPY3;E7_FR7-1;E8_FR6-3,WATER_NPY1;E8_FR6-1;E8_FR6-4,1.85820760388,0.382488307498,False,False,biological animal
double_occurrence,Ocurrencia espacial de núcleos dobles c-FOS y NPY positivos / núcleos DAPI,793,WATER_NPY2;E7_FR7-5;E9_FR8-1,WATER_NPY3;E7_FR7-1;E8_FR6-4,WATER_NPY1;E8_FR6-1;E8_FR6-3,1.47663603661,0.329853940445,False,False,biological animal
double_occurrence,Ocurrencia espacial de núcleos dobles c-FOS y NPY positivos / núcleos DAPI,794,WATER_NPY2;E7_FR7-5;E9_FR8-1,WATER_NPY3;E8_FR6-1;E8_FR6-3,WATER_NPY1;E7_FR7-1;E8_FR6-4,0.864717017283,0.223746528767,False,False,biological animal
double_occurrence,Ocurrencia espacial de núcleos dobles c-FOS y NPY positivos / núcleos DAPI,795,WATER_NPY2;E7_FR7-5;E9_FR8-1,WATER_NPY3;E8_FR6-1;E8_FR6-4,WATER_NPY1;E7_FR7-1;E8_FR6-3,0.976776945411,0.245620249468,False,False,biological animal
double_occurrence,Ocurrencia espacial de núcleos dobles c-FOS y NPY positivos / núcleos DAPI,796,WATER_NPY2;E7_FR7-5;E9_FR8-1,WATER_NPY3;E8_FR6-3;E8_FR6-4,WATER_NPY1;E7_FR7-1;E8_FR6-1,0.881276382192,0.227058394047,False,False,biological animal
double_occurrence,Ocurrencia espacial de núcleos dobles c-FOS y NPY positivos / núcleos DAPI,797,WATER_NPY2;E7_FR7-5;E9_FR8-1,E7_FR7-1;E8_FR6-1;E8_FR6-3,WATER_NPY1;WATER_NPY3;E8_FR6-4,1.18417421693,0.283012646112,False,False,biological animal
double_occurrence,Ocurrencia espacial de núcleos dobles c-FOS y NPY positivos / núcleos DAPI,798,WATER_NPY2;E7_FR7-5;E9_FR8-1,E7_FR7-1;E8_FR6-1;E8_FR6-4,WATER_NPY1;WATER_NPY3;E8_FR6-3,1.56095106224,0.342242449204,False,False,biological animal
double_occurrence,Ocurrencia espacial de núcleos dobles c-FOS y NPY positivos / núcleos DAPI,799,WATER_NPY2;E7_FR7-5;E9_FR8-1,E7_FR7-1;E8_FR6-3;E8_FR6-4,WATER_NPY1;WATER_NPY3;E8_FR6-1,1.27553279555,0.298333063163,False,False,biological animal
double_occurrence,Ocurrencia espacial de núcleos dobles c-FOS y NPY positivos / núcleos DAPI,800,WATER_NPY2;E7_FR7-5;E9_FR8-1,E8_FR6-1;E8_FR6-3;E8_FR6-4,WATER_NPY1;WATER_NPY3;E7_FR7-1,8.15277835871,0.731008731322,False,False,biological animal
double_occurrence,Ocurrencia espacial de núcleos dobles c-FOS y NPY positivos / núcleos DAPI,801,WATER_NPY2;E7_FR7-5;E8_FR6-1,WATER_NPY1;WATER_NPY3;E7_FR7-1,E9_FR8-1;E8_FR6-3;E8_FR6-4,0.97298366239,0.244899990805,False,False,biological animal
double_occurrence,Ocurrencia espacial de núcleos dobles c-FOS y NPY positivos / núcleos DAPI,802,WATER_NPY2;E7_FR7-5;E8_FR6-1,WATER_NPY1;WATER_NPY3;E9_FR8-1,E7_FR7-1;E8_FR6-3;E8_FR6-4,1.26310350629,0.296287318482,False,False,biological animal
double_occurrence,Ocurrencia espacial de núcleos dobles c-FOS y NPY positivos / núcleos DAPI,803,WATER_NPY2;E7_FR7-5;E8_FR6-1,WATER_NPY1;WATER_NPY3;E8_FR6-3,E7_FR7-1;E9_FR8-1;E8_FR6-4,0.149723264031,0.0475353710407,False,False,biological animal
double_occurrence,Ocurrencia espacial de núcleos dobles c-FOS y NPY positivos / núcleos DAPI,804,WATER_NPY2;E7_FR7-5;E8_FR6-1,WATER_NPY1;WATER_NPY3;E8_FR6-4,E7_FR7-1;E9_FR8-1;E8_FR6-3,0.0901643132583,0.0291778378488,False,False,biological animal
double_occurrence,Ocurrencia espacial de núcleos dobles c-FOS y NPY positivos / núcleos DAPI,805,WATER_NPY2;E7_FR7-5;E8_FR6-1,WATER_NPY1;E7_FR7-1;E9_FR8-1,WATER_NPY3;E8_FR6-3;E8_FR6-4,0.400604863769,0.11780400247,False,False,biological animal
double_occurrence,Ocurrencia espacial de núcleos dobles c-FOS y NPY positivos / núcleos DAPI,806,WATER_NPY2;E7_FR7-5;E8_FR6-1,WATER_NPY1;E7_FR7-1;E8_FR6-3,WATER_NPY3;E9_FR8-1;E8_FR6-4,0.185125272004,0.0581218182002,False,False,biological animal
double_occurrence,Ocurrencia espacial de núcleos dobles c-FOS y NPY positivos / núcleos DAPI,807,WATER_NPY2;E7_FR7-5;E8_FR6-1,WATER_NPY1;E7_FR7-1;E8_FR6-4,WATER_NPY3;E9_FR8-1;E8_FR6-3,0.250694775379,0.077120367399,False,False,biological animal
double_occurrence,Ocurrencia espacial de núcleos dobles c-FOS y NPY positivos / núcleos DAPI,808,WATER_NPY2;E7_FR7-5;E8_FR6-1,WATER_NPY1;E9_FR8-1;E8_FR6-3,WATER_NPY3;E7_FR7-1;E8_FR6-4,0.0902281302528,0.0291978865151,False,False,biological animal
double_occurrence,Ocurrencia espacial de núcleos dobles c-FOS y NPY positivos / núcleos DAPI,809,WATER_NPY2;E7_FR7-5;E8_FR6-1,WATER_NPY1;E9_FR8-1;E8_FR6-4,WATER_NPY3;E7_FR7-1;E8_FR6-3,0.128128074857,0.040959983668,False,False,biological animal
double_occurrence,Ocurrencia espacial de núcleos dobles c-FOS y NPY positivos / núcleos DAPI,810,WATER_NPY2;E7_FR7-5;E8_FR6-1,WATER_NPY1;E8_FR6-3;E8_FR6-4,WATER_NPY3;E7_FR7-1;E9_FR8-1,2.01519704287,0.401818119138,False,False,biological animal
double_occurrence,Ocurrencia espacial de núcleos dobles c-FOS y NPY positivos / núcleos DAPI,811,WATER_NPY2;E7_FR7-5;E8_FR6-1,WATER_NPY3;E7_FR7-1;E9_FR8-1,WATER_NPY1;E8_FR6-3;E8_FR6-4,2.01519704287,0.401818119138,False,False,biological animal
double_occurrence,Ocurrencia espacial de núcleos dobles c-FOS y NPY positivos / núcleos DAPI,812,WATER_NPY2;E7_FR7-5;E8_FR6-1,WATER_NPY3;E7_FR7-1;E8_FR6-3,WATER_NPY1;E9_FR8-1;E8_FR6-4,0.128128074857,0.040959983668,False,False,biological animal
double_occurrence,Ocurrencia espacial de núcleos dobles c-FOS y NPY positivos / núcleos DAPI,813,WATER_NPY2;E7_FR7-5;E8_FR6-1,WATER_NPY3;E7_FR7-1;E8_FR6-4,WATER_NPY1;E9_FR8-1;E8_FR6-3,0.0902281302528,0.0291978865151,False,False,biological animal
double_occurrence,Ocurrencia espacial de núcleos dobles c-FOS y NPY positivos / núcleos DAPI,814,WATER_NPY2;E7_FR7-5;E8_FR6-1,WATER_NPY3;E9_FR8-1;E8_FR6-3,WATER_NPY1;E7_FR7-1;E8_FR6-4,0.250694775379,0.077120367399,False,False,biological animal
double_occurrence,Ocurrencia espacial de núcleos dobles c-FOS y NPY positivos / núcleos DAPI,815,WATER_NPY2;E7_FR7-5;E8_FR6-1,WATER_NPY3;E9_FR8-1;E8_FR6-4,WATER_NPY1;E7_FR7-1;E8_FR6-3,0.185125272004,0.0581218182002,False,False,biological animal
double_occurrence,Ocurrencia espacial de núcleos dobles c-FOS y NPY positivos / núcleos DAPI,816,WATER_NPY2;E7_FR7-5;E8_FR6-1,WATER_NPY3;E8_FR6-3;E8_FR6-4,WATER_NPY1;E7_FR7-1;E9_FR8-1,0.400604863769,0.11780400247,False,False,biological animal
double_occurrence,Ocurrencia espacial de núcleos dobles c-FOS y NPY positivos / núcleos DAPI,817,WATER_NPY2;E7_FR7-5;E8_FR6-1,E7_FR7-1;E9_FR8-1;E8_FR6-3,WATER_NPY1;WATER_NPY3;E8_FR6-4,0.0901643132583,0.0291778378488,False,False,biological animal
double_occurrence,Ocurrencia espacial de núcleos dobles c-FOS y NPY positivos / núcleos DAPI,818,WATER_NPY2;E7_FR7-5;E8_FR6-1,E7_FR7-1;E9_FR8-1;E8_FR6-4,WATER_NPY1;WATER_NPY3;E8_FR6-3,0.149723264031,0.0475353710407,False,False,biological animal
double_occurrence,Ocurrencia espacial de núcleos dobles c-FOS y NPY positivos / núcleos DAPI,819,WATER_NPY2;E7_FR7-5;E8_FR6-1,E7_FR7-1;E8_FR6-3;E8_FR6-4,WATER_NPY1;WATER_NPY3;E9_FR8-1,1.26310350629,0.296287318482,False,False,biological animal
double_occurrence,Ocurrencia espacial de núcleos dobles c-FOS y NPY positivos / núcleos DAPI,820,WATER_NPY2;E7_FR7-5;E8_FR6-1,E9_FR8-1;E8_FR6-3;E8_FR6-4,WATER_NPY1;WATER_NPY3;E7_FR7-1,0.97298366239,0.244899990805,False,False,biological animal
double_occurrence,Ocurrencia espacial de núcleos dobles c-FOS y NPY positivos / núcleos DAPI,821,WATER_NPY2;E7_FR7-5;E8_FR6-3,WATER_NPY1;WATER_NPY3;E7_FR7-1,E9_FR8-1;E8_FR6-1;E8_FR6-4,1.18763350087,0.283604928804,False,False,biological animal
double_occurrence,Ocurrencia espacial de núcleos dobles c-FOS y NPY positivos / núcleos DAPI,822,WATER_NPY2;E7_FR7-5;E8_FR6-3,WATER_NPY1;WATER_NPY3;E9_FR8-1,E7_FR7-1;E8_FR6-1;E8_FR6-4,1.52574214852,0.337125293145,False,False,biological animal
double_occurrence,Ocurrencia espacial de núcleos dobles c-FOS y NPY positivos / núcleos DAPI,823,WATER_NPY2;E7_FR7-5;E8_FR6-3,WATER_NPY1;WATER_NPY3;E8_FR6-1,E7_FR7-1;E9_FR8-1;E8_FR6-4,0.139599003447,0.0444639596628,False,False,biological animal
double_occurrence,Ocurrencia espacial de núcleos dobles c-FOS y NPY positivos / núcleos DAPI,824,WATER_NPY2;E7_FR7-5;E8_FR6-3,WATER_NPY1;WATER_NPY3;E8_FR6-4,E7_FR7-1;E9_FR8-1;E8_FR6-1,0.144255299793,0.0458790034646,False,False,biological animal
double_occurrence,Ocurrencia espacial de núcleos dobles c-FOS y NPY positivos / núcleos DAPI,825,WATER_NPY2;E7_FR7-5;E8_FR6-3,WATER_NPY1;E7_FR7-1;E9_FR8-1,WATER_NPY3;E8_FR6-1;E8_FR6-4,0.512749808064,0.145968211823,False,False,biological animal
double_occurrence,Ocurrencia espacial de núcleos dobles c-FOS y NPY positivos / núcleos DAPI,826,WATER_NPY2;E7_FR7-5;E8_FR6-3,WATER_NPY1;E7_FR7-1;E8_FR6-1,WATER_NPY3;E9_FR8-1;E8_FR6-4,0.217931764745,0.0677241721321,False,False,biological animal
double_occurrence,Ocurrencia espacial de núcleos dobles c-FOS y NPY positivos / núcleos DAPI,827,WATER_NPY2;E7_FR7-5;E8_FR6-3,WATER_NPY1;E7_FR7-1;E8_FR6-4,WATER_NPY3;E9_FR8-1;E8_FR6-1,0.264942821662,0.081147767705,False,False,biological animal
double_occurrence,Ocurrencia espacial de núcleos dobles c-FOS y NPY positivos / núcleos DAPI,828,WATER_NPY2;E7_FR7-5;E8_FR6-3,WATER_NPY1;E9_FR8-1;E8_FR6-1,WATER_NPY3;E7_FR7-1;E8_FR6-4,0.114188587558,0.0366672037826,False,False,biological animal
double_occurrence,Ocurrencia espacial de núcleos dobles c-FOS y NPY positivos / núcleos DAPI,829,WATER_NPY2;E7_FR7-5;E8_FR6-3,WATER_NPY1;E9_FR8-1;E8_FR6-4,WATER_NPY3;E7_FR7-1;E8_FR6-1,0.148351654266,0.0471204206383,False,False,biological animal
double_occurrence,Ocurrencia espacial de núcleos dobles c-FOS y NPY positivos / núcleos DAPI,830,WATER_NPY2;E7_FR7-5;E8_FR6-3,WATER_NPY1;E8_FR6-1;E8_FR6-4,WATER_NPY3;E7_FR7-1;E9_FR8-1,2.29496713533,0.433424245453,False,False,biological animal
double_occurrence,Ocurrencia espacial de núcleos dobles c-FOS y NPY positivos / núcleos DAPI,831,WATER_NPY2;E7_FR7-5;E8_FR6-3,WATER_NPY3;E7_FR7-1;E9_FR8-1,WATER_NPY1;E8_FR6-1;E8_FR6-4,2.29496713533,0.433424245453,False,False,biological animal
double_occurrence,Ocurrencia espacial de núcleos dobles c-FOS y NPY positivos / núcleos DAPI,832,WATER_NPY2;E7_FR7-5;E8_FR6-3,WATER_NPY3;E7_FR7-1;E8_FR6-1,WATER_NPY1;E9_FR8-1;E8_FR6-4,0.148351654266,0.0471204206383,False,False,biological animal
double_occurrence,Ocurrencia espacial de núcleos dobles c-FOS y NPY positivos / núcleos DAPI,833,WATER_NPY2;E7_FR7-5;E8_FR6-3,WATER_NPY3;E7_FR7-1;E8_FR6-4,WATER_NPY1;E9_FR8-1;E8_FR6-1,0.114188587558,0.0366672037826,False,False,biological animal
double_occurrence,Ocurrencia espacial de núcleos dobles c-FOS y NPY positivos / núcleos DAPI,834,WATER_NPY2;E7_FR7-5;E8_FR6-3,WATER_NPY3;E9_FR8-1;E8_FR6-1,WATER_NPY1;E7_FR7-1;E8_FR6-4,0.264942821662,0.081147767705,False,False,biological animal
double_occurrence,Ocurrencia espacial de núcleos dobles c-FOS y NPY positivos / núcleos DAPI,835,WATER_NPY2;E7_FR7-5;E8_FR6-3,WATER_NPY3;E9_FR8-1;E8_FR6-4,WATER_NPY1;E7_FR7-1;E8_FR6-1,0.217931764745,0.0677241721321,False,False,biological animal
double_occurrence,Ocurrencia espacial de núcleos dobles c-FOS y NPY positivos / núcleos DAPI,836,WATER_NPY2;E7_FR7-5;E8_FR6-3,WATER_NPY3;E8_FR6-1;E8_FR6-4,WATER_NPY1;E7_FR7-1;E9_FR8-1,0.512749808064,0.145968211823,False,False,biological animal
double_occurrence,Ocurrencia espacial de núcleos dobles c-FOS y NPY positivos / núcleos DAPI,837,WATER_NPY2;E7_FR7-5;E8_FR6-3,E7_FR7-1;E9_FR8-1;E8_FR6-1,WATER_NPY1;WATER_NPY3;E8_FR6-4,0.144255299793,0.0458790034646,False,False,biological animal
double_occurrence,Ocurrencia espacial de núcleos dobles c-FOS y NPY positivos / núcleos DAPI,838,WATER_NPY2;E7_FR7-5;E8_FR6-3,E7_FR7-1;E9_FR8-1;E8_FR6-4,WATER_NPY1;WATER_NPY3;E8_FR6-1,0.139599003447,0.0444639596628,False,False,biological animal
double_occurrence,Ocurrencia espacial de núcleos dobles c-FOS y NPY positivos / núcleos DAPI,839,WATER_NPY2;E7_FR7-5;E8_FR6-3,E7_FR7-1;E8_FR6-1;E8_FR6-4,WATER_NPY1;WATER_NPY3;E9_FR8-1,1.52574214852,0.337125293145,False,False,biological animal
double_occurrence,Ocurrencia espacial de núcleos dobles c-FOS y NPY positivos / núcleos DAPI,840,WATER_NPY2;E7_FR7-5;E8_FR6-3,E9_FR8-1;E8_FR6-1;E8_FR6-4,WATER_NPY1;WATER_NPY3;E7_FR7-1,1.18763350087,0.283604928804,False,False,biological animal
double_occurrence,Ocurrencia espacial de núcleos dobles c-FOS y NPY positivos / núcleos DAPI,841,WATER_NPY2;E7_FR7-5;E8_FR6-4,WATER_NPY1;WATER_NPY3;E7_FR7-1,E9_FR8-1;E8_FR6-1;E8_FR6-3,0.940188764908,0.238615158056,False,False,biological animal
double_occurrence,Ocurrencia espacial de núcleos dobles c-FOS y NPY positivos / núcleos DAPI,842,WATER_NPY2;E7_FR7-5;E8_FR6-4,WATER_NPY1;WATER_NPY3;E9_FR8-1,E7_FR7-1;E8_FR6-1;E8_FR6-3,1.21654663523,0.288517296373,False,False,biological animal
double_occurrence,Ocurrencia espacial de núcleos dobles c-FOS y NPY positivos / núcleos DAPI,843,WATER_NPY2;E7_FR7-5;E8_FR6-4,WATER_NPY1;WATER_NPY3;E8_FR6-1,E7_FR7-1;E9_FR8-1;E8_FR6-3,0.114385889969,0.0367282327915,False,False,biological animal
double_occurrence,Ocurrencia espacial de núcleos dobles c-FOS y NPY positivos / núcleos DAPI,844,WATER_NPY2;E7_FR7-5;E8_FR6-4,WATER_NPY1;WATER_NPY3;E8_FR6-3,E7_FR7-1;E9_FR8-1;E8_FR6-1,0.179652967499,0.0565008097851,False,False,biological animal
double_occurrence,Ocurrencia espacial de núcleos dobles c-FOS y NPY positivos / núcleos DAPI,845,WATER_NPY2;E7_FR7-5;E8_FR6-4,WATER_NPY1;E7_FR7-1;E9_FR8-1,WATER_NPY3;E8_FR6-1;E8_FR6-3,0.393812029989,0.116038256247,False,False,biological animal
double_occurrence,Ocurrencia espacial de núcleos dobles c-FOS y NPY positivos / núcleos DAPI,846,WATER_NPY2;E7_FR7-5;E8_FR6-4,WATER_NPY1;E7_FR7-1;E8_FR6-1,WATER_NPY3;E9_FR8-1;E8_FR6-3,0.256149869617,0.0786664864562,False,False,biological animal
double_occurrence,Ocurrencia espacial de núcleos dobles c-FOS y NPY positivos / núcleos DAPI,847,WATER_NPY2;E7_FR7-5;E8_FR6-4,WATER_NPY1;E7_FR7-1;E8_FR6-3,WATER_NPY3;E9_FR8-1;E8_FR6-1,0.236565536142,0.0730915328301,False,False,biological animal
double_occurrence,Ocurrencia espacial de núcleos dobles c-FOS y NPY positivos / núcleos DAPI,848,WATER_NPY2;E7_FR7-5;E8_FR6-4,WATER_NPY1;E9_FR8-1;E8_FR6-1,WATER_NPY3;E7_FR7-1;E8_FR6-3,0.138046730284,0.0439912920837,False,False,biological animal
double_occurrence,Ocurrencia espacial de núcleos dobles c-FOS y NPY positivos / núcleos DAPI,849,WATER_NPY2;E7_FR7-5;E8_FR6-4,WATER_NPY1;E9_FR8-1;E8_FR6-3,WATER_NPY3;E7_FR7-1;E8_FR6-1,0.133756275802,0.0426824117865,False,False,biological animal
double_occurrence,Ocurrencia espacial de núcleos dobles c-FOS y NPY positivos / núcleos DAPI,850,WATER_NPY2;E7_FR7-5;E8_FR6-4,WATER_NPY1;E8_FR6-1;E8_FR6-3,WATER_NPY3;E7_FR7-1;E9_FR8-1,1.90287379796,0.388113966701,False,False,biological animal
double_occurrence,Ocurrencia espacial de núcleos dobles c-FOS y NPY positivos / núcleos DAPI,851,WATER_NPY2;E7_FR7-5;E8_FR6-4,WATER_NPY3;E7_FR7-1;E9_FR8-1,WATER_NPY1;E8_FR6-1;E8_FR6-3,1.90287379796,0.388113966701,False,False,biological animal
double_occurrence,Ocurrencia espacial de núcleos dobles c-FOS y NPY positivos / núcleos DAPI,852,WATER_NPY2;E7_FR7-5;E8_FR6-4,WATER_NPY3;E7_FR7-1;E8_FR6-1,WATER_NPY1;E9_FR8-1;E8_FR6-3,0.133756275802,0.0426824117865,False,False,biological animal
double_occurrence,Ocurrencia espacial de núcleos dobles c-FOS y NPY positivos / núcleos DAPI,853,WATER_NPY2;E7_FR7-5;E8_FR6-4,WATER_NPY3;E7_FR7-1;E8_FR6-3,WATER_NPY1;E9_FR8-1;E8_FR6-1,0.138046730284,0.0439912920837,False,False,biological animal
double_occurrence,Ocurrencia espacial de núcleos dobles c-FOS y NPY positivos / núcleos DAPI,854,WATER_NPY2;E7_FR7-5;E8_FR6-4,WATER_NPY3;E9_FR8-1;E8_FR6-1,WATER_NPY1;E7_FR7-1;E8_FR6-3,0.236565536142,0.0730915328301,False,False,biological animal
double_occurrence,Ocurrencia espacial de núcleos dobles c-FOS y NPY positivos / núcleos DAPI,855,WATER_NPY2;E7_FR7-5;E8_FR6-4,WATER_NPY3;E9_FR8-1;E8_FR6-3,WATER_NPY1;E7_FR7-1;E8_FR6-1,0.256149869617,0.0786664864562,False,False,biological animal
double_occurrence,Ocurrencia espacial de núcleos dobles c-FOS y NPY positivos / núcleos DAPI,856,WATER_NPY2;E7_FR7-5;E8_FR6-4,WATER_NPY3;E8_FR6-1;E8_FR6-3,WATER_NPY1;E7_FR7-1;E9_FR8-1,0.393812029989,0.116038256247,False,False,biological animal
double_occurrence,Ocurrencia espacial de núcleos dobles c-FOS y NPY positivos / núcleos DAPI,857,WATER_NPY2;E7_FR7-5;E8_FR6-4,E7_FR7-1;E9_FR8-1;E8_FR6-1,WATER_NPY1;WATER_NPY3;E8_FR6-3,0.179652967499,0.0565008097851,False,False,biological animal
double_occurrence,Ocurrencia espacial de núcleos dobles c-FOS y NPY positivos / núcleos DAPI,858,WATER_NPY2;E7_FR7-5;E8_FR6-4,E7_FR7-1;E9_FR8-1;E8_FR6-3,WATER_NPY1;WATER_NPY3;E8_FR6-1,0.114385889969,0.0367282327915,False,False,biological animal
double_occurrence,Ocurrencia espacial de núcleos dobles c-FOS y NPY positivos / núcleos DAPI,859,WATER_NPY2;E7_FR7-5;E8_FR6-4,E7_FR7-1;E8_FR6-1;E8_FR6-3,WATER_NPY1;WATER_NPY3;E9_FR8-1,1.21654663523,0.288517296373,False,False,biological animal
double_occurrence,Ocurrencia espacial de núcleos dobles c-FOS y NPY positivos / núcleos DAPI,860,WATER_NPY2;E7_FR7-5;E8_FR6-4,E9_FR8-1;E8_FR6-1;E8_FR6-3,WATER_NPY1;WATER_NPY3;E7_FR7-1,0.940188764908,0.238615158056,False,False,biological animal
double_occurrence,Ocurrencia espacial de núcleos dobles c-FOS y NPY positivos / núcleos DAPI,861,WATER_NPY2;E9_FR8-1;E8_FR6-1,WATER_NPY1;WATER_NPY3;E7_FR7-1,E7_FR7-5;E8_FR6-3;E8_FR6-4,1.24657809282,0.293548844639,False,False,biological animal
double_occurrence,Ocurrencia espacial de núcleos dobles c-FOS y NPY positivos / núcleos DAPI,862,WATER_NPY2;E9_FR8-1;E8_FR6-1,WATER_NPY1;WATER_NPY3;E7_FR7-5,E7_FR7-1;E8_FR6-3;E8_FR6-4,1.15607834439,0.278165676532,False,False,biological animal
double_occurrence,Ocurrencia espacial de núcleos dobles c-FOS y NPY positivos / núcleos DAPI,863,WATER_NPY2;E9_FR8-1;E8_FR6-1,WATER_NPY1;WATER_NPY3;E8_FR6-3,E7_FR7-1;E7_FR7-5;E8_FR6-4,0.199405850176,0.0623259003434,False,False,biological animal
double_occurrence,Ocurrencia espacial de núcleos dobles c-FOS y NPY positivos / núcleos DAPI,864,WATER_NPY2;E9_FR8-1;E8_FR6-1,WATER_NPY1;WATER_NPY3;E8_FR6-4,E7_FR7-1;E7_FR7-5;E8_FR6-3,0.127179002569,0.040668923162,False,False,biological animal
double_occurrence,Ocurrencia espacial de núcleos dobles c-FOS y NPY positivos / núcleos DAPI,865,WATER_NPY2;E9_FR8-1;E8_FR6-1,WATER_NPY1;E7_FR7-1;E7_FR7-5,WATER_NPY3;E8_FR6-3;E8_FR6-4,0.42647581636,0.124464855209,False,False,biological animal
double_occurrence,Ocurrencia espacial de núcleos dobles c-FOS y NPY positivos / núcleos DAPI,866,WATER_NPY2;E9_FR8-1;E8_FR6-1,WATER_NPY1;E7_FR7-1;E8_FR6-3,WATER_NPY3;E7_FR7-5;E8_FR6-4,0.151690394816,0.0481298528135,False,False,biological animal
double_occurrence,Ocurrencia espacial de núcleos dobles c-FOS y NPY positivos / núcleos DAPI,867,WATER_NPY2;E9_FR8-1;E8_FR6-1,WATER_NPY1;E7_FR7-1;E8_FR6-4,WATER_NPY3;E7_FR7-5;E8_FR6-3,0.204542616127,0.0638289580229,False,False,biological animal
double_occurrence,Ocurrencia espacial de núcleos dobles c-FOS y NPY positivos / núcleos DAPI,868,WATER_NPY2;E9_FR8-1;E8_FR6-1,WATER_NPY1;E7_FR7-5;E8_FR6-3,WATER_NPY3;E7_FR7-1;E8_FR6-4,0.22482535497,0.0697170637857,False,False,biological animal
double_occurrence,Ocurrencia espacial de núcleos dobles c-FOS y NPY positivos / núcleos DAPI,869,WATER_NPY2;E9_FR8-1;E8_FR6-1,WATER_NPY1;E7_FR7-5;E8_FR6-4,WATER_NPY3;E7_FR7-1;E8_FR6-3,0.27789539903,0.0847786049281,False,False,biological animal
double_occurrence,Ocurrencia espacial de núcleos dobles c-FOS y NPY positivos / núcleos DAPI,870,WATER_NPY2;E9_FR8-1;E8_FR6-1,WATER_NPY1;E8_FR6-3;E8_FR6-4,WATER_NPY3;E7_FR7-1;E7_FR7-5,1.64877271056,0.35466838523,False,False,biological animal
double_occurrence,Ocurrencia espacial de núcleos dobles c-FOS y NPY positivos / núcleos DAPI,871,WATER_NPY2;E9_FR8-1;E8_FR6-1,WATER_NPY3;E7_FR7-1;E7_FR7-5,WATER_NPY1;E8_FR6-3;E8_FR6-4,1.64877271056,0.35466838523,False,False,biological animal
double_occurrence,Ocurrencia espacial de núcleos dobles c-FOS y NPY positivos / núcleos DAPI,872,WATER_NPY2;E9_FR8-1;E8_FR6-1,WATER_NPY3;E7_FR7-1;E8_FR6-3,WATER_NPY1;E7_FR7-5;E8_FR6-4,0.27789539903,0.0847786049281,False,False,biological animal
double_occurrence,Ocurrencia espacial de núcleos dobles c-FOS y NPY positivos / núcleos DAPI,873,WATER_NPY2;E9_FR8-1;E8_FR6-1,WATER_NPY3;E7_FR7-1;E8_FR6-4,WATER_NPY1;E7_FR7-5;E8_FR6-3,0.22482535497,0.0697170637857,False,False,biological animal
double_occurrence,Ocurrencia espacial de núcleos dobles c-FOS y NPY positivos / núcleos DAPI,874,WATER_NPY2;E9_FR8-1;E8_FR6-1,WATER_NPY3;E7_FR7-5;E8_FR6-3,WATER_NPY1;E7_FR7-1;E8_FR6-4,0.204542616127,0.0638289580229,False,False,biological animal
double_occurrence,Ocurrencia espacial de núcleos dobles c-FOS y NPY positivos / núcleos DAPI,875,WATER_NPY2;E9_FR8-1;E8_FR6-1,WATER_NPY3;E7_FR7-5;E8_FR6-4,WATER_NPY1;E7_FR7-1;E8_FR6-3,0.151690394816,0.0481298528135,False,False,biological animal
double_occurrence,Ocurrencia espacial de núcleos dobles c-FOS y NPY positivos / núcleos DAPI,876,WATER_NPY2;E9_FR8-1;E8_FR6-1,WATER_NPY3;E8_FR6-3;E8_FR6-4,WATER_NPY1;E7_FR7-1;E7_FR7-5,0.42647581636,0.124464855209,False,False,biological animal
double_occurrence,Ocurrencia espacial de núcleos dobles c-FOS y NPY positivos / núcleos DAPI,877,WATER_NPY2;E9_FR8-1;E8_FR6-1,E7_FR7-1;E7_FR7-5;E8_FR6-3,WATER_NPY1;WATER_NPY3;E8_FR6-4,0.127179002569,0.040668923162,False,False,biological animal
double_occurrence,Ocurrencia espacial de núcleos dobles c-FOS y NPY positivos / núcleos DAPI,878,WATER_NPY2;E9_FR8-1;E8_FR6-1,E7_FR7-1;E7_FR7-5;E8_FR6-4,WATER_NPY1;WATER_NPY3;E8_FR6-3,0.199405850176,0.0623259003434,False,False,biological animal
double_occurrence,Ocurrencia espacial de núcleos dobles c-FOS y NPY positivos / núcleos DAPI,879,WATER_NPY2;E9_FR8-1;E8_FR6-1,E7_FR7-1;E8_FR6-3;E8_FR6-4,WATER_NPY1;WATER_NPY3;E7_FR7-5,1.15607834439,0.278165676532,False,False,biological animal
double_occurrence,Ocurrencia espacial de núcleos dobles c-FOS y NPY positivos / núcleos DAPI,880,WATER_NPY2;E9_FR8-1;E8_FR6-1,E7_FR7-5;E8_FR6-3;E8_FR6-4,WATER_NPY1;WATER_NPY3;E7_FR7-1,1.24657809282,0.293548844639,False,False,biological animal
double_occurrence,Ocurrencia espacial de núcleos dobles c-FOS y NPY positivos / núcleos DAPI,881,WATER_NPY2;E9_FR8-1;E8_FR6-3,WATER_NPY1;WATER_NPY3;E7_FR7-1,E7_FR7-5;E8_FR6-1;E8_FR6-4,1.5382188532,0.338947702383,False,False,biological animal
double_occurrence,Ocurrencia espacial de núcleos dobles c-FOS y NPY positivos / núcleos DAPI,882,WATER_NPY2;E9_FR8-1;E8_FR6-3,WATER_NPY1;WATER_NPY3;E7_FR7-5,E7_FR7-1;E8_FR6-1;E8_FR6-4,1.42706811073,0.322350611067,False,False,biological animal
double_occurrence,Ocurrencia espacial de núcleos dobles c-FOS y NPY positivos / núcleos DAPI,883,WATER_NPY2;E9_FR8-1;E8_FR6-3,WATER_NPY1;WATER_NPY3;E8_FR6-1,E7_FR7-1;E7_FR7-5;E8_FR6-4,0.200346316175,0.0626014488378,False,False,biological animal
double_occurrence,Ocurrencia espacial de núcleos dobles c-FOS y NPY positivos / núcleos DAPI,884,WATER_NPY2;E9_FR8-1;E8_FR6-3,WATER_NPY1;WATER_NPY3;E8_FR6-4,E7_FR7-1;E7_FR7-5;E8_FR6-1,0.205347403366,0.0640640085223,False,False,biological animal
double_occurrence,Ocurrencia espacial de núcleos dobles c-FOS y NPY positivos / núcleos DAPI,885,WATER_NPY2;E9_FR8-1;E8_FR6-3,WATER_NPY1;E7_FR7-1;E7_FR7-5,WATER_NPY3;E8_FR6-1;E8_FR6-4,0.554401399546,0.155976024434,False,False,biological animal
double_occurrence,Ocurrencia espacial de núcleos dobles c-FOS y NPY positivos / núcleos DAPI,886,WATER_NPY2;E9_FR8-1;E8_FR6-3,WATER_NPY1;E7_FR7-1;E8_FR6-1,WATER_NPY3;E7_FR7-5;E8_FR6-4,0.195157561041,0.0610791666177,False,False,biological animal
double_occurrence,Ocurrencia espacial de núcleos dobles c-FOS y NPY positivos / núcleos DAPI,887,WATER_NPY2;E9_FR8-1;E8_FR6-3,WATER_NPY1;E7_FR7-1;E8_FR6-4,WATER_NPY3;E7_FR7-5;E8_FR6-1,0.241667190471,0.0745502780733,False,False,biological animal
double_occurrence,Ocurrencia espacial de núcleos dobles c-FOS y NPY positivos / núcleos DAPI,888,WATER_NPY2;E9_FR8-1;E8_FR6-3,WATER_NPY1;E7_FR7-5;E8_FR6-1,WATER_NPY3;E7_FR7-1;E8_FR6-4,0.274681248108,0.0838803007977,False,False,biological animal
double_occurrence,Ocurrencia espacial de núcleos dobles c-FOS y NPY positivos / núcleos DAPI,889,WATER_NPY2;E9_FR8-1;E8_FR6-3,WATER_NPY1;E7_FR7-5;E8_FR6-4,WATER_NPY3;E7_FR7-1;E8_FR6-1,0.312303890483,0.0942860017707,False,False,biological animal
double_occurrence,Ocurrencia espacial de núcleos dobles c-FOS y NPY positivos / núcleos DAPI,890,WATER_NPY2;E9_FR8-1;E8_FR6-3,WATER_NPY1;E8_FR6-1;E8_FR6-4,WATER_NPY3;E7_FR7-1;E7_FR7-5,1.91498285002,0.389621471418,False,False,biological animal
double_occurrence,Ocurrencia espacial de núcleos dobles c-FOS y NPY positivos / núcleos DAPI,891,WATER_NPY2;E9_FR8-1;E8_FR6-3,WATER_NPY3;E7_FR7-1;E7_FR7-5,WATER_NPY1;E8_FR6-1;E8_FR6-4,1.91498285002,0.389621471418,False,False,biological animal
double_occurrence,Ocurrencia espacial de núcleos dobles c-FOS y NPY positivos / núcleos DAPI,892,WATER_NPY2;E9_FR8-1;E8_FR6-3,WATER_NPY3;E7_FR7-1;E8_FR6-1,WATER_NPY1;E7_FR7-5;E8_FR6-4,0.312303890483,0.0942860017707,False,False,biological animal
double_occurrence,Ocurrencia espacial de núcleos dobles c-FOS y NPY positivos / núcleos DAPI,893,WATER_NPY2;E9_FR8-1;E8_FR6-3,WATER_NPY3;E7_FR7-1;E8_FR6-4,WATER_NPY1;E7_FR7-5;E8_FR6-1,0.274681248108,0.0838803007977,False,False,biological animal
double_occurrence,Ocurrencia espacial de núcleos dobles c-FOS y NPY positivos / núcleos DAPI,894,WATER_NPY2;E9_FR8-1;E8_FR6-3,WATER_NPY3;E7_FR7-5;E8_FR6-1,WATER_NPY1;E7_FR7-1;E8_FR6-4,0.241667190471,0.0745502780733,False,False,biological animal
double_occurrence,Ocurrencia espacial de núcleos dobles c-FOS y NPY positivos / núcleos DAPI,895,WATER_NPY2;E9_FR8-1;E8_FR6-3,WATER_NPY3;E7_FR7-5;E8_FR6-4,WATER_NPY1;E7_FR7-1;E8_FR6-1,0.195157561041,0.0610791666177,False,False,biological animal
double_occurrence,Ocurrencia espacial de núcleos dobles c-FOS y NPY positivos / núcleos DAPI,896,WATER_NPY2;E9_FR8-1;E8_FR6-3,WATER_NPY3;E8_FR6-1;E8_FR6-4,WATER_NPY1;E7_FR7-1;E7_FR7-5,0.554401399546,0.155976024434,False,False,biological animal
double_occurrence,Ocurrencia espacial de núcleos dobles c-FOS y NPY positivos / núcleos DAPI,897,WATER_NPY2;E9_FR8-1;E8_FR6-3,E7_FR7-1;E7_FR7-5;E8_FR6-1,WATER_NPY1;WATER_NPY3;E8_FR6-4,0.205347403366,0.0640640085223,False,False,biological animal
double_occurrence,Ocurrencia espacial de núcleos dobles c-FOS y NPY positivos / núcleos DAPI,898,WATER_NPY2;E9_FR8-1;E8_FR6-3,E7_FR7-1;E7_FR7-5;E8_FR6-4,WATER_NPY1;WATER_NPY3;E8_FR6-1,0.200346316175,0.0626014488378,False,False,biological animal
double_occurrence,Ocurrencia espacial de núcleos dobles c-FOS y NPY positivos / núcleos DAPI,899,WATER_NPY2;E9_FR8-1;E8_FR6-3,E7_FR7-1;E8_FR6-1;E8_FR6-4,WATER_NPY1;WATER_NPY3;E7_FR7-5,1.42706811073,0.322350611067,False,False,biological animal
double_occurrence,Ocurrencia espacial de núcleos dobles c-FOS y NPY positivos / núcleos DAPI,900,WATER_NPY2;E9_FR8-1;E8_FR6-3,E7_FR7-5;E8_FR6-1;E8_FR6-4,WATER_NPY1;WATER_NPY3;E7_FR7-1,1.5382188532,0.338947702383,False,False,biological animal
double_occurrence,Ocurrencia espacial de núcleos dobles c-FOS y NPY positivos / núcleos DAPI,901,WATER_NPY2;E9_FR8-1;E8_FR6-4,WATER_NPY1;WATER_NPY3;E7_FR7-1,E7_FR7-5;E8_FR6-1;E8_FR6-3,1.20969349753,0.287359043655,False,False,biological animal
double_occurrence,Ocurrencia espacial de núcleos dobles c-FOS y NPY positivos / núcleos DAPI,902,WATER_NPY2;E9_FR8-1;E8_FR6-4,WATER_NPY1;WATER_NPY3;E7_FR7-5,E7_FR7-1;E8_FR6-1;E8_FR6-3,1.11208541665,0.270443170306,False,False,biological animal
double_occurrence,Ocurrencia espacial de núcleos dobles c-FOS y NPY positivos / núcleos DAPI,903,WATER_NPY2;E9_FR8-1;E8_FR6-4,WATER_NPY1;WATER_NPY3;E8_FR6-1,E7_FR7-1;E7_FR7-5;E8_FR6-3,0.152144011718,0.0482668339875,False,False,biological animal
double_occurrence,Ocurrencia espacial de núcleos dobles c-FOS y NPY positivos / núcleos DAPI,904,WATER_NPY2;E9_FR8-1;E8_FR6-4,WATER_NPY1;WATER_NPY3;E8_FR6-3,E7_FR7-1;E7_FR7-5;E8_FR6-1,0.230622409405,0.0713863708533,False,False,biological animal
double_occurrence,Ocurrencia espacial de núcleos dobles c-FOS y NPY positivos / núcleos DAPI,905,WATER_NPY2;E9_FR8-1;E8_FR6-4,WATER_NPY1;E7_FR7-1;E7_FR7-5,WATER_NPY3;E8_FR6-1;E8_FR6-3,0.419764557249,0.122746624869,False,False,biological animal
double_occurrence,Ocurrencia espacial de núcleos dobles c-FOS y NPY positivos / núcleos DAPI,906,WATER_NPY2;E9_FR8-1;E8_FR6-4,WATER_NPY1;E7_FR7-1;E8_FR6-1,WATER_NPY3;E7_FR7-5;E8_FR6-3,0.210006980064,0.0654225929628,False,False,biological animal
double_occurrence,Ocurrencia espacial de núcleos dobles c-FOS y NPY positivos / núcleos DAPI,907,WATER_NPY2;E9_FR8-1;E8_FR6-4,WATER_NPY1;E7_FR7-1;E8_FR6-3,WATER_NPY3;E7_FR7-5;E8_FR6-1,0.202372656548,0.063194599209,False,False,biological animal
double_occurrence,Ocurrencia espacial de núcleos dobles c-FOS y NPY positivos / núcleos DAPI,908,WATER_NPY2;E9_FR8-1;E8_FR6-4,WATER_NPY1;E7_FR7-5;E8_FR6-1,WATER_NPY3;E7_FR7-1;E8_FR6-3,0.289130868448,0.0879049451093,False,False,biological animal
double_occurrence,Ocurrencia espacial de núcleos dobles c-FOS y NPY positivos / núcleos DAPI,909,WATER_NPY2;E9_FR8-1;E8_FR6-4,WATER_NPY1;E7_FR7-5;E8_FR6-3,WATER_NPY3;E7_FR7-1;E8_FR6-1,0.272426584109,0.0832491049399,False,False,biological animal
double_occurrence,Ocurrencia espacial de núcleos dobles c-FOS y NPY positivos / núcleos DAPI,910,WATER_NPY2;E9_FR8-1;E8_FR6-4,WATER_NPY1;E8_FR6-1;E8_FR6-3,WATER_NPY3;E7_FR7-1;E7_FR7-5,1.5524332095,0.341011748676,False,False,biological animal
double_occurrence,Ocurrencia espacial de núcleos dobles c-FOS y NPY positivos / núcleos DAPI,911,WATER_NPY2;E9_FR8-1;E8_FR6-4,WATER_NPY3;E7_FR7-1;E7_FR7-5,WATER_NPY1;E8_FR6-1;E8_FR6-3,1.5524332095,0.341011748676,False,False,biological animal
double_occurrence,Ocurrencia espacial de núcleos dobles c-FOS y NPY positivos / núcleos DAPI,912,WATER_NPY2;E9_FR8-1;E8_FR6-4,WATER_NPY3;E7_FR7-1;E8_FR6-1,WATER_NPY1;E7_FR7-5;E8_FR6-3,0.272426584109,0.0832491049399,False,False,biological animal
double_occurrence,Ocurrencia espacial de núcleos dobles c-FOS y NPY positivos / núcleos DAPI,913,WATER_NPY2;E9_FR8-1;E8_FR6-4,WATER_NPY3;E7_FR7-1;E8_FR6-3,WATER_NPY1;E7_FR7-5;E8_FR6-1,0.289130868448,0.0879049451093,False,False,biological animal
double_occurrence,Ocurrencia espacial de núcleos dobles c-FOS y NPY positivos / núcleos DAPI,914,WATER_NPY2;E9_FR8-1;E8_FR6-4,WATER_NPY3;E7_FR7-5;E8_FR6-1,WATER_NPY1;E7_FR7-1;E8_FR6-3,0.202372656548,0.063194599209,False,False,biological animal
double_occurrence,Ocurrencia espacial de núcleos dobles c-FOS y NPY positivos / núcleos DAPI,915,WATER_NPY2;E9_FR8-1;E8_FR6-4,WATER_NPY3;E7_FR7-5;E8_FR6-3,WATER_NPY1;E7_FR7-1;E8_FR6-1,0.210006980064,0.0654225929628,False,False,biological animal
double_occurrence,Ocurrencia espacial de núcleos dobles c-FOS y NPY positivos / núcleos DAPI,916,WATER_NPY2;E9_FR8-1;E8_FR6-4,WATER_NPY3;E8_FR6-1;E8_FR6-3,WATER_NPY1;E7_FR7-1;E7_FR7-5,0.419764557249,0.122746624869,False,False,biological animal
double_occurrence,Ocurrencia espacial de núcleos dobles c-FOS y NPY positivos / núcleos DAPI,917,WATER_NPY2;E9_FR8-1;E8_FR6-4,E7_FR7-1;E7_FR7-5;E8_FR6-1,WATER_NPY1;WATER_NPY3;E8_FR6-3,0.230622409405,0.0713863708533,False,False,biological animal
double_occurrence,Ocurrencia espacial de núcleos dobles c-FOS y NPY positivos / núcleos DAPI,918,WATER_NPY2;E9_FR8-1;E8_FR6-4,E7_FR7-1;E7_FR7-5;E8_FR6-3,WATER_NPY1;WATER_NPY3;E8_FR6-1,0.152144011718,0.0482668339875,False,False,biological animal
double_occurrence,Ocurrencia espacial de núcleos dobles c-FOS y NPY positivos / núcleos DAPI,919,WATER_NPY2;E9_FR8-1;E8_FR6-4,E7_FR7-1;E8_FR6-1;E8_FR6-3,WATER_NPY1;WATER_NPY3;E7_FR7-5,1.11208541665,0.270443170306,False,False,biological animal
double_occurrence,Ocurrencia espacial de núcleos dobles c-FOS y NPY positivos / núcleos DAPI,920,WATER_NPY2;E9_FR8-1;E8_FR6-4,E7_FR7-5;E8_FR6-1;E8_FR6-3,WATER_NPY1;WATER_NPY3;E7_FR7-1,1.20969349753,0.287359043655,False,False,biological animal
double_occurrence,Ocurrencia espacial de núcleos dobles c-FOS y NPY positivos / núcleos DAPI,921,WATER_NPY2;E8_FR6-1;E8_FR6-3,WATER_NPY1;WATER_NPY3;E7_FR7-1,E7_FR7-5;E9_FR8-1;E8_FR6-4,0.733773728904,0.196523352024,False,False,biological animal
double_occurrence,Ocurrencia espacial de núcleos dobles c-FOS y NPY positivos / núcleos DAPI,922,WATER_NPY2;E8_FR6-1;E8_FR6-3,WATER_NPY1;WATER_NPY3;E7_FR7-5,E7_FR7-1;E9_FR8-1;E8_FR6-4,0.747590898584,0.199485727982,False,False,biological animal
double_occurrence,Ocurrencia espacial de núcleos dobles c-FOS y NPY positivos / núcleos DAPI,923,WATER_NPY2;E8_FR6-1;E8_FR6-3,WATER_NPY1;WATER_NPY3;E9_FR8-1,E7_FR7-1;E7_FR7-5;E8_FR6-4,0.908274869246,0.232397899235,False,False,biological animal
double_occurrence,Ocurrencia espacial de núcleos dobles c-FOS y NPY positivos / núcleos DAPI,924,WATER_NPY2;E8_FR6-1;E8_FR6-3,WATER_NPY1;WATER_NPY3;E8_FR6-4,E7_FR7-1;E7_FR7-5;E9_FR8-1,0.545737132779,0.153913590416,False,False,biological animal
double_occurrence,Ocurrencia espacial de núcleos dobles c-FOS y NPY positivos / núcleos DAPI,925,WATER_NPY2;E8_FR6-1;E8_FR6-3,WATER_NPY1;E7_FR7-1;E7_FR7-5,WATER_NPY3;E9_FR8-1;E8_FR6-4,0.48966971553,0.140319788245,False,False,biological animal
double_occurrence,Ocurrencia espacial de núcleos dobles c-FOS y NPY positivos / núcleos DAPI,926,WATER_NPY2;E8_FR6-1;E8_FR6-3,WATER_NPY1;E7_FR7-1;E9_FR8-1,WATER_NPY3;E7_FR7-5;E8_FR6-4,0.423356073214,0.123666970119,False,False,biological animal
double_occurrence,Ocurrencia espacial de núcleos dobles c-FOS y NPY positivos / núcleos DAPI,927,WATER_NPY2;E8_FR6-1;E8_FR6-3,WATER_NPY1;E7_FR7-1;E8_FR6-4,WATER_NPY3;E7_FR7-5;E9_FR8-1,1.11866424617,0.271608506863,False,False,biological animal
double_occurrence,Ocurrencia espacial de núcleos dobles c-FOS y NPY positivos / núcleos DAPI,928,WATER_NPY2;E8_FR6-1;E8_FR6-3,WATER_NPY1;E7_FR7-5;E9_FR8-1,WATER_NPY3;E7_FR7-1;E8_FR6-4,0.436066518606,0.126908637026,False,False,biological animal
double_occurrence,Ocurrencia espacial de núcleos dobles c-FOS y NPY positivos / núcleos DAPI,929,WATER_NPY2;E8_FR6-1;E8_FR6-3,WATER_NPY1;E7_FR7-5;E8_FR6-4,WATER_NPY3;E7_FR7-1;E9_FR8-1,1.35352793299,0.310903697834,False,False,biological animal
double_occurrence,Ocurrencia espacial de núcleos dobles c-FOS y NPY positivos / núcleos DAPI,930,WATER_NPY2;E8_FR6-1;E8_FR6-3,WATER_NPY1;E9_FR8-1;E8_FR6-4,WATER_NPY3;E7_FR7-1;E7_FR7-5,0.845835049438,0.219935342667,False,False,biological animal
double_occurrence,Ocurrencia espacial de núcleos dobles c-FOS y NPY positivos / núcleos DAPI,931,WATER_NPY2;E8_FR6-1;E8_FR6-3,WATER_NPY3;E7_FR7-1;E7_FR7-5,WATER_NPY1;E9_FR8-1;E8_FR6-4,0.845835049438,0.219935342667,False,False,biological animal
double_occurrence,Ocurrencia espacial de núcleos dobles c-FOS y NPY positivos / núcleos DAPI,932,WATER_NPY2;E8_FR6-1;E8_FR6-3,WATER_NPY3;E7_FR7-1;E9_FR8-1,WATER_NPY1;E7_FR7-5;E8_FR6-4,1.35352793299,0.310903697834,False,False,biological animal
double_occurrence,Ocurrencia espacial de núcleos dobles c-FOS y NPY positivos / núcleos DAPI,933,WATER_NPY2;E8_FR6-1;E8_FR6-3,WATER_NPY3;E7_FR7-1;E8_FR6-4,WATER_NPY1;E7_FR7-5;E9_FR8-1,0.436066518606,0.126908637026,False,False,biological animal
double_occurrence,Ocurrencia espacial de núcleos dobles c-FOS y NPY positivos / núcleos DAPI,934,WATER_NPY2;E8_FR6-1;E8_FR6-3,WATER_NPY3;E7_FR7-5;E9_FR8-1,WATER_NPY1;E7_FR7-1;E8_FR6-4,1.11866424617,0.271608506863,False,False,biological animal
double_occurrence,Ocurrencia espacial de núcleos dobles c-FOS y NPY positivos / núcleos DAPI,935,WATER_NPY2;E8_FR6-1;E8_FR6-3,WATER_NPY3;E7_FR7-5;E8_FR6-4,WATER_NPY1;E7_FR7-1;E9_FR8-1,0.423356073214,0.123666970119,False,False,biological animal
double_occurrence,Ocurrencia espacial de núcleos dobles c-FOS y NPY positivos / núcleos DAPI,936,WATER_NPY2;E8_FR6-1;E8_FR6-3,WATER_NPY3;E9_FR8-1;E8_FR6-4,WATER_NPY1;E7_FR7-1;E7_FR7-5,0.48966971553,0.140319788245,False,False,biological animal
double_occurrence,Ocurrencia espacial de núcleos dobles c-FOS y NPY positivos / núcleos DAPI,937,WATER_NPY2;E8_FR6-1;E8_FR6-3,E7_FR7-1;E7_FR7-5;E9_FR8-1,WATER_NPY1;WATER_NPY3;E8_FR6-4,0.545737132779,0.153913590416,False,False,biological animal
double_occurrence,Ocurrencia espacial de núcleos dobles c-FOS y NPY positivos / núcleos DAPI,938,WATER_NPY2;E8_FR6-1;E8_FR6-3,E7_FR7-1;E7_FR7-5;E8_FR6-4,WATER_NPY1;WATER_NPY3;E9_FR8-1,0.908274869246,0.232397899235,False,False,biological animal
double_occurrence,Ocurrencia espacial de núcleos dobles c-FOS y NPY positivos / núcleos DAPI,939,WATER_NPY2;E8_FR6-1;E8_FR6-3,E7_FR7-1;E9_FR8-1;E8_FR6-4,WATER_NPY1;WATER_NPY3;E7_FR7-5,0.747590898584,0.199485727982,False,False,biological animal
double_occurrence,Ocurrencia espacial de núcleos dobles c-FOS y NPY positivos / núcleos DAPI,940,WATER_NPY2;E8_FR6-1;E8_FR6-3,E7_FR7-5;E9_FR8-1;E8_FR6-4,WATER_NPY1;WATER_NPY3;E7_FR7-1,0.733773728904,0.196523352024,False,False,biological animal
double_occurrence,Ocurrencia espacial de núcleos dobles c-FOS y NPY positivos / núcleos DAPI,941,WATER_NPY2;E8_FR6-1;E8_FR6-4,WATER_NPY1;WATER_NPY3;E7_FR7-1,E7_FR7-5;E9_FR8-1;E8_FR6-3,0.879373383459,0.226679233097,False,False,biological animal
double_occurrence,Ocurrencia espacial de núcleos dobles c-FOS y NPY positivos / núcleos DAPI,942,WATER_NPY2;E8_FR6-1;E8_FR6-4,WATER_NPY1;WATER_NPY3;E7_FR7-5,E7_FR7-1;E9_FR8-1;E8_FR6-3,0.892680496045,0.229322827022,False,False,biological animal
double_occurrence,Ocurrencia espacial de núcleos dobles c-FOS y NPY positivos / núcleos DAPI,943,WATER_NPY2;E8_FR6-1;E8_FR6-4,WATER_NPY1;WATER_NPY3;E9_FR8-1,E7_FR7-1;E7_FR7-5;E8_FR6-3,1.04823091614,0.258935554285,False,False,biological animal
double_occurrence,Ocurrencia espacial de núcleos dobles c-FOS y NPY positivos / núcleos DAPI,944,WATER_NPY2;E8_FR6-1;E8_FR6-4,WATER_NPY1;WATER_NPY3;E8_FR6-3,E7_FR7-1;E7_FR7-5;E9_FR8-1,0.759908405065,0.202108222648,False,False,biological animal
double_occurrence,Ocurrencia espacial de núcleos dobles c-FOS y NPY positivos / núcleos DAPI,945,WATER_NPY2;E8_FR6-1;E8_FR6-4,WATER_NPY1;E7_FR7-1;E7_FR7-5,WATER_NPY3;E9_FR8-1;E8_FR6-3,0.69838409632,0.18883492848,False,False,biological animal
double_occurrence,Ocurrencia espacial de núcleos dobles c-FOS y NPY positivos / núcleos DAPI,946,WATER_NPY2;E8_FR6-1;E8_FR6-4,WATER_NPY1;E7_FR7-1;E9_FR8-1,WATER_NPY3;E7_FR7-5;E8_FR6-3,0.609598643403,0.168882666364,False,False,biological animal
double_occurrence,Ocurrencia espacial de núcleos dobles c-FOS y NPY positivos / núcleos DAPI,947,WATER_NPY2;E8_FR6-1;E8_FR6-4,WATER_NPY1;E7_FR7-1;E8_FR6-3,WATER_NPY3;E7_FR7-5;E9_FR8-1,1.29261372955,0.301125097899,False,False,biological animal
double_occurrence,Ocurrencia espacial de núcleos dobles c-FOS y NPY positivos / núcleos DAPI,948,WATER_NPY2;E8_FR6-1;E8_FR6-4,WATER_NPY1;E7_FR7-5;E9_FR8-1,WATER_NPY3;E7_FR7-1;E8_FR6-3,0.622337730568,0.171805551237,False,False,biological animal
double_occurrence,Ocurrencia espacial de núcleos dobles c-FOS y NPY positivos / núcleos DAPI,949,WATER_NPY2;E8_FR6-1;E8_FR6-4,WATER_NPY1;E7_FR7-5;E8_FR6-3,WATER_NPY3;E7_FR7-1;E9_FR8-1,1.55055027167,0.340739070903,False,False,biological animal
double_occurrence,Ocurrencia espacial de núcleos dobles c-FOS y NPY positivos / núcleos DAPI,950,WATER_NPY2;E8_FR6-1;E8_FR6-4,WATER_NPY1;E9_FR8-1;E8_FR6-3,WATER_NPY3;E7_FR7-1;E7_FR7-5,1.0164414892,0.253070159725,False,False,biological animal
double_occurrence,Ocurrencia espacial de núcleos dobles c-FOS y NPY positivos / núcleos DAPI,951,WATER_NPY2;E8_FR6-1;E8_FR6-4,WATER_NPY3;E7_FR7-1;E7_FR7-5,WATER_NPY1;E9_FR8-1;E8_FR6-3,1.0164414892,0.253070159725,False,False,biological animal
double_occurrence,Ocurrencia espacial de núcleos dobles c-FOS y NPY positivos / núcleos DAPI,952,WATER_NPY2;E8_FR6-1;E8_FR6-4,WATER_NPY3;E7_FR7-1;E9_FR8-1,WATER_NPY1;E7_FR7-5;E8_FR6-3,1.55055027167,0.340739070903,False,False,biological animal
double_occurrence,Ocurrencia espacial de núcleos dobles c-FOS y NPY positivos / núcleos DAPI,953,WATER_NPY2;E8_FR6-1;E8_FR6-4,WATER_NPY3;E7_FR7-1;E8_FR6-3,WATER_NPY1;E7_FR7-5;E9_FR8-1,0.622337730568,0.171805551237,False,False,biological animal
double_occurrence,Ocurrencia espacial de núcleos dobles c-FOS y NPY positivos / núcleos DAPI,954,WATER_NPY2;E8_FR6-1;E8_FR6-4,WATER_NPY3;E7_FR7-5;E9_FR8-1,WATER_NPY1;E7_FR7-1;E8_FR6-3,1.29261372955,0.301125097899,False,False,biological animal
double_occurrence,Ocurrencia espacial de núcleos dobles c-FOS y NPY positivos / núcleos DAPI,955,WATER_NPY2;E8_FR6-1;E8_FR6-4,WATER_NPY3;E7_FR7-5;E8_FR6-3,WATER_NPY1;E7_FR7-1;E9_FR8-1,0.609598643403,0.168882666364,False,False,biological animal
double_occurrence,Ocurrencia espacial de núcleos dobles c-FOS y NPY positivos / núcleos DAPI,956,WATER_NPY2;E8_FR6-1;E8_FR6-4,WATER_NPY3;E9_FR8-1;E8_FR6-3,WATER_NPY1;E7_FR7-1;E7_FR7-5,0.69838409632,0.18883492848,False,False,biological animal
double_occurrence,Ocurrencia espacial de núcleos dobles c-FOS y NPY positivos / núcleos DAPI,957,WATER_NPY2;E8_FR6-1;E8_FR6-4,E7_FR7-1;E7_FR7-5;E9_FR8-1,WATER_NPY1;WATER_NPY3;E8_FR6-3,0.759908405065,0.202108222648,False,False,biological animal
double_occurrence,Ocurrencia espacial de núcleos dobles c-FOS y NPY positivos / núcleos DAPI,958,WATER_NPY2;E8_FR6-1;E8_FR6-4,E7_FR7-1;E7_FR7-5;E8_FR6-3,WATER_NPY1;WATER_NPY3;E9_FR8-1,1.04823091614,0.258935554285,False,False,biological animal
double_occurrence,Ocurrencia espacial de núcleos dobles c-FOS y NPY positivos / núcleos DAPI,959,WATER_NPY2;E8_FR6-1;E8_FR6-4,E7_FR7-1;E9_FR8-1;E8_FR6-3,WATER_NPY1;WATER_NPY3;E7_FR7-5,0.892680496045,0.229322827022,False,False,biological animal
double_occurrence,Ocurrencia espacial de núcleos dobles c-FOS y NPY positivos / núcleos DAPI,960,WATER_NPY2;E8_FR6-1;E8_FR6-4,E7_FR7-5;E9_FR8-1;E8_FR6-3,WATER_NPY1;WATER_NPY3;E7_FR7-1,0.879373383459,0.226679233097,False,False,biological animal
double_occurrence,Ocurrencia espacial de núcleos dobles c-FOS y NPY positivos / núcleos DAPI,961,WATER_NPY2;E8_FR6-3;E8_FR6-4,WATER_NPY1;WATER_NPY3;E7_FR7-1,E7_FR7-5;E9_FR8-1;E8_FR6-1,0.8650055233,0.223804472745,False,False,biological animal
double_occurrence,Ocurrencia espacial de núcleos dobles c-FOS y NPY positivos / núcleos DAPI,962,WATER_NPY2;E8_FR6-3;E8_FR6-4,WATER_NPY1;WATER_NPY3;E7_FR7-5,E7_FR7-1;E9_FR8-1;E8_FR6-1,0.872137594455,0.225234143462,False,False,biological animal
double_occurrence,Ocurrencia espacial de núcleos dobles c-FOS y NPY positivos / núcleos DAPI,963,WATER_NPY2;E8_FR6-3;E8_FR6-4,WATER_NPY1;WATER_NPY3;E9_FR8-1,E7_FR7-1;E7_FR7-5;E8_FR6-1,1.04418313536,0.258193830598,False,False,biological animal
double_occurrence,Ocurrencia espacial de núcleos dobles c-FOS y NPY positivos / núcleos DAPI,964,WATER_NPY2;E8_FR6-3;E8_FR6-4,WATER_NPY1;WATER_NPY3;E8_FR6-1,E7_FR7-1;E7_FR7-5;E9_FR8-1,0.650731864219,0.178246962095,False,False,biological animal
double_occurrence,Ocurrencia espacial de núcleos dobles c-FOS y NPY positivos / núcleos DAPI,965,WATER_NPY2;E8_FR6-3;E8_FR6-4,WATER_NPY1;E7_FR7-1;E7_FR7-5,WATER_NPY3;E9_FR8-1;E8_FR6-1,0.62350559212,0.172072479611,False,False,biological animal
double_occurrence,Ocurrencia espacial de núcleos dobles c-FOS y NPY positivos / núcleos DAPI,966,WATER_NPY2;E8_FR6-3;E8_FR6-4,WATER_NPY1;E7_FR7-1;E9_FR8-1,WATER_NPY3;E7_FR7-5;E8_FR6-1,0.552259805189,0.155467177368,False,False,biological animal
double_occurrence,Ocurrencia espacial de núcleos dobles c-FOS y NPY positivos / núcleos DAPI,967,WATER_NPY2;E8_FR6-3;E8_FR6-4,WATER_NPY1;E7_FR7-1;E8_FR6-1,WATER_NPY3;E7_FR7-5;E9_FR8-1,1.22498080622,0.289937602656,False,False,biological animal
double_occurrence,Ocurrencia espacial de núcleos dobles c-FOS y NPY positivos / núcleos DAPI,968,WATER_NPY2;E8_FR6-3;E8_FR6-4,WATER_NPY1;E7_FR7-5;E9_FR8-1,WATER_NPY3;E7_FR7-1;E8_FR6-1,0.559462586354,0.157176139033,False,False,biological animal
double_occurrence,Ocurrencia espacial de núcleos dobles c-FOS y NPY positivos / núcleos DAPI,969,WATER_NPY2;E8_FR6-3;E8_FR6-4,WATER_NPY1;E7_FR7-5;E8_FR6-1,WATER_NPY3;E7_FR7-1;E9_FR8-1,1.48273362316,0.330765498868,False,False,biological animal
double_occurrence,Ocurrencia espacial de núcleos dobles c-FOS y NPY positivos / núcleos DAPI,970,WATER_NPY2;E8_FR6-3;E8_FR6-4,WATER_NPY1;E9_FR8-1;E8_FR6-1,WATER_NPY3;E7_FR7-1;E7_FR7-5,0.946068439781,0.239749627818,False,False,biological animal
double_occurrence,Ocurrencia espacial de núcleos dobles c-FOS y NPY positivos / núcleos DAPI,971,WATER_NPY2;E8_FR6-3;E8_FR6-4,WATER_NPY3;E7_FR7-1;E7_FR7-5,WATER_NPY1;E9_FR8-1;E8_FR6-1,0.946068439781,0.239749627818,False,False,biological animal
double_occurrence,Ocurrencia espacial de núcleos dobles c-FOS y NPY positivos / núcleos DAPI,972,WATER_NPY2;E8_FR6-3;E8_FR6-4,WATER_NPY3;E7_FR7-1;E9_FR8-1,WATER_NPY1;E7_FR7-5;E8_FR6-1,1.48273362316,0.330765498868,False,False,biological animal
double_occurrence,Ocurrencia espacial de núcleos dobles c-FOS y NPY positivos / núcleos DAPI,973,WATER_NPY2;E8_FR6-3;E8_FR6-4,WATER_NPY3;E7_FR7-1;E8_FR6-1,WATER_NPY1;E7_FR7-5;E9_FR8-1,0.559462586354,0.157176139033,False,False,biological animal
double_occurrence,Ocurrencia espacial de núcleos dobles c-FOS y NPY positivos / núcleos DAPI,974,WATER_NPY2;E8_FR6-3;E8_FR6-4,WATER_NPY3;E7_FR7-5;E9_FR8-1,WATER_NPY1;E7_FR7-1;E8_FR6-1,1.22498080622,0.289937602656,False,False,biological animal
double_occurrence,Ocurrencia espacial de núcleos dobles c-FOS y NPY positivos / núcleos DAPI,975,WATER_NPY2;E8_FR6-3;E8_FR6-4,WATER_NPY3;E7_FR7-5;E8_FR6-1,WATER_NPY1;E7_FR7-1;E9_FR8-1,0.552259805189,0.155467177368,False,False,biological animal
double_occurrence,Ocurrencia espacial de núcleos dobles c-FOS y NPY positivos / núcleos DAPI,976,WATER_NPY2;E8_FR6-3;E8_FR6-4,WATER_NPY3;E9_FR8-1;E8_FR6-1,WATER_NPY1;E7_FR7-1;E7_FR7-5,0.62350559212,0.172072479611,False,False,biological animal
double_occurrence,Ocurrencia espacial de núcleos dobles c-FOS y NPY positivos / núcleos DAPI,977,WATER_NPY2;E8_FR6-3;E8_FR6-4,E7_FR7-1;E7_FR7-5;E9_FR8-1,WATER_NPY1;WATER_NPY3;E8_FR6-1,0.650731864219,0.178246962095,False,False,biological animal
double_occurrence,Ocurrencia espacial de núcleos dobles c-FOS y NPY positivos / núcleos DAPI,978,WATER_NPY2;E8_FR6-3;E8_FR6-4,E7_FR7-1;E7_FR7-5;E8_FR6-1,WATER_NPY1;WATER_NPY3;E9_FR8-1,1.04418313536,0.258193830598,False,False,biological animal
double_occurrence,Ocurrencia espacial de núcleos dobles c-FOS y NPY positivos / núcleos DAPI,979,WATER_NPY2;E8_FR6-3;E8_FR6-4,E7_FR7-1;E9_FR8-1;E8_FR6-1,WATER_NPY1;WATER_NPY3;E7_FR7-5,0.872137594455,0.225234143462,False,False,biological animal
double_occurrence,Ocurrencia espacial de núcleos dobles c-FOS y NPY positivos / núcleos DAPI,980,WATER_NPY2;E8_FR6-3;E8_FR6-4,E7_FR7-5;E9_FR8-1;E8_FR6-1,WATER_NPY1;WATER_NPY3;E7_FR7-1,0.8650055233,0.223804472745,False,False,biological animal
double_occurrence,Ocurrencia espacial de núcleos dobles c-FOS y NPY positivos / núcleos DAPI,981,WATER_NPY3;E7_FR7-1;E7_FR7-5,WATER_NPY1;WATER_NPY2;E9_FR8-1,E8_FR6-1;E8_FR6-3;E8_FR6-4,10.296531162,0.774377244452,False,False,biological animal
double_occurrence,Ocurrencia espacial de núcleos dobles c-FOS y NPY positivos / núcleos DAPI,982,WATER_NPY3;E7_FR7-1;E7_FR7-5,WATER_NPY1;WATER_NPY2;E8_FR6-1,E9_FR8-1;E8_FR6-3;E8_FR6-4,1.38295504176,0.315530282328,False,False,biological animal
double_occurrence,Ocurrencia espacial de núcleos dobles c-FOS y NPY positivos / núcleos DAPI,983,WATER_NPY3;E7_FR7-1;E7_FR7-5,WATER_NPY1;WATER_NPY2;E8_FR6-3,E9_FR8-1;E8_FR6-1;E8_FR6-4,1.72203721543,0.364680991883,False,False,biological animal
double_occurrence,Ocurrencia espacial de núcleos dobles c-FOS y NPY positivos / núcleos DAPI,984,WATER_NPY3;E7_FR7-1;E7_FR7-5,WATER_NPY1;WATER_NPY2;E8_FR6-4,E9_FR8-1;E8_FR6-1;E8_FR6-3,1.39053700922,0.316712285149,False,False,biological animal
double_occurrence,Ocurrencia espacial de núcleos dobles c-FOS y NPY positivos / núcleos DAPI,985,WATER_NPY3;E7_FR7-1;E7_FR7-5,WATER_NPY1;E9_FR8-1;E8_FR6-1,WATER_NPY2;E8_FR6-3;E8_FR6-4,0.946068439781,0.239749627818,False,False,biological animal
double_occurrence,Ocurrencia espacial de núcleos dobles c-FOS y NPY positivos / núcleos DAPI,986,WATER_NPY3;E7_FR7-1;E7_FR7-5,WATER_NPY1;E9_FR8-1;E8_FR6-3,WATER_NPY2;E8_FR6-1;E8_FR6-4,1.0164414892,0.253070159725,False,False,biological animal
double_occurrence,Ocurrencia espacial de núcleos dobles c-FOS y NPY positivos / núcleos DAPI,987,WATER_NPY3;E7_FR7-1;E7_FR7-5,WATER_NPY1;E9_FR8-1;E8_FR6-4,WATER_NPY2;E8_FR6-1;E8_FR6-3,0.845835049438,0.219935342667,False,False,biological animal
double_occurrence,Ocurrencia espacial de núcleos dobles c-FOS y NPY positivos / núcleos DAPI,988,WATER_NPY3;E7_FR7-1;E7_FR7-5,WATER_NPY1;E8_FR6-1;E8_FR6-3,WATER_NPY2;E9_FR8-1;E8_FR6-4,1.5524332095,0.341011748676,False,False,biological animal
double_occurrence,Ocurrencia espacial de núcleos dobles c-FOS y NPY positivos / núcleos DAPI,989,WATER_NPY3;E7_FR7-1;E7_FR7-5,WATER_NPY1;E8_FR6-1;E8_FR6-4,WATER_NPY2;E9_FR8-1;E8_FR6-3,1.91498285002,0.389621471418,False,False,biological animal
double_occurrence,Ocurrencia espacial de núcleos dobles c-FOS y NPY positivos / núcleos DAPI,990,WATER_NPY3;E7_FR7-1;E7_FR7-5,WATER_NPY1;E8_FR6-3;E8_FR6-4,WATER_NPY2;E9_FR8-1;E8_FR6-1,1.64877271056,0.35466838523,False,False,biological animal
double_occurrence,Ocurrencia espacial de núcleos dobles c-FOS y NPY positivos / núcleos DAPI,991,WATER_NPY3;E7_FR7-1;E7_FR7-5,WATER_NPY2;E9_FR8-1;E8_FR6-1,WATER_NPY1;E8_FR6-3;E8_FR6-4,1.64877271056,0.35466838523,False,False,biological animal
double_occurrence,Ocurrencia espacial de núcleos dobles c-FOS y NPY positivos / núcleos DAPI,992,WATER_NPY3;E7_FR7-1;E7_FR7-5,WATER_NPY2;E9_FR8-1;E8_FR6-3,WATER_NPY1;E8_FR6-1;E8_FR6-4,1.91498285002,0.389621471418,False,False,biological animal
double_occurrence,Ocurrencia espacial de núcleos dobles c-FOS y NPY positivos / núcleos DAPI,993,WATER_NPY3;E7_FR7-1;E7_FR7-5,WATER_NPY2;E9_FR8-1;E8_FR6-4,WATER_NPY1;E8_FR6-1;E8_FR6-3,1.5524332095,0.341011748676,False,False,biological animal
double_occurrence,Ocurrencia espacial de núcleos dobles c-FOS y NPY positivos / núcleos DAPI,994,WATER_NPY3;E7_FR7-1;E7_FR7-5,WATER_NPY2;E8_FR6-1;E8_FR6-3,WATER_NPY1;E9_FR8-1;E8_FR6-4,0.845835049438,0.219935342667,False,False,biological animal
double_occurrence,Ocurrencia espacial de núcleos dobles c-FOS y NPY positivos / núcleos DAPI,995,WATER_NPY3;E7_FR7-1;E7_FR7-5,WATER_NPY2;E8_FR6-1;E8_FR6-4,WATER_NPY1;E9_FR8-1;E8_FR6-3,1.0164414892,0.253070159725,False,False,biological animal
double_occurrence,Ocurrencia espacial de núcleos dobles c-FOS y NPY positivos / núcleos DAPI,996,WATER_NPY3;E7_FR7-1;E7_FR7-5,WATER_NPY2;E8_FR6-3;E8_FR6-4,WATER_NPY1;E9_FR8-1;E8_FR6-1,0.946068439781,0.239749627818,False,False,biological animal
double_occurrence,Ocurrencia espacial de núcleos dobles c-FOS y NPY positivos / núcleos DAPI,997,WATER_NPY3;E7_FR7-1;E7_FR7-5,E9_FR8-1;E8_FR6-1;E8_FR6-3,WATER_NPY1;WATER_NPY2;E8_FR6-4,1.39053700922,0.316712285149,False,False,biological animal
double_occurrence,Ocurrencia espacial de núcleos dobles c-FOS y NPY positivos / núcleos DAPI,998,WATER_NPY3;E7_FR7-1;E7_FR7-5,E9_FR8-1;E8_FR6-1;E8_FR6-4,WATER_NPY1;WATER_NPY2;E8_FR6-3,1.72203721543,0.364680991883,False,False,biological animal
double_occurrence,Ocurrencia espacial de núcleos dobles c-FOS y NPY positivos / núcleos DAPI,999,WATER_NPY3;E7_FR7-1;E7_FR7-5,E9_FR8-1;E8_FR6-3;E8_FR6-4,WATER_NPY1;WATER_NPY2;E8_FR6-1,1.38295504176,0.315530282328,False,False,biological animal
double_occurrence,Ocurrencia espacial de núcleos dobles c-FOS y NPY positivos / núcleos DAPI,1000,WATER_NPY3;E7_FR7-1;E7_FR7-5,E8_FR6-1;E8_FR6-3;E8_FR6-4,WATER_NPY1;WATER_NPY2;E9_FR8-1,10.296531162,0.774377244452,False,False,biological animal
double_occurrence,Ocurrencia espacial de núcleos dobles c-FOS y NPY positivos / núcleos DAPI,1001,WATER_NPY3;E7_FR7-1;E9_FR8-1,WATER_NPY1;WATER_NPY2;E7_FR7-5,E8_FR6-1;E8_FR6-3;E8_FR6-4,13.072845213,0.813349785913,False,True,biological animal
double_occurrence,Ocurrencia espacial de núcleos dobles c-FOS y NPY positivos / núcleos DAPI,1002,WATER_NPY3;E7_FR7-1;E9_FR8-1,WATER_NPY1;WATER_NPY2;E8_FR6-1,E7_FR7-5;E8_FR6-3;E8_FR6-4,2.09622410115,0.41132887007,False,False,biological animal
double_occurrence,Ocurrencia espacial de núcleos dobles c-FOS y NPY positivos / núcleos DAPI,1003,WATER_NPY3;E7_FR7-1;E9_FR8-1,WATER_NPY1;WATER_NPY2;E8_FR6-3,E7_FR7-5;E8_FR6-1;E8_FR6-4,2.59520420347,0.463826539497,False,False,biological animal
double_occurrence,Ocurrencia espacial de núcleos dobles c-FOS y NPY positivos / núcleos DAPI,1004,WATER_NPY3;E7_FR7-1;E9_FR8-1,WATER_NPY1;WATER_NPY2;E8_FR6-4,E7_FR7-5;E8_FR6-1;E8_FR6-3,2.10689052778,0.412558388773,False,False,biological animal
double_occurrence,Ocurrencia espacial de núcleos dobles c-FOS y NPY positivos / núcleos DAPI,1005,WATER_NPY3;E7_FR7-1;E9_FR8-1,WATER_NPY1;E7_FR7-5;E8_FR6-1,WATER_NPY2;E8_FR6-3;E8_FR6-4,1.48273362316,0.330765498868,False,False,biological animal
double_occurrence,Ocurrencia espacial de núcleos dobles c-FOS y NPY positivos / núcleos DAPI,1006,WATER_NPY3;E7_FR7-1;E9_FR8-1,WATER_NPY1;E7_FR7-5;E8_FR6-3,WATER_NPY2;E8_FR6-1;E8_FR6-4,1.55055027167,0.340739070903,False,False,biological animal
double_occurrence,Ocurrencia espacial de núcleos dobles c-FOS y NPY positivos / núcleos DAPI,1007,WATER_NPY3;E7_FR7-1;E9_FR8-1,WATER_NPY1;E7_FR7-5;E8_FR6-4,WATER_NPY2;E8_FR6-1;E8_FR6-3,1.35352793299,0.310903697834,False,False,biological animal
double_occurrence,Ocurrencia espacial de núcleos dobles c-FOS y NPY positivos / núcleos DAPI,1008,WATER_NPY3;E7_FR7-1;E9_FR8-1,WATER_NPY1;E8_FR6-1;E8_FR6-3,WATER_NPY2;E7_FR7-5;E8_FR6-4,1.90287379796,0.388113966701,False,False,biological animal
double_occurrence,Ocurrencia espacial de núcleos dobles c-FOS y NPY positivos / núcleos DAPI,1009,WATER_NPY3;E7_FR7-1;E9_FR8-1,WATER_NPY1;E8_FR6-1;E8_FR6-4,WATER_NPY2;E7_FR7-5;E8_FR6-3,2.29496713533,0.433424245453,False,False,biological animal
double_occurrence,Ocurrencia espacial de núcleos dobles c-FOS y NPY positivos / núcleos DAPI,1010,WATER_NPY3;E7_FR7-1;E9_FR8-1,WATER_NPY1;E8_FR6-3;E8_FR6-4,WATER_NPY2;E7_FR7-5;E8_FR6-1,2.01519704287,0.401818119138,False,False,biological animal
double_occurrence,Ocurrencia espacial de núcleos dobles c-FOS y NPY positivos / núcleos DAPI,1011,WATER_NPY3;E7_FR7-1;E9_FR8-1,WATER_NPY2;E7_FR7-5;E8_FR6-1,WATER_NPY1;E8_FR6-3;E8_FR6-4,2.01519704287,0.401818119138,False,False,biological animal
double_occurrence,Ocurrencia espacial de núcleos dobles c-FOS y NPY positivos / núcleos DAPI,1012,WATER_NPY3;E7_FR7-1;E9_FR8-1,WATER_NPY2;E7_FR7-5;E8_FR6-3,WATER_NPY1;E8_FR6-1;E8_FR6-4,2.29496713533,0.433424245453,False,False,biological animal
double_occurrence,Ocurrencia espacial de núcleos dobles c-FOS y NPY positivos / núcleos DAPI,1013,WATER_NPY3;E7_FR7-1;E9_FR8-1,WATER_NPY2;E7_FR7-5;E8_FR6-4,WATER_NPY1;E8_FR6-1;E8_FR6-3,1.90287379796,0.388113966701,False,False,biological animal
double_occurrence,Ocurrencia espacial de núcleos dobles c-FOS y NPY positivos / núcleos DAPI,1014,WATER_NPY3;E7_FR7-1;E9_FR8-1,WATER_NPY2;E8_FR6-1;E8_FR6-3,WATER_NPY1;E7_FR7-5;E8_FR6-4,1.35352793299,0.310903697834,False,False,biological animal
double_occurrence,Ocurrencia espacial de núcleos dobles c-FOS y NPY positivos / núcleos DAPI,1015,WATER_NPY3;E7_FR7-1;E9_FR8-1,WATER_NPY2;E8_FR6-1;E8_FR6-4,WATER_NPY1;E7_FR7-5;E8_FR6-3,1.55055027167,0.340739070903,False,False,biological animal
double_occurrence,Ocurrencia espacial de núcleos dobles c-FOS y NPY positivos / núcleos DAPI,1016,WATER_NPY3;E7_FR7-1;E9_FR8-1,WATER_NPY2;E8_FR6-3;E8_FR6-4,WATER_NPY1;E7_FR7-5;E8_FR6-1,1.48273362316,0.330765498868,False,False,biological animal
double_occurrence,Ocurrencia espacial de núcleos dobles c-FOS y NPY positivos / núcleos DAPI,1017,WATER_NPY3;E7_FR7-1;E9_FR8-1,E7_FR7-5;E8_FR6-1;E8_FR6-3,WATER_NPY1;WATER_NPY2;E8_FR6-4,2.10689052778,0.412558388773,False,False,biological animal
double_occurrence,Ocurrencia espacial de núcleos dobles c-FOS y NPY positivos / núcleos DAPI,1018,WATER_NPY3;E7_FR7-1;E9_FR8-1,E7_FR7-5;E8_FR6-1;E8_FR6-4,WATER_NPY1;WATER_NPY2;E8_FR6-3,2.59520420347,0.463826539497,False,False,biological animal
double_occurrence,Ocurrencia espacial de núcleos dobles c-FOS y NPY positivos / núcleos DAPI,1019,WATER_NPY3;E7_FR7-1;E9_FR8-1,E7_FR7-5;E8_FR6-3;E8_FR6-4,WATER_NPY1;WATER_NPY2;E8_FR6-1,2.09622410115,0.41132887007,False,False,biological animal
double_occurrence,Ocurrencia espacial de núcleos dobles c-FOS y NPY positivos / núcleos DAPI,1020,WATER_NPY3;E7_FR7-1;E9_FR8-1,E8_FR6-1;E8_FR6-3;E8_FR6-4,WATER_NPY1;WATER_NPY2;E7_FR7-5,13.072845213,0.813349785913,False,True,biological animal
double_occurrence,Ocurrencia espacial de núcleos dobles c-FOS y NPY positivos / núcleos DAPI,1021,WATER_NPY3;E7_FR7-1;E8_FR6-1,WATER_NPY1;WATER_NPY2;E7_FR7-5,E9_FR8-1;E8_FR6-3;E8_FR6-4,1.18098389093,0.282465544412,False,False,biological animal
double_occurrence,Ocurrencia espacial de núcleos dobles c-FOS y NPY positivos / núcleos DAPI,1022,WATER_NPY3;E7_FR7-1;E8_FR6-1,WATER_NPY1;WATER_NPY2;E9_FR8-1,E7_FR7-5;E8_FR6-3;E8_FR6-4,1.54058092456,0.339291590692,False,False,biological animal
double_occurrence,Ocurrencia espacial de núcleos dobles c-FOS y NPY positivos / núcleos DAPI,1023,WATER_NPY3;E7_FR7-1;E8_FR6-1,WATER_NPY1;WATER_NPY2;E8_FR6-3,E7_FR7-5;E9_FR8-1;E8_FR6-4,0.35114838471,0.104784493075,False,False,biological animal
double_occurrence,Ocurrencia espacial de núcleos dobles c-FOS y NPY positivos / núcleos DAPI,1024,WATER_NPY3;E7_FR7-1;E8_FR6-1,WATER_NPY1;WATER_NPY2;E8_FR6-4,E7_FR7-5;E9_FR8-1;E8_FR6-3,0.312679191741,0.0943886122508,False,False,biological animal
double_occurrence,Ocurrencia espacial de núcleos dobles c-FOS y NPY positivos / núcleos DAPI,1025,WATER_NPY3;E7_FR7-1;E8_FR6-1,WATER_NPY1;E7_FR7-5;E9_FR8-1,WATER_NPY2;E8_FR6-3;E8_FR6-4,0.559462586354,0.157176139033,False,False,biological animal
double_occurrence,Ocurrencia espacial de núcleos dobles c-FOS y NPY positivos / núcleos DAPI,1026,WATER_NPY3;E7_FR7-1;E8_FR6-1,WATER_NPY1;E7_FR7-5;E8_FR6-3,WATER_NPY2;E9_FR8-1;E8_FR6-4,0.272426584109,0.0832491049399,False,False,biological animal
double_occurrence,Ocurrencia espacial de núcleos dobles c-FOS y NPY positivos / núcleos DAPI,1027,WATER_NPY3;E7_FR7-1;E8_FR6-1,WATER_NPY1;E7_FR7-5;E8_FR6-4,WATER_NPY2;E9_FR8-1;E8_FR6-3,0.312303890483,0.0942860017707,False,False,biological animal
double_occurrence,Ocurrencia espacial de núcleos dobles c-FOS y NPY positivos / núcleos DAPI,1028,WATER_NPY3;E7_FR7-1;E8_FR6-1,WATER_NPY1;E9_FR8-1;E8_FR6-3,WATER_NPY2;E7_FR7-5;E8_FR6-4,0.133756275802,0.0426824117865,False,False,biological animal
double_occurrence,Ocurrencia espacial de núcleos dobles c-FOS y NPY positivos / núcleos DAPI,1029,WATER_NPY3;E7_FR7-1;E8_FR6-1,WATER_NPY1;E9_FR8-1;E8_FR6-4,WATER_NPY2;E7_FR7-5;E8_FR6-3,0.148351654266,0.0471204206383,False,False,biological animal
double_occurrence,Ocurrencia espacial de núcleos dobles c-FOS y NPY positivos / núcleos DAPI,1030,WATER_NPY3;E7_FR7-1;E8_FR6-1,WATER_NPY1;E8_FR6-3;E8_FR6-4,WATER_NPY2;E7_FR7-5;E9_FR8-1,1.6659391193,0.357042618153,False,False,biological animal
double_occurrence,Ocurrencia espacial de núcleos dobles c-FOS y NPY positivos / núcleos DAPI,1031,WATER_NPY3;E7_FR7-1;E8_FR6-1,WATER_NPY2;E7_FR7-5;E9_FR8-1,WATER_NPY1;E8_FR6-3;E8_FR6-4,1.6659391193,0.357042618153,False,False,biological animal
double_occurrence,Ocurrencia espacial de núcleos dobles c-FOS y NPY positivos / núcleos DAPI,1032,WATER_NPY3;E7_FR7-1;E8_FR6-1,WATER_NPY2;E7_FR7-5;E8_FR6-3,WATER_NPY1;E9_FR8-1;E8_FR6-4,0.148351654266,0.0471204206383,False,False,biological animal
double_occurrence,Ocurrencia espacial de núcleos dobles c-FOS y NPY positivos / núcleos DAPI,1033,WATER_NPY3;E7_FR7-1;E8_FR6-1,WATER_NPY2;E7_FR7-5;E8_FR6-4,WATER_NPY1;E9_FR8-1;E8_FR6-3,0.133756275802,0.0426824117865,False,False,biological animal
double_occurrence,Ocurrencia espacial de núcleos dobles c-FOS y NPY positivos / núcleos DAPI,1034,WATER_NPY3;E7_FR7-1;E8_FR6-1,WATER_NPY2;E9_FR8-1;E8_FR6-3,WATER_NPY1;E7_FR7-5;E8_FR6-4,0.312303890483,0.0942860017707,False,False,biological animal
double_occurrence,Ocurrencia espacial de núcleos dobles c-FOS y NPY positivos / núcleos DAPI,1035,WATER_NPY3;E7_FR7-1;E8_FR6-1,WATER_NPY2;E9_FR8-1;E8_FR6-4,WATER_NPY1;E7_FR7-5;E8_FR6-3,0.272426584109,0.0832491049399,False,False,biological animal
double_occurrence,Ocurrencia espacial de núcleos dobles c-FOS y NPY positivos / núcleos DAPI,1036,WATER_NPY3;E7_FR7-1;E8_FR6-1,WATER_NPY2;E8_FR6-3;E8_FR6-4,WATER_NPY1;E7_FR7-5;E9_FR8-1,0.559462586354,0.157176139033,False,False,biological animal
double_occurrence,Ocurrencia espacial de núcleos dobles c-FOS y NPY positivos / núcleos DAPI,1037,WATER_NPY3;E7_FR7-1;E8_FR6-1,E7_FR7-5;E9_FR8-1;E8_FR6-3,WATER_NPY1;WATER_NPY2;E8_FR6-4,0.312679191741,0.0943886122508,False,False,biological animal
double_occurrence,Ocurrencia espacial de núcleos dobles c-FOS y NPY positivos / núcleos DAPI,1038,WATER_NPY3;E7_FR7-1;E8_FR6-1,E7_FR7-5;E9_FR8-1;E8_FR6-4,WATER_NPY1;WATER_NPY2;E8_FR6-3,0.35114838471,0.104784493075,False,False,biological animal
double_occurrence,Ocurrencia espacial de núcleos dobles c-FOS y NPY positivos / núcleos DAPI,1039,WATER_NPY3;E7_FR7-1;E8_FR6-1,E7_FR7-5;E8_FR6-3;E8_FR6-4,WATER_NPY1;WATER_NPY2;E9_FR8-1,1.54058092456,0.339291590692,False,False,biological animal
double_occurrence,Ocurrencia espacial de núcleos dobles c-FOS y NPY positivos / núcleos DAPI,1040,WATER_NPY3;E7_FR7-1;E8_FR6-1,E9_FR8-1;E8_FR6-3;E8_FR6-4,WATER_NPY1;WATER_NPY2;E7_FR7-5,1.18098389093,0.282465544412,False,False,biological animal
double_occurrence,Ocurrencia espacial de núcleos dobles c-FOS y NPY positivos / núcleos DAPI,1041,WATER_NPY3;E7_FR7-1;E8_FR6-3,WATER_NPY1;WATER_NPY2;E7_FR7-5,E9_FR8-1;E8_FR6-1;E8_FR6-4,1.37962627048,0.315010045441,False,False,biological animal
double_occurrence,Ocurrencia espacial de núcleos dobles c-FOS y NPY positivos / núcleos DAPI,1042,WATER_NPY3;E7_FR7-1;E8_FR6-3,WATER_NPY1;WATER_NPY2;E9_FR8-1,E7_FR7-5;E8_FR6-1;E8_FR6-4,1.8014062481,0.375183051593,False,False,biological animal
double_occurrence,Ocurrencia espacial de núcleos dobles c-FOS y NPY positivos / núcleos DAPI,1043,WATER_NPY3;E7_FR7-1;E8_FR6-3,WATER_NPY1;WATER_NPY2;E8_FR6-1,E7_FR7-5;E9_FR8-1;E8_FR6-4,0.290116860744,0.0881782845483,False,False,biological animal
double_occurrence,Ocurrencia espacial de núcleos dobles c-FOS y NPY positivos / núcleos DAPI,1044,WATER_NPY3;E7_FR7-1;E8_FR6-3,WATER_NPY1;WATER_NPY2;E8_FR6-4,E7_FR7-5;E9_FR8-1;E8_FR6-1,0.356242538121,0.106143264104,False,False,biological animal
double_occurrence,Ocurrencia espacial de núcleos dobles c-FOS y NPY positivos / núcleos DAPI,1045,WATER_NPY3;E7_FR7-1;E8_FR6-3,WATER_NPY1;E7_FR7-5;E9_FR8-1,WATER_NPY2;E8_FR6-1;E8_FR6-4,0.622337730568,0.171805551237,False,False,biological animal
double_occurrence,Ocurrencia espacial de núcleos dobles c-FOS y NPY positivos / núcleos DAPI,1046,WATER_NPY3;E7_FR7-1;E8_FR6-3,WATER_NPY1;E7_FR7-5;E8_FR6-1,WATER_NPY2;E9_FR8-1;E8_FR6-4,0.289130868448,0.0879049451093,False,False,biological animal
double_occurrence,Ocurrencia espacial de núcleos dobles c-FOS y NPY positivos / núcleos DAPI,1047,WATER_NPY3;E7_FR7-1;E8_FR6-3,WATER_NPY1;E7_FR7-5;E8_FR6-4,WATER_NPY2;E9_FR8-1;E8_FR6-1,0.27789539903,0.0847786049281,False,False,biological animal
double_occurrence,Ocurrencia espacial de núcleos dobles c-FOS y NPY positivos / núcleos DAPI,1048,WATER_NPY3;E7_FR7-1;E8_FR6-3,WATER_NPY1;E9_FR8-1;E8_FR6-1,WATER_NPY2;E7_FR7-5;E8_FR6-4,0.138046730284,0.0439912920837,False,False,biological animal
double_occurrence,Ocurrencia espacial de núcleos dobles c-FOS y NPY positivos / núcleos DAPI,1049,WATER_NPY3;E7_FR7-1;E8_FR6-3,WATER_NPY1;E9_FR8-1;E8_FR6-4,WATER_NPY2;E7_FR7-5;E8_FR6-1,0.128128074857,0.040959983668,False,False,biological animal
double_occurrence,Ocurrencia espacial de núcleos dobles c-FOS y NPY positivos / núcleos DAPI,1050,WATER_NPY3;E7_FR7-1;E8_FR6-3,WATER_NPY1;E8_FR6-1;E8_FR6-4,WATER_NPY2;E7_FR7-5;E9_FR8-1,1.85820760388,0.382488307498,False,False,biological animal
double_occurrence,Ocurrencia espacial de núcleos dobles c-FOS y NPY positivos / núcleos DAPI,1051,WATER_NPY3;E7_FR7-1;E8_FR6-3,WATER_NPY2;E7_FR7-5;E9_FR8-1,WATER_NPY1;E8_FR6-1;E8_FR6-4,1.85820760388,0.382488307498,False,False,biological animal
double_occurrence,Ocurrencia espacial de núcleos dobles c-FOS y NPY positivos / núcleos DAPI,1052,WATER_NPY3;E7_FR7-1;E8_FR6-3,WATER_NPY2;E7_FR7-5;E8_FR6-1,WATER_NPY1;E9_FR8-1;E8_FR6-4,0.128128074857,0.040959983668,False,False,biological animal
double_occurrence,Ocurrencia espacial de núcleos dobles c-FOS y NPY positivos / núcleos DAPI,1053,WATER_NPY3;E7_FR7-1;E8_FR6-3,WATER_NPY2;E7_FR7-5;E8_FR6-4,WATER_NPY1;E9_FR8-1;E8_FR6-1,0.138046730284,0.0439912920837,False,False,biological animal
double_occurrence,Ocurrencia espacial de núcleos dobles c-FOS y NPY positivos / núcleos DAPI,1054,WATER_NPY3;E7_FR7-1;E8_FR6-3,WATER_NPY2;E9_FR8-1;E8_FR6-1,WATER_NPY1;E7_FR7-5;E8_FR6-4,0.27789539903,0.0847786049281,False,False,biological animal
double_occurrence,Ocurrencia espacial de núcleos dobles c-FOS y NPY positivos / núcleos DAPI,1055,WATER_NPY3;E7_FR7-1;E8_FR6-3,WATER_NPY2;E9_FR8-1;E8_FR6-4,WATER_NPY1;E7_FR7-5;E8_FR6-1,0.289130868448,0.0879049451093,False,False,biological animal
double_occurrence,Ocurrencia espacial de núcleos dobles c-FOS y NPY positivos / núcleos DAPI,1056,WATER_NPY3;E7_FR7-1;E8_FR6-3,WATER_NPY2;E8_FR6-1;E8_FR6-4,WATER_NPY1;E7_FR7-5;E9_FR8-1,0.622337730568,0.171805551237,False,False,biological animal
double_occurrence,Ocurrencia espacial de núcleos dobles c-FOS y NPY positivos / núcleos DAPI,1057,WATER_NPY3;E7_FR7-1;E8_FR6-3,E7_FR7-5;E9_FR8-1;E8_FR6-1,WATER_NPY1;WATER_NPY2;E8_FR6-4,0.356242538121,0.106143264104,False,False,biological animal
double_occurrence,Ocurrencia espacial de núcleos dobles c-FOS y NPY positivos / núcleos DAPI,1058,WATER_NPY3;E7_FR7-1;E8_FR6-3,E7_FR7-5;E9_FR8-1;E8_FR6-4,WATER_NPY1;WATER_NPY2;E8_FR6-1,0.290116860744,0.0881782845483,False,False,biological animal
double_occurrence,Ocurrencia espacial de núcleos dobles c-FOS y NPY positivos / núcleos DAPI,1059,WATER_NPY3;E7_FR7-1;E8_FR6-3,E7_FR7-5;E8_FR6-1;E8_FR6-4,WATER_NPY1;WATER_NPY2;E9_FR8-1,1.8014062481,0.375183051593,False,False,biological animal
double_occurrence,Ocurrencia espacial de núcleos dobles c-FOS y NPY positivos / núcleos DAPI,1060,WATER_NPY3;E7_FR7-1;E8_FR6-3,E9_FR8-1;E8_FR6-1;E8_FR6-4,WATER_NPY1;WATER_NPY2;E7_FR7-5,1.37962627048,0.315010045441,False,False,biological animal
double_occurrence,Ocurrencia espacial de núcleos dobles c-FOS y NPY positivos / núcleos DAPI,1061,WATER_NPY3;E7_FR7-1;E8_FR6-4,WATER_NPY1;WATER_NPY2;E7_FR7-5,E9_FR8-1;E8_FR6-1;E8_FR6-3,1.06887899483,0.262696186391,False,False,biological animal
double_occurrence,Ocurrencia espacial de núcleos dobles c-FOS y NPY positivos / núcleos DAPI,1062,WATER_NPY3;E7_FR7-1;E8_FR6-4,WATER_NPY1;WATER_NPY2;E9_FR8-1,E7_FR7-5;E8_FR6-1;E8_FR6-3,1.40897504722,0.319569748554,False,False,biological animal
double_occurrence,Ocurrencia espacial de núcleos dobles c-FOS y NPY positivos / núcleos DAPI,1063,WATER_NPY3;E7_FR7-1;E8_FR6-4,WATER_NPY1;WATER_NPY2;E8_FR6-1,E7_FR7-5;E9_FR8-1;E8_FR6-3,0.237773161681,0.0734372514094,False,False,biological animal
double_occurrence,Ocurrencia espacial de núcleos dobles c-FOS y NPY positivos / núcleos DAPI,1064,WATER_NPY3;E7_FR7-1;E8_FR6-4,WATER_NPY1;WATER_NPY2;E8_FR6-3,E7_FR7-5;E9_FR8-1;E8_FR6-1,0.340006338637,0.101798111789,False,False,biological animal
double_occurrence,Ocurrencia espacial de núcleos dobles c-FOS y NPY positivos / núcleos DAPI,1065,WATER_NPY3;E7_FR7-1;E8_FR6-4,WATER_NPY1;E7_FR7-5;E9_FR8-1,WATER_NPY2;E8_FR6-1;E8_FR6-3,0.436066518606,0.126908637026,False,False,biological animal
double_occurrence,Ocurrencia espacial de núcleos dobles c-FOS y NPY positivos / núcleos DAPI,1066,WATER_NPY3;E7_FR7-1;E8_FR6-4,WATER_NPY1;E7_FR7-5;E8_FR6-1,WATER_NPY2;E9_FR8-1;E8_FR6-3,0.274681248108,0.0838803007977,False,False,biological animal
double_occurrence,Ocurrencia espacial de núcleos dobles c-FOS y NPY positivos / núcleos DAPI,1067,WATER_NPY3;E7_FR7-1;E8_FR6-4,WATER_NPY1;E7_FR7-5;E8_FR6-3,WATER_NPY2;E9_FR8-1;E8_FR6-1,0.22482535497,0.0697170637857,False,False,biological animal
double_occurrence,Ocurrencia espacial de núcleos dobles c-FOS y NPY positivos / núcleos DAPI,1068,WATER_NPY3;E7_FR7-1;E8_FR6-4,WATER_NPY1;E9_FR8-1;E8_FR6-1,WATER_NPY2;E7_FR7-5;E8_FR6-3,0.114188587558,0.0366672037826,False,False,biological animal
double_occurrence,Ocurrencia espacial de núcleos dobles c-FOS y NPY positivos / núcleos DAPI,1069,WATER_NPY3;E7_FR7-1;E8_FR6-4,WATER_NPY1;E9_FR8-1;E8_FR6-3,WATER_NPY2;E7_FR7-5;E8_FR6-1,0.0902281302528,0.0291978865151,False,False,biological animal
double_occurrence,Ocurrencia espacial de núcleos dobles c-FOS y NPY positivos / núcleos DAPI,1070,WATER_NPY3;E7_FR7-1;E8_FR6-4,WATER_NPY1;E8_FR6-1;E8_FR6-3,WATER_NPY2;E7_FR7-5;E9_FR8-1,1.47663603661,0.329853940445,False,False,biological animal
double_occurrence,Ocurrencia espacial de núcleos dobles c-FOS y NPY positivos / núcleos DAPI,1071,WATER_NPY3;E7_FR7-1;E8_FR6-4,WATER_NPY2;E7_FR7-5;E9_FR8-1,WATER_NPY1;E8_FR6-1;E8_FR6-3,1.47663603661,0.329853940445,False,False,biological animal
double_occurrence,Ocurrencia espacial de núcleos dobles c-FOS y NPY positivos / núcleos DAPI,1072,WATER_NPY3;E7_FR7-1;E8_FR6-4,WATER_NPY2;E7_FR7-5;E8_FR6-1,WATER_NPY1;E9_FR8-1;E8_FR6-3,0.0902281302528,0.0291978865151,False,False,biological animal
double_occurrence,Ocurrencia espacial de núcleos dobles c-FOS y NPY positivos / núcleos DAPI,1073,WATER_NPY3;E7_FR7-1;E8_FR6-4,WATER_NPY2;E7_FR7-5;E8_FR6-3,WATER_NPY1;E9_FR8-1;E8_FR6-1,0.114188587558,0.0366672037826,False,False,biological animal
double_occurrence,Ocurrencia espacial de núcleos dobles c-FOS y NPY positivos / núcleos DAPI,1074,WATER_NPY3;E7_FR7-1;E8_FR6-4,WATER_NPY2;E9_FR8-1;E8_FR6-1,WATER_NPY1;E7_FR7-5;E8_FR6-3,0.22482535497,0.0697170637857,False,False,biological animal
double_occurrence,Ocurrencia espacial de núcleos dobles c-FOS y NPY positivos / núcleos DAPI,1075,WATER_NPY3;E7_FR7-1;E8_FR6-4,WATER_NPY2;E9_FR8-1;E8_FR6-3,WATER_NPY1;E7_FR7-5;E8_FR6-1,0.274681248108,0.0838803007977,False,False,biological animal
double_occurrence,Ocurrencia espacial de núcleos dobles c-FOS y NPY positivos / núcleos DAPI,1076,WATER_NPY3;E7_FR7-1;E8_FR6-4,WATER_NPY2;E8_FR6-1;E8_FR6-3,WATER_NPY1;E7_FR7-5;E9_FR8-1,0.436066518606,0.126908637026,False,False,biological animal
double_occurrence,Ocurrencia espacial de núcleos dobles c-FOS y NPY positivos / núcleos DAPI,1077,WATER_NPY3;E7_FR7-1;E8_FR6-4,E7_FR7-5;E9_FR8-1;E8_FR6-1,WATER_NPY1;WATER_NPY2;E8_FR6-3,0.340006338637,0.101798111789,False,False,biological animal
double_occurrence,Ocurrencia espacial de núcleos dobles c-FOS y NPY positivos / núcleos DAPI,1078,WATER_NPY3;E7_FR7-1;E8_FR6-4,E7_FR7-5;E9_FR8-1;E8_FR6-3,WATER_NPY1;WATER_NPY2;E8_FR6-1,0.237773161681,0.0734372514094,False,False,biological animal
double_occurrence,Ocurrencia espacial de núcleos dobles c-FOS y NPY positivos / núcleos DAPI,1079,WATER_NPY3;E7_FR7-1;E8_FR6-4,E7_FR7-5;E8_FR6-1;E8_FR6-3,WATER_NPY1;WATER_NPY2;E9_FR8-1,1.40897504722,0.319569748554,False,False,biological animal
double_occurrence,Ocurrencia espacial de núcleos dobles c-FOS y NPY positivos / núcleos DAPI,1080,WATER_NPY3;E7_FR7-1;E8_FR6-4,E9_FR8-1;E8_FR6-1;E8_FR6-3,WATER_NPY1;WATER_NPY2;E7_FR7-5,1.06887899483,0.262696186391,False,False,biological animal
double_occurrence,Ocurrencia espacial de núcleos dobles c-FOS y NPY positivos / núcleos DAPI,1081,WATER_NPY3;E7_FR7-5;E9_FR8-1,WATER_NPY1;WATER_NPY2;E7_FR7-1,E8_FR6-1;E8_FR6-3;E8_FR6-4,11.1625499103,0.788173738556,False,False,biological animal
double_occurrence,Ocurrencia espacial de núcleos dobles c-FOS y NPY positivos / núcleos DAPI,1082,WATER_NPY3;E7_FR7-5;E9_FR8-1,WATER_NPY1;WATER_NPY2;E8_FR6-1,E7_FR7-1;E8_FR6-3;E8_FR6-4,1.79859434582,0.374816918497,False,False,biological animal
double_occurrence,Ocurrencia espacial de núcleos dobles c-FOS y NPY positivos / núcleos DAPI,1083,WATER_NPY3;E7_FR7-5;E9_FR8-1,WATER_NPY1;WATER_NPY2;E8_FR6-3,E7_FR7-1;E8_FR6-1;E8_FR6-4,2.22739758623,0.426100664717,False,False,biological animal
double_occurrence,Ocurrencia espacial de núcleos dobles c-FOS y NPY positivos / núcleos DAPI,1084,WATER_NPY3;E7_FR7-5;E9_FR8-1,WATER_NPY1;WATER_NPY2;E8_FR6-4,E7_FR7-1;E8_FR6-1;E8_FR6-3,1.79626836477,0.374513731959,False,False,biological animal
double_occurrence,Ocurrencia espacial de núcleos dobles c-FOS y NPY positivos / núcleos DAPI,1085,WATER_NPY3;E7_FR7-5;E9_FR8-1,WATER_NPY1;E7_FR7-1;E8_FR6-1,WATER_NPY2;E8_FR6-3;E8_FR6-4,1.22498080622,0.289937602656,False,False,biological animal
double_occurrence,Ocurrencia espacial de núcleos dobles c-FOS y NPY positivos / núcleos DAPI,1086,WATER_NPY3;E7_FR7-5;E9_FR8-1,WATER_NPY1;E7_FR7-1;E8_FR6-3,WATER_NPY2;E8_FR6-1;E8_FR6-4,1.29261372955,0.301125097899,False,False,biological animal
double_occurrence,Ocurrencia espacial de núcleos dobles c-FOS y NPY positivos / núcleos DAPI,1087,WATER_NPY3;E7_FR7-5;E9_FR8-1,WATER_NPY1;E7_FR7-1;E8_FR6-4,WATER_NPY2;E8_FR6-1;E8_FR6-3,1.11866424617,0.271608506863,False,False,biological animal
double_occurrence,Ocurrencia espacial de núcleos dobles c-FOS y NPY positivos / núcleos DAPI,1088,WATER_NPY3;E7_FR7-5;E9_FR8-1,WATER_NPY1;E8_FR6-1;E8_FR6-3,WATER_NPY2;E7_FR7-1;E8_FR6-4,1.73215931564,0.366039940776,False,False,biological animal
double_occurrence,Ocurrencia espacial de núcleos dobles c-FOS y NPY positivos / núcleos DAPI,1089,WATER_NPY3;E7_FR7-5;E9_FR8-1,WATER_NPY1;E8_FR6-1;E8_FR6-4,WATER_NPY2;E7_FR7-1;E8_FR6-3,2.09365047812,0.411031437495,False,False,biological animal
double_occurrence,Ocurrencia espacial de núcleos dobles c-FOS y NPY positivos / núcleos DAPI,1090,WATER_NPY3;E7_FR7-5;E9_FR8-1,WATER_NPY1;E8_FR6-3;E8_FR6-4,WATER_NPY2;E7_FR7-1;E8_FR6-1,1.82479084044,0.378211387972,False,False,biological animal
double_occurrence,Ocurrencia espacial de núcleos dobles c-FOS y NPY positivos / núcleos DAPI,1091,WATER_NPY3;E7_FR7-5;E9_FR8-1,WATER_NPY2;E7_FR7-1;E8_FR6-1,WATER_NPY1;E8_FR6-3;E8_FR6-4,1.82479084044,0.378211387972,False,False,biological animal
double_occurrence,Ocurrencia espacial de núcleos dobles c-FOS y NPY positivos / núcleos DAPI,1092,WATER_NPY3;E7_FR7-5;E9_FR8-1,WATER_NPY2;E7_FR7-1;E8_FR6-3,WATER_NPY1;E8_FR6-1;E8_FR6-4,2.09365047812,0.411031437495,False,False,biological animal
double_occurrence,Ocurrencia espacial de núcleos dobles c-FOS y NPY positivos / núcleos DAPI,1093,WATER_NPY3;E7_FR7-5;E9_FR8-1,WATER_NPY2;E7_FR7-1;E8_FR6-4,WATER_NPY1;E8_FR6-1;E8_FR6-3,1.73215931564,0.366039940776,False,False,biological animal
double_occurrence,Ocurrencia espacial de núcleos dobles c-FOS y NPY positivos / núcleos DAPI,1094,WATER_NPY3;E7_FR7-5;E9_FR8-1,WATER_NPY2;E8_FR6-1;E8_FR6-3,WATER_NPY1;E7_FR7-1;E8_FR6-4,1.11866424617,0.271608506863,False,False,biological animal
double_occurrence,Ocurrencia espacial de núcleos dobles c-FOS y NPY positivos / núcleos DAPI,1095,WATER_NPY3;E7_FR7-5;E9_FR8-1,WATER_NPY2;E8_FR6-1;E8_FR6-4,WATER_NPY1;E7_FR7-1;E8_FR6-3,1.29261372955,0.301125097899,False,False,biological animal
double_occurrence,Ocurrencia espacial de núcleos dobles c-FOS y NPY positivos / núcleos DAPI,1096,WATER_NPY3;E7_FR7-5;E9_FR8-1,WATER_NPY2;E8_FR6-3;E8_FR6-4,WATER_NPY1;E7_FR7-1;E8_FR6-1,1.22498080622,0.289937602656,False,False,biological animal
double_occurrence,Ocurrencia espacial de núcleos dobles c-FOS y NPY positivos / núcleos DAPI,1097,WATER_NPY3;E7_FR7-5;E9_FR8-1,E7_FR7-1;E8_FR6-1;E8_FR6-3,WATER_NPY1;WATER_NPY2;E8_FR6-4,1.79626836477,0.374513731959,False,False,biological animal
double_occurrence,Ocurrencia espacial de núcleos dobles c-FOS y NPY positivos / núcleos DAPI,1098,WATER_NPY3;E7_FR7-5;E9_FR8-1,E7_FR7-1;E8_FR6-1;E8_FR6-4,WATER_NPY1;WATER_NPY2;E8_FR6-3,2.22739758623,0.426100664717,False,False,biological animal
double_occurrence,Ocurrencia espacial de núcleos dobles c-FOS y NPY positivos / núcleos DAPI,1099,WATER_NPY3;E7_FR7-5;E9_FR8-1,E7_FR7-1;E8_FR6-3;E8_FR6-4,WATER_NPY1;WATER_NPY2;E8_FR6-1,1.79859434582,0.374816918497,False,False,biological animal
double_occurrence,Ocurrencia espacial de núcleos dobles c-FOS y NPY positivos / núcleos DAPI,1100,WATER_NPY3;E7_FR7-5;E9_FR8-1,E8_FR6-1;E8_FR6-3;E8_FR6-4,WATER_NPY1;WATER_NPY2;E7_FR7-1,11.1625499103,0.788173738556,False,False,biological animal
double_occurrence,Ocurrencia espacial de núcleos dobles c-FOS y NPY positivos / núcleos DAPI,1101,WATER_NPY3;E7_FR7-5;E8_FR6-1,WATER_NPY1;WATER_NPY2;E7_FR7-1,E9_FR8-1;E8_FR6-3;E8_FR6-4,1.14851096385,0.276848964329,False,False,biological animal
double_occurrence,Ocurrencia espacial de núcleos dobles c-FOS y NPY positivos / núcleos DAPI,1102,WATER_NPY3;E7_FR7-5;E8_FR6-1,WATER_NPY1;WATER_NPY2;E9_FR8-1,E7_FR7-1;E8_FR6-3;E8_FR6-4,1.42699295224,0.322339106394,False,False,biological animal
double_occurrence,Ocurrencia espacial de núcleos dobles c-FOS y NPY positivos / núcleos DAPI,1103,WATER_NPY3;E7_FR7-5;E8_FR6-1,WATER_NPY1;WATER_NPY2;E8_FR6-3,E7_FR7-1;E9_FR8-1;E8_FR6-4,0.356371290001,0.106177552842,False,False,biological animal
double_occurrence,Ocurrencia espacial de núcleos dobles c-FOS y NPY positivos / núcleos DAPI,1104,WATER_NPY3;E7_FR7-5;E8_FR6-1,WATER_NPY1;WATER_NPY2;E8_FR6-4,E7_FR7-1;E9_FR8-1;E8_FR6-3,0.316613510693,0.0954628899846,False,False,biological animal
double_occurrence,Ocurrencia espacial de núcleos dobles c-FOS y NPY positivos / núcleos DAPI,1105,WATER_NPY3;E7_FR7-5;E8_FR6-1,WATER_NPY1;E7_FR7-1;E9_FR8-1,WATER_NPY2;E8_FR6-3;E8_FR6-4,0.552259805189,0.155467177368,False,False,biological animal
double_occurrence,Ocurrencia espacial de núcleos dobles c-FOS y NPY positivos / núcleos DAPI,1106,WATER_NPY3;E7_FR7-5;E8_FR6-1,WATER_NPY1;E7_FR7-1;E8_FR6-3,WATER_NPY2;E9_FR8-1;E8_FR6-4,0.202372656548,0.063194599209,False,False,biological animal
double_occurrence,Ocurrencia espacial de núcleos dobles c-FOS y NPY positivos / núcleos DAPI,1107,WATER_NPY3;E7_FR7-5;E8_FR6-1,WATER_NPY1;E7_FR7-1;E8_FR6-4,WATER_NPY2;E9_FR8-1;E8_FR6-3,0.241667190471,0.0745502780733,False,False,biological animal
double_occurrence,Ocurrencia espacial de núcleos dobles c-FOS y NPY positivos / núcleos DAPI,1108,WATER_NPY3;E7_FR7-5;E8_FR6-1,WATER_NPY1;E9_FR8-1;E8_FR6-3,WATER_NPY2;E7_FR7-1;E8_FR6-4,0.125546492479,0.0401678531357,False,False,biological animal
double_occurrence,Ocurrencia espacial de núcleos dobles c-FOS y NPY positivos / núcleos DAPI,1109,WATER_NPY3;E7_FR7-5;E8_FR6-1,WATER_NPY1;E9_FR8-1;E8_FR6-4,WATER_NPY2;E7_FR7-1;E8_FR6-3,0.139017938416,0.044287079954,False,False,biological animal
double_occurrence,Ocurrencia espacial de núcleos dobles c-FOS y NPY positivos / núcleos DAPI,1110,WATER_NPY3;E7_FR7-5;E8_FR6-1,WATER_NPY1;E8_FR6-3;E8_FR6-4,WATER_NPY2;E7_FR7-1;E9_FR8-1,1.78129421177,0.372554821535,False,False,biological animal
double_occurrence,Ocurrencia espacial de núcleos dobles c-FOS y NPY positivos / núcleos DAPI,1111,WATER_NPY3;E7_FR7-5;E8_FR6-1,WATER_NPY2;E7_FR7-1;E9_FR8-1,WATER_NPY1;E8_FR6-3;E8_FR6-4,1.78129421177,0.372554821535,False,False,biological animal
double_occurrence,Ocurrencia espacial de núcleos dobles c-FOS y NPY positivos / núcleos DAPI,1112,WATER_NPY3;E7_FR7-5;E8_FR6-1,WATER_NPY2;E7_FR7-1;E8_FR6-3,WATER_NPY1;E9_FR8-1;E8_FR6-4,0.139017938416,0.044287079954,False,False,biological animal
double_occurrence,Ocurrencia espacial de núcleos dobles c-FOS y NPY positivos / núcleos DAPI,1113,WATER_NPY3;E7_FR7-5;E8_FR6-1,WATER_NPY2;E7_FR7-1;E8_FR6-4,WATER_NPY1;E9_FR8-1;E8_FR6-3,0.125546492479,0.0401678531357,False,False,biological animal
double_occurrence,Ocurrencia espacial de núcleos dobles c-FOS y NPY positivos / núcleos DAPI,1114,WATER_NPY3;E7_FR7-5;E8_FR6-1,WATER_NPY2;E9_FR8-1;E8_FR6-3,WATER_NPY1;E7_FR7-1;E8_FR6-4,0.241667190471,0.0745502780733,False,False,biological animal
double_occurrence,Ocurrencia espacial de núcleos dobles c-FOS y NPY positivos / núcleos DAPI,1115,WATER_NPY3;E7_FR7-5;E8_FR6-1,WATER_NPY2;E9_FR8-1;E8_FR6-4,WATER_NPY1;E7_FR7-1;E8_FR6-3,0.202372656548,0.063194599209,False,False,biological animal
double_occurrence,Ocurrencia espacial de núcleos dobles c-FOS y NPY positivos / núcleos DAPI,1116,WATER_NPY3;E7_FR7-5;E8_FR6-1,WATER_NPY2;E8_FR6-3;E8_FR6-4,WATER_NPY1;E7_FR7-1;E9_FR8-1,0.552259805189,0.155467177368,False,False,biological animal
double_occurrence,Ocurrencia espacial de núcleos dobles c-FOS y NPY positivos / núcleos DAPI,1117,WATER_NPY3;E7_FR7-5;E8_FR6-1,E7_FR7-1;E9_FR8-1;E8_FR6-3,WATER_NPY1;WATER_NPY2;E8_FR6-4,0.316613510693,0.0954628899846,False,False,biological animal
double_occurrence,Ocurrencia espacial de núcleos dobles c-FOS y NPY positivos / núcleos DAPI,1118,WATER_NPY3;E7_FR7-5;E8_FR6-1,E7_FR7-1;E9_FR8-1;E8_FR6-4,WATER_NPY1;WATER_NPY2;E8_FR6-3,0.356371290001,0.106177552842,False,False,biological animal
double_occurrence,Ocurrencia espacial de núcleos dobles c-FOS y NPY positivos / núcleos DAPI,1119,WATER_NPY3;E7_FR7-5;E8_FR6-1,E7_FR7-1;E8_FR6-3;E8_FR6-4,WATER_NPY1;WATER_NPY2;E9_FR8-1,1.42699295224,0.322339106394,False,False,biological animal
double_occurrence,Ocurrencia espacial de núcleos dobles c-FOS y NPY positivos / núcleos DAPI,1120,WATER_NPY3;E7_FR7-5;E8_FR6-1,E9_FR8-1;E8_FR6-3;E8_FR6-4,WATER_NPY1;WATER_NPY2;E7_FR7-1,1.14851096385,0.276848964329,False,False,biological animal
double_occurrence,Ocurrencia espacial de núcleos dobles c-FOS y NPY positivos / núcleos DAPI,1121,WATER_NPY3;E7_FR7-5;E8_FR6-3,WATER_NPY1;WATER_NPY2;E7_FR7-1,E9_FR8-1;E8_FR6-1;E8_FR6-4,1.33638520798,0.30817954215,False,False,biological animal
double_occurrence,Ocurrencia espacial de núcleos dobles c-FOS y NPY positivos / núcleos DAPI,1122,WATER_NPY3;E7_FR7-5;E8_FR6-3,WATER_NPY1;WATER_NPY2;E9_FR8-1,E7_FR7-1;E8_FR6-1;E8_FR6-4,1.65695850826,0.355802720879,False,False,biological animal
double_occurrence,Ocurrencia espacial de núcleos dobles c-FOS y NPY positivos / núcleos DAPI,1123,WATER_NPY3;E7_FR7-5;E8_FR6-3,WATER_NPY1;WATER_NPY2;E8_FR6-1,E7_FR7-1;E9_FR8-1;E8_FR6-4,0.29076336435,0.0883574211077,False,False,biological animal
double_occurrence,Ocurrencia espacial de núcleos dobles c-FOS y NPY positivos / núcleos DAPI,1124,WATER_NPY3;E7_FR7-5;E8_FR6-3,WATER_NPY1;WATER_NPY2;E8_FR6-4,E7_FR7-1;E9_FR8-1;E8_FR6-1,0.351167859283,0.104789695422,False,False,biological animal
double_occurrence,Ocurrencia espacial de núcleos dobles c-FOS y NPY positivos / núcleos DAPI,1125,WATER_NPY3;E7_FR7-5;E8_FR6-3,WATER_NPY1;E7_FR7-1;E9_FR8-1,WATER_NPY2;E8_FR6-1;E8_FR6-4,0.609598643403,0.168882666364,False,False,biological animal
double_occurrence,Ocurrencia espacial de núcleos dobles c-FOS y NPY positivos / núcleos DAPI,1126,WATER_NPY3;E7_FR7-5;E8_FR6-3,WATER_NPY1;E7_FR7-1;E8_FR6-1,WATER_NPY2;E9_FR8-1;E8_FR6-4,0.210006980064,0.0654225929628,False,False,biological animal
double_occurrence,Ocurrencia espacial de núcleos dobles c-FOS y NPY positivos / núcleos DAPI,1127,WATER_NPY3;E7_FR7-5;E8_FR6-3,WATER_NPY1;E7_FR7-1;E8_FR6-4,WATER_NPY2;E9_FR8-1;E8_FR6-1,0.204542616127,0.0638289580229,False,False,biological animal
double_occurrence,Ocurrencia espacial de núcleos dobles c-FOS y NPY positivos / núcleos DAPI,1128,WATER_NPY3;E7_FR7-5;E8_FR6-3,WATER_NPY1;E9_FR8-1;E8_FR6-1,WATER_NPY2;E7_FR7-1;E8_FR6-4,0.125855736302,0.0402628102251,False,False,biological animal
double_occurrence,Ocurrencia espacial de núcleos dobles c-FOS y NPY positivos / núcleos DAPI,1129,WATER_NPY3;E7_FR7-5;E8_FR6-3,WATER_NPY1;E9_FR8-1;E8_FR6-4,WATER_NPY2;E7_FR7-1;E8_FR6-1,0.111061138701,0.0356987965681,False,False,biological animal
double_occurrence,Ocurrencia espacial de núcleos dobles c-FOS y NPY positivos / núcleos DAPI,1130,WATER_NPY3;E7_FR7-5;E8_FR6-3,WATER_NPY1;E8_FR6-1;E8_FR6-4,WATER_NPY2;E7_FR7-1;E9_FR8-1,1.97336421685,0.396786587671,False,False,biological animal
double_occurrence,Ocurrencia espacial de núcleos dobles c-FOS y NPY positivos / núcleos DAPI,1131,WATER_NPY3;E7_FR7-5;E8_FR6-3,WATER_NPY2;E7_FR7-1;E9_FR8-1,WATER_NPY1;E8_FR6-1;E8_FR6-4,1.97336421685,0.396786587671,False,False,biological animal
double_occurrence,Ocurrencia espacial de núcleos dobles c-FOS y NPY positivos / núcleos DAPI,1132,WATER_NPY3;E7_FR7-5;E8_FR6-3,WATER_NPY2;E7_FR7-1;E8_FR6-1,WATER_NPY1;E9_FR8-1;E8_FR6-4,0.111061138701,0.0356987965681,False,False,biological animal
double_occurrence,Ocurrencia espacial de núcleos dobles c-FOS y NPY positivos / núcleos DAPI,1133,WATER_NPY3;E7_FR7-5;E8_FR6-3,WATER_NPY2;E7_FR7-1;E8_FR6-4,WATER_NPY1;E9_FR8-1;E8_FR6-1,0.125855736302,0.0402628102251,False,False,biological animal
double_occurrence,Ocurrencia espacial de núcleos dobles c-FOS y NPY positivos / núcleos DAPI,1134,WATER_NPY3;E7_FR7-5;E8_FR6-3,WATER_NPY2;E9_FR8-1;E8_FR6-1,WATER_NPY1;E7_FR7-1;E8_FR6-4,0.204542616127,0.0638289580229,False,False,biological animal
double_occurrence,Ocurrencia espacial de núcleos dobles c-FOS y NPY positivos / núcleos DAPI,1135,WATER_NPY3;E7_FR7-5;E8_FR6-3,WATER_NPY2;E9_FR8-1;E8_FR6-4,WATER_NPY1;E7_FR7-1;E8_FR6-1,0.210006980064,0.0654225929628,False,False,biological animal
double_occurrence,Ocurrencia espacial de núcleos dobles c-FOS y NPY positivos / núcleos DAPI,1136,WATER_NPY3;E7_FR7-5;E8_FR6-3,WATER_NPY2;E8_FR6-1;E8_FR6-4,WATER_NPY1;E7_FR7-1;E9_FR8-1,0.609598643403,0.168882666364,False,False,biological animal
double_occurrence,Ocurrencia espacial de núcleos dobles c-FOS y NPY positivos / núcleos DAPI,1137,WATER_NPY3;E7_FR7-5;E8_FR6-3,E7_FR7-1;E9_FR8-1;E8_FR6-1,WATER_NPY1;WATER_NPY2;E8_FR6-4,0.351167859283,0.104789695422,False,False,biological animal
double_occurrence,Ocurrencia espacial de núcleos dobles c-FOS y NPY positivos / núcleos DAPI,1138,WATER_NPY3;E7_FR7-5;E8_FR6-3,E7_FR7-1;E9_FR8-1;E8_FR6-4,WATER_NPY1;WATER_NPY2;E8_FR6-1,0.29076336435,0.0883574211077,False,False,biological animal
double_occurrence,Ocurrencia espacial de núcleos dobles c-FOS y NPY positivos / núcleos DAPI,1139,WATER_NPY3;E7_FR7-5;E8_FR6-3,E7_FR7-1;E8_FR6-1;E8_FR6-4,WATER_NPY1;WATER_NPY2;E9_FR8-1,1.65695850826,0.355802720879,False,False,biological animal
double_occurrence,Ocurrencia espacial de núcleos dobles c-FOS y NPY positivos / núcleos DAPI,1140,WATER_NPY3;E7_FR7-5;E8_FR6-3,E9_FR8-1;E8_FR6-1;E8_FR6-4,WATER_NPY1;WATER_NPY2;E7_FR7-1,1.33638520798,0.30817954215,False,False,biological animal
double_occurrence,Ocurrencia espacial de núcleos dobles c-FOS y NPY positivos / núcleos DAPI,1141,WATER_NPY3;E7_FR7-5;E8_FR6-4,WATER_NPY1;WATER_NPY2;E7_FR7-1,E9_FR8-1;E8_FR6-1;E8_FR6-3,1.02980389806,0.255546901067,False,False,biological animal
double_occurrence,Ocurrencia espacial de núcleos dobles c-FOS y NPY positivos / núcleos DAPI,1142,WATER_NPY3;E7_FR7-5;E8_FR6-4,WATER_NPY1;WATER_NPY2;E9_FR8-1,E7_FR7-1;E8_FR6-1;E8_FR6-3,1.28297228875,0.299551853773,False,False,biological animal
double_occurrence,Ocurrencia espacial de núcleos dobles c-FOS y NPY positivos / núcleos DAPI,1143,WATER_NPY3;E7_FR7-5;E8_FR6-4,WATER_NPY1;WATER_NPY2;E8_FR6-1,E7_FR7-1;E9_FR8-1;E8_FR6-3,0.23617202859,0.0729788239018,False,False,biological animal
double_occurrence,Ocurrencia espacial de núcleos dobles c-FOS y NPY positivos / núcleos DAPI,1144,WATER_NPY3;E7_FR7-5;E8_FR6-4,WATER_NPY1;WATER_NPY2;E8_FR6-3,E7_FR7-1;E9_FR8-1;E8_FR6-1,0.333799180183,0.100125761074,False,False,biological animal
double_occurrence,Ocurrencia espacial de núcleos dobles c-FOS y NPY positivos / núcleos DAPI,1145,WATER_NPY3;E7_FR7-5;E8_FR6-4,WATER_NPY1;E7_FR7-1;E9_FR8-1,WATER_NPY2;E8_FR6-1;E8_FR6-3,0.423356073214,0.123666970119,False,False,biological animal
double_occurrence,Ocurrencia espacial de núcleos dobles c-FOS y NPY positivos / núcleos DAPI,1146,WATER_NPY3;E7_FR7-5;E8_FR6-4,WATER_NPY1;E7_FR7-1;E8_FR6-1,WATER_NPY2;E9_FR8-1;E8_FR6-3,0.195157561041,0.0610791666177,False,False,biological animal
double_occurrence,Ocurrencia espacial de núcleos dobles c-FOS y NPY positivos / núcleos DAPI,1147,WATER_NPY3;E7_FR7-5;E8_FR6-4,WATER_NPY1;E7_FR7-1;E8_FR6-3,WATER_NPY2;E9_FR8-1;E8_FR6-1,0.151690394816,0.0481298528135,False,False,biological animal
double_occurrence,Ocurrencia espacial de núcleos dobles c-FOS y NPY positivos / núcleos DAPI,1148,WATER_NPY3;E7_FR7-5;E8_FR6-4,WATER_NPY1;E9_FR8-1;E8_FR6-1,WATER_NPY2;E7_FR7-1;E8_FR6-3,0.100138048483,0.032301157857,False,False,biological animal
double_occurrence,Ocurrencia espacial de núcleos dobles c-FOS y NPY positivos / núcleos DAPI,1149,WATER_NPY3;E7_FR7-5;E8_FR6-4,WATER_NPY1;E9_FR8-1;E8_FR6-3,WATER_NPY2;E7_FR7-1;E8_FR6-1,0.0725676488808,0.0236179173816,False,False,biological animal
double_occurrence,Ocurrencia espacial de núcleos dobles c-FOS y NPY positivos / núcleos DAPI,1150,WATER_NPY3;E7_FR7-5;E8_FR6-4,WATER_NPY1;E8_FR6-1;E8_FR6-3,WATER_NPY2;E7_FR7-1;E9_FR8-1,1.57200987739,0.343833438585,False,False,biological animal
double_occurrence,Ocurrencia espacial de núcleos dobles c-FOS y NPY positivos / núcleos DAPI,1151,WATER_NPY3;E7_FR7-5;E8_FR6-4,WATER_NPY2;E7_FR7-1;E9_FR8-1,WATER_NPY1;E8_FR6-1;E8_FR6-3,1.57200987739,0.343833438585,False,False,biological animal
double_occurrence,Ocurrencia espacial de núcleos dobles c-FOS y NPY positivos / núcleos DAPI,1152,WATER_NPY3;E7_FR7-5;E8_FR6-4,WATER_NPY2;E7_FR7-1;E8_FR6-1,WATER_NPY1;E9_FR8-1;E8_FR6-3,0.0725676488808,0.0236179173816,False,False,biological animal
double_occurrence,Ocurrencia espacial de núcleos dobles c-FOS y NPY positivos / núcleos DAPI,1153,WATER_NPY3;E7_FR7-5;E8_FR6-4,WATER_NPY2;E7_FR7-1;E8_FR6-3,WATER_NPY1;E9_FR8-1;E8_FR6-1,0.100138048483,0.032301157857,False,False,biological animal
double_occurrence,Ocurrencia espacial de núcleos dobles c-FOS y NPY positivos / núcleos DAPI,1154,WATER_NPY3;E7_FR7-5;E8_FR6-4,WATER_NPY2;E9_FR8-1;E8_FR6-1,WATER_NPY1;E7_FR7-1;E8_FR6-3,0.151690394816,0.0481298528135,False,False,biological animal
double_occurrence,Ocurrencia espacial de núcleos dobles c-FOS y NPY positivos / núcleos DAPI,1155,WATER_NPY3;E7_FR7-5;E8_FR6-4,WATER_NPY2;E9_FR8-1;E8_FR6-3,WATER_NPY1;E7_FR7-1;E8_FR6-1,0.195157561041,0.0610791666177,False,False,biological animal
double_occurrence,Ocurrencia espacial de núcleos dobles c-FOS y NPY positivos / núcleos DAPI,1156,WATER_NPY3;E7_FR7-5;E8_FR6-4,WATER_NPY2;E8_FR6-1;E8_FR6-3,WATER_NPY1;E7_FR7-1;E9_FR8-1,0.423356073214,0.123666970119,False,False,biological animal
double_occurrence,Ocurrencia espacial de núcleos dobles c-FOS y NPY positivos / núcleos DAPI,1157,WATER_NPY3;E7_FR7-5;E8_FR6-4,E7_FR7-1;E9_FR8-1;E8_FR6-1,WATER_NPY1;WATER_NPY2;E8_FR6-3,0.333799180183,0.100125761074,False,False,biological animal
double_occurrence,Ocurrencia espacial de núcleos dobles c-FOS y NPY positivos / núcleos DAPI,1158,WATER_NPY3;E7_FR7-5;E8_FR6-4,E7_FR7-1;E9_FR8-1;E8_FR6-3,WATER_NPY1;WATER_NPY2;E8_FR6-1,0.23617202859,0.0729788239018,False,False,biological animal
double_occurrence,Ocurrencia espacial de núcleos dobles c-FOS y NPY positivos / núcleos DAPI,1159,WATER_NPY3;E7_FR7-5;E8_FR6-4,E7_FR7-1;E8_FR6-1;E8_FR6-3,WATER_NPY1;WATER_NPY2;E9_FR8-1,1.28297228875,0.299551853773,False,False,biological animal
double_occurrence,Ocurrencia espacial de núcleos dobles c-FOS y NPY positivos / núcleos DAPI,1160,WATER_NPY3;E7_FR7-5;E8_FR6-4,E9_FR8-1;E8_FR6-1;E8_FR6-3,WATER_NPY1;WATER_NPY2;E7_FR7-1,1.02980389806,0.255546901067,False,False,biological animal
double_occurrence,Ocurrencia espacial de núcleos dobles c-FOS y NPY positivos / núcleos DAPI,1161,WATER_NPY3;E9_FR8-1;E8_FR6-1,WATER_NPY1;WATER_NPY2;E7_FR7-1,E7_FR7-5;E8_FR6-3;E8_FR6-4,1.51428048165,0.335442267667,False,False,biological animal
double_occurrence,Ocurrencia espacial de núcleos dobles c-FOS y NPY positivos / núcleos DAPI,1162,WATER_NPY3;E9_FR8-1;E8_FR6-1,WATER_NPY1;WATER_NPY2;E7_FR7-5,E7_FR7-1;E8_FR6-3;E8_FR6-4,1.43856819739,0.324106363452,False,False,biological animal
double_occurrence,Ocurrencia espacial de núcleos dobles c-FOS y NPY positivos / núcleos DAPI,1163,WATER_NPY3;E9_FR8-1;E8_FR6-1,WATER_NPY1;WATER_NPY2;E8_FR6-3,E7_FR7-1;E7_FR7-5;E8_FR6-4,0.451896511281,0.130912531649,False,False,biological animal
double_occurrence,Ocurrencia espacial de núcleos dobles c-FOS y NPY positivos / núcleos DAPI,1164,WATER_NPY3;E9_FR8-1;E8_FR6-1,WATER_NPY1;WATER_NPY2;E8_FR6-4,E7_FR7-1;E7_FR7-5;E8_FR6-3,0.397117709055,0.116898424802,False,False,biological animal
double_occurrence,Ocurrencia espacial de núcleos dobles c-FOS y NPY positivos / núcleos DAPI,1165,WATER_NPY3;E9_FR8-1;E8_FR6-1,WATER_NPY1;E7_FR7-1;E7_FR7-5,WATER_NPY2;E8_FR6-3;E8_FR6-4,0.62350559212,0.172072479611,False,False,biological animal
double_occurrence,Ocurrencia espacial de núcleos dobles c-FOS y NPY positivos / núcleos DAPI,1166,WATER_NPY3;E9_FR8-1;E8_FR6-1,WATER_NPY1;E7_FR7-1;E8_FR6-3,WATER_NPY2;E7_FR7-5;E8_FR6-4,0.236565536142,0.0730915328301,False,False,biological animal
double_occurrence,Ocurrencia espacial de núcleos dobles c-FOS y NPY positivos / núcleos DAPI,1167,WATER_NPY3;E9_FR8-1;E8_FR6-1,WATER_NPY1;E7_FR7-1;E8_FR6-4,WATER_NPY2;E7_FR7-5;E8_FR6-3,0.264942821662,0.081147767705,False,False,biological animal
double_occurrence,Ocurrencia espacial de núcleos dobles c-FOS y NPY positivos / núcleos DAPI,1168,WATER_NPY3;E9_FR8-1;E8_FR6-1,WATER_NPY1;E7_FR7-5;E8_FR6-3,WATER_NPY2;E7_FR7-1;E8_FR6-4,0.298992579712,0.0906314799102,False,False,biological animal
double_occurrence,Ocurrencia espacial de núcleos dobles c-FOS y NPY positivos / núcleos DAPI,1169,WATER_NPY3;E9_FR8-1;E8_FR6-1,WATER_NPY1;E7_FR7-5;E8_FR6-4,WATER_NPY2;E7_FR7-1;E8_FR6-3,0.326127281232,0.0980501507181,False,False,biological animal
double_occurrence,Ocurrencia espacial de núcleos dobles c-FOS y NPY positivos / núcleos DAPI,1170,WATER_NPY3;E9_FR8-1;E8_FR6-1,WATER_NPY1;E8_FR6-3;E8_FR6-4,WATER_NPY2;E7_FR7-1;E7_FR7-5,1.58220932565,0.345293986635,False,False,biological animal
double_occurrence,Ocurrencia espacial de núcleos dobles c-FOS y NPY positivos / núcleos DAPI,1171,WATER_NPY3;E9_FR8-1;E8_FR6-1,WATER_NPY2;E7_FR7-1;E7_FR7-5,WATER_NPY1;E8_FR6-3;E8_FR6-4,1.58220932565,0.345293986635,False,False,biological animal
double_occurrence,Ocurrencia espacial de núcleos dobles c-FOS y NPY positivos / núcleos DAPI,1172,WATER_NPY3;E9_FR8-1;E8_FR6-1,WATER_NPY2;E7_FR7-1;E8_FR6-3,WATER_NPY1;E7_FR7-5;E8_FR6-4,0.326127281232,0.0980501507181,False,False,biological animal
double_occurrence,Ocurrencia espacial de núcleos dobles c-FOS y NPY positivos / núcleos DAPI,1173,WATER_NPY3;E9_FR8-1;E8_FR6-1,WATER_NPY2;E7_FR7-1;E8_FR6-4,WATER_NPY1;E7_FR7-5;E8_FR6-3,0.298992579712,0.0906314799102,False,False,biological animal
double_occurrence,Ocurrencia espacial de núcleos dobles c-FOS y NPY positivos / núcleos DAPI,1174,WATER_NPY3;E9_FR8-1;E8_FR6-1,WATER_NPY2;E7_FR7-5;E8_FR6-3,WATER_NPY1;E7_FR7-1;E8_FR6-4,0.264942821662,0.081147767705,False,False,biological animal
double_occurrence,Ocurrencia espacial de núcleos dobles c-FOS y NPY positivos / núcleos DAPI,1175,WATER_NPY3;E9_FR8-1;E8_FR6-1,WATER_NPY2;E7_FR7-5;E8_FR6-4,WATER_NPY1;E7_FR7-1;E8_FR6-3,0.236565536142,0.0730915328301,False,False,biological animal
double_occurrence,Ocurrencia espacial de núcleos dobles c-FOS y NPY positivos / núcleos DAPI,1176,WATER_NPY3;E9_FR8-1;E8_FR6-1,WATER_NPY2;E8_FR6-3;E8_FR6-4,WATER_NPY1;E7_FR7-1;E7_FR7-5,0.62350559212,0.172072479611,False,False,biological animal
double_occurrence,Ocurrencia espacial de núcleos dobles c-FOS y NPY positivos / núcleos DAPI,1177,WATER_NPY3;E9_FR8-1;E8_FR6-1,E7_FR7-1;E7_FR7-5;E8_FR6-3,WATER_NPY1;WATER_NPY2;E8_FR6-4,0.397117709055,0.116898424802,False,False,biological animal
double_occurrence,Ocurrencia espacial de núcleos dobles c-FOS y NPY positivos / núcleos DAPI,1178,WATER_NPY3;E9_FR8-1;E8_FR6-1,E7_FR7-1;E7_FR7-5;E8_FR6-4,WATER_NPY1;WATER_NPY2;E8_FR6-3,0.451896511281,0.130912531649,False,False,biological animal
double_occurrence,Ocurrencia espacial de núcleos dobles c-FOS y NPY positivos / núcleos DAPI,1179,WATER_NPY3;E9_FR8-1;E8_FR6-1,E7_FR7-1;E8_FR6-3;E8_FR6-4,WATER_NPY1;WATER_NPY2;E7_FR7-5,1.43856819739,0.324106363452,False,False,biological animal
double_occurrence,Ocurrencia espacial de núcleos dobles c-FOS y NPY positivos / núcleos DAPI,1180,WATER_NPY3;E9_FR8-1;E8_FR6-1,E7_FR7-5;E8_FR6-3;E8_FR6-4,WATER_NPY1;WATER_NPY2;E7_FR7-1,1.51428048165,0.335442267667,False,False,biological animal
double_occurrence,Ocurrencia espacial de núcleos dobles c-FOS y NPY positivos / núcleos DAPI,1181,WATER_NPY3;E9_FR8-1;E8_FR6-3,WATER_NPY1;WATER_NPY2;E7_FR7-1,E7_FR7-5;E8_FR6-1;E8_FR6-4,1.78825357303,0.373466765232,False,False,biological animal
double_occurrence,Ocurrencia espacial de núcleos dobles c-FOS y NPY positivos / núcleos DAPI,1182,WATER_NPY3;E9_FR8-1;E8_FR6-3,WATER_NPY1;WATER_NPY2;E7_FR7-5,E7_FR7-1;E8_FR6-1;E8_FR6-4,1.6942254888,0.360916937809,False,False,biological animal
double_occurrence,Ocurrencia espacial de núcleos dobles c-FOS y NPY positivos / núcleos DAPI,1183,WATER_NPY3;E9_FR8-1;E8_FR6-3,WATER_NPY1;WATER_NPY2;E8_FR6-1,E7_FR7-1;E7_FR7-5;E8_FR6-4,0.395352693931,0.116439359787,False,False,biological animal
double_occurrence,Ocurrencia espacial de núcleos dobles c-FOS y NPY positivos / núcleos DAPI,1184,WATER_NPY3;E9_FR8-1;E8_FR6-3,WATER_NPY1;WATER_NPY2;E8_FR6-4,E7_FR7-1;E7_FR7-5;E8_FR6-1,0.45988496914,0.132919149984,False,False,biological animal
double_occurrence,Ocurrencia espacial de núcleos dobles c-FOS y NPY positivos / núcleos DAPI,1185,WATER_NPY3;E9_FR8-1;E8_FR6-3,WATER_NPY1;E7_FR7-1;E7_FR7-5,WATER_NPY2;E8_FR6-1;E8_FR6-4,0.69838409632,0.18883492848,False,False,biological animal
double_occurrence,Ocurrencia espacial de núcleos dobles c-FOS y NPY positivos / núcleos DAPI,1186,WATER_NPY3;E9_FR8-1;E8_FR6-3,WATER_NPY1;E7_FR7-1;E8_FR6-1,WATER_NPY2;E7_FR7-5;E8_FR6-4,0.256149869617,0.0786664864562,False,False,biological animal
double_occurrence,Ocurrencia espacial de núcleos dobles c-FOS y NPY positivos / núcleos DAPI,1187,WATER_NPY3;E9_FR8-1;E8_FR6-3,WATER_NPY1;E7_FR7-1;E8_FR6-4,WATER_NPY2;E7_FR7-5;E8_FR6-1,0.250694775379,0.077120367399,False,False,biological animal
double_occurrence,Ocurrencia espacial de núcleos dobles c-FOS y NPY positivos / núcleos DAPI,1188,WATER_NPY3;E9_FR8-1;E8_FR6-3,WATER_NPY1;E7_FR7-5;E8_FR6-1,WATER_NPY2;E7_FR7-1;E8_FR6-4,0.323806405801,0.0974203567441,False,False,biological animal
double_occurrence,Ocurrencia espacial de núcleos dobles c-FOS y NPY positivos / núcleos DAPI,1189,WATER_NPY3;E9_FR8-1;E8_FR6-3,WATER_NPY1;E7_FR7-5;E8_FR6-4,WATER_NPY2;E7_FR7-1;E8_FR6-1,0.306910483658,0.0928088272043,False,False,biological animal
double_occurrence,Ocurrencia espacial de núcleos dobles c-FOS y NPY positivos / núcleos DAPI,1190,WATER_NPY3;E9_FR8-1;E8_FR6-3,WATER_NPY1;E8_FR6-1;E8_FR6-4,WATER_NPY2;E7_FR7-1;E7_FR7-5,1.783717852,0.372872712644,False,False,biological animal
double_occurrence,Ocurrencia espacial de núcleos dobles c-FOS y NPY positivos / núcleos DAPI,1191,WATER_NPY3;E9_FR8-1;E8_FR6-3,WATER_NPY2;E7_FR7-1;E7_FR7-5,WATER_NPY1;E8_FR6-1;E8_FR6-4,1.783717852,0.372872712644,False,False,biological animal
double_occurrence,Ocurrencia espacial de núcleos dobles c-FOS y NPY positivos / núcleos DAPI,1192,WATER_NPY3;E9_FR8-1;E8_FR6-3,WATER_NPY2;E7_FR7-1;E8_FR6-1,WATER_NPY1;E7_FR7-5;E8_FR6-4,0.306910483658,0.0928088272043,False,False,biological animal
double_occurrence,Ocurrencia espacial de núcleos dobles c-FOS y NPY positivos / núcleos DAPI,1193,WATER_NPY3;E9_FR8-1;E8_FR6-3,WATER_NPY2;E7_FR7-1;E8_FR6-4,WATER_NPY1;E7_FR7-5;E8_FR6-1,0.323806405801,0.0974203567441,False,False,biological animal
double_occurrence,Ocurrencia espacial de núcleos dobles c-FOS y NPY positivos / núcleos DAPI,1194,WATER_NPY3;E9_FR8-1;E8_FR6-3,WATER_NPY2;E7_FR7-5;E8_FR6-1,WATER_NPY1;E7_FR7-1;E8_FR6-4,0.250694775379,0.077120367399,False,False,biological animal
double_occurrence,Ocurrencia espacial de núcleos dobles c-FOS y NPY positivos / núcleos DAPI,1195,WATER_NPY3;E9_FR8-1;E8_FR6-3,WATER_NPY2;E7_FR7-5;E8_FR6-4,WATER_NPY1;E7_FR7-1;E8_FR6-1,0.256149869617,0.0786664864562,False,False,biological animal
double_occurrence,Ocurrencia espacial de núcleos dobles c-FOS y NPY positivos / núcleos DAPI,1196,WATER_NPY3;E9_FR8-1;E8_FR6-3,WATER_NPY2;E8_FR6-1;E8_FR6-4,WATER_NPY1;E7_FR7-1;E7_FR7-5,0.69838409632,0.18883492848,False,False,biological animal
double_occurrence,Ocurrencia espacial de núcleos dobles c-FOS y NPY positivos / núcleos DAPI,1197,WATER_NPY3;E9_FR8-1;E8_FR6-3,E7_FR7-1;E7_FR7-5;E8_FR6-1,WATER_NPY1;WATER_NPY2;E8_FR6-4,0.45988496914,0.132919149984,False,False,biological animal
double_occurrence,Ocurrencia espacial de núcleos dobles c-FOS y NPY positivos / núcleos DAPI,1198,WATER_NPY3;E9_FR8-1;E8_FR6-3,E7_FR7-1;E7_FR7-5;E8_FR6-4,WATER_NPY1;WATER_NPY2;E8_FR6-1,0.395352693931,0.116439359787,False,False,biological animal
double_occurrence,Ocurrencia espacial de núcleos dobles c-FOS y NPY positivos / núcleos DAPI,1199,WATER_NPY3;E9_FR8-1;E8_FR6-3,E7_FR7-1;E8_FR6-1;E8_FR6-4,WATER_NPY1;WATER_NPY2;E7_FR7-5,1.6942254888,0.360916937809,False,False,biological animal
double_occurrence,Ocurrencia espacial de núcleos dobles c-FOS y NPY positivos / núcleos DAPI,1200,WATER_NPY3;E9_FR8-1;E8_FR6-3,E7_FR7-5;E8_FR6-1;E8_FR6-4,WATER_NPY1;WATER_NPY2;E7_FR7-1,1.78825357303,0.373466765232,False,False,biological animal
double_occurrence,Ocurrencia espacial de núcleos dobles c-FOS y NPY positivos / núcleos DAPI,1201,WATER_NPY3;E9_FR8-1;E8_FR6-4,WATER_NPY1;WATER_NPY2;E7_FR7-1,E7_FR7-5;E8_FR6-1;E8_FR6-3,1.37467796281,0.31423523617,False,False,biological animal
double_occurrence,Ocurrencia espacial de núcleos dobles c-FOS y NPY positivos / núcleos DAPI,1202,WATER_NPY3;E9_FR8-1;E8_FR6-4,WATER_NPY1;WATER_NPY2;E7_FR7-5,E7_FR7-1;E8_FR6-1;E8_FR6-3,1.29409775529,0.301366626713,False,False,biological animal
double_occurrence,Ocurrencia espacial de núcleos dobles c-FOS y NPY positivos / núcleos DAPI,1203,WATER_NPY3;E9_FR8-1;E8_FR6-4,WATER_NPY1;WATER_NPY2;E8_FR6-1,E7_FR7-1;E7_FR7-5;E8_FR6-3,0.312947203278,0.0944618746017,False,False,biological animal
double_occurrence,Ocurrencia espacial de núcleos dobles c-FOS y NPY positivos / núcleos DAPI,1204,WATER_NPY3;E9_FR8-1;E8_FR6-4,WATER_NPY1;WATER_NPY2;E8_FR6-3,E7_FR7-1;E7_FR7-5;E8_FR6-1,0.428398134392,0.124955771646,False,False,biological animal
double_occurrence,Ocurrencia espacial de núcleos dobles c-FOS y NPY positivos / núcleos DAPI,1205,WATER_NPY3;E9_FR8-1;E8_FR6-4,WATER_NPY1;E7_FR7-1;E7_FR7-5,WATER_NPY2;E8_FR6-1;E8_FR6-3,0.48966971553,0.140319788245,False,False,biological animal
double_occurrence,Ocurrencia espacial de núcleos dobles c-FOS y NPY positivos / núcleos DAPI,1206,WATER_NPY3;E9_FR8-1;E8_FR6-4,WATER_NPY1;E7_FR7-1;E8_FR6-1,WATER_NPY2;E7_FR7-5;E8_FR6-3,0.217931764745,0.0677241721321,False,False,biological animal
double_occurrence,Ocurrencia espacial de núcleos dobles c-FOS y NPY positivos / núcleos DAPI,1207,WATER_NPY3;E9_FR8-1;E8_FR6-4,WATER_NPY1;E7_FR7-1;E8_FR6-3,WATER_NPY2;E7_FR7-5;E8_FR6-1,0.185125272004,0.0581218182002,False,False,biological animal
double_occurrence,Ocurrencia espacial de núcleos dobles c-FOS y NPY positivos / núcleos DAPI,1208,WATER_NPY3;E9_FR8-1;E8_FR6-4,WATER_NPY1;E7_FR7-5;E8_FR6-1,WATER_NPY2;E7_FR7-1;E8_FR6-3,0.282847732603,0.0861592603865,False,False,biological animal
double_occurrence,Ocurrencia espacial de núcleos dobles c-FOS y NPY positivos / núcleos DAPI,1209,WATER_NPY3;E9_FR8-1;E8_FR6-4,WATER_NPY1;E7_FR7-5;E8_FR6-3,WATER_NPY2;E7_FR7-1;E8_FR6-1,0.240192418315,0.0741290600389,False,False,biological animal
double_occurrence,Ocurrencia espacial de núcleos dobles c-FOS y NPY positivos / núcleos DAPI,1210,WATER_NPY3;E9_FR8-1;E8_FR6-4,WATER_NPY1;E8_FR6-1;E8_FR6-3,WATER_NPY2;E7_FR7-1;E7_FR7-5,1.38994486947,0.316620119568,False,False,biological animal
double_occurrence,Ocurrencia espacial de núcleos dobles c-FOS y NPY positivos / núcleos DAPI,1211,WATER_NPY3;E9_FR8-1;E8_FR6-4,WATER_NPY2;E7_FR7-1;E7_FR7-5,WATER_NPY1;E8_FR6-1;E8_FR6-3,1.38994486947,0.316620119568,False,False,biological animal
double_occurrence,Ocurrencia espacial de núcleos dobles c-FOS y NPY positivos / núcleos DAPI,1212,WATER_NPY3;E9_FR8-1;E8_FR6-4,WATER_NPY2;E7_FR7-1;E8_FR6-1,WATER_NPY1;E7_FR7-5;E8_FR6-3,0.240192418315,0.0741290600389,False,False,biological animal
double_occurrence,Ocurrencia espacial de núcleos dobles c-FOS y NPY positivos / núcleos DAPI,1213,WATER_NPY3;E9_FR8-1;E8_FR6-4,WATER_NPY2;E7_FR7-1;E8_FR6-3,WATER_NPY1;E7_FR7-5;E8_FR6-1,0.282847732603,0.0861592603865,False,False,biological animal
double_occurrence,Ocurrencia espacial de núcleos dobles c-FOS y NPY positivos / núcleos DAPI,1214,WATER_NPY3;E9_FR8-1;E8_FR6-4,WATER_NPY2;E7_FR7-5;E8_FR6-1,WATER_NPY1;E7_FR7-1;E8_FR6-3,0.185125272004,0.0581218182002,False,False,biological animal
double_occurrence,Ocurrencia espacial de núcleos dobles c-FOS y NPY positivos / núcleos DAPI,1215,WATER_NPY3;E9_FR8-1;E8_FR6-4,WATER_NPY2;E7_FR7-5;E8_FR6-3,WATER_NPY1;E7_FR7-1;E8_FR6-1,0.217931764745,0.0677241721321,False,False,biological animal
double_occurrence,Ocurrencia espacial de núcleos dobles c-FOS y NPY positivos / núcleos DAPI,1216,WATER_NPY3;E9_FR8-1;E8_FR6-4,WATER_NPY2;E8_FR6-1;E8_FR6-3,WATER_NPY1;E7_FR7-1;E7_FR7-5,0.48966971553,0.140319788245,False,False,biological animal
double_occurrence,Ocurrencia espacial de núcleos dobles c-FOS y NPY positivos / núcleos DAPI,1217,WATER_NPY3;E9_FR8-1;E8_FR6-4,E7_FR7-1;E7_FR7-5;E8_FR6-1,WATER_NPY1;WATER_NPY2;E8_FR6-3,0.428398134392,0.124955771646,False,False,biological animal
double_occurrence,Ocurrencia espacial de núcleos dobles c-FOS y NPY positivos / núcleos DAPI,1218,WATER_NPY3;E9_FR8-1;E8_FR6-4,E7_FR7-1;E7_FR7-5;E8_FR6-3,WATER_NPY1;WATER_NPY2;E8_FR6-1,0.312947203278,0.0944618746017,False,False,biological animal
double_occurrence,Ocurrencia espacial de núcleos dobles c-FOS y NPY positivos / núcleos DAPI,1219,WATER_NPY3;E9_FR8-1;E8_FR6-4,E7_FR7-1;E8_FR6-1;E8_FR6-3,WATER_NPY1;WATER_NPY2;E7_FR7-5,1.29409775529,0.301366626713,False,False,biological animal
double_occurrence,Ocurrencia espacial de núcleos dobles c-FOS y NPY positivos / núcleos DAPI,1220,WATER_NPY3;E9_FR8-1;E8_FR6-4,E7_FR7-5;E8_FR6-1;E8_FR6-3,WATER_NPY1;WATER_NPY2;E7_FR7-1,1.37467796281,0.31423523617,False,False,biological animal
double_occurrence,Ocurrencia espacial de núcleos dobles c-FOS y NPY positivos / núcleos DAPI,1221,WATER_NPY3;E8_FR6-1;E8_FR6-3,WATER_NPY1;WATER_NPY2;E7_FR7-1,E7_FR7-5;E9_FR8-1;E8_FR6-4,0.777511527508,0.205826381163,False,False,biological animal
double_occurrence,Ocurrencia espacial de núcleos dobles c-FOS y NPY positivos / núcleos DAPI,1222,WATER_NPY3;E8_FR6-1;E8_FR6-3,WATER_NPY1;WATER_NPY2;E7_FR7-5,E7_FR7-1;E9_FR8-1;E8_FR6-4,0.811150001886,0.212836021013,False,False,biological animal
double_occurrence,Ocurrencia espacial de núcleos dobles c-FOS y NPY positivos / núcleos DAPI,1223,WATER_NPY3;E8_FR6-1;E8_FR6-3,WATER_NPY1;WATER_NPY2;E9_FR8-1,E7_FR7-1;E7_FR7-5;E8_FR6-4,0.925693133911,0.235803742762,False,False,biological animal
double_occurrence,Ocurrencia espacial de núcleos dobles c-FOS y NPY positivos / núcleos DAPI,1224,WATER_NPY3;E8_FR6-1;E8_FR6-3,WATER_NPY1;WATER_NPY2;E8_FR6-4,E7_FR7-1;E7_FR7-5;E9_FR8-1,0.738563259104,0.197552698167,False,False,biological animal
double_occurrence,Ocurrencia espacial de núcleos dobles c-FOS y NPY positivos / núcleos DAPI,1225,WATER_NPY3;E8_FR6-1;E8_FR6-3,WATER_NPY1;E7_FR7-1;E7_FR7-5,WATER_NPY2;E9_FR8-1;E8_FR6-4,0.419764557249,0.122746624869,False,False,biological animal
double_occurrence,Ocurrencia espacial de núcleos dobles c-FOS y NPY positivos / núcleos DAPI,1226,WATER_NPY3;E8_FR6-1;E8_FR6-3,WATER_NPY1;E7_FR7-1;E9_FR8-1,WATER_NPY2;E7_FR7-5;E8_FR6-4,0.393812029989,0.116038256247,False,False,biological animal
double_occurrence,Ocurrencia espacial de núcleos dobles c-FOS y NPY positivos / núcleos DAPI,1227,WATER_NPY3;E8_FR6-1;E8_FR6-3,WATER_NPY1;E7_FR7-1;E8_FR6-4,WATER_NPY2;E7_FR7-5;E9_FR8-1,0.864717017283,0.223746528767,False,False,biological animal
double_occurrence,Ocurrencia espacial de núcleos dobles c-FOS y NPY positivos / núcleos DAPI,1228,WATER_NPY3;E8_FR6-1;E8_FR6-3,WATER_NPY1;E7_FR7-5;E9_FR8-1,WATER_NPY2;E7_FR7-1;E8_FR6-4,0.390721901528,0.115232659261,False,False,biological animal
double_occurrence,Ocurrencia espacial de núcleos dobles c-FOS y NPY positivos / núcleos DAPI,1229,WATER_NPY3;E8_FR6-1;E8_FR6-3,WATER_NPY1;E7_FR7-5;E8_FR6-4,WATER_NPY2;E7_FR7-1;E9_FR8-1,1.04855270472,0.258994455846,False,False,biological animal
double_occurrence,Ocurrencia espacial de núcleos dobles c-FOS y NPY positivos / núcleos DAPI,1230,WATER_NPY3;E8_FR6-1;E8_FR6-3,WATER_NPY1;E9_FR8-1;E8_FR6-4,WATER_NPY2;E7_FR7-1;E7_FR7-5,0.649504285601,0.177970550182,False,False,biological animal
double_occurrence,Ocurrencia espacial de núcleos dobles c-FOS y NPY positivos / núcleos DAPI,1231,WATER_NPY3;E8_FR6-1;E8_FR6-3,WATER_NPY2;E7_FR7-1;E7_FR7-5,WATER_NPY1;E9_FR8-1;E8_FR6-4,0.649504285601,0.177970550182,False,False,biological animal
double_occurrence,Ocurrencia espacial de núcleos dobles c-FOS y NPY positivos / núcleos DAPI,1232,WATER_NPY3;E8_FR6-1;E8_FR6-3,WATER_NPY2;E7_FR7-1;E9_FR8-1,WATER_NPY1;E7_FR7-5;E8_FR6-4,1.04855270472,0.258994455846,False,False,biological animal
double_occurrence,Ocurrencia espacial de núcleos dobles c-FOS y NPY positivos / núcleos DAPI,1233,WATER_NPY3;E8_FR6-1;E8_FR6-3,WATER_NPY2;E7_FR7-1;E8_FR6-4,WATER_NPY1;E7_FR7-5;E9_FR8-1,0.390721901528,0.115232659261,False,False,biological animal
double_occurrence,Ocurrencia espacial de núcleos dobles c-FOS y NPY positivos / núcleos DAPI,1234,WATER_NPY3;E8_FR6-1;E8_FR6-3,WATER_NPY2;E7_FR7-5;E9_FR8-1,WATER_NPY1;E7_FR7-1;E8_FR6-4,0.864717017283,0.223746528767,False,False,biological animal
double_occurrence,Ocurrencia espacial de núcleos dobles c-FOS y NPY positivos / núcleos DAPI,1235,WATER_NPY3;E8_FR6-1;E8_FR6-3,WATER_NPY2;E7_FR7-5;E8_FR6-4,WATER_NPY1;E7_FR7-1;E9_FR8-1,0.393812029989,0.116038256247,False,False,biological animal
double_occurrence,Ocurrencia espacial de núcleos dobles c-FOS y NPY positivos / núcleos DAPI,1236,WATER_NPY3;E8_FR6-1;E8_FR6-3,WATER_NPY2;E9_FR8-1;E8_FR6-4,WATER_NPY1;E7_FR7-1;E7_FR7-5,0.419764557249,0.122746624869,False,False,biological animal
double_occurrence,Ocurrencia espacial de núcleos dobles c-FOS y NPY positivos / núcleos DAPI,1237,WATER_NPY3;E8_FR6-1;E8_FR6-3,E7_FR7-1;E7_FR7-5;E9_FR8-1,WATER_NPY1;WATER_NPY2;E8_FR6-4,0.738563259104,0.197552698167,False,False,biological animal
double_occurrence,Ocurrencia espacial de núcleos dobles c-FOS y NPY positivos / núcleos DAPI,1238,WATER_NPY3;E8_FR6-1;E8_FR6-3,E7_FR7-1;E7_FR7-5;E8_FR6-4,WATER_NPY1;WATER_NPY2;E9_FR8-1,0.925693133911,0.235803742762,False,False,biological animal
double_occurrence,Ocurrencia espacial de núcleos dobles c-FOS y NPY positivos / núcleos DAPI,1239,WATER_NPY3;E8_FR6-1;E8_FR6-3,E7_FR7-1;E9_FR8-1;E8_FR6-4,WATER_NPY1;WATER_NPY2;E7_FR7-5,0.811150001886,0.212836021013,False,False,biological animal
double_occurrence,Ocurrencia espacial de núcleos dobles c-FOS y NPY positivos / núcleos DAPI,1240,WATER_NPY3;E8_FR6-1;E8_FR6-3,E7_FR7-5;E9_FR8-1;E8_FR6-4,WATER_NPY1;WATER_NPY2;E7_FR7-1,0.777511527508,0.205826381163,False,False,biological animal
double_occurrence,Ocurrencia espacial de núcleos dobles c-FOS y NPY positivos / núcleos DAPI,1241,WATER_NPY3;E8_FR6-1;E8_FR6-4,WATER_NPY1;WATER_NPY2;E7_FR7-1,E7_FR7-5;E9_FR8-1;E8_FR6-3,0.887719508438,0.228339391901,False,False,biological animal
double_occurrence,Ocurrencia espacial de núcleos dobles c-FOS y NPY positivos / núcleos DAPI,1242,WATER_NPY3;E8_FR6-1;E8_FR6-4,WATER_NPY1;WATER_NPY2;E7_FR7-5,E7_FR7-1;E9_FR8-1;E8_FR6-3,0.9217237007,0.235030249718,False,False,biological animal
double_occurrence,Ocurrencia espacial de núcleos dobles c-FOS y NPY positivos / núcleos DAPI,1243,WATER_NPY3;E8_FR6-1;E8_FR6-4,WATER_NPY1;WATER_NPY2;E9_FR8-1,E7_FR7-1;E7_FR7-5;E8_FR6-3,1.02521678891,0.254698527477,False,False,biological animal
double_occurrence,Ocurrencia espacial de núcleos dobles c-FOS y NPY positivos / núcleos DAPI,1244,WATER_NPY3;E8_FR6-1;E8_FR6-4,WATER_NPY1;WATER_NPY2;E8_FR6-3,E7_FR7-1;E7_FR7-5;E9_FR8-1,0.898440883469,0.230461589729,False,False,biological animal
double_occurrence,Ocurrencia espacial de núcleos dobles c-FOS y NPY positivos / núcleos DAPI,1245,WATER_NPY3;E8_FR6-1;E8_FR6-4,WATER_NPY1;E7_FR7-1;E7_FR7-5,WATER_NPY2;E9_FR8-1;E8_FR6-3,0.554401399546,0.155976024434,False,False,biological animal
double_occurrence,Ocurrencia espacial de núcleos dobles c-FOS y NPY positivos / núcleos DAPI,1246,WATER_NPY3;E8_FR6-1;E8_FR6-4,WATER_NPY1;E7_FR7-1;E9_FR8-1,WATER_NPY2;E7_FR7-5;E8_FR6-3,0.512749808064,0.145968211823,False,False,biological animal
double_occurrence,Ocurrencia espacial de núcleos dobles c-FOS y NPY positivos / núcleos DAPI,1247,WATER_NPY3;E8_FR6-1;E8_FR6-4,WATER_NPY1;E7_FR7-1;E8_FR6-3,WATER_NPY2;E7_FR7-5;E9_FR8-1,0.976776945411,0.245620249468,False,False,biological animal
double_occurrence,Ocurrencia espacial de núcleos dobles c-FOS y NPY positivos / núcleos DAPI,1248,WATER_NPY3;E8_FR6-1;E8_FR6-4,WATER_NPY1;E7_FR7-5;E9_FR8-1,WATER_NPY2;E7_FR7-1;E8_FR6-3,0.508131163733,0.144843832804,False,False,biological animal
double_occurrence,Ocurrencia espacial de núcleos dobles c-FOS y NPY positivos / núcleos DAPI,1249,WATER_NPY3;E8_FR6-1;E8_FR6-4,WATER_NPY1;E7_FR7-5;E8_FR6-3,WATER_NPY2;E7_FR7-1;E9_FR8-1,1.1735469825,0.28118695858,False,False,biological animal
double_occurrence,Ocurrencia espacial de núcleos dobles c-FOS y NPY positivos / núcleos DAPI,1250,WATER_NPY3;E8_FR6-1;E8_FR6-4,WATER_NPY1;E9_FR8-1;E8_FR6-3,WATER_NPY2;E7_FR7-1;E7_FR7-5,0.766301006982,0.203462496906,False,False,biological animal
double_occurrence,Ocurrencia espacial de núcleos dobles c-FOS y NPY positivos / núcleos DAPI,1251,WATER_NPY3;E8_FR6-1;E8_FR6-4,WATER_NPY2;E7_FR7-1;E7_FR7-5,WATER_NPY1;E9_FR8-1;E8_FR6-3,0.766301006982,0.203462496906,False,False,biological animal
double_occurrence,Ocurrencia espacial de núcleos dobles c-FOS y NPY positivos / núcleos DAPI,1252,WATER_NPY3;E8_FR6-1;E8_FR6-4,WATER_NPY2;E7_FR7-1;E9_FR8-1,WATER_NPY1;E7_FR7-5;E8_FR6-3,1.1735469825,0.28118695858,False,False,biological animal
double_occurrence,Ocurrencia espacial de núcleos dobles c-FOS y NPY positivos / núcleos DAPI,1253,WATER_NPY3;E8_FR6-1;E8_FR6-4,WATER_NPY2;E7_FR7-1;E8_FR6-3,WATER_NPY1;E7_FR7-5;E9_FR8-1,0.508131163733,0.144843832804,False,False,biological animal
double_occurrence,Ocurrencia espacial de núcleos dobles c-FOS y NPY positivos / núcleos DAPI,1254,WATER_NPY3;E8_FR6-1;E8_FR6-4,WATER_NPY2;E7_FR7-5;E9_FR8-1,WATER_NPY1;E7_FR7-1;E8_FR6-3,0.976776945411,0.245620249468,False,False,biological animal
double_occurrence,Ocurrencia espacial de núcleos dobles c-FOS y NPY positivos / núcleos DAPI,1255,WATER_NPY3;E8_FR6-1;E8_FR6-4,WATER_NPY2;E7_FR7-5;E8_FR6-3,WATER_NPY1;E7_FR7-1;E9_FR8-1,0.512749808064,0.145968211823,False,False,biological animal
double_occurrence,Ocurrencia espacial de núcleos dobles c-FOS y NPY positivos / núcleos DAPI,1256,WATER_NPY3;E8_FR6-1;E8_FR6-4,WATER_NPY2;E9_FR8-1;E8_FR6-3,WATER_NPY1;E7_FR7-1;E7_FR7-5,0.554401399546,0.155976024434,False,False,biological animal
double_occurrence,Ocurrencia espacial de núcleos dobles c-FOS y NPY positivos / núcleos DAPI,1257,WATER_NPY3;E8_FR6-1;E8_FR6-4,E7_FR7-1;E7_FR7-5;E9_FR8-1,WATER_NPY1;WATER_NPY2;E8_FR6-3,0.898440883469,0.230461589729,False,False,biological animal
double_occurrence,Ocurrencia espacial de núcleos dobles c-FOS y NPY positivos / núcleos DAPI,1258,WATER_NPY3;E8_FR6-1;E8_FR6-4,E7_FR7-1;E7_FR7-5;E8_FR6-3,WATER_NPY1;WATER_NPY2;E9_FR8-1,1.02521678891,0.254698527477,False,False,biological animal
double_occurrence,Ocurrencia espacial de núcleos dobles c-FOS y NPY positivos / núcleos DAPI,1259,WATER_NPY3;E8_FR6-1;E8_FR6-4,E7_FR7-1;E9_FR8-1;E8_FR6-3,WATER_NPY1;WATER_NPY2;E7_FR7-5,0.9217237007,0.235030249718,False,False,biological animal
double_occurrence,Ocurrencia espacial de núcleos dobles c-FOS y NPY positivos / núcleos DAPI,1260,WATER_NPY3;E8_FR6-1;E8_FR6-4,E7_FR7-5;E9_FR8-1;E8_FR6-3,WATER_NPY1;WATER_NPY2;E7_FR7-1,0.887719508438,0.228339391901,False,False,biological animal
double_occurrence,Ocurrencia espacial de núcleos dobles c-FOS y NPY positivos / núcleos DAPI,1261,WATER_NPY3;E8_FR6-3;E8_FR6-4,WATER_NPY1;WATER_NPY2;E7_FR7-1,E7_FR7-5;E9_FR8-1;E8_FR6-1,0.836760037839,0.218090271371,False,False,biological animal
double_occurrence,Ocurrencia espacial de núcleos dobles c-FOS y NPY positivos / núcleos DAPI,1262,WATER_NPY3;E8_FR6-3;E8_FR6-4,WATER_NPY1;WATER_NPY2;E7_FR7-5,E7_FR7-1;E9_FR8-1;E8_FR6-1,0.863824432851,0.22356720598,False,False,biological animal
double_occurrence,Ocurrencia espacial de núcleos dobles c-FOS y NPY positivos / núcleos DAPI,1263,WATER_NPY3;E8_FR6-3;E8_FR6-4,WATER_NPY1;WATER_NPY2;E9_FR8-1,E7_FR7-1;E7_FR7-5;E8_FR6-1,0.981855711435,0.246582443612,False,False,biological animal
double_occurrence,Ocurrencia espacial de núcleos dobles c-FOS y NPY positivos / núcleos DAPI,1264,WATER_NPY3;E8_FR6-3;E8_FR6-4,WATER_NPY1;WATER_NPY2;E8_FR6-1,E7_FR7-1;E7_FR7-5;E9_FR8-1,0.712189534422,0.19185160882,False,False,biological animal
double_occurrence,Ocurrencia espacial de núcleos dobles c-FOS y NPY positivos / núcleos DAPI,1265,WATER_NPY3;E8_FR6-3;E8_FR6-4,WATER_NPY1;E7_FR7-1;E7_FR7-5,WATER_NPY2;E9_FR8-1;E8_FR6-1,0.42647581636,0.124464855209,False,False,biological animal
double_occurrence,Ocurrencia espacial de núcleos dobles c-FOS y NPY positivos / núcleos DAPI,1266,WATER_NPY3;E8_FR6-3;E8_FR6-4,WATER_NPY1;E7_FR7-1;E9_FR8-1,WATER_NPY2;E7_FR7-5;E8_FR6-1,0.400604863769,0.11780400247,False,False,biological animal
double_occurrence,Ocurrencia espacial de núcleos dobles c-FOS y NPY positivos / núcleos DAPI,1267,WATER_NPY3;E8_FR6-3;E8_FR6-4,WATER_NPY1;E7_FR7-1;E8_FR6-1,WATER_NPY2;E7_FR7-5;E9_FR8-1,0.881276382192,0.227058394047,False,False,biological animal
double_occurrence,Ocurrencia espacial de núcleos dobles c-FOS y NPY positivos / núcleos DAPI,1268,WATER_NPY3;E8_FR6-3;E8_FR6-4,WATER_NPY1;E7_FR7-5;E9_FR8-1,WATER_NPY2;E7_FR7-1;E8_FR6-1,0.391615227157,0.115465700242,False,False,biological animal
double_occurrence,Ocurrencia espacial de núcleos dobles c-FOS y NPY positivos / núcleos DAPI,1269,WATER_NPY3;E8_FR6-3;E8_FR6-4,WATER_NPY1;E7_FR7-5;E8_FR6-1,WATER_NPY2;E7_FR7-1;E9_FR8-1,1.07519565347,0.263839026367,False,False,biological animal
double_occurrence,Ocurrencia espacial de núcleos dobles c-FOS y NPY positivos / núcleos DAPI,1270,WATER_NPY3;E8_FR6-3;E8_FR6-4,WATER_NPY1;E9_FR8-1;E8_FR6-1,WATER_NPY2;E7_FR7-1;E7_FR7-5,0.670926431326,0.182767604821,False,False,biological animal
double_occurrence,Ocurrencia espacial de núcleos dobles c-FOS y NPY positivos / núcleos DAPI,1271,WATER_NPY3;E8_FR6-3;E8_FR6-4,WATER_NPY2;E7_FR7-1;E7_FR7-5,WATER_NPY1;E9_FR8-1;E8_FR6-1,0.670926431326,0.182767604821,False,False,biological animal
double_occurrence,Ocurrencia espacial de núcleos dobles c-FOS y NPY positivos / núcleos DAPI,1272,WATER_NPY3;E8_FR6-3;E8_FR6-4,WATER_NPY2;E7_FR7-1;E9_FR8-1,WATER_NPY1;E7_FR7-5;E8_FR6-1,1.07519565347,0.263839026367,False,False,biological animal
double_occurrence,Ocurrencia espacial de núcleos dobles c-FOS y NPY positivos / núcleos DAPI,1273,WATER_NPY3;E8_FR6-3;E8_FR6-4,WATER_NPY2;E7_FR7-1;E8_FR6-1,WATER_NPY1;E7_FR7-5;E9_FR8-1,0.391615227157,0.115465700242,False,False,biological animal
double_occurrence,Ocurrencia espacial de núcleos dobles c-FOS y NPY positivos / núcleos DAPI,1274,WATER_NPY3;E8_FR6-3;E8_FR6-4,WATER_NPY2;E7_FR7-5;E9_FR8-1,WATER_NPY1;E7_FR7-1;E8_FR6-1,0.881276382192,0.227058394047,False,False,biological animal
double_occurrence,Ocurrencia espacial de núcleos dobles c-FOS y NPY positivos / núcleos DAPI,1275,WATER_NPY3;E8_FR6-3;E8_FR6-4,WATER_NPY2;E7_FR7-5;E8_FR6-1,WATER_NPY1;E7_FR7-1;E9_FR8-1,0.400604863769,0.11780400247,False,False,biological animal
double_occurrence,Ocurrencia espacial de núcleos dobles c-FOS y NPY positivos / núcleos DAPI,1276,WATER_NPY3;E8_FR6-3;E8_FR6-4,WATER_NPY2;E9_FR8-1;E8_FR6-1,WATER_NPY1;E7_FR7-1;E7_FR7-5,0.42647581636,0.124464855209,False,False,biological animal
double_occurrence,Ocurrencia espacial de núcleos dobles c-FOS y NPY positivos / núcleos DAPI,1277,WATER_NPY3;E8_FR6-3;E8_FR6-4,E7_FR7-1;E7_FR7-5;E9_FR8-1,WATER_NPY1;WATER_NPY2;E8_FR6-1,0.712189534422,0.19185160882,False,False,biological animal
double_occurrence,Ocurrencia espacial de núcleos dobles c-FOS y NPY positivos / núcleos DAPI,1278,WATER_NPY3;E8_FR6-3;E8_FR6-4,E7_FR7-1;E7_FR7-5;E8_FR6-1,WATER_NPY1;WATER_NPY2;E9_FR8-1,0.981855711435,0.246582443612,False,False,biological animal
double_occurrence,Ocurrencia espacial de núcleos dobles c-FOS y NPY positivos / núcleos DAPI,1279,WATER_NPY3;E8_FR6-3;E8_FR6-4,E7_FR7-1;E9_FR8-1;E8_FR6-1,WATER_NPY1;WATER_NPY2;E7_FR7-5,0.863824432851,0.22356720598,False,False,biological animal
double_occurrence,Ocurrencia espacial de núcleos dobles c-FOS y NPY positivos / núcleos DAPI,1280,WATER_NPY3;E8_FR6-3;E8_FR6-4,E7_FR7-5;E9_FR8-1;E8_FR6-1,WATER_NPY1;WATER_NPY2;E7_FR7-1,0.836760037839,0.218090271371,False,False,biological animal
double_occurrence,Ocurrencia espacial de núcleos dobles c-FOS y NPY positivos / núcleos DAPI,1281,E7_FR7-1;E7_FR7-5;E9_FR8-1,WATER_NPY1;WATER_NPY2;WATER_NPY3,E8_FR6-1;E8_FR6-3;E8_FR6-4,12.5706139381,0.807329369804,False,True,biological animal
double_occurrence,Ocurrencia espacial de núcleos dobles c-FOS y NPY positivos / núcleos DAPI,1282,E7_FR7-1;E7_FR7-5;E9_FR8-1,WATER_NPY1;WATER_NPY2;E8_FR6-1,WATER_NPY3;E8_FR6-3;E8_FR6-4,0.712189534422,0.19185160882,False,False,biological animal
double_occurrence,Ocurrencia espacial de núcleos dobles c-FOS y NPY positivos / núcleos DAPI,1283,E7_FR7-1;E7_FR7-5;E9_FR8-1,WATER_NPY1;WATER_NPY2;E8_FR6-3,WATER_NPY3;E8_FR6-1;E8_FR6-4,0.898440883469,0.230461589729,False,False,biological animal
double_occurrence,Ocurrencia espacial de núcleos dobles c-FOS y NPY positivos / núcleos DAPI,1284,E7_FR7-1;E7_FR7-5;E9_FR8-1,WATER_NPY1;WATER_NPY2;E8_FR6-4,WATER_NPY3;E8_FR6-1;E8_FR6-3,0.738563259104,0.197552698167,False,False,biological animal
double_occurrence,Ocurrencia espacial de núcleos dobles c-FOS y NPY positivos / núcleos DAPI,1285,E7_FR7-1;E7_FR7-5;E9_FR8-1,WATER_NPY1;WATER_NPY3;E8_FR6-1,WATER_NPY2;E8_FR6-3;E8_FR6-4,0.650731864219,0.178246962095,False,False,biological animal
double_occurrence,Ocurrencia espacial de núcleos dobles c-FOS y NPY positivos / núcleos DAPI,1286,E7_FR7-1;E7_FR7-5;E9_FR8-1,WATER_NPY1;WATER_NPY3;E8_FR6-3,WATER_NPY2;E8_FR6-1;E8_FR6-4,0.759908405065,0.202108222648,False,False,biological animal
double_occurrence,Ocurrencia espacial de núcleos dobles c-FOS y NPY positivos / núcleos DAPI,1287,E7_FR7-1;E7_FR7-5;E9_FR8-1,WATER_NPY1;WATER_NPY3;E8_FR6-4,WATER_NPY2;E8_FR6-1;E8_FR6-3,0.545737132779,0.153913590416,False,False,biological animal
double_occurrence,Ocurrencia espacial de núcleos dobles c-FOS y NPY positivos / núcleos DAPI,1288,E7_FR7-1;E7_FR7-5;E9_FR8-1,WATER_NPY1;E8_FR6-1;E8_FR6-3,WATER_NPY2;WATER_NPY3;E8_FR6-4,1.29336344997,0.301247137598,False,False,biological animal
double_occurrence,Ocurrencia espacial de núcleos dobles c-FOS y NPY positivos / núcleos DAPI,1289,E7_FR7-1;E7_FR7-5;E9_FR8-1,WATER_NPY1;E8_FR6-1;E8_FR6-4,WATER_NPY2;WATER_NPY3;E8_FR6-3,1.72378959472,0.364916675511,False,False,biological animal
double_occurrence,Ocurrencia espacial de núcleos dobles c-FOS y NPY positivos / núcleos DAPI,1290,E7_FR7-1;E7_FR7-5;E9_FR8-1,WATER_NPY1;E8_FR6-3;E8_FR6-4,WATER_NPY2;WATER_NPY3;E8_FR6-1,1.40802346519,0.319422860679,False,False,biological animal
double_occurrence,Ocurrencia espacial de núcleos dobles c-FOS y NPY positivos / núcleos DAPI,1291,E7_FR7-1;E7_FR7-5;E9_FR8-1,WATER_NPY2;WATER_NPY3;E8_FR6-1,WATER_NPY1;E8_FR6-3;E8_FR6-4,1.40802346519,0.319422860679,False,False,biological animal
double_occurrence,Ocurrencia espacial de núcleos dobles c-FOS y NPY positivos / núcleos DAPI,1292,E7_FR7-1;E7_FR7-5;E9_FR8-1,WATER_NPY2;WATER_NPY3;E8_FR6-3,WATER_NPY1;E8_FR6-1;E8_FR6-4,1.72378959472,0.364916675511,False,False,biological animal
double_occurrence,Ocurrencia espacial de núcleos dobles c-FOS y NPY positivos / núcleos DAPI,1293,E7_FR7-1;E7_FR7-5;E9_FR8-1,WATER_NPY2;WATER_NPY3;E8_FR6-4,WATER_NPY1;E8_FR6-1;E8_FR6-3,1.29336344997,0.301247137598,False,False,biological animal
double_occurrence,Ocurrencia espacial de núcleos dobles c-FOS y NPY positivos / núcleos DAPI,1294,E7_FR7-1;E7_FR7-5;E9_FR8-1,WATER_NPY2;E8_FR6-1;E8_FR6-3,WATER_NPY1;WATER_NPY3;E8_FR6-4,0.545737132779,0.153913590416,False,False,biological animal
double_occurrence,Ocurrencia espacial de núcleos dobles c-FOS y NPY positivos / núcleos DAPI,1295,E7_FR7-1;E7_FR7-5;E9_FR8-1,WATER_NPY2;E8_FR6-1;E8_FR6-4,WATER_NPY1;WATER_NPY3;E8_FR6-3,0.759908405065,0.202108222648,False,False,biological animal
double_occurrence,Ocurrencia espacial de núcleos dobles c-FOS y NPY positivos / núcleos DAPI,1296,E7_FR7-1;E7_FR7-5;E9_FR8-1,WATER_NPY2;E8_FR6-3;E8_FR6-4,WATER_NPY1;WATER_NPY3;E8_FR6-1,0.650731864219,0.178246962095,False,False,biological animal
double_occurrence,Ocurrencia espacial de núcleos dobles c-FOS y NPY positivos / núcleos DAPI,1297,E7_FR7-1;E7_FR7-5;E9_FR8-1,WATER_NPY3;E8_FR6-1;E8_FR6-3,WATER_NPY1;WATER_NPY2;E8_FR6-4,0.738563259104,0.197552698167,False,False,biological animal
double_occurrence,Ocurrencia espacial de núcleos dobles c-FOS y NPY positivos / núcleos DAPI,1298,E7_FR7-1;E7_FR7-5;E9_FR8-1,WATER_NPY3;E8_FR6-1;E8_FR6-4,WATER_NPY1;WATER_NPY2;E8_FR6-3,0.898440883469,0.230461589729,False,False,biological animal
double_occurrence,Ocurrencia espacial de núcleos dobles c-FOS y NPY positivos / núcleos DAPI,1299,E7_FR7-1;E7_FR7-5;E9_FR8-1,WATER_NPY3;E8_FR6-3;E8_FR6-4,WATER_NPY1;WATER_NPY2;E8_FR6-1,0.712189534422,0.19185160882,False,False,biological animal
double_occurrence,Ocurrencia espacial de núcleos dobles c-FOS y NPY positivos / núcleos DAPI,1300,E7_FR7-1;E7_FR7-5;E9_FR8-1,E8_FR6-1;E8_FR6-3;E8_FR6-4,WATER_NPY1;WATER_NPY2;WATER_NPY3,12.5706139381,0.807329369804,False,True,biological animal
double_occurrence,Ocurrencia espacial de núcleos dobles c-FOS y NPY positivos / núcleos DAPI,1301,E7_FR7-1;E7_FR7-5;E8_FR6-1,WATER_NPY1;WATER_NPY2;WATER_NPY3,E9_FR8-1;E8_FR6-3;E8_FR6-4,2.02692119448,0.403213242473,False,False,biological animal
double_occurrence,Ocurrencia espacial de núcleos dobles c-FOS y NPY positivos / núcleos DAPI,1302,E7_FR7-1;E7_FR7-5;E8_FR6-1,WATER_NPY1;WATER_NPY2;E9_FR8-1,WATER_NPY3;E8_FR6-3;E8_FR6-4,0.981855711435,0.246582443612,False,False,biological animal
double_occurrence,Ocurrencia espacial de núcleos dobles c-FOS y NPY positivos / núcleos DAPI,1303,E7_FR7-1;E7_FR7-5;E8_FR6-1,WATER_NPY1;WATER_NPY2;E8_FR6-3,WATER_NPY3;E9_FR8-1;E8_FR6-4,0.428398134392,0.124955771646,False,False,biological animal
double_occurrence,Ocurrencia espacial de núcleos dobles c-FOS y NPY positivos / núcleos DAPI,1304,E7_FR7-1;E7_FR7-5;E8_FR6-1,WATER_NPY1;WATER_NPY2;E8_FR6-4,WATER_NPY3;E9_FR8-1;E8_FR6-3,0.45988496914,0.132919149984,False,False,biological animal
double_occurrence,Ocurrencia espacial de núcleos dobles c-FOS y NPY positivos / núcleos DAPI,1305,E7_FR7-1;E7_FR7-5;E8_FR6-1,WATER_NPY1;WATER_NPY3;E9_FR8-1,WATER_NPY2;E8_FR6-3;E8_FR6-4,1.04418313536,0.258193830598,False,False,biological animal
double_occurrence,Ocurrencia espacial de núcleos dobles c-FOS y NPY positivos / núcleos DAPI,1306,E7_FR7-1;E7_FR7-5;E8_FR6-1,WATER_NPY1;WATER_NPY3;E8_FR6-3,WATER_NPY2;E9_FR8-1;E8_FR6-4,0.230622409405,0.0713863708533,False,False,biological animal
double_occurrence,Ocurrencia espacial de núcleos dobles c-FOS y NPY positivos / núcleos DAPI,1307,E7_FR7-1;E7_FR7-5;E8_FR6-1,WATER_NPY1;WATER_NPY3;E8_FR6-4,WATER_NPY2;E9_FR8-1;E8_FR6-3,0.205347403366,0.0640640085223,False,False,biological animal
double_occurrence,Ocurrencia espacial de núcleos dobles c-FOS y NPY positivos / núcleos DAPI,1308,E7_FR7-1;E7_FR7-5;E8_FR6-1,WATER_NPY1;E9_FR8-1;E8_FR6-3,WATER_NPY2;WATER_NPY3;E8_FR6-4,0.270053071553,0.0825836968527,False,False,biological animal
double_occurrence,Ocurrencia espacial de núcleos dobles c-FOS y NPY positivos / núcleos DAPI,1309,E7_FR7-1;E7_FR7-5;E8_FR6-1,WATER_NPY1;E9_FR8-1;E8_FR6-4,WATER_NPY2;WATER_NPY3;E8_FR6-3,0.353382705022,0.105380964866,False,False,biological animal
double_occurrence,Ocurrencia espacial de núcleos dobles c-FOS y NPY positivos / núcleos DAPI,1310,E7_FR7-1;E7_FR7-5;E8_FR6-1,WATER_NPY1;E8_FR6-3;E8_FR6-4,WATER_NPY2;WATER_NPY3;E9_FR8-1,3.35840535409,0.528183588033,False,False,biological animal
double_occurrence,Ocurrencia espacial de núcleos dobles c-FOS y NPY positivos / núcleos DAPI,1311,E7_FR7-1;E7_FR7-5;E8_FR6-1,WATER_NPY2;WATER_NPY3;E9_FR8-1,WATER_NPY1;E8_FR6-3;E8_FR6-4,3.35840535409,0.528183588033,False,False,biological animal
double_occurrence,Ocurrencia espacial de núcleos dobles c-FOS y NPY positivos / núcleos DAPI,1312,E7_FR7-1;E7_FR7-5;E8_FR6-1,WATER_NPY2;WATER_NPY3;E8_FR6-3,WATER_NPY1;E9_FR8-1;E8_FR6-4,0.353382705022,0.105380964866,False,False,biological animal
double_occurrence,Ocurrencia espacial de núcleos dobles c-FOS y NPY positivos / núcleos DAPI,1313,E7_FR7-1;E7_FR7-5;E8_FR6-1,WATER_NPY2;WATER_NPY3;E8_FR6-4,WATER_NPY1;E9_FR8-1;E8_FR6-3,0.270053071553,0.0825836968527,False,False,biological animal
double_occurrence,Ocurrencia espacial de núcleos dobles c-FOS y NPY positivos / núcleos DAPI,1314,E7_FR7-1;E7_FR7-5;E8_FR6-1,WATER_NPY2;E9_FR8-1;E8_FR6-3,WATER_NPY1;WATER_NPY3;E8_FR6-4,0.205347403366,0.0640640085223,False,False,biological animal
double_occurrence,Ocurrencia espacial de núcleos dobles c-FOS y NPY positivos / núcleos DAPI,1315,E7_FR7-1;E7_FR7-5;E8_FR6-1,WATER_NPY2;E9_FR8-1;E8_FR6-4,WATER_NPY1;WATER_NPY3;E8_FR6-3,0.230622409405,0.0713863708533,False,False,biological animal
double_occurrence,Ocurrencia espacial de núcleos dobles c-FOS y NPY positivos / núcleos DAPI,1316,E7_FR7-1;E7_FR7-5;E8_FR6-1,WATER_NPY2;E8_FR6-3;E8_FR6-4,WATER_NPY1;WATER_NPY3;E9_FR8-1,1.04418313536,0.258193830598,False,False,biological animal
double_occurrence,Ocurrencia espacial de núcleos dobles c-FOS y NPY positivos / núcleos DAPI,1317,E7_FR7-1;E7_FR7-5;E8_FR6-1,WATER_NPY3;E9_FR8-1;E8_FR6-3,WATER_NPY1;WATER_NPY2;E8_FR6-4,0.45988496914,0.132919149984,False,False,biological animal
double_occurrence,Ocurrencia espacial de núcleos dobles c-FOS y NPY positivos / núcleos DAPI,1318,E7_FR7-1;E7_FR7-5;E8_FR6-1,WATER_NPY3;E9_FR8-1;E8_FR6-4,WATER_NPY1;WATER_NPY2;E8_FR6-3,0.428398134392,0.124955771646,False,False,biological animal
double_occurrence,Ocurrencia espacial de núcleos dobles c-FOS y NPY positivos / núcleos DAPI,1319,E7_FR7-1;E7_FR7-5;E8_FR6-1,WATER_NPY3;E8_FR6-3;E8_FR6-4,WATER_NPY1;WATER_NPY2;E9_FR8-1,0.981855711435,0.246582443612,False,False,biological animal
double_occurrence,Ocurrencia espacial de núcleos dobles c-FOS y NPY positivos / núcleos DAPI,1320,E7_FR7-1;E7_FR7-5;E8_FR6-1,E9_FR8-1;E8_FR6-3;E8_FR6-4,WATER_NPY1;WATER_NPY2;WATER_NPY3,2.02692119448,0.403213242473,False,False,biological animal
double_occurrence,Ocurrencia espacial de núcleos dobles c-FOS y NPY positivos / núcleos DAPI,1321,E7_FR7-1;E7_FR7-5;E8_FR6-3,WATER_NPY1;WATER_NPY2;WATER_NPY3,E9_FR8-1;E8_FR6-1;E8_FR6-4,2.18914480362,0.421870054983,False,False,biological animal
double_occurrence,Ocurrencia espacial de núcleos dobles c-FOS y NPY positivos / núcleos DAPI,1322,E7_FR7-1;E7_FR7-5;E8_FR6-3,WATER_NPY1;WATER_NPY2;E9_FR8-1,WATER_NPY3;E8_FR6-1;E8_FR6-4,1.02521678891,0.254698527477,False,False,biological animal
double_occurrence,Ocurrencia espacial de núcleos dobles c-FOS y NPY positivos / núcleos DAPI,1323,E7_FR7-1;E7_FR7-5;E8_FR6-3,WATER_NPY1;WATER_NPY2;E8_FR6-1,WATER_NPY3;E9_FR8-1;E8_FR6-4,0.312947203278,0.0944618746017,False,False,biological animal
double_occurrence,Ocurrencia espacial de núcleos dobles c-FOS y NPY positivos / núcleos DAPI,1324,E7_FR7-1;E7_FR7-5;E8_FR6-3,WATER_NPY1;WATER_NPY2;E8_FR6-4,WATER_NPY3;E9_FR8-1;E8_FR6-1,0.397117709055,0.116898424802,False,False,biological animal
double_occurrence,Ocurrencia espacial de núcleos dobles c-FOS y NPY positivos / núcleos DAPI,1325,E7_FR7-1;E7_FR7-5;E8_FR6-3,WATER_NPY1;WATER_NPY3;E9_FR8-1,WATER_NPY2;E8_FR6-1;E8_FR6-4,1.04823091614,0.258935554285,False,False,biological animal
double_occurrence,Ocurrencia espacial de núcleos dobles c-FOS y NPY positivos / núcleos DAPI,1326,E7_FR7-1;E7_FR7-5;E8_FR6-3,WATER_NPY1;WATER_NPY3;E8_FR6-1,WATER_NPY2;E9_FR8-1;E8_FR6-4,0.152144011718,0.0482668339875,False,False,biological animal
double_occurrence,Ocurrencia espacial de núcleos dobles c-FOS y NPY positivos / núcleos DAPI,1327,E7_FR7-1;E7_FR7-5;E8_FR6-3,WATER_NPY1;WATER_NPY3;E8_FR6-4,WATER_NPY2;E9_FR8-1;E8_FR6-1,0.127179002569,0.040668923162,False,False,biological animal
double_occurrence,Ocurrencia espacial de núcleos dobles c-FOS y NPY positivos / núcleos DAPI,1328,E7_FR7-1;E7_FR7-5;E8_FR6-3,WATER_NPY1;E9_FR8-1;E8_FR6-1,WATER_NPY2;WATER_NPY3;E8_FR6-4,0.225823408456,0.0700048886322,False,False,biological animal
double_occurrence,Ocurrencia espacial de núcleos dobles c-FOS y NPY positivos / núcleos DAPI,1329,E7_FR7-1;E7_FR7-5;E8_FR6-3,WATER_NPY1;E9_FR8-1;E8_FR6-4,WATER_NPY2;WATER_NPY3;E8_FR6-1,0.230826916451,0.0714451508607,False,False,biological animal
double_occurrence,Ocurrencia espacial de núcleos dobles c-FOS y NPY positivos / núcleos DAPI,1330,E7_FR7-1;E7_FR7-5;E8_FR6-3,WATER_NPY1;E8_FR6-1;E8_FR6-4,WATER_NPY2;WATER_NPY3;E9_FR8-1,3.51807751339,0.53974158886,False,False,biological animal
double_occurrence,Ocurrencia espacial de núcleos dobles c-FOS y NPY positivos / núcleos DAPI,1331,E7_FR7-1;E7_FR7-5;E8_FR6-3,WATER_NPY2;WATER_NPY3;E9_FR8-1,WATER_NPY1;E8_FR6-1;E8_FR6-4,3.51807751339,0.53974158886,False,False,biological animal
double_occurrence,Ocurrencia espacial de núcleos dobles c-FOS y NPY positivos / núcleos DAPI,1332,E7_FR7-1;E7_FR7-5;E8_FR6-3,WATER_NPY2;WATER_NPY3;E8_FR6-1,WATER_NPY1;E9_FR8-1;E8_FR6-4,0.230826916451,0.0714451508607,False,False,biological animal
double_occurrence,Ocurrencia espacial de núcleos dobles c-FOS y NPY positivos / núcleos DAPI,1333,E7_FR7-1;E7_FR7-5;E8_FR6-3,WATER_NPY2;WATER_NPY3;E8_FR6-4,WATER_NPY1;E9_FR8-1;E8_FR6-1,0.225823408456,0.0700048886322,False,False,biological animal
double_occurrence,Ocurrencia espacial de núcleos dobles c-FOS y NPY positivos / núcleos DAPI,1334,E7_FR7-1;E7_FR7-5;E8_FR6-3,WATER_NPY2;E9_FR8-1;E8_FR6-1,WATER_NPY1;WATER_NPY3;E8_FR6-4,0.127179002569,0.040668923162,False,False,biological animal
double_occurrence,Ocurrencia espacial de núcleos dobles c-FOS y NPY positivos / núcleos DAPI,1335,E7_FR7-1;E7_FR7-5;E8_FR6-3,WATER_NPY2;E9_FR8-1;E8_FR6-4,WATER_NPY1;WATER_NPY3;E8_FR6-1,0.152144011718,0.0482668339875,False,False,biological animal
double_occurrence,Ocurrencia espacial de núcleos dobles c-FOS y NPY positivos / núcleos DAPI,1336,E7_FR7-1;E7_FR7-5;E8_FR6-3,WATER_NPY2;E8_FR6-1;E8_FR6-4,WATER_NPY1;WATER_NPY3;E9_FR8-1,1.04823091614,0.258935554285,False,False,biological animal
double_occurrence,Ocurrencia espacial de núcleos dobles c-FOS y NPY positivos / núcleos DAPI,1337,E7_FR7-1;E7_FR7-5;E8_FR6-3,WATER_NPY3;E9_FR8-1;E8_FR6-1,WATER_NPY1;WATER_NPY2;E8_FR6-4,0.397117709055,0.116898424802,False,False,biological animal
double_occurrence,Ocurrencia espacial de núcleos dobles c-FOS y NPY positivos / núcleos DAPI,1338,E7_FR7-1;E7_FR7-5;E8_FR6-3,WATER_NPY3;E9_FR8-1;E8_FR6-4,WATER_NPY1;WATER_NPY2;E8_FR6-1,0.312947203278,0.0944618746017,False,False,biological animal
double_occurrence,Ocurrencia espacial de núcleos dobles c-FOS y NPY positivos / núcleos DAPI,1339,E7_FR7-1;E7_FR7-5;E8_FR6-3,WATER_NPY3;E8_FR6-1;E8_FR6-4,WATER_NPY1;WATER_NPY2;E9_FR8-1,1.02521678891,0.254698527477,False,False,biological animal
double_occurrence,Ocurrencia espacial de núcleos dobles c-FOS y NPY positivos / núcleos DAPI,1340,E7_FR7-1;E7_FR7-5;E8_FR6-3,E9_FR8-1;E8_FR6-1;E8_FR6-4,WATER_NPY1;WATER_NPY2;WATER_NPY3,2.18914480362,0.421870054983,False,False,biological animal
double_occurrence,Ocurrencia espacial de núcleos dobles c-FOS y NPY positivos / núcleos DAPI,1341,E7_FR7-1;E7_FR7-5;E8_FR6-4,WATER_NPY1;WATER_NPY2;WATER_NPY3,E9_FR8-1;E8_FR6-1;E8_FR6-3,1.90128369516,0.387915455096,False,False,biological animal
double_occurrence,Ocurrencia espacial de núcleos dobles c-FOS y NPY positivos / núcleos DAPI,1342,E7_FR7-1;E7_FR7-5;E8_FR6-4,WATER_NPY1;WATER_NPY2;E9_FR8-1,WATER_NPY3;E8_FR6-1;E8_FR6-3,0.925693133911,0.235803742762,False,False,biological animal
double_occurrence,Ocurrencia espacial de núcleos dobles c-FOS y NPY positivos / núcleos DAPI,1343,E7_FR7-1;E7_FR7-5;E8_FR6-4,WATER_NPY1;WATER_NPY2;E8_FR6-1,WATER_NPY3;E9_FR8-1;E8_FR6-3,0.395352693931,0.116439359787,False,False,biological animal
double_occurrence,Ocurrencia espacial de núcleos dobles c-FOS y NPY positivos / núcleos DAPI,1344,E7_FR7-1;E7_FR7-5;E8_FR6-4,WATER_NPY1;WATER_NPY2;E8_FR6-3,WATER_NPY3;E9_FR8-1;E8_FR6-1,0.451896511281,0.130912531649,False,False,biological animal
double_occurrence,Ocurrencia espacial de núcleos dobles c-FOS y NPY positivos / núcleos DAPI,1345,E7_FR7-1;E7_FR7-5;E8_FR6-4,WATER_NPY1;WATER_NPY3;E9_FR8-1,WATER_NPY2;E8_FR6-1;E8_FR6-3,0.908274869246,0.232397899235,False,False,biological animal
double_occurrence,Ocurrencia espacial de núcleos dobles c-FOS y NPY positivos / núcleos DAPI,1346,E7_FR7-1;E7_FR7-5;E8_FR6-4,WATER_NPY1;WATER_NPY3;E8_FR6-1,WATER_NPY2;E9_FR8-1;E8_FR6-3,0.200346316175,0.0626014488378,False,False,biological animal
double_occurrence,Ocurrencia espacial de núcleos dobles c-FOS y NPY positivos / núcleos DAPI,1347,E7_FR7-1;E7_FR7-5;E8_FR6-4,WATER_NPY1;WATER_NPY3;E8_FR6-3,WATER_NPY2;E9_FR8-1;E8_FR6-1,0.199405850176,0.0623259003434,False,False,biological animal
double_occurrence,Ocurrencia espacial de núcleos dobles c-FOS y NPY positivos / núcleos DAPI,1348,E7_FR7-1;E7_FR7-5;E8_FR6-4,WATER_NPY1;E9_FR8-1;E8_FR6-1,WATER_NPY2;WATER_NPY3;E8_FR6-3,0.331110071469,0.099399318655,False,False,biological animal
double_occurrence,Ocurrencia espacial de núcleos dobles c-FOS y NPY positivos / núcleos DAPI,1349,E7_FR7-1;E7_FR7-5;E8_FR6-4,WATER_NPY1;E9_FR8-1;E8_FR6-3,WATER_NPY2;WATER_NPY3;E8_FR6-1,0.253945427081,0.0780423128697,False,False,biological animal
double_occurrence,Ocurrencia espacial de núcleos dobles c-FOS y NPY positivos / núcleos DAPI,1350,E7_FR7-1;E7_FR7-5;E8_FR6-4,WATER_NPY1;E8_FR6-1;E8_FR6-3,WATER_NPY2;WATER_NPY3;E9_FR8-1,3.06632287712,0.505466480969,False,False,biological animal
double_occurrence,Ocurrencia espacial de núcleos dobles c-FOS y NPY positivos / núcleos DAPI,1351,E7_FR7-1;E7_FR7-5;E8_FR6-4,WATER_NPY2;WATER_NPY3;E9_FR8-1,WATER_NPY1;E8_FR6-1;E8_FR6-3,3.06632287712,0.505466480969,False,False,biological animal
double_occurrence,Ocurrencia espacial de núcleos dobles c-FOS y NPY positivos / núcleos DAPI,1352,E7_FR7-1;E7_FR7-5;E8_FR6-4,WATER_NPY2;WATER_NPY3;E8_FR6-1,WATER_NPY1;E9_FR8-1;E8_FR6-3,0.253945427081,0.0780423128697,False,False,biological animal
double_occurrence,Ocurrencia espacial de núcleos dobles c-FOS y NPY positivos / núcleos DAPI,1353,E7_FR7-1;E7_FR7-5;E8_FR6-4,WATER_NPY2;WATER_NPY3;E8_FR6-3,WATER_NPY1;E9_FR8-1;E8_FR6-1,0.331110071469,0.099399318655,False,False,biological animal
double_occurrence,Ocurrencia espacial de núcleos dobles c-FOS y NPY positivos / núcleos DAPI,1354,E7_FR7-1;E7_FR7-5;E8_FR6-4,WATER_NPY2;E9_FR8-1;E8_FR6-1,WATER_NPY1;WATER_NPY3;E8_FR6-3,0.199405850176,0.0623259003434,False,False,biological animal
double_occurrence,Ocurrencia espacial de núcleos dobles c-FOS y NPY positivos / núcleos DAPI,1355,E7_FR7-1;E7_FR7-5;E8_FR6-4,WATER_NPY2;E9_FR8-1;E8_FR6-3,WATER_NPY1;WATER_NPY3;E8_FR6-1,0.200346316175,0.0626014488378,False,False,biological animal
double_occurrence,Ocurrencia espacial de núcleos dobles c-FOS y NPY positivos / núcleos DAPI,1356,E7_FR7-1;E7_FR7-5;E8_FR6-4,WATER_NPY2;E8_FR6-1;E8_FR6-3,WATER_NPY1;WATER_NPY3;E9_FR8-1,0.908274869246,0.232397899235,False,False,biological animal
double_occurrence,Ocurrencia espacial de núcleos dobles c-FOS y NPY positivos / núcleos DAPI,1357,E7_FR7-1;E7_FR7-5;E8_FR6-4,WATER_NPY3;E9_FR8-1;E8_FR6-1,WATER_NPY1;WATER_NPY2;E8_FR6-3,0.451896511281,0.130912531649,False,False,biological animal
double_occurrence,Ocurrencia espacial de núcleos dobles c-FOS y NPY positivos / núcleos DAPI,1358,E7_FR7-1;E7_FR7-5;E8_FR6-4,WATER_NPY3;E9_FR8-1;E8_FR6-3,WATER_NPY1;WATER_NPY2;E8_FR6-1,0.395352693931,0.116439359787,False,False,biological animal
double_occurrence,Ocurrencia espacial de núcleos dobles c-FOS y NPY positivos / núcleos DAPI,1359,E7_FR7-1;E7_FR7-5;E8_FR6-4,WATER_NPY3;E8_FR6-1;E8_FR6-3,WATER_NPY1;WATER_NPY2;E9_FR8-1,0.925693133911,0.235803742762,False,False,biological animal
double_occurrence,Ocurrencia espacial de núcleos dobles c-FOS y NPY positivos / núcleos DAPI,1360,E7_FR7-1;E7_FR7-5;E8_FR6-4,E9_FR8-1;E8_FR6-1;E8_FR6-3,WATER_NPY1;WATER_NPY2;WATER_NPY3,1.90128369516,0.387915455096,False,False,biological animal
double_occurrence,Ocurrencia espacial de núcleos dobles c-FOS y NPY positivos / núcleos DAPI,1361,E7_FR7-1;E9_FR8-1;E8_FR6-1,WATER_NPY1;WATER_NPY2;WATER_NPY3,E7_FR7-5;E8_FR6-3;E8_FR6-4,2.32882444796,0.437024051121,False,False,biological animal
double_occurrence,Ocurrencia espacial de núcleos dobles c-FOS y NPY positivos / núcleos DAPI,1362,E7_FR7-1;E9_FR8-1;E8_FR6-1,WATER_NPY1;WATER_NPY2;E7_FR7-5,WATER_NPY3;E8_FR6-3;E8_FR6-4,0.863824432851,0.22356720598,False,False,biological animal
double_occurrence,Ocurrencia espacial de núcleos dobles c-FOS y NPY positivos / núcleos DAPI,1363,E7_FR7-1;E9_FR8-1;E8_FR6-1,WATER_NPY1;WATER_NPY2;E8_FR6-3,WATER_NPY3;E7_FR7-5;E8_FR6-4,0.333799180183,0.100125761074,False,False,biological animal
double_occurrence,Ocurrencia espacial de núcleos dobles c-FOS y NPY positivos / núcleos DAPI,1364,E7_FR7-1;E9_FR8-1;E8_FR6-1,WATER_NPY1;WATER_NPY2;E8_FR6-4,WATER_NPY3;E7_FR7-5;E8_FR6-3,0.351167859283,0.104789695422,False,False,biological animal
double_occurrence,Ocurrencia espacial de núcleos dobles c-FOS y NPY positivos / núcleos DAPI,1365,E7_FR7-1;E9_FR8-1;E8_FR6-1,WATER_NPY1;WATER_NPY3;E7_FR7-5,WATER_NPY2;E8_FR6-3;E8_FR6-4,0.872137594455,0.225234143462,False,False,biological animal
double_occurrence,Ocurrencia espacial de núcleos dobles c-FOS y NPY positivos / núcleos DAPI,1366,E7_FR7-1;E9_FR8-1;E8_FR6-1,WATER_NPY1;WATER_NPY3;E8_FR6-3,WATER_NPY2;E7_FR7-5;E8_FR6-4,0.179652967499,0.0565008097851,False,False,biological animal
double_occurrence,Ocurrencia espacial de núcleos dobles c-FOS y NPY positivos / núcleos DAPI,1367,E7_FR7-1;E9_FR8-1;E8_FR6-1,WATER_NPY1;WATER_NPY3;E8_FR6-4,WATER_NPY2;E7_FR7-5;E8_FR6-3,0.144255299793,0.0458790034646,False,False,biological animal
double_occurrence,Ocurrencia espacial de núcleos dobles c-FOS y NPY positivos / núcleos DAPI,1368,E7_FR7-1;E9_FR8-1;E8_FR6-1,WATER_NPY1;E7_FR7-5;E8_FR6-3,WATER_NPY2;WATER_NPY3;E8_FR6-4,0.364227516592,0.108264828938,False,False,biological animal
double_occurrence,Ocurrencia espacial de núcleos dobles c-FOS y NPY positivos / núcleos DAPI,1369,E7_FR7-1;E9_FR8-1;E8_FR6-1,WATER_NPY1;E7_FR7-5;E8_FR6-4,WATER_NPY2;WATER_NPY3;E8_FR6-3,0.465650085905,0.134361540941,False,False,biological animal
double_occurrence,Ocurrencia espacial de núcleos dobles c-FOS y NPY positivos / núcleos DAPI,1370,E7_FR7-1;E9_FR8-1;E8_FR6-1,WATER_NPY1;E8_FR6-3;E8_FR6-4,WATER_NPY2;WATER_NPY3;E7_FR7-5,2.46804420405,0.451357763755,False,False,biological animal
double_occurrence,Ocurrencia espacial de núcleos dobles c-FOS y NPY positivos / núcleos DAPI,1371,E7_FR7-1;E9_FR8-1;E8_FR6-1,WATER_NPY2;WATER_NPY3;E7_FR7-5,WATER_NPY1;E8_FR6-3;E8_FR6-4,2.46804420405,0.451357763755,False,False,biological animal
double_occurrence,Ocurrencia espacial de núcleos dobles c-FOS y NPY positivos / núcleos DAPI,1372,E7_FR7-1;E9_FR8-1;E8_FR6-1,WATER_NPY2;WATER_NPY3;E8_FR6-3,WATER_NPY1;E7_FR7-5;E8_FR6-4,0.465650085905,0.134361540941,False,False,biological animal
double_occurrence,Ocurrencia espacial de núcleos dobles c-FOS y NPY positivos / núcleos DAPI,1373,E7_FR7-1;E9_FR8-1;E8_FR6-1,WATER_NPY2;WATER_NPY3;E8_FR6-4,WATER_NPY1;E7_FR7-5;E8_FR6-3,0.364227516592,0.108264828938,False,False,biological animal
double_occurrence,Ocurrencia espacial de núcleos dobles c-FOS y NPY positivos / núcleos DAPI,1374,E7_FR7-1;E9_FR8-1;E8_FR6-1,WATER_NPY2;E7_FR7-5;E8_FR6-3,WATER_NPY1;WATER_NPY3;E8_FR6-4,0.144255299793,0.0458790034646,False,False,biological animal
double_occurrence,Ocurrencia espacial de núcleos dobles c-FOS y NPY positivos / núcleos DAPI,1375,E7_FR7-1;E9_FR8-1;E8_FR6-1,WATER_NPY2;E7_FR7-5;E8_FR6-4,WATER_NPY1;WATER_NPY3;E8_FR6-3,0.179652967499,0.0565008097851,False,False,biological animal
double_occurrence,Ocurrencia espacial de núcleos dobles c-FOS y NPY positivos / núcleos DAPI,1376,E7_FR7-1;E9_FR8-1;E8_FR6-1,WATER_NPY2;E8_FR6-3;E8_FR6-4,WATER_NPY1;WATER_NPY3;E7_FR7-5,0.872137594455,0.225234143462,False,False,biological animal
double_occurrence,Ocurrencia espacial de núcleos dobles c-FOS y NPY positivos / núcleos DAPI,1377,E7_FR7-1;E9_FR8-1;E8_FR6-1,WATER_NPY3;E7_FR7-5;E8_FR6-3,WATER_NPY1;WATER_NPY2;E8_FR6-4,0.351167859283,0.104789695422,False,False,biological animal
double_occurrence,Ocurrencia espacial de núcleos dobles c-FOS y NPY positivos / núcleos DAPI,1378,E7_FR7-1;E9_FR8-1;E8_FR6-1,WATER_NPY3;E7_FR7-5;E8_FR6-4,WATER_NPY1;WATER_NPY2;E8_FR6-3,0.333799180183,0.100125761074,False,False,biological animal
double_occurrence,Ocurrencia espacial de núcleos dobles c-FOS y NPY positivos / núcleos DAPI,1379,E7_FR7-1;E9_FR8-1;E8_FR6-1,WATER_NPY3;E8_FR6-3;E8_FR6-4,WATER_NPY1;WATER_NPY2;E7_FR7-5,0.863824432851,0.22356720598,False,False,biological animal
double_occurrence,Ocurrencia espacial de núcleos dobles c-FOS y NPY positivos / núcleos DAPI,1380,E7_FR7-1;E9_FR8-1;E8_FR6-1,E7_FR7-5;E8_FR6-3;E8_FR6-4,WATER_NPY1;WATER_NPY2;WATER_NPY3,2.32882444796,0.437024051121,False,False,biological animal
double_occurrence,Ocurrencia espacial de núcleos dobles c-FOS y NPY positivos / núcleos DAPI,1381,E7_FR7-1;E9_FR8-1;E8_FR6-3,WATER_NPY1;WATER_NPY2;WATER_NPY3,E7_FR7-5;E8_FR6-1;E8_FR6-4,2.58009540334,0.462374783376,False,False,biological animal
double_occurrence,Ocurrencia espacial de núcleos dobles c-FOS y NPY positivos / núcleos DAPI,1382,E7_FR7-1;E9_FR8-1;E8_FR6-3,WATER_NPY1;WATER_NPY2;E7_FR7-5,WATER_NPY3;E8_FR6-1;E8_FR6-4,0.9217237007,0.235030249718,False,False,biological animal
double_occurrence,Ocurrencia espacial de núcleos dobles c-FOS y NPY positivos / núcleos DAPI,1383,E7_FR7-1;E9_FR8-1;E8_FR6-3,WATER_NPY1;WATER_NPY2;E8_FR6-1,WATER_NPY3;E7_FR7-5;E8_FR6-4,0.23617202859,0.0729788239018,False,False,biological animal
double_occurrence,Ocurrencia espacial de núcleos dobles c-FOS y NPY positivos / núcleos DAPI,1384,E7_FR7-1;E9_FR8-1;E8_FR6-3,WATER_NPY1;WATER_NPY2;E8_FR6-4,WATER_NPY3;E7_FR7-5;E8_FR6-1,0.316613510693,0.0954628899846,False,False,biological animal
double_occurrence,Ocurrencia espacial de núcleos dobles c-FOS y NPY positivos / núcleos DAPI,1385,E7_FR7-1;E9_FR8-1;E8_FR6-3,WATER_NPY1;WATER_NPY3;E7_FR7-5,WATER_NPY2;E8_FR6-1;E8_FR6-4,0.892680496045,0.229322827022,False,False,biological animal
double_occurrence,Ocurrencia espacial de núcleos dobles c-FOS y NPY positivos / núcleos DAPI,1386,E7_FR7-1;E9_FR8-1;E8_FR6-3,WATER_NPY1;WATER_NPY3;E8_FR6-1,WATER_NPY2;E7_FR7-5;E8_FR6-4,0.114385889969,0.0367282327915,False,False,biological animal
double_occurrence,Ocurrencia espacial de núcleos dobles c-FOS y NPY positivos / núcleos DAPI,1387,E7_FR7-1;E9_FR8-1;E8_FR6-3,WATER_NPY1;WATER_NPY3;E8_FR6-4,WATER_NPY2;E7_FR7-5;E8_FR6-1,0.0901643132583,0.0291778378488,False,False,biological animal
double_occurrence,Ocurrencia espacial de núcleos dobles c-FOS y NPY positivos / núcleos DAPI,1388,E7_FR7-1;E9_FR8-1;E8_FR6-3,WATER_NPY1;E7_FR7-5;E8_FR6-1,WATER_NPY2;WATER_NPY3;E8_FR6-4,0.34217129856,0.102379940462,False,False,biological animal
double_occurrence,Ocurrencia espacial de núcleos dobles c-FOS y NPY positivos / núcleos DAPI,1389,E7_FR7-1;E9_FR8-1;E8_FR6-3,WATER_NPY1;E7_FR7-5;E8_FR6-4,WATER_NPY2;WATER_NPY3;E8_FR6-1,0.347365066697,0.103772686808,False,False,biological animal
double_occurrence,Ocurrencia espacial de núcleos dobles c-FOS y NPY positivos / núcleos DAPI,1390,E7_FR7-1;E9_FR8-1;E8_FR6-3,WATER_NPY1;E8_FR6-1;E8_FR6-4,WATER_NPY2;WATER_NPY3;E7_FR7-5,2.62074289627,0.466262724454,False,False,biological animal
double_occurrence,Ocurrencia espacial de núcleos dobles c-FOS y NPY positivos / núcleos DAPI,1391,E7_FR7-1;E9_FR8-1;E8_FR6-3,WATER_NPY2;WATER_NPY3;E7_FR7-5,WATER_NPY1;E8_FR6-1;E8_FR6-4,2.62074289627,0.466262724454,False,False,biological animal
double_occurrence,Ocurrencia espacial de núcleos dobles c-FOS y NPY positivos / núcleos DAPI,1392,E7_FR7-1;E9_FR8-1;E8_FR6-3,WATER_NPY2;WATER_NPY3;E8_FR6-1,WATER_NPY1;E7_FR7-5;E8_FR6-4,0.347365066697,0.103772686808,False,False,biological animal
double_occurrence,Ocurrencia espacial de núcleos dobles c-FOS y NPY positivos / núcleos DAPI,1393,E7_FR7-1;E9_FR8-1;E8_FR6-3,WATER_NPY2;WATER_NPY3;E8_FR6-4,WATER_NPY1;E7_FR7-5;E8_FR6-1,0.34217129856,0.102379940462,False,False,biological animal
double_occurrence,Ocurrencia espacial de núcleos dobles c-FOS y NPY positivos / núcleos DAPI,1394,E7_FR7-1;E9_FR8-1;E8_FR6-3,WATER_NPY2;E7_FR7-5;E8_FR6-1,WATER_NPY1;WATER_NPY3;E8_FR6-4,0.0901643132583,0.0291778378488,False,False,biological animal
double_occurrence,Ocurrencia espacial de núcleos dobles c-FOS y NPY positivos / núcleos DAPI,1395,E7_FR7-1;E9_FR8-1;E8_FR6-3,WATER_NPY2;E7_FR7-5;E8_FR6-4,WATER_NPY1;WATER_NPY3;E8_FR6-1,0.114385889969,0.0367282327915,False,False,biological animal
double_occurrence,Ocurrencia espacial de núcleos dobles c-FOS y NPY positivos / núcleos DAPI,1396,E7_FR7-1;E9_FR8-1;E8_FR6-3,WATER_NPY2;E8_FR6-1;E8_FR6-4,WATER_NPY1;WATER_NPY3;E7_FR7-5,0.892680496045,0.229322827022,False,False,biological animal
double_occurrence,Ocurrencia espacial de núcleos dobles c-FOS y NPY positivos / núcleos DAPI,1397,E7_FR7-1;E9_FR8-1;E8_FR6-3,WATER_NPY3;E7_FR7-5;E8_FR6-1,WATER_NPY1;WATER_NPY2;E8_FR6-4,0.316613510693,0.0954628899846,False,False,biological animal
double_occurrence,Ocurrencia espacial de núcleos dobles c-FOS y NPY positivos / núcleos DAPI,1398,E7_FR7-1;E9_FR8-1;E8_FR6-3,WATER_NPY3;E7_FR7-5;E8_FR6-4,WATER_NPY1;WATER_NPY2;E8_FR6-1,0.23617202859,0.0729788239018,False,False,biological animal
double_occurrence,Ocurrencia espacial de núcleos dobles c-FOS y NPY positivos / núcleos DAPI,1399,E7_FR7-1;E9_FR8-1;E8_FR6-3,WATER_NPY3;E8_FR6-1;E8_FR6-4,WATER_NPY1;WATER_NPY2;E7_FR7-5,0.9217237007,0.235030249718,False,False,biological animal
double_occurrence,Ocurrencia espacial de núcleos dobles c-FOS y NPY positivos / núcleos DAPI,1400,E7_FR7-1;E9_FR8-1;E8_FR6-3,E7_FR7-5;E8_FR6-1;E8_FR6-4,WATER_NPY1;WATER_NPY2;WATER_NPY3,2.58009540334,0.462374783376,False,False,biological animal
double_occurrence,Ocurrencia espacial de núcleos dobles c-FOS y NPY positivos / núcleos DAPI,1401,E7_FR7-1;E9_FR8-1;E8_FR6-4,WATER_NPY1;WATER_NPY2;WATER_NPY3,E7_FR7-5;E8_FR6-1;E8_FR6-3,2.18870718811,0.42182129551,False,False,biological animal
double_occurrence,Ocurrencia espacial de núcleos dobles c-FOS y NPY positivos / núcleos DAPI,1402,E7_FR7-1;E9_FR8-1;E8_FR6-4,WATER_NPY1;WATER_NPY2;E7_FR7-5,WATER_NPY3;E8_FR6-1;E8_FR6-3,0.811150001886,0.212836021013,False,False,biological animal
double_occurrence,Ocurrencia espacial de núcleos dobles c-FOS y NPY positivos / núcleos DAPI,1403,E7_FR7-1;E9_FR8-1;E8_FR6-4,WATER_NPY1;WATER_NPY2;E8_FR6-1,WATER_NPY3;E7_FR7-5;E8_FR6-3,0.29076336435,0.0883574211077,False,False,biological animal
double_occurrence,Ocurrencia espacial de núcleos dobles c-FOS y NPY positivos / núcleos DAPI,1404,E7_FR7-1;E9_FR8-1;E8_FR6-4,WATER_NPY1;WATER_NPY2;E8_FR6-3,WATER_NPY3;E7_FR7-5;E8_FR6-1,0.356371290001,0.106177552842,False,False,biological animal
double_occurrence,Ocurrencia espacial de núcleos dobles c-FOS y NPY positivos / núcleos DAPI,1405,E7_FR7-1;E9_FR8-1;E8_FR6-4,WATER_NPY1;WATER_NPY3;E7_FR7-5,WATER_NPY2;E8_FR6-1;E8_FR6-3,0.747590898584,0.199485727982,False,False,biological animal
double_occurrence,Ocurrencia espacial de núcleos dobles c-FOS y NPY positivos / núcleos DAPI,1406,E7_FR7-1;E9_FR8-1;E8_FR6-4,WATER_NPY1;WATER_NPY3;E8_FR6-1,WATER_NPY2;E7_FR7-5;E8_FR6-3,0.139599003447,0.0444639596628,False,False,biological animal
double_occurrence,Ocurrencia espacial de núcleos dobles c-FOS y NPY positivos / núcleos DAPI,1407,E7_FR7-1;E9_FR8-1;E8_FR6-4,WATER_NPY1;WATER_NPY3;E8_FR6-3,WATER_NPY2;E7_FR7-5;E8_FR6-1,0.149723264031,0.0475353710407,False,False,biological animal
double_occurrence,Ocurrencia espacial de núcleos dobles c-FOS y NPY positivos / núcleos DAPI,1408,E7_FR7-1;E9_FR8-1;E8_FR6-4,WATER_NPY1;E7_FR7-5;E8_FR6-1,WATER_NPY2;WATER_NPY3;E8_FR6-3,0.442241756666,0.128474926495,False,False,biological animal
double_occurrence,Ocurrencia espacial de núcleos dobles c-FOS y NPY positivos / núcleos DAPI,1409,E7_FR7-1;E9_FR8-1;E8_FR6-4,WATER_NPY1;E7_FR7-5;E8_FR6-3,WATER_NPY2;WATER_NPY3;E8_FR6-1,0.347358620296,0.103770960838,False,False,biological animal
double_occurrence,Ocurrencia espacial de núcleos dobles c-FOS y NPY positivos / núcleos DAPI,1410,E7_FR7-1;E9_FR8-1;E8_FR6-4,WATER_NPY1;E8_FR6-1;E8_FR6-3,WATER_NPY2;WATER_NPY3;E7_FR7-5,2.25107280469,0.428688172573,False,False,biological animal
double_occurrence,Ocurrencia espacial de núcleos dobles c-FOS y NPY positivos / núcleos DAPI,1411,E7_FR7-1;E9_FR8-1;E8_FR6-4,WATER_NPY2;WATER_NPY3;E7_FR7-5,WATER_NPY1;E8_FR6-1;E8_FR6-3,2.25107280469,0.428688172573,False,False,biological animal
double_occurrence,Ocurrencia espacial de núcleos dobles c-FOS y NPY positivos / núcleos DAPI,1412,E7_FR7-1;E9_FR8-1;E8_FR6-4,WATER_NPY2;WATER_NPY3;E8_FR6-1,WATER_NPY1;E7_FR7-5;E8_FR6-3,0.347358620296,0.103770960838,False,False,biological animal
double_occurrence,Ocurrencia espacial de núcleos dobles c-FOS y NPY positivos / núcleos DAPI,1413,E7_FR7-1;E9_FR8-1;E8_FR6-4,WATER_NPY2;WATER_NPY3;E8_FR6-3,WATER_NPY1;E7_FR7-5;E8_FR6-1,0.442241756666,0.128474926495,False,False,biological animal
double_occurrence,Ocurrencia espacial de núcleos dobles c-FOS y NPY positivos / núcleos DAPI,1414,E7_FR7-1;E9_FR8-1;E8_FR6-4,WATER_NPY2;E7_FR7-5;E8_FR6-1,WATER_NPY1;WATER_NPY3;E8_FR6-3,0.149723264031,0.0475353710407,False,False,biological animal
double_occurrence,Ocurrencia espacial de núcleos dobles c-FOS y NPY positivos / núcleos DAPI,1415,E7_FR7-1;E9_FR8-1;E8_FR6-4,WATER_NPY2;E7_FR7-5;E8_FR6-3,WATER_NPY1;WATER_NPY3;E8_FR6-1,0.139599003447,0.0444639596628,False,False,biological animal
double_occurrence,Ocurrencia espacial de núcleos dobles c-FOS y NPY positivos / núcleos DAPI,1416,E7_FR7-1;E9_FR8-1;E8_FR6-4,WATER_NPY2;E8_FR6-1;E8_FR6-3,WATER_NPY1;WATER_NPY3;E7_FR7-5,0.747590898584,0.199485727982,False,False,biological animal
double_occurrence,Ocurrencia espacial de núcleos dobles c-FOS y NPY positivos / núcleos DAPI,1417,E7_FR7-1;E9_FR8-1;E8_FR6-4,WATER_NPY3;E7_FR7-5;E8_FR6-1,WATER_NPY1;WATER_NPY2;E8_FR6-3,0.356371290001,0.106177552842,False,False,biological animal
double_occurrence,Ocurrencia espacial de núcleos dobles c-FOS y NPY positivos / núcleos DAPI,1418,E7_FR7-1;E9_FR8-1;E8_FR6-4,WATER_NPY3;E7_FR7-5;E8_FR6-3,WATER_NPY1;WATER_NPY2;E8_FR6-1,0.29076336435,0.0883574211077,False,False,biological animal
double_occurrence,Ocurrencia espacial de núcleos dobles c-FOS y NPY positivos / núcleos DAPI,1419,E7_FR7-1;E9_FR8-1;E8_FR6-4,WATER_NPY3;E8_FR6-1;E8_FR6-3,WATER_NPY1;WATER_NPY2;E7_FR7-5,0.811150001886,0.212836021013,False,False,biological animal
double_occurrence,Ocurrencia espacial de núcleos dobles c-FOS y NPY positivos / núcleos DAPI,1420,E7_FR7-1;E9_FR8-1;E8_FR6-4,E7_FR7-5;E8_FR6-1;E8_FR6-3,WATER_NPY1;WATER_NPY2;WATER_NPY3,2.18870718811,0.42182129551,False,False,biological animal
double_occurrence,Ocurrencia espacial de núcleos dobles c-FOS y NPY positivos / núcleos DAPI,1421,E7_FR7-1;E8_FR6-1;E8_FR6-3,WATER_NPY1;WATER_NPY2;WATER_NPY3,E7_FR7-5;E9_FR8-1;E8_FR6-4,2.01624465856,0.401943046203,False,False,biological animal
double_occurrence,Ocurrencia espacial de núcleos dobles c-FOS y NPY positivos / núcleos DAPI,1422,E7_FR7-1;E8_FR6-1;E8_FR6-3,WATER_NPY1;WATER_NPY2;E7_FR7-5,WATER_NPY3;E9_FR8-1;E8_FR6-4,1.29409775529,0.301366626713,False,False,biological animal
double_occurrence,Ocurrencia espacial de núcleos dobles c-FOS y NPY positivos / núcleos DAPI,1423,E7_FR7-1;E8_FR6-1;E8_FR6-3,WATER_NPY1;WATER_NPY2;E9_FR8-1,WATER_NPY3;E7_FR7-5;E8_FR6-4,1.28297228875,0.299551853773,False,False,biological animal
double_occurrence,Ocurrencia espacial de núcleos dobles c-FOS y NPY positivos / núcleos DAPI,1424,E7_FR7-1;E8_FR6-1;E8_FR6-3,WATER_NPY1;WATER_NPY2;E8_FR6-4,WATER_NPY3;E7_FR7-5;E9_FR8-1,1.79626836477,0.374513731959,False,False,biological animal
double_occurrence,Ocurrencia espacial de núcleos dobles c-FOS y NPY positivos / núcleos DAPI,1425,E7_FR7-1;E8_FR6-1;E8_FR6-3,WATER_NPY1;WATER_NPY3;E7_FR7-5,WATER_NPY2;E9_FR8-1;E8_FR6-4,1.11208541665,0.270443170306,False,False,biological animal
double_occurrence,Ocurrencia espacial de núcleos dobles c-FOS y NPY positivos / núcleos DAPI,1426,E7_FR7-1;E8_FR6-1;E8_FR6-3,WATER_NPY1;WATER_NPY3;E9_FR8-1,WATER_NPY2;E7_FR7-5;E8_FR6-4,1.21654663523,0.288517296373,False,False,biological animal
double_occurrence,Ocurrencia espacial de núcleos dobles c-FOS y NPY positivos / núcleos DAPI,1427,E7_FR7-1;E8_FR6-1;E8_FR6-3,WATER_NPY1;WATER_NPY3;E8_FR6-4,WATER_NPY2;E7_FR7-5;E9_FR8-1,1.18417421693,0.283012646112,False,False,biological animal
double_occurrence,Ocurrencia espacial de núcleos dobles c-FOS y NPY positivos / núcleos DAPI,1428,E7_FR7-1;E8_FR6-1;E8_FR6-3,WATER_NPY1;E7_FR7-5;E9_FR8-1,WATER_NPY2;WATER_NPY3;E8_FR6-4,0.882996965286,0.227400889874,False,False,biological animal
double_occurrence,Ocurrencia espacial de núcleos dobles c-FOS y NPY positivos / núcleos DAPI,1429,E7_FR7-1;E8_FR6-1;E8_FR6-3,WATER_NPY1;E7_FR7-5;E8_FR6-4,WATER_NPY2;WATER_NPY3;E9_FR8-1,2.8181886927,0.48437560924,False,False,biological animal
double_occurrence,Ocurrencia espacial de núcleos dobles c-FOS y NPY positivos / núcleos DAPI,1430,E7_FR7-1;E8_FR6-1;E8_FR6-3,WATER_NPY1;E9_FR8-1;E8_FR6-4,WATER_NPY2;WATER_NPY3;E7_FR7-5,1.82756896328,0.378569208888,False,False,biological animal
double_occurrence,Ocurrencia espacial de núcleos dobles c-FOS y NPY positivos / núcleos DAPI,1431,E7_FR7-1;E8_FR6-1;E8_FR6-3,WATER_NPY2;WATER_NPY3;E7_FR7-5,WATER_NPY1;E9_FR8-1;E8_FR6-4,1.82756896328,0.378569208888,False,False,biological animal
double_occurrence,Ocurrencia espacial de núcleos dobles c-FOS y NPY positivos / núcleos DAPI,1432,E7_FR7-1;E8_FR6-1;E8_FR6-3,WATER_NPY2;WATER_NPY3;E9_FR8-1,WATER_NPY1;E7_FR7-5;E8_FR6-4,2.8181886927,0.48437560924,False,False,biological animal
double_occurrence,Ocurrencia espacial de núcleos dobles c-FOS y NPY positivos / núcleos DAPI,1433,E7_FR7-1;E8_FR6-1;E8_FR6-3,WATER_NPY2;WATER_NPY3;E8_FR6-4,WATER_NPY1;E7_FR7-5;E9_FR8-1,0.882996965286,0.227400889874,False,False,biological animal
double_occurrence,Ocurrencia espacial de núcleos dobles c-FOS y NPY positivos / núcleos DAPI,1434,E7_FR7-1;E8_FR6-1;E8_FR6-3,WATER_NPY2;E7_FR7-5;E9_FR8-1,WATER_NPY1;WATER_NPY3;E8_FR6-4,1.18417421693,0.283012646112,False,False,biological animal
double_occurrence,Ocurrencia espacial de núcleos dobles c-FOS y NPY positivos / núcleos DAPI,1435,E7_FR7-1;E8_FR6-1;E8_FR6-3,WATER_NPY2;E7_FR7-5;E8_FR6-4,WATER_NPY1;WATER_NPY3;E9_FR8-1,1.21654663523,0.288517296373,False,False,biological animal
double_occurrence,Ocurrencia espacial de núcleos dobles c-FOS y NPY positivos / núcleos DAPI,1436,E7_FR7-1;E8_FR6-1;E8_FR6-3,WATER_NPY2;E9_FR8-1;E8_FR6-4,WATER_NPY1;WATER_NPY3;E7_FR7-5,1.11208541665,0.270443170306,False,False,biological animal
double_occurrence,Ocurrencia espacial de núcleos dobles c-FOS y NPY positivos / núcleos DAPI,1437,E7_FR7-1;E8_FR6-1;E8_FR6-3,WATER_NPY3;E7_FR7-5;E9_FR8-1,WATER_NPY1;WATER_NPY2;E8_FR6-4,1.79626836477,0.374513731959,False,False,biological animal
double_occurrence,Ocurrencia espacial de núcleos dobles c-FOS y NPY positivos / núcleos DAPI,1438,E7_FR7-1;E8_FR6-1;E8_FR6-3,WATER_NPY3;E7_FR7-5;E8_FR6-4,WATER_NPY1;WATER_NPY2;E9_FR8-1,1.28297228875,0.299551853773,False,False,biological animal
double_occurrence,Ocurrencia espacial de núcleos dobles c-FOS y NPY positivos / núcleos DAPI,1439,E7_FR7-1;E8_FR6-1;E8_FR6-3,WATER_NPY3;E9_FR8-1;E8_FR6-4,WATER_NPY1;WATER_NPY2;E7_FR7-5,1.29409775529,0.301366626713,False,False,biological animal
double_occurrence,Ocurrencia espacial de núcleos dobles c-FOS y NPY positivos / núcleos DAPI,1440,E7_FR7-1;E8_FR6-1;E8_FR6-3,E7_FR7-5;E9_FR8-1;E8_FR6-4,WATER_NPY1;WATER_NPY2;WATER_NPY3,2.01624465856,0.401943046203,False,False,biological animal
double_occurrence,Ocurrencia espacial de núcleos dobles c-FOS y NPY positivos / núcleos DAPI,1441,E7_FR7-1;E8_FR6-1;E8_FR6-4,WATER_NPY1;WATER_NPY2;WATER_NPY3,E7_FR7-5;E9_FR8-1;E8_FR6-3,2.38729340396,0.443134098136,False,False,biological animal
double_occurrence,Ocurrencia espacial de núcleos dobles c-FOS y NPY positivos / núcleos DAPI,1442,E7_FR7-1;E8_FR6-1;E8_FR6-4,WATER_NPY1;WATER_NPY2;E7_FR7-5,WATER_NPY3;E9_FR8-1;E8_FR6-3,1.6942254888,0.360916937809,False,False,biological animal
double_occurrence,Ocurrencia espacial de núcleos dobles c-FOS y NPY positivos / núcleos DAPI,1443,E7_FR7-1;E8_FR6-1;E8_FR6-4,WATER_NPY1;WATER_NPY2;E9_FR8-1,WATER_NPY3;E7_FR7-5;E8_FR6-3,1.65695850826,0.355802720879,False,False,biological animal
double_occurrence,Ocurrencia espacial de núcleos dobles c-FOS y NPY positivos / núcleos DAPI,1444,E7_FR7-1;E8_FR6-1;E8_FR6-4,WATER_NPY1;WATER_NPY2;E8_FR6-3,WATER_NPY3;E7_FR7-5;E9_FR8-1,2.22739758623,0.426100664717,False,False,biological animal
double_occurrence,Ocurrencia espacial de núcleos dobles c-FOS y NPY positivos / núcleos DAPI,1445,E7_FR7-1;E8_FR6-1;E8_FR6-4,WATER_NPY1;WATER_NPY3;E7_FR7-5,WATER_NPY2;E9_FR8-1;E8_FR6-3,1.42706811073,0.322350611067,False,False,biological animal
double_occurrence,Ocurrencia espacial de núcleos dobles c-FOS y NPY positivos / núcleos DAPI,1446,E7_FR7-1;E8_FR6-1;E8_FR6-4,WATER_NPY1;WATER_NPY3;E9_FR8-1,WATER_NPY2;E7_FR7-5;E8_FR6-3,1.52574214852,0.337125293145,False,False,biological animal
double_occurrence,Ocurrencia espacial de núcleos dobles c-FOS y NPY positivos / núcleos DAPI,1447,E7_FR7-1;E8_FR6-1;E8_FR6-4,WATER_NPY1;WATER_NPY3;E8_FR6-3,WATER_NPY2;E7_FR7-5;E9_FR8-1,1.56095106224,0.342242449204,False,False,biological animal
double_occurrence,Ocurrencia espacial de núcleos dobles c-FOS y NPY positivos / núcleos DAPI,1448,E7_FR7-1;E8_FR6-1;E8_FR6-4,WATER_NPY1;E7_FR7-5;E9_FR8-1,WATER_NPY2;WATER_NPY3;E8_FR6-3,1.25150874663,0.294368145808,False,False,biological animal
double_occurrence,Ocurrencia espacial de núcleos dobles c-FOS y NPY positivos / núcleos DAPI,1449,E7_FR7-1;E8_FR6-1;E8_FR6-4,WATER_NPY1;E7_FR7-5;E8_FR6-3,WATER_NPY2;WATER_NPY3;E9_FR8-1,3.31906412141,0.525246153171,False,False,biological animal
double_occurrence,Ocurrencia espacial de núcleos dobles c-FOS y NPY positivos / núcleos DAPI,1450,E7_FR7-1;E8_FR6-1;E8_FR6-4,WATER_NPY1;E9_FR8-1;E8_FR6-3,WATER_NPY2;WATER_NPY3;E7_FR7-5,2.19695774147,0.422739196807,False,False,biological animal
double_occurrence,Ocurrencia espacial de núcleos dobles c-FOS y NPY positivos / núcleos DAPI,1451,E7_FR7-1;E8_FR6-1;E8_FR6-4,WATER_NPY2;WATER_NPY3;E7_FR7-5,WATER_NPY1;E9_FR8-1;E8_FR6-3,2.19695774147,0.422739196807,False,False,biological animal
double_occurrence,Ocurrencia espacial de núcleos dobles c-FOS y NPY positivos / núcleos DAPI,1452,E7_FR7-1;E8_FR6-1;E8_FR6-4,WATER_NPY2;WATER_NPY3;E9_FR8-1,WATER_NPY1;E7_FR7-5;E8_FR6-3,3.31906412141,0.525246153171,False,False,biological animal
double_occurrence,Ocurrencia espacial de núcleos dobles c-FOS y NPY positivos / núcleos DAPI,1453,E7_FR7-1;E8_FR6-1;E8_FR6-4,WATER_NPY2;WATER_NPY3;E8_FR6-3,WATER_NPY1;E7_FR7-5;E9_FR8-1,1.25150874663,0.294368145808,False,False,biological animal
double_occurrence,Ocurrencia espacial de núcleos dobles c-FOS y NPY positivos / núcleos DAPI,1454,E7_FR7-1;E8_FR6-1;E8_FR6-4,WATER_NPY2;E7_FR7-5;E9_FR8-1,WATER_NPY1;WATER_NPY3;E8_FR6-3,1.56095106224,0.342242449204,False,False,biological animal
double_occurrence,Ocurrencia espacial de núcleos dobles c-FOS y NPY positivos / núcleos DAPI,1455,E7_FR7-1;E8_FR6-1;E8_FR6-4,WATER_NPY2;E7_FR7-5;E8_FR6-3,WATER_NPY1;WATER_NPY3;E9_FR8-1,1.52574214852,0.337125293145,False,False,biological animal
double_occurrence,Ocurrencia espacial de núcleos dobles c-FOS y NPY positivos / núcleos DAPI,1456,E7_FR7-1;E8_FR6-1;E8_FR6-4,WATER_NPY2;E9_FR8-1;E8_FR6-3,WATER_NPY1;WATER_NPY3;E7_FR7-5,1.42706811073,0.322350611067,False,False,biological animal
double_occurrence,Ocurrencia espacial de núcleos dobles c-FOS y NPY positivos / núcleos DAPI,1457,E7_FR7-1;E8_FR6-1;E8_FR6-4,WATER_NPY3;E7_FR7-5;E9_FR8-1,WATER_NPY1;WATER_NPY2;E8_FR6-3,2.22739758623,0.426100664717,False,False,biological animal
double_occurrence,Ocurrencia espacial de núcleos dobles c-FOS y NPY positivos / núcleos DAPI,1458,E7_FR7-1;E8_FR6-1;E8_FR6-4,WATER_NPY3;E7_FR7-5;E8_FR6-3,WATER_NPY1;WATER_NPY2;E9_FR8-1,1.65695850826,0.355802720879,False,False,biological animal
double_occurrence,Ocurrencia espacial de núcleos dobles c-FOS y NPY positivos / núcleos DAPI,1459,E7_FR7-1;E8_FR6-1;E8_FR6-4,WATER_NPY3;E9_FR8-1;E8_FR6-3,WATER_NPY1;WATER_NPY2;E7_FR7-5,1.6942254888,0.360916937809,False,False,biological animal
double_occurrence,Ocurrencia espacial de núcleos dobles c-FOS y NPY positivos / núcleos DAPI,1460,E7_FR7-1;E8_FR6-1;E8_FR6-4,E7_FR7-5;E9_FR8-1;E8_FR6-3,WATER_NPY1;WATER_NPY2;WATER_NPY3,2.38729340396,0.443134098136,False,False,biological animal
double_occurrence,Ocurrencia espacial de núcleos dobles c-FOS y NPY positivos / núcleos DAPI,1461,E7_FR7-1;E8_FR6-3;E8_FR6-4,WATER_NPY1;WATER_NPY2;WATER_NPY3,E7_FR7-5;E9_FR8-1;E8_FR6-1,2.174298061,0.420211212297,False,False,biological animal
double_occurrence,Ocurrencia espacial de núcleos dobles c-FOS y NPY positivos / núcleos DAPI,1462,E7_FR7-1;E8_FR6-3;E8_FR6-4,WATER_NPY1;WATER_NPY2;E7_FR7-5,WATER_NPY3;E9_FR8-1;E8_FR6-1,1.43856819739,0.324106363452,False,False,biological animal
double_occurrence,Ocurrencia espacial de núcleos dobles c-FOS y NPY positivos / núcleos DAPI,1463,E7_FR7-1;E8_FR6-3;E8_FR6-4,WATER_NPY1;WATER_NPY2;E9_FR8-1,WATER_NPY3;E7_FR7-5;E8_FR6-1,1.42699295224,0.322339106394,False,False,biological animal
double_occurrence,Ocurrencia espacial de núcleos dobles c-FOS y NPY positivos / núcleos DAPI,1464,E7_FR7-1;E8_FR6-3;E8_FR6-4,WATER_NPY1;WATER_NPY2;E8_FR6-1,WATER_NPY3;E7_FR7-5;E9_FR8-1,1.79859434582,0.374816918497,False,False,biological animal
double_occurrence,Ocurrencia espacial de núcleos dobles c-FOS y NPY positivos / núcleos DAPI,1465,E7_FR7-1;E8_FR6-3;E8_FR6-4,WATER_NPY1;WATER_NPY3;E7_FR7-5,WATER_NPY2;E9_FR8-1;E8_FR6-1,1.15607834439,0.278165676532,False,False,biological animal
double_occurrence,Ocurrencia espacial de núcleos dobles c-FOS y NPY positivos / núcleos DAPI,1466,E7_FR7-1;E8_FR6-3;E8_FR6-4,WATER_NPY1;WATER_NPY3;E9_FR8-1,WATER_NPY2;E7_FR7-5;E8_FR6-1,1.26310350629,0.296287318482,False,False,biological animal
double_occurrence,Ocurrencia espacial de núcleos dobles c-FOS y NPY positivos / núcleos DAPI,1467,E7_FR7-1;E8_FR6-3;E8_FR6-4,WATER_NPY1;WATER_NPY3;E8_FR6-1,WATER_NPY2;E7_FR7-5;E9_FR8-1,1.27553279555,0.298333063163,False,False,biological animal
double_occurrence,Ocurrencia espacial de núcleos dobles c-FOS y NPY positivos / núcleos DAPI,1468,E7_FR7-1;E8_FR6-3;E8_FR6-4,WATER_NPY1;E7_FR7-5;E9_FR8-1,WATER_NPY2;WATER_NPY3;E8_FR6-1,0.945512382603,0.239642482627,False,False,biological animal
double_occurrence,Ocurrencia espacial de núcleos dobles c-FOS y NPY positivos / núcleos DAPI,1469,E7_FR7-1;E8_FR6-3;E8_FR6-4,WATER_NPY1;E7_FR7-5;E8_FR6-1,WATER_NPY2;WATER_NPY3;E9_FR8-1,2.94323562931,0.495224455647,False,False,biological animal
double_occurrence,Ocurrencia espacial de núcleos dobles c-FOS y NPY positivos / núcleos DAPI,1470,E7_FR7-1;E8_FR6-3;E8_FR6-4,WATER_NPY1;E9_FR8-1;E8_FR6-1,WATER_NPY2;WATER_NPY3;E7_FR7-5,1.91296308748,0.389370539412,False,False,biological animal
double_occurrence,Ocurrencia espacial de núcleos dobles c-FOS y NPY positivos / núcleos DAPI,1471,E7_FR7-1;E8_FR6-3;E8_FR6-4,WATER_NPY2;WATER_NPY3;E7_FR7-5,WATER_NPY1;E9_FR8-1;E8_FR6-1,1.91296308748,0.389370539412,False,False,biological animal
double_occurrence,Ocurrencia espacial de núcleos dobles c-FOS y NPY positivos / núcleos DAPI,1472,E7_FR7-1;E8_FR6-3;E8_FR6-4,WATER_NPY2;WATER_NPY3;E9_FR8-1,WATER_NPY1;E7_FR7-5;E8_FR6-1,2.94323562931,0.495224455647,False,False,biological animal
double_occurrence,Ocurrencia espacial de núcleos dobles c-FOS y NPY positivos / núcleos DAPI,1473,E7_FR7-1;E8_FR6-3;E8_FR6-4,WATER_NPY2;WATER_NPY3;E8_FR6-1,WATER_NPY1;E7_FR7-5;E9_FR8-1,0.945512382603,0.239642482627,False,False,biological animal
double_occurrence,Ocurrencia espacial de núcleos dobles c-FOS y NPY positivos / núcleos DAPI,1474,E7_FR7-1;E8_FR6-3;E8_FR6-4,WATER_NPY2;E7_FR7-5;E9_FR8-1,WATER_NPY1;WATER_NPY3;E8_FR6-1,1.27553279555,0.298333063163,False,False,biological animal
double_occurrence,Ocurrencia espacial de núcleos dobles c-FOS y NPY positivos / núcleos DAPI,1475,E7_FR7-1;E8_FR6-3;E8_FR6-4,WATER_NPY2;E7_FR7-5;E8_FR6-1,WATER_NPY1;WATER_NPY3;E9_FR8-1,1.26310350629,0.296287318482,False,False,biological animal
double_occurrence,Ocurrencia espacial de núcleos dobles c-FOS y NPY positivos / núcleos DAPI,1476,E7_FR7-1;E8_FR6-3;E8_FR6-4,WATER_NPY2;E9_FR8-1;E8_FR6-1,WATER_NPY1;WATER_NPY3;E7_FR7-5,1.15607834439,0.278165676532,False,False,biological animal
double_occurrence,Ocurrencia espacial de núcleos dobles c-FOS y NPY positivos / núcleos DAPI,1477,E7_FR7-1;E8_FR6-3;E8_FR6-4,WATER_NPY3;E7_FR7-5;E9_FR8-1,WATER_NPY1;WATER_NPY2;E8_FR6-1,1.79859434582,0.374816918497,False,False,biological animal
double_occurrence,Ocurrencia espacial de núcleos dobles c-FOS y NPY positivos / núcleos DAPI,1478,E7_FR7-1;E8_FR6-3;E8_FR6-4,WATER_NPY3;E7_FR7-5;E8_FR6-1,WATER_NPY1;WATER_NPY2;E9_FR8-1,1.42699295224,0.322339106394,False,False,biological animal
double_occurrence,Ocurrencia espacial de núcleos dobles c-FOS y NPY positivos / núcleos DAPI,1479,E7_FR7-1;E8_FR6-3;E8_FR6-4,WATER_NPY3;E9_FR8-1;E8_FR6-1,WATER_NPY1;WATER_NPY2;E7_FR7-5,1.43856819739,0.324106363452,False,False,biological animal
double_occurrence,Ocurrencia espacial de núcleos dobles c-FOS y NPY positivos / núcleos DAPI,1480,E7_FR7-1;E8_FR6-3;E8_FR6-4,E7_FR7-5;E9_FR8-1;E8_FR6-1,WATER_NPY1;WATER_NPY2;WATER_NPY3,2.174298061,0.420211212297,False,False,biological animal
double_occurrence,Ocurrencia espacial de núcleos dobles c-FOS y NPY positivos / núcleos DAPI,1481,E7_FR7-5;E9_FR8-1;E8_FR6-1,WATER_NPY1;WATER_NPY2;WATER_NPY3,E7_FR7-1;E8_FR6-3;E8_FR6-4,2.174298061,0.420211212297,False,False,biological animal
double_occurrence,Ocurrencia espacial de núcleos dobles c-FOS y NPY positivos / núcleos DAPI,1482,E7_FR7-5;E9_FR8-1;E8_FR6-1,WATER_NPY1;WATER_NPY2;E7_FR7-1,WATER_NPY3;E8_FR6-3;E8_FR6-4,0.836760037839,0.218090271371,False,False,biological animal
double_occurrence,Ocurrencia espacial de núcleos dobles c-FOS y NPY positivos / núcleos DAPI,1483,E7_FR7-5;E9_FR8-1;E8_FR6-1,WATER_NPY1;WATER_NPY2;E8_FR6-3,WATER_NPY3;E7_FR7-1;E8_FR6-4,0.340006338637,0.101798111789,False,False,biological animal
double_occurrence,Ocurrencia espacial de núcleos dobles c-FOS y NPY positivos / núcleos DAPI,1484,E7_FR7-5;E9_FR8-1;E8_FR6-1,WATER_NPY1;WATER_NPY2;E8_FR6-4,WATER_NPY3;E7_FR7-1;E8_FR6-3,0.356242538121,0.106143264104,False,False,biological animal
double_occurrence,Ocurrencia espacial de núcleos dobles c-FOS y NPY positivos / núcleos DAPI,1485,E7_FR7-5;E9_FR8-1;E8_FR6-1,WATER_NPY1;WATER_NPY3;E7_FR7-1,WATER_NPY2;E8_FR6-3;E8_FR6-4,0.8650055233,0.223804472745,False,False,biological animal
double_occurrence,Ocurrencia espacial de núcleos dobles c-FOS y NPY positivos / núcleos DAPI,1486,E7_FR7-5;E9_FR8-1;E8_FR6-1,WATER_NPY1;WATER_NPY3;E8_FR6-3,WATER_NPY2;E7_FR7-1;E8_FR6-4,0.171669452883,0.0541258966084,False,False,biological animal
double_occurrence,Ocurrencia espacial de núcleos dobles c-FOS y NPY positivos / núcleos DAPI,1487,E7_FR7-5;E9_FR8-1;E8_FR6-1,WATER_NPY1;WATER_NPY3;E8_FR6-4,WATER_NPY2;E7_FR7-1;E8_FR6-3,0.135403360631,0.0431853082544,False,False,biological animal
double_occurrence,Ocurrencia espacial de núcleos dobles c-FOS y NPY positivos / núcleos DAPI,1488,E7_FR7-5;E9_FR8-1;E8_FR6-1,WATER_NPY1;E7_FR7-1;E8_FR6-3,WATER_NPY2;WATER_NPY3;E8_FR6-4,0.290736463487,0.088349968681,False,False,biological animal
double_occurrence,Ocurrencia espacial de núcleos dobles c-FOS y NPY positivos / núcleos DAPI,1489,E7_FR7-5;E9_FR8-1;E8_FR6-1,WATER_NPY1;E7_FR7-1;E8_FR6-4,WATER_NPY2;WATER_NPY3;E8_FR6-3,0.388932394358,0.114765462718,False,False,biological animal
double_occurrence,Ocurrencia espacial de núcleos dobles c-FOS y NPY positivos / núcleos DAPI,1490,E7_FR7-5;E9_FR8-1;E8_FR6-1,WATER_NPY1;E8_FR6-3;E8_FR6-4,WATER_NPY2;WATER_NPY3;E7_FR7-1,2.63009444111,0.467149258084,False,False,biological animal
double_occurrence,Ocurrencia espacial de núcleos dobles c-FOS y NPY positivos / núcleos DAPI,1491,E7_FR7-5;E9_FR8-1;E8_FR6-1,WATER_NPY2;WATER_NPY3;E7_FR7-1,WATER_NPY1;E8_FR6-3;E8_FR6-4,2.63009444111,0.467149258084,False,False,biological animal
double_occurrence,Ocurrencia espacial de núcleos dobles c-FOS y NPY positivos / núcleos DAPI,1492,E7_FR7-5;E9_FR8-1;E8_FR6-1,WATER_NPY2;WATER_NPY3;E8_FR6-3,WATER_NPY1;E7_FR7-1;E8_FR6-4,0.388932394358,0.114765462718,False,False,biological animal
double_occurrence,Ocurrencia espacial de núcleos dobles c-FOS y NPY positivos / núcleos DAPI,1493,E7_FR7-5;E9_FR8-1;E8_FR6-1,WATER_NPY2;WATER_NPY3;E8_FR6-4,WATER_NPY1;E7_FR7-1;E8_FR6-3,0.290736463487,0.088349968681,False,False,biological animal
double_occurrence,Ocurrencia espacial de núcleos dobles c-FOS y NPY positivos / núcleos DAPI,1494,E7_FR7-5;E9_FR8-1;E8_FR6-1,WATER_NPY2;E7_FR7-1;E8_FR6-3,WATER_NPY1;WATER_NPY3;E8_FR6-4,0.135403360631,0.0431853082544,False,False,biological animal
double_occurrence,Ocurrencia espacial de núcleos dobles c-FOS y NPY positivos / núcleos DAPI,1495,E7_FR7-5;E9_FR8-1;E8_FR6-1,WATER_NPY2;E7_FR7-1;E8_FR6-4,WATER_NPY1;WATER_NPY3;E8_FR6-3,0.171669452883,0.0541258966084,False,False,biological animal
double_occurrence,Ocurrencia espacial de núcleos dobles c-FOS y NPY positivos / núcleos DAPI,1496,E7_FR7-5;E9_FR8-1;E8_FR6-1,WATER_NPY2;E8_FR6-3;E8_FR6-4,WATER_NPY1;WATER_NPY3;E7_FR7-1,0.8650055233,0.223804472745,False,False,biological animal
double_occurrence,Ocurrencia espacial de núcleos dobles c-FOS y NPY positivos / núcleos DAPI,1497,E7_FR7-5;E9_FR8-1;E8_FR6-1,WATER_NPY3;E7_FR7-1;E8_FR6-3,WATER_NPY1;WATER_NPY2;E8_FR6-4,0.356242538121,0.106143264104,False,False,biological animal
double_occurrence,Ocurrencia espacial de núcleos dobles c-FOS y NPY positivos / núcleos DAPI,1498,E7_FR7-5;E9_FR8-1;E8_FR6-1,WATER_NPY3;E7_FR7-1;E8_FR6-4,WATER_NPY1;WATER_NPY2;E8_FR6-3,0.340006338637,0.101798111789,False,False,biological animal
double_occurrence,Ocurrencia espacial de núcleos dobles c-FOS y NPY positivos / núcleos DAPI,1499,E7_FR7-5;E9_FR8-1;E8_FR6-1,WATER_NPY3;E8_FR6-3;E8_FR6-4,WATER_NPY1;WATER_NPY2;E7_FR7-1,0.836760037839,0.218090271371,False,False,biological animal
double_occurrence,Ocurrencia espacial de núcleos dobles c-FOS y NPY positivos / núcleos DAPI,1500,E7_FR7-5;E9_FR8-1;E8_FR6-1,E7_FR7-1;E8_FR6-3;E8_FR6-4,WATER_NPY1;WATER_NPY2;WATER_NPY3,2.174298061,0.420211212297,False,False,biological animal
double_occurrence,Ocurrencia espacial de núcleos dobles c-FOS y NPY positivos / núcleos DAPI,1501,E7_FR7-5;E9_FR8-1;E8_FR6-3,WATER_NPY1;WATER_NPY2;WATER_NPY3,E7_FR7-1;E8_FR6-1;E8_FR6-4,2.38729340396,0.443134098136,False,False,biological animal
double_occurrence,Ocurrencia espacial de núcleos dobles c-FOS y NPY positivos / núcleos DAPI,1502,E7_FR7-5;E9_FR8-1;E8_FR6-3,WATER_NPY1;WATER_NPY2;E7_FR7-1,WATER_NPY3;E8_FR6-1;E8_FR6-4,0.887719508438,0.228339391901,False,False,biological animal
double_occurrence,Ocurrencia espacial de núcleos dobles c-FOS y NPY positivos / núcleos DAPI,1503,E7_FR7-5;E9_FR8-1;E8_FR6-3,WATER_NPY1;WATER_NPY2;E8_FR6-1,WATER_NPY3;E7_FR7-1;E8_FR6-4,0.237773161681,0.0734372514094,False,False,biological animal
double_occurrence,Ocurrencia espacial de núcleos dobles c-FOS y NPY positivos / núcleos DAPI,1504,E7_FR7-5;E9_FR8-1;E8_FR6-3,WATER_NPY1;WATER_NPY2;E8_FR6-4,WATER_NPY3;E7_FR7-1;E8_FR6-1,0.312679191741,0.0943886122508,False,False,biological animal
double_occurrence,Ocurrencia espacial de núcleos dobles c-FOS y NPY positivos / núcleos DAPI,1505,E7_FR7-5;E9_FR8-1;E8_FR6-3,WATER_NPY1;WATER_NPY3;E7_FR7-1,WATER_NPY2;E8_FR6-1;E8_FR6-4,0.879373383459,0.226679233097,False,False,biological animal
double_occurrence,Ocurrencia espacial de núcleos dobles c-FOS y NPY positivos / núcleos DAPI,1506,E7_FR7-5;E9_FR8-1;E8_FR6-3,WATER_NPY1;WATER_NPY3;E8_FR6-1,WATER_NPY2;E7_FR7-1;E8_FR6-4,0.102825773282,0.0331393964069,False,False,biological animal
double_occurrence,Ocurrencia espacial de núcleos dobles c-FOS y NPY positivos / núcleos DAPI,1507,E7_FR7-5;E9_FR8-1;E8_FR6-3,WATER_NPY1;WATER_NPY3;E8_FR6-4,WATER_NPY2;E7_FR7-1;E8_FR6-1,0.0739477988223,0.0240562962229,False,False,biological animal
double_occurrence,Ocurrencia espacial de núcleos dobles c-FOS y NPY positivos / núcleos DAPI,1508,E7_FR7-5;E9_FR8-1;E8_FR6-3,WATER_NPY1;E7_FR7-1;E8_FR6-1,WATER_NPY2;WATER_NPY3;E8_FR6-4,0.261001542875,0.0800372337894,False,False,biological animal
double_occurrence,Ocurrencia espacial de núcleos dobles c-FOS y NPY positivos / núcleos DAPI,1509,E7_FR7-5;E9_FR8-1;E8_FR6-3,WATER_NPY1;E7_FR7-1;E8_FR6-4,WATER_NPY2;WATER_NPY3;E8_FR6-1,0.271404502478,0.0829626853765,False,False,biological animal
double_occurrence,Ocurrencia espacial de núcleos dobles c-FOS y NPY positivos / núcleos DAPI,1510,E7_FR7-5;E9_FR8-1;E8_FR6-3,WATER_NPY1;E8_FR6-1;E8_FR6-4,WATER_NPY2;WATER_NPY3;E7_FR7-1,2.77856866477,0.480840295576,False,False,biological animal
double_occurrence,Ocurrencia espacial de núcleos dobles c-FOS y NPY positivos / núcleos DAPI,1511,E7_FR7-5;E9_FR8-1;E8_FR6-3,WATER_NPY2;WATER_NPY3;E7_FR7-1,WATER_NPY1;E8_FR6-1;E8_FR6-4,2.77856866477,0.480840295576,False,False,biological animal
double_occurrence,Ocurrencia espacial de núcleos dobles c-FOS y NPY positivos / núcleos DAPI,1512,E7_FR7-5;E9_FR8-1;E8_FR6-3,WATER_NPY2;WATER_NPY3;E8_FR6-1,WATER_NPY1;E7_FR7-1;E8_FR6-4,0.271404502478,0.0829626853765,False,False,biological animal
double_occurrence,Ocurrencia espacial de núcleos dobles c-FOS y NPY positivos / núcleos DAPI,1513,E7_FR7-5;E9_FR8-1;E8_FR6-3,WATER_NPY2;WATER_NPY3;E8_FR6-4,WATER_NPY1;E7_FR7-1;E8_FR6-1,0.261001542875,0.0800372337894,False,False,biological animal
double_occurrence,Ocurrencia espacial de núcleos dobles c-FOS y NPY positivos / núcleos DAPI,1514,E7_FR7-5;E9_FR8-1;E8_FR6-3,WATER_NPY2;E7_FR7-1;E8_FR6-1,WATER_NPY1;WATER_NPY3;E8_FR6-4,0.0739477988223,0.0240562962229,False,False,biological animal
double_occurrence,Ocurrencia espacial de núcleos dobles c-FOS y NPY positivos / núcleos DAPI,1515,E7_FR7-5;E9_FR8-1;E8_FR6-3,WATER_NPY2;E7_FR7-1;E8_FR6-4,WATER_NPY1;WATER_NPY3;E8_FR6-1,0.102825773282,0.0331393964069,False,False,biological animal
double_occurrence,Ocurrencia espacial de núcleos dobles c-FOS y NPY positivos / núcleos DAPI,1516,E7_FR7-5;E9_FR8-1;E8_FR6-3,WATER_NPY2;E8_FR6-1;E8_FR6-4,WATER_NPY1;WATER_NPY3;E7_FR7-1,0.879373383459,0.226679233097,False,False,biological animal
double_occurrence,Ocurrencia espacial de núcleos dobles c-FOS y NPY positivos / núcleos DAPI,1517,E7_FR7-5;E9_FR8-1;E8_FR6-3,WATER_NPY3;E7_FR7-1;E8_FR6-1,WATER_NPY1;WATER_NPY2;E8_FR6-4,0.312679191741,0.0943886122508,False,False,biological animal
double_occurrence,Ocurrencia espacial de núcleos dobles c-FOS y NPY positivos / núcleos DAPI,1518,E7_FR7-5;E9_FR8-1;E8_FR6-3,WATER_NPY3;E7_FR7-1;E8_FR6-4,WATER_NPY1;WATER_NPY2;E8_FR6-1,0.237773161681,0.0734372514094,False,False,biological animal
double_occurrence,Ocurrencia espacial de núcleos dobles c-FOS y NPY positivos / núcleos DAPI,1519,E7_FR7-5;E9_FR8-1;E8_FR6-3,WATER_NPY3;E8_FR6-1;E8_FR6-4,WATER_NPY1;WATER_NPY2;E7_FR7-1,0.887719508438,0.228339391901,False,False,biological animal
double_occurrence,Ocurrencia espacial de núcleos dobles c-FOS y NPY positivos / núcleos DAPI,1520,E7_FR7-5;E9_FR8-1;E8_FR6-3,E7_FR7-1;E8_FR6-1;E8_FR6-4,WATER_NPY1;WATER_NPY2;WATER_NPY3,2.38729340396,0.443134098136,False,False,biological animal
double_occurrence,Ocurrencia espacial de núcleos dobles c-FOS y NPY positivos / núcleos DAPI,1521,E7_FR7-5;E9_FR8-1;E8_FR6-4,WATER_NPY1;WATER_NPY2;WATER_NPY3,E7_FR7-1;E8_FR6-1;E8_FR6-3,2.01624465856,0.401943046203,False,False,biological animal
double_occurrence,Ocurrencia espacial de núcleos dobles c-FOS y NPY positivos / núcleos DAPI,1522,E7_FR7-5;E9_FR8-1;E8_FR6-4,WATER_NPY1;WATER_NPY2;E7_FR7-1,WATER_NPY3;E8_FR6-1;E8_FR6-3,0.777511527508,0.205826381163,False,False,biological animal
double_occurrence,Ocurrencia espacial de núcleos dobles c-FOS y NPY positivos / núcleos DAPI,1523,E7_FR7-5;E9_FR8-1;E8_FR6-4,WATER_NPY1;WATER_NPY2;E8_FR6-1,WATER_NPY3;E7_FR7-1;E8_FR6-3,0.290116860744,0.0881782845483,False,False,biological animal
double_occurrence,Ocurrencia espacial de núcleos dobles c-FOS y NPY positivos / núcleos DAPI,1524,E7_FR7-5;E9_FR8-1;E8_FR6-4,WATER_NPY1;WATER_NPY2;E8_FR6-3,WATER_NPY3;E7_FR7-1;E8_FR6-1,0.35114838471,0.104784493075,False,False,biological animal
double_occurrence,Ocurrencia espacial de núcleos dobles c-FOS y NPY positivos / núcleos DAPI,1525,E7_FR7-5;E9_FR8-1;E8_FR6-4,WATER_NPY1;WATER_NPY3;E7_FR7-1,WATER_NPY2;E8_FR6-1;E8_FR6-3,0.733773728904,0.196523352024,False,False,biological animal
double_occurrence,Ocurrencia espacial de núcleos dobles c-FOS y NPY positivos / núcleos DAPI,1526,E7_FR7-5;E9_FR8-1;E8_FR6-4,WATER_NPY1;WATER_NPY3;E8_FR6-1,WATER_NPY2;E7_FR7-1;E8_FR6-3,0.125773496132,0.0402375592113,False,False,biological animal
double_occurrence,Ocurrencia espacial de núcleos dobles c-FOS y NPY positivos / núcleos DAPI,1527,E7_FR7-5;E9_FR8-1;E8_FR6-4,WATER_NPY1;WATER_NPY3;E8_FR6-3,WATER_NPY2;E7_FR7-1;E8_FR6-1,0.131834731409,0.0420950473814,False,False,biological animal
double_occurrence,Ocurrencia espacial de núcleos dobles c-FOS y NPY positivos / núcleos DAPI,1528,E7_FR7-5;E9_FR8-1;E8_FR6-4,WATER_NPY1;E7_FR7-1;E8_FR6-1,WATER_NPY2;WATER_NPY3;E8_FR6-3,0.355004567037,0.105813437789,False,False,biological animal
double_occurrence,Ocurrencia espacial de núcleos dobles c-FOS y NPY positivos / núcleos DAPI,1529,E7_FR7-5;E9_FR8-1;E8_FR6-4,WATER_NPY1;E7_FR7-1;E8_FR6-3,WATER_NPY2;WATER_NPY3;E8_FR6-1,0.269125511933,0.0823233953395,False,False,biological animal
double_occurrence,Ocurrencia espacial de núcleos dobles c-FOS y NPY positivos / núcleos DAPI,1530,E7_FR7-5;E9_FR8-1;E8_FR6-4,WATER_NPY1;E8_FR6-1;E8_FR6-3,WATER_NPY2;WATER_NPY3;E7_FR7-1,2.38548359587,0.442946961662,False,False,biological animal
double_occurrence,Ocurrencia espacial de núcleos dobles c-FOS y NPY positivos / núcleos DAPI,1531,E7_FR7-5;E9_FR8-1;E8_FR6-4,WATER_NPY2;WATER_NPY3;E7_FR7-1,WATER_NPY1;E8_FR6-1;E8_FR6-3,2.38548359587,0.442946961662,False,False,biological animal
double_occurrence,Ocurrencia espacial de núcleos dobles c-FOS y NPY positivos / núcleos DAPI,1532,E7_FR7-5;E9_FR8-1;E8_FR6-4,WATER_NPY2;WATER_NPY3;E8_FR6-1,WATER_NPY1;E7_FR7-1;E8_FR6-3,0.269125511933,0.0823233953395,False,False,biological animal
double_occurrence,Ocurrencia espacial de núcleos dobles c-FOS y NPY positivos / núcleos DAPI,1533,E7_FR7-5;E9_FR8-1;E8_FR6-4,WATER_NPY2;WATER_NPY3;E8_FR6-3,WATER_NPY1;E7_FR7-1;E8_FR6-1,0.355004567037,0.105813437789,False,False,biological animal
double_occurrence,Ocurrencia espacial de núcleos dobles c-FOS y NPY positivos / núcleos DAPI,1534,E7_FR7-5;E9_FR8-1;E8_FR6-4,WATER_NPY2;E7_FR7-1;E8_FR6-1,WATER_NPY1;WATER_NPY3;E8_FR6-3,0.131834731409,0.0420950473814,False,False,biological animal
double_occurrence,Ocurrencia espacial de núcleos dobles c-FOS y NPY positivos / núcleos DAPI,1535,E7_FR7-5;E9_FR8-1;E8_FR6-4,WATER_NPY2;E7_FR7-1;E8_FR6-3,WATER_NPY1;WATER_NPY3;E8_FR6-1,0.125773496132,0.0402375592113,False,False,biological animal
double_occurrence,Ocurrencia espacial de núcleos dobles c-FOS y NPY positivos / núcleos DAPI,1536,E7_FR7-5;E9_FR8-1;E8_FR6-4,WATER_NPY2;E8_FR6-1;E8_FR6-3,WATER_NPY1;WATER_NPY3;E7_FR7-1,0.733773728904,0.196523352024,False,False,biological animal
double_occurrence,Ocurrencia espacial de núcleos dobles c-FOS y NPY positivos / núcleos DAPI,1537,E7_FR7-5;E9_FR8-1;E8_FR6-4,WATER_NPY3;E7_FR7-1;E8_FR6-1,WATER_NPY1;WATER_NPY2;E8_FR6-3,0.35114838471,0.104784493075,False,False,biological animal
double_occurrence,Ocurrencia espacial de núcleos dobles c-FOS y NPY positivos / núcleos DAPI,1538,E7_FR7-5;E9_FR8-1;E8_FR6-4,WATER_NPY3;E7_FR7-1;E8_FR6-3,WATER_NPY1;WATER_NPY2;E8_FR6-1,0.290116860744,0.0881782845483,False,False,biological animal
double_occurrence,Ocurrencia espacial de núcleos dobles c-FOS y NPY positivos / núcleos DAPI,1539,E7_FR7-5;E9_FR8-1;E8_FR6-4,WATER_NPY3;E8_FR6-1;E8_FR6-3,WATER_NPY1;WATER_NPY2;E7_FR7-1,0.777511527508,0.205826381163,False,False,biological animal
double_occurrence,Ocurrencia espacial de núcleos dobles c-FOS y NPY positivos / núcleos DAPI,1540,E7_FR7-5;E9_FR8-1;E8_FR6-4,E7_FR7-1;E8_FR6-1;E8_FR6-3,WATER_NPY1;WATER_NPY2;WATER_NPY3,2.01624465856,0.401943046203,False,False,biological animal
double_occurrence,Ocurrencia espacial de núcleos dobles c-FOS y NPY positivos / núcleos DAPI,1541,E7_FR7-5;E8_FR6-1;E8_FR6-3,WATER_NPY1;WATER_NPY2;WATER_NPY3,E7_FR7-1;E9_FR8-1;E8_FR6-4,2.18870718811,0.42182129551,False,False,biological animal
double_occurrence,Ocurrencia espacial de núcleos dobles c-FOS y NPY positivos / núcleos DAPI,1542,E7_FR7-5;E8_FR6-1;E8_FR6-3,WATER_NPY1;WATER_NPY2;E7_FR7-1,WATER_NPY3;E9_FR8-1;E8_FR6-4,1.37467796281,0.31423523617,False,False,biological animal
double_occurrence,Ocurrencia espacial de núcleos dobles c-FOS y NPY positivos / núcleos DAPI,1543,E7_FR7-5;E8_FR6-1;E8_FR6-3,WATER_NPY1;WATER_NPY2;E9_FR8-1,WATER_NPY3;E7_FR7-1;E8_FR6-4,1.40897504722,0.319569748554,False,False,biological animal
double_occurrence,Ocurrencia espacial de núcleos dobles c-FOS y NPY positivos / núcleos DAPI,1544,E7_FR7-5;E8_FR6-1;E8_FR6-3,WATER_NPY1;WATER_NPY2;E8_FR6-4,WATER_NPY3;E7_FR7-1;E9_FR8-1,2.10689052778,0.412558388773,False,False,biological animal
double_occurrence,Ocurrencia espacial de núcleos dobles c-FOS y NPY positivos / núcleos DAPI,1545,E7_FR7-5;E8_FR6-1;E8_FR6-3,WATER_NPY1;WATER_NPY3;E7_FR7-1,WATER_NPY2;E9_FR8-1;E8_FR6-4,1.20969349753,0.287359043655,False,False,biological animal
double_occurrence,Ocurrencia espacial de núcleos dobles c-FOS y NPY positivos / núcleos DAPI,1546,E7_FR7-5;E8_FR6-1;E8_FR6-3,WATER_NPY1;WATER_NPY3;E9_FR8-1,WATER_NPY2;E7_FR7-1;E8_FR6-4,1.31336869279,0.304487927263,False,False,biological animal
double_occurrence,Ocurrencia espacial de núcleos dobles c-FOS y NPY positivos / núcleos DAPI,1547,E7_FR7-5;E8_FR6-1;E8_FR6-3,WATER_NPY1;WATER_NPY3;E8_FR6-4,WATER_NPY2;E7_FR7-1;E9_FR8-1,1.39245109219,0.317010039034,False,False,biological animal
double_occurrence,Ocurrencia espacial de núcleos dobles c-FOS y NPY positivos / núcleos DAPI,1548,E7_FR7-5;E8_FR6-1;E8_FR6-3,WATER_NPY1;E7_FR7-1;E9_FR8-1,WATER_NPY2;WATER_NPY3;E8_FR6-4,0.969183879518,0.244177117749,False,False,biological animal
double_occurrence,Ocurrencia espacial de núcleos dobles c-FOS y NPY positivos / núcleos DAPI,1549,E7_FR7-5;E8_FR6-1;E8_FR6-3,WATER_NPY1;E7_FR7-1;E8_FR6-4,WATER_NPY2;WATER_NPY3;E9_FR8-1,2.80411208859,0.483125075083,False,False,biological animal
double_occurrence,Ocurrencia espacial de núcleos dobles c-FOS y NPY positivos / núcleos DAPI,1550,E7_FR7-5;E8_FR6-1;E8_FR6-3,WATER_NPY1;E9_FR8-1;E8_FR6-4,WATER_NPY2;WATER_NPY3;E7_FR7-1,2.10817625102,0.412706247283,False,False,biological animal
double_occurrence,Ocurrencia espacial de núcleos dobles c-FOS y NPY positivos / núcleos DAPI,1551,E7_FR7-5;E8_FR6-1;E8_FR6-3,WATER_NPY2;WATER_NPY3;E7_FR7-1,WATER_NPY1;E9_FR8-1;E8_FR6-4,2.10817625102,0.412706247283,False,False,biological animal
double_occurrence,Ocurrencia espacial de núcleos dobles c-FOS y NPY positivos / núcleos DAPI,1552,E7_FR7-5;E8_FR6-1;E8_FR6-3,WATER_NPY2;WATER_NPY3;E9_FR8-1,WATER_NPY1;E7_FR7-1;E8_FR6-4,2.80411208859,0.483125075083,False,False,biological animal
double_occurrence,Ocurrencia espacial de núcleos dobles c-FOS y NPY positivos / núcleos DAPI,1553,E7_FR7-5;E8_FR6-1;E8_FR6-3,WATER_NPY2;WATER_NPY3;E8_FR6-4,WATER_NPY1;E7_FR7-1;E9_FR8-1,0.969183879518,0.244177117749,False,False,biological animal
double_occurrence,Ocurrencia espacial de núcleos dobles c-FOS y NPY positivos / núcleos DAPI,1554,E7_FR7-5;E8_FR6-1;E8_FR6-3,WATER_NPY2;E7_FR7-1;E9_FR8-1,WATER_NPY1;WATER_NPY3;E8_FR6-4,1.39245109219,0.317010039034,False,False,biological animal
double_occurrence,Ocurrencia espacial de núcleos dobles c-FOS y NPY positivos / núcleos DAPI,1555,E7_FR7-5;E8_FR6-1;E8_FR6-3,WATER_NPY2;E7_FR7-1;E8_FR6-4,WATER_NPY1;WATER_NPY3;E9_FR8-1,1.31336869279,0.304487927263,False,False,biological animal
double_occurrence,Ocurrencia espacial de núcleos dobles c-FOS y NPY positivos / núcleos DAPI,1556,E7_FR7-5;E8_FR6-1;E8_FR6-3,WATER_NPY2;E9_FR8-1;E8_FR6-4,WATER_NPY1;WATER_NPY3;E7_FR7-1,1.20969349753,0.287359043655,False,False,biological animal
double_occurrence,Ocurrencia espacial de núcleos dobles c-FOS y NPY positivos / núcleos DAPI,1557,E7_FR7-5;E8_FR6-1;E8_FR6-3,WATER_NPY3;E7_FR7-1;E9_FR8-1,WATER_NPY1;WATER_NPY2;E8_FR6-4,2.10689052778,0.412558388773,False,False,biological animal
double_occurrence,Ocurrencia espacial de núcleos dobles c-FOS y NPY positivos / núcleos DAPI,1558,E7_FR7-5;E8_FR6-1;E8_FR6-3,WATER_NPY3;E7_FR7-1;E8_FR6-4,WATER_NPY1;WATER_NPY2;E9_FR8-1,1.40897504722,0.319569748554,False,False,biological animal
double_occurrence,Ocurrencia espacial de núcleos dobles c-FOS y NPY positivos / núcleos DAPI,1559,E7_FR7-5;E8_FR6-1;E8_FR6-3,WATER_NPY3;E9_FR8-1;E8_FR6-4,WATER_NPY1;WATER_NPY2;E7_FR7-1,1.37467796281,0.31423523617,False,False,biological animal
double_occurrence,Ocurrencia espacial de núcleos dobles c-FOS y NPY positivos / núcleos DAPI,1560,E7_FR7-5;E8_FR6-1;E8_FR6-3,E7_FR7-1;E9_FR8-1;E8_FR6-4,WATER_NPY1;WATER_NPY2;WATER_NPY3,2.18870718811,0.42182129551,False,False,biological animal
double_occurrence,Ocurrencia espacial de núcleos dobles c-FOS y NPY positivos / núcleos DAPI,1561,E7_FR7-5;E8_FR6-1;E8_FR6-4,WATER_NPY1;WATER_NPY2;WATER_NPY3,E7_FR7-1;E9_FR8-1;E8_FR6-3,2.58009540334,0.462374783376,False,False,biological animal
double_occurrence,Ocurrencia espacial de núcleos dobles c-FOS y NPY positivos / núcleos DAPI,1562,E7_FR7-5;E8_FR6-1;E8_FR6-4,WATER_NPY1;WATER_NPY2;E7_FR7-1,WATER_NPY3;E9_FR8-1;E8_FR6-3,1.78825357303,0.373466765232,False,False,biological animal
double_occurrence,Ocurrencia espacial de núcleos dobles c-FOS y NPY positivos / núcleos DAPI,1563,E7_FR7-5;E8_FR6-1;E8_FR6-4,WATER_NPY1;WATER_NPY2;E9_FR8-1,WATER_NPY3;E7_FR7-1;E8_FR6-3,1.8014062481,0.375183051593,False,False,biological animal
double_occurrence,Ocurrencia espacial de núcleos dobles c-FOS y NPY positivos / núcleos DAPI,1564,E7_FR7-5;E8_FR6-1;E8_FR6-4,WATER_NPY1;WATER_NPY2;E8_FR6-3,WATER_NPY3;E7_FR7-1;E9_FR8-1,2.59520420347,0.463826539497,False,False,biological animal
double_occurrence,Ocurrencia espacial de núcleos dobles c-FOS y NPY positivos / núcleos DAPI,1565,E7_FR7-5;E8_FR6-1;E8_FR6-4,WATER_NPY1;WATER_NPY3;E7_FR7-1,WATER_NPY2;E9_FR8-1;E8_FR6-3,1.5382188532,0.338947702383,False,False,biological animal
double_occurrence,Ocurrencia espacial de núcleos dobles c-FOS y NPY positivos / núcleos DAPI,1566,E7_FR7-5;E8_FR6-1;E8_FR6-4,WATER_NPY1;WATER_NPY3;E9_FR8-1,WATER_NPY2;E7_FR7-1;E8_FR6-3,1.63290669593,0.352458359967,False,False,biological animal
double_occurrence,Ocurrencia espacial de núcleos dobles c-FOS y NPY positivos / núcleos DAPI,1567,E7_FR7-5;E8_FR6-1;E8_FR6-4,WATER_NPY1;WATER_NPY3;E8_FR6-3,WATER_NPY2;E7_FR7-1;E9_FR8-1,1.80708418144,0.375921060092,False,False,biological animal
double_occurrence,Ocurrencia espacial de núcleos dobles c-FOS y NPY positivos / núcleos DAPI,1568,E7_FR7-5;E8_FR6-1;E8_FR6-4,WATER_NPY1;E7_FR7-1;E9_FR8-1,WATER_NPY2;WATER_NPY3;E8_FR6-3,1.35303453473,0.310825591649,False,False,biological animal
double_occurrence,Ocurrencia espacial de núcleos dobles c-FOS y NPY positivos / núcleos DAPI,1569,E7_FR7-5;E8_FR6-1;E8_FR6-4,WATER_NPY1;E7_FR7-1;E8_FR6-3,WATER_NPY2;WATER_NPY3;E9_FR8-1,3.29403272442,0.523358054946,False,False,biological animal
double_occurrence,Ocurrencia espacial de núcleos dobles c-FOS y NPY positivos / núcleos DAPI,1570,E7_FR7-5;E8_FR6-1;E8_FR6-4,WATER_NPY1;E9_FR8-1;E8_FR6-3,WATER_NPY2;WATER_NPY3;E7_FR7-1,2.52036276419,0.456557453169,False,False,biological animal
double_occurrence,Ocurrencia espacial de núcleos dobles c-FOS y NPY positivos / núcleos DAPI,1571,E7_FR7-5;E8_FR6-1;E8_FR6-4,WATER_NPY2;WATER_NPY3;E7_FR7-1,WATER_NPY1;E9_FR8-1;E8_FR6-3,2.52036276419,0.456557453169,False,False,biological animal
double_occurrence,Ocurrencia espacial de núcleos dobles c-FOS y NPY positivos / núcleos DAPI,1572,E7_FR7-5;E8_FR6-1;E8_FR6-4,WATER_NPY2;WATER_NPY3;E9_FR8-1,WATER_NPY1;E7_FR7-1;E8_FR6-3,3.29403272442,0.523358054946,False,False,biological animal
double_occurrence,Ocurrencia espacial de núcleos dobles c-FOS y NPY positivos / núcleos DAPI,1573,E7_FR7-5;E8_FR6-1;E8_FR6-4,WATER_NPY2;WATER_NPY3;E8_FR6-3,WATER_NPY1;E7_FR7-1;E9_FR8-1,1.35303453473,0.310825591649,False,False,biological animal
double_occurrence,Ocurrencia espacial de núcleos dobles c-FOS y NPY positivos / núcleos DAPI,1574,E7_FR7-5;E8_FR6-1;E8_FR6-4,WATER_NPY2;E7_FR7-1;E9_FR8-1,WATER_NPY1;WATER_NPY3;E8_FR6-3,1.80708418144,0.375921060092,False,False,biological animal
double_occurrence,Ocurrencia espacial de núcleos dobles c-FOS y NPY positivos / núcleos DAPI,1575,E7_FR7-5;E8_FR6-1;E8_FR6-4,WATER_NPY2;E7_FR7-1;E8_FR6-3,WATER_NPY1;WATER_NPY3;E9_FR8-1,1.63290669593,0.352458359967,False,False,biological animal
double_occurrence,Ocurrencia espacial de núcleos dobles c-FOS y NPY positivos / núcleos DAPI,1576,E7_FR7-5;E8_FR6-1;E8_FR6-4,WATER_NPY2;E9_FR8-1;E8_FR6-3,WATER_NPY1;WATER_NPY3;E7_FR7-1,1.5382188532,0.338947702383,False,False,biological animal
double_occurrence,Ocurrencia espacial de núcleos dobles c-FOS y NPY positivos / núcleos DAPI,1577,E7_FR7-5;E8_FR6-1;E8_FR6-4,WATER_NPY3;E7_FR7-1;E9_FR8-1,WATER_NPY1;WATER_NPY2;E8_FR6-3,2.59520420347,0.463826539497,False,False,biological animal
double_occurrence,Ocurrencia espacial de núcleos dobles c-FOS y NPY positivos / núcleos DAPI,1578,E7_FR7-5;E8_FR6-1;E8_FR6-4,WATER_NPY3;E7_FR7-1;E8_FR6-3,WATER_NPY1;WATER_NPY2;E9_FR8-1,1.8014062481,0.375183051593,False,False,biological animal
double_occurrence,Ocurrencia espacial de núcleos dobles c-FOS y NPY positivos / núcleos DAPI,1579,E7_FR7-5;E8_FR6-1;E8_FR6-4,WATER_NPY3;E9_FR8-1;E8_FR6-3,WATER_NPY1;WATER_NPY2;E7_FR7-1,1.78825357303,0.373466765232,False,False,biological animal
double_occurrence,Ocurrencia espacial de núcleos dobles c-FOS y NPY positivos / núcleos DAPI,1580,E7_FR7-5;E8_FR6-1;E8_FR6-4,E7_FR7-1;E9_FR8-1;E8_FR6-3,WATER_NPY1;WATER_NPY2;WATER_NPY3,2.58009540334,0.462374783376,False,False,biological animal
double_occurrence,Ocurrencia espacial de núcleos dobles c-FOS y NPY positivos / núcleos DAPI,1581,E7_FR7-5;E8_FR6-3;E8_FR6-4,WATER_NPY1;WATER_NPY2;WATER_NPY3,E7_FR7-1;E9_FR8-1;E8_FR6-1,2.32882444796,0.437024051121,False,False,biological animal
double_occurrence,Ocurrencia espacial de núcleos dobles c-FOS y NPY positivos / núcleos DAPI,1582,E7_FR7-5;E8_FR6-3;E8_FR6-4,WATER_NPY1;WATER_NPY2;E7_FR7-1,WATER_NPY3;E9_FR8-1;E8_FR6-1,1.51428048165,0.335442267667,False,False,biological animal
double_occurrence,Ocurrencia espacial de núcleos dobles c-FOS y NPY positivos / núcleos DAPI,1583,E7_FR7-5;E8_FR6-3;E8_FR6-4,WATER_NPY1;WATER_NPY2;E9_FR8-1,WATER_NPY3;E7_FR7-1;E8_FR6-1,1.54058092456,0.339291590692,False,False,biological animal
double_occurrence,Ocurrencia espacial de núcleos dobles c-FOS y NPY positivos / núcleos DAPI,1584,E7_FR7-5;E8_FR6-3;E8_FR6-4,WATER_NPY1;WATER_NPY2;E8_FR6-1,WATER_NPY3;E7_FR7-1;E9_FR8-1,2.09622410115,0.41132887007,False,False,biological animal
double_occurrence,Ocurrencia espacial de núcleos dobles c-FOS y NPY positivos / núcleos DAPI,1585,E7_FR7-5;E8_FR6-3;E8_FR6-4,WATER_NPY1;WATER_NPY3;E7_FR7-1,WATER_NPY2;E9_FR8-1;E8_FR6-1,1.24657809282,0.293548844639,False,False,biological animal
double_occurrence,Ocurrencia espacial de núcleos dobles c-FOS y NPY positivos / núcleos DAPI,1586,E7_FR7-5;E8_FR6-3;E8_FR6-4,WATER_NPY1;WATER_NPY3;E9_FR8-1,WATER_NPY2;E7_FR7-1;E8_FR6-1,1.34274406239,0.309192538888,False,False,biological animal
double_occurrence,Ocurrencia espacial de núcleos dobles c-FOS y NPY positivos / núcleos DAPI,1587,E7_FR7-5;E8_FR6-3;E8_FR6-4,WATER_NPY1;WATER_NPY3;E8_FR6-1,WATER_NPY2;E7_FR7-1;E9_FR8-1,1.48294966698,0.330797750843,False,False,biological animal
double_occurrence,Ocurrencia espacial de núcleos dobles c-FOS y NPY positivos / núcleos DAPI,1588,E7_FR7-5;E8_FR6-3;E8_FR6-4,WATER_NPY1;E7_FR7-1;E9_FR8-1,WATER_NPY2;WATER_NPY3;E8_FR6-1,1.02622957182,0.254886005261,False,False,biological animal
double_occurrence,Ocurrencia espacial de núcleos dobles c-FOS y NPY positivos / núcleos DAPI,1589,E7_FR7-5;E8_FR6-3;E8_FR6-4,WATER_NPY1;E7_FR7-1;E8_FR6-1,WATER_NPY2;WATER_NPY3;E9_FR8-1,2.89285043035,0.490908511007,False,False,biological animal
double_occurrence,Ocurrencia espacial de núcleos dobles c-FOS y NPY positivos / núcleos DAPI,1590,E7_FR7-5;E8_FR6-3;E8_FR6-4,WATER_NPY1;E9_FR8-1;E8_FR6-1,WATER_NPY2;WATER_NPY3;E7_FR7-1,2.19008578972,0.421974872566,False,False,biological animal
double_occurrence,Ocurrencia espacial de núcleos dobles c-FOS y NPY positivos / núcleos DAPI,1591,E7_FR7-5;E8_FR6-3;E8_FR6-4,WATER_NPY2;WATER_NPY3;E7_FR7-1,WATER_NPY1;E9_FR8-1;E8_FR6-1,2.19008578972,0.421974872566,False,False,biological animal
double_occurrence,Ocurrencia espacial de núcleos dobles c-FOS y NPY positivos / núcleos DAPI,1592,E7_FR7-5;E8_FR6-3;E8_FR6-4,WATER_NPY2;WATER_NPY3;E9_FR8-1,WATER_NPY1;E7_FR7-1;E8_FR6-1,2.89285043035,0.490908511007,False,False,biological animal
double_occurrence,Ocurrencia espacial de núcleos dobles c-FOS y NPY positivos / núcleos DAPI,1593,E7_FR7-5;E8_FR6-3;E8_FR6-4,WATER_NPY2;WATER_NPY3;E8_FR6-1,WATER_NPY1;E7_FR7-1;E9_FR8-1,1.02622957182,0.254886005261,False,False,biological animal
double_occurrence,Ocurrencia espacial de núcleos dobles c-FOS y NPY positivos / núcleos DAPI,1594,E7_FR7-5;E8_FR6-3;E8_FR6-4,WATER_NPY2;E7_FR7-1;E9_FR8-1,WATER_NPY1;WATER_NPY3;E8_FR6-1,1.48294966698,0.330797750843,False,False,biological animal
double_occurrence,Ocurrencia espacial de núcleos dobles c-FOS y NPY positivos / núcleos DAPI,1595,E7_FR7-5;E8_FR6-3;E8_FR6-4,WATER_NPY2;E7_FR7-1;E8_FR6-1,WATER_NPY1;WATER_NPY3;E9_FR8-1,1.34274406239,0.309192538888,False,False,biological animal
double_occurrence,Ocurrencia espacial de núcleos dobles c-FOS y NPY positivos / núcleos DAPI,1596,E7_FR7-5;E8_FR6-3;E8_FR6-4,WATER_NPY2;E9_FR8-1;E8_FR6-1,WATER_NPY1;WATER_NPY3;E7_FR7-1,1.24657809282,0.293548844639,False,False,biological animal
double_occurrence,Ocurrencia espacial de núcleos dobles c-FOS y NPY positivos / núcleos DAPI,1597,E7_FR7-5;E8_FR6-3;E8_FR6-4,WATER_NPY3;E7_FR7-1;E9_FR8-1,WATER_NPY1;WATER_NPY2;E8_FR6-1,2.09622410115,0.41132887007,False,False,biological animal
double_occurrence,Ocurrencia espacial de núcleos dobles c-FOS y NPY positivos / núcleos DAPI,1598,E7_FR7-5;E8_FR6-3;E8_FR6-4,WATER_NPY3;E7_FR7-1;E8_FR6-1,WATER_NPY1;WATER_NPY2;E9_FR8-1,1.54058092456,0.339291590692,False,False,biological animal
double_occurrence,Ocurrencia espacial de núcleos dobles c-FOS y NPY positivos / núcleos DAPI,1599,E7_FR7-5;E8_FR6-3;E8_FR6-4,WATER_NPY3;E9_FR8-1;E8_FR6-1,WATER_NPY1;WATER_NPY2;E7_FR7-1,1.51428048165,0.335442267667,False,False,biological animal
double_occurrence,Ocurrencia espacial de núcleos dobles c-FOS y NPY positivos / núcleos DAPI,1600,E7_FR7-5;E8_FR6-3;E8_FR6-4,E7_FR7-1;E9_FR8-1;E8_FR6-1,WATER_NPY1;WATER_NPY2;WATER_NPY3,2.32882444796,0.437024051121,False,False,biological animal
double_occurrence,Ocurrencia espacial de núcleos dobles c-FOS y NPY positivos / núcleos DAPI,1601,E9_FR8-1;E8_FR6-1;E8_FR6-3,WATER_NPY1;WATER_NPY2;WATER_NPY3,E7_FR7-1;E7_FR7-5;E8_FR6-4,1.90128369516,0.387915455096,False,False,biological animal
double_occurrence,Ocurrencia espacial de núcleos dobles c-FOS y NPY positivos / núcleos DAPI,1602,E9_FR8-1;E8_FR6-1;E8_FR6-3,WATER_NPY1;WATER_NPY2;E7_FR7-1,WATER_NPY3;E7_FR7-5;E8_FR6-4,1.02980389806,0.255546901067,False,False,biological animal
double_occurrence,Ocurrencia espacial de núcleos dobles c-FOS y NPY positivos / núcleos DAPI,1603,E9_FR8-1;E8_FR6-1;E8_FR6-3,WATER_NPY1;WATER_NPY2;E7_FR7-5,WATER_NPY3;E7_FR7-1;E8_FR6-4,1.06887899483,0.262696186391,False,False,biological animal
double_occurrence,Ocurrencia espacial de núcleos dobles c-FOS y NPY positivos / núcleos DAPI,1604,E9_FR8-1;E8_FR6-1;E8_FR6-3,WATER_NPY1;WATER_NPY2;E8_FR6-4,WATER_NPY3;E7_FR7-1;E7_FR7-5,1.39053700922,0.316712285149,False,False,biological animal
double_occurrence,Ocurrencia espacial de núcleos dobles c-FOS y NPY positivos / núcleos DAPI,1605,E9_FR8-1;E8_FR6-1;E8_FR6-3,WATER_NPY1;WATER_NPY3;E7_FR7-1,WATER_NPY2;E7_FR7-5;E8_FR6-4,0.940188764908,0.238615158056,False,False,biological animal
double_occurrence,Ocurrencia espacial de núcleos dobles c-FOS y NPY positivos / núcleos DAPI,1606,E9_FR8-1;E8_FR6-1;E8_FR6-3,WATER_NPY1;WATER_NPY3;E7_FR7-5,WATER_NPY2;E7_FR7-1;E8_FR6-4,0.935303172962,0.237669915596,False,False,biological animal
double_occurrence,Ocurrencia espacial de núcleos dobles c-FOS y NPY positivos / núcleos DAPI,1607,E9_FR8-1;E8_FR6-1;E8_FR6-3,WATER_NPY1;WATER_NPY3;E8_FR6-4,WATER_NPY2;E7_FR7-1;E7_FR7-5,0.90172026998,0.231108384914,False,False,biological animal
double_occurrence,Ocurrencia espacial de núcleos dobles c-FOS y NPY positivos / núcleos DAPI,1608,E9_FR8-1;E8_FR6-1;E8_FR6-3,WATER_NPY1;E7_FR7-1;E7_FR7-5,WATER_NPY2;WATER_NPY3;E8_FR6-4,0.760065699507,0.202141600772,False,False,biological animal
double_occurrence,Ocurrencia espacial de núcleos dobles c-FOS y NPY positivos / núcleos DAPI,1609,E9_FR8-1;E8_FR6-1;E8_FR6-3,WATER_NPY1;E7_FR7-1;E8_FR6-4,WATER_NPY2;WATER_NPY3;E7_FR7-5,1.780426458,0.372440926273,False,False,biological animal
double_occurrence,Ocurrencia espacial de núcleos dobles c-FOS y NPY positivos / núcleos DAPI,1610,E9_FR8-1;E8_FR6-1;E8_FR6-3,WATER_NPY1;E7_FR7-5;E8_FR6-4,WATER_NPY2;WATER_NPY3;E7_FR7-1,2.06609992891,0.407828498826,False,False,biological animal
double_occurrence,Ocurrencia espacial de núcleos dobles c-FOS y NPY positivos / núcleos DAPI,1611,E9_FR8-1;E8_FR6-1;E8_FR6-3,WATER_NPY2;WATER_NPY3;E7_FR7-1,WATER_NPY1;E7_FR7-5;E8_FR6-4,2.06609992891,0.407828498826,False,False,biological animal
double_occurrence,Ocurrencia espacial de núcleos dobles c-FOS y NPY positivos / núcleos DAPI,1612,E9_FR8-1;E8_FR6-1;E8_FR6-3,WATER_NPY2;WATER_NPY3;E7_FR7-5,WATER_NPY1;E7_FR7-1;E8_FR6-4,1.780426458,0.372440926273,False,False,biological animal
double_occurrence,Ocurrencia espacial de núcleos dobles c-FOS y NPY positivos / núcleos DAPI,1613,E9_FR8-1;E8_FR6-1;E8_FR6-3,WATER_NPY2;WATER_NPY3;E8_FR6-4,WATER_NPY1;E7_FR7-1;E7_FR7-5,0.760065699507,0.202141600772,False,False,biological animal
double_occurrence,Ocurrencia espacial de núcleos dobles c-FOS y NPY positivos / núcleos DAPI,1614,E9_FR8-1;E8_FR6-1;E8_FR6-3,WATER_NPY2;E7_FR7-1;E7_FR7-5,WATER_NPY1;WATER_NPY3;E8_FR6-4,0.90172026998,0.231108384914,False,False,biological animal
double_occurrence,Ocurrencia espacial de núcleos dobles c-FOS y NPY positivos / núcleos DAPI,1615,E9_FR8-1;E8_FR6-1;E8_FR6-3,WATER_NPY2;E7_FR7-1;E8_FR6-4,WATER_NPY1;WATER_NPY3;E7_FR7-5,0.935303172962,0.237669915596,False,False,biological animal
double_occurrence,Ocurrencia espacial de núcleos dobles c-FOS y NPY positivos / núcleos DAPI,1616,E9_FR8-1;E8_FR6-1;E8_FR6-3,WATER_NPY2;E7_FR7-5;E8_FR6-4,WATER_NPY1;WATER_NPY3;E7_FR7-1,0.940188764908,0.238615158056,False,False,biological animal
double_occurrence,Ocurrencia espacial de núcleos dobles c-FOS y NPY positivos / núcleos DAPI,1617,E9_FR8-1;E8_FR6-1;E8_FR6-3,WATER_NPY3;E7_FR7-1;E7_FR7-5,WATER_NPY1;WATER_NPY2;E8_FR6-4,1.39053700922,0.316712285149,False,False,biological animal
double_occurrence,Ocurrencia espacial de núcleos dobles c-FOS y NPY positivos / núcleos DAPI,1618,E9_FR8-1;E8_FR6-1;E8_FR6-3,WATER_NPY3;E7_FR7-1;E8_FR6-4,WATER_NPY1;WATER_NPY2;E7_FR7-5,1.06887899483,0.262696186391,False,False,biological animal
double_occurrence,Ocurrencia espacial de núcleos dobles c-FOS y NPY positivos / núcleos DAPI,1619,E9_FR8-1;E8_FR6-1;E8_FR6-3,WATER_NPY3;E7_FR7-5;E8_FR6-4,WATER_NPY1;WATER_NPY2;E7_FR7-1,1.02980389806,0.255546901067,False,False,biological animal
double_occurrence,Ocurrencia espacial de núcleos dobles c-FOS y NPY positivos / núcleos DAPI,1620,E9_FR8-1;E8_FR6-1;E8_FR6-3,E7_FR7-1;E7_FR7-5;E8_FR6-4,WATER_NPY1;WATER_NPY2;WATER_NPY3,1.90128369516,0.387915455096,False,False,biological animal
double_occurrence,Ocurrencia espacial de núcleos dobles c-FOS y NPY positivos / núcleos DAPI,1621,E9_FR8-1;E8_FR6-1;E8_FR6-4,WATER_NPY1;WATER_NPY2;WATER_NPY3,E7_FR7-1;E7_FR7-5;E8_FR6-3,2.18914480362,0.421870054983,False,False,biological animal
double_occurrence,Ocurrencia espacial de núcleos dobles c-FOS y NPY positivos / núcleos DAPI,1622,E9_FR8-1;E8_FR6-1;E8_FR6-4,WATER_NPY1;WATER_NPY2;E7_FR7-1,WATER_NPY3;E7_FR7-5;E8_FR6-3,1.33638520798,0.30817954215,False,False,biological animal
double_occurrence,Ocurrencia espacial de núcleos dobles c-FOS y NPY positivos / núcleos DAPI,1623,E9_FR8-1;E8_FR6-1;E8_FR6-4,WATER_NPY1;WATER_NPY2;E7_FR7-5,WATER_NPY3;E7_FR7-1;E8_FR6-3,1.37962627048,0.315010045441,False,False,biological animal
double_occurrence,Ocurrencia espacial de núcleos dobles c-FOS y NPY positivos / núcleos DAPI,1624,E9_FR8-1;E8_FR6-1;E8_FR6-4,WATER_NPY1;WATER_NPY2;E8_FR6-3,WATER_NPY3;E7_FR7-1;E7_FR7-5,1.72203721543,0.364680991883,False,False,biological animal
double_occurrence,Ocurrencia espacial de núcleos dobles c-FOS y NPY positivos / núcleos DAPI,1625,E9_FR8-1;E8_FR6-1;E8_FR6-4,WATER_NPY1;WATER_NPY3;E7_FR7-1,WATER_NPY2;E7_FR7-5;E8_FR6-3,1.18763350087,0.283604928804,False,False,biological animal
double_occurrence,Ocurrencia espacial de núcleos dobles c-FOS y NPY positivos / núcleos DAPI,1626,E9_FR8-1;E8_FR6-1;E8_FR6-4,WATER_NPY1;WATER_NPY3;E7_FR7-5,WATER_NPY2;E7_FR7-1;E8_FR6-3,1.18025775472,0.282340904311,False,False,biological animal
double_occurrence,Ocurrencia espacial de núcleos dobles c-FOS y NPY positivos / núcleos DAPI,1627,E9_FR8-1;E8_FR6-1;E8_FR6-4,WATER_NPY1;WATER_NPY3;E8_FR6-3,WATER_NPY2;E7_FR7-1;E7_FR7-5,1.20592171392,0.286719961983,False,False,biological animal
double_occurrence,Ocurrencia espacial de núcleos dobles c-FOS y NPY positivos / núcleos DAPI,1628,E9_FR8-1;E8_FR6-1;E8_FR6-4,WATER_NPY1;E7_FR7-1;E7_FR7-5,WATER_NPY2;WATER_NPY3;E8_FR6-3,1.08435906378,0.265490630682,False,False,biological animal
double_occurrence,Ocurrencia espacial de núcleos dobles c-FOS y NPY positivos / núcleos DAPI,1629,E9_FR8-1;E8_FR6-1;E8_FR6-4,WATER_NPY1;E7_FR7-1;E8_FR6-3,WATER_NPY2;WATER_NPY3;E7_FR7-5,2.07936045384,0.409374462147,False,False,biological animal
double_occurrence,Ocurrencia espacial de núcleos dobles c-FOS y NPY positivos / núcleos DAPI,1630,E9_FR8-1;E8_FR6-1;E8_FR6-4,WATER_NPY1;E7_FR7-5;E8_FR6-3,WATER_NPY2;WATER_NPY3;E7_FR7-1,2.40619263213,0.445080816734,False,False,biological animal
double_occurrence,Ocurrencia espacial de núcleos dobles c-FOS y NPY positivos / núcleos DAPI,1631,E9_FR8-1;E8_FR6-1;E8_FR6-4,WATER_NPY2;WATER_NPY3;E7_FR7-1,WATER_NPY1;E7_FR7-5;E8_FR6-3,2.40619263213,0.445080816734,False,False,biological animal
double_occurrence,Ocurrencia espacial de núcleos dobles c-FOS y NPY positivos / núcleos DAPI,1632,E9_FR8-1;E8_FR6-1;E8_FR6-4,WATER_NPY2;WATER_NPY3;E7_FR7-5,WATER_NPY1;E7_FR7-1;E8_FR6-3,2.07936045384,0.409374462147,False,False,biological animal
double_occurrence,Ocurrencia espacial de núcleos dobles c-FOS y NPY positivos / núcleos DAPI,1633,E9_FR8-1;E8_FR6-1;E8_FR6-4,WATER_NPY2;WATER_NPY3;E8_FR6-3,WATER_NPY1;E7_FR7-1;E7_FR7-5,1.08435906378,0.265490630682,False,False,biological animal
double_occurrence,Ocurrencia espacial de núcleos dobles c-FOS y NPY positivos / núcleos DAPI,1634,E9_FR8-1;E8_FR6-1;E8_FR6-4,WATER_NPY2;E7_FR7-1;E7_FR7-5,WATER_NPY1;WATER_NPY3;E8_FR6-3,1.20592171392,0.286719961983,False,False,biological animal
double_occurrence,Ocurrencia espacial de núcleos dobles c-FOS y NPY positivos / núcleos DAPI,1635,E9_FR8-1;E8_FR6-1;E8_FR6-4,WATER_NPY2;E7_FR7-1;E8_FR6-3,WATER_NPY1;WATER_NPY3;E7_FR7-5,1.18025775472,0.282340904311,False,False,biological animal
double_occurrence,Ocurrencia espacial de núcleos dobles c-FOS y NPY positivos / núcleos DAPI,1636,E9_FR8-1;E8_FR6-1;E8_FR6-4,WATER_NPY2;E7_FR7-5;E8_FR6-3,WATER_NPY1;WATER_NPY3;E7_FR7-1,1.18763350087,0.283604928804,False,False,biological animal
double_occurrence,Ocurrencia espacial de núcleos dobles c-FOS y NPY positivos / núcleos DAPI,1637,E9_FR8-1;E8_FR6-1;E8_FR6-4,WATER_NPY3;E7_FR7-1;E7_FR7-5,WATER_NPY1;WATER_NPY2;E8_FR6-3,1.72203721543,0.364680991883,False,False,biological animal
double_occurrence,Ocurrencia espacial de núcleos dobles c-FOS y NPY positivos / núcleos DAPI,1638,E9_FR8-1;E8_FR6-1;E8_FR6-4,WATER_NPY3;E7_FR7-1;E8_FR6-3,WATER_NPY1;WATER_NPY2;E7_FR7-5,1.37962627048,0.315010045441,False,False,biological animal
double_occurrence,Ocurrencia espacial de núcleos dobles c-FOS y NPY positivos / núcleos DAPI,1639,E9_FR8-1;E8_FR6-1;E8_FR6-4,WATER_NPY3;E7_FR7-5;E8_FR6-3,WATER_NPY1;WATER_NPY2;E7_FR7-1,1.33638520798,0.30817954215,False,False,biological animal
double_occurrence,Ocurrencia espacial de núcleos dobles c-FOS y NPY positivos / núcleos DAPI,1640,E9_FR8-1;E8_FR6-1;E8_FR6-4,E7_FR7-1;E7_FR7-5;E8_FR6-3,WATER_NPY1;WATER_NPY2;WATER_NPY3,2.18914480362,0.421870054983,False,False,biological animal
double_occurrence,Ocurrencia espacial de núcleos dobles c-FOS y NPY positivos / núcleos DAPI,1641,E9_FR8-1;E8_FR6-3;E8_FR6-4,WATER_NPY1;WATER_NPY2;WATER_NPY3,E7_FR7-1;E7_FR7-5;E8_FR6-1,2.02692119448,0.403213242473,False,False,biological animal
double_occurrence,Ocurrencia espacial de núcleos dobles c-FOS y NPY positivos / núcleos DAPI,1642,E9_FR8-1;E8_FR6-3;E8_FR6-4,WATER_NPY1;WATER_NPY2;E7_FR7-1,WATER_NPY3;E7_FR7-5;E8_FR6-1,1.14851096385,0.276848964329,False,False,biological animal
double_occurrence,Ocurrencia espacial de núcleos dobles c-FOS y NPY positivos / núcleos DAPI,1643,E9_FR8-1;E8_FR6-3;E8_FR6-4,WATER_NPY1;WATER_NPY2;E7_FR7-5,WATER_NPY3;E7_FR7-1;E8_FR6-1,1.18098389093,0.282465544412,False,False,biological animal
double_occurrence,Ocurrencia espacial de núcleos dobles c-FOS y NPY positivos / núcleos DAPI,1644,E9_FR8-1;E8_FR6-3;E8_FR6-4,WATER_NPY1;WATER_NPY2;E8_FR6-1,WATER_NPY3;E7_FR7-1;E7_FR7-5,1.38295504176,0.315530282328,False,False,biological animal
double_occurrence,Ocurrencia espacial de núcleos dobles c-FOS y NPY positivos / núcleos DAPI,1645,E9_FR8-1;E8_FR6-3;E8_FR6-4,WATER_NPY1;WATER_NPY3;E7_FR7-1,WATER_NPY2;E7_FR7-5;E8_FR6-1,0.97298366239,0.244899990805,False,False,biological animal
double_occurrence,Ocurrencia espacial de núcleos dobles c-FOS y NPY positivos / núcleos DAPI,1646,E9_FR8-1;E8_FR6-3;E8_FR6-4,WATER_NPY1;WATER_NPY3;E7_FR7-5,WATER_NPY2;E7_FR7-1;E8_FR6-1,0.959988503749,0.242422043104,False,False,biological animal
double_occurrence,Ocurrencia espacial de núcleos dobles c-FOS y NPY positivos / núcleos DAPI,1647,E9_FR8-1;E8_FR6-3;E8_FR6-4,WATER_NPY1;WATER_NPY3;E8_FR6-1,WATER_NPY2;E7_FR7-1;E7_FR7-5,0.973213193195,0.244943612606,False,False,biological animal
double_occurrence,Ocurrencia espacial de núcleos dobles c-FOS y NPY positivos / núcleos DAPI,1648,E9_FR8-1;E8_FR6-3;E8_FR6-4,WATER_NPY1;E7_FR7-1;E7_FR7-5,WATER_NPY2;WATER_NPY3;E8_FR6-1,0.81145012448,0.212898004166,False,False,biological animal
double_occurrence,Ocurrencia espacial de núcleos dobles c-FOS y NPY positivos / núcleos DAPI,1649,E9_FR8-1;E8_FR6-3;E8_FR6-4,WATER_NPY1;E7_FR7-1;E8_FR6-1,WATER_NPY2;WATER_NPY3;E7_FR7-5,1.84083244554,0.38027187808,False,False,biological animal
double_occurrence,Ocurrencia espacial de núcleos dobles c-FOS y NPY positivos / núcleos DAPI,1650,E9_FR8-1;E8_FR6-3;E8_FR6-4,WATER_NPY1;E7_FR7-5;E8_FR6-1,WATER_NPY2;WATER_NPY3;E7_FR7-1,2.14749420455,0.417192155875,False,False,biological animal
double_occurrence,Ocurrencia espacial de núcleos dobles c-FOS y NPY positivos / núcleos DAPI,1651,E9_FR8-1;E8_FR6-3;E8_FR6-4,WATER_NPY2;WATER_NPY3;E7_FR7-1,WATER_NPY1;E7_FR7-5;E8_FR6-1,2.14749420455,0.417192155875,False,False,biological animal
double_occurrence,Ocurrencia espacial de núcleos dobles c-FOS y NPY positivos / núcleos DAPI,1652,E9_FR8-1;E8_FR6-3;E8_FR6-4,WATER_NPY2;WATER_NPY3;E7_FR7-5,WATER_NPY1;E7_FR7-1;E8_FR6-1,1.84083244554,0.38027187808,False,False,biological animal
double_occurrence,Ocurrencia espacial de núcleos dobles c-FOS y NPY positivos / núcleos DAPI,1653,E9_FR8-1;E8_FR6-3;E8_FR6-4,WATER_NPY2;WATER_NPY3;E8_FR6-1,WATER_NPY1;E7_FR7-1;E7_FR7-5,0.81145012448,0.212898004166,False,False,biological animal
double_occurrence,Ocurrencia espacial de núcleos dobles c-FOS y NPY positivos / núcleos DAPI,1654,E9_FR8-1;E8_FR6-3;E8_FR6-4,WATER_NPY2;E7_FR7-1;E7_FR7-5,WATER_NPY1;WATER_NPY3;E8_FR6-1,0.973213193195,0.244943612606,False,False,biological animal
double_occurrence,Ocurrencia espacial de núcleos dobles c-FOS y NPY positivos / núcleos DAPI,1655,E9_FR8-1;E8_FR6-3;E8_FR6-4,WATER_NPY2;E7_FR7-1;E8_FR6-1,WATER_NPY1;WATER_NPY3;E7_FR7-5,0.959988503749,0.242422043104,False,False,biological animal
double_occurrence,Ocurrencia espacial de núcleos dobles c-FOS y NPY positivos / núcleos DAPI,1656,E9_FR8-1;E8_FR6-3;E8_FR6-4,WATER_NPY2;E7_FR7-5;E8_FR6-1,WATER_NPY1;WATER_NPY3;E7_FR7-1,0.97298366239,0.244899990805,False,False,biological animal
double_occurrence,Ocurrencia espacial de núcleos dobles c-FOS y NPY positivos / núcleos DAPI,1657,E9_FR8-1;E8_FR6-3;E8_FR6-4,WATER_NPY3;E7_FR7-1;E7_FR7-5,WATER_NPY1;WATER_NPY2;E8_FR6-1,1.38295504176,0.315530282328,False,False,biological animal
double_occurrence,Ocurrencia espacial de núcleos dobles c-FOS y NPY positivos / núcleos DAPI,1658,E9_FR8-1;E8_FR6-3;E8_FR6-4,WATER_NPY3;E7_FR7-1;E8_FR6-1,WATER_NPY1;WATER_NPY2;E7_FR7-5,1.18098389093,0.282465544412,False,False,biological animal
double_occurrence,Ocurrencia espacial de núcleos dobles c-FOS y NPY positivos / núcleos DAPI,1659,E9_FR8-1;E8_FR6-3;E8_FR6-4,WATER_NPY3;E7_FR7-5;E8_FR6-1,WATER_NPY1;WATER_NPY2;E7_FR7-1,1.14851096385,0.276848964329,False,False,biological animal
double_occurrence,Ocurrencia espacial de núcleos dobles c-FOS y NPY positivos / núcleos DAPI,1660,E9_FR8-1;E8_FR6-3;E8_FR6-4,E7_FR7-1;E7_FR7-5;E8_FR6-1,WATER_NPY1;WATER_NPY2;WATER_NPY3,2.02692119448,0.403213242473,False,False,biological animal
double_occurrence,Ocurrencia espacial de núcleos dobles c-FOS y NPY positivos / núcleos DAPI,1661,E8_FR6-1;E8_FR6-3;E8_FR6-4,WATER_NPY1;WATER_NPY2;WATER_NPY3,E7_FR7-1;E7_FR7-5;E9_FR8-1,12.5706139381,0.807329369804,False,True,biological animal
double_occurrence,Ocurrencia espacial de núcleos dobles c-FOS y NPY positivos / núcleos DAPI,1662,E8_FR6-1;E8_FR6-3;E8_FR6-4,WATER_NPY1;WATER_NPY2;E7_FR7-1,WATER_NPY3;E7_FR7-5;E9_FR8-1,11.1625499103,0.788173738556,False,False,biological animal
double_occurrence,Ocurrencia espacial de núcleos dobles c-FOS y NPY positivos / núcleos DAPI,1663,E8_FR6-1;E8_FR6-3;E8_FR6-4,WATER_NPY1;WATER_NPY2;E7_FR7-5,WATER_NPY3;E7_FR7-1;E9_FR8-1,13.072845213,0.813349785913,False,True,biological animal
double_occurrence,Ocurrencia espacial de núcleos dobles c-FOS y NPY positivos / núcleos DAPI,1664,E8_FR6-1;E8_FR6-3;E8_FR6-4,WATER_NPY1;WATER_NPY2;E9_FR8-1,WATER_NPY3;E7_FR7-1;E7_FR7-5,10.296531162,0.774377244452,False,False,biological animal
double_occurrence,Ocurrencia espacial de núcleos dobles c-FOS y NPY positivos / núcleos DAPI,1665,E8_FR6-1;E8_FR6-3;E8_FR6-4,WATER_NPY1;WATER_NPY3;E7_FR7-1,WATER_NPY2;E7_FR7-5;E9_FR8-1,8.15277835871,0.731008731322,False,False,biological animal
double_occurrence,Ocurrencia espacial de núcleos dobles c-FOS y NPY positivos / núcleos DAPI,1666,E8_FR6-1;E8_FR6-3;E8_FR6-4,WATER_NPY1;WATER_NPY3;E7_FR7-5,WATER_NPY2;E7_FR7-1;E9_FR8-1,8.90902698545,0.748090250894,False,False,biological animal
double_occurrence,Ocurrencia espacial de núcleos dobles c-FOS y NPY positivos / núcleos DAPI,1667,E8_FR6-1;E8_FR6-3;E8_FR6-4,WATER_NPY1;WATER_NPY3;E9_FR8-1,WATER_NPY2;E7_FR7-1;E7_FR7-5,8.07038065665,0.729006608441,False,False,biological animal
double_occurrence,Ocurrencia espacial de núcleos dobles c-FOS y NPY positivos / núcleos DAPI,1668,E8_FR6-1;E8_FR6-3;E8_FR6-4,WATER_NPY1;E7_FR7-1;E7_FR7-5,WATER_NPY2;WATER_NPY3;E9_FR8-1,14.2190992656,0.825774858851,False,True,biological animal
double_occurrence,Ocurrencia espacial de núcleos dobles c-FOS y NPY positivos / núcleos DAPI,1669,E8_FR6-1;E8_FR6-3;E8_FR6-4,WATER_NPY1;E7_FR7-1;E9_FR8-1,WATER_NPY2;WATER_NPY3;E7_FR7-5,9.35209534229,0.757126227019,False,False,biological animal
double_occurrence,Ocurrencia espacial de núcleos dobles c-FOS y NPY positivos / núcleos DAPI,1670,E8_FR6-1;E8_FR6-3;E8_FR6-4,WATER_NPY1;E7_FR7-5;E9_FR8-1,WATER_NPY2;WATER_NPY3;E7_FR7-1,10.3030047021,0.77448703754,False,False,biological animal
double_occurrence,Ocurrencia espacial de núcleos dobles c-FOS y NPY positivos / núcleos DAPI,1671,E8_FR6-1;E8_FR6-3;E8_FR6-4,WATER_NPY2;WATER_NPY3;E7_FR7-1,WATER_NPY1;E7_FR7-5;E9_FR8-1,10.3030047021,0.77448703754,False,False,biological animal
double_occurrence,Ocurrencia espacial de núcleos dobles c-FOS y NPY positivos / núcleos DAPI,1672,E8_FR6-1;E8_FR6-3;E8_FR6-4,WATER_NPY2;WATER_NPY3;E7_FR7-5,WATER_NPY1;E7_FR7-1;E9_FR8-1,9.35209534229,0.757126227019,False,False,biological animal
double_occurrence,Ocurrencia espacial de núcleos dobles c-FOS y NPY positivos / núcleos DAPI,1673,E8_FR6-1;E8_FR6-3;E8_FR6-4,WATER_NPY2;WATER_NPY3;E9_FR8-1,WATER_NPY1;E7_FR7-1;E7_FR7-5,14.2190992656,0.825774858851,False,True,biological animal
double_occurrence,Ocurrencia espacial de núcleos dobles c-FOS y NPY positivos / núcleos DAPI,1674,E8_FR6-1;E8_FR6-3;E8_FR6-4,WATER_NPY2;E7_FR7-1;E7_FR7-5,WATER_NPY1;WATER_NPY3;E9_FR8-1,8.07038065665,0.729006608441,False,False,biological animal
double_occurrence,Ocurrencia espacial de núcleos dobles c-FOS y NPY positivos / núcleos DAPI,1675,E8_FR6-1;E8_FR6-3;E8_FR6-4,WATER_NPY2;E7_FR7-1;E9_FR8-1,WATER_NPY1;WATER_NPY3;E7_FR7-5,8.90902698545,0.748090250894,False,False,biological animal
double_occurrence,Ocurrencia espacial de núcleos dobles c-FOS y NPY positivos / núcleos DAPI,1676,E8_FR6-1;E8_FR6-3;E8_FR6-4,WATER_NPY2;E7_FR7-5;E9_FR8-1,WATER_NPY1;WATER_NPY3;E7_FR7-1,8.15277835871,0.731008731322,False,False,biological animal
double_occurrence,Ocurrencia espacial de núcleos dobles c-FOS y NPY positivos / núcleos DAPI,1677,E8_FR6-1;E8_FR6-3;E8_FR6-4,WATER_NPY3;E7_FR7-1;E7_FR7-5,WATER_NPY1;WATER_NPY2;E9_FR8-1,10.296531162,0.774377244452,False,False,biological animal
double_occurrence,Ocurrencia espacial de núcleos dobles c-FOS y NPY positivos / núcleos DAPI,1678,E8_FR6-1;E8_FR6-3;E8_FR6-4,WATER_NPY3;E7_FR7-1;E9_FR8-1,WATER_NPY1;WATER_NPY2;E7_FR7-5,13.072845213,0.813349785913,False,True,biological animal
double_occurrence,Ocurrencia espacial de núcleos dobles c-FOS y NPY positivos / núcleos DAPI,1679,E8_FR6-1;E8_FR6-3;E8_FR6-4,WATER_NPY3;E7_FR7-5;E9_FR8-1,WATER_NPY1;WATER_NPY2;E7_FR7-1,11.1625499103,0.788173738556,False,False,biological animal
double_occurrence,Ocurrencia espacial de núcleos dobles c-FOS y NPY positivos / núcleos DAPI,1680,E8_FR6-1;E8_FR6-3;E8_FR6-4,E7_FR7-1;E7_FR7-5;E9_FR8-1,WATER_NPY1;WATER_NPY2;WATER_NPY3,12.5706139381,0.807329369804,False,True,biological animal
